Reading pref.tcl

# 2025.1_2

# vsim -postsimdataflow -debugdb -c -voptargs=""+acc"" tb -do "modelsim_framework.do" -gOUTPUT_TRACE=ms.trace 
# Start time: 16:27:32 on Dec 09,2025
# ** Note: (vsim-8009) Loading existing optimized design _opt
# //  Questa Sim-64
# //  Version 2025.1_2 linux_x86_64 Apr  7 2025
# //
# // Unpublished work. Copyright 2025 Siemens
# //
# // This material contains trade secrets or otherwise confidential information
# // owned by Siemens Industry Software Inc. or its affiliates (collectively,
# // "SISW"), or its licensors. Access to and use of this information is strictly
# // limited as set forth in the Customer's applicable agreements with SISW.
# //
# // This material may not be copied, distributed, or otherwise disclosed outside
# // of the Customer's facilities without the express written permission of SISW,
# // and may not be used in any way not expressly authorized by SISW.
# //
# Loading std.standard
# Loading std.textio(body)
# Loading ieee.std_logic_1164(body)
# Loading ieee.std_logic_textio(body)
# Loading std.env(body)
# Loading work.tb(mixed)#1
# Loading ieee.numeric_std(body)
# Loading work.riscv_types(body)
# Loading work.riscv_processor(structure)#1
# Loading work.mem(rtl)#1
# Loading work.fetch(structural)#1
# Loading work.adder_n(rtl)#1
# Loading work.mux2t1_n(rtl)#1
# Loading work.ifid_reg(behavioral)#1
# Loading work.control(dataflow)#1
# Loading work.regfile(rtl)#1
# Loading work.decoder5t32(dataflow)#1
# Loading work.reg_n(structural)#1
# Loading work.dffg(mixed)#1
# Loading work.mux32_1(rtl)#1
# Loading work.immgen(dataflow)#1
# Loading work.idex_reg(behavioral)#1
# Loading work.alu_control(dataflow)#1
# Loading work.forwarding_unit(behavioral)#1
# Loading work.mux3t1_n(dataflow)#1
# Loading work.alu(structural)#1
# Loading work.barrelshifter(dataflow)#1
# Loading work.exmem_reg(behavioral)#1
# Loading work.memwb_reg(behavioral)#1
# Loading work.hazard_detection(behavioral)#1
# ** Note: (vsim-8716) Reusing existing debug database vsim.dbg.
# do modelsim_framework.do
# ** Warning: NUMERIC_STD."<": metavalue detected, returning FALSE
#    Time: 0 ns  Iteration: 0  Instance: /tb/MyRiscv
# ** Warning: NUMERIC_STD."<": metavalue detected, returning FALSE
#    Time: 0 ns  Iteration: 0  Instance: /tb/MyRiscv
# ** Warning: NUMERIC_STD.TO_INTEGER: metavalue detected, returning 0
#    Time: 0 ns  Iteration: 0  Instance: /tb/MyRiscv/u_regfile/MUXB
# ** Warning: NUMERIC_STD.TO_INTEGER: metavalue detected, returning 0
#    Time: 0 ns  Iteration: 0  Instance: /tb/MyRiscv/u_regfile/MUXA
# ** Warning: NUMERIC_STD.TO_INTEGER: metavalue detected, returning 0
#    Time: 0 ns  Iteration: 0  Instance: /tb/MyRiscv/DMem
# ** Warning: NUMERIC_STD.TO_INTEGER: metavalue detected, returning 0
#    Time: 0 ns  Iteration: 0  Instance: /tb/MyRiscv/IMem
# ** Warning: NUMERIC_STD.TO_INTEGER: metavalue detected, returning 0
#    Time: 0 ns  Iteration: 1  Instance: /tb/MyRiscv/DMem
# ** Warning: NUMERIC_STD.TO_INTEGER: metavalue detected, returning 0
#    Time: 0 ns  Iteration: 1  Instance: /tb/MyRiscv/u_alu_inst/u_shifter
# ** Warning: NUMERIC_STD.TO_INTEGER: metavalue detected, returning 0
#    Time: 0 ns  Iteration: 1  Instance: /tb/MyRiscv/u_regfile/MUXA
# ** Warning: NUMERIC_STD.TO_INTEGER: metavalue detected, returning 0
#    Time: 0 ns  Iteration: 1  Instance: /tb/MyRiscv/u_regfile/MUXB
# ** Warning: NUMERIC_STD."<": metavalue detected, returning FALSE
#    Time: 0 ns  Iteration: 1  Instance: /tb/MyRiscv
# ** Warning: NUMERIC_STD."<": metavalue detected, returning FALSE
#    Time: 0 ns  Iteration: 1  Instance: /tb/MyRiscv
# ** Warning: NUMERIC_STD.TO_INTEGER: metavalue detected, returning 0
#    Time: 300 ns  Iteration: 2  Instance: /tb/MyRiscv/u_regfile/MUXB
# ** Warning: NUMERIC_STD.TO_INTEGER: metavalue detected, returning 0
#    Time: 300 ns  Iteration: 2  Instance: /tb/MyRiscv/u_regfile/MUXA
# ** Warning: NUMERIC_STD.TO_INTEGER: metavalue detected, returning 0
#    Time: 300 ns  Iteration: 5  Instance: /tb/MyRiscv/u_regfile/MUXA
# ** Warning: NUMERIC_STD.TO_INTEGER: metavalue detected, returning 0
#    Time: 300 ns  Iteration: 5  Instance: /tb/MyRiscv/u_regfile/MUXB
# ** Warning: NUMERIC_STD.TO_INTEGER: metavalue detected, returning 0
#    Time: 20760 ns  Iteration: 2  Instance: /tb/MyRiscv/u_regfile/MUXB
# ** Warning: NUMERIC_STD.TO_INTEGER: metavalue detected, returning 0
#    Time: 20760 ns  Iteration: 2  Instance: /tb/MyRiscv/u_regfile/MUXA
# ** Warning: NUMERIC_STD.TO_INTEGER: metavalue detected, returning 0
#    Time: 41220 ns  Iteration: 2  Instance: /tb/MyRiscv/u_regfile/MUXB
# ** Warning: NUMERIC_STD.TO_INTEGER: metavalue detected, returning 0
#    Time: 41220 ns  Iteration: 2  Instance: /tb/MyRiscv/u_regfile/MUXA
# ** Warning: NUMERIC_STD.TO_INTEGER: metavalue detected, returning 0
#    Time: 61680 ns  Iteration: 2  Instance: /tb/MyRiscv/u_regfile/MUXB
# ** Warning: NUMERIC_STD.TO_INTEGER: metavalue detected, returning 0
#    Time: 61680 ns  Iteration: 2  Instance: /tb/MyRiscv/u_regfile/MUXA
# ** Warning: NUMERIC_STD.TO_INTEGER: metavalue detected, returning 0
#    Time: 82140 ns  Iteration: 2  Instance: /tb/MyRiscv/u_regfile/MUXB
# ** Warning: NUMERIC_STD.TO_INTEGER: metavalue detected, returning 0
#    Time: 82140 ns  Iteration: 2  Instance: /tb/MyRiscv/u_regfile/MUXA
# ** Warning: NUMERIC_STD.TO_INTEGER: metavalue detected, returning 0
#    Time: 102600 ns  Iteration: 2  Instance: /tb/MyRiscv/u_regfile/MUXB
# ** Warning: NUMERIC_STD.TO_INTEGER: metavalue detected, returning 0
#    Time: 102600 ns  Iteration: 2  Instance: /tb/MyRiscv/u_regfile/MUXA
# ** Warning: NUMERIC_STD.TO_INTEGER: metavalue detected, returning 0
#    Time: 123060 ns  Iteration: 2  Instance: /tb/MyRiscv/u_regfile/MUXB
# ** Warning: NUMERIC_STD.TO_INTEGER: metavalue detected, returning 0
#    Time: 123060 ns  Iteration: 2  Instance: /tb/MyRiscv/u_regfile/MUXA
# ** Warning: NUMERIC_STD.TO_INTEGER: metavalue detected, returning 0
#    Time: 143520 ns  Iteration: 2  Instance: /tb/MyRiscv/u_regfile/MUXB
# ** Warning: NUMERIC_STD.TO_INTEGER: metavalue detected, returning 0
#    Time: 143520 ns  Iteration: 2  Instance: /tb/MyRiscv/u_regfile/MUXA
# ** Warning: NUMERIC_STD.TO_INTEGER: metavalue detected, returning 0
#    Time: 163980 ns  Iteration: 2  Instance: /tb/MyRiscv/u_regfile/MUXB
# ** Warning: NUMERIC_STD.TO_INTEGER: metavalue detected, returning 0
#    Time: 163980 ns  Iteration: 2  Instance: /tb/MyRiscv/u_regfile/MUXA
# ** Warning: NUMERIC_STD.TO_INTEGER: metavalue detected, returning 0
#    Time: 184440 ns  Iteration: 2  Instance: /tb/MyRiscv/u_regfile/MUXB
# ** Warning: NUMERIC_STD.TO_INTEGER: metavalue detected, returning 0
#    Time: 184440 ns  Iteration: 2  Instance: /tb/MyRiscv/u_regfile/MUXA
# ** Warning: NUMERIC_STD.TO_INTEGER: metavalue detected, returning 0
#    Time: 204900 ns  Iteration: 2  Instance: /tb/MyRiscv/u_regfile/MUXB
# ** Warning: NUMERIC_STD.TO_INTEGER: metavalue detected, returning 0
#    Time: 204900 ns  Iteration: 2  Instance: /tb/MyRiscv/u_regfile/MUXA
# ** Warning: NUMERIC_STD.TO_INTEGER: metavalue detected, returning 0
#    Time: 225360 ns  Iteration: 2  Instance: /tb/MyRiscv/u_regfile/MUXB
# ** Warning: NUMERIC_STD.TO_INTEGER: metavalue detected, returning 0
#    Time: 225360 ns  Iteration: 2  Instance: /tb/MyRiscv/u_regfile/MUXA
# ** Warning: NUMERIC_STD.TO_INTEGER: metavalue detected, returning 0
#    Time: 245820 ns  Iteration: 2  Instance: /tb/MyRiscv/u_regfile/MUXB
# ** Warning: NUMERIC_STD.TO_INTEGER: metavalue detected, returning 0
#    Time: 245820 ns  Iteration: 2  Instance: /tb/MyRiscv/u_regfile/MUXA
# ** Warning: NUMERIC_STD.TO_INTEGER: metavalue detected, returning 0
#    Time: 266280 ns  Iteration: 2  Instance: /tb/MyRiscv/u_regfile/MUXB
# ** Warning: NUMERIC_STD.TO_INTEGER: metavalue detected, returning 0
#    Time: 266280 ns  Iteration: 2  Instance: /tb/MyRiscv/u_regfile/MUXA
# ** Warning: NUMERIC_STD.TO_INTEGER: metavalue detected, returning 0
#    Time: 286740 ns  Iteration: 2  Instance: /tb/MyRiscv/u_regfile/MUXB
# ** Warning: NUMERIC_STD.TO_INTEGER: metavalue detected, returning 0
#    Time: 286740 ns  Iteration: 2  Instance: /tb/MyRiscv/u_regfile/MUXA
# ** Warning: NUMERIC_STD.TO_INTEGER: metavalue detected, returning 0
#    Time: 307200 ns  Iteration: 2  Instance: /tb/MyRiscv/u_regfile/MUXB
# ** Warning: NUMERIC_STD.TO_INTEGER: metavalue detected, returning 0
#    Time: 307200 ns  Iteration: 2  Instance: /tb/MyRiscv/u_regfile/MUXA
# ** Warning: NUMERIC_STD.TO_INTEGER: metavalue detected, returning 0
#    Time: 327660 ns  Iteration: 2  Instance: /tb/MyRiscv/u_regfile/MUXB
# ** Warning: NUMERIC_STD.TO_INTEGER: metavalue detected, returning 0
#    Time: 327660 ns  Iteration: 2  Instance: /tb/MyRiscv/u_regfile/MUXA
# ** Warning: NUMERIC_STD.TO_INTEGER: metavalue detected, returning 0
#    Time: 348120 ns  Iteration: 2  Instance: /tb/MyRiscv/u_regfile/MUXB
# ** Warning: NUMERIC_STD.TO_INTEGER: metavalue detected, returning 0
#    Time: 348120 ns  Iteration: 2  Instance: /tb/MyRiscv/u_regfile/MUXA
# ** Warning: NUMERIC_STD.TO_INTEGER: metavalue detected, returning 0
#    Time: 368580 ns  Iteration: 2  Instance: /tb/MyRiscv/u_regfile/MUXB
# ** Warning: NUMERIC_STD.TO_INTEGER: metavalue detected, returning 0
#    Time: 368580 ns  Iteration: 2  Instance: /tb/MyRiscv/u_regfile/MUXA
# ** Warning: NUMERIC_STD.TO_INTEGER: metavalue detected, returning 0
#    Time: 389040 ns  Iteration: 2  Instance: /tb/MyRiscv/u_regfile/MUXB
# ** Warning: NUMERIC_STD.TO_INTEGER: metavalue detected, returning 0
#    Time: 389040 ns  Iteration: 2  Instance: /tb/MyRiscv/u_regfile/MUXA
# ** Warning: NUMERIC_STD.TO_INTEGER: metavalue detected, returning 0
#    Time: 409500 ns  Iteration: 2  Instance: /tb/MyRiscv/u_regfile/MUXB
# ** Warning: NUMERIC_STD.TO_INTEGER: metavalue detected, returning 0
#    Time: 409500 ns  Iteration: 2  Instance: /tb/MyRiscv/u_regfile/MUXA
# ** Warning: NUMERIC_STD.TO_INTEGER: metavalue detected, returning 0
#    Time: 429960 ns  Iteration: 2  Instance: /tb/MyRiscv/u_regfile/MUXB
# ** Warning: NUMERIC_STD.TO_INTEGER: metavalue detected, returning 0
#    Time: 429960 ns  Iteration: 2  Instance: /tb/MyRiscv/u_regfile/MUXA
# ** Warning: NUMERIC_STD.TO_INTEGER: metavalue detected, returning 0
#    Time: 450420 ns  Iteration: 2  Instance: /tb/MyRiscv/u_regfile/MUXB
# ** Warning: NUMERIC_STD.TO_INTEGER: metavalue detected, returning 0
#    Time: 450420 ns  Iteration: 2  Instance: /tb/MyRiscv/u_regfile/MUXA
# ** Warning: NUMERIC_STD.TO_INTEGER: metavalue detected, returning 0
#    Time: 470880 ns  Iteration: 2  Instance: /tb/MyRiscv/u_regfile/MUXB
# ** Warning: NUMERIC_STD.TO_INTEGER: metavalue detected, returning 0
#    Time: 470880 ns  Iteration: 2  Instance: /tb/MyRiscv/u_regfile/MUXA
# ** Warning: NUMERIC_STD.TO_INTEGER: metavalue detected, returning 0
#    Time: 491340 ns  Iteration: 2  Instance: /tb/MyRiscv/u_regfile/MUXB
# ** Warning: NUMERIC_STD.TO_INTEGER: metavalue detected, returning 0
#    Time: 491340 ns  Iteration: 2  Instance: /tb/MyRiscv/u_regfile/MUXA
# ** Warning: NUMERIC_STD.TO_INTEGER: metavalue detected, returning 0
#    Time: 511800 ns  Iteration: 2  Instance: /tb/MyRiscv/u_regfile/MUXB
# ** Warning: NUMERIC_STD.TO_INTEGER: metavalue detected, returning 0
#    Time: 511800 ns  Iteration: 2  Instance: /tb/MyRiscv/u_regfile/MUXA
# ** Warning: NUMERIC_STD.TO_INTEGER: metavalue detected, returning 0
#    Time: 532260 ns  Iteration: 2  Instance: /tb/MyRiscv/u_regfile/MUXB
# ** Warning: NUMERIC_STD.TO_INTEGER: metavalue detected, returning 0
#    Time: 532260 ns  Iteration: 2  Instance: /tb/MyRiscv/u_regfile/MUXA
# ** Warning: NUMERIC_STD.TO_INTEGER: metavalue detected, returning 0
#    Time: 552720 ns  Iteration: 2  Instance: /tb/MyRiscv/u_regfile/MUXB
# ** Warning: NUMERIC_STD.TO_INTEGER: metavalue detected, returning 0
#    Time: 552720 ns  Iteration: 2  Instance: /tb/MyRiscv/u_regfile/MUXA
# ** Warning: NUMERIC_STD.TO_INTEGER: metavalue detected, returning 0
#    Time: 573180 ns  Iteration: 2  Instance: /tb/MyRiscv/u_regfile/MUXB
# ** Warning: NUMERIC_STD.TO_INTEGER: metavalue detected, returning 0
#    Time: 573180 ns  Iteration: 2  Instance: /tb/MyRiscv/u_regfile/MUXA
# ** Warning: NUMERIC_STD.TO_INTEGER: metavalue detected, returning 0
#    Time: 593640 ns  Iteration: 2  Instance: /tb/MyRiscv/u_regfile/MUXB
# ** Warning: NUMERIC_STD.TO_INTEGER: metavalue detected, returning 0
#    Time: 593640 ns  Iteration: 2  Instance: /tb/MyRiscv/u_regfile/MUXA
# ** Warning: NUMERIC_STD.TO_INTEGER: metavalue detected, returning 0
#    Time: 614100 ns  Iteration: 2  Instance: /tb/MyRiscv/u_regfile/MUXB
# ** Warning: NUMERIC_STD.TO_INTEGER: metavalue detected, returning 0
#    Time: 614100 ns  Iteration: 2  Instance: /tb/MyRiscv/u_regfile/MUXA
# ** Warning: NUMERIC_STD.TO_INTEGER: metavalue detected, returning 0
#    Time: 634560 ns  Iteration: 2  Instance: /tb/MyRiscv/u_regfile/MUXB
# ** Warning: NUMERIC_STD.TO_INTEGER: metavalue detected, returning 0
#    Time: 634560 ns  Iteration: 2  Instance: /tb/MyRiscv/u_regfile/MUXA
# ** Warning: NUMERIC_STD.TO_INTEGER: metavalue detected, returning 0
#    Time: 655020 ns  Iteration: 2  Instance: /tb/MyRiscv/u_regfile/MUXB
# ** Warning: NUMERIC_STD.TO_INTEGER: metavalue detected, returning 0
#    Time: 655020 ns  Iteration: 2  Instance: /tb/MyRiscv/u_regfile/MUXA
# ** Warning: NUMERIC_STD.TO_INTEGER: metavalue detected, returning 0
#    Time: 675480 ns  Iteration: 2  Instance: /tb/MyRiscv/u_regfile/MUXB
# ** Warning: NUMERIC_STD.TO_INTEGER: metavalue detected, returning 0
#    Time: 675480 ns  Iteration: 2  Instance: /tb/MyRiscv/u_regfile/MUXA
# ** Warning: NUMERIC_STD.TO_INTEGER: metavalue detected, returning 0
#    Time: 695940 ns  Iteration: 2  Instance: /tb/MyRiscv/u_regfile/MUXB
# ** Warning: NUMERIC_STD.TO_INTEGER: metavalue detected, returning 0
#    Time: 695940 ns  Iteration: 2  Instance: /tb/MyRiscv/u_regfile/MUXA
# ** Warning: NUMERIC_STD.TO_INTEGER: metavalue detected, returning 0
#    Time: 716400 ns  Iteration: 2  Instance: /tb/MyRiscv/u_regfile/MUXB
# ** Warning: NUMERIC_STD.TO_INTEGER: metavalue detected, returning 0
#    Time: 716400 ns  Iteration: 2  Instance: /tb/MyRiscv/u_regfile/MUXA
# ** Warning: NUMERIC_STD.TO_INTEGER: metavalue detected, returning 0
#    Time: 736860 ns  Iteration: 2  Instance: /tb/MyRiscv/u_regfile/MUXB
# ** Warning: NUMERIC_STD.TO_INTEGER: metavalue detected, returning 0
#    Time: 736860 ns  Iteration: 2  Instance: /tb/MyRiscv/u_regfile/MUXA
# ** Warning: NUMERIC_STD.TO_INTEGER: metavalue detected, returning 0
#    Time: 757320 ns  Iteration: 2  Instance: /tb/MyRiscv/u_regfile/MUXB
# ** Warning: NUMERIC_STD.TO_INTEGER: metavalue detected, returning 0
#    Time: 757320 ns  Iteration: 2  Instance: /tb/MyRiscv/u_regfile/MUXA
# ** Warning: NUMERIC_STD.TO_INTEGER: metavalue detected, returning 0
#    Time: 777780 ns  Iteration: 2  Instance: /tb/MyRiscv/u_regfile/MUXB
# ** Warning: NUMERIC_STD.TO_INTEGER: metavalue detected, returning 0
#    Time: 777780 ns  Iteration: 2  Instance: /tb/MyRiscv/u_regfile/MUXA
# ** Warning: NUMERIC_STD.TO_INTEGER: metavalue detected, returning 0
#    Time: 798240 ns  Iteration: 2  Instance: /tb/MyRiscv/u_regfile/MUXB
# ** Warning: NUMERIC_STD.TO_INTEGER: metavalue detected, returning 0
#    Time: 798240 ns  Iteration: 2  Instance: /tb/MyRiscv/u_regfile/MUXA
# ** Warning: NUMERIC_STD.TO_INTEGER: metavalue detected, returning 0
#    Time: 818700 ns  Iteration: 2  Instance: /tb/MyRiscv/u_regfile/MUXB
# ** Warning: NUMERIC_STD.TO_INTEGER: metavalue detected, returning 0
#    Time: 818700 ns  Iteration: 2  Instance: /tb/MyRiscv/u_regfile/MUXA
# ** Warning: NUMERIC_STD.TO_INTEGER: metavalue detected, returning 0
#    Time: 839160 ns  Iteration: 2  Instance: /tb/MyRiscv/u_regfile/MUXB
# ** Warning: NUMERIC_STD.TO_INTEGER: metavalue detected, returning 0
#    Time: 839160 ns  Iteration: 2  Instance: /tb/MyRiscv/u_regfile/MUXA
# ** Warning: NUMERIC_STD.TO_INTEGER: metavalue detected, returning 0
#    Time: 859620 ns  Iteration: 2  Instance: /tb/MyRiscv/u_regfile/MUXB
# ** Warning: NUMERIC_STD.TO_INTEGER: metavalue detected, returning 0
#    Time: 859620 ns  Iteration: 2  Instance: /tb/MyRiscv/u_regfile/MUXA
# ** Warning: NUMERIC_STD.TO_INTEGER: metavalue detected, returning 0
#    Time: 880080 ns  Iteration: 2  Instance: /tb/MyRiscv/u_regfile/MUXB
# ** Warning: NUMERIC_STD.TO_INTEGER: metavalue detected, returning 0
#    Time: 880080 ns  Iteration: 2  Instance: /tb/MyRiscv/u_regfile/MUXA
# ** Warning: NUMERIC_STD.TO_INTEGER: metavalue detected, returning 0
#    Time: 900540 ns  Iteration: 2  Instance: /tb/MyRiscv/u_regfile/MUXB
# ** Warning: NUMERIC_STD.TO_INTEGER: metavalue detected, returning 0
#    Time: 900540 ns  Iteration: 2  Instance: /tb/MyRiscv/u_regfile/MUXA
# ** Warning: NUMERIC_STD.TO_INTEGER: metavalue detected, returning 0
#    Time: 921 us  Iteration: 2  Instance: /tb/MyRiscv/u_regfile/MUXB
# ** Warning: NUMERIC_STD.TO_INTEGER: metavalue detected, returning 0
#    Time: 921 us  Iteration: 2  Instance: /tb/MyRiscv/u_regfile/MUXA
# ** Warning: NUMERIC_STD.TO_INTEGER: metavalue detected, returning 0
#    Time: 941460 ns  Iteration: 2  Instance: /tb/MyRiscv/u_regfile/MUXB
# ** Warning: NUMERIC_STD.TO_INTEGER: metavalue detected, returning 0
#    Time: 941460 ns  Iteration: 2  Instance: /tb/MyRiscv/u_regfile/MUXA
# ** Warning: NUMERIC_STD.TO_INTEGER: metavalue detected, returning 0
#    Time: 961920 ns  Iteration: 2  Instance: /tb/MyRiscv/u_regfile/MUXB
# ** Warning: NUMERIC_STD.TO_INTEGER: metavalue detected, returning 0
#    Time: 961920 ns  Iteration: 2  Instance: /tb/MyRiscv/u_regfile/MUXA
# ** Warning: NUMERIC_STD.TO_INTEGER: metavalue detected, returning 0
#    Time: 982380 ns  Iteration: 2  Instance: /tb/MyRiscv/u_regfile/MUXB
# ** Warning: NUMERIC_STD.TO_INTEGER: metavalue detected, returning 0
#    Time: 982380 ns  Iteration: 2  Instance: /tb/MyRiscv/u_regfile/MUXA
# ** Warning: NUMERIC_STD.TO_INTEGER: metavalue detected, returning 0
#    Time: 1002840 ns  Iteration: 2  Instance: /tb/MyRiscv/u_regfile/MUXB
# ** Warning: NUMERIC_STD.TO_INTEGER: metavalue detected, returning 0
#    Time: 1002840 ns  Iteration: 2  Instance: /tb/MyRiscv/u_regfile/MUXA
# ** Warning: NUMERIC_STD.TO_INTEGER: metavalue detected, returning 0
#    Time: 1023300 ns  Iteration: 2  Instance: /tb/MyRiscv/u_regfile/MUXB
# ** Warning: NUMERIC_STD.TO_INTEGER: metavalue detected, returning 0
#    Time: 1023300 ns  Iteration: 2  Instance: /tb/MyRiscv/u_regfile/MUXA
# ** Warning: NUMERIC_STD.TO_INTEGER: metavalue detected, returning 0
#    Time: 1043760 ns  Iteration: 2  Instance: /tb/MyRiscv/u_regfile/MUXB
# ** Warning: NUMERIC_STD.TO_INTEGER: metavalue detected, returning 0
#    Time: 1043760 ns  Iteration: 2  Instance: /tb/MyRiscv/u_regfile/MUXA
# ** Warning: NUMERIC_STD.TO_INTEGER: metavalue detected, returning 0
#    Time: 1064220 ns  Iteration: 2  Instance: /tb/MyRiscv/u_regfile/MUXB
# ** Warning: NUMERIC_STD.TO_INTEGER: metavalue detected, returning 0
#    Time: 1064220 ns  Iteration: 2  Instance: /tb/MyRiscv/u_regfile/MUXA
# ** Warning: NUMERIC_STD.TO_INTEGER: metavalue detected, returning 0
#    Time: 1084680 ns  Iteration: 2  Instance: /tb/MyRiscv/u_regfile/MUXB
# ** Warning: NUMERIC_STD.TO_INTEGER: metavalue detected, returning 0
#    Time: 1084680 ns  Iteration: 2  Instance: /tb/MyRiscv/u_regfile/MUXA
# ** Warning: NUMERIC_STD.TO_INTEGER: metavalue detected, returning 0
#    Time: 1105140 ns  Iteration: 2  Instance: /tb/MyRiscv/u_regfile/MUXB
# ** Warning: NUMERIC_STD.TO_INTEGER: metavalue detected, returning 0
#    Time: 1105140 ns  Iteration: 2  Instance: /tb/MyRiscv/u_regfile/MUXA
# ** Warning: NUMERIC_STD.TO_INTEGER: metavalue detected, returning 0
#    Time: 1125600 ns  Iteration: 2  Instance: /tb/MyRiscv/u_regfile/MUXB
# ** Warning: NUMERIC_STD.TO_INTEGER: metavalue detected, returning 0
#    Time: 1125600 ns  Iteration: 2  Instance: /tb/MyRiscv/u_regfile/MUXA
# ** Warning: NUMERIC_STD.TO_INTEGER: metavalue detected, returning 0
#    Time: 1146060 ns  Iteration: 2  Instance: /tb/MyRiscv/u_regfile/MUXB
# ** Warning: NUMERIC_STD.TO_INTEGER: metavalue detected, returning 0
#    Time: 1146060 ns  Iteration: 2  Instance: /tb/MyRiscv/u_regfile/MUXA
# ** Warning: NUMERIC_STD.TO_INTEGER: metavalue detected, returning 0
#    Time: 1166520 ns  Iteration: 2  Instance: /tb/MyRiscv/u_regfile/MUXB
# ** Warning: NUMERIC_STD.TO_INTEGER: metavalue detected, returning 0
#    Time: 1166520 ns  Iteration: 2  Instance: /tb/MyRiscv/u_regfile/MUXA
# ** Warning: NUMERIC_STD.TO_INTEGER: metavalue detected, returning 0
#    Time: 1186980 ns  Iteration: 2  Instance: /tb/MyRiscv/u_regfile/MUXB
# ** Warning: NUMERIC_STD.TO_INTEGER: metavalue detected, returning 0
#    Time: 1186980 ns  Iteration: 2  Instance: /tb/MyRiscv/u_regfile/MUXA
# ** Warning: NUMERIC_STD.TO_INTEGER: metavalue detected, returning 0
#    Time: 1207440 ns  Iteration: 2  Instance: /tb/MyRiscv/u_regfile/MUXB
# ** Warning: NUMERIC_STD.TO_INTEGER: metavalue detected, returning 0
#    Time: 1207440 ns  Iteration: 2  Instance: /tb/MyRiscv/u_regfile/MUXA
# ** Warning: NUMERIC_STD.TO_INTEGER: metavalue detected, returning 0
#    Time: 1227900 ns  Iteration: 2  Instance: /tb/MyRiscv/u_regfile/MUXB
# ** Warning: NUMERIC_STD.TO_INTEGER: metavalue detected, returning 0
#    Time: 1227900 ns  Iteration: 2  Instance: /tb/MyRiscv/u_regfile/MUXA
# ** Warning: NUMERIC_STD.TO_INTEGER: metavalue detected, returning 0
#    Time: 1248360 ns  Iteration: 2  Instance: /tb/MyRiscv/u_regfile/MUXB
# ** Warning: NUMERIC_STD.TO_INTEGER: metavalue detected, returning 0
#    Time: 1248360 ns  Iteration: 2  Instance: /tb/MyRiscv/u_regfile/MUXA
# ** Warning: NUMERIC_STD.TO_INTEGER: metavalue detected, returning 0
#    Time: 1268820 ns  Iteration: 2  Instance: /tb/MyRiscv/u_regfile/MUXB
# ** Warning: NUMERIC_STD.TO_INTEGER: metavalue detected, returning 0
#    Time: 1268820 ns  Iteration: 2  Instance: /tb/MyRiscv/u_regfile/MUXA
# ** Warning: NUMERIC_STD.TO_INTEGER: metavalue detected, returning 0
#    Time: 1289280 ns  Iteration: 2  Instance: /tb/MyRiscv/u_regfile/MUXB
# ** Warning: NUMERIC_STD.TO_INTEGER: metavalue detected, returning 0
#    Time: 1289280 ns  Iteration: 2  Instance: /tb/MyRiscv/u_regfile/MUXA
# ** Warning: NUMERIC_STD.TO_INTEGER: metavalue detected, returning 0
#    Time: 1309740 ns  Iteration: 2  Instance: /tb/MyRiscv/u_regfile/MUXB
# ** Warning: NUMERIC_STD.TO_INTEGER: metavalue detected, returning 0
#    Time: 1309740 ns  Iteration: 2  Instance: /tb/MyRiscv/u_regfile/MUXA
# ** Warning: NUMERIC_STD.TO_INTEGER: metavalue detected, returning 0
#    Time: 1330200 ns  Iteration: 2  Instance: /tb/MyRiscv/u_regfile/MUXB
# ** Warning: NUMERIC_STD.TO_INTEGER: metavalue detected, returning 0
#    Time: 1330200 ns  Iteration: 2  Instance: /tb/MyRiscv/u_regfile/MUXA
# ** Warning: NUMERIC_STD.TO_INTEGER: metavalue detected, returning 0
#    Time: 1350660 ns  Iteration: 2  Instance: /tb/MyRiscv/u_regfile/MUXB
# ** Warning: NUMERIC_STD.TO_INTEGER: metavalue detected, returning 0
#    Time: 1350660 ns  Iteration: 2  Instance: /tb/MyRiscv/u_regfile/MUXA
# ** Warning: NUMERIC_STD.TO_INTEGER: metavalue detected, returning 0
#    Time: 1371120 ns  Iteration: 2  Instance: /tb/MyRiscv/u_regfile/MUXB
# ** Warning: NUMERIC_STD.TO_INTEGER: metavalue detected, returning 0
#    Time: 1371120 ns  Iteration: 2  Instance: /tb/MyRiscv/u_regfile/MUXA
# ** Warning: NUMERIC_STD.TO_INTEGER: metavalue detected, returning 0
#    Time: 1391580 ns  Iteration: 2  Instance: /tb/MyRiscv/u_regfile/MUXB
# ** Warning: NUMERIC_STD.TO_INTEGER: metavalue detected, returning 0
#    Time: 1391580 ns  Iteration: 2  Instance: /tb/MyRiscv/u_regfile/MUXA
# ** Warning: NUMERIC_STD.TO_INTEGER: metavalue detected, returning 0
#    Time: 1412040 ns  Iteration: 2  Instance: /tb/MyRiscv/u_regfile/MUXB
# ** Warning: NUMERIC_STD.TO_INTEGER: metavalue detected, returning 0
#    Time: 1412040 ns  Iteration: 2  Instance: /tb/MyRiscv/u_regfile/MUXA
# ** Warning: NUMERIC_STD.TO_INTEGER: metavalue detected, returning 0
#    Time: 1432500 ns  Iteration: 2  Instance: /tb/MyRiscv/u_regfile/MUXB
# ** Warning: NUMERIC_STD.TO_INTEGER: metavalue detected, returning 0
#    Time: 1432500 ns  Iteration: 2  Instance: /tb/MyRiscv/u_regfile/MUXA
# ** Warning: NUMERIC_STD.TO_INTEGER: metavalue detected, returning 0
#    Time: 1452960 ns  Iteration: 2  Instance: /tb/MyRiscv/u_regfile/MUXB
# ** Warning: NUMERIC_STD.TO_INTEGER: metavalue detected, returning 0
#    Time: 1452960 ns  Iteration: 2  Instance: /tb/MyRiscv/u_regfile/MUXA
# ** Warning: NUMERIC_STD.TO_INTEGER: metavalue detected, returning 0
#    Time: 1473420 ns  Iteration: 2  Instance: /tb/MyRiscv/u_regfile/MUXB
# ** Warning: NUMERIC_STD.TO_INTEGER: metavalue detected, returning 0
#    Time: 1473420 ns  Iteration: 2  Instance: /tb/MyRiscv/u_regfile/MUXA
# ** Warning: NUMERIC_STD.TO_INTEGER: metavalue detected, returning 0
#    Time: 1493880 ns  Iteration: 2  Instance: /tb/MyRiscv/u_regfile/MUXB
# ** Warning: NUMERIC_STD.TO_INTEGER: metavalue detected, returning 0
#    Time: 1493880 ns  Iteration: 2  Instance: /tb/MyRiscv/u_regfile/MUXA
# ** Warning: NUMERIC_STD.TO_INTEGER: metavalue detected, returning 0
#    Time: 1514340 ns  Iteration: 2  Instance: /tb/MyRiscv/u_regfile/MUXB
# ** Warning: NUMERIC_STD.TO_INTEGER: metavalue detected, returning 0
#    Time: 1514340 ns  Iteration: 2  Instance: /tb/MyRiscv/u_regfile/MUXA
# ** Warning: NUMERIC_STD.TO_INTEGER: metavalue detected, returning 0
#    Time: 1534800 ns  Iteration: 2  Instance: /tb/MyRiscv/u_regfile/MUXB
# ** Warning: NUMERIC_STD.TO_INTEGER: metavalue detected, returning 0
#    Time: 1534800 ns  Iteration: 2  Instance: /tb/MyRiscv/u_regfile/MUXA
# ** Warning: NUMERIC_STD.TO_INTEGER: metavalue detected, returning 0
#    Time: 1555260 ns  Iteration: 2  Instance: /tb/MyRiscv/u_regfile/MUXB
# ** Warning: NUMERIC_STD.TO_INTEGER: metavalue detected, returning 0
#    Time: 1555260 ns  Iteration: 2  Instance: /tb/MyRiscv/u_regfile/MUXA
# ** Warning: NUMERIC_STD.TO_INTEGER: metavalue detected, returning 0
#    Time: 1575720 ns  Iteration: 2  Instance: /tb/MyRiscv/u_regfile/MUXB
# ** Warning: NUMERIC_STD.TO_INTEGER: metavalue detected, returning 0
#    Time: 1575720 ns  Iteration: 2  Instance: /tb/MyRiscv/u_regfile/MUXA
# ** Warning: NUMERIC_STD.TO_INTEGER: metavalue detected, returning 0
#    Time: 1596180 ns  Iteration: 2  Instance: /tb/MyRiscv/u_regfile/MUXB
# ** Warning: NUMERIC_STD.TO_INTEGER: metavalue detected, returning 0
#    Time: 1596180 ns  Iteration: 2  Instance: /tb/MyRiscv/u_regfile/MUXA
# ** Warning: NUMERIC_STD.TO_INTEGER: metavalue detected, returning 0
#    Time: 1616640 ns  Iteration: 2  Instance: /tb/MyRiscv/u_regfile/MUXB
# ** Warning: NUMERIC_STD.TO_INTEGER: metavalue detected, returning 0
#    Time: 1616640 ns  Iteration: 2  Instance: /tb/MyRiscv/u_regfile/MUXA
# ** Warning: NUMERIC_STD.TO_INTEGER: metavalue detected, returning 0
#    Time: 1637100 ns  Iteration: 2  Instance: /tb/MyRiscv/u_regfile/MUXB
# ** Warning: NUMERIC_STD.TO_INTEGER: metavalue detected, returning 0
#    Time: 1637100 ns  Iteration: 2  Instance: /tb/MyRiscv/u_regfile/MUXA
# ** Warning: NUMERIC_STD.TO_INTEGER: metavalue detected, returning 0
#    Time: 1657560 ns  Iteration: 2  Instance: /tb/MyRiscv/u_regfile/MUXB
# ** Warning: NUMERIC_STD.TO_INTEGER: metavalue detected, returning 0
#    Time: 1657560 ns  Iteration: 2  Instance: /tb/MyRiscv/u_regfile/MUXA
# ** Warning: NUMERIC_STD.TO_INTEGER: metavalue detected, returning 0
#    Time: 1678020 ns  Iteration: 2  Instance: /tb/MyRiscv/u_regfile/MUXB
# ** Warning: NUMERIC_STD.TO_INTEGER: metavalue detected, returning 0
#    Time: 1678020 ns  Iteration: 2  Instance: /tb/MyRiscv/u_regfile/MUXA
# ** Warning: NUMERIC_STD.TO_INTEGER: metavalue detected, returning 0
#    Time: 1698480 ns  Iteration: 2  Instance: /tb/MyRiscv/u_regfile/MUXB
# ** Warning: NUMERIC_STD.TO_INTEGER: metavalue detected, returning 0
#    Time: 1698480 ns  Iteration: 2  Instance: /tb/MyRiscv/u_regfile/MUXA
# ** Warning: NUMERIC_STD.TO_INTEGER: metavalue detected, returning 0
#    Time: 1718940 ns  Iteration: 2  Instance: /tb/MyRiscv/u_regfile/MUXB
# ** Warning: NUMERIC_STD.TO_INTEGER: metavalue detected, returning 0
#    Time: 1718940 ns  Iteration: 2  Instance: /tb/MyRiscv/u_regfile/MUXA
# ** Warning: NUMERIC_STD.TO_INTEGER: metavalue detected, returning 0
#    Time: 1739400 ns  Iteration: 2  Instance: /tb/MyRiscv/u_regfile/MUXB
# ** Warning: NUMERIC_STD.TO_INTEGER: metavalue detected, returning 0
#    Time: 1739400 ns  Iteration: 2  Instance: /tb/MyRiscv/u_regfile/MUXA
# ** Warning: NUMERIC_STD.TO_INTEGER: metavalue detected, returning 0
#    Time: 1759860 ns  Iteration: 2  Instance: /tb/MyRiscv/u_regfile/MUXB
# ** Warning: NUMERIC_STD.TO_INTEGER: metavalue detected, returning 0
#    Time: 1759860 ns  Iteration: 2  Instance: /tb/MyRiscv/u_regfile/MUXA
# ** Warning: NUMERIC_STD.TO_INTEGER: metavalue detected, returning 0
#    Time: 1780320 ns  Iteration: 2  Instance: /tb/MyRiscv/u_regfile/MUXB
# ** Warning: NUMERIC_STD.TO_INTEGER: metavalue detected, returning 0
#    Time: 1780320 ns  Iteration: 2  Instance: /tb/MyRiscv/u_regfile/MUXA
# ** Warning: NUMERIC_STD.TO_INTEGER: metavalue detected, returning 0
#    Time: 1800780 ns  Iteration: 2  Instance: /tb/MyRiscv/u_regfile/MUXB
# ** Warning: NUMERIC_STD.TO_INTEGER: metavalue detected, returning 0
#    Time: 1800780 ns  Iteration: 2  Instance: /tb/MyRiscv/u_regfile/MUXA
# ** Warning: NUMERIC_STD.TO_INTEGER: metavalue detected, returning 0
#    Time: 1821240 ns  Iteration: 2  Instance: /tb/MyRiscv/u_regfile/MUXB
# ** Warning: NUMERIC_STD.TO_INTEGER: metavalue detected, returning 0
#    Time: 1821240 ns  Iteration: 2  Instance: /tb/MyRiscv/u_regfile/MUXA
# ** Warning: NUMERIC_STD.TO_INTEGER: metavalue detected, returning 0
#    Time: 1841700 ns  Iteration: 2  Instance: /tb/MyRiscv/u_regfile/MUXB
# ** Warning: NUMERIC_STD.TO_INTEGER: metavalue detected, returning 0
#    Time: 1841700 ns  Iteration: 2  Instance: /tb/MyRiscv/u_regfile/MUXA
# ** Warning: NUMERIC_STD.TO_INTEGER: metavalue detected, returning 0
#    Time: 1862160 ns  Iteration: 2  Instance: /tb/MyRiscv/u_regfile/MUXB
# ** Warning: NUMERIC_STD.TO_INTEGER: metavalue detected, returning 0
#    Time: 1862160 ns  Iteration: 2  Instance: /tb/MyRiscv/u_regfile/MUXA
# ** Warning: NUMERIC_STD.TO_INTEGER: metavalue detected, returning 0
#    Time: 1882620 ns  Iteration: 2  Instance: /tb/MyRiscv/u_regfile/MUXB
# ** Warning: NUMERIC_STD.TO_INTEGER: metavalue detected, returning 0
#    Time: 1882620 ns  Iteration: 2  Instance: /tb/MyRiscv/u_regfile/MUXA
# ** Warning: NUMERIC_STD.TO_INTEGER: metavalue detected, returning 0
#    Time: 1903080 ns  Iteration: 2  Instance: /tb/MyRiscv/u_regfile/MUXB
# ** Warning: NUMERIC_STD.TO_INTEGER: metavalue detected, returning 0
#    Time: 1903080 ns  Iteration: 2  Instance: /tb/MyRiscv/u_regfile/MUXA
# ** Warning: NUMERIC_STD.TO_INTEGER: metavalue detected, returning 0
#    Time: 1923540 ns  Iteration: 2  Instance: /tb/MyRiscv/u_regfile/MUXB
# ** Warning: NUMERIC_STD.TO_INTEGER: metavalue detected, returning 0
#    Time: 1923540 ns  Iteration: 2  Instance: /tb/MyRiscv/u_regfile/MUXA
# ** Warning: NUMERIC_STD.TO_INTEGER: metavalue detected, returning 0
#    Time: 1944 us  Iteration: 2  Instance: /tb/MyRiscv/u_regfile/MUXB
# ** Warning: NUMERIC_STD.TO_INTEGER: metavalue detected, returning 0
#    Time: 1944 us  Iteration: 2  Instance: /tb/MyRiscv/u_regfile/MUXA
# ** Warning: NUMERIC_STD.TO_INTEGER: metavalue detected, returning 0
#    Time: 1964460 ns  Iteration: 2  Instance: /tb/MyRiscv/u_regfile/MUXB
# ** Warning: NUMERIC_STD.TO_INTEGER: metavalue detected, returning 0
#    Time: 1964460 ns  Iteration: 2  Instance: /tb/MyRiscv/u_regfile/MUXA
# ** Warning: NUMERIC_STD.TO_INTEGER: metavalue detected, returning 0
#    Time: 1984920 ns  Iteration: 2  Instance: /tb/MyRiscv/u_regfile/MUXB
# ** Warning: NUMERIC_STD.TO_INTEGER: metavalue detected, returning 0
#    Time: 1984920 ns  Iteration: 2  Instance: /tb/MyRiscv/u_regfile/MUXA
# ** Warning: NUMERIC_STD.TO_INTEGER: metavalue detected, returning 0
#    Time: 2005380 ns  Iteration: 2  Instance: /tb/MyRiscv/u_regfile/MUXB
# ** Warning: NUMERIC_STD.TO_INTEGER: metavalue detected, returning 0
#    Time: 2005380 ns  Iteration: 2  Instance: /tb/MyRiscv/u_regfile/MUXA
# ** Warning: NUMERIC_STD.TO_INTEGER: metavalue detected, returning 0
#    Time: 2025840 ns  Iteration: 2  Instance: /tb/MyRiscv/u_regfile/MUXB
# ** Warning: NUMERIC_STD.TO_INTEGER: metavalue detected, returning 0
#    Time: 2025840 ns  Iteration: 2  Instance: /tb/MyRiscv/u_regfile/MUXA
# ** Warning: NUMERIC_STD.TO_INTEGER: metavalue detected, returning 0
#    Time: 2046300 ns  Iteration: 2  Instance: /tb/MyRiscv/u_regfile/MUXB
# ** Warning: NUMERIC_STD.TO_INTEGER: metavalue detected, returning 0
#    Time: 2046300 ns  Iteration: 2  Instance: /tb/MyRiscv/u_regfile/MUXA
# ** Warning: NUMERIC_STD.TO_INTEGER: metavalue detected, returning 0
#    Time: 2066760 ns  Iteration: 2  Instance: /tb/MyRiscv/u_regfile/MUXB
# ** Warning: NUMERIC_STD.TO_INTEGER: metavalue detected, returning 0
#    Time: 2066760 ns  Iteration: 2  Instance: /tb/MyRiscv/u_regfile/MUXA
# ** Warning: NUMERIC_STD.TO_INTEGER: metavalue detected, returning 0
#    Time: 2087220 ns  Iteration: 2  Instance: /tb/MyRiscv/u_regfile/MUXB
# ** Warning: NUMERIC_STD.TO_INTEGER: metavalue detected, returning 0
#    Time: 2087220 ns  Iteration: 2  Instance: /tb/MyRiscv/u_regfile/MUXA
# ** Warning: NUMERIC_STD.TO_INTEGER: metavalue detected, returning 0
#    Time: 2107680 ns  Iteration: 2  Instance: /tb/MyRiscv/u_regfile/MUXB
# ** Warning: NUMERIC_STD.TO_INTEGER: metavalue detected, returning 0
#    Time: 2107680 ns  Iteration: 2  Instance: /tb/MyRiscv/u_regfile/MUXA
# ** Warning: NUMERIC_STD.TO_INTEGER: metavalue detected, returning 0
#    Time: 2128140 ns  Iteration: 2  Instance: /tb/MyRiscv/u_regfile/MUXB
# ** Warning: NUMERIC_STD.TO_INTEGER: metavalue detected, returning 0
#    Time: 2128140 ns  Iteration: 2  Instance: /tb/MyRiscv/u_regfile/MUXA
# ** Warning: NUMERIC_STD.TO_INTEGER: metavalue detected, returning 0
#    Time: 2148600 ns  Iteration: 2  Instance: /tb/MyRiscv/u_regfile/MUXB
# ** Warning: NUMERIC_STD.TO_INTEGER: metavalue detected, returning 0
#    Time: 2148600 ns  Iteration: 2  Instance: /tb/MyRiscv/u_regfile/MUXA
# ** Warning: NUMERIC_STD.TO_INTEGER: metavalue detected, returning 0
#    Time: 2169060 ns  Iteration: 2  Instance: /tb/MyRiscv/u_regfile/MUXB
# ** Warning: NUMERIC_STD.TO_INTEGER: metavalue detected, returning 0
#    Time: 2169060 ns  Iteration: 2  Instance: /tb/MyRiscv/u_regfile/MUXA
# ** Warning: NUMERIC_STD.TO_INTEGER: metavalue detected, returning 0
#    Time: 2189520 ns  Iteration: 2  Instance: /tb/MyRiscv/u_regfile/MUXB
# ** Warning: NUMERIC_STD.TO_INTEGER: metavalue detected, returning 0
#    Time: 2189520 ns  Iteration: 2  Instance: /tb/MyRiscv/u_regfile/MUXA
# ** Warning: NUMERIC_STD.TO_INTEGER: metavalue detected, returning 0
#    Time: 2209980 ns  Iteration: 2  Instance: /tb/MyRiscv/u_regfile/MUXB
# ** Warning: NUMERIC_STD.TO_INTEGER: metavalue detected, returning 0
#    Time: 2209980 ns  Iteration: 2  Instance: /tb/MyRiscv/u_regfile/MUXA
# ** Warning: NUMERIC_STD.TO_INTEGER: metavalue detected, returning 0
#    Time: 2230440 ns  Iteration: 2  Instance: /tb/MyRiscv/u_regfile/MUXB
# ** Warning: NUMERIC_STD.TO_INTEGER: metavalue detected, returning 0
#    Time: 2230440 ns  Iteration: 2  Instance: /tb/MyRiscv/u_regfile/MUXA
# ** Warning: NUMERIC_STD.TO_INTEGER: metavalue detected, returning 0
#    Time: 2250900 ns  Iteration: 2  Instance: /tb/MyRiscv/u_regfile/MUXB
# ** Warning: NUMERIC_STD.TO_INTEGER: metavalue detected, returning 0
#    Time: 2250900 ns  Iteration: 2  Instance: /tb/MyRiscv/u_regfile/MUXA
# ** Warning: NUMERIC_STD.TO_INTEGER: metavalue detected, returning 0
#    Time: 2271360 ns  Iteration: 2  Instance: /tb/MyRiscv/u_regfile/MUXB
# ** Warning: NUMERIC_STD.TO_INTEGER: metavalue detected, returning 0
#    Time: 2271360 ns  Iteration: 2  Instance: /tb/MyRiscv/u_regfile/MUXA
# ** Warning: NUMERIC_STD.TO_INTEGER: metavalue detected, returning 0
#    Time: 2291820 ns  Iteration: 2  Instance: /tb/MyRiscv/u_regfile/MUXB
# ** Warning: NUMERIC_STD.TO_INTEGER: metavalue detected, returning 0
#    Time: 2291820 ns  Iteration: 2  Instance: /tb/MyRiscv/u_regfile/MUXA
# ** Warning: NUMERIC_STD.TO_INTEGER: metavalue detected, returning 0
#    Time: 2312280 ns  Iteration: 2  Instance: /tb/MyRiscv/u_regfile/MUXB
# ** Warning: NUMERIC_STD.TO_INTEGER: metavalue detected, returning 0
#    Time: 2312280 ns  Iteration: 2  Instance: /tb/MyRiscv/u_regfile/MUXA
# ** Warning: NUMERIC_STD.TO_INTEGER: metavalue detected, returning 0
#    Time: 2332740 ns  Iteration: 2  Instance: /tb/MyRiscv/u_regfile/MUXB
# ** Warning: NUMERIC_STD.TO_INTEGER: metavalue detected, returning 0
#    Time: 2332740 ns  Iteration: 2  Instance: /tb/MyRiscv/u_regfile/MUXA
# ** Warning: NUMERIC_STD.TO_INTEGER: metavalue detected, returning 0
#    Time: 2353200 ns  Iteration: 2  Instance: /tb/MyRiscv/u_regfile/MUXB
# ** Warning: NUMERIC_STD.TO_INTEGER: metavalue detected, returning 0
#    Time: 2353200 ns  Iteration: 2  Instance: /tb/MyRiscv/u_regfile/MUXA
# ** Warning: NUMERIC_STD.TO_INTEGER: metavalue detected, returning 0
#    Time: 2373660 ns  Iteration: 2  Instance: /tb/MyRiscv/u_regfile/MUXB
# ** Warning: NUMERIC_STD.TO_INTEGER: metavalue detected, returning 0
#    Time: 2373660 ns  Iteration: 2  Instance: /tb/MyRiscv/u_regfile/MUXA
# ** Warning: NUMERIC_STD.TO_INTEGER: metavalue detected, returning 0
#    Time: 2394120 ns  Iteration: 2  Instance: /tb/MyRiscv/u_regfile/MUXB
# ** Warning: NUMERIC_STD.TO_INTEGER: metavalue detected, returning 0
#    Time: 2394120 ns  Iteration: 2  Instance: /tb/MyRiscv/u_regfile/MUXA
# ** Warning: NUMERIC_STD.TO_INTEGER: metavalue detected, returning 0
#    Time: 2414580 ns  Iteration: 2  Instance: /tb/MyRiscv/u_regfile/MUXB
# ** Warning: NUMERIC_STD.TO_INTEGER: metavalue detected, returning 0
#    Time: 2414580 ns  Iteration: 2  Instance: /tb/MyRiscv/u_regfile/MUXA
# ** Warning: NUMERIC_STD.TO_INTEGER: metavalue detected, returning 0
#    Time: 2435040 ns  Iteration: 2  Instance: /tb/MyRiscv/u_regfile/MUXB
# ** Warning: NUMERIC_STD.TO_INTEGER: metavalue detected, returning 0
#    Time: 2435040 ns  Iteration: 2  Instance: /tb/MyRiscv/u_regfile/MUXA
# ** Warning: NUMERIC_STD.TO_INTEGER: metavalue detected, returning 0
#    Time: 2455500 ns  Iteration: 2  Instance: /tb/MyRiscv/u_regfile/MUXB
# ** Warning: NUMERIC_STD.TO_INTEGER: metavalue detected, returning 0
#    Time: 2455500 ns  Iteration: 2  Instance: /tb/MyRiscv/u_regfile/MUXA
# ** Warning: NUMERIC_STD.TO_INTEGER: metavalue detected, returning 0
#    Time: 2475960 ns  Iteration: 2  Instance: /tb/MyRiscv/u_regfile/MUXB
# ** Warning: NUMERIC_STD.TO_INTEGER: metavalue detected, returning 0
#    Time: 2475960 ns  Iteration: 2  Instance: /tb/MyRiscv/u_regfile/MUXA
# ** Warning: NUMERIC_STD.TO_INTEGER: metavalue detected, returning 0
#    Time: 2496420 ns  Iteration: 2  Instance: /tb/MyRiscv/u_regfile/MUXB
# ** Warning: NUMERIC_STD.TO_INTEGER: metavalue detected, returning 0
#    Time: 2496420 ns  Iteration: 2  Instance: /tb/MyRiscv/u_regfile/MUXA
# ** Warning: NUMERIC_STD.TO_INTEGER: metavalue detected, returning 0
#    Time: 2516880 ns  Iteration: 2  Instance: /tb/MyRiscv/u_regfile/MUXB
# ** Warning: NUMERIC_STD.TO_INTEGER: metavalue detected, returning 0
#    Time: 2516880 ns  Iteration: 2  Instance: /tb/MyRiscv/u_regfile/MUXA
# ** Warning: NUMERIC_STD.TO_INTEGER: metavalue detected, returning 0
#    Time: 2537340 ns  Iteration: 2  Instance: /tb/MyRiscv/u_regfile/MUXB
# ** Warning: NUMERIC_STD.TO_INTEGER: metavalue detected, returning 0
#    Time: 2537340 ns  Iteration: 2  Instance: /tb/MyRiscv/u_regfile/MUXA
# ** Warning: NUMERIC_STD.TO_INTEGER: metavalue detected, returning 0
#    Time: 2557800 ns  Iteration: 2  Instance: /tb/MyRiscv/u_regfile/MUXB
# ** Warning: NUMERIC_STD.TO_INTEGER: metavalue detected, returning 0
#    Time: 2557800 ns  Iteration: 2  Instance: /tb/MyRiscv/u_regfile/MUXA
# ** Warning: NUMERIC_STD.TO_INTEGER: metavalue detected, returning 0
#    Time: 2578260 ns  Iteration: 2  Instance: /tb/MyRiscv/u_regfile/MUXB
# ** Warning: NUMERIC_STD.TO_INTEGER: metavalue detected, returning 0
#    Time: 2578260 ns  Iteration: 2  Instance: /tb/MyRiscv/u_regfile/MUXA
# ** Warning: NUMERIC_STD.TO_INTEGER: metavalue detected, returning 0
#    Time: 2598720 ns  Iteration: 2  Instance: /tb/MyRiscv/u_regfile/MUXB
# ** Warning: NUMERIC_STD.TO_INTEGER: metavalue detected, returning 0
#    Time: 2598720 ns  Iteration: 2  Instance: /tb/MyRiscv/u_regfile/MUXA
# ** Warning: NUMERIC_STD.TO_INTEGER: metavalue detected, returning 0
#    Time: 2619180 ns  Iteration: 2  Instance: /tb/MyRiscv/u_regfile/MUXB
# ** Warning: NUMERIC_STD.TO_INTEGER: metavalue detected, returning 0
#    Time: 2619180 ns  Iteration: 2  Instance: /tb/MyRiscv/u_regfile/MUXA
# ** Warning: NUMERIC_STD.TO_INTEGER: metavalue detected, returning 0
#    Time: 2639640 ns  Iteration: 2  Instance: /tb/MyRiscv/u_regfile/MUXB
# ** Warning: NUMERIC_STD.TO_INTEGER: metavalue detected, returning 0
#    Time: 2639640 ns  Iteration: 2  Instance: /tb/MyRiscv/u_regfile/MUXA
# ** Warning: NUMERIC_STD.TO_INTEGER: metavalue detected, returning 0
#    Time: 2660100 ns  Iteration: 2  Instance: /tb/MyRiscv/u_regfile/MUXB
# ** Warning: NUMERIC_STD.TO_INTEGER: metavalue detected, returning 0
#    Time: 2660100 ns  Iteration: 2  Instance: /tb/MyRiscv/u_regfile/MUXA
# ** Warning: NUMERIC_STD.TO_INTEGER: metavalue detected, returning 0
#    Time: 2680560 ns  Iteration: 2  Instance: /tb/MyRiscv/u_regfile/MUXB
# ** Warning: NUMERIC_STD.TO_INTEGER: metavalue detected, returning 0
#    Time: 2680560 ns  Iteration: 2  Instance: /tb/MyRiscv/u_regfile/MUXA
# ** Warning: NUMERIC_STD.TO_INTEGER: metavalue detected, returning 0
#    Time: 2701020 ns  Iteration: 2  Instance: /tb/MyRiscv/u_regfile/MUXB
# ** Warning: NUMERIC_STD.TO_INTEGER: metavalue detected, returning 0
#    Time: 2701020 ns  Iteration: 2  Instance: /tb/MyRiscv/u_regfile/MUXA
# ** Warning: NUMERIC_STD.TO_INTEGER: metavalue detected, returning 0
#    Time: 2721480 ns  Iteration: 2  Instance: /tb/MyRiscv/u_regfile/MUXB
# ** Warning: NUMERIC_STD.TO_INTEGER: metavalue detected, returning 0
#    Time: 2721480 ns  Iteration: 2  Instance: /tb/MyRiscv/u_regfile/MUXA
# ** Warning: NUMERIC_STD.TO_INTEGER: metavalue detected, returning 0
#    Time: 2741940 ns  Iteration: 2  Instance: /tb/MyRiscv/u_regfile/MUXB
# ** Warning: NUMERIC_STD.TO_INTEGER: metavalue detected, returning 0
#    Time: 2741940 ns  Iteration: 2  Instance: /tb/MyRiscv/u_regfile/MUXA
# ** Warning: NUMERIC_STD.TO_INTEGER: metavalue detected, returning 0
#    Time: 2762400 ns  Iteration: 2  Instance: /tb/MyRiscv/u_regfile/MUXB
# ** Warning: NUMERIC_STD.TO_INTEGER: metavalue detected, returning 0
#    Time: 2762400 ns  Iteration: 2  Instance: /tb/MyRiscv/u_regfile/MUXA
# ** Warning: NUMERIC_STD.TO_INTEGER: metavalue detected, returning 0
#    Time: 2782860 ns  Iteration: 2  Instance: /tb/MyRiscv/u_regfile/MUXB
# ** Warning: NUMERIC_STD.TO_INTEGER: metavalue detected, returning 0
#    Time: 2782860 ns  Iteration: 2  Instance: /tb/MyRiscv/u_regfile/MUXA
# ** Warning: NUMERIC_STD.TO_INTEGER: metavalue detected, returning 0
#    Time: 2803320 ns  Iteration: 2  Instance: /tb/MyRiscv/u_regfile/MUXB
# ** Warning: NUMERIC_STD.TO_INTEGER: metavalue detected, returning 0
#    Time: 2803320 ns  Iteration: 2  Instance: /tb/MyRiscv/u_regfile/MUXA
# ** Warning: NUMERIC_STD.TO_INTEGER: metavalue detected, returning 0
#    Time: 2823780 ns  Iteration: 2  Instance: /tb/MyRiscv/u_regfile/MUXB
# ** Warning: NUMERIC_STD.TO_INTEGER: metavalue detected, returning 0
#    Time: 2823780 ns  Iteration: 2  Instance: /tb/MyRiscv/u_regfile/MUXA
# ** Warning: NUMERIC_STD.TO_INTEGER: metavalue detected, returning 0
#    Time: 2844240 ns  Iteration: 2  Instance: /tb/MyRiscv/u_regfile/MUXB
# ** Warning: NUMERIC_STD.TO_INTEGER: metavalue detected, returning 0
#    Time: 2844240 ns  Iteration: 2  Instance: /tb/MyRiscv/u_regfile/MUXA
# ** Warning: NUMERIC_STD.TO_INTEGER: metavalue detected, returning 0
#    Time: 2864700 ns  Iteration: 2  Instance: /tb/MyRiscv/u_regfile/MUXB
# ** Warning: NUMERIC_STD.TO_INTEGER: metavalue detected, returning 0
#    Time: 2864700 ns  Iteration: 2  Instance: /tb/MyRiscv/u_regfile/MUXA
# ** Warning: NUMERIC_STD.TO_INTEGER: metavalue detected, returning 0
#    Time: 2885160 ns  Iteration: 2  Instance: /tb/MyRiscv/u_regfile/MUXB
# ** Warning: NUMERIC_STD.TO_INTEGER: metavalue detected, returning 0
#    Time: 2885160 ns  Iteration: 2  Instance: /tb/MyRiscv/u_regfile/MUXA
# ** Warning: NUMERIC_STD.TO_INTEGER: metavalue detected, returning 0
#    Time: 2905620 ns  Iteration: 2  Instance: /tb/MyRiscv/u_regfile/MUXB
# ** Warning: NUMERIC_STD.TO_INTEGER: metavalue detected, returning 0
#    Time: 2905620 ns  Iteration: 2  Instance: /tb/MyRiscv/u_regfile/MUXA
# ** Warning: NUMERIC_STD.TO_INTEGER: metavalue detected, returning 0
#    Time: 2926080 ns  Iteration: 2  Instance: /tb/MyRiscv/u_regfile/MUXB
# ** Warning: NUMERIC_STD.TO_INTEGER: metavalue detected, returning 0
#    Time: 2926080 ns  Iteration: 2  Instance: /tb/MyRiscv/u_regfile/MUXA
# ** Warning: NUMERIC_STD.TO_INTEGER: metavalue detected, returning 0
#    Time: 2946540 ns  Iteration: 2  Instance: /tb/MyRiscv/u_regfile/MUXB
# ** Warning: NUMERIC_STD.TO_INTEGER: metavalue detected, returning 0
#    Time: 2946540 ns  Iteration: 2  Instance: /tb/MyRiscv/u_regfile/MUXA
# ** Warning: NUMERIC_STD.TO_INTEGER: metavalue detected, returning 0
#    Time: 2967 us  Iteration: 2  Instance: /tb/MyRiscv/u_regfile/MUXB
# ** Warning: NUMERIC_STD.TO_INTEGER: metavalue detected, returning 0
#    Time: 2967 us  Iteration: 2  Instance: /tb/MyRiscv/u_regfile/MUXA
# ** Warning: NUMERIC_STD.TO_INTEGER: metavalue detected, returning 0
#    Time: 2987460 ns  Iteration: 2  Instance: /tb/MyRiscv/u_regfile/MUXB
# ** Warning: NUMERIC_STD.TO_INTEGER: metavalue detected, returning 0
#    Time: 2987460 ns  Iteration: 2  Instance: /tb/MyRiscv/u_regfile/MUXA
# ** Warning: NUMERIC_STD.TO_INTEGER: metavalue detected, returning 0
#    Time: 3007920 ns  Iteration: 2  Instance: /tb/MyRiscv/u_regfile/MUXB
# ** Warning: NUMERIC_STD.TO_INTEGER: metavalue detected, returning 0
#    Time: 3007920 ns  Iteration: 2  Instance: /tb/MyRiscv/u_regfile/MUXA
# ** Warning: NUMERIC_STD.TO_INTEGER: metavalue detected, returning 0
#    Time: 3028380 ns  Iteration: 2  Instance: /tb/MyRiscv/u_regfile/MUXB
# ** Warning: NUMERIC_STD.TO_INTEGER: metavalue detected, returning 0
#    Time: 3028380 ns  Iteration: 2  Instance: /tb/MyRiscv/u_regfile/MUXA
# ** Warning: NUMERIC_STD.TO_INTEGER: metavalue detected, returning 0
#    Time: 3048840 ns  Iteration: 2  Instance: /tb/MyRiscv/u_regfile/MUXB
# ** Warning: NUMERIC_STD.TO_INTEGER: metavalue detected, returning 0
#    Time: 3048840 ns  Iteration: 2  Instance: /tb/MyRiscv/u_regfile/MUXA
# ** Warning: NUMERIC_STD.TO_INTEGER: metavalue detected, returning 0
#    Time: 3069300 ns  Iteration: 2  Instance: /tb/MyRiscv/u_regfile/MUXB
# ** Warning: NUMERIC_STD.TO_INTEGER: metavalue detected, returning 0
#    Time: 3069300 ns  Iteration: 2  Instance: /tb/MyRiscv/u_regfile/MUXA
# ** Warning: NUMERIC_STD.TO_INTEGER: metavalue detected, returning 0
#    Time: 3089760 ns  Iteration: 2  Instance: /tb/MyRiscv/u_regfile/MUXB
# ** Warning: NUMERIC_STD.TO_INTEGER: metavalue detected, returning 0
#    Time: 3089760 ns  Iteration: 2  Instance: /tb/MyRiscv/u_regfile/MUXA
# ** Warning: NUMERIC_STD.TO_INTEGER: metavalue detected, returning 0
#    Time: 3110220 ns  Iteration: 2  Instance: /tb/MyRiscv/u_regfile/MUXB
# ** Warning: NUMERIC_STD.TO_INTEGER: metavalue detected, returning 0
#    Time: 3110220 ns  Iteration: 2  Instance: /tb/MyRiscv/u_regfile/MUXA
# ** Warning: NUMERIC_STD.TO_INTEGER: metavalue detected, returning 0
#    Time: 3130680 ns  Iteration: 2  Instance: /tb/MyRiscv/u_regfile/MUXB
# ** Warning: NUMERIC_STD.TO_INTEGER: metavalue detected, returning 0
#    Time: 3130680 ns  Iteration: 2  Instance: /tb/MyRiscv/u_regfile/MUXA
# ** Warning: NUMERIC_STD.TO_INTEGER: metavalue detected, returning 0
#    Time: 3151140 ns  Iteration: 2  Instance: /tb/MyRiscv/u_regfile/MUXB
# ** Warning: NUMERIC_STD.TO_INTEGER: metavalue detected, returning 0
#    Time: 3151140 ns  Iteration: 2  Instance: /tb/MyRiscv/u_regfile/MUXA
# ** Warning: NUMERIC_STD.TO_INTEGER: metavalue detected, returning 0
#    Time: 3171600 ns  Iteration: 2  Instance: /tb/MyRiscv/u_regfile/MUXB
# ** Warning: NUMERIC_STD.TO_INTEGER: metavalue detected, returning 0
#    Time: 3171600 ns  Iteration: 2  Instance: /tb/MyRiscv/u_regfile/MUXA
# ** Warning: NUMERIC_STD.TO_INTEGER: metavalue detected, returning 0
#    Time: 3192060 ns  Iteration: 2  Instance: /tb/MyRiscv/u_regfile/MUXB
# ** Warning: NUMERIC_STD.TO_INTEGER: metavalue detected, returning 0
#    Time: 3192060 ns  Iteration: 2  Instance: /tb/MyRiscv/u_regfile/MUXA
# ** Warning: NUMERIC_STD.TO_INTEGER: metavalue detected, returning 0
#    Time: 3212520 ns  Iteration: 2  Instance: /tb/MyRiscv/u_regfile/MUXB
# ** Warning: NUMERIC_STD.TO_INTEGER: metavalue detected, returning 0
#    Time: 3212520 ns  Iteration: 2  Instance: /tb/MyRiscv/u_regfile/MUXA
# ** Warning: NUMERIC_STD.TO_INTEGER: metavalue detected, returning 0
#    Time: 3232980 ns  Iteration: 2  Instance: /tb/MyRiscv/u_regfile/MUXB
# ** Warning: NUMERIC_STD.TO_INTEGER: metavalue detected, returning 0
#    Time: 3232980 ns  Iteration: 2  Instance: /tb/MyRiscv/u_regfile/MUXA
# ** Warning: NUMERIC_STD.TO_INTEGER: metavalue detected, returning 0
#    Time: 3253440 ns  Iteration: 2  Instance: /tb/MyRiscv/u_regfile/MUXB
# ** Warning: NUMERIC_STD.TO_INTEGER: metavalue detected, returning 0
#    Time: 3253440 ns  Iteration: 2  Instance: /tb/MyRiscv/u_regfile/MUXA
# ** Warning: NUMERIC_STD.TO_INTEGER: metavalue detected, returning 0
#    Time: 3273900 ns  Iteration: 2  Instance: /tb/MyRiscv/u_regfile/MUXB
# ** Warning: NUMERIC_STD.TO_INTEGER: metavalue detected, returning 0
#    Time: 3273900 ns  Iteration: 2  Instance: /tb/MyRiscv/u_regfile/MUXA
# ** Warning: NUMERIC_STD.TO_INTEGER: metavalue detected, returning 0
#    Time: 3294360 ns  Iteration: 2  Instance: /tb/MyRiscv/u_regfile/MUXB
# ** Warning: NUMERIC_STD.TO_INTEGER: metavalue detected, returning 0
#    Time: 3294360 ns  Iteration: 2  Instance: /tb/MyRiscv/u_regfile/MUXA
# ** Warning: NUMERIC_STD.TO_INTEGER: metavalue detected, returning 0
#    Time: 3314820 ns  Iteration: 2  Instance: /tb/MyRiscv/u_regfile/MUXB
# ** Warning: NUMERIC_STD.TO_INTEGER: metavalue detected, returning 0
#    Time: 3314820 ns  Iteration: 2  Instance: /tb/MyRiscv/u_regfile/MUXA
# ** Warning: NUMERIC_STD.TO_INTEGER: metavalue detected, returning 0
#    Time: 3335280 ns  Iteration: 2  Instance: /tb/MyRiscv/u_regfile/MUXB
# ** Warning: NUMERIC_STD.TO_INTEGER: metavalue detected, returning 0
#    Time: 3335280 ns  Iteration: 2  Instance: /tb/MyRiscv/u_regfile/MUXA
# ** Warning: NUMERIC_STD.TO_INTEGER: metavalue detected, returning 0
#    Time: 3355740 ns  Iteration: 2  Instance: /tb/MyRiscv/u_regfile/MUXB
# ** Warning: NUMERIC_STD.TO_INTEGER: metavalue detected, returning 0
#    Time: 3355740 ns  Iteration: 2  Instance: /tb/MyRiscv/u_regfile/MUXA
# ** Warning: NUMERIC_STD.TO_INTEGER: metavalue detected, returning 0
#    Time: 3376200 ns  Iteration: 2  Instance: /tb/MyRiscv/u_regfile/MUXB
# ** Warning: NUMERIC_STD.TO_INTEGER: metavalue detected, returning 0
#    Time: 3376200 ns  Iteration: 2  Instance: /tb/MyRiscv/u_regfile/MUXA
# ** Warning: NUMERIC_STD.TO_INTEGER: metavalue detected, returning 0
#    Time: 3396660 ns  Iteration: 2  Instance: /tb/MyRiscv/u_regfile/MUXB
# ** Warning: NUMERIC_STD.TO_INTEGER: metavalue detected, returning 0
#    Time: 3396660 ns  Iteration: 2  Instance: /tb/MyRiscv/u_regfile/MUXA
# ** Warning: NUMERIC_STD.TO_INTEGER: metavalue detected, returning 0
#    Time: 3417120 ns  Iteration: 2  Instance: /tb/MyRiscv/u_regfile/MUXB
# ** Warning: NUMERIC_STD.TO_INTEGER: metavalue detected, returning 0
#    Time: 3417120 ns  Iteration: 2  Instance: /tb/MyRiscv/u_regfile/MUXA
# ** Warning: NUMERIC_STD.TO_INTEGER: metavalue detected, returning 0
#    Time: 3437580 ns  Iteration: 2  Instance: /tb/MyRiscv/u_regfile/MUXB
# ** Warning: NUMERIC_STD.TO_INTEGER: metavalue detected, returning 0
#    Time: 3437580 ns  Iteration: 2  Instance: /tb/MyRiscv/u_regfile/MUXA
# ** Warning: NUMERIC_STD.TO_INTEGER: metavalue detected, returning 0
#    Time: 3458040 ns  Iteration: 2  Instance: /tb/MyRiscv/u_regfile/MUXB
# ** Warning: NUMERIC_STD.TO_INTEGER: metavalue detected, returning 0
#    Time: 3458040 ns  Iteration: 2  Instance: /tb/MyRiscv/u_regfile/MUXA
# ** Warning: NUMERIC_STD.TO_INTEGER: metavalue detected, returning 0
#    Time: 3478500 ns  Iteration: 2  Instance: /tb/MyRiscv/u_regfile/MUXB
# ** Warning: NUMERIC_STD.TO_INTEGER: metavalue detected, returning 0
#    Time: 3478500 ns  Iteration: 2  Instance: /tb/MyRiscv/u_regfile/MUXA
# ** Warning: NUMERIC_STD.TO_INTEGER: metavalue detected, returning 0
#    Time: 3498960 ns  Iteration: 2  Instance: /tb/MyRiscv/u_regfile/MUXB
# ** Warning: NUMERIC_STD.TO_INTEGER: metavalue detected, returning 0
#    Time: 3498960 ns  Iteration: 2  Instance: /tb/MyRiscv/u_regfile/MUXA
# ** Warning: NUMERIC_STD.TO_INTEGER: metavalue detected, returning 0
#    Time: 3519420 ns  Iteration: 2  Instance: /tb/MyRiscv/u_regfile/MUXB
# ** Warning: NUMERIC_STD.TO_INTEGER: metavalue detected, returning 0
#    Time: 3519420 ns  Iteration: 2  Instance: /tb/MyRiscv/u_regfile/MUXA
# ** Warning: NUMERIC_STD.TO_INTEGER: metavalue detected, returning 0
#    Time: 3539880 ns  Iteration: 2  Instance: /tb/MyRiscv/u_regfile/MUXB
# ** Warning: NUMERIC_STD.TO_INTEGER: metavalue detected, returning 0
#    Time: 3539880 ns  Iteration: 2  Instance: /tb/MyRiscv/u_regfile/MUXA
# ** Warning: NUMERIC_STD.TO_INTEGER: metavalue detected, returning 0
#    Time: 3560340 ns  Iteration: 2  Instance: /tb/MyRiscv/u_regfile/MUXB
# ** Warning: NUMERIC_STD.TO_INTEGER: metavalue detected, returning 0
#    Time: 3560340 ns  Iteration: 2  Instance: /tb/MyRiscv/u_regfile/MUXA
# ** Warning: NUMERIC_STD.TO_INTEGER: metavalue detected, returning 0
#    Time: 3580800 ns  Iteration: 2  Instance: /tb/MyRiscv/u_regfile/MUXB
# ** Warning: NUMERIC_STD.TO_INTEGER: metavalue detected, returning 0
#    Time: 3580800 ns  Iteration: 2  Instance: /tb/MyRiscv/u_regfile/MUXA
# ** Warning: NUMERIC_STD.TO_INTEGER: metavalue detected, returning 0
#    Time: 3601260 ns  Iteration: 2  Instance: /tb/MyRiscv/u_regfile/MUXB
# ** Warning: NUMERIC_STD.TO_INTEGER: metavalue detected, returning 0
#    Time: 3601260 ns  Iteration: 2  Instance: /tb/MyRiscv/u_regfile/MUXA
# ** Warning: NUMERIC_STD.TO_INTEGER: metavalue detected, returning 0
#    Time: 3621720 ns  Iteration: 2  Instance: /tb/MyRiscv/u_regfile/MUXB
# ** Warning: NUMERIC_STD.TO_INTEGER: metavalue detected, returning 0
#    Time: 3621720 ns  Iteration: 2  Instance: /tb/MyRiscv/u_regfile/MUXA
# ** Warning: NUMERIC_STD.TO_INTEGER: metavalue detected, returning 0
#    Time: 3642180 ns  Iteration: 2  Instance: /tb/MyRiscv/u_regfile/MUXB
# ** Warning: NUMERIC_STD.TO_INTEGER: metavalue detected, returning 0
#    Time: 3642180 ns  Iteration: 2  Instance: /tb/MyRiscv/u_regfile/MUXA
# ** Warning: NUMERIC_STD.TO_INTEGER: metavalue detected, returning 0
#    Time: 3662640 ns  Iteration: 2  Instance: /tb/MyRiscv/u_regfile/MUXB
# ** Warning: NUMERIC_STD.TO_INTEGER: metavalue detected, returning 0
#    Time: 3662640 ns  Iteration: 2  Instance: /tb/MyRiscv/u_regfile/MUXA
# ** Warning: NUMERIC_STD.TO_INTEGER: metavalue detected, returning 0
#    Time: 3683100 ns  Iteration: 2  Instance: /tb/MyRiscv/u_regfile/MUXB
# ** Warning: NUMERIC_STD.TO_INTEGER: metavalue detected, returning 0
#    Time: 3683100 ns  Iteration: 2  Instance: /tb/MyRiscv/u_regfile/MUXA
# ** Warning: NUMERIC_STD.TO_INTEGER: metavalue detected, returning 0
#    Time: 3703560 ns  Iteration: 2  Instance: /tb/MyRiscv/u_regfile/MUXB
# ** Warning: NUMERIC_STD.TO_INTEGER: metavalue detected, returning 0
#    Time: 3703560 ns  Iteration: 2  Instance: /tb/MyRiscv/u_regfile/MUXA
# ** Warning: NUMERIC_STD.TO_INTEGER: metavalue detected, returning 0
#    Time: 3724020 ns  Iteration: 2  Instance: /tb/MyRiscv/u_regfile/MUXB
# ** Warning: NUMERIC_STD.TO_INTEGER: metavalue detected, returning 0
#    Time: 3724020 ns  Iteration: 2  Instance: /tb/MyRiscv/u_regfile/MUXA
# ** Warning: NUMERIC_STD.TO_INTEGER: metavalue detected, returning 0
#    Time: 3744480 ns  Iteration: 2  Instance: /tb/MyRiscv/u_regfile/MUXB
# ** Warning: NUMERIC_STD.TO_INTEGER: metavalue detected, returning 0
#    Time: 3744480 ns  Iteration: 2  Instance: /tb/MyRiscv/u_regfile/MUXA
# ** Warning: NUMERIC_STD.TO_INTEGER: metavalue detected, returning 0
#    Time: 3764940 ns  Iteration: 2  Instance: /tb/MyRiscv/u_regfile/MUXB
# ** Warning: NUMERIC_STD.TO_INTEGER: metavalue detected, returning 0
#    Time: 3764940 ns  Iteration: 2  Instance: /tb/MyRiscv/u_regfile/MUXA
# ** Warning: NUMERIC_STD.TO_INTEGER: metavalue detected, returning 0
#    Time: 3785400 ns  Iteration: 2  Instance: /tb/MyRiscv/u_regfile/MUXB
# ** Warning: NUMERIC_STD.TO_INTEGER: metavalue detected, returning 0
#    Time: 3785400 ns  Iteration: 2  Instance: /tb/MyRiscv/u_regfile/MUXA
# ** Warning: NUMERIC_STD.TO_INTEGER: metavalue detected, returning 0
#    Time: 3805860 ns  Iteration: 2  Instance: /tb/MyRiscv/u_regfile/MUXB
# ** Warning: NUMERIC_STD.TO_INTEGER: metavalue detected, returning 0
#    Time: 3805860 ns  Iteration: 2  Instance: /tb/MyRiscv/u_regfile/MUXA
# ** Warning: NUMERIC_STD.TO_INTEGER: metavalue detected, returning 0
#    Time: 3826320 ns  Iteration: 2  Instance: /tb/MyRiscv/u_regfile/MUXB
# ** Warning: NUMERIC_STD.TO_INTEGER: metavalue detected, returning 0
#    Time: 3826320 ns  Iteration: 2  Instance: /tb/MyRiscv/u_regfile/MUXA
# ** Warning: NUMERIC_STD.TO_INTEGER: metavalue detected, returning 0
#    Time: 3846780 ns  Iteration: 2  Instance: /tb/MyRiscv/u_regfile/MUXB
# ** Warning: NUMERIC_STD.TO_INTEGER: metavalue detected, returning 0
#    Time: 3846780 ns  Iteration: 2  Instance: /tb/MyRiscv/u_regfile/MUXA
# ** Warning: NUMERIC_STD.TO_INTEGER: metavalue detected, returning 0
#    Time: 3867240 ns  Iteration: 2  Instance: /tb/MyRiscv/u_regfile/MUXB
# ** Warning: NUMERIC_STD.TO_INTEGER: metavalue detected, returning 0
#    Time: 3867240 ns  Iteration: 2  Instance: /tb/MyRiscv/u_regfile/MUXA
# ** Warning: NUMERIC_STD.TO_INTEGER: metavalue detected, returning 0
#    Time: 3887700 ns  Iteration: 2  Instance: /tb/MyRiscv/u_regfile/MUXB
# ** Warning: NUMERIC_STD.TO_INTEGER: metavalue detected, returning 0
#    Time: 3887700 ns  Iteration: 2  Instance: /tb/MyRiscv/u_regfile/MUXA
# ** Warning: NUMERIC_STD.TO_INTEGER: metavalue detected, returning 0
#    Time: 3908160 ns  Iteration: 2  Instance: /tb/MyRiscv/u_regfile/MUXB
# ** Warning: NUMERIC_STD.TO_INTEGER: metavalue detected, returning 0
#    Time: 3908160 ns  Iteration: 2  Instance: /tb/MyRiscv/u_regfile/MUXA
# ** Warning: NUMERIC_STD.TO_INTEGER: metavalue detected, returning 0
#    Time: 3928620 ns  Iteration: 2  Instance: /tb/MyRiscv/u_regfile/MUXB
# ** Warning: NUMERIC_STD.TO_INTEGER: metavalue detected, returning 0
#    Time: 3928620 ns  Iteration: 2  Instance: /tb/MyRiscv/u_regfile/MUXA
# ** Warning: NUMERIC_STD.TO_INTEGER: metavalue detected, returning 0
#    Time: 3949080 ns  Iteration: 2  Instance: /tb/MyRiscv/u_regfile/MUXB
# ** Warning: NUMERIC_STD.TO_INTEGER: metavalue detected, returning 0
#    Time: 3949080 ns  Iteration: 2  Instance: /tb/MyRiscv/u_regfile/MUXA
# ** Warning: NUMERIC_STD.TO_INTEGER: metavalue detected, returning 0
#    Time: 3969540 ns  Iteration: 2  Instance: /tb/MyRiscv/u_regfile/MUXB
# ** Warning: NUMERIC_STD.TO_INTEGER: metavalue detected, returning 0
#    Time: 3969540 ns  Iteration: 2  Instance: /tb/MyRiscv/u_regfile/MUXA
# ** Warning: NUMERIC_STD.TO_INTEGER: metavalue detected, returning 0
#    Time: 3990 us  Iteration: 2  Instance: /tb/MyRiscv/u_regfile/MUXB
# ** Warning: NUMERIC_STD.TO_INTEGER: metavalue detected, returning 0
#    Time: 3990 us  Iteration: 2  Instance: /tb/MyRiscv/u_regfile/MUXA
# ** Warning: NUMERIC_STD.TO_INTEGER: metavalue detected, returning 0
#    Time: 4010460 ns  Iteration: 2  Instance: /tb/MyRiscv/u_regfile/MUXB
# ** Warning: NUMERIC_STD.TO_INTEGER: metavalue detected, returning 0
#    Time: 4010460 ns  Iteration: 2  Instance: /tb/MyRiscv/u_regfile/MUXA
# ** Warning: NUMERIC_STD.TO_INTEGER: metavalue detected, returning 0
#    Time: 4030920 ns  Iteration: 2  Instance: /tb/MyRiscv/u_regfile/MUXB
# ** Warning: NUMERIC_STD.TO_INTEGER: metavalue detected, returning 0
#    Time: 4030920 ns  Iteration: 2  Instance: /tb/MyRiscv/u_regfile/MUXA
# ** Warning: NUMERIC_STD.TO_INTEGER: metavalue detected, returning 0
#    Time: 4051380 ns  Iteration: 2  Instance: /tb/MyRiscv/u_regfile/MUXB
# ** Warning: NUMERIC_STD.TO_INTEGER: metavalue detected, returning 0
#    Time: 4051380 ns  Iteration: 2  Instance: /tb/MyRiscv/u_regfile/MUXA
# ** Warning: NUMERIC_STD.TO_INTEGER: metavalue detected, returning 0
#    Time: 4071840 ns  Iteration: 2  Instance: /tb/MyRiscv/u_regfile/MUXB
# ** Warning: NUMERIC_STD.TO_INTEGER: metavalue detected, returning 0
#    Time: 4071840 ns  Iteration: 2  Instance: /tb/MyRiscv/u_regfile/MUXA
# ** Warning: NUMERIC_STD.TO_INTEGER: metavalue detected, returning 0
#    Time: 4092300 ns  Iteration: 2  Instance: /tb/MyRiscv/u_regfile/MUXB
# ** Warning: NUMERIC_STD.TO_INTEGER: metavalue detected, returning 0
#    Time: 4092300 ns  Iteration: 2  Instance: /tb/MyRiscv/u_regfile/MUXA
# ** Warning: NUMERIC_STD.TO_INTEGER: metavalue detected, returning 0
#    Time: 4112760 ns  Iteration: 2  Instance: /tb/MyRiscv/u_regfile/MUXB
# ** Warning: NUMERIC_STD.TO_INTEGER: metavalue detected, returning 0
#    Time: 4112760 ns  Iteration: 2  Instance: /tb/MyRiscv/u_regfile/MUXA
# ** Warning: NUMERIC_STD.TO_INTEGER: metavalue detected, returning 0
#    Time: 4133220 ns  Iteration: 2  Instance: /tb/MyRiscv/u_regfile/MUXB
# ** Warning: NUMERIC_STD.TO_INTEGER: metavalue detected, returning 0
#    Time: 4133220 ns  Iteration: 2  Instance: /tb/MyRiscv/u_regfile/MUXA
# ** Warning: NUMERIC_STD.TO_INTEGER: metavalue detected, returning 0
#    Time: 4153680 ns  Iteration: 2  Instance: /tb/MyRiscv/u_regfile/MUXB
# ** Warning: NUMERIC_STD.TO_INTEGER: metavalue detected, returning 0
#    Time: 4153680 ns  Iteration: 2  Instance: /tb/MyRiscv/u_regfile/MUXA
# ** Warning: NUMERIC_STD.TO_INTEGER: metavalue detected, returning 0
#    Time: 4174140 ns  Iteration: 2  Instance: /tb/MyRiscv/u_regfile/MUXB
# ** Warning: NUMERIC_STD.TO_INTEGER: metavalue detected, returning 0
#    Time: 4174140 ns  Iteration: 2  Instance: /tb/MyRiscv/u_regfile/MUXA
# ** Warning: NUMERIC_STD.TO_INTEGER: metavalue detected, returning 0
#    Time: 4194600 ns  Iteration: 2  Instance: /tb/MyRiscv/u_regfile/MUXB
# ** Warning: NUMERIC_STD.TO_INTEGER: metavalue detected, returning 0
#    Time: 4194600 ns  Iteration: 2  Instance: /tb/MyRiscv/u_regfile/MUXA
# ** Warning: NUMERIC_STD.TO_INTEGER: metavalue detected, returning 0
#    Time: 4215060 ns  Iteration: 2  Instance: /tb/MyRiscv/u_regfile/MUXB
# ** Warning: NUMERIC_STD.TO_INTEGER: metavalue detected, returning 0
#    Time: 4215060 ns  Iteration: 2  Instance: /tb/MyRiscv/u_regfile/MUXA
# ** Warning: NUMERIC_STD.TO_INTEGER: metavalue detected, returning 0
#    Time: 4235520 ns  Iteration: 2  Instance: /tb/MyRiscv/u_regfile/MUXB
# ** Warning: NUMERIC_STD.TO_INTEGER: metavalue detected, returning 0
#    Time: 4235520 ns  Iteration: 2  Instance: /tb/MyRiscv/u_regfile/MUXA
# ** Warning: NUMERIC_STD.TO_INTEGER: metavalue detected, returning 0
#    Time: 4255980 ns  Iteration: 2  Instance: /tb/MyRiscv/u_regfile/MUXB
# ** Warning: NUMERIC_STD.TO_INTEGER: metavalue detected, returning 0
#    Time: 4255980 ns  Iteration: 2  Instance: /tb/MyRiscv/u_regfile/MUXA
# ** Warning: NUMERIC_STD.TO_INTEGER: metavalue detected, returning 0
#    Time: 4276440 ns  Iteration: 2  Instance: /tb/MyRiscv/u_regfile/MUXB
# ** Warning: NUMERIC_STD.TO_INTEGER: metavalue detected, returning 0
#    Time: 4276440 ns  Iteration: 2  Instance: /tb/MyRiscv/u_regfile/MUXA
# ** Warning: NUMERIC_STD.TO_INTEGER: metavalue detected, returning 0
#    Time: 4296900 ns  Iteration: 2  Instance: /tb/MyRiscv/u_regfile/MUXB
# ** Warning: NUMERIC_STD.TO_INTEGER: metavalue detected, returning 0
#    Time: 4296900 ns  Iteration: 2  Instance: /tb/MyRiscv/u_regfile/MUXA
# ** Warning: NUMERIC_STD.TO_INTEGER: metavalue detected, returning 0
#    Time: 4317360 ns  Iteration: 2  Instance: /tb/MyRiscv/u_regfile/MUXB
# ** Warning: NUMERIC_STD.TO_INTEGER: metavalue detected, returning 0
#    Time: 4317360 ns  Iteration: 2  Instance: /tb/MyRiscv/u_regfile/MUXA
# ** Warning: NUMERIC_STD.TO_INTEGER: metavalue detected, returning 0
#    Time: 4337820 ns  Iteration: 2  Instance: /tb/MyRiscv/u_regfile/MUXB
# ** Warning: NUMERIC_STD.TO_INTEGER: metavalue detected, returning 0
#    Time: 4337820 ns  Iteration: 2  Instance: /tb/MyRiscv/u_regfile/MUXA
# ** Warning: NUMERIC_STD.TO_INTEGER: metavalue detected, returning 0
#    Time: 4358280 ns  Iteration: 2  Instance: /tb/MyRiscv/u_regfile/MUXB
# ** Warning: NUMERIC_STD.TO_INTEGER: metavalue detected, returning 0
#    Time: 4358280 ns  Iteration: 2  Instance: /tb/MyRiscv/u_regfile/MUXA
# ** Warning: NUMERIC_STD.TO_INTEGER: metavalue detected, returning 0
#    Time: 4378740 ns  Iteration: 2  Instance: /tb/MyRiscv/u_regfile/MUXB
# ** Warning: NUMERIC_STD.TO_INTEGER: metavalue detected, returning 0
#    Time: 4378740 ns  Iteration: 2  Instance: /tb/MyRiscv/u_regfile/MUXA
# ** Warning: NUMERIC_STD.TO_INTEGER: metavalue detected, returning 0
#    Time: 4399200 ns  Iteration: 2  Instance: /tb/MyRiscv/u_regfile/MUXB
# ** Warning: NUMERIC_STD.TO_INTEGER: metavalue detected, returning 0
#    Time: 4399200 ns  Iteration: 2  Instance: /tb/MyRiscv/u_regfile/MUXA
# ** Warning: NUMERIC_STD.TO_INTEGER: metavalue detected, returning 0
#    Time: 4419660 ns  Iteration: 2  Instance: /tb/MyRiscv/u_regfile/MUXB
# ** Warning: NUMERIC_STD.TO_INTEGER: metavalue detected, returning 0
#    Time: 4419660 ns  Iteration: 2  Instance: /tb/MyRiscv/u_regfile/MUXA
# ** Warning: NUMERIC_STD.TO_INTEGER: metavalue detected, returning 0
#    Time: 4440120 ns  Iteration: 2  Instance: /tb/MyRiscv/u_regfile/MUXB
# ** Warning: NUMERIC_STD.TO_INTEGER: metavalue detected, returning 0
#    Time: 4440120 ns  Iteration: 2  Instance: /tb/MyRiscv/u_regfile/MUXA
# ** Warning: NUMERIC_STD.TO_INTEGER: metavalue detected, returning 0
#    Time: 4460580 ns  Iteration: 2  Instance: /tb/MyRiscv/u_regfile/MUXB
# ** Warning: NUMERIC_STD.TO_INTEGER: metavalue detected, returning 0
#    Time: 4460580 ns  Iteration: 2  Instance: /tb/MyRiscv/u_regfile/MUXA
# ** Warning: NUMERIC_STD.TO_INTEGER: metavalue detected, returning 0
#    Time: 4481040 ns  Iteration: 2  Instance: /tb/MyRiscv/u_regfile/MUXB
# ** Warning: NUMERIC_STD.TO_INTEGER: metavalue detected, returning 0
#    Time: 4481040 ns  Iteration: 2  Instance: /tb/MyRiscv/u_regfile/MUXA
# ** Warning: NUMERIC_STD.TO_INTEGER: metavalue detected, returning 0
#    Time: 4501500 ns  Iteration: 2  Instance: /tb/MyRiscv/u_regfile/MUXB
# ** Warning: NUMERIC_STD.TO_INTEGER: metavalue detected, returning 0
#    Time: 4501500 ns  Iteration: 2  Instance: /tb/MyRiscv/u_regfile/MUXA
# ** Warning: NUMERIC_STD.TO_INTEGER: metavalue detected, returning 0
#    Time: 4521960 ns  Iteration: 2  Instance: /tb/MyRiscv/u_regfile/MUXB
# ** Warning: NUMERIC_STD.TO_INTEGER: metavalue detected, returning 0
#    Time: 4521960 ns  Iteration: 2  Instance: /tb/MyRiscv/u_regfile/MUXA
# ** Warning: NUMERIC_STD.TO_INTEGER: metavalue detected, returning 0
#    Time: 4542420 ns  Iteration: 2  Instance: /tb/MyRiscv/u_regfile/MUXB
# ** Warning: NUMERIC_STD.TO_INTEGER: metavalue detected, returning 0
#    Time: 4542420 ns  Iteration: 2  Instance: /tb/MyRiscv/u_regfile/MUXA
# ** Warning: NUMERIC_STD.TO_INTEGER: metavalue detected, returning 0
#    Time: 4562880 ns  Iteration: 2  Instance: /tb/MyRiscv/u_regfile/MUXB
# ** Warning: NUMERIC_STD.TO_INTEGER: metavalue detected, returning 0
#    Time: 4562880 ns  Iteration: 2  Instance: /tb/MyRiscv/u_regfile/MUXA
# ** Warning: NUMERIC_STD.TO_INTEGER: metavalue detected, returning 0
#    Time: 4583340 ns  Iteration: 2  Instance: /tb/MyRiscv/u_regfile/MUXB
# ** Warning: NUMERIC_STD.TO_INTEGER: metavalue detected, returning 0
#    Time: 4583340 ns  Iteration: 2  Instance: /tb/MyRiscv/u_regfile/MUXA
# ** Warning: NUMERIC_STD.TO_INTEGER: metavalue detected, returning 0
#    Time: 4603800 ns  Iteration: 2  Instance: /tb/MyRiscv/u_regfile/MUXB
# ** Warning: NUMERIC_STD.TO_INTEGER: metavalue detected, returning 0
#    Time: 4603800 ns  Iteration: 2  Instance: /tb/MyRiscv/u_regfile/MUXA
# ** Warning: NUMERIC_STD.TO_INTEGER: metavalue detected, returning 0
#    Time: 4624260 ns  Iteration: 2  Instance: /tb/MyRiscv/u_regfile/MUXB
# ** Warning: NUMERIC_STD.TO_INTEGER: metavalue detected, returning 0
#    Time: 4624260 ns  Iteration: 2  Instance: /tb/MyRiscv/u_regfile/MUXA
# ** Warning: NUMERIC_STD.TO_INTEGER: metavalue detected, returning 0
#    Time: 4644720 ns  Iteration: 2  Instance: /tb/MyRiscv/u_regfile/MUXB
# ** Warning: NUMERIC_STD.TO_INTEGER: metavalue detected, returning 0
#    Time: 4644720 ns  Iteration: 2  Instance: /tb/MyRiscv/u_regfile/MUXA
# ** Warning: NUMERIC_STD.TO_INTEGER: metavalue detected, returning 0
#    Time: 4665180 ns  Iteration: 2  Instance: /tb/MyRiscv/u_regfile/MUXB
# ** Warning: NUMERIC_STD.TO_INTEGER: metavalue detected, returning 0
#    Time: 4665180 ns  Iteration: 2  Instance: /tb/MyRiscv/u_regfile/MUXA
# ** Warning: NUMERIC_STD.TO_INTEGER: metavalue detected, returning 0
#    Time: 4685640 ns  Iteration: 2  Instance: /tb/MyRiscv/u_regfile/MUXB
# ** Warning: NUMERIC_STD.TO_INTEGER: metavalue detected, returning 0
#    Time: 4685640 ns  Iteration: 2  Instance: /tb/MyRiscv/u_regfile/MUXA
# ** Warning: NUMERIC_STD.TO_INTEGER: metavalue detected, returning 0
#    Time: 4706100 ns  Iteration: 2  Instance: /tb/MyRiscv/u_regfile/MUXB
# ** Warning: NUMERIC_STD.TO_INTEGER: metavalue detected, returning 0
#    Time: 4706100 ns  Iteration: 2  Instance: /tb/MyRiscv/u_regfile/MUXA
# ** Warning: NUMERIC_STD.TO_INTEGER: metavalue detected, returning 0
#    Time: 4726560 ns  Iteration: 2  Instance: /tb/MyRiscv/u_regfile/MUXB
# ** Warning: NUMERIC_STD.TO_INTEGER: metavalue detected, returning 0
#    Time: 4726560 ns  Iteration: 2  Instance: /tb/MyRiscv/u_regfile/MUXA
# ** Warning: NUMERIC_STD.TO_INTEGER: metavalue detected, returning 0
#    Time: 4747020 ns  Iteration: 2  Instance: /tb/MyRiscv/u_regfile/MUXB
# ** Warning: NUMERIC_STD.TO_INTEGER: metavalue detected, returning 0
#    Time: 4747020 ns  Iteration: 2  Instance: /tb/MyRiscv/u_regfile/MUXA
# ** Warning: NUMERIC_STD.TO_INTEGER: metavalue detected, returning 0
#    Time: 4767480 ns  Iteration: 2  Instance: /tb/MyRiscv/u_regfile/MUXB
# ** Warning: NUMERIC_STD.TO_INTEGER: metavalue detected, returning 0
#    Time: 4767480 ns  Iteration: 2  Instance: /tb/MyRiscv/u_regfile/MUXA
# ** Warning: NUMERIC_STD.TO_INTEGER: metavalue detected, returning 0
#    Time: 4787940 ns  Iteration: 2  Instance: /tb/MyRiscv/u_regfile/MUXB
# ** Warning: NUMERIC_STD.TO_INTEGER: metavalue detected, returning 0
#    Time: 4787940 ns  Iteration: 2  Instance: /tb/MyRiscv/u_regfile/MUXA
# ** Warning: NUMERIC_STD.TO_INTEGER: metavalue detected, returning 0
#    Time: 4808400 ns  Iteration: 2  Instance: /tb/MyRiscv/u_regfile/MUXB
# ** Warning: NUMERIC_STD.TO_INTEGER: metavalue detected, returning 0
#    Time: 4808400 ns  Iteration: 2  Instance: /tb/MyRiscv/u_regfile/MUXA
# ** Warning: NUMERIC_STD.TO_INTEGER: metavalue detected, returning 0
#    Time: 4828860 ns  Iteration: 2  Instance: /tb/MyRiscv/u_regfile/MUXB
# ** Warning: NUMERIC_STD.TO_INTEGER: metavalue detected, returning 0
#    Time: 4828860 ns  Iteration: 2  Instance: /tb/MyRiscv/u_regfile/MUXA
# ** Warning: NUMERIC_STD.TO_INTEGER: metavalue detected, returning 0
#    Time: 4849320 ns  Iteration: 2  Instance: /tb/MyRiscv/u_regfile/MUXB
# ** Warning: NUMERIC_STD.TO_INTEGER: metavalue detected, returning 0
#    Time: 4849320 ns  Iteration: 2  Instance: /tb/MyRiscv/u_regfile/MUXA
# ** Warning: NUMERIC_STD.TO_INTEGER: metavalue detected, returning 0
#    Time: 4869780 ns  Iteration: 2  Instance: /tb/MyRiscv/u_regfile/MUXB
# ** Warning: NUMERIC_STD.TO_INTEGER: metavalue detected, returning 0
#    Time: 4869780 ns  Iteration: 2  Instance: /tb/MyRiscv/u_regfile/MUXA
# ** Warning: NUMERIC_STD.TO_INTEGER: metavalue detected, returning 0
#    Time: 4890240 ns  Iteration: 2  Instance: /tb/MyRiscv/u_regfile/MUXB
# ** Warning: NUMERIC_STD.TO_INTEGER: metavalue detected, returning 0
#    Time: 4890240 ns  Iteration: 2  Instance: /tb/MyRiscv/u_regfile/MUXA
# ** Warning: NUMERIC_STD.TO_INTEGER: metavalue detected, returning 0
#    Time: 4910700 ns  Iteration: 2  Instance: /tb/MyRiscv/u_regfile/MUXB
# ** Warning: NUMERIC_STD.TO_INTEGER: metavalue detected, returning 0
#    Time: 4910700 ns  Iteration: 2  Instance: /tb/MyRiscv/u_regfile/MUXA
# ** Warning: NUMERIC_STD.TO_INTEGER: metavalue detected, returning 0
#    Time: 4931160 ns  Iteration: 2  Instance: /tb/MyRiscv/u_regfile/MUXB
# ** Warning: NUMERIC_STD.TO_INTEGER: metavalue detected, returning 0
#    Time: 4931160 ns  Iteration: 2  Instance: /tb/MyRiscv/u_regfile/MUXA
# ** Warning: NUMERIC_STD.TO_INTEGER: metavalue detected, returning 0
#    Time: 4951620 ns  Iteration: 2  Instance: /tb/MyRiscv/u_regfile/MUXB
# ** Warning: NUMERIC_STD.TO_INTEGER: metavalue detected, returning 0
#    Time: 4951620 ns  Iteration: 2  Instance: /tb/MyRiscv/u_regfile/MUXA
# ** Warning: NUMERIC_STD.TO_INTEGER: metavalue detected, returning 0
#    Time: 4972080 ns  Iteration: 2  Instance: /tb/MyRiscv/u_regfile/MUXB
# ** Warning: NUMERIC_STD.TO_INTEGER: metavalue detected, returning 0
#    Time: 4972080 ns  Iteration: 2  Instance: /tb/MyRiscv/u_regfile/MUXA
# ** Warning: NUMERIC_STD.TO_INTEGER: metavalue detected, returning 0
#    Time: 4992540 ns  Iteration: 2  Instance: /tb/MyRiscv/u_regfile/MUXB
# ** Warning: NUMERIC_STD.TO_INTEGER: metavalue detected, returning 0
#    Time: 4992540 ns  Iteration: 2  Instance: /tb/MyRiscv/u_regfile/MUXA
# ** Warning: NUMERIC_STD.TO_INTEGER: metavalue detected, returning 0
#    Time: 5013 us  Iteration: 2  Instance: /tb/MyRiscv/u_regfile/MUXB
# ** Warning: NUMERIC_STD.TO_INTEGER: metavalue detected, returning 0
#    Time: 5013 us  Iteration: 2  Instance: /tb/MyRiscv/u_regfile/MUXA
# ** Warning: NUMERIC_STD.TO_INTEGER: metavalue detected, returning 0
#    Time: 5033460 ns  Iteration: 2  Instance: /tb/MyRiscv/u_regfile/MUXB
# ** Warning: NUMERIC_STD.TO_INTEGER: metavalue detected, returning 0
#    Time: 5033460 ns  Iteration: 2  Instance: /tb/MyRiscv/u_regfile/MUXA
# ** Warning: NUMERIC_STD.TO_INTEGER: metavalue detected, returning 0
#    Time: 5053920 ns  Iteration: 2  Instance: /tb/MyRiscv/u_regfile/MUXB
# ** Warning: NUMERIC_STD.TO_INTEGER: metavalue detected, returning 0
#    Time: 5053920 ns  Iteration: 2  Instance: /tb/MyRiscv/u_regfile/MUXA
# ** Warning: NUMERIC_STD.TO_INTEGER: metavalue detected, returning 0
#    Time: 5074380 ns  Iteration: 2  Instance: /tb/MyRiscv/u_regfile/MUXB
# ** Warning: NUMERIC_STD.TO_INTEGER: metavalue detected, returning 0
#    Time: 5074380 ns  Iteration: 2  Instance: /tb/MyRiscv/u_regfile/MUXA
# ** Warning: NUMERIC_STD.TO_INTEGER: metavalue detected, returning 0
#    Time: 5094840 ns  Iteration: 2  Instance: /tb/MyRiscv/u_regfile/MUXB
# ** Warning: NUMERIC_STD.TO_INTEGER: metavalue detected, returning 0
#    Time: 5094840 ns  Iteration: 2  Instance: /tb/MyRiscv/u_regfile/MUXA
# ** Warning: NUMERIC_STD.TO_INTEGER: metavalue detected, returning 0
#    Time: 5115300 ns  Iteration: 2  Instance: /tb/MyRiscv/u_regfile/MUXB
# ** Warning: NUMERIC_STD.TO_INTEGER: metavalue detected, returning 0
#    Time: 5115300 ns  Iteration: 2  Instance: /tb/MyRiscv/u_regfile/MUXA
# ** Warning: NUMERIC_STD.TO_INTEGER: metavalue detected, returning 0
#    Time: 5135760 ns  Iteration: 2  Instance: /tb/MyRiscv/u_regfile/MUXB
# ** Warning: NUMERIC_STD.TO_INTEGER: metavalue detected, returning 0
#    Time: 5135760 ns  Iteration: 2  Instance: /tb/MyRiscv/u_regfile/MUXA
# ** Warning: NUMERIC_STD.TO_INTEGER: metavalue detected, returning 0
#    Time: 5156220 ns  Iteration: 2  Instance: /tb/MyRiscv/u_regfile/MUXB
# ** Warning: NUMERIC_STD.TO_INTEGER: metavalue detected, returning 0
#    Time: 5156220 ns  Iteration: 2  Instance: /tb/MyRiscv/u_regfile/MUXA
# ** Warning: NUMERIC_STD.TO_INTEGER: metavalue detected, returning 0
#    Time: 5176680 ns  Iteration: 2  Instance: /tb/MyRiscv/u_regfile/MUXB
# ** Warning: NUMERIC_STD.TO_INTEGER: metavalue detected, returning 0
#    Time: 5176680 ns  Iteration: 2  Instance: /tb/MyRiscv/u_regfile/MUXA
# ** Warning: NUMERIC_STD.TO_INTEGER: metavalue detected, returning 0
#    Time: 5197140 ns  Iteration: 2  Instance: /tb/MyRiscv/u_regfile/MUXB
# ** Warning: NUMERIC_STD.TO_INTEGER: metavalue detected, returning 0
#    Time: 5197140 ns  Iteration: 2  Instance: /tb/MyRiscv/u_regfile/MUXA
# ** Warning: NUMERIC_STD.TO_INTEGER: metavalue detected, returning 0
#    Time: 5217600 ns  Iteration: 2  Instance: /tb/MyRiscv/u_regfile/MUXB
# ** Warning: NUMERIC_STD.TO_INTEGER: metavalue detected, returning 0
#    Time: 5217600 ns  Iteration: 2  Instance: /tb/MyRiscv/u_regfile/MUXA
# ** Warning: NUMERIC_STD.TO_INTEGER: metavalue detected, returning 0
#    Time: 5238060 ns  Iteration: 2  Instance: /tb/MyRiscv/u_regfile/MUXB
# ** Warning: NUMERIC_STD.TO_INTEGER: metavalue detected, returning 0
#    Time: 5238060 ns  Iteration: 2  Instance: /tb/MyRiscv/u_regfile/MUXA
# ** Warning: NUMERIC_STD.TO_INTEGER: metavalue detected, returning 0
#    Time: 5258520 ns  Iteration: 2  Instance: /tb/MyRiscv/u_regfile/MUXB
# ** Warning: NUMERIC_STD.TO_INTEGER: metavalue detected, returning 0
#    Time: 5258520 ns  Iteration: 2  Instance: /tb/MyRiscv/u_regfile/MUXA
# ** Warning: NUMERIC_STD.TO_INTEGER: metavalue detected, returning 0
#    Time: 5278980 ns  Iteration: 2  Instance: /tb/MyRiscv/u_regfile/MUXB
# ** Warning: NUMERIC_STD.TO_INTEGER: metavalue detected, returning 0
#    Time: 5278980 ns  Iteration: 2  Instance: /tb/MyRiscv/u_regfile/MUXA
# ** Warning: NUMERIC_STD.TO_INTEGER: metavalue detected, returning 0
#    Time: 5299440 ns  Iteration: 2  Instance: /tb/MyRiscv/u_regfile/MUXB
# ** Warning: NUMERIC_STD.TO_INTEGER: metavalue detected, returning 0
#    Time: 5299440 ns  Iteration: 2  Instance: /tb/MyRiscv/u_regfile/MUXA
# ** Warning: NUMERIC_STD.TO_INTEGER: metavalue detected, returning 0
#    Time: 5319900 ns  Iteration: 2  Instance: /tb/MyRiscv/u_regfile/MUXB
# ** Warning: NUMERIC_STD.TO_INTEGER: metavalue detected, returning 0
#    Time: 5319900 ns  Iteration: 2  Instance: /tb/MyRiscv/u_regfile/MUXA
# ** Warning: NUMERIC_STD.TO_INTEGER: metavalue detected, returning 0
#    Time: 5340360 ns  Iteration: 2  Instance: /tb/MyRiscv/u_regfile/MUXB
# ** Warning: NUMERIC_STD.TO_INTEGER: metavalue detected, returning 0
#    Time: 5340360 ns  Iteration: 2  Instance: /tb/MyRiscv/u_regfile/MUXA
# ** Warning: NUMERIC_STD.TO_INTEGER: metavalue detected, returning 0
#    Time: 5360820 ns  Iteration: 2  Instance: /tb/MyRiscv/u_regfile/MUXB
# ** Warning: NUMERIC_STD.TO_INTEGER: metavalue detected, returning 0
#    Time: 5360820 ns  Iteration: 2  Instance: /tb/MyRiscv/u_regfile/MUXA
# ** Warning: NUMERIC_STD.TO_INTEGER: metavalue detected, returning 0
#    Time: 5381280 ns  Iteration: 2  Instance: /tb/MyRiscv/u_regfile/MUXB
# ** Warning: NUMERIC_STD.TO_INTEGER: metavalue detected, returning 0
#    Time: 5381280 ns  Iteration: 2  Instance: /tb/MyRiscv/u_regfile/MUXA
# ** Warning: NUMERIC_STD.TO_INTEGER: metavalue detected, returning 0
#    Time: 5401740 ns  Iteration: 2  Instance: /tb/MyRiscv/u_regfile/MUXB
# ** Warning: NUMERIC_STD.TO_INTEGER: metavalue detected, returning 0
#    Time: 5401740 ns  Iteration: 2  Instance: /tb/MyRiscv/u_regfile/MUXA
# ** Warning: NUMERIC_STD.TO_INTEGER: metavalue detected, returning 0
#    Time: 5422200 ns  Iteration: 2  Instance: /tb/MyRiscv/u_regfile/MUXB
# ** Warning: NUMERIC_STD.TO_INTEGER: metavalue detected, returning 0
#    Time: 5422200 ns  Iteration: 2  Instance: /tb/MyRiscv/u_regfile/MUXA
# ** Warning: NUMERIC_STD.TO_INTEGER: metavalue detected, returning 0
#    Time: 5442660 ns  Iteration: 2  Instance: /tb/MyRiscv/u_regfile/MUXB
# ** Warning: NUMERIC_STD.TO_INTEGER: metavalue detected, returning 0
#    Time: 5442660 ns  Iteration: 2  Instance: /tb/MyRiscv/u_regfile/MUXA
# ** Warning: NUMERIC_STD.TO_INTEGER: metavalue detected, returning 0
#    Time: 5463120 ns  Iteration: 2  Instance: /tb/MyRiscv/u_regfile/MUXB
# ** Warning: NUMERIC_STD.TO_INTEGER: metavalue detected, returning 0
#    Time: 5463120 ns  Iteration: 2  Instance: /tb/MyRiscv/u_regfile/MUXA
# ** Warning: NUMERIC_STD.TO_INTEGER: metavalue detected, returning 0
#    Time: 5483580 ns  Iteration: 2  Instance: /tb/MyRiscv/u_regfile/MUXB
# ** Warning: NUMERIC_STD.TO_INTEGER: metavalue detected, returning 0
#    Time: 5483580 ns  Iteration: 2  Instance: /tb/MyRiscv/u_regfile/MUXA
# ** Warning: NUMERIC_STD.TO_INTEGER: metavalue detected, returning 0
#    Time: 5504040 ns  Iteration: 2  Instance: /tb/MyRiscv/u_regfile/MUXB
# ** Warning: NUMERIC_STD.TO_INTEGER: metavalue detected, returning 0
#    Time: 5504040 ns  Iteration: 2  Instance: /tb/MyRiscv/u_regfile/MUXA
# ** Warning: NUMERIC_STD.TO_INTEGER: metavalue detected, returning 0
#    Time: 5524500 ns  Iteration: 2  Instance: /tb/MyRiscv/u_regfile/MUXB
# ** Warning: NUMERIC_STD.TO_INTEGER: metavalue detected, returning 0
#    Time: 5524500 ns  Iteration: 2  Instance: /tb/MyRiscv/u_regfile/MUXA
# ** Warning: NUMERIC_STD.TO_INTEGER: metavalue detected, returning 0
#    Time: 5544960 ns  Iteration: 2  Instance: /tb/MyRiscv/u_regfile/MUXB
# ** Warning: NUMERIC_STD.TO_INTEGER: metavalue detected, returning 0
#    Time: 5544960 ns  Iteration: 2  Instance: /tb/MyRiscv/u_regfile/MUXA
# ** Warning: NUMERIC_STD.TO_INTEGER: metavalue detected, returning 0
#    Time: 5565420 ns  Iteration: 2  Instance: /tb/MyRiscv/u_regfile/MUXB
# ** Warning: NUMERIC_STD.TO_INTEGER: metavalue detected, returning 0
#    Time: 5565420 ns  Iteration: 2  Instance: /tb/MyRiscv/u_regfile/MUXA
# ** Warning: NUMERIC_STD.TO_INTEGER: metavalue detected, returning 0
#    Time: 5585880 ns  Iteration: 2  Instance: /tb/MyRiscv/u_regfile/MUXB
# ** Warning: NUMERIC_STD.TO_INTEGER: metavalue detected, returning 0
#    Time: 5585880 ns  Iteration: 2  Instance: /tb/MyRiscv/u_regfile/MUXA
# ** Warning: NUMERIC_STD.TO_INTEGER: metavalue detected, returning 0
#    Time: 5606340 ns  Iteration: 2  Instance: /tb/MyRiscv/u_regfile/MUXB
# ** Warning: NUMERIC_STD.TO_INTEGER: metavalue detected, returning 0
#    Time: 5606340 ns  Iteration: 2  Instance: /tb/MyRiscv/u_regfile/MUXA
# ** Warning: NUMERIC_STD.TO_INTEGER: metavalue detected, returning 0
#    Time: 5626800 ns  Iteration: 2  Instance: /tb/MyRiscv/u_regfile/MUXB
# ** Warning: NUMERIC_STD.TO_INTEGER: metavalue detected, returning 0
#    Time: 5626800 ns  Iteration: 2  Instance: /tb/MyRiscv/u_regfile/MUXA
# ** Warning: NUMERIC_STD.TO_INTEGER: metavalue detected, returning 0
#    Time: 5647260 ns  Iteration: 2  Instance: /tb/MyRiscv/u_regfile/MUXB
# ** Warning: NUMERIC_STD.TO_INTEGER: metavalue detected, returning 0
#    Time: 5647260 ns  Iteration: 2  Instance: /tb/MyRiscv/u_regfile/MUXA
# ** Warning: NUMERIC_STD.TO_INTEGER: metavalue detected, returning 0
#    Time: 5667720 ns  Iteration: 2  Instance: /tb/MyRiscv/u_regfile/MUXB
# ** Warning: NUMERIC_STD.TO_INTEGER: metavalue detected, returning 0
#    Time: 5667720 ns  Iteration: 2  Instance: /tb/MyRiscv/u_regfile/MUXA
# ** Warning: NUMERIC_STD.TO_INTEGER: metavalue detected, returning 0
#    Time: 5688180 ns  Iteration: 2  Instance: /tb/MyRiscv/u_regfile/MUXB
# ** Warning: NUMERIC_STD.TO_INTEGER: metavalue detected, returning 0
#    Time: 5688180 ns  Iteration: 2  Instance: /tb/MyRiscv/u_regfile/MUXA
# ** Warning: NUMERIC_STD.TO_INTEGER: metavalue detected, returning 0
#    Time: 5708640 ns  Iteration: 2  Instance: /tb/MyRiscv/u_regfile/MUXB
# ** Warning: NUMERIC_STD.TO_INTEGER: metavalue detected, returning 0
#    Time: 5708640 ns  Iteration: 2  Instance: /tb/MyRiscv/u_regfile/MUXA
# ** Warning: NUMERIC_STD.TO_INTEGER: metavalue detected, returning 0
#    Time: 5729100 ns  Iteration: 2  Instance: /tb/MyRiscv/u_regfile/MUXB
# ** Warning: NUMERIC_STD.TO_INTEGER: metavalue detected, returning 0
#    Time: 5729100 ns  Iteration: 2  Instance: /tb/MyRiscv/u_regfile/MUXA
# ** Warning: NUMERIC_STD.TO_INTEGER: metavalue detected, returning 0
#    Time: 5749560 ns  Iteration: 2  Instance: /tb/MyRiscv/u_regfile/MUXB
# ** Warning: NUMERIC_STD.TO_INTEGER: metavalue detected, returning 0
#    Time: 5749560 ns  Iteration: 2  Instance: /tb/MyRiscv/u_regfile/MUXA
# ** Warning: NUMERIC_STD.TO_INTEGER: metavalue detected, returning 0
#    Time: 5770020 ns  Iteration: 2  Instance: /tb/MyRiscv/u_regfile/MUXB
# ** Warning: NUMERIC_STD.TO_INTEGER: metavalue detected, returning 0
#    Time: 5770020 ns  Iteration: 2  Instance: /tb/MyRiscv/u_regfile/MUXA
# ** Warning: NUMERIC_STD.TO_INTEGER: metavalue detected, returning 0
#    Time: 5790480 ns  Iteration: 2  Instance: /tb/MyRiscv/u_regfile/MUXB
# ** Warning: NUMERIC_STD.TO_INTEGER: metavalue detected, returning 0
#    Time: 5790480 ns  Iteration: 2  Instance: /tb/MyRiscv/u_regfile/MUXA
# ** Warning: NUMERIC_STD.TO_INTEGER: metavalue detected, returning 0
#    Time: 5810940 ns  Iteration: 2  Instance: /tb/MyRiscv/u_regfile/MUXB
# ** Warning: NUMERIC_STD.TO_INTEGER: metavalue detected, returning 0
#    Time: 5810940 ns  Iteration: 2  Instance: /tb/MyRiscv/u_regfile/MUXA
# ** Warning: NUMERIC_STD.TO_INTEGER: metavalue detected, returning 0
#    Time: 5831400 ns  Iteration: 2  Instance: /tb/MyRiscv/u_regfile/MUXB
# ** Warning: NUMERIC_STD.TO_INTEGER: metavalue detected, returning 0
#    Time: 5831400 ns  Iteration: 2  Instance: /tb/MyRiscv/u_regfile/MUXA
# ** Warning: NUMERIC_STD.TO_INTEGER: metavalue detected, returning 0
#    Time: 5851860 ns  Iteration: 2  Instance: /tb/MyRiscv/u_regfile/MUXB
# ** Warning: NUMERIC_STD.TO_INTEGER: metavalue detected, returning 0
#    Time: 5851860 ns  Iteration: 2  Instance: /tb/MyRiscv/u_regfile/MUXA
# ** Warning: NUMERIC_STD.TO_INTEGER: metavalue detected, returning 0
#    Time: 5872320 ns  Iteration: 2  Instance: /tb/MyRiscv/u_regfile/MUXB
# ** Warning: NUMERIC_STD.TO_INTEGER: metavalue detected, returning 0
#    Time: 5872320 ns  Iteration: 2  Instance: /tb/MyRiscv/u_regfile/MUXA
# ** Warning: NUMERIC_STD.TO_INTEGER: metavalue detected, returning 0
#    Time: 5892780 ns  Iteration: 2  Instance: /tb/MyRiscv/u_regfile/MUXB
# ** Warning: NUMERIC_STD.TO_INTEGER: metavalue detected, returning 0
#    Time: 5892780 ns  Iteration: 2  Instance: /tb/MyRiscv/u_regfile/MUXA
# ** Warning: NUMERIC_STD.TO_INTEGER: metavalue detected, returning 0
#    Time: 5913240 ns  Iteration: 2  Instance: /tb/MyRiscv/u_regfile/MUXB
# ** Warning: NUMERIC_STD.TO_INTEGER: metavalue detected, returning 0
#    Time: 5913240 ns  Iteration: 2  Instance: /tb/MyRiscv/u_regfile/MUXA
# ** Warning: NUMERIC_STD.TO_INTEGER: metavalue detected, returning 0
#    Time: 5933700 ns  Iteration: 2  Instance: /tb/MyRiscv/u_regfile/MUXB
# ** Warning: NUMERIC_STD.TO_INTEGER: metavalue detected, returning 0
#    Time: 5933700 ns  Iteration: 2  Instance: /tb/MyRiscv/u_regfile/MUXA
# ** Warning: NUMERIC_STD.TO_INTEGER: metavalue detected, returning 0
#    Time: 5954160 ns  Iteration: 2  Instance: /tb/MyRiscv/u_regfile/MUXB
# ** Warning: NUMERIC_STD.TO_INTEGER: metavalue detected, returning 0
#    Time: 5954160 ns  Iteration: 2  Instance: /tb/MyRiscv/u_regfile/MUXA
# ** Warning: NUMERIC_STD.TO_INTEGER: metavalue detected, returning 0
#    Time: 5974620 ns  Iteration: 2  Instance: /tb/MyRiscv/u_regfile/MUXB
# ** Warning: NUMERIC_STD.TO_INTEGER: metavalue detected, returning 0
#    Time: 5974620 ns  Iteration: 2  Instance: /tb/MyRiscv/u_regfile/MUXA
# ** Warning: NUMERIC_STD.TO_INTEGER: metavalue detected, returning 0
#    Time: 5995080 ns  Iteration: 2  Instance: /tb/MyRiscv/u_regfile/MUXB
# ** Warning: NUMERIC_STD.TO_INTEGER: metavalue detected, returning 0
#    Time: 5995080 ns  Iteration: 2  Instance: /tb/MyRiscv/u_regfile/MUXA
# ** Warning: NUMERIC_STD.TO_INTEGER: metavalue detected, returning 0
#    Time: 6015540 ns  Iteration: 2  Instance: /tb/MyRiscv/u_regfile/MUXB
# ** Warning: NUMERIC_STD.TO_INTEGER: metavalue detected, returning 0
#    Time: 6015540 ns  Iteration: 2  Instance: /tb/MyRiscv/u_regfile/MUXA
# ** Warning: NUMERIC_STD.TO_INTEGER: metavalue detected, returning 0
#    Time: 6036 us  Iteration: 2  Instance: /tb/MyRiscv/u_regfile/MUXB
# ** Warning: NUMERIC_STD.TO_INTEGER: metavalue detected, returning 0
#    Time: 6036 us  Iteration: 2  Instance: /tb/MyRiscv/u_regfile/MUXA
# ** Warning: NUMERIC_STD.TO_INTEGER: metavalue detected, returning 0
#    Time: 6056460 ns  Iteration: 2  Instance: /tb/MyRiscv/u_regfile/MUXB
# ** Warning: NUMERIC_STD.TO_INTEGER: metavalue detected, returning 0
#    Time: 6056460 ns  Iteration: 2  Instance: /tb/MyRiscv/u_regfile/MUXA
# ** Warning: NUMERIC_STD.TO_INTEGER: metavalue detected, returning 0
#    Time: 6076920 ns  Iteration: 2  Instance: /tb/MyRiscv/u_regfile/MUXB
# ** Warning: NUMERIC_STD.TO_INTEGER: metavalue detected, returning 0
#    Time: 6076920 ns  Iteration: 2  Instance: /tb/MyRiscv/u_regfile/MUXA
# ** Warning: NUMERIC_STD.TO_INTEGER: metavalue detected, returning 0
#    Time: 6097380 ns  Iteration: 2  Instance: /tb/MyRiscv/u_regfile/MUXB
# ** Warning: NUMERIC_STD.TO_INTEGER: metavalue detected, returning 0
#    Time: 6097380 ns  Iteration: 2  Instance: /tb/MyRiscv/u_regfile/MUXA
# ** Warning: NUMERIC_STD.TO_INTEGER: metavalue detected, returning 0
#    Time: 6117840 ns  Iteration: 2  Instance: /tb/MyRiscv/u_regfile/MUXB
# ** Warning: NUMERIC_STD.TO_INTEGER: metavalue detected, returning 0
#    Time: 6117840 ns  Iteration: 2  Instance: /tb/MyRiscv/u_regfile/MUXA
# ** Warning: NUMERIC_STD.TO_INTEGER: metavalue detected, returning 0
#    Time: 6138300 ns  Iteration: 2  Instance: /tb/MyRiscv/u_regfile/MUXB
# ** Warning: NUMERIC_STD.TO_INTEGER: metavalue detected, returning 0
#    Time: 6138300 ns  Iteration: 2  Instance: /tb/MyRiscv/u_regfile/MUXA
# ** Warning: NUMERIC_STD.TO_INTEGER: metavalue detected, returning 0
#    Time: 6158760 ns  Iteration: 2  Instance: /tb/MyRiscv/u_regfile/MUXB
# ** Warning: NUMERIC_STD.TO_INTEGER: metavalue detected, returning 0
#    Time: 6158760 ns  Iteration: 2  Instance: /tb/MyRiscv/u_regfile/MUXA
# ** Warning: NUMERIC_STD.TO_INTEGER: metavalue detected, returning 0
#    Time: 6179220 ns  Iteration: 2  Instance: /tb/MyRiscv/u_regfile/MUXB
# ** Warning: NUMERIC_STD.TO_INTEGER: metavalue detected, returning 0
#    Time: 6179220 ns  Iteration: 2  Instance: /tb/MyRiscv/u_regfile/MUXA
# ** Warning: NUMERIC_STD.TO_INTEGER: metavalue detected, returning 0
#    Time: 6199680 ns  Iteration: 2  Instance: /tb/MyRiscv/u_regfile/MUXB
# ** Warning: NUMERIC_STD.TO_INTEGER: metavalue detected, returning 0
#    Time: 6199680 ns  Iteration: 2  Instance: /tb/MyRiscv/u_regfile/MUXA
# ** Warning: NUMERIC_STD.TO_INTEGER: metavalue detected, returning 0
#    Time: 6220140 ns  Iteration: 2  Instance: /tb/MyRiscv/u_regfile/MUXB
# ** Warning: NUMERIC_STD.TO_INTEGER: metavalue detected, returning 0
#    Time: 6220140 ns  Iteration: 2  Instance: /tb/MyRiscv/u_regfile/MUXA
# ** Warning: NUMERIC_STD.TO_INTEGER: metavalue detected, returning 0
#    Time: 6240600 ns  Iteration: 2  Instance: /tb/MyRiscv/u_regfile/MUXB
# ** Warning: NUMERIC_STD.TO_INTEGER: metavalue detected, returning 0
#    Time: 6240600 ns  Iteration: 2  Instance: /tb/MyRiscv/u_regfile/MUXA
# ** Warning: NUMERIC_STD.TO_INTEGER: metavalue detected, returning 0
#    Time: 6261060 ns  Iteration: 2  Instance: /tb/MyRiscv/u_regfile/MUXB
# ** Warning: NUMERIC_STD.TO_INTEGER: metavalue detected, returning 0
#    Time: 6261060 ns  Iteration: 2  Instance: /tb/MyRiscv/u_regfile/MUXA
# ** Warning: NUMERIC_STD.TO_INTEGER: metavalue detected, returning 0
#    Time: 6281520 ns  Iteration: 2  Instance: /tb/MyRiscv/u_regfile/MUXB
# ** Warning: NUMERIC_STD.TO_INTEGER: metavalue detected, returning 0
#    Time: 6281520 ns  Iteration: 2  Instance: /tb/MyRiscv/u_regfile/MUXA
# ** Warning: NUMERIC_STD.TO_INTEGER: metavalue detected, returning 0
#    Time: 6301980 ns  Iteration: 2  Instance: /tb/MyRiscv/u_regfile/MUXB
# ** Warning: NUMERIC_STD.TO_INTEGER: metavalue detected, returning 0
#    Time: 6301980 ns  Iteration: 2  Instance: /tb/MyRiscv/u_regfile/MUXA
# ** Warning: NUMERIC_STD.TO_INTEGER: metavalue detected, returning 0
#    Time: 6322440 ns  Iteration: 2  Instance: /tb/MyRiscv/u_regfile/MUXB
# ** Warning: NUMERIC_STD.TO_INTEGER: metavalue detected, returning 0
#    Time: 6322440 ns  Iteration: 2  Instance: /tb/MyRiscv/u_regfile/MUXA
# ** Warning: NUMERIC_STD.TO_INTEGER: metavalue detected, returning 0
#    Time: 6342900 ns  Iteration: 2  Instance: /tb/MyRiscv/u_regfile/MUXB
# ** Warning: NUMERIC_STD.TO_INTEGER: metavalue detected, returning 0
#    Time: 6342900 ns  Iteration: 2  Instance: /tb/MyRiscv/u_regfile/MUXA
# ** Warning: NUMERIC_STD.TO_INTEGER: metavalue detected, returning 0
#    Time: 6363360 ns  Iteration: 2  Instance: /tb/MyRiscv/u_regfile/MUXB
# ** Warning: NUMERIC_STD.TO_INTEGER: metavalue detected, returning 0
#    Time: 6363360 ns  Iteration: 2  Instance: /tb/MyRiscv/u_regfile/MUXA
# ** Warning: NUMERIC_STD.TO_INTEGER: metavalue detected, returning 0
#    Time: 6383820 ns  Iteration: 2  Instance: /tb/MyRiscv/u_regfile/MUXB
# ** Warning: NUMERIC_STD.TO_INTEGER: metavalue detected, returning 0
#    Time: 6383820 ns  Iteration: 2  Instance: /tb/MyRiscv/u_regfile/MUXA
# ** Warning: NUMERIC_STD.TO_INTEGER: metavalue detected, returning 0
#    Time: 6404280 ns  Iteration: 2  Instance: /tb/MyRiscv/u_regfile/MUXB
# ** Warning: NUMERIC_STD.TO_INTEGER: metavalue detected, returning 0
#    Time: 6404280 ns  Iteration: 2  Instance: /tb/MyRiscv/u_regfile/MUXA
# ** Warning: NUMERIC_STD.TO_INTEGER: metavalue detected, returning 0
#    Time: 6424740 ns  Iteration: 2  Instance: /tb/MyRiscv/u_regfile/MUXB
# ** Warning: NUMERIC_STD.TO_INTEGER: metavalue detected, returning 0
#    Time: 6424740 ns  Iteration: 2  Instance: /tb/MyRiscv/u_regfile/MUXA
# ** Warning: NUMERIC_STD.TO_INTEGER: metavalue detected, returning 0
#    Time: 6445200 ns  Iteration: 2  Instance: /tb/MyRiscv/u_regfile/MUXB
# ** Warning: NUMERIC_STD.TO_INTEGER: metavalue detected, returning 0
#    Time: 6445200 ns  Iteration: 2  Instance: /tb/MyRiscv/u_regfile/MUXA
# ** Warning: NUMERIC_STD.TO_INTEGER: metavalue detected, returning 0
#    Time: 6465660 ns  Iteration: 2  Instance: /tb/MyRiscv/u_regfile/MUXB
# ** Warning: NUMERIC_STD.TO_INTEGER: metavalue detected, returning 0
#    Time: 6465660 ns  Iteration: 2  Instance: /tb/MyRiscv/u_regfile/MUXA
# ** Warning: NUMERIC_STD.TO_INTEGER: metavalue detected, returning 0
#    Time: 6486120 ns  Iteration: 2  Instance: /tb/MyRiscv/u_regfile/MUXB
# ** Warning: NUMERIC_STD.TO_INTEGER: metavalue detected, returning 0
#    Time: 6486120 ns  Iteration: 2  Instance: /tb/MyRiscv/u_regfile/MUXA
# ** Warning: NUMERIC_STD.TO_INTEGER: metavalue detected, returning 0
#    Time: 6506580 ns  Iteration: 2  Instance: /tb/MyRiscv/u_regfile/MUXB
# ** Warning: NUMERIC_STD.TO_INTEGER: metavalue detected, returning 0
#    Time: 6506580 ns  Iteration: 2  Instance: /tb/MyRiscv/u_regfile/MUXA
# ** Warning: NUMERIC_STD.TO_INTEGER: metavalue detected, returning 0
#    Time: 6527040 ns  Iteration: 2  Instance: /tb/MyRiscv/u_regfile/MUXB
# ** Warning: NUMERIC_STD.TO_INTEGER: metavalue detected, returning 0
#    Time: 6527040 ns  Iteration: 2  Instance: /tb/MyRiscv/u_regfile/MUXA
# ** Warning: NUMERIC_STD.TO_INTEGER: metavalue detected, returning 0
#    Time: 6547500 ns  Iteration: 2  Instance: /tb/MyRiscv/u_regfile/MUXB
# ** Warning: NUMERIC_STD.TO_INTEGER: metavalue detected, returning 0
#    Time: 6547500 ns  Iteration: 2  Instance: /tb/MyRiscv/u_regfile/MUXA
# ** Warning: NUMERIC_STD.TO_INTEGER: metavalue detected, returning 0
#    Time: 6567960 ns  Iteration: 2  Instance: /tb/MyRiscv/u_regfile/MUXB
# ** Warning: NUMERIC_STD.TO_INTEGER: metavalue detected, returning 0
#    Time: 6567960 ns  Iteration: 2  Instance: /tb/MyRiscv/u_regfile/MUXA
# ** Warning: NUMERIC_STD.TO_INTEGER: metavalue detected, returning 0
#    Time: 6588420 ns  Iteration: 2  Instance: /tb/MyRiscv/u_regfile/MUXB
# ** Warning: NUMERIC_STD.TO_INTEGER: metavalue detected, returning 0
#    Time: 6588420 ns  Iteration: 2  Instance: /tb/MyRiscv/u_regfile/MUXA
# ** Warning: NUMERIC_STD.TO_INTEGER: metavalue detected, returning 0
#    Time: 6608880 ns  Iteration: 2  Instance: /tb/MyRiscv/u_regfile/MUXB
# ** Warning: NUMERIC_STD.TO_INTEGER: metavalue detected, returning 0
#    Time: 6608880 ns  Iteration: 2  Instance: /tb/MyRiscv/u_regfile/MUXA
# ** Warning: NUMERIC_STD.TO_INTEGER: metavalue detected, returning 0
#    Time: 6629340 ns  Iteration: 2  Instance: /tb/MyRiscv/u_regfile/MUXB
# ** Warning: NUMERIC_STD.TO_INTEGER: metavalue detected, returning 0
#    Time: 6629340 ns  Iteration: 2  Instance: /tb/MyRiscv/u_regfile/MUXA
# ** Warning: NUMERIC_STD.TO_INTEGER: metavalue detected, returning 0
#    Time: 6649800 ns  Iteration: 2  Instance: /tb/MyRiscv/u_regfile/MUXB
# ** Warning: NUMERIC_STD.TO_INTEGER: metavalue detected, returning 0
#    Time: 6649800 ns  Iteration: 2  Instance: /tb/MyRiscv/u_regfile/MUXA
# ** Warning: NUMERIC_STD.TO_INTEGER: metavalue detected, returning 0
#    Time: 6670260 ns  Iteration: 2  Instance: /tb/MyRiscv/u_regfile/MUXB
# ** Warning: NUMERIC_STD.TO_INTEGER: metavalue detected, returning 0
#    Time: 6670260 ns  Iteration: 2  Instance: /tb/MyRiscv/u_regfile/MUXA
# ** Warning: NUMERIC_STD.TO_INTEGER: metavalue detected, returning 0
#    Time: 6690720 ns  Iteration: 2  Instance: /tb/MyRiscv/u_regfile/MUXB
# ** Warning: NUMERIC_STD.TO_INTEGER: metavalue detected, returning 0
#    Time: 6690720 ns  Iteration: 2  Instance: /tb/MyRiscv/u_regfile/MUXA
# ** Warning: NUMERIC_STD.TO_INTEGER: metavalue detected, returning 0
#    Time: 6711180 ns  Iteration: 2  Instance: /tb/MyRiscv/u_regfile/MUXB
# ** Warning: NUMERIC_STD.TO_INTEGER: metavalue detected, returning 0
#    Time: 6711180 ns  Iteration: 2  Instance: /tb/MyRiscv/u_regfile/MUXA
# ** Warning: NUMERIC_STD.TO_INTEGER: metavalue detected, returning 0
#    Time: 6731640 ns  Iteration: 2  Instance: /tb/MyRiscv/u_regfile/MUXB
# ** Warning: NUMERIC_STD.TO_INTEGER: metavalue detected, returning 0
#    Time: 6731640 ns  Iteration: 2  Instance: /tb/MyRiscv/u_regfile/MUXA
# ** Warning: NUMERIC_STD.TO_INTEGER: metavalue detected, returning 0
#    Time: 6752100 ns  Iteration: 2  Instance: /tb/MyRiscv/u_regfile/MUXB
# ** Warning: NUMERIC_STD.TO_INTEGER: metavalue detected, returning 0
#    Time: 6752100 ns  Iteration: 2  Instance: /tb/MyRiscv/u_regfile/MUXA
# ** Warning: NUMERIC_STD.TO_INTEGER: metavalue detected, returning 0
#    Time: 6772560 ns  Iteration: 2  Instance: /tb/MyRiscv/u_regfile/MUXB
# ** Warning: NUMERIC_STD.TO_INTEGER: metavalue detected, returning 0
#    Time: 6772560 ns  Iteration: 2  Instance: /tb/MyRiscv/u_regfile/MUXA
# ** Warning: NUMERIC_STD.TO_INTEGER: metavalue detected, returning 0
#    Time: 6793020 ns  Iteration: 2  Instance: /tb/MyRiscv/u_regfile/MUXB
# ** Warning: NUMERIC_STD.TO_INTEGER: metavalue detected, returning 0
#    Time: 6793020 ns  Iteration: 2  Instance: /tb/MyRiscv/u_regfile/MUXA
# ** Warning: NUMERIC_STD.TO_INTEGER: metavalue detected, returning 0
#    Time: 6813480 ns  Iteration: 2  Instance: /tb/MyRiscv/u_regfile/MUXB
# ** Warning: NUMERIC_STD.TO_INTEGER: metavalue detected, returning 0
#    Time: 6813480 ns  Iteration: 2  Instance: /tb/MyRiscv/u_regfile/MUXA
# ** Warning: NUMERIC_STD.TO_INTEGER: metavalue detected, returning 0
#    Time: 6833940 ns  Iteration: 2  Instance: /tb/MyRiscv/u_regfile/MUXB
# ** Warning: NUMERIC_STD.TO_INTEGER: metavalue detected, returning 0
#    Time: 6833940 ns  Iteration: 2  Instance: /tb/MyRiscv/u_regfile/MUXA
# ** Warning: NUMERIC_STD.TO_INTEGER: metavalue detected, returning 0
#    Time: 6854400 ns  Iteration: 2  Instance: /tb/MyRiscv/u_regfile/MUXB
# ** Warning: NUMERIC_STD.TO_INTEGER: metavalue detected, returning 0
#    Time: 6854400 ns  Iteration: 2  Instance: /tb/MyRiscv/u_regfile/MUXA
# ** Warning: NUMERIC_STD.TO_INTEGER: metavalue detected, returning 0
#    Time: 6874860 ns  Iteration: 2  Instance: /tb/MyRiscv/u_regfile/MUXB
# ** Warning: NUMERIC_STD.TO_INTEGER: metavalue detected, returning 0
#    Time: 6874860 ns  Iteration: 2  Instance: /tb/MyRiscv/u_regfile/MUXA
# ** Warning: NUMERIC_STD.TO_INTEGER: metavalue detected, returning 0
#    Time: 6895320 ns  Iteration: 2  Instance: /tb/MyRiscv/u_regfile/MUXB
# ** Warning: NUMERIC_STD.TO_INTEGER: metavalue detected, returning 0
#    Time: 6895320 ns  Iteration: 2  Instance: /tb/MyRiscv/u_regfile/MUXA
# ** Warning: NUMERIC_STD.TO_INTEGER: metavalue detected, returning 0
#    Time: 6915780 ns  Iteration: 2  Instance: /tb/MyRiscv/u_regfile/MUXB
# ** Warning: NUMERIC_STD.TO_INTEGER: metavalue detected, returning 0
#    Time: 6915780 ns  Iteration: 2  Instance: /tb/MyRiscv/u_regfile/MUXA
# ** Warning: NUMERIC_STD.TO_INTEGER: metavalue detected, returning 0
#    Time: 6936240 ns  Iteration: 2  Instance: /tb/MyRiscv/u_regfile/MUXB
# ** Warning: NUMERIC_STD.TO_INTEGER: metavalue detected, returning 0
#    Time: 6936240 ns  Iteration: 2  Instance: /tb/MyRiscv/u_regfile/MUXA
# ** Warning: NUMERIC_STD.TO_INTEGER: metavalue detected, returning 0
#    Time: 6956700 ns  Iteration: 2  Instance: /tb/MyRiscv/u_regfile/MUXB
# ** Warning: NUMERIC_STD.TO_INTEGER: metavalue detected, returning 0
#    Time: 6956700 ns  Iteration: 2  Instance: /tb/MyRiscv/u_regfile/MUXA
# ** Warning: NUMERIC_STD.TO_INTEGER: metavalue detected, returning 0
#    Time: 6977160 ns  Iteration: 2  Instance: /tb/MyRiscv/u_regfile/MUXB
# ** Warning: NUMERIC_STD.TO_INTEGER: metavalue detected, returning 0
#    Time: 6977160 ns  Iteration: 2  Instance: /tb/MyRiscv/u_regfile/MUXA
# ** Warning: NUMERIC_STD.TO_INTEGER: metavalue detected, returning 0
#    Time: 6997620 ns  Iteration: 2  Instance: /tb/MyRiscv/u_regfile/MUXB
# ** Warning: NUMERIC_STD.TO_INTEGER: metavalue detected, returning 0
#    Time: 6997620 ns  Iteration: 2  Instance: /tb/MyRiscv/u_regfile/MUXA
# ** Warning: NUMERIC_STD.TO_INTEGER: metavalue detected, returning 0
#    Time: 7018080 ns  Iteration: 2  Instance: /tb/MyRiscv/u_regfile/MUXB
# ** Warning: NUMERIC_STD.TO_INTEGER: metavalue detected, returning 0
#    Time: 7018080 ns  Iteration: 2  Instance: /tb/MyRiscv/u_regfile/MUXA
# ** Warning: NUMERIC_STD.TO_INTEGER: metavalue detected, returning 0
#    Time: 7038540 ns  Iteration: 2  Instance: /tb/MyRiscv/u_regfile/MUXB
# ** Warning: NUMERIC_STD.TO_INTEGER: metavalue detected, returning 0
#    Time: 7038540 ns  Iteration: 2  Instance: /tb/MyRiscv/u_regfile/MUXA
# ** Warning: NUMERIC_STD.TO_INTEGER: metavalue detected, returning 0
#    Time: 7059 us  Iteration: 2  Instance: /tb/MyRiscv/u_regfile/MUXB
# ** Warning: NUMERIC_STD.TO_INTEGER: metavalue detected, returning 0
#    Time: 7059 us  Iteration: 2  Instance: /tb/MyRiscv/u_regfile/MUXA
# ** Warning: NUMERIC_STD.TO_INTEGER: metavalue detected, returning 0
#    Time: 7079460 ns  Iteration: 2  Instance: /tb/MyRiscv/u_regfile/MUXB
# ** Warning: NUMERIC_STD.TO_INTEGER: metavalue detected, returning 0
#    Time: 7079460 ns  Iteration: 2  Instance: /tb/MyRiscv/u_regfile/MUXA
# ** Warning: NUMERIC_STD.TO_INTEGER: metavalue detected, returning 0
#    Time: 7099920 ns  Iteration: 2  Instance: /tb/MyRiscv/u_regfile/MUXB
# ** Warning: NUMERIC_STD.TO_INTEGER: metavalue detected, returning 0
#    Time: 7099920 ns  Iteration: 2  Instance: /tb/MyRiscv/u_regfile/MUXA
# ** Warning: NUMERIC_STD.TO_INTEGER: metavalue detected, returning 0
#    Time: 7120380 ns  Iteration: 2  Instance: /tb/MyRiscv/u_regfile/MUXB
# ** Warning: NUMERIC_STD.TO_INTEGER: metavalue detected, returning 0
#    Time: 7120380 ns  Iteration: 2  Instance: /tb/MyRiscv/u_regfile/MUXA
# ** Warning: NUMERIC_STD.TO_INTEGER: metavalue detected, returning 0
#    Time: 7140840 ns  Iteration: 2  Instance: /tb/MyRiscv/u_regfile/MUXB
# ** Warning: NUMERIC_STD.TO_INTEGER: metavalue detected, returning 0
#    Time: 7140840 ns  Iteration: 2  Instance: /tb/MyRiscv/u_regfile/MUXA
# ** Warning: NUMERIC_STD.TO_INTEGER: metavalue detected, returning 0
#    Time: 7161300 ns  Iteration: 2  Instance: /tb/MyRiscv/u_regfile/MUXB
# ** Warning: NUMERIC_STD.TO_INTEGER: metavalue detected, returning 0
#    Time: 7161300 ns  Iteration: 2  Instance: /tb/MyRiscv/u_regfile/MUXA
# ** Warning: NUMERIC_STD.TO_INTEGER: metavalue detected, returning 0
#    Time: 7181760 ns  Iteration: 2  Instance: /tb/MyRiscv/u_regfile/MUXB
# ** Warning: NUMERIC_STD.TO_INTEGER: metavalue detected, returning 0
#    Time: 7181760 ns  Iteration: 2  Instance: /tb/MyRiscv/u_regfile/MUXA
# ** Warning: NUMERIC_STD.TO_INTEGER: metavalue detected, returning 0
#    Time: 7202220 ns  Iteration: 2  Instance: /tb/MyRiscv/u_regfile/MUXB
# ** Warning: NUMERIC_STD.TO_INTEGER: metavalue detected, returning 0
#    Time: 7202220 ns  Iteration: 2  Instance: /tb/MyRiscv/u_regfile/MUXA
# ** Warning: NUMERIC_STD.TO_INTEGER: metavalue detected, returning 0
#    Time: 7222680 ns  Iteration: 2  Instance: /tb/MyRiscv/u_regfile/MUXB
# ** Warning: NUMERIC_STD.TO_INTEGER: metavalue detected, returning 0
#    Time: 7222680 ns  Iteration: 2  Instance: /tb/MyRiscv/u_regfile/MUXA
# ** Warning: NUMERIC_STD.TO_INTEGER: metavalue detected, returning 0
#    Time: 7243140 ns  Iteration: 2  Instance: /tb/MyRiscv/u_regfile/MUXB
# ** Warning: NUMERIC_STD.TO_INTEGER: metavalue detected, returning 0
#    Time: 7243140 ns  Iteration: 2  Instance: /tb/MyRiscv/u_regfile/MUXA
# ** Warning: NUMERIC_STD.TO_INTEGER: metavalue detected, returning 0
#    Time: 7263600 ns  Iteration: 2  Instance: /tb/MyRiscv/u_regfile/MUXB
# ** Warning: NUMERIC_STD.TO_INTEGER: metavalue detected, returning 0
#    Time: 7263600 ns  Iteration: 2  Instance: /tb/MyRiscv/u_regfile/MUXA
# ** Warning: NUMERIC_STD.TO_INTEGER: metavalue detected, returning 0
#    Time: 7284060 ns  Iteration: 2  Instance: /tb/MyRiscv/u_regfile/MUXB
# ** Warning: NUMERIC_STD.TO_INTEGER: metavalue detected, returning 0
#    Time: 7284060 ns  Iteration: 2  Instance: /tb/MyRiscv/u_regfile/MUXA
# ** Warning: NUMERIC_STD.TO_INTEGER: metavalue detected, returning 0
#    Time: 7304520 ns  Iteration: 2  Instance: /tb/MyRiscv/u_regfile/MUXB
# ** Warning: NUMERIC_STD.TO_INTEGER: metavalue detected, returning 0
#    Time: 7304520 ns  Iteration: 2  Instance: /tb/MyRiscv/u_regfile/MUXA
# ** Warning: NUMERIC_STD.TO_INTEGER: metavalue detected, returning 0
#    Time: 7324980 ns  Iteration: 2  Instance: /tb/MyRiscv/u_regfile/MUXB
# ** Warning: NUMERIC_STD.TO_INTEGER: metavalue detected, returning 0
#    Time: 7324980 ns  Iteration: 2  Instance: /tb/MyRiscv/u_regfile/MUXA
# ** Warning: NUMERIC_STD.TO_INTEGER: metavalue detected, returning 0
#    Time: 7345440 ns  Iteration: 2  Instance: /tb/MyRiscv/u_regfile/MUXB
# ** Warning: NUMERIC_STD.TO_INTEGER: metavalue detected, returning 0
#    Time: 7345440 ns  Iteration: 2  Instance: /tb/MyRiscv/u_regfile/MUXA
# ** Warning: NUMERIC_STD.TO_INTEGER: metavalue detected, returning 0
#    Time: 7365900 ns  Iteration: 2  Instance: /tb/MyRiscv/u_regfile/MUXB
# ** Warning: NUMERIC_STD.TO_INTEGER: metavalue detected, returning 0
#    Time: 7365900 ns  Iteration: 2  Instance: /tb/MyRiscv/u_regfile/MUXA
# ** Warning: NUMERIC_STD.TO_INTEGER: metavalue detected, returning 0
#    Time: 7386360 ns  Iteration: 2  Instance: /tb/MyRiscv/u_regfile/MUXB
# ** Warning: NUMERIC_STD.TO_INTEGER: metavalue detected, returning 0
#    Time: 7386360 ns  Iteration: 2  Instance: /tb/MyRiscv/u_regfile/MUXA
# ** Warning: NUMERIC_STD.TO_INTEGER: metavalue detected, returning 0
#    Time: 7406820 ns  Iteration: 2  Instance: /tb/MyRiscv/u_regfile/MUXB
# ** Warning: NUMERIC_STD.TO_INTEGER: metavalue detected, returning 0
#    Time: 7406820 ns  Iteration: 2  Instance: /tb/MyRiscv/u_regfile/MUXA
# ** Warning: NUMERIC_STD.TO_INTEGER: metavalue detected, returning 0
#    Time: 7427280 ns  Iteration: 2  Instance: /tb/MyRiscv/u_regfile/MUXB
# ** Warning: NUMERIC_STD.TO_INTEGER: metavalue detected, returning 0
#    Time: 7427280 ns  Iteration: 2  Instance: /tb/MyRiscv/u_regfile/MUXA
# ** Warning: NUMERIC_STD.TO_INTEGER: metavalue detected, returning 0
#    Time: 7447740 ns  Iteration: 2  Instance: /tb/MyRiscv/u_regfile/MUXB
# ** Warning: NUMERIC_STD.TO_INTEGER: metavalue detected, returning 0
#    Time: 7447740 ns  Iteration: 2  Instance: /tb/MyRiscv/u_regfile/MUXA
# ** Warning: NUMERIC_STD.TO_INTEGER: metavalue detected, returning 0
#    Time: 7468200 ns  Iteration: 2  Instance: /tb/MyRiscv/u_regfile/MUXB
# ** Warning: NUMERIC_STD.TO_INTEGER: metavalue detected, returning 0
#    Time: 7468200 ns  Iteration: 2  Instance: /tb/MyRiscv/u_regfile/MUXA
# ** Warning: NUMERIC_STD.TO_INTEGER: metavalue detected, returning 0
#    Time: 7488660 ns  Iteration: 2  Instance: /tb/MyRiscv/u_regfile/MUXB
# ** Warning: NUMERIC_STD.TO_INTEGER: metavalue detected, returning 0
#    Time: 7488660 ns  Iteration: 2  Instance: /tb/MyRiscv/u_regfile/MUXA
# ** Warning: NUMERIC_STD.TO_INTEGER: metavalue detected, returning 0
#    Time: 7509120 ns  Iteration: 2  Instance: /tb/MyRiscv/u_regfile/MUXB
# ** Warning: NUMERIC_STD.TO_INTEGER: metavalue detected, returning 0
#    Time: 7509120 ns  Iteration: 2  Instance: /tb/MyRiscv/u_regfile/MUXA
# ** Warning: NUMERIC_STD.TO_INTEGER: metavalue detected, returning 0
#    Time: 7529580 ns  Iteration: 2  Instance: /tb/MyRiscv/u_regfile/MUXB
# ** Warning: NUMERIC_STD.TO_INTEGER: metavalue detected, returning 0
#    Time: 7529580 ns  Iteration: 2  Instance: /tb/MyRiscv/u_regfile/MUXA
# ** Warning: NUMERIC_STD.TO_INTEGER: metavalue detected, returning 0
#    Time: 7550040 ns  Iteration: 2  Instance: /tb/MyRiscv/u_regfile/MUXB
# ** Warning: NUMERIC_STD.TO_INTEGER: metavalue detected, returning 0
#    Time: 7550040 ns  Iteration: 2  Instance: /tb/MyRiscv/u_regfile/MUXA
# ** Warning: NUMERIC_STD.TO_INTEGER: metavalue detected, returning 0
#    Time: 7570500 ns  Iteration: 2  Instance: /tb/MyRiscv/u_regfile/MUXB
# ** Warning: NUMERIC_STD.TO_INTEGER: metavalue detected, returning 0
#    Time: 7570500 ns  Iteration: 2  Instance: /tb/MyRiscv/u_regfile/MUXA
# ** Warning: NUMERIC_STD.TO_INTEGER: metavalue detected, returning 0
#    Time: 7590960 ns  Iteration: 2  Instance: /tb/MyRiscv/u_regfile/MUXB
# ** Warning: NUMERIC_STD.TO_INTEGER: metavalue detected, returning 0
#    Time: 7590960 ns  Iteration: 2  Instance: /tb/MyRiscv/u_regfile/MUXA
# ** Warning: NUMERIC_STD.TO_INTEGER: metavalue detected, returning 0
#    Time: 7611420 ns  Iteration: 2  Instance: /tb/MyRiscv/u_regfile/MUXB
# ** Warning: NUMERIC_STD.TO_INTEGER: metavalue detected, returning 0
#    Time: 7611420 ns  Iteration: 2  Instance: /tb/MyRiscv/u_regfile/MUXA
# ** Warning: NUMERIC_STD.TO_INTEGER: metavalue detected, returning 0
#    Time: 7631880 ns  Iteration: 2  Instance: /tb/MyRiscv/u_regfile/MUXB
# ** Warning: NUMERIC_STD.TO_INTEGER: metavalue detected, returning 0
#    Time: 7631880 ns  Iteration: 2  Instance: /tb/MyRiscv/u_regfile/MUXA
# ** Warning: NUMERIC_STD.TO_INTEGER: metavalue detected, returning 0
#    Time: 7652340 ns  Iteration: 2  Instance: /tb/MyRiscv/u_regfile/MUXB
# ** Warning: NUMERIC_STD.TO_INTEGER: metavalue detected, returning 0
#    Time: 7652340 ns  Iteration: 2  Instance: /tb/MyRiscv/u_regfile/MUXA
# ** Warning: NUMERIC_STD.TO_INTEGER: metavalue detected, returning 0
#    Time: 7672800 ns  Iteration: 2  Instance: /tb/MyRiscv/u_regfile/MUXB
# ** Warning: NUMERIC_STD.TO_INTEGER: metavalue detected, returning 0
#    Time: 7672800 ns  Iteration: 2  Instance: /tb/MyRiscv/u_regfile/MUXA
# ** Warning: NUMERIC_STD.TO_INTEGER: metavalue detected, returning 0
#    Time: 7693260 ns  Iteration: 2  Instance: /tb/MyRiscv/u_regfile/MUXB
# ** Warning: NUMERIC_STD.TO_INTEGER: metavalue detected, returning 0
#    Time: 7693260 ns  Iteration: 2  Instance: /tb/MyRiscv/u_regfile/MUXA
# ** Warning: NUMERIC_STD.TO_INTEGER: metavalue detected, returning 0
#    Time: 7713720 ns  Iteration: 2  Instance: /tb/MyRiscv/u_regfile/MUXB
# ** Warning: NUMERIC_STD.TO_INTEGER: metavalue detected, returning 0
#    Time: 7713720 ns  Iteration: 2  Instance: /tb/MyRiscv/u_regfile/MUXA
# ** Warning: NUMERIC_STD.TO_INTEGER: metavalue detected, returning 0
#    Time: 7734180 ns  Iteration: 2  Instance: /tb/MyRiscv/u_regfile/MUXB
# ** Warning: NUMERIC_STD.TO_INTEGER: metavalue detected, returning 0
#    Time: 7734180 ns  Iteration: 2  Instance: /tb/MyRiscv/u_regfile/MUXA
# ** Warning: NUMERIC_STD.TO_INTEGER: metavalue detected, returning 0
#    Time: 7754640 ns  Iteration: 2  Instance: /tb/MyRiscv/u_regfile/MUXB
# ** Warning: NUMERIC_STD.TO_INTEGER: metavalue detected, returning 0
#    Time: 7754640 ns  Iteration: 2  Instance: /tb/MyRiscv/u_regfile/MUXA
# ** Warning: NUMERIC_STD.TO_INTEGER: metavalue detected, returning 0
#    Time: 7775100 ns  Iteration: 2  Instance: /tb/MyRiscv/u_regfile/MUXB
# ** Warning: NUMERIC_STD.TO_INTEGER: metavalue detected, returning 0
#    Time: 7775100 ns  Iteration: 2  Instance: /tb/MyRiscv/u_regfile/MUXA
# ** Warning: NUMERIC_STD.TO_INTEGER: metavalue detected, returning 0
#    Time: 7795560 ns  Iteration: 2  Instance: /tb/MyRiscv/u_regfile/MUXB
# ** Warning: NUMERIC_STD.TO_INTEGER: metavalue detected, returning 0
#    Time: 7795560 ns  Iteration: 2  Instance: /tb/MyRiscv/u_regfile/MUXA
# ** Warning: NUMERIC_STD.TO_INTEGER: metavalue detected, returning 0
#    Time: 7816020 ns  Iteration: 2  Instance: /tb/MyRiscv/u_regfile/MUXB
# ** Warning: NUMERIC_STD.TO_INTEGER: metavalue detected, returning 0
#    Time: 7816020 ns  Iteration: 2  Instance: /tb/MyRiscv/u_regfile/MUXA
# ** Warning: NUMERIC_STD.TO_INTEGER: metavalue detected, returning 0
#    Time: 7836480 ns  Iteration: 2  Instance: /tb/MyRiscv/u_regfile/MUXB
# ** Warning: NUMERIC_STD.TO_INTEGER: metavalue detected, returning 0
#    Time: 7836480 ns  Iteration: 2  Instance: /tb/MyRiscv/u_regfile/MUXA
# ** Warning: NUMERIC_STD.TO_INTEGER: metavalue detected, returning 0
#    Time: 7856940 ns  Iteration: 2  Instance: /tb/MyRiscv/u_regfile/MUXB
# ** Warning: NUMERIC_STD.TO_INTEGER: metavalue detected, returning 0
#    Time: 7856940 ns  Iteration: 2  Instance: /tb/MyRiscv/u_regfile/MUXA
# ** Warning: NUMERIC_STD.TO_INTEGER: metavalue detected, returning 0
#    Time: 7877400 ns  Iteration: 2  Instance: /tb/MyRiscv/u_regfile/MUXB
# ** Warning: NUMERIC_STD.TO_INTEGER: metavalue detected, returning 0
#    Time: 7877400 ns  Iteration: 2  Instance: /tb/MyRiscv/u_regfile/MUXA
# ** Warning: NUMERIC_STD.TO_INTEGER: metavalue detected, returning 0
#    Time: 7897860 ns  Iteration: 2  Instance: /tb/MyRiscv/u_regfile/MUXB
# ** Warning: NUMERIC_STD.TO_INTEGER: metavalue detected, returning 0
#    Time: 7897860 ns  Iteration: 2  Instance: /tb/MyRiscv/u_regfile/MUXA
# ** Warning: NUMERIC_STD.TO_INTEGER: metavalue detected, returning 0
#    Time: 7918320 ns  Iteration: 2  Instance: /tb/MyRiscv/u_regfile/MUXB
# ** Warning: NUMERIC_STD.TO_INTEGER: metavalue detected, returning 0
#    Time: 7918320 ns  Iteration: 2  Instance: /tb/MyRiscv/u_regfile/MUXA
# ** Warning: NUMERIC_STD.TO_INTEGER: metavalue detected, returning 0
#    Time: 7938780 ns  Iteration: 2  Instance: /tb/MyRiscv/u_regfile/MUXB
# ** Warning: NUMERIC_STD.TO_INTEGER: metavalue detected, returning 0
#    Time: 7938780 ns  Iteration: 2  Instance: /tb/MyRiscv/u_regfile/MUXA
# ** Warning: NUMERIC_STD.TO_INTEGER: metavalue detected, returning 0
#    Time: 7959240 ns  Iteration: 2  Instance: /tb/MyRiscv/u_regfile/MUXB
# ** Warning: NUMERIC_STD.TO_INTEGER: metavalue detected, returning 0
#    Time: 7959240 ns  Iteration: 2  Instance: /tb/MyRiscv/u_regfile/MUXA
# ** Warning: NUMERIC_STD.TO_INTEGER: metavalue detected, returning 0
#    Time: 7979700 ns  Iteration: 2  Instance: /tb/MyRiscv/u_regfile/MUXB
# ** Warning: NUMERIC_STD.TO_INTEGER: metavalue detected, returning 0
#    Time: 7979700 ns  Iteration: 2  Instance: /tb/MyRiscv/u_regfile/MUXA
# ** Warning: NUMERIC_STD.TO_INTEGER: metavalue detected, returning 0
#    Time: 8000160 ns  Iteration: 2  Instance: /tb/MyRiscv/u_regfile/MUXB
# ** Warning: NUMERIC_STD.TO_INTEGER: metavalue detected, returning 0
#    Time: 8000160 ns  Iteration: 2  Instance: /tb/MyRiscv/u_regfile/MUXA
# ** Warning: NUMERIC_STD.TO_INTEGER: metavalue detected, returning 0
#    Time: 8020620 ns  Iteration: 2  Instance: /tb/MyRiscv/u_regfile/MUXB
# ** Warning: NUMERIC_STD.TO_INTEGER: metavalue detected, returning 0
#    Time: 8020620 ns  Iteration: 2  Instance: /tb/MyRiscv/u_regfile/MUXA
# ** Warning: NUMERIC_STD.TO_INTEGER: metavalue detected, returning 0
#    Time: 8041080 ns  Iteration: 2  Instance: /tb/MyRiscv/u_regfile/MUXB
# ** Warning: NUMERIC_STD.TO_INTEGER: metavalue detected, returning 0
#    Time: 8041080 ns  Iteration: 2  Instance: /tb/MyRiscv/u_regfile/MUXA
# ** Warning: NUMERIC_STD.TO_INTEGER: metavalue detected, returning 0
#    Time: 8061540 ns  Iteration: 2  Instance: /tb/MyRiscv/u_regfile/MUXB
# ** Warning: NUMERIC_STD.TO_INTEGER: metavalue detected, returning 0
#    Time: 8061540 ns  Iteration: 2  Instance: /tb/MyRiscv/u_regfile/MUXA
# ** Warning: NUMERIC_STD.TO_INTEGER: metavalue detected, returning 0
#    Time: 8082 us  Iteration: 2  Instance: /tb/MyRiscv/u_regfile/MUXB
# ** Warning: NUMERIC_STD.TO_INTEGER: metavalue detected, returning 0
#    Time: 8082 us  Iteration: 2  Instance: /tb/MyRiscv/u_regfile/MUXA
# ** Warning: NUMERIC_STD.TO_INTEGER: metavalue detected, returning 0
#    Time: 8102460 ns  Iteration: 2  Instance: /tb/MyRiscv/u_regfile/MUXB
# ** Warning: NUMERIC_STD.TO_INTEGER: metavalue detected, returning 0
#    Time: 8102460 ns  Iteration: 2  Instance: /tb/MyRiscv/u_regfile/MUXA
# ** Warning: NUMERIC_STD.TO_INTEGER: metavalue detected, returning 0
#    Time: 8122920 ns  Iteration: 2  Instance: /tb/MyRiscv/u_regfile/MUXB
# ** Warning: NUMERIC_STD.TO_INTEGER: metavalue detected, returning 0
#    Time: 8122920 ns  Iteration: 2  Instance: /tb/MyRiscv/u_regfile/MUXA
# ** Warning: NUMERIC_STD.TO_INTEGER: metavalue detected, returning 0
#    Time: 8143380 ns  Iteration: 2  Instance: /tb/MyRiscv/u_regfile/MUXB
# ** Warning: NUMERIC_STD.TO_INTEGER: metavalue detected, returning 0
#    Time: 8143380 ns  Iteration: 2  Instance: /tb/MyRiscv/u_regfile/MUXA
# ** Warning: NUMERIC_STD.TO_INTEGER: metavalue detected, returning 0
#    Time: 8163840 ns  Iteration: 2  Instance: /tb/MyRiscv/u_regfile/MUXB
# ** Warning: NUMERIC_STD.TO_INTEGER: metavalue detected, returning 0
#    Time: 8163840 ns  Iteration: 2  Instance: /tb/MyRiscv/u_regfile/MUXA
# ** Warning: NUMERIC_STD.TO_INTEGER: metavalue detected, returning 0
#    Time: 8184300 ns  Iteration: 2  Instance: /tb/MyRiscv/u_regfile/MUXB
# ** Warning: NUMERIC_STD.TO_INTEGER: metavalue detected, returning 0
#    Time: 8184300 ns  Iteration: 2  Instance: /tb/MyRiscv/u_regfile/MUXA
# ** Warning: NUMERIC_STD.TO_INTEGER: metavalue detected, returning 0
#    Time: 8204760 ns  Iteration: 2  Instance: /tb/MyRiscv/u_regfile/MUXB
# ** Warning: NUMERIC_STD.TO_INTEGER: metavalue detected, returning 0
#    Time: 8204760 ns  Iteration: 2  Instance: /tb/MyRiscv/u_regfile/MUXA
# ** Warning: NUMERIC_STD.TO_INTEGER: metavalue detected, returning 0
#    Time: 8225220 ns  Iteration: 2  Instance: /tb/MyRiscv/u_regfile/MUXB
# ** Warning: NUMERIC_STD.TO_INTEGER: metavalue detected, returning 0
#    Time: 8225220 ns  Iteration: 2  Instance: /tb/MyRiscv/u_regfile/MUXA
# ** Warning: NUMERIC_STD.TO_INTEGER: metavalue detected, returning 0
#    Time: 8245680 ns  Iteration: 2  Instance: /tb/MyRiscv/u_regfile/MUXB
# ** Warning: NUMERIC_STD.TO_INTEGER: metavalue detected, returning 0
#    Time: 8245680 ns  Iteration: 2  Instance: /tb/MyRiscv/u_regfile/MUXA
# ** Warning: NUMERIC_STD.TO_INTEGER: metavalue detected, returning 0
#    Time: 8266140 ns  Iteration: 2  Instance: /tb/MyRiscv/u_regfile/MUXB
# ** Warning: NUMERIC_STD.TO_INTEGER: metavalue detected, returning 0
#    Time: 8266140 ns  Iteration: 2  Instance: /tb/MyRiscv/u_regfile/MUXA
# ** Warning: NUMERIC_STD.TO_INTEGER: metavalue detected, returning 0
#    Time: 8286600 ns  Iteration: 2  Instance: /tb/MyRiscv/u_regfile/MUXB
# ** Warning: NUMERIC_STD.TO_INTEGER: metavalue detected, returning 0
#    Time: 8286600 ns  Iteration: 2  Instance: /tb/MyRiscv/u_regfile/MUXA
# ** Warning: NUMERIC_STD.TO_INTEGER: metavalue detected, returning 0
#    Time: 8307060 ns  Iteration: 2  Instance: /tb/MyRiscv/u_regfile/MUXB
# ** Warning: NUMERIC_STD.TO_INTEGER: metavalue detected, returning 0
#    Time: 8307060 ns  Iteration: 2  Instance: /tb/MyRiscv/u_regfile/MUXA
# ** Warning: NUMERIC_STD.TO_INTEGER: metavalue detected, returning 0
#    Time: 8327520 ns  Iteration: 2  Instance: /tb/MyRiscv/u_regfile/MUXB
# ** Warning: NUMERIC_STD.TO_INTEGER: metavalue detected, returning 0
#    Time: 8327520 ns  Iteration: 2  Instance: /tb/MyRiscv/u_regfile/MUXA
# ** Warning: NUMERIC_STD.TO_INTEGER: metavalue detected, returning 0
#    Time: 8347980 ns  Iteration: 2  Instance: /tb/MyRiscv/u_regfile/MUXB
# ** Warning: NUMERIC_STD.TO_INTEGER: metavalue detected, returning 0
#    Time: 8347980 ns  Iteration: 2  Instance: /tb/MyRiscv/u_regfile/MUXA
# ** Warning: NUMERIC_STD.TO_INTEGER: metavalue detected, returning 0
#    Time: 8368440 ns  Iteration: 2  Instance: /tb/MyRiscv/u_regfile/MUXB
# ** Warning: NUMERIC_STD.TO_INTEGER: metavalue detected, returning 0
#    Time: 8368440 ns  Iteration: 2  Instance: /tb/MyRiscv/u_regfile/MUXA
# ** Warning: NUMERIC_STD.TO_INTEGER: metavalue detected, returning 0
#    Time: 8388900 ns  Iteration: 2  Instance: /tb/MyRiscv/u_regfile/MUXB
# ** Warning: NUMERIC_STD.TO_INTEGER: metavalue detected, returning 0
#    Time: 8388900 ns  Iteration: 2  Instance: /tb/MyRiscv/u_regfile/MUXA
# ** Warning: NUMERIC_STD.TO_INTEGER: metavalue detected, returning 0
#    Time: 8409360 ns  Iteration: 2  Instance: /tb/MyRiscv/u_regfile/MUXB
# ** Warning: NUMERIC_STD.TO_INTEGER: metavalue detected, returning 0
#    Time: 8409360 ns  Iteration: 2  Instance: /tb/MyRiscv/u_regfile/MUXA
# ** Warning: NUMERIC_STD.TO_INTEGER: metavalue detected, returning 0
#    Time: 8429820 ns  Iteration: 2  Instance: /tb/MyRiscv/u_regfile/MUXB
# ** Warning: NUMERIC_STD.TO_INTEGER: metavalue detected, returning 0
#    Time: 8429820 ns  Iteration: 2  Instance: /tb/MyRiscv/u_regfile/MUXA
# ** Warning: NUMERIC_STD.TO_INTEGER: metavalue detected, returning 0
#    Time: 8450280 ns  Iteration: 2  Instance: /tb/MyRiscv/u_regfile/MUXB
# ** Warning: NUMERIC_STD.TO_INTEGER: metavalue detected, returning 0
#    Time: 8450280 ns  Iteration: 2  Instance: /tb/MyRiscv/u_regfile/MUXA
# ** Warning: NUMERIC_STD.TO_INTEGER: metavalue detected, returning 0
#    Time: 8470740 ns  Iteration: 2  Instance: /tb/MyRiscv/u_regfile/MUXB
# ** Warning: NUMERIC_STD.TO_INTEGER: metavalue detected, returning 0
#    Time: 8470740 ns  Iteration: 2  Instance: /tb/MyRiscv/u_regfile/MUXA
# ** Warning: NUMERIC_STD.TO_INTEGER: metavalue detected, returning 0
#    Time: 8491200 ns  Iteration: 2  Instance: /tb/MyRiscv/u_regfile/MUXB
# ** Warning: NUMERIC_STD.TO_INTEGER: metavalue detected, returning 0
#    Time: 8491200 ns  Iteration: 2  Instance: /tb/MyRiscv/u_regfile/MUXA
# ** Warning: NUMERIC_STD.TO_INTEGER: metavalue detected, returning 0
#    Time: 8511660 ns  Iteration: 2  Instance: /tb/MyRiscv/u_regfile/MUXB
# ** Warning: NUMERIC_STD.TO_INTEGER: metavalue detected, returning 0
#    Time: 8511660 ns  Iteration: 2  Instance: /tb/MyRiscv/u_regfile/MUXA
# ** Warning: NUMERIC_STD.TO_INTEGER: metavalue detected, returning 0
#    Time: 8532120 ns  Iteration: 2  Instance: /tb/MyRiscv/u_regfile/MUXB
# ** Warning: NUMERIC_STD.TO_INTEGER: metavalue detected, returning 0
#    Time: 8532120 ns  Iteration: 2  Instance: /tb/MyRiscv/u_regfile/MUXA
# ** Warning: NUMERIC_STD.TO_INTEGER: metavalue detected, returning 0
#    Time: 8552580 ns  Iteration: 2  Instance: /tb/MyRiscv/u_regfile/MUXB
# ** Warning: NUMERIC_STD.TO_INTEGER: metavalue detected, returning 0
#    Time: 8552580 ns  Iteration: 2  Instance: /tb/MyRiscv/u_regfile/MUXA
# ** Warning: NUMERIC_STD.TO_INTEGER: metavalue detected, returning 0
#    Time: 8573040 ns  Iteration: 2  Instance: /tb/MyRiscv/u_regfile/MUXB
# ** Warning: NUMERIC_STD.TO_INTEGER: metavalue detected, returning 0
#    Time: 8573040 ns  Iteration: 2  Instance: /tb/MyRiscv/u_regfile/MUXA
# ** Warning: NUMERIC_STD.TO_INTEGER: metavalue detected, returning 0
#    Time: 8593500 ns  Iteration: 2  Instance: /tb/MyRiscv/u_regfile/MUXB
# ** Warning: NUMERIC_STD.TO_INTEGER: metavalue detected, returning 0
#    Time: 8593500 ns  Iteration: 2  Instance: /tb/MyRiscv/u_regfile/MUXA
# ** Warning: NUMERIC_STD.TO_INTEGER: metavalue detected, returning 0
#    Time: 8613960 ns  Iteration: 2  Instance: /tb/MyRiscv/u_regfile/MUXB
# ** Warning: NUMERIC_STD.TO_INTEGER: metavalue detected, returning 0
#    Time: 8613960 ns  Iteration: 2  Instance: /tb/MyRiscv/u_regfile/MUXA
# ** Warning: NUMERIC_STD.TO_INTEGER: metavalue detected, returning 0
#    Time: 8634420 ns  Iteration: 2  Instance: /tb/MyRiscv/u_regfile/MUXB
# ** Warning: NUMERIC_STD.TO_INTEGER: metavalue detected, returning 0
#    Time: 8634420 ns  Iteration: 2  Instance: /tb/MyRiscv/u_regfile/MUXA
# ** Warning: NUMERIC_STD.TO_INTEGER: metavalue detected, returning 0
#    Time: 8654880 ns  Iteration: 2  Instance: /tb/MyRiscv/u_regfile/MUXB
# ** Warning: NUMERIC_STD.TO_INTEGER: metavalue detected, returning 0
#    Time: 8654880 ns  Iteration: 2  Instance: /tb/MyRiscv/u_regfile/MUXA
# ** Warning: NUMERIC_STD.TO_INTEGER: metavalue detected, returning 0
#    Time: 8675340 ns  Iteration: 2  Instance: /tb/MyRiscv/u_regfile/MUXB
# ** Warning: NUMERIC_STD.TO_INTEGER: metavalue detected, returning 0
#    Time: 8675340 ns  Iteration: 2  Instance: /tb/MyRiscv/u_regfile/MUXA
# ** Warning: NUMERIC_STD.TO_INTEGER: metavalue detected, returning 0
#    Time: 8695800 ns  Iteration: 2  Instance: /tb/MyRiscv/u_regfile/MUXB
# ** Warning: NUMERIC_STD.TO_INTEGER: metavalue detected, returning 0
#    Time: 8695800 ns  Iteration: 2  Instance: /tb/MyRiscv/u_regfile/MUXA
# ** Warning: NUMERIC_STD.TO_INTEGER: metavalue detected, returning 0
#    Time: 8716260 ns  Iteration: 2  Instance: /tb/MyRiscv/u_regfile/MUXB
# ** Warning: NUMERIC_STD.TO_INTEGER: metavalue detected, returning 0
#    Time: 8716260 ns  Iteration: 2  Instance: /tb/MyRiscv/u_regfile/MUXA
# ** Warning: NUMERIC_STD.TO_INTEGER: metavalue detected, returning 0
#    Time: 8736720 ns  Iteration: 2  Instance: /tb/MyRiscv/u_regfile/MUXB
# ** Warning: NUMERIC_STD.TO_INTEGER: metavalue detected, returning 0
#    Time: 8736720 ns  Iteration: 2  Instance: /tb/MyRiscv/u_regfile/MUXA
# ** Warning: NUMERIC_STD.TO_INTEGER: metavalue detected, returning 0
#    Time: 8757180 ns  Iteration: 2  Instance: /tb/MyRiscv/u_regfile/MUXB
# ** Warning: NUMERIC_STD.TO_INTEGER: metavalue detected, returning 0
#    Time: 8757180 ns  Iteration: 2  Instance: /tb/MyRiscv/u_regfile/MUXA
# ** Warning: NUMERIC_STD.TO_INTEGER: metavalue detected, returning 0
#    Time: 8777640 ns  Iteration: 2  Instance: /tb/MyRiscv/u_regfile/MUXB
# ** Warning: NUMERIC_STD.TO_INTEGER: metavalue detected, returning 0
#    Time: 8777640 ns  Iteration: 2  Instance: /tb/MyRiscv/u_regfile/MUXA
# ** Warning: NUMERIC_STD.TO_INTEGER: metavalue detected, returning 0
#    Time: 8798100 ns  Iteration: 2  Instance: /tb/MyRiscv/u_regfile/MUXB
# ** Warning: NUMERIC_STD.TO_INTEGER: metavalue detected, returning 0
#    Time: 8798100 ns  Iteration: 2  Instance: /tb/MyRiscv/u_regfile/MUXA
# ** Warning: NUMERIC_STD.TO_INTEGER: metavalue detected, returning 0
#    Time: 8818560 ns  Iteration: 2  Instance: /tb/MyRiscv/u_regfile/MUXB
# ** Warning: NUMERIC_STD.TO_INTEGER: metavalue detected, returning 0
#    Time: 8818560 ns  Iteration: 2  Instance: /tb/MyRiscv/u_regfile/MUXA
# ** Warning: NUMERIC_STD.TO_INTEGER: metavalue detected, returning 0
#    Time: 8839020 ns  Iteration: 2  Instance: /tb/MyRiscv/u_regfile/MUXB
# ** Warning: NUMERIC_STD.TO_INTEGER: metavalue detected, returning 0
#    Time: 8839020 ns  Iteration: 2  Instance: /tb/MyRiscv/u_regfile/MUXA
# ** Warning: NUMERIC_STD.TO_INTEGER: metavalue detected, returning 0
#    Time: 8859480 ns  Iteration: 2  Instance: /tb/MyRiscv/u_regfile/MUXB
# ** Warning: NUMERIC_STD.TO_INTEGER: metavalue detected, returning 0
#    Time: 8859480 ns  Iteration: 2  Instance: /tb/MyRiscv/u_regfile/MUXA
# ** Warning: NUMERIC_STD.TO_INTEGER: metavalue detected, returning 0
#    Time: 8879940 ns  Iteration: 2  Instance: /tb/MyRiscv/u_regfile/MUXB
# ** Warning: NUMERIC_STD.TO_INTEGER: metavalue detected, returning 0
#    Time: 8879940 ns  Iteration: 2  Instance: /tb/MyRiscv/u_regfile/MUXA
# ** Warning: NUMERIC_STD.TO_INTEGER: metavalue detected, returning 0
#    Time: 8900400 ns  Iteration: 2  Instance: /tb/MyRiscv/u_regfile/MUXB
# ** Warning: NUMERIC_STD.TO_INTEGER: metavalue detected, returning 0
#    Time: 8900400 ns  Iteration: 2  Instance: /tb/MyRiscv/u_regfile/MUXA
# ** Warning: NUMERIC_STD.TO_INTEGER: metavalue detected, returning 0
#    Time: 8920860 ns  Iteration: 2  Instance: /tb/MyRiscv/u_regfile/MUXB
# ** Warning: NUMERIC_STD.TO_INTEGER: metavalue detected, returning 0
#    Time: 8920860 ns  Iteration: 2  Instance: /tb/MyRiscv/u_regfile/MUXA
# ** Warning: NUMERIC_STD.TO_INTEGER: metavalue detected, returning 0
#    Time: 8941320 ns  Iteration: 2  Instance: /tb/MyRiscv/u_regfile/MUXB
# ** Warning: NUMERIC_STD.TO_INTEGER: metavalue detected, returning 0
#    Time: 8941320 ns  Iteration: 2  Instance: /tb/MyRiscv/u_regfile/MUXA
# ** Warning: NUMERIC_STD.TO_INTEGER: metavalue detected, returning 0
#    Time: 8961780 ns  Iteration: 2  Instance: /tb/MyRiscv/u_regfile/MUXB
# ** Warning: NUMERIC_STD.TO_INTEGER: metavalue detected, returning 0
#    Time: 8961780 ns  Iteration: 2  Instance: /tb/MyRiscv/u_regfile/MUXA
# ** Warning: NUMERIC_STD.TO_INTEGER: metavalue detected, returning 0
#    Time: 8982240 ns  Iteration: 2  Instance: /tb/MyRiscv/u_regfile/MUXB
# ** Warning: NUMERIC_STD.TO_INTEGER: metavalue detected, returning 0
#    Time: 8982240 ns  Iteration: 2  Instance: /tb/MyRiscv/u_regfile/MUXA
# ** Warning: NUMERIC_STD.TO_INTEGER: metavalue detected, returning 0
#    Time: 9002700 ns  Iteration: 2  Instance: /tb/MyRiscv/u_regfile/MUXB
# ** Warning: NUMERIC_STD.TO_INTEGER: metavalue detected, returning 0
#    Time: 9002700 ns  Iteration: 2  Instance: /tb/MyRiscv/u_regfile/MUXA
# ** Warning: NUMERIC_STD.TO_INTEGER: metavalue detected, returning 0
#    Time: 9023160 ns  Iteration: 2  Instance: /tb/MyRiscv/u_regfile/MUXB
# ** Warning: NUMERIC_STD.TO_INTEGER: metavalue detected, returning 0
#    Time: 9023160 ns  Iteration: 2  Instance: /tb/MyRiscv/u_regfile/MUXA
# ** Warning: NUMERIC_STD.TO_INTEGER: metavalue detected, returning 0
#    Time: 9043620 ns  Iteration: 2  Instance: /tb/MyRiscv/u_regfile/MUXB
# ** Warning: NUMERIC_STD.TO_INTEGER: metavalue detected, returning 0
#    Time: 9043620 ns  Iteration: 2  Instance: /tb/MyRiscv/u_regfile/MUXA
# ** Warning: NUMERIC_STD.TO_INTEGER: metavalue detected, returning 0
#    Time: 9064080 ns  Iteration: 2  Instance: /tb/MyRiscv/u_regfile/MUXB
# ** Warning: NUMERIC_STD.TO_INTEGER: metavalue detected, returning 0
#    Time: 9064080 ns  Iteration: 2  Instance: /tb/MyRiscv/u_regfile/MUXA
# ** Warning: NUMERIC_STD.TO_INTEGER: metavalue detected, returning 0
#    Time: 9084540 ns  Iteration: 2  Instance: /tb/MyRiscv/u_regfile/MUXB
# ** Warning: NUMERIC_STD.TO_INTEGER: metavalue detected, returning 0
#    Time: 9084540 ns  Iteration: 2  Instance: /tb/MyRiscv/u_regfile/MUXA
# ** Warning: NUMERIC_STD.TO_INTEGER: metavalue detected, returning 0
#    Time: 9105 us  Iteration: 2  Instance: /tb/MyRiscv/u_regfile/MUXB
# ** Warning: NUMERIC_STD.TO_INTEGER: metavalue detected, returning 0
#    Time: 9105 us  Iteration: 2  Instance: /tb/MyRiscv/u_regfile/MUXA
# ** Warning: NUMERIC_STD.TO_INTEGER: metavalue detected, returning 0
#    Time: 9125460 ns  Iteration: 2  Instance: /tb/MyRiscv/u_regfile/MUXB
# ** Warning: NUMERIC_STD.TO_INTEGER: metavalue detected, returning 0
#    Time: 9125460 ns  Iteration: 2  Instance: /tb/MyRiscv/u_regfile/MUXA
# ** Warning: NUMERIC_STD.TO_INTEGER: metavalue detected, returning 0
#    Time: 9145920 ns  Iteration: 2  Instance: /tb/MyRiscv/u_regfile/MUXB
# ** Warning: NUMERIC_STD.TO_INTEGER: metavalue detected, returning 0
#    Time: 9145920 ns  Iteration: 2  Instance: /tb/MyRiscv/u_regfile/MUXA
# ** Warning: NUMERIC_STD.TO_INTEGER: metavalue detected, returning 0
#    Time: 9166380 ns  Iteration: 2  Instance: /tb/MyRiscv/u_regfile/MUXB
# ** Warning: NUMERIC_STD.TO_INTEGER: metavalue detected, returning 0
#    Time: 9166380 ns  Iteration: 2  Instance: /tb/MyRiscv/u_regfile/MUXA
# ** Warning: NUMERIC_STD.TO_INTEGER: metavalue detected, returning 0
#    Time: 9186840 ns  Iteration: 2  Instance: /tb/MyRiscv/u_regfile/MUXB
# ** Warning: NUMERIC_STD.TO_INTEGER: metavalue detected, returning 0
#    Time: 9186840 ns  Iteration: 2  Instance: /tb/MyRiscv/u_regfile/MUXA
# ** Warning: NUMERIC_STD.TO_INTEGER: metavalue detected, returning 0
#    Time: 9207300 ns  Iteration: 2  Instance: /tb/MyRiscv/u_regfile/MUXB
# ** Warning: NUMERIC_STD.TO_INTEGER: metavalue detected, returning 0
#    Time: 9207300 ns  Iteration: 2  Instance: /tb/MyRiscv/u_regfile/MUXA
# ** Warning: NUMERIC_STD.TO_INTEGER: metavalue detected, returning 0
#    Time: 9227760 ns  Iteration: 2  Instance: /tb/MyRiscv/u_regfile/MUXB
# ** Warning: NUMERIC_STD.TO_INTEGER: metavalue detected, returning 0
#    Time: 9227760 ns  Iteration: 2  Instance: /tb/MyRiscv/u_regfile/MUXA
# ** Warning: NUMERIC_STD.TO_INTEGER: metavalue detected, returning 0
#    Time: 9248220 ns  Iteration: 2  Instance: /tb/MyRiscv/u_regfile/MUXB
# ** Warning: NUMERIC_STD.TO_INTEGER: metavalue detected, returning 0
#    Time: 9248220 ns  Iteration: 2  Instance: /tb/MyRiscv/u_regfile/MUXA
# ** Warning: NUMERIC_STD.TO_INTEGER: metavalue detected, returning 0
#    Time: 9268680 ns  Iteration: 2  Instance: /tb/MyRiscv/u_regfile/MUXB
# ** Warning: NUMERIC_STD.TO_INTEGER: metavalue detected, returning 0
#    Time: 9268680 ns  Iteration: 2  Instance: /tb/MyRiscv/u_regfile/MUXA
# ** Warning: NUMERIC_STD.TO_INTEGER: metavalue detected, returning 0
#    Time: 9289140 ns  Iteration: 2  Instance: /tb/MyRiscv/u_regfile/MUXB
# ** Warning: NUMERIC_STD.TO_INTEGER: metavalue detected, returning 0
#    Time: 9289140 ns  Iteration: 2  Instance: /tb/MyRiscv/u_regfile/MUXA
# ** Warning: NUMERIC_STD.TO_INTEGER: metavalue detected, returning 0
#    Time: 9309600 ns  Iteration: 2  Instance: /tb/MyRiscv/u_regfile/MUXB
# ** Warning: NUMERIC_STD.TO_INTEGER: metavalue detected, returning 0
#    Time: 9309600 ns  Iteration: 2  Instance: /tb/MyRiscv/u_regfile/MUXA
# ** Warning: NUMERIC_STD.TO_INTEGER: metavalue detected, returning 0
#    Time: 9330060 ns  Iteration: 2  Instance: /tb/MyRiscv/u_regfile/MUXB
# ** Warning: NUMERIC_STD.TO_INTEGER: metavalue detected, returning 0
#    Time: 9330060 ns  Iteration: 2  Instance: /tb/MyRiscv/u_regfile/MUXA
# ** Warning: NUMERIC_STD.TO_INTEGER: metavalue detected, returning 0
#    Time: 9350520 ns  Iteration: 2  Instance: /tb/MyRiscv/u_regfile/MUXB
# ** Warning: NUMERIC_STD.TO_INTEGER: metavalue detected, returning 0
#    Time: 9350520 ns  Iteration: 2  Instance: /tb/MyRiscv/u_regfile/MUXA
# ** Warning: NUMERIC_STD.TO_INTEGER: metavalue detected, returning 0
#    Time: 9370980 ns  Iteration: 2  Instance: /tb/MyRiscv/u_regfile/MUXB
# ** Warning: NUMERIC_STD.TO_INTEGER: metavalue detected, returning 0
#    Time: 9370980 ns  Iteration: 2  Instance: /tb/MyRiscv/u_regfile/MUXA
# ** Warning: NUMERIC_STD.TO_INTEGER: metavalue detected, returning 0
#    Time: 9391440 ns  Iteration: 2  Instance: /tb/MyRiscv/u_regfile/MUXB
# ** Warning: NUMERIC_STD.TO_INTEGER: metavalue detected, returning 0
#    Time: 9391440 ns  Iteration: 2  Instance: /tb/MyRiscv/u_regfile/MUXA
# ** Warning: NUMERIC_STD.TO_INTEGER: metavalue detected, returning 0
#    Time: 9411900 ns  Iteration: 2  Instance: /tb/MyRiscv/u_regfile/MUXB
# ** Warning: NUMERIC_STD.TO_INTEGER: metavalue detected, returning 0
#    Time: 9411900 ns  Iteration: 2  Instance: /tb/MyRiscv/u_regfile/MUXA
# ** Warning: NUMERIC_STD.TO_INTEGER: metavalue detected, returning 0
#    Time: 9432360 ns  Iteration: 2  Instance: /tb/MyRiscv/u_regfile/MUXB
# ** Warning: NUMERIC_STD.TO_INTEGER: metavalue detected, returning 0
#    Time: 9432360 ns  Iteration: 2  Instance: /tb/MyRiscv/u_regfile/MUXA
# ** Warning: NUMERIC_STD.TO_INTEGER: metavalue detected, returning 0
#    Time: 9452820 ns  Iteration: 2  Instance: /tb/MyRiscv/u_regfile/MUXB
# ** Warning: NUMERIC_STD.TO_INTEGER: metavalue detected, returning 0
#    Time: 9452820 ns  Iteration: 2  Instance: /tb/MyRiscv/u_regfile/MUXA
# ** Warning: NUMERIC_STD.TO_INTEGER: metavalue detected, returning 0
#    Time: 9473280 ns  Iteration: 2  Instance: /tb/MyRiscv/u_regfile/MUXB
# ** Warning: NUMERIC_STD.TO_INTEGER: metavalue detected, returning 0
#    Time: 9473280 ns  Iteration: 2  Instance: /tb/MyRiscv/u_regfile/MUXA
# ** Warning: NUMERIC_STD.TO_INTEGER: metavalue detected, returning 0
#    Time: 9493740 ns  Iteration: 2  Instance: /tb/MyRiscv/u_regfile/MUXB
# ** Warning: NUMERIC_STD.TO_INTEGER: metavalue detected, returning 0
#    Time: 9493740 ns  Iteration: 2  Instance: /tb/MyRiscv/u_regfile/MUXA
# ** Warning: NUMERIC_STD.TO_INTEGER: metavalue detected, returning 0
#    Time: 9514200 ns  Iteration: 2  Instance: /tb/MyRiscv/u_regfile/MUXB
# ** Warning: NUMERIC_STD.TO_INTEGER: metavalue detected, returning 0
#    Time: 9514200 ns  Iteration: 2  Instance: /tb/MyRiscv/u_regfile/MUXA
# ** Warning: NUMERIC_STD.TO_INTEGER: metavalue detected, returning 0
#    Time: 9534660 ns  Iteration: 2  Instance: /tb/MyRiscv/u_regfile/MUXB
# ** Warning: NUMERIC_STD.TO_INTEGER: metavalue detected, returning 0
#    Time: 9534660 ns  Iteration: 2  Instance: /tb/MyRiscv/u_regfile/MUXA
# ** Warning: NUMERIC_STD.TO_INTEGER: metavalue detected, returning 0
#    Time: 9555120 ns  Iteration: 2  Instance: /tb/MyRiscv/u_regfile/MUXB
# ** Warning: NUMERIC_STD.TO_INTEGER: metavalue detected, returning 0
#    Time: 9555120 ns  Iteration: 2  Instance: /tb/MyRiscv/u_regfile/MUXA
# ** Warning: NUMERIC_STD.TO_INTEGER: metavalue detected, returning 0
#    Time: 9575580 ns  Iteration: 2  Instance: /tb/MyRiscv/u_regfile/MUXB
# ** Warning: NUMERIC_STD.TO_INTEGER: metavalue detected, returning 0
#    Time: 9575580 ns  Iteration: 2  Instance: /tb/MyRiscv/u_regfile/MUXA
# ** Warning: NUMERIC_STD.TO_INTEGER: metavalue detected, returning 0
#    Time: 9596040 ns  Iteration: 2  Instance: /tb/MyRiscv/u_regfile/MUXB
# ** Warning: NUMERIC_STD.TO_INTEGER: metavalue detected, returning 0
#    Time: 9596040 ns  Iteration: 2  Instance: /tb/MyRiscv/u_regfile/MUXA
# ** Warning: NUMERIC_STD.TO_INTEGER: metavalue detected, returning 0
#    Time: 9616500 ns  Iteration: 2  Instance: /tb/MyRiscv/u_regfile/MUXB
# ** Warning: NUMERIC_STD.TO_INTEGER: metavalue detected, returning 0
#    Time: 9616500 ns  Iteration: 2  Instance: /tb/MyRiscv/u_regfile/MUXA
# ** Warning: NUMERIC_STD.TO_INTEGER: metavalue detected, returning 0
#    Time: 9636960 ns  Iteration: 2  Instance: /tb/MyRiscv/u_regfile/MUXB
# ** Warning: NUMERIC_STD.TO_INTEGER: metavalue detected, returning 0
#    Time: 9636960 ns  Iteration: 2  Instance: /tb/MyRiscv/u_regfile/MUXA
# ** Warning: NUMERIC_STD.TO_INTEGER: metavalue detected, returning 0
#    Time: 9657420 ns  Iteration: 2  Instance: /tb/MyRiscv/u_regfile/MUXB
# ** Warning: NUMERIC_STD.TO_INTEGER: metavalue detected, returning 0
#    Time: 9657420 ns  Iteration: 2  Instance: /tb/MyRiscv/u_regfile/MUXA
# ** Warning: NUMERIC_STD.TO_INTEGER: metavalue detected, returning 0
#    Time: 9677880 ns  Iteration: 2  Instance: /tb/MyRiscv/u_regfile/MUXB
# ** Warning: NUMERIC_STD.TO_INTEGER: metavalue detected, returning 0
#    Time: 9677880 ns  Iteration: 2  Instance: /tb/MyRiscv/u_regfile/MUXA
# ** Warning: NUMERIC_STD.TO_INTEGER: metavalue detected, returning 0
#    Time: 9698340 ns  Iteration: 2  Instance: /tb/MyRiscv/u_regfile/MUXB
# ** Warning: NUMERIC_STD.TO_INTEGER: metavalue detected, returning 0
#    Time: 9698340 ns  Iteration: 2  Instance: /tb/MyRiscv/u_regfile/MUXA
# ** Warning: NUMERIC_STD.TO_INTEGER: metavalue detected, returning 0
#    Time: 9718800 ns  Iteration: 2  Instance: /tb/MyRiscv/u_regfile/MUXB
# ** Warning: NUMERIC_STD.TO_INTEGER: metavalue detected, returning 0
#    Time: 9718800 ns  Iteration: 2  Instance: /tb/MyRiscv/u_regfile/MUXA
# ** Warning: NUMERIC_STD.TO_INTEGER: metavalue detected, returning 0
#    Time: 9739260 ns  Iteration: 2  Instance: /tb/MyRiscv/u_regfile/MUXB
# ** Warning: NUMERIC_STD.TO_INTEGER: metavalue detected, returning 0
#    Time: 9739260 ns  Iteration: 2  Instance: /tb/MyRiscv/u_regfile/MUXA
# ** Warning: NUMERIC_STD.TO_INTEGER: metavalue detected, returning 0
#    Time: 9759720 ns  Iteration: 2  Instance: /tb/MyRiscv/u_regfile/MUXB
# ** Warning: NUMERIC_STD.TO_INTEGER: metavalue detected, returning 0
#    Time: 9759720 ns  Iteration: 2  Instance: /tb/MyRiscv/u_regfile/MUXA
# ** Warning: NUMERIC_STD.TO_INTEGER: metavalue detected, returning 0
#    Time: 9780180 ns  Iteration: 2  Instance: /tb/MyRiscv/u_regfile/MUXB
# ** Warning: NUMERIC_STD.TO_INTEGER: metavalue detected, returning 0
#    Time: 9780180 ns  Iteration: 2  Instance: /tb/MyRiscv/u_regfile/MUXA
# ** Warning: NUMERIC_STD.TO_INTEGER: metavalue detected, returning 0
#    Time: 9800640 ns  Iteration: 2  Instance: /tb/MyRiscv/u_regfile/MUXB
# ** Warning: NUMERIC_STD.TO_INTEGER: metavalue detected, returning 0
#    Time: 9800640 ns  Iteration: 2  Instance: /tb/MyRiscv/u_regfile/MUXA
# ** Warning: NUMERIC_STD.TO_INTEGER: metavalue detected, returning 0
#    Time: 9821100 ns  Iteration: 2  Instance: /tb/MyRiscv/u_regfile/MUXB
# ** Warning: NUMERIC_STD.TO_INTEGER: metavalue detected, returning 0
#    Time: 9821100 ns  Iteration: 2  Instance: /tb/MyRiscv/u_regfile/MUXA
# ** Warning: NUMERIC_STD.TO_INTEGER: metavalue detected, returning 0
#    Time: 9841560 ns  Iteration: 2  Instance: /tb/MyRiscv/u_regfile/MUXB
# ** Warning: NUMERIC_STD.TO_INTEGER: metavalue detected, returning 0
#    Time: 9841560 ns  Iteration: 2  Instance: /tb/MyRiscv/u_regfile/MUXA
# ** Warning: NUMERIC_STD.TO_INTEGER: metavalue detected, returning 0
#    Time: 9862020 ns  Iteration: 2  Instance: /tb/MyRiscv/u_regfile/MUXB
# ** Warning: NUMERIC_STD.TO_INTEGER: metavalue detected, returning 0
#    Time: 9862020 ns  Iteration: 2  Instance: /tb/MyRiscv/u_regfile/MUXA
# ** Warning: NUMERIC_STD.TO_INTEGER: metavalue detected, returning 0
#    Time: 9882480 ns  Iteration: 2  Instance: /tb/MyRiscv/u_regfile/MUXB
# ** Warning: NUMERIC_STD.TO_INTEGER: metavalue detected, returning 0
#    Time: 9882480 ns  Iteration: 2  Instance: /tb/MyRiscv/u_regfile/MUXA
# ** Warning: NUMERIC_STD.TO_INTEGER: metavalue detected, returning 0
#    Time: 9902940 ns  Iteration: 2  Instance: /tb/MyRiscv/u_regfile/MUXB
# ** Warning: NUMERIC_STD.TO_INTEGER: metavalue detected, returning 0
#    Time: 9902940 ns  Iteration: 2  Instance: /tb/MyRiscv/u_regfile/MUXA
# ** Warning: NUMERIC_STD.TO_INTEGER: metavalue detected, returning 0
#    Time: 9923400 ns  Iteration: 2  Instance: /tb/MyRiscv/u_regfile/MUXB
# ** Warning: NUMERIC_STD.TO_INTEGER: metavalue detected, returning 0
#    Time: 9923400 ns  Iteration: 2  Instance: /tb/MyRiscv/u_regfile/MUXA
# ** Warning: NUMERIC_STD.TO_INTEGER: metavalue detected, returning 0
#    Time: 9943860 ns  Iteration: 2  Instance: /tb/MyRiscv/u_regfile/MUXB
# ** Warning: NUMERIC_STD.TO_INTEGER: metavalue detected, returning 0
#    Time: 9943860 ns  Iteration: 2  Instance: /tb/MyRiscv/u_regfile/MUXA
# ** Warning: NUMERIC_STD.TO_INTEGER: metavalue detected, returning 0
#    Time: 9964320 ns  Iteration: 2  Instance: /tb/MyRiscv/u_regfile/MUXB
# ** Warning: NUMERIC_STD.TO_INTEGER: metavalue detected, returning 0
#    Time: 9964320 ns  Iteration: 2  Instance: /tb/MyRiscv/u_regfile/MUXA
# ** Warning: NUMERIC_STD.TO_INTEGER: metavalue detected, returning 0
#    Time: 9984780 ns  Iteration: 2  Instance: /tb/MyRiscv/u_regfile/MUXB
# ** Warning: NUMERIC_STD.TO_INTEGER: metavalue detected, returning 0
#    Time: 9984780 ns  Iteration: 2  Instance: /tb/MyRiscv/u_regfile/MUXA
# End time: 16:27:36 on Dec 09,2025, Elapsed time: 0:00:04
# Errors: 0, Warnings: 992
