In clock cycle: 4
Register Write to Reg: 0x06 Val: 0x00000001
In clock cycle: 5
Register Write to Reg: 0x01 Val: 0x00000014
In clock cycle: 6
Register Write to Reg: 0x05 Val: 0x00000001
In clock cycle: 7
Register Write to Reg: 0x06 Val: 0x00000001
In clock cycle: 8
Register Write to Reg: 0x01 Val: 0xFFFFFFF0
In clock cycle: 9
Register Write to Reg: 0x05 Val: 0x00000001
In clock cycle: 10
Register Write to Reg: 0x06 Val: 0x00000002
In clock cycle: 11
Register Write to Reg: 0x01 Val: 0x00000024
In clock cycle: 12
Register Write to Reg: 0x05 Val: 0x00000002
In clock cycle: 13
Register Write to Reg: 0x06 Val: 0x00000002
In clock cycle: 1024
Register Write to Reg: 0x06 Val: 0x00000003
In clock cycle: 1025
Register Write to Reg: 0x01 Val: 0x00000014
In clock cycle: 1026
Register Write to Reg: 0x05 Val: 0x00000003
In clock cycle: 1027
Register Write to Reg: 0x06 Val: 0x00000003
In clock cycle: 1028
Register Write to Reg: 0x01 Val: 0xFFFFFFF0
In clock cycle: 1029
Register Write to Reg: 0x05 Val: 0x00000003
In clock cycle: 1030
Register Write to Reg: 0x06 Val: 0x00000004
In clock cycle: 1031
Register Write to Reg: 0x01 Val: 0x00000024
In clock cycle: 1032
Register Write to Reg: 0x05 Val: 0x00000004
In clock cycle: 1033
Register Write to Reg: 0x06 Val: 0x00000004
In clock cycle: 2044
Register Write to Reg: 0x06 Val: 0x00000005
In clock cycle: 2045
Register Write to Reg: 0x01 Val: 0x00000014
In clock cycle: 2046
Register Write to Reg: 0x05 Val: 0x00000005
In clock cycle: 2047
Register Write to Reg: 0x06 Val: 0x00000005
In clock cycle: 2048
Register Write to Reg: 0x01 Val: 0xFFFFFFF0
In clock cycle: 2049
Register Write to Reg: 0x05 Val: 0x00000005
In clock cycle: 2050
Register Write to Reg: 0x06 Val: 0x00000006
In clock cycle: 2051
Register Write to Reg: 0x01 Val: 0x00000024
In clock cycle: 2052
Register Write to Reg: 0x05 Val: 0x00000006
In clock cycle: 2053
Register Write to Reg: 0x06 Val: 0x00000006
In clock cycle: 3064
Register Write to Reg: 0x06 Val: 0x00000007
In clock cycle: 3065
Register Write to Reg: 0x01 Val: 0x00000014
In clock cycle: 3066
Register Write to Reg: 0x05 Val: 0x00000007
In clock cycle: 3067
Register Write to Reg: 0x06 Val: 0x00000007
In clock cycle: 3068
Register Write to Reg: 0x01 Val: 0xFFFFFFF0
In clock cycle: 3069
Register Write to Reg: 0x05 Val: 0x00000007
In clock cycle: 3070
Register Write to Reg: 0x06 Val: 0x00000008
In clock cycle: 3071
Register Write to Reg: 0x01 Val: 0x00000024
In clock cycle: 3072
Register Write to Reg: 0x05 Val: 0x00000008
In clock cycle: 3073
Register Write to Reg: 0x06 Val: 0x00000008
In clock cycle: 4084
Register Write to Reg: 0x06 Val: 0x00000009
In clock cycle: 4085
Register Write to Reg: 0x01 Val: 0x00000014
In clock cycle: 4086
Register Write to Reg: 0x05 Val: 0x00000009
In clock cycle: 4087
Register Write to Reg: 0x06 Val: 0x00000009
In clock cycle: 4088
Register Write to Reg: 0x01 Val: 0xFFFFFFF0
In clock cycle: 4089
Register Write to Reg: 0x05 Val: 0x00000009
In clock cycle: 4090
Register Write to Reg: 0x06 Val: 0x0000000A
In clock cycle: 4091
Register Write to Reg: 0x01 Val: 0x00000024
In clock cycle: 4092
Register Write to Reg: 0x05 Val: 0x0000000A
In clock cycle: 4093
Register Write to Reg: 0x06 Val: 0x0000000A
In clock cycle: 5104
Register Write to Reg: 0x06 Val: 0x0000000B
In clock cycle: 5105
Register Write to Reg: 0x01 Val: 0x00000014
In clock cycle: 5106
Register Write to Reg: 0x05 Val: 0x0000000B
In clock cycle: 5107
Register Write to Reg: 0x06 Val: 0x0000000B
In clock cycle: 5108
Register Write to Reg: 0x01 Val: 0xFFFFFFF0
In clock cycle: 5109
Register Write to Reg: 0x05 Val: 0x0000000B
In clock cycle: 5110
Register Write to Reg: 0x06 Val: 0x0000000C
In clock cycle: 5111
Register Write to Reg: 0x01 Val: 0x00000024
In clock cycle: 5112
Register Write to Reg: 0x05 Val: 0x0000000C
In clock cycle: 5113
Register Write to Reg: 0x06 Val: 0x0000000C
In clock cycle: 6124
Register Write to Reg: 0x06 Val: 0x0000000D
In clock cycle: 6125
Register Write to Reg: 0x01 Val: 0x00000014
In clock cycle: 6126
Register Write to Reg: 0x05 Val: 0x0000000D
In clock cycle: 6127
Register Write to Reg: 0x06 Val: 0x0000000D
In clock cycle: 6128
Register Write to Reg: 0x01 Val: 0xFFFFFFF0
In clock cycle: 6129
Register Write to Reg: 0x05 Val: 0x0000000D
In clock cycle: 6130
Register Write to Reg: 0x06 Val: 0x0000000E
In clock cycle: 6131
Register Write to Reg: 0x01 Val: 0x00000024
In clock cycle: 6132
Register Write to Reg: 0x05 Val: 0x0000000E
In clock cycle: 6133
Register Write to Reg: 0x06 Val: 0x0000000E
In clock cycle: 7144
Register Write to Reg: 0x06 Val: 0x0000000F
In clock cycle: 7145
Register Write to Reg: 0x01 Val: 0x00000014
In clock cycle: 7146
Register Write to Reg: 0x05 Val: 0x0000000F
In clock cycle: 7147
Register Write to Reg: 0x06 Val: 0x0000000F
In clock cycle: 7148
Register Write to Reg: 0x01 Val: 0xFFFFFFF0
In clock cycle: 7149
Register Write to Reg: 0x05 Val: 0x0000000F
In clock cycle: 7150
Register Write to Reg: 0x06 Val: 0x00000010
In clock cycle: 7151
Register Write to Reg: 0x01 Val: 0x00000024
In clock cycle: 7152
Register Write to Reg: 0x05 Val: 0x00000010
In clock cycle: 7153
Register Write to Reg: 0x06 Val: 0x00000010
In clock cycle: 8164
Register Write to Reg: 0x06 Val: 0x00000011
In clock cycle: 8165
Register Write to Reg: 0x01 Val: 0x00000014
In clock cycle: 8166
Register Write to Reg: 0x05 Val: 0x00000011
In clock cycle: 8167
Register Write to Reg: 0x06 Val: 0x00000011
In clock cycle: 8168
Register Write to Reg: 0x01 Val: 0xFFFFFFF0
In clock cycle: 8169
Register Write to Reg: 0x05 Val: 0x00000011
In clock cycle: 8170
Register Write to Reg: 0x06 Val: 0x00000012
In clock cycle: 8171
Register Write to Reg: 0x01 Val: 0x00000024
In clock cycle: 8172
Register Write to Reg: 0x05 Val: 0x00000012
In clock cycle: 8173
Register Write to Reg: 0x06 Val: 0x00000012
In clock cycle: 9184
Register Write to Reg: 0x06 Val: 0x00000013
In clock cycle: 9185
Register Write to Reg: 0x01 Val: 0x00000014
In clock cycle: 9186
Register Write to Reg: 0x05 Val: 0x00000013
In clock cycle: 9187
Register Write to Reg: 0x06 Val: 0x00000013
In clock cycle: 9188
Register Write to Reg: 0x01 Val: 0xFFFFFFF0
In clock cycle: 9189
Register Write to Reg: 0x05 Val: 0x00000013
In clock cycle: 9190
Register Write to Reg: 0x06 Val: 0x00000014
In clock cycle: 9191
Register Write to Reg: 0x01 Val: 0x00000024
In clock cycle: 9192
Register Write to Reg: 0x05 Val: 0x00000014
In clock cycle: 9193
Register Write to Reg: 0x06 Val: 0x00000014
In clock cycle: 10204
Register Write to Reg: 0x06 Val: 0x00000015
In clock cycle: 10205
Register Write to Reg: 0x01 Val: 0x00000014
In clock cycle: 10206
Register Write to Reg: 0x05 Val: 0x00000015
In clock cycle: 10207
Register Write to Reg: 0x06 Val: 0x00000015
In clock cycle: 10208
Register Write to Reg: 0x01 Val: 0xFFFFFFF0
In clock cycle: 10209
Register Write to Reg: 0x05 Val: 0x00000015
In clock cycle: 10210
Register Write to Reg: 0x06 Val: 0x00000016
In clock cycle: 10211
Register Write to Reg: 0x01 Val: 0x00000024
In clock cycle: 10212
Register Write to Reg: 0x05 Val: 0x00000016
In clock cycle: 10213
Register Write to Reg: 0x06 Val: 0x00000016
In clock cycle: 11224
Register Write to Reg: 0x06 Val: 0x00000017
In clock cycle: 11225
Register Write to Reg: 0x01 Val: 0x00000014
In clock cycle: 11226
Register Write to Reg: 0x05 Val: 0x00000017
In clock cycle: 11227
Register Write to Reg: 0x06 Val: 0x00000017
In clock cycle: 11228
Register Write to Reg: 0x01 Val: 0xFFFFFFF0
In clock cycle: 11229
Register Write to Reg: 0x05 Val: 0x00000017
In clock cycle: 11230
Register Write to Reg: 0x06 Val: 0x00000018
In clock cycle: 11231
Register Write to Reg: 0x01 Val: 0x00000024
In clock cycle: 11232
Register Write to Reg: 0x05 Val: 0x00000018
In clock cycle: 11233
Register Write to Reg: 0x06 Val: 0x00000018
In clock cycle: 12244
Register Write to Reg: 0x06 Val: 0x00000019
In clock cycle: 12245
Register Write to Reg: 0x01 Val: 0x00000014
In clock cycle: 12246
Register Write to Reg: 0x05 Val: 0x00000019
In clock cycle: 12247
Register Write to Reg: 0x06 Val: 0x00000019
In clock cycle: 12248
Register Write to Reg: 0x01 Val: 0xFFFFFFF0
In clock cycle: 12249
Register Write to Reg: 0x05 Val: 0x00000019
In clock cycle: 12250
Register Write to Reg: 0x06 Val: 0x0000001A
In clock cycle: 12251
Register Write to Reg: 0x01 Val: 0x00000024
In clock cycle: 12252
Register Write to Reg: 0x05 Val: 0x0000001A
In clock cycle: 12253
Register Write to Reg: 0x06 Val: 0x0000001A
In clock cycle: 13264
Register Write to Reg: 0x06 Val: 0x0000001B
In clock cycle: 13265
Register Write to Reg: 0x01 Val: 0x00000014
In clock cycle: 13266
Register Write to Reg: 0x05 Val: 0x0000001B
In clock cycle: 13267
Register Write to Reg: 0x06 Val: 0x0000001B
In clock cycle: 13268
Register Write to Reg: 0x01 Val: 0xFFFFFFF0
In clock cycle: 13269
Register Write to Reg: 0x05 Val: 0x0000001B
In clock cycle: 13270
Register Write to Reg: 0x06 Val: 0x0000001C
In clock cycle: 13271
Register Write to Reg: 0x01 Val: 0x00000024
In clock cycle: 13272
Register Write to Reg: 0x05 Val: 0x0000001C
In clock cycle: 13273
Register Write to Reg: 0x06 Val: 0x0000001C
In clock cycle: 14284
Register Write to Reg: 0x06 Val: 0x0000001D
In clock cycle: 14285
Register Write to Reg: 0x01 Val: 0x00000014
In clock cycle: 14286
Register Write to Reg: 0x05 Val: 0x0000001D
In clock cycle: 14287
Register Write to Reg: 0x06 Val: 0x0000001D
In clock cycle: 14288
Register Write to Reg: 0x01 Val: 0xFFFFFFF0
In clock cycle: 14289
Register Write to Reg: 0x05 Val: 0x0000001D
In clock cycle: 14290
Register Write to Reg: 0x06 Val: 0x0000001E
In clock cycle: 14291
Register Write to Reg: 0x01 Val: 0x00000024
In clock cycle: 14292
Register Write to Reg: 0x05 Val: 0x0000001E
In clock cycle: 14293
Register Write to Reg: 0x06 Val: 0x0000001E
In clock cycle: 15304
Register Write to Reg: 0x06 Val: 0x0000001F
In clock cycle: 15305
Register Write to Reg: 0x01 Val: 0x00000014
In clock cycle: 15306
Register Write to Reg: 0x05 Val: 0x0000001F
In clock cycle: 15307
Register Write to Reg: 0x06 Val: 0x0000001F
In clock cycle: 15308
Register Write to Reg: 0x01 Val: 0xFFFFFFF0
In clock cycle: 15309
Register Write to Reg: 0x05 Val: 0x0000001F
In clock cycle: 15310
Register Write to Reg: 0x06 Val: 0x00000020
In clock cycle: 15311
Register Write to Reg: 0x01 Val: 0x00000024
In clock cycle: 15312
Register Write to Reg: 0x05 Val: 0x00000020
In clock cycle: 15313
Register Write to Reg: 0x06 Val: 0x00000020
In clock cycle: 16324
Register Write to Reg: 0x06 Val: 0x00000021
In clock cycle: 16325
Register Write to Reg: 0x01 Val: 0x00000014
In clock cycle: 16326
Register Write to Reg: 0x05 Val: 0x00000021
In clock cycle: 16327
Register Write to Reg: 0x06 Val: 0x00000021
In clock cycle: 16328
Register Write to Reg: 0x01 Val: 0xFFFFFFF0
In clock cycle: 16329
Register Write to Reg: 0x05 Val: 0x00000021
In clock cycle: 16330
Register Write to Reg: 0x06 Val: 0x00000022
In clock cycle: 16331
Register Write to Reg: 0x01 Val: 0x00000024
In clock cycle: 16332
Register Write to Reg: 0x05 Val: 0x00000022
In clock cycle: 16333
Register Write to Reg: 0x06 Val: 0x00000022
In clock cycle: 17344
Register Write to Reg: 0x06 Val: 0x00000023
In clock cycle: 17345
Register Write to Reg: 0x01 Val: 0x00000014
In clock cycle: 17346
Register Write to Reg: 0x05 Val: 0x00000023
In clock cycle: 17347
Register Write to Reg: 0x06 Val: 0x00000023
In clock cycle: 17348
Register Write to Reg: 0x01 Val: 0xFFFFFFF0
In clock cycle: 17349
Register Write to Reg: 0x05 Val: 0x00000023
In clock cycle: 17350
Register Write to Reg: 0x06 Val: 0x00000024
In clock cycle: 17351
Register Write to Reg: 0x01 Val: 0x00000024
In clock cycle: 17352
Register Write to Reg: 0x05 Val: 0x00000024
In clock cycle: 17353
Register Write to Reg: 0x06 Val: 0x00000024
In clock cycle: 18364
Register Write to Reg: 0x06 Val: 0x00000025
In clock cycle: 18365
Register Write to Reg: 0x01 Val: 0x00000014
In clock cycle: 18366
Register Write to Reg: 0x05 Val: 0x00000025
In clock cycle: 18367
Register Write to Reg: 0x06 Val: 0x00000025
In clock cycle: 18368
Register Write to Reg: 0x01 Val: 0xFFFFFFF0
In clock cycle: 18369
Register Write to Reg: 0x05 Val: 0x00000025
In clock cycle: 18370
Register Write to Reg: 0x06 Val: 0x00000026
In clock cycle: 18371
Register Write to Reg: 0x01 Val: 0x00000024
In clock cycle: 18372
Register Write to Reg: 0x05 Val: 0x00000026
In clock cycle: 18373
Register Write to Reg: 0x06 Val: 0x00000026
In clock cycle: 19384
Register Write to Reg: 0x06 Val: 0x00000027
In clock cycle: 19385
Register Write to Reg: 0x01 Val: 0x00000014
In clock cycle: 19386
Register Write to Reg: 0x05 Val: 0x00000027
In clock cycle: 19387
Register Write to Reg: 0x06 Val: 0x00000027
In clock cycle: 19388
Register Write to Reg: 0x01 Val: 0xFFFFFFF0
In clock cycle: 19389
Register Write to Reg: 0x05 Val: 0x00000027
In clock cycle: 19390
Register Write to Reg: 0x06 Val: 0x00000028
In clock cycle: 19391
Register Write to Reg: 0x01 Val: 0x00000024
In clock cycle: 19392
Register Write to Reg: 0x05 Val: 0x00000028
In clock cycle: 19393
Register Write to Reg: 0x06 Val: 0x00000028
In clock cycle: 20404
Register Write to Reg: 0x06 Val: 0x00000029
In clock cycle: 20405
Register Write to Reg: 0x01 Val: 0x00000014
In clock cycle: 20406
Register Write to Reg: 0x05 Val: 0x00000029
In clock cycle: 20407
Register Write to Reg: 0x06 Val: 0x00000029
In clock cycle: 20408
Register Write to Reg: 0x01 Val: 0xFFFFFFF0
In clock cycle: 20409
Register Write to Reg: 0x05 Val: 0x00000029
In clock cycle: 20410
Register Write to Reg: 0x06 Val: 0x0000002A
In clock cycle: 20411
Register Write to Reg: 0x01 Val: 0x00000024
In clock cycle: 20412
Register Write to Reg: 0x05 Val: 0x0000002A
In clock cycle: 20413
Register Write to Reg: 0x06 Val: 0x0000002A
In clock cycle: 21424
Register Write to Reg: 0x06 Val: 0x0000002B
In clock cycle: 21425
Register Write to Reg: 0x01 Val: 0x00000014
In clock cycle: 21426
Register Write to Reg: 0x05 Val: 0x0000002B
In clock cycle: 21427
Register Write to Reg: 0x06 Val: 0x0000002B
In clock cycle: 21428
Register Write to Reg: 0x01 Val: 0xFFFFFFF0
In clock cycle: 21429
Register Write to Reg: 0x05 Val: 0x0000002B
In clock cycle: 21430
Register Write to Reg: 0x06 Val: 0x0000002C
In clock cycle: 21431
Register Write to Reg: 0x01 Val: 0x00000024
In clock cycle: 21432
Register Write to Reg: 0x05 Val: 0x0000002C
In clock cycle: 21433
Register Write to Reg: 0x06 Val: 0x0000002C
In clock cycle: 22444
Register Write to Reg: 0x06 Val: 0x0000002D
In clock cycle: 22445
Register Write to Reg: 0x01 Val: 0x00000014
In clock cycle: 22446
Register Write to Reg: 0x05 Val: 0x0000002D
In clock cycle: 22447
Register Write to Reg: 0x06 Val: 0x0000002D
In clock cycle: 22448
Register Write to Reg: 0x01 Val: 0xFFFFFFF0
In clock cycle: 22449
Register Write to Reg: 0x05 Val: 0x0000002D
In clock cycle: 22450
Register Write to Reg: 0x06 Val: 0x0000002E
In clock cycle: 22451
Register Write to Reg: 0x01 Val: 0x00000024
In clock cycle: 22452
Register Write to Reg: 0x05 Val: 0x0000002E
In clock cycle: 22453
Register Write to Reg: 0x06 Val: 0x0000002E
In clock cycle: 23464
Register Write to Reg: 0x06 Val: 0x0000002F
In clock cycle: 23465
Register Write to Reg: 0x01 Val: 0x00000014
In clock cycle: 23466
Register Write to Reg: 0x05 Val: 0x0000002F
In clock cycle: 23467
Register Write to Reg: 0x06 Val: 0x0000002F
In clock cycle: 23468
Register Write to Reg: 0x01 Val: 0xFFFFFFF0
In clock cycle: 23469
Register Write to Reg: 0x05 Val: 0x0000002F
In clock cycle: 23470
Register Write to Reg: 0x06 Val: 0x00000030
In clock cycle: 23471
Register Write to Reg: 0x01 Val: 0x00000024
In clock cycle: 23472
Register Write to Reg: 0x05 Val: 0x00000030
In clock cycle: 23473
Register Write to Reg: 0x06 Val: 0x00000030
In clock cycle: 24484
Register Write to Reg: 0x06 Val: 0x00000031
In clock cycle: 24485
Register Write to Reg: 0x01 Val: 0x00000014
In clock cycle: 24486
Register Write to Reg: 0x05 Val: 0x00000031
In clock cycle: 24487
Register Write to Reg: 0x06 Val: 0x00000031
In clock cycle: 24488
Register Write to Reg: 0x01 Val: 0xFFFFFFF0
In clock cycle: 24489
Register Write to Reg: 0x05 Val: 0x00000031
In clock cycle: 24490
Register Write to Reg: 0x06 Val: 0x00000032
In clock cycle: 24491
Register Write to Reg: 0x01 Val: 0x00000024
In clock cycle: 24492
Register Write to Reg: 0x05 Val: 0x00000032
In clock cycle: 24493
Register Write to Reg: 0x06 Val: 0x00000032
In clock cycle: 25504
Register Write to Reg: 0x06 Val: 0x00000033
In clock cycle: 25505
Register Write to Reg: 0x01 Val: 0x00000014
In clock cycle: 25506
Register Write to Reg: 0x05 Val: 0x00000033
In clock cycle: 25507
Register Write to Reg: 0x06 Val: 0x00000033
In clock cycle: 25508
Register Write to Reg: 0x01 Val: 0xFFFFFFF0
In clock cycle: 25509
Register Write to Reg: 0x05 Val: 0x00000033
In clock cycle: 25510
Register Write to Reg: 0x06 Val: 0x00000034
In clock cycle: 25511
Register Write to Reg: 0x01 Val: 0x00000024
In clock cycle: 25512
Register Write to Reg: 0x05 Val: 0x00000034
In clock cycle: 25513
Register Write to Reg: 0x06 Val: 0x00000034
In clock cycle: 26524
Register Write to Reg: 0x06 Val: 0x00000035
In clock cycle: 26525
Register Write to Reg: 0x01 Val: 0x00000014
In clock cycle: 26526
Register Write to Reg: 0x05 Val: 0x00000035
In clock cycle: 26527
Register Write to Reg: 0x06 Val: 0x00000035
In clock cycle: 26528
Register Write to Reg: 0x01 Val: 0xFFFFFFF0
In clock cycle: 26529
Register Write to Reg: 0x05 Val: 0x00000035
In clock cycle: 26530
Register Write to Reg: 0x06 Val: 0x00000036
In clock cycle: 26531
Register Write to Reg: 0x01 Val: 0x00000024
In clock cycle: 26532
Register Write to Reg: 0x05 Val: 0x00000036
In clock cycle: 26533
Register Write to Reg: 0x06 Val: 0x00000036
In clock cycle: 27544
Register Write to Reg: 0x06 Val: 0x00000037
In clock cycle: 27545
Register Write to Reg: 0x01 Val: 0x00000014
In clock cycle: 27546
Register Write to Reg: 0x05 Val: 0x00000037
In clock cycle: 27547
Register Write to Reg: 0x06 Val: 0x00000037
In clock cycle: 27548
Register Write to Reg: 0x01 Val: 0xFFFFFFF0
In clock cycle: 27549
Register Write to Reg: 0x05 Val: 0x00000037
In clock cycle: 27550
Register Write to Reg: 0x06 Val: 0x00000038
In clock cycle: 27551
Register Write to Reg: 0x01 Val: 0x00000024
In clock cycle: 27552
Register Write to Reg: 0x05 Val: 0x00000038
In clock cycle: 27553
Register Write to Reg: 0x06 Val: 0x00000038
In clock cycle: 28564
Register Write to Reg: 0x06 Val: 0x00000039
In clock cycle: 28565
Register Write to Reg: 0x01 Val: 0x00000014
In clock cycle: 28566
Register Write to Reg: 0x05 Val: 0x00000039
In clock cycle: 28567
Register Write to Reg: 0x06 Val: 0x00000039
In clock cycle: 28568
Register Write to Reg: 0x01 Val: 0xFFFFFFF0
In clock cycle: 28569
Register Write to Reg: 0x05 Val: 0x00000039
In clock cycle: 28570
Register Write to Reg: 0x06 Val: 0x0000003A
In clock cycle: 28571
Register Write to Reg: 0x01 Val: 0x00000024
In clock cycle: 28572
Register Write to Reg: 0x05 Val: 0x0000003A
In clock cycle: 28573
Register Write to Reg: 0x06 Val: 0x0000003A
In clock cycle: 29584
Register Write to Reg: 0x06 Val: 0x0000003B
In clock cycle: 29585
Register Write to Reg: 0x01 Val: 0x00000014
In clock cycle: 29586
Register Write to Reg: 0x05 Val: 0x0000003B
In clock cycle: 29587
Register Write to Reg: 0x06 Val: 0x0000003B
In clock cycle: 29588
Register Write to Reg: 0x01 Val: 0xFFFFFFF0
In clock cycle: 29589
Register Write to Reg: 0x05 Val: 0x0000003B
In clock cycle: 29590
Register Write to Reg: 0x06 Val: 0x0000003C
In clock cycle: 29591
Register Write to Reg: 0x01 Val: 0x00000024
In clock cycle: 29592
Register Write to Reg: 0x05 Val: 0x0000003C
In clock cycle: 29593
Register Write to Reg: 0x06 Val: 0x0000003C
In clock cycle: 30604
Register Write to Reg: 0x06 Val: 0x0000003D
In clock cycle: 30605
Register Write to Reg: 0x01 Val: 0x00000014
In clock cycle: 30606
Register Write to Reg: 0x05 Val: 0x0000003D
In clock cycle: 30607
Register Write to Reg: 0x06 Val: 0x0000003D
In clock cycle: 30608
Register Write to Reg: 0x01 Val: 0xFFFFFFF0
In clock cycle: 30609
Register Write to Reg: 0x05 Val: 0x0000003D
In clock cycle: 30610
Register Write to Reg: 0x06 Val: 0x0000003E
In clock cycle: 30611
Register Write to Reg: 0x01 Val: 0x00000024
In clock cycle: 30612
Register Write to Reg: 0x05 Val: 0x0000003E
In clock cycle: 30613
Register Write to Reg: 0x06 Val: 0x0000003E
In clock cycle: 31624
Register Write to Reg: 0x06 Val: 0x0000003F
In clock cycle: 31625
Register Write to Reg: 0x01 Val: 0x00000014
In clock cycle: 31626
Register Write to Reg: 0x05 Val: 0x0000003F
In clock cycle: 31627
Register Write to Reg: 0x06 Val: 0x0000003F
In clock cycle: 31628
Register Write to Reg: 0x01 Val: 0xFFFFFFF0
In clock cycle: 31629
Register Write to Reg: 0x05 Val: 0x0000003F
In clock cycle: 31630
Register Write to Reg: 0x06 Val: 0x00000040
In clock cycle: 31631
Register Write to Reg: 0x01 Val: 0x00000024
In clock cycle: 31632
Register Write to Reg: 0x05 Val: 0x00000040
In clock cycle: 31633
Register Write to Reg: 0x06 Val: 0x00000040
In clock cycle: 32644
Register Write to Reg: 0x06 Val: 0x00000041
In clock cycle: 32645
Register Write to Reg: 0x01 Val: 0x00000014
In clock cycle: 32646
Register Write to Reg: 0x05 Val: 0x00000041
In clock cycle: 32647
Register Write to Reg: 0x06 Val: 0x00000041
In clock cycle: 32648
Register Write to Reg: 0x01 Val: 0xFFFFFFF0
In clock cycle: 32649
Register Write to Reg: 0x05 Val: 0x00000041
In clock cycle: 32650
Register Write to Reg: 0x06 Val: 0x00000042
In clock cycle: 32651
Register Write to Reg: 0x01 Val: 0x00000024
In clock cycle: 32652
Register Write to Reg: 0x05 Val: 0x00000042
In clock cycle: 32653
Register Write to Reg: 0x06 Val: 0x00000042
In clock cycle: 33664
Register Write to Reg: 0x06 Val: 0x00000043
In clock cycle: 33665
Register Write to Reg: 0x01 Val: 0x00000014
In clock cycle: 33666
Register Write to Reg: 0x05 Val: 0x00000043
In clock cycle: 33667
Register Write to Reg: 0x06 Val: 0x00000043
In clock cycle: 33668
Register Write to Reg: 0x01 Val: 0xFFFFFFF0
In clock cycle: 33669
Register Write to Reg: 0x05 Val: 0x00000043
In clock cycle: 33670
Register Write to Reg: 0x06 Val: 0x00000044
In clock cycle: 33671
Register Write to Reg: 0x01 Val: 0x00000024
In clock cycle: 33672
Register Write to Reg: 0x05 Val: 0x00000044
In clock cycle: 33673
Register Write to Reg: 0x06 Val: 0x00000044
In clock cycle: 34684
Register Write to Reg: 0x06 Val: 0x00000045
In clock cycle: 34685
Register Write to Reg: 0x01 Val: 0x00000014
In clock cycle: 34686
Register Write to Reg: 0x05 Val: 0x00000045
In clock cycle: 34687
Register Write to Reg: 0x06 Val: 0x00000045
In clock cycle: 34688
Register Write to Reg: 0x01 Val: 0xFFFFFFF0
In clock cycle: 34689
Register Write to Reg: 0x05 Val: 0x00000045
In clock cycle: 34690
Register Write to Reg: 0x06 Val: 0x00000046
In clock cycle: 34691
Register Write to Reg: 0x01 Val: 0x00000024
In clock cycle: 34692
Register Write to Reg: 0x05 Val: 0x00000046
In clock cycle: 34693
Register Write to Reg: 0x06 Val: 0x00000046
In clock cycle: 35704
Register Write to Reg: 0x06 Val: 0x00000047
In clock cycle: 35705
Register Write to Reg: 0x01 Val: 0x00000014
In clock cycle: 35706
Register Write to Reg: 0x05 Val: 0x00000047
In clock cycle: 35707
Register Write to Reg: 0x06 Val: 0x00000047
In clock cycle: 35708
Register Write to Reg: 0x01 Val: 0xFFFFFFF0
In clock cycle: 35709
Register Write to Reg: 0x05 Val: 0x00000047
In clock cycle: 35710
Register Write to Reg: 0x06 Val: 0x00000048
In clock cycle: 35711
Register Write to Reg: 0x01 Val: 0x00000024
In clock cycle: 35712
Register Write to Reg: 0x05 Val: 0x00000048
In clock cycle: 35713
Register Write to Reg: 0x06 Val: 0x00000048
In clock cycle: 36724
Register Write to Reg: 0x06 Val: 0x00000049
In clock cycle: 36725
Register Write to Reg: 0x01 Val: 0x00000014
In clock cycle: 36726
Register Write to Reg: 0x05 Val: 0x00000049
In clock cycle: 36727
Register Write to Reg: 0x06 Val: 0x00000049
In clock cycle: 36728
Register Write to Reg: 0x01 Val: 0xFFFFFFF0
In clock cycle: 36729
Register Write to Reg: 0x05 Val: 0x00000049
In clock cycle: 36730
Register Write to Reg: 0x06 Val: 0x0000004A
In clock cycle: 36731
Register Write to Reg: 0x01 Val: 0x00000024
In clock cycle: 36732
Register Write to Reg: 0x05 Val: 0x0000004A
In clock cycle: 36733
Register Write to Reg: 0x06 Val: 0x0000004A
In clock cycle: 37744
Register Write to Reg: 0x06 Val: 0x0000004B
In clock cycle: 37745
Register Write to Reg: 0x01 Val: 0x00000014
In clock cycle: 37746
Register Write to Reg: 0x05 Val: 0x0000004B
In clock cycle: 37747
Register Write to Reg: 0x06 Val: 0x0000004B
In clock cycle: 37748
Register Write to Reg: 0x01 Val: 0xFFFFFFF0
In clock cycle: 37749
Register Write to Reg: 0x05 Val: 0x0000004B
In clock cycle: 37750
Register Write to Reg: 0x06 Val: 0x0000004C
In clock cycle: 37751
Register Write to Reg: 0x01 Val: 0x00000024
In clock cycle: 37752
Register Write to Reg: 0x05 Val: 0x0000004C
In clock cycle: 37753
Register Write to Reg: 0x06 Val: 0x0000004C
In clock cycle: 38764
Register Write to Reg: 0x06 Val: 0x0000004D
In clock cycle: 38765
Register Write to Reg: 0x01 Val: 0x00000014
In clock cycle: 38766
Register Write to Reg: 0x05 Val: 0x0000004D
In clock cycle: 38767
Register Write to Reg: 0x06 Val: 0x0000004D
In clock cycle: 38768
Register Write to Reg: 0x01 Val: 0xFFFFFFF0
In clock cycle: 38769
Register Write to Reg: 0x05 Val: 0x0000004D
In clock cycle: 38770
Register Write to Reg: 0x06 Val: 0x0000004E
In clock cycle: 38771
Register Write to Reg: 0x01 Val: 0x00000024
In clock cycle: 38772
Register Write to Reg: 0x05 Val: 0x0000004E
In clock cycle: 38773
Register Write to Reg: 0x06 Val: 0x0000004E
In clock cycle: 39784
Register Write to Reg: 0x06 Val: 0x0000004F
In clock cycle: 39785
Register Write to Reg: 0x01 Val: 0x00000014
In clock cycle: 39786
Register Write to Reg: 0x05 Val: 0x0000004F
In clock cycle: 39787
Register Write to Reg: 0x06 Val: 0x0000004F
In clock cycle: 39788
Register Write to Reg: 0x01 Val: 0xFFFFFFF0
In clock cycle: 39789
Register Write to Reg: 0x05 Val: 0x0000004F
In clock cycle: 39790
Register Write to Reg: 0x06 Val: 0x00000050
In clock cycle: 39791
Register Write to Reg: 0x01 Val: 0x00000024
In clock cycle: 39792
Register Write to Reg: 0x05 Val: 0x00000050
In clock cycle: 39793
Register Write to Reg: 0x06 Val: 0x00000050
In clock cycle: 40804
Register Write to Reg: 0x06 Val: 0x00000051
In clock cycle: 40805
Register Write to Reg: 0x01 Val: 0x00000014
In clock cycle: 40806
Register Write to Reg: 0x05 Val: 0x00000051
In clock cycle: 40807
Register Write to Reg: 0x06 Val: 0x00000051
In clock cycle: 40808
Register Write to Reg: 0x01 Val: 0xFFFFFFF0
In clock cycle: 40809
Register Write to Reg: 0x05 Val: 0x00000051
In clock cycle: 40810
Register Write to Reg: 0x06 Val: 0x00000052
In clock cycle: 40811
Register Write to Reg: 0x01 Val: 0x00000024
In clock cycle: 40812
Register Write to Reg: 0x05 Val: 0x00000052
In clock cycle: 40813
Register Write to Reg: 0x06 Val: 0x00000052
In clock cycle: 41824
Register Write to Reg: 0x06 Val: 0x00000053
In clock cycle: 41825
Register Write to Reg: 0x01 Val: 0x00000014
In clock cycle: 41826
Register Write to Reg: 0x05 Val: 0x00000053
In clock cycle: 41827
Register Write to Reg: 0x06 Val: 0x00000053
In clock cycle: 41828
Register Write to Reg: 0x01 Val: 0xFFFFFFF0
In clock cycle: 41829
Register Write to Reg: 0x05 Val: 0x00000053
In clock cycle: 41830
Register Write to Reg: 0x06 Val: 0x00000054
In clock cycle: 41831
Register Write to Reg: 0x01 Val: 0x00000024
In clock cycle: 41832
Register Write to Reg: 0x05 Val: 0x00000054
In clock cycle: 41833
Register Write to Reg: 0x06 Val: 0x00000054
In clock cycle: 42844
Register Write to Reg: 0x06 Val: 0x00000055
In clock cycle: 42845
Register Write to Reg: 0x01 Val: 0x00000014
In clock cycle: 42846
Register Write to Reg: 0x05 Val: 0x00000055
In clock cycle: 42847
Register Write to Reg: 0x06 Val: 0x00000055
In clock cycle: 42848
Register Write to Reg: 0x01 Val: 0xFFFFFFF0
In clock cycle: 42849
Register Write to Reg: 0x05 Val: 0x00000055
In clock cycle: 42850
Register Write to Reg: 0x06 Val: 0x00000056
In clock cycle: 42851
Register Write to Reg: 0x01 Val: 0x00000024
In clock cycle: 42852
Register Write to Reg: 0x05 Val: 0x00000056
In clock cycle: 42853
Register Write to Reg: 0x06 Val: 0x00000056
In clock cycle: 43864
Register Write to Reg: 0x06 Val: 0x00000057
In clock cycle: 43865
Register Write to Reg: 0x01 Val: 0x00000014
In clock cycle: 43866
Register Write to Reg: 0x05 Val: 0x00000057
In clock cycle: 43867
Register Write to Reg: 0x06 Val: 0x00000057
In clock cycle: 43868
Register Write to Reg: 0x01 Val: 0xFFFFFFF0
In clock cycle: 43869
Register Write to Reg: 0x05 Val: 0x00000057
In clock cycle: 43870
Register Write to Reg: 0x06 Val: 0x00000058
In clock cycle: 43871
Register Write to Reg: 0x01 Val: 0x00000024
In clock cycle: 43872
Register Write to Reg: 0x05 Val: 0x00000058
In clock cycle: 43873
Register Write to Reg: 0x06 Val: 0x00000058
In clock cycle: 44884
Register Write to Reg: 0x06 Val: 0x00000059
In clock cycle: 44885
Register Write to Reg: 0x01 Val: 0x00000014
In clock cycle: 44886
Register Write to Reg: 0x05 Val: 0x00000059
In clock cycle: 44887
Register Write to Reg: 0x06 Val: 0x00000059
In clock cycle: 44888
Register Write to Reg: 0x01 Val: 0xFFFFFFF0
In clock cycle: 44889
Register Write to Reg: 0x05 Val: 0x00000059
In clock cycle: 44890
Register Write to Reg: 0x06 Val: 0x0000005A
In clock cycle: 44891
Register Write to Reg: 0x01 Val: 0x00000024
In clock cycle: 44892
Register Write to Reg: 0x05 Val: 0x0000005A
In clock cycle: 44893
Register Write to Reg: 0x06 Val: 0x0000005A
In clock cycle: 45904
Register Write to Reg: 0x06 Val: 0x0000005B
In clock cycle: 45905
Register Write to Reg: 0x01 Val: 0x00000014
In clock cycle: 45906
Register Write to Reg: 0x05 Val: 0x0000005B
In clock cycle: 45907
Register Write to Reg: 0x06 Val: 0x0000005B
In clock cycle: 45908
Register Write to Reg: 0x01 Val: 0xFFFFFFF0
In clock cycle: 45909
Register Write to Reg: 0x05 Val: 0x0000005B
In clock cycle: 45910
Register Write to Reg: 0x06 Val: 0x0000005C
In clock cycle: 45911
Register Write to Reg: 0x01 Val: 0x00000024
In clock cycle: 45912
Register Write to Reg: 0x05 Val: 0x0000005C
In clock cycle: 45913
Register Write to Reg: 0x06 Val: 0x0000005C
In clock cycle: 46924
Register Write to Reg: 0x06 Val: 0x0000005D
In clock cycle: 46925
Register Write to Reg: 0x01 Val: 0x00000014
In clock cycle: 46926
Register Write to Reg: 0x05 Val: 0x0000005D
In clock cycle: 46927
Register Write to Reg: 0x06 Val: 0x0000005D
In clock cycle: 46928
Register Write to Reg: 0x01 Val: 0xFFFFFFF0
In clock cycle: 46929
Register Write to Reg: 0x05 Val: 0x0000005D
In clock cycle: 46930
Register Write to Reg: 0x06 Val: 0x0000005E
In clock cycle: 46931
Register Write to Reg: 0x01 Val: 0x00000024
In clock cycle: 46932
Register Write to Reg: 0x05 Val: 0x0000005E
In clock cycle: 46933
Register Write to Reg: 0x06 Val: 0x0000005E
In clock cycle: 47944
Register Write to Reg: 0x06 Val: 0x0000005F
In clock cycle: 47945
Register Write to Reg: 0x01 Val: 0x00000014
In clock cycle: 47946
Register Write to Reg: 0x05 Val: 0x0000005F
In clock cycle: 47947
Register Write to Reg: 0x06 Val: 0x0000005F
In clock cycle: 47948
Register Write to Reg: 0x01 Val: 0xFFFFFFF0
In clock cycle: 47949
Register Write to Reg: 0x05 Val: 0x0000005F
In clock cycle: 47950
Register Write to Reg: 0x06 Val: 0x00000060
In clock cycle: 47951
Register Write to Reg: 0x01 Val: 0x00000024
In clock cycle: 47952
Register Write to Reg: 0x05 Val: 0x00000060
In clock cycle: 47953
Register Write to Reg: 0x06 Val: 0x00000060
In clock cycle: 48964
Register Write to Reg: 0x06 Val: 0x00000061
In clock cycle: 48965
Register Write to Reg: 0x01 Val: 0x00000014
In clock cycle: 48966
Register Write to Reg: 0x05 Val: 0x00000061
In clock cycle: 48967
Register Write to Reg: 0x06 Val: 0x00000061
In clock cycle: 48968
Register Write to Reg: 0x01 Val: 0xFFFFFFF0
In clock cycle: 48969
Register Write to Reg: 0x05 Val: 0x00000061
In clock cycle: 48970
Register Write to Reg: 0x06 Val: 0x00000062
In clock cycle: 48971
Register Write to Reg: 0x01 Val: 0x00000024
In clock cycle: 48972
Register Write to Reg: 0x05 Val: 0x00000062
In clock cycle: 48973
Register Write to Reg: 0x06 Val: 0x00000062
In clock cycle: 49984
Register Write to Reg: 0x06 Val: 0x00000063
In clock cycle: 49985
Register Write to Reg: 0x01 Val: 0x00000014
In clock cycle: 49986
Register Write to Reg: 0x05 Val: 0x00000063
In clock cycle: 49987
Register Write to Reg: 0x06 Val: 0x00000063
In clock cycle: 49988
Register Write to Reg: 0x01 Val: 0xFFFFFFF0
In clock cycle: 49989
Register Write to Reg: 0x05 Val: 0x00000063
In clock cycle: 49990
Register Write to Reg: 0x06 Val: 0x00000064
In clock cycle: 49991
Register Write to Reg: 0x01 Val: 0x00000024
In clock cycle: 49992
Register Write to Reg: 0x05 Val: 0x00000064
In clock cycle: 49993
Register Write to Reg: 0x06 Val: 0x00000064
In clock cycle: 51004
Register Write to Reg: 0x06 Val: 0x00000065
In clock cycle: 51005
Register Write to Reg: 0x01 Val: 0x00000014
In clock cycle: 51006
Register Write to Reg: 0x05 Val: 0x00000065
In clock cycle: 51007
Register Write to Reg: 0x06 Val: 0x00000065
In clock cycle: 51008
Register Write to Reg: 0x01 Val: 0xFFFFFFF0
In clock cycle: 51009
Register Write to Reg: 0x05 Val: 0x00000065
In clock cycle: 51010
Register Write to Reg: 0x06 Val: 0x00000066
In clock cycle: 51011
Register Write to Reg: 0x01 Val: 0x00000024
In clock cycle: 51012
Register Write to Reg: 0x05 Val: 0x00000066
In clock cycle: 51013
Register Write to Reg: 0x06 Val: 0x00000066
In clock cycle: 52024
Register Write to Reg: 0x06 Val: 0x00000067
In clock cycle: 52025
Register Write to Reg: 0x01 Val: 0x00000014
In clock cycle: 52026
Register Write to Reg: 0x05 Val: 0x00000067
In clock cycle: 52027
Register Write to Reg: 0x06 Val: 0x00000067
In clock cycle: 52028
Register Write to Reg: 0x01 Val: 0xFFFFFFF0
In clock cycle: 52029
Register Write to Reg: 0x05 Val: 0x00000067
In clock cycle: 52030
Register Write to Reg: 0x06 Val: 0x00000068
In clock cycle: 52031
Register Write to Reg: 0x01 Val: 0x00000024
In clock cycle: 52032
Register Write to Reg: 0x05 Val: 0x00000068
In clock cycle: 52033
Register Write to Reg: 0x06 Val: 0x00000068
In clock cycle: 53044
Register Write to Reg: 0x06 Val: 0x00000069
In clock cycle: 53045
Register Write to Reg: 0x01 Val: 0x00000014
In clock cycle: 53046
Register Write to Reg: 0x05 Val: 0x00000069
In clock cycle: 53047
Register Write to Reg: 0x06 Val: 0x00000069
In clock cycle: 53048
Register Write to Reg: 0x01 Val: 0xFFFFFFF0
In clock cycle: 53049
Register Write to Reg: 0x05 Val: 0x00000069
In clock cycle: 53050
Register Write to Reg: 0x06 Val: 0x0000006A
In clock cycle: 53051
Register Write to Reg: 0x01 Val: 0x00000024
In clock cycle: 53052
Register Write to Reg: 0x05 Val: 0x0000006A
In clock cycle: 53053
Register Write to Reg: 0x06 Val: 0x0000006A
In clock cycle: 54064
Register Write to Reg: 0x06 Val: 0x0000006B
In clock cycle: 54065
Register Write to Reg: 0x01 Val: 0x00000014
In clock cycle: 54066
Register Write to Reg: 0x05 Val: 0x0000006B
In clock cycle: 54067
Register Write to Reg: 0x06 Val: 0x0000006B
In clock cycle: 54068
Register Write to Reg: 0x01 Val: 0xFFFFFFF0
In clock cycle: 54069
Register Write to Reg: 0x05 Val: 0x0000006B
In clock cycle: 54070
Register Write to Reg: 0x06 Val: 0x0000006C
In clock cycle: 54071
Register Write to Reg: 0x01 Val: 0x00000024
In clock cycle: 54072
Register Write to Reg: 0x05 Val: 0x0000006C
In clock cycle: 54073
Register Write to Reg: 0x06 Val: 0x0000006C
In clock cycle: 55084
Register Write to Reg: 0x06 Val: 0x0000006D
In clock cycle: 55085
Register Write to Reg: 0x01 Val: 0x00000014
In clock cycle: 55086
Register Write to Reg: 0x05 Val: 0x0000006D
In clock cycle: 55087
Register Write to Reg: 0x06 Val: 0x0000006D
In clock cycle: 55088
Register Write to Reg: 0x01 Val: 0xFFFFFFF0
In clock cycle: 55089
Register Write to Reg: 0x05 Val: 0x0000006D
In clock cycle: 55090
Register Write to Reg: 0x06 Val: 0x0000006E
In clock cycle: 55091
Register Write to Reg: 0x01 Val: 0x00000024
In clock cycle: 55092
Register Write to Reg: 0x05 Val: 0x0000006E
In clock cycle: 55093
Register Write to Reg: 0x06 Val: 0x0000006E
In clock cycle: 56104
Register Write to Reg: 0x06 Val: 0x0000006F
In clock cycle: 56105
Register Write to Reg: 0x01 Val: 0x00000014
In clock cycle: 56106
Register Write to Reg: 0x05 Val: 0x0000006F
In clock cycle: 56107
Register Write to Reg: 0x06 Val: 0x0000006F
In clock cycle: 56108
Register Write to Reg: 0x01 Val: 0xFFFFFFF0
In clock cycle: 56109
Register Write to Reg: 0x05 Val: 0x0000006F
In clock cycle: 56110
Register Write to Reg: 0x06 Val: 0x00000070
In clock cycle: 56111
Register Write to Reg: 0x01 Val: 0x00000024
In clock cycle: 56112
Register Write to Reg: 0x05 Val: 0x00000070
In clock cycle: 56113
Register Write to Reg: 0x06 Val: 0x00000070
In clock cycle: 57124
Register Write to Reg: 0x06 Val: 0x00000071
In clock cycle: 57125
Register Write to Reg: 0x01 Val: 0x00000014
In clock cycle: 57126
Register Write to Reg: 0x05 Val: 0x00000071
In clock cycle: 57127
Register Write to Reg: 0x06 Val: 0x00000071
In clock cycle: 57128
Register Write to Reg: 0x01 Val: 0xFFFFFFF0
In clock cycle: 57129
Register Write to Reg: 0x05 Val: 0x00000071
In clock cycle: 57130
Register Write to Reg: 0x06 Val: 0x00000072
In clock cycle: 57131
Register Write to Reg: 0x01 Val: 0x00000024
In clock cycle: 57132
Register Write to Reg: 0x05 Val: 0x00000072
In clock cycle: 57133
Register Write to Reg: 0x06 Val: 0x00000072
In clock cycle: 58144
Register Write to Reg: 0x06 Val: 0x00000073
In clock cycle: 58145
Register Write to Reg: 0x01 Val: 0x00000014
In clock cycle: 58146
Register Write to Reg: 0x05 Val: 0x00000073
In clock cycle: 58147
Register Write to Reg: 0x06 Val: 0x00000073
In clock cycle: 58148
Register Write to Reg: 0x01 Val: 0xFFFFFFF0
In clock cycle: 58149
Register Write to Reg: 0x05 Val: 0x00000073
In clock cycle: 58150
Register Write to Reg: 0x06 Val: 0x00000074
In clock cycle: 58151
Register Write to Reg: 0x01 Val: 0x00000024
In clock cycle: 58152
Register Write to Reg: 0x05 Val: 0x00000074
In clock cycle: 58153
Register Write to Reg: 0x06 Val: 0x00000074
In clock cycle: 59164
Register Write to Reg: 0x06 Val: 0x00000075
In clock cycle: 59165
Register Write to Reg: 0x01 Val: 0x00000014
In clock cycle: 59166
Register Write to Reg: 0x05 Val: 0x00000075
In clock cycle: 59167
Register Write to Reg: 0x06 Val: 0x00000075
In clock cycle: 59168
Register Write to Reg: 0x01 Val: 0xFFFFFFF0
In clock cycle: 59169
Register Write to Reg: 0x05 Val: 0x00000075
In clock cycle: 59170
Register Write to Reg: 0x06 Val: 0x00000076
In clock cycle: 59171
Register Write to Reg: 0x01 Val: 0x00000024
In clock cycle: 59172
Register Write to Reg: 0x05 Val: 0x00000076
In clock cycle: 59173
Register Write to Reg: 0x06 Val: 0x00000076
In clock cycle: 60184
Register Write to Reg: 0x06 Val: 0x00000077
In clock cycle: 60185
Register Write to Reg: 0x01 Val: 0x00000014
In clock cycle: 60186
Register Write to Reg: 0x05 Val: 0x00000077
In clock cycle: 60187
Register Write to Reg: 0x06 Val: 0x00000077
In clock cycle: 60188
Register Write to Reg: 0x01 Val: 0xFFFFFFF0
In clock cycle: 60189
Register Write to Reg: 0x05 Val: 0x00000077
In clock cycle: 60190
Register Write to Reg: 0x06 Val: 0x00000078
In clock cycle: 60191
Register Write to Reg: 0x01 Val: 0x00000024
In clock cycle: 60192
Register Write to Reg: 0x05 Val: 0x00000078
In clock cycle: 60193
Register Write to Reg: 0x06 Val: 0x00000078
In clock cycle: 61204
Register Write to Reg: 0x06 Val: 0x00000079
In clock cycle: 61205
Register Write to Reg: 0x01 Val: 0x00000014
In clock cycle: 61206
Register Write to Reg: 0x05 Val: 0x00000079
In clock cycle: 61207
Register Write to Reg: 0x06 Val: 0x00000079
In clock cycle: 61208
Register Write to Reg: 0x01 Val: 0xFFFFFFF0
In clock cycle: 61209
Register Write to Reg: 0x05 Val: 0x00000079
In clock cycle: 61210
Register Write to Reg: 0x06 Val: 0x0000007A
In clock cycle: 61211
Register Write to Reg: 0x01 Val: 0x00000024
In clock cycle: 61212
Register Write to Reg: 0x05 Val: 0x0000007A
In clock cycle: 61213
Register Write to Reg: 0x06 Val: 0x0000007A
In clock cycle: 62224
Register Write to Reg: 0x06 Val: 0x0000007B
In clock cycle: 62225
Register Write to Reg: 0x01 Val: 0x00000014
In clock cycle: 62226
Register Write to Reg: 0x05 Val: 0x0000007B
In clock cycle: 62227
Register Write to Reg: 0x06 Val: 0x0000007B
In clock cycle: 62228
Register Write to Reg: 0x01 Val: 0xFFFFFFF0
In clock cycle: 62229
Register Write to Reg: 0x05 Val: 0x0000007B
In clock cycle: 62230
Register Write to Reg: 0x06 Val: 0x0000007C
In clock cycle: 62231
Register Write to Reg: 0x01 Val: 0x00000024
In clock cycle: 62232
Register Write to Reg: 0x05 Val: 0x0000007C
In clock cycle: 62233
Register Write to Reg: 0x06 Val: 0x0000007C
In clock cycle: 63244
Register Write to Reg: 0x06 Val: 0x0000007D
In clock cycle: 63245
Register Write to Reg: 0x01 Val: 0x00000014
In clock cycle: 63246
Register Write to Reg: 0x05 Val: 0x0000007D
In clock cycle: 63247
Register Write to Reg: 0x06 Val: 0x0000007D
In clock cycle: 63248
Register Write to Reg: 0x01 Val: 0xFFFFFFF0
In clock cycle: 63249
Register Write to Reg: 0x05 Val: 0x0000007D
In clock cycle: 63250
Register Write to Reg: 0x06 Val: 0x0000007E
In clock cycle: 63251
Register Write to Reg: 0x01 Val: 0x00000024
In clock cycle: 63252
Register Write to Reg: 0x05 Val: 0x0000007E
In clock cycle: 63253
Register Write to Reg: 0x06 Val: 0x0000007E
In clock cycle: 64264
Register Write to Reg: 0x06 Val: 0x0000007F
In clock cycle: 64265
Register Write to Reg: 0x01 Val: 0x00000014
In clock cycle: 64266
Register Write to Reg: 0x05 Val: 0x0000007F
In clock cycle: 64267
Register Write to Reg: 0x06 Val: 0x0000007F
In clock cycle: 64268
Register Write to Reg: 0x01 Val: 0xFFFFFFF0
In clock cycle: 64269
Register Write to Reg: 0x05 Val: 0x0000007F
In clock cycle: 64270
Register Write to Reg: 0x06 Val: 0x00000080
In clock cycle: 64271
Register Write to Reg: 0x01 Val: 0x00000024
In clock cycle: 64272
Register Write to Reg: 0x05 Val: 0x00000080
In clock cycle: 64273
Register Write to Reg: 0x06 Val: 0x00000080
In clock cycle: 65284
Register Write to Reg: 0x06 Val: 0x00000081
In clock cycle: 65285
Register Write to Reg: 0x01 Val: 0x00000014
In clock cycle: 65286
Register Write to Reg: 0x05 Val: 0x00000081
In clock cycle: 65287
Register Write to Reg: 0x06 Val: 0x00000081
In clock cycle: 65288
Register Write to Reg: 0x01 Val: 0xFFFFFFF0
In clock cycle: 65289
Register Write to Reg: 0x05 Val: 0x00000081
In clock cycle: 65290
Register Write to Reg: 0x06 Val: 0x00000082
In clock cycle: 65291
Register Write to Reg: 0x01 Val: 0x00000024
In clock cycle: 65292
Register Write to Reg: 0x05 Val: 0x00000082
In clock cycle: 65293
Register Write to Reg: 0x06 Val: 0x00000082
In clock cycle: 66304
Register Write to Reg: 0x06 Val: 0x00000083
In clock cycle: 66305
Register Write to Reg: 0x01 Val: 0x00000014
In clock cycle: 66306
Register Write to Reg: 0x05 Val: 0x00000083
In clock cycle: 66307
Register Write to Reg: 0x06 Val: 0x00000083
In clock cycle: 66308
Register Write to Reg: 0x01 Val: 0xFFFFFFF0
In clock cycle: 66309
Register Write to Reg: 0x05 Val: 0x00000083
In clock cycle: 66310
Register Write to Reg: 0x06 Val: 0x00000084
In clock cycle: 66311
Register Write to Reg: 0x01 Val: 0x00000024
In clock cycle: 66312
Register Write to Reg: 0x05 Val: 0x00000084
In clock cycle: 66313
Register Write to Reg: 0x06 Val: 0x00000084
In clock cycle: 67324
Register Write to Reg: 0x06 Val: 0x00000085
In clock cycle: 67325
Register Write to Reg: 0x01 Val: 0x00000014
In clock cycle: 67326
Register Write to Reg: 0x05 Val: 0x00000085
In clock cycle: 67327
Register Write to Reg: 0x06 Val: 0x00000085
In clock cycle: 67328
Register Write to Reg: 0x01 Val: 0xFFFFFFF0
In clock cycle: 67329
Register Write to Reg: 0x05 Val: 0x00000085
In clock cycle: 67330
Register Write to Reg: 0x06 Val: 0x00000086
In clock cycle: 67331
Register Write to Reg: 0x01 Val: 0x00000024
In clock cycle: 67332
Register Write to Reg: 0x05 Val: 0x00000086
In clock cycle: 67333
Register Write to Reg: 0x06 Val: 0x00000086
In clock cycle: 68344
Register Write to Reg: 0x06 Val: 0x00000087
In clock cycle: 68345
Register Write to Reg: 0x01 Val: 0x00000014
In clock cycle: 68346
Register Write to Reg: 0x05 Val: 0x00000087
In clock cycle: 68347
Register Write to Reg: 0x06 Val: 0x00000087
In clock cycle: 68348
Register Write to Reg: 0x01 Val: 0xFFFFFFF0
In clock cycle: 68349
Register Write to Reg: 0x05 Val: 0x00000087
In clock cycle: 68350
Register Write to Reg: 0x06 Val: 0x00000088
In clock cycle: 68351
Register Write to Reg: 0x01 Val: 0x00000024
In clock cycle: 68352
Register Write to Reg: 0x05 Val: 0x00000088
In clock cycle: 68353
Register Write to Reg: 0x06 Val: 0x00000088
In clock cycle: 69364
Register Write to Reg: 0x06 Val: 0x00000089
In clock cycle: 69365
Register Write to Reg: 0x01 Val: 0x00000014
In clock cycle: 69366
Register Write to Reg: 0x05 Val: 0x00000089
In clock cycle: 69367
Register Write to Reg: 0x06 Val: 0x00000089
In clock cycle: 69368
Register Write to Reg: 0x01 Val: 0xFFFFFFF0
In clock cycle: 69369
Register Write to Reg: 0x05 Val: 0x00000089
In clock cycle: 69370
Register Write to Reg: 0x06 Val: 0x0000008A
In clock cycle: 69371
Register Write to Reg: 0x01 Val: 0x00000024
In clock cycle: 69372
Register Write to Reg: 0x05 Val: 0x0000008A
In clock cycle: 69373
Register Write to Reg: 0x06 Val: 0x0000008A
In clock cycle: 70384
Register Write to Reg: 0x06 Val: 0x0000008B
In clock cycle: 70385
Register Write to Reg: 0x01 Val: 0x00000014
In clock cycle: 70386
Register Write to Reg: 0x05 Val: 0x0000008B
In clock cycle: 70387
Register Write to Reg: 0x06 Val: 0x0000008B
In clock cycle: 70388
Register Write to Reg: 0x01 Val: 0xFFFFFFF0
In clock cycle: 70389
Register Write to Reg: 0x05 Val: 0x0000008B
In clock cycle: 70390
Register Write to Reg: 0x06 Val: 0x0000008C
In clock cycle: 70391
Register Write to Reg: 0x01 Val: 0x00000024
In clock cycle: 70392
Register Write to Reg: 0x05 Val: 0x0000008C
In clock cycle: 70393
Register Write to Reg: 0x06 Val: 0x0000008C
In clock cycle: 71404
Register Write to Reg: 0x06 Val: 0x0000008D
In clock cycle: 71405
Register Write to Reg: 0x01 Val: 0x00000014
In clock cycle: 71406
Register Write to Reg: 0x05 Val: 0x0000008D
In clock cycle: 71407
Register Write to Reg: 0x06 Val: 0x0000008D
In clock cycle: 71408
Register Write to Reg: 0x01 Val: 0xFFFFFFF0
In clock cycle: 71409
Register Write to Reg: 0x05 Val: 0x0000008D
In clock cycle: 71410
Register Write to Reg: 0x06 Val: 0x0000008E
In clock cycle: 71411
Register Write to Reg: 0x01 Val: 0x00000024
In clock cycle: 71412
Register Write to Reg: 0x05 Val: 0x0000008E
In clock cycle: 71413
Register Write to Reg: 0x06 Val: 0x0000008E
In clock cycle: 72424
Register Write to Reg: 0x06 Val: 0x0000008F
In clock cycle: 72425
Register Write to Reg: 0x01 Val: 0x00000014
In clock cycle: 72426
Register Write to Reg: 0x05 Val: 0x0000008F
In clock cycle: 72427
Register Write to Reg: 0x06 Val: 0x0000008F
In clock cycle: 72428
Register Write to Reg: 0x01 Val: 0xFFFFFFF0
In clock cycle: 72429
Register Write to Reg: 0x05 Val: 0x0000008F
In clock cycle: 72430
Register Write to Reg: 0x06 Val: 0x00000090
In clock cycle: 72431
Register Write to Reg: 0x01 Val: 0x00000024
In clock cycle: 72432
Register Write to Reg: 0x05 Val: 0x00000090
In clock cycle: 72433
Register Write to Reg: 0x06 Val: 0x00000090
In clock cycle: 73444
Register Write to Reg: 0x06 Val: 0x00000091
In clock cycle: 73445
Register Write to Reg: 0x01 Val: 0x00000014
In clock cycle: 73446
Register Write to Reg: 0x05 Val: 0x00000091
In clock cycle: 73447
Register Write to Reg: 0x06 Val: 0x00000091
In clock cycle: 73448
Register Write to Reg: 0x01 Val: 0xFFFFFFF0
In clock cycle: 73449
Register Write to Reg: 0x05 Val: 0x00000091
In clock cycle: 73450
Register Write to Reg: 0x06 Val: 0x00000092
In clock cycle: 73451
Register Write to Reg: 0x01 Val: 0x00000024
In clock cycle: 73452
Register Write to Reg: 0x05 Val: 0x00000092
In clock cycle: 73453
Register Write to Reg: 0x06 Val: 0x00000092
In clock cycle: 74464
Register Write to Reg: 0x06 Val: 0x00000093
In clock cycle: 74465
Register Write to Reg: 0x01 Val: 0x00000014
In clock cycle: 74466
Register Write to Reg: 0x05 Val: 0x00000093
In clock cycle: 74467
Register Write to Reg: 0x06 Val: 0x00000093
In clock cycle: 74468
Register Write to Reg: 0x01 Val: 0xFFFFFFF0
In clock cycle: 74469
Register Write to Reg: 0x05 Val: 0x00000093
In clock cycle: 74470
Register Write to Reg: 0x06 Val: 0x00000094
In clock cycle: 74471
Register Write to Reg: 0x01 Val: 0x00000024
In clock cycle: 74472
Register Write to Reg: 0x05 Val: 0x00000094
In clock cycle: 74473
Register Write to Reg: 0x06 Val: 0x00000094
In clock cycle: 75484
Register Write to Reg: 0x06 Val: 0x00000095
In clock cycle: 75485
Register Write to Reg: 0x01 Val: 0x00000014
In clock cycle: 75486
Register Write to Reg: 0x05 Val: 0x00000095
In clock cycle: 75487
Register Write to Reg: 0x06 Val: 0x00000095
In clock cycle: 75488
Register Write to Reg: 0x01 Val: 0xFFFFFFF0
In clock cycle: 75489
Register Write to Reg: 0x05 Val: 0x00000095
In clock cycle: 75490
Register Write to Reg: 0x06 Val: 0x00000096
In clock cycle: 75491
Register Write to Reg: 0x01 Val: 0x00000024
In clock cycle: 75492
Register Write to Reg: 0x05 Val: 0x00000096
In clock cycle: 75493
Register Write to Reg: 0x06 Val: 0x00000096
In clock cycle: 76504
Register Write to Reg: 0x06 Val: 0x00000097
In clock cycle: 76505
Register Write to Reg: 0x01 Val: 0x00000014
In clock cycle: 76506
Register Write to Reg: 0x05 Val: 0x00000097
In clock cycle: 76507
Register Write to Reg: 0x06 Val: 0x00000097
In clock cycle: 76508
Register Write to Reg: 0x01 Val: 0xFFFFFFF0
In clock cycle: 76509
Register Write to Reg: 0x05 Val: 0x00000097
In clock cycle: 76510
Register Write to Reg: 0x06 Val: 0x00000098
In clock cycle: 76511
Register Write to Reg: 0x01 Val: 0x00000024
In clock cycle: 76512
Register Write to Reg: 0x05 Val: 0x00000098
In clock cycle: 76513
Register Write to Reg: 0x06 Val: 0x00000098
In clock cycle: 77524
Register Write to Reg: 0x06 Val: 0x00000099
In clock cycle: 77525
Register Write to Reg: 0x01 Val: 0x00000014
In clock cycle: 77526
Register Write to Reg: 0x05 Val: 0x00000099
In clock cycle: 77527
Register Write to Reg: 0x06 Val: 0x00000099
In clock cycle: 77528
Register Write to Reg: 0x01 Val: 0xFFFFFFF0
In clock cycle: 77529
Register Write to Reg: 0x05 Val: 0x00000099
In clock cycle: 77530
Register Write to Reg: 0x06 Val: 0x0000009A
In clock cycle: 77531
Register Write to Reg: 0x01 Val: 0x00000024
In clock cycle: 77532
Register Write to Reg: 0x05 Val: 0x0000009A
In clock cycle: 77533
Register Write to Reg: 0x06 Val: 0x0000009A
In clock cycle: 78544
Register Write to Reg: 0x06 Val: 0x0000009B
In clock cycle: 78545
Register Write to Reg: 0x01 Val: 0x00000014
In clock cycle: 78546
Register Write to Reg: 0x05 Val: 0x0000009B
In clock cycle: 78547
Register Write to Reg: 0x06 Val: 0x0000009B
In clock cycle: 78548
Register Write to Reg: 0x01 Val: 0xFFFFFFF0
In clock cycle: 78549
Register Write to Reg: 0x05 Val: 0x0000009B
In clock cycle: 78550
Register Write to Reg: 0x06 Val: 0x0000009C
In clock cycle: 78551
Register Write to Reg: 0x01 Val: 0x00000024
In clock cycle: 78552
Register Write to Reg: 0x05 Val: 0x0000009C
In clock cycle: 78553
Register Write to Reg: 0x06 Val: 0x0000009C
In clock cycle: 79564
Register Write to Reg: 0x06 Val: 0x0000009D
In clock cycle: 79565
Register Write to Reg: 0x01 Val: 0x00000014
In clock cycle: 79566
Register Write to Reg: 0x05 Val: 0x0000009D
In clock cycle: 79567
Register Write to Reg: 0x06 Val: 0x0000009D
In clock cycle: 79568
Register Write to Reg: 0x01 Val: 0xFFFFFFF0
In clock cycle: 79569
Register Write to Reg: 0x05 Val: 0x0000009D
In clock cycle: 79570
Register Write to Reg: 0x06 Val: 0x0000009E
In clock cycle: 79571
Register Write to Reg: 0x01 Val: 0x00000024
In clock cycle: 79572
Register Write to Reg: 0x05 Val: 0x0000009E
In clock cycle: 79573
Register Write to Reg: 0x06 Val: 0x0000009E
In clock cycle: 80584
Register Write to Reg: 0x06 Val: 0x0000009F
In clock cycle: 80585
Register Write to Reg: 0x01 Val: 0x00000014
In clock cycle: 80586
Register Write to Reg: 0x05 Val: 0x0000009F
In clock cycle: 80587
Register Write to Reg: 0x06 Val: 0x0000009F
In clock cycle: 80588
Register Write to Reg: 0x01 Val: 0xFFFFFFF0
In clock cycle: 80589
Register Write to Reg: 0x05 Val: 0x0000009F
In clock cycle: 80590
Register Write to Reg: 0x06 Val: 0x000000A0
In clock cycle: 80591
Register Write to Reg: 0x01 Val: 0x00000024
In clock cycle: 80592
Register Write to Reg: 0x05 Val: 0x000000A0
In clock cycle: 80593
Register Write to Reg: 0x06 Val: 0x000000A0
In clock cycle: 81604
Register Write to Reg: 0x06 Val: 0x000000A1
In clock cycle: 81605
Register Write to Reg: 0x01 Val: 0x00000014
In clock cycle: 81606
Register Write to Reg: 0x05 Val: 0x000000A1
In clock cycle: 81607
Register Write to Reg: 0x06 Val: 0x000000A1
In clock cycle: 81608
Register Write to Reg: 0x01 Val: 0xFFFFFFF0
In clock cycle: 81609
Register Write to Reg: 0x05 Val: 0x000000A1
In clock cycle: 81610
Register Write to Reg: 0x06 Val: 0x000000A2
In clock cycle: 81611
Register Write to Reg: 0x01 Val: 0x00000024
In clock cycle: 81612
Register Write to Reg: 0x05 Val: 0x000000A2
In clock cycle: 81613
Register Write to Reg: 0x06 Val: 0x000000A2
In clock cycle: 82624
Register Write to Reg: 0x06 Val: 0x000000A3
In clock cycle: 82625
Register Write to Reg: 0x01 Val: 0x00000014
In clock cycle: 82626
Register Write to Reg: 0x05 Val: 0x000000A3
In clock cycle: 82627
Register Write to Reg: 0x06 Val: 0x000000A3
In clock cycle: 82628
Register Write to Reg: 0x01 Val: 0xFFFFFFF0
In clock cycle: 82629
Register Write to Reg: 0x05 Val: 0x000000A3
In clock cycle: 82630
Register Write to Reg: 0x06 Val: 0x000000A4
In clock cycle: 82631
Register Write to Reg: 0x01 Val: 0x00000024
In clock cycle: 82632
Register Write to Reg: 0x05 Val: 0x000000A4
In clock cycle: 82633
Register Write to Reg: 0x06 Val: 0x000000A4
In clock cycle: 83644
Register Write to Reg: 0x06 Val: 0x000000A5
In clock cycle: 83645
Register Write to Reg: 0x01 Val: 0x00000014
In clock cycle: 83646
Register Write to Reg: 0x05 Val: 0x000000A5
In clock cycle: 83647
Register Write to Reg: 0x06 Val: 0x000000A5
In clock cycle: 83648
Register Write to Reg: 0x01 Val: 0xFFFFFFF0
In clock cycle: 83649
Register Write to Reg: 0x05 Val: 0x000000A5
In clock cycle: 83650
Register Write to Reg: 0x06 Val: 0x000000A6
In clock cycle: 83651
Register Write to Reg: 0x01 Val: 0x00000024
In clock cycle: 83652
Register Write to Reg: 0x05 Val: 0x000000A6
In clock cycle: 83653
Register Write to Reg: 0x06 Val: 0x000000A6
In clock cycle: 84664
Register Write to Reg: 0x06 Val: 0x000000A7
In clock cycle: 84665
Register Write to Reg: 0x01 Val: 0x00000014
In clock cycle: 84666
Register Write to Reg: 0x05 Val: 0x000000A7
In clock cycle: 84667
Register Write to Reg: 0x06 Val: 0x000000A7
In clock cycle: 84668
Register Write to Reg: 0x01 Val: 0xFFFFFFF0
In clock cycle: 84669
Register Write to Reg: 0x05 Val: 0x000000A7
In clock cycle: 84670
Register Write to Reg: 0x06 Val: 0x000000A8
In clock cycle: 84671
Register Write to Reg: 0x01 Val: 0x00000024
In clock cycle: 84672
Register Write to Reg: 0x05 Val: 0x000000A8
In clock cycle: 84673
Register Write to Reg: 0x06 Val: 0x000000A8
In clock cycle: 85684
Register Write to Reg: 0x06 Val: 0x000000A9
In clock cycle: 85685
Register Write to Reg: 0x01 Val: 0x00000014
In clock cycle: 85686
Register Write to Reg: 0x05 Val: 0x000000A9
In clock cycle: 85687
Register Write to Reg: 0x06 Val: 0x000000A9
In clock cycle: 85688
Register Write to Reg: 0x01 Val: 0xFFFFFFF0
In clock cycle: 85689
Register Write to Reg: 0x05 Val: 0x000000A9
In clock cycle: 85690
Register Write to Reg: 0x06 Val: 0x000000AA
In clock cycle: 85691
Register Write to Reg: 0x01 Val: 0x00000024
In clock cycle: 85692
Register Write to Reg: 0x05 Val: 0x000000AA
In clock cycle: 85693
Register Write to Reg: 0x06 Val: 0x000000AA
In clock cycle: 86704
Register Write to Reg: 0x06 Val: 0x000000AB
In clock cycle: 86705
Register Write to Reg: 0x01 Val: 0x00000014
In clock cycle: 86706
Register Write to Reg: 0x05 Val: 0x000000AB
In clock cycle: 86707
Register Write to Reg: 0x06 Val: 0x000000AB
In clock cycle: 86708
Register Write to Reg: 0x01 Val: 0xFFFFFFF0
In clock cycle: 86709
Register Write to Reg: 0x05 Val: 0x000000AB
In clock cycle: 86710
Register Write to Reg: 0x06 Val: 0x000000AC
In clock cycle: 86711
Register Write to Reg: 0x01 Val: 0x00000024
In clock cycle: 86712
Register Write to Reg: 0x05 Val: 0x000000AC
In clock cycle: 86713
Register Write to Reg: 0x06 Val: 0x000000AC
In clock cycle: 87724
Register Write to Reg: 0x06 Val: 0x000000AD
In clock cycle: 87725
Register Write to Reg: 0x01 Val: 0x00000014
In clock cycle: 87726
Register Write to Reg: 0x05 Val: 0x000000AD
In clock cycle: 87727
Register Write to Reg: 0x06 Val: 0x000000AD
In clock cycle: 87728
Register Write to Reg: 0x01 Val: 0xFFFFFFF0
In clock cycle: 87729
Register Write to Reg: 0x05 Val: 0x000000AD
In clock cycle: 87730
Register Write to Reg: 0x06 Val: 0x000000AE
In clock cycle: 87731
Register Write to Reg: 0x01 Val: 0x00000024
In clock cycle: 87732
Register Write to Reg: 0x05 Val: 0x000000AE
In clock cycle: 87733
Register Write to Reg: 0x06 Val: 0x000000AE
In clock cycle: 88744
Register Write to Reg: 0x06 Val: 0x000000AF
In clock cycle: 88745
Register Write to Reg: 0x01 Val: 0x00000014
In clock cycle: 88746
Register Write to Reg: 0x05 Val: 0x000000AF
In clock cycle: 88747
Register Write to Reg: 0x06 Val: 0x000000AF
In clock cycle: 88748
Register Write to Reg: 0x01 Val: 0xFFFFFFF0
In clock cycle: 88749
Register Write to Reg: 0x05 Val: 0x000000AF
In clock cycle: 88750
Register Write to Reg: 0x06 Val: 0x000000B0
In clock cycle: 88751
Register Write to Reg: 0x01 Val: 0x00000024
In clock cycle: 88752
Register Write to Reg: 0x05 Val: 0x000000B0
In clock cycle: 88753
Register Write to Reg: 0x06 Val: 0x000000B0
In clock cycle: 89764
Register Write to Reg: 0x06 Val: 0x000000B1
In clock cycle: 89765
Register Write to Reg: 0x01 Val: 0x00000014
In clock cycle: 89766
Register Write to Reg: 0x05 Val: 0x000000B1
In clock cycle: 89767
Register Write to Reg: 0x06 Val: 0x000000B1
In clock cycle: 89768
Register Write to Reg: 0x01 Val: 0xFFFFFFF0
In clock cycle: 89769
Register Write to Reg: 0x05 Val: 0x000000B1
In clock cycle: 89770
Register Write to Reg: 0x06 Val: 0x000000B2
In clock cycle: 89771
Register Write to Reg: 0x01 Val: 0x00000024
In clock cycle: 89772
Register Write to Reg: 0x05 Val: 0x000000B2
In clock cycle: 89773
Register Write to Reg: 0x06 Val: 0x000000B2
In clock cycle: 90784
Register Write to Reg: 0x06 Val: 0x000000B3
In clock cycle: 90785
Register Write to Reg: 0x01 Val: 0x00000014
In clock cycle: 90786
Register Write to Reg: 0x05 Val: 0x000000B3
In clock cycle: 90787
Register Write to Reg: 0x06 Val: 0x000000B3
In clock cycle: 90788
Register Write to Reg: 0x01 Val: 0xFFFFFFF0
In clock cycle: 90789
Register Write to Reg: 0x05 Val: 0x000000B3
In clock cycle: 90790
Register Write to Reg: 0x06 Val: 0x000000B4
In clock cycle: 90791
Register Write to Reg: 0x01 Val: 0x00000024
In clock cycle: 90792
Register Write to Reg: 0x05 Val: 0x000000B4
In clock cycle: 90793
Register Write to Reg: 0x06 Val: 0x000000B4
In clock cycle: 91804
Register Write to Reg: 0x06 Val: 0x000000B5
In clock cycle: 91805
Register Write to Reg: 0x01 Val: 0x00000014
In clock cycle: 91806
Register Write to Reg: 0x05 Val: 0x000000B5
In clock cycle: 91807
Register Write to Reg: 0x06 Val: 0x000000B5
In clock cycle: 91808
Register Write to Reg: 0x01 Val: 0xFFFFFFF0
In clock cycle: 91809
Register Write to Reg: 0x05 Val: 0x000000B5
In clock cycle: 91810
Register Write to Reg: 0x06 Val: 0x000000B6
In clock cycle: 91811
Register Write to Reg: 0x01 Val: 0x00000024
In clock cycle: 91812
Register Write to Reg: 0x05 Val: 0x000000B6
In clock cycle: 91813
Register Write to Reg: 0x06 Val: 0x000000B6
In clock cycle: 92824
Register Write to Reg: 0x06 Val: 0x000000B7
In clock cycle: 92825
Register Write to Reg: 0x01 Val: 0x00000014
In clock cycle: 92826
Register Write to Reg: 0x05 Val: 0x000000B7
In clock cycle: 92827
Register Write to Reg: 0x06 Val: 0x000000B7
In clock cycle: 92828
Register Write to Reg: 0x01 Val: 0xFFFFFFF0
In clock cycle: 92829
Register Write to Reg: 0x05 Val: 0x000000B7
In clock cycle: 92830
Register Write to Reg: 0x06 Val: 0x000000B8
In clock cycle: 92831
Register Write to Reg: 0x01 Val: 0x00000024
In clock cycle: 92832
Register Write to Reg: 0x05 Val: 0x000000B8
In clock cycle: 92833
Register Write to Reg: 0x06 Val: 0x000000B8
In clock cycle: 93844
Register Write to Reg: 0x06 Val: 0x000000B9
In clock cycle: 93845
Register Write to Reg: 0x01 Val: 0x00000014
In clock cycle: 93846
Register Write to Reg: 0x05 Val: 0x000000B9
In clock cycle: 93847
Register Write to Reg: 0x06 Val: 0x000000B9
In clock cycle: 93848
Register Write to Reg: 0x01 Val: 0xFFFFFFF0
In clock cycle: 93849
Register Write to Reg: 0x05 Val: 0x000000B9
In clock cycle: 93850
Register Write to Reg: 0x06 Val: 0x000000BA
In clock cycle: 93851
Register Write to Reg: 0x01 Val: 0x00000024
In clock cycle: 93852
Register Write to Reg: 0x05 Val: 0x000000BA
In clock cycle: 93853
Register Write to Reg: 0x06 Val: 0x000000BA
In clock cycle: 94864
Register Write to Reg: 0x06 Val: 0x000000BB
In clock cycle: 94865
Register Write to Reg: 0x01 Val: 0x00000014
In clock cycle: 94866
Register Write to Reg: 0x05 Val: 0x000000BB
In clock cycle: 94867
Register Write to Reg: 0x06 Val: 0x000000BB
In clock cycle: 94868
Register Write to Reg: 0x01 Val: 0xFFFFFFF0
In clock cycle: 94869
Register Write to Reg: 0x05 Val: 0x000000BB
In clock cycle: 94870
Register Write to Reg: 0x06 Val: 0x000000BC
In clock cycle: 94871
Register Write to Reg: 0x01 Val: 0x00000024
In clock cycle: 94872
Register Write to Reg: 0x05 Val: 0x000000BC
In clock cycle: 94873
Register Write to Reg: 0x06 Val: 0x000000BC
In clock cycle: 95884
Register Write to Reg: 0x06 Val: 0x000000BD
In clock cycle: 95885
Register Write to Reg: 0x01 Val: 0x00000014
In clock cycle: 95886
Register Write to Reg: 0x05 Val: 0x000000BD
In clock cycle: 95887
Register Write to Reg: 0x06 Val: 0x000000BD
In clock cycle: 95888
Register Write to Reg: 0x01 Val: 0xFFFFFFF0
In clock cycle: 95889
Register Write to Reg: 0x05 Val: 0x000000BD
In clock cycle: 95890
Register Write to Reg: 0x06 Val: 0x000000BE
In clock cycle: 95891
Register Write to Reg: 0x01 Val: 0x00000024
In clock cycle: 95892
Register Write to Reg: 0x05 Val: 0x000000BE
In clock cycle: 95893
Register Write to Reg: 0x06 Val: 0x000000BE
In clock cycle: 96904
Register Write to Reg: 0x06 Val: 0x000000BF
In clock cycle: 96905
Register Write to Reg: 0x01 Val: 0x00000014
In clock cycle: 96906
Register Write to Reg: 0x05 Val: 0x000000BF
In clock cycle: 96907
Register Write to Reg: 0x06 Val: 0x000000BF
In clock cycle: 96908
Register Write to Reg: 0x01 Val: 0xFFFFFFF0
In clock cycle: 96909
Register Write to Reg: 0x05 Val: 0x000000BF
In clock cycle: 96910
Register Write to Reg: 0x06 Val: 0x000000C0
In clock cycle: 96911
Register Write to Reg: 0x01 Val: 0x00000024
In clock cycle: 96912
Register Write to Reg: 0x05 Val: 0x000000C0
In clock cycle: 96913
Register Write to Reg: 0x06 Val: 0x000000C0
In clock cycle: 97924
Register Write to Reg: 0x06 Val: 0x000000C1
In clock cycle: 97925
Register Write to Reg: 0x01 Val: 0x00000014
In clock cycle: 97926
Register Write to Reg: 0x05 Val: 0x000000C1
In clock cycle: 97927
Register Write to Reg: 0x06 Val: 0x000000C1
In clock cycle: 97928
Register Write to Reg: 0x01 Val: 0xFFFFFFF0
In clock cycle: 97929
Register Write to Reg: 0x05 Val: 0x000000C1
In clock cycle: 97930
Register Write to Reg: 0x06 Val: 0x000000C2
In clock cycle: 97931
Register Write to Reg: 0x01 Val: 0x00000024
In clock cycle: 97932
Register Write to Reg: 0x05 Val: 0x000000C2
In clock cycle: 97933
Register Write to Reg: 0x06 Val: 0x000000C2
In clock cycle: 98944
Register Write to Reg: 0x06 Val: 0x000000C3
In clock cycle: 98945
Register Write to Reg: 0x01 Val: 0x00000014
In clock cycle: 98946
Register Write to Reg: 0x05 Val: 0x000000C3
In clock cycle: 98947
Register Write to Reg: 0x06 Val: 0x000000C3
In clock cycle: 98948
Register Write to Reg: 0x01 Val: 0xFFFFFFF0
In clock cycle: 98949
Register Write to Reg: 0x05 Val: 0x000000C3
In clock cycle: 98950
Register Write to Reg: 0x06 Val: 0x000000C4
In clock cycle: 98951
Register Write to Reg: 0x01 Val: 0x00000024
In clock cycle: 98952
Register Write to Reg: 0x05 Val: 0x000000C4
In clock cycle: 98953
Register Write to Reg: 0x06 Val: 0x000000C4
In clock cycle: 99964
Register Write to Reg: 0x06 Val: 0x000000C5
In clock cycle: 99965
Register Write to Reg: 0x01 Val: 0x00000014
In clock cycle: 99966
Register Write to Reg: 0x05 Val: 0x000000C5
In clock cycle: 99967
Register Write to Reg: 0x06 Val: 0x000000C5
In clock cycle: 99968
Register Write to Reg: 0x01 Val: 0xFFFFFFF0
In clock cycle: 99969
Register Write to Reg: 0x05 Val: 0x000000C5
In clock cycle: 99970
Register Write to Reg: 0x06 Val: 0x000000C6
In clock cycle: 99971
Register Write to Reg: 0x01 Val: 0x00000024
In clock cycle: 99972
Register Write to Reg: 0x05 Val: 0x000000C6
In clock cycle: 99973
Register Write to Reg: 0x06 Val: 0x000000C6
In clock cycle: 100984
Register Write to Reg: 0x06 Val: 0x000000C7
In clock cycle: 100985
Register Write to Reg: 0x01 Val: 0x00000014
In clock cycle: 100986
Register Write to Reg: 0x05 Val: 0x000000C7
In clock cycle: 100987
Register Write to Reg: 0x06 Val: 0x000000C7
In clock cycle: 100988
Register Write to Reg: 0x01 Val: 0xFFFFFFF0
In clock cycle: 100989
Register Write to Reg: 0x05 Val: 0x000000C7
In clock cycle: 100990
Register Write to Reg: 0x06 Val: 0x000000C8
In clock cycle: 100991
Register Write to Reg: 0x01 Val: 0x00000024
In clock cycle: 100992
Register Write to Reg: 0x05 Val: 0x000000C8
In clock cycle: 100993
Register Write to Reg: 0x06 Val: 0x000000C8
In clock cycle: 102004
Register Write to Reg: 0x06 Val: 0x000000C9
In clock cycle: 102005
Register Write to Reg: 0x01 Val: 0x00000014
In clock cycle: 102006
Register Write to Reg: 0x05 Val: 0x000000C9
In clock cycle: 102007
Register Write to Reg: 0x06 Val: 0x000000C9
In clock cycle: 102008
Register Write to Reg: 0x01 Val: 0xFFFFFFF0
In clock cycle: 102009
Register Write to Reg: 0x05 Val: 0x000000C9
In clock cycle: 102010
Register Write to Reg: 0x06 Val: 0x000000CA
In clock cycle: 102011
Register Write to Reg: 0x01 Val: 0x00000024
In clock cycle: 102012
Register Write to Reg: 0x05 Val: 0x000000CA
In clock cycle: 102013
Register Write to Reg: 0x06 Val: 0x000000CA
In clock cycle: 103024
Register Write to Reg: 0x06 Val: 0x000000CB
In clock cycle: 103025
Register Write to Reg: 0x01 Val: 0x00000014
In clock cycle: 103026
Register Write to Reg: 0x05 Val: 0x000000CB
In clock cycle: 103027
Register Write to Reg: 0x06 Val: 0x000000CB
In clock cycle: 103028
Register Write to Reg: 0x01 Val: 0xFFFFFFF0
In clock cycle: 103029
Register Write to Reg: 0x05 Val: 0x000000CB
In clock cycle: 103030
Register Write to Reg: 0x06 Val: 0x000000CC
In clock cycle: 103031
Register Write to Reg: 0x01 Val: 0x00000024
In clock cycle: 103032
Register Write to Reg: 0x05 Val: 0x000000CC
In clock cycle: 103033
Register Write to Reg: 0x06 Val: 0x000000CC
In clock cycle: 104044
Register Write to Reg: 0x06 Val: 0x000000CD
In clock cycle: 104045
Register Write to Reg: 0x01 Val: 0x00000014
In clock cycle: 104046
Register Write to Reg: 0x05 Val: 0x000000CD
In clock cycle: 104047
Register Write to Reg: 0x06 Val: 0x000000CD
In clock cycle: 104048
Register Write to Reg: 0x01 Val: 0xFFFFFFF0
In clock cycle: 104049
Register Write to Reg: 0x05 Val: 0x000000CD
In clock cycle: 104050
Register Write to Reg: 0x06 Val: 0x000000CE
In clock cycle: 104051
Register Write to Reg: 0x01 Val: 0x00000024
In clock cycle: 104052
Register Write to Reg: 0x05 Val: 0x000000CE
In clock cycle: 104053
Register Write to Reg: 0x06 Val: 0x000000CE
In clock cycle: 105064
Register Write to Reg: 0x06 Val: 0x000000CF
In clock cycle: 105065
Register Write to Reg: 0x01 Val: 0x00000014
In clock cycle: 105066
Register Write to Reg: 0x05 Val: 0x000000CF
In clock cycle: 105067
Register Write to Reg: 0x06 Val: 0x000000CF
In clock cycle: 105068
Register Write to Reg: 0x01 Val: 0xFFFFFFF0
In clock cycle: 105069
Register Write to Reg: 0x05 Val: 0x000000CF
In clock cycle: 105070
Register Write to Reg: 0x06 Val: 0x000000D0
In clock cycle: 105071
Register Write to Reg: 0x01 Val: 0x00000024
In clock cycle: 105072
Register Write to Reg: 0x05 Val: 0x000000D0
In clock cycle: 105073
Register Write to Reg: 0x06 Val: 0x000000D0
In clock cycle: 106084
Register Write to Reg: 0x06 Val: 0x000000D1
In clock cycle: 106085
Register Write to Reg: 0x01 Val: 0x00000014
In clock cycle: 106086
Register Write to Reg: 0x05 Val: 0x000000D1
In clock cycle: 106087
Register Write to Reg: 0x06 Val: 0x000000D1
In clock cycle: 106088
Register Write to Reg: 0x01 Val: 0xFFFFFFF0
In clock cycle: 106089
Register Write to Reg: 0x05 Val: 0x000000D1
In clock cycle: 106090
Register Write to Reg: 0x06 Val: 0x000000D2
In clock cycle: 106091
Register Write to Reg: 0x01 Val: 0x00000024
In clock cycle: 106092
Register Write to Reg: 0x05 Val: 0x000000D2
In clock cycle: 106093
Register Write to Reg: 0x06 Val: 0x000000D2
In clock cycle: 107104
Register Write to Reg: 0x06 Val: 0x000000D3
In clock cycle: 107105
Register Write to Reg: 0x01 Val: 0x00000014
In clock cycle: 107106
Register Write to Reg: 0x05 Val: 0x000000D3
In clock cycle: 107107
Register Write to Reg: 0x06 Val: 0x000000D3
In clock cycle: 107108
Register Write to Reg: 0x01 Val: 0xFFFFFFF0
In clock cycle: 107109
Register Write to Reg: 0x05 Val: 0x000000D3
In clock cycle: 107110
Register Write to Reg: 0x06 Val: 0x000000D4
In clock cycle: 107111
Register Write to Reg: 0x01 Val: 0x00000024
In clock cycle: 107112
Register Write to Reg: 0x05 Val: 0x000000D4
In clock cycle: 107113
Register Write to Reg: 0x06 Val: 0x000000D4
In clock cycle: 108124
Register Write to Reg: 0x06 Val: 0x000000D5
In clock cycle: 108125
Register Write to Reg: 0x01 Val: 0x00000014
In clock cycle: 108126
Register Write to Reg: 0x05 Val: 0x000000D5
In clock cycle: 108127
Register Write to Reg: 0x06 Val: 0x000000D5
In clock cycle: 108128
Register Write to Reg: 0x01 Val: 0xFFFFFFF0
In clock cycle: 108129
Register Write to Reg: 0x05 Val: 0x000000D5
In clock cycle: 108130
Register Write to Reg: 0x06 Val: 0x000000D6
In clock cycle: 108131
Register Write to Reg: 0x01 Val: 0x00000024
In clock cycle: 108132
Register Write to Reg: 0x05 Val: 0x000000D6
In clock cycle: 108133
Register Write to Reg: 0x06 Val: 0x000000D6
In clock cycle: 109144
Register Write to Reg: 0x06 Val: 0x000000D7
In clock cycle: 109145
Register Write to Reg: 0x01 Val: 0x00000014
In clock cycle: 109146
Register Write to Reg: 0x05 Val: 0x000000D7
In clock cycle: 109147
Register Write to Reg: 0x06 Val: 0x000000D7
In clock cycle: 109148
Register Write to Reg: 0x01 Val: 0xFFFFFFF0
In clock cycle: 109149
Register Write to Reg: 0x05 Val: 0x000000D7
In clock cycle: 109150
Register Write to Reg: 0x06 Val: 0x000000D8
In clock cycle: 109151
Register Write to Reg: 0x01 Val: 0x00000024
In clock cycle: 109152
Register Write to Reg: 0x05 Val: 0x000000D8
In clock cycle: 109153
Register Write to Reg: 0x06 Val: 0x000000D8
In clock cycle: 110164
Register Write to Reg: 0x06 Val: 0x000000D9
In clock cycle: 110165
Register Write to Reg: 0x01 Val: 0x00000014
In clock cycle: 110166
Register Write to Reg: 0x05 Val: 0x000000D9
In clock cycle: 110167
Register Write to Reg: 0x06 Val: 0x000000D9
In clock cycle: 110168
Register Write to Reg: 0x01 Val: 0xFFFFFFF0
In clock cycle: 110169
Register Write to Reg: 0x05 Val: 0x000000D9
In clock cycle: 110170
Register Write to Reg: 0x06 Val: 0x000000DA
In clock cycle: 110171
Register Write to Reg: 0x01 Val: 0x00000024
In clock cycle: 110172
Register Write to Reg: 0x05 Val: 0x000000DA
In clock cycle: 110173
Register Write to Reg: 0x06 Val: 0x000000DA
In clock cycle: 111184
Register Write to Reg: 0x06 Val: 0x000000DB
In clock cycle: 111185
Register Write to Reg: 0x01 Val: 0x00000014
In clock cycle: 111186
Register Write to Reg: 0x05 Val: 0x000000DB
In clock cycle: 111187
Register Write to Reg: 0x06 Val: 0x000000DB
In clock cycle: 111188
Register Write to Reg: 0x01 Val: 0xFFFFFFF0
In clock cycle: 111189
Register Write to Reg: 0x05 Val: 0x000000DB
In clock cycle: 111190
Register Write to Reg: 0x06 Val: 0x000000DC
In clock cycle: 111191
Register Write to Reg: 0x01 Val: 0x00000024
In clock cycle: 111192
Register Write to Reg: 0x05 Val: 0x000000DC
In clock cycle: 111193
Register Write to Reg: 0x06 Val: 0x000000DC
In clock cycle: 112204
Register Write to Reg: 0x06 Val: 0x000000DD
In clock cycle: 112205
Register Write to Reg: 0x01 Val: 0x00000014
In clock cycle: 112206
Register Write to Reg: 0x05 Val: 0x000000DD
In clock cycle: 112207
Register Write to Reg: 0x06 Val: 0x000000DD
In clock cycle: 112208
Register Write to Reg: 0x01 Val: 0xFFFFFFF0
In clock cycle: 112209
Register Write to Reg: 0x05 Val: 0x000000DD
In clock cycle: 112210
Register Write to Reg: 0x06 Val: 0x000000DE
In clock cycle: 112211
Register Write to Reg: 0x01 Val: 0x00000024
In clock cycle: 112212
Register Write to Reg: 0x05 Val: 0x000000DE
In clock cycle: 112213
Register Write to Reg: 0x06 Val: 0x000000DE
In clock cycle: 113224
Register Write to Reg: 0x06 Val: 0x000000DF
In clock cycle: 113225
Register Write to Reg: 0x01 Val: 0x00000014
In clock cycle: 113226
Register Write to Reg: 0x05 Val: 0x000000DF
In clock cycle: 113227
Register Write to Reg: 0x06 Val: 0x000000DF
In clock cycle: 113228
Register Write to Reg: 0x01 Val: 0xFFFFFFF0
In clock cycle: 113229
Register Write to Reg: 0x05 Val: 0x000000DF
In clock cycle: 113230
Register Write to Reg: 0x06 Val: 0x000000E0
In clock cycle: 113231
Register Write to Reg: 0x01 Val: 0x00000024
In clock cycle: 113232
Register Write to Reg: 0x05 Val: 0x000000E0
In clock cycle: 113233
Register Write to Reg: 0x06 Val: 0x000000E0
In clock cycle: 114244
Register Write to Reg: 0x06 Val: 0x000000E1
In clock cycle: 114245
Register Write to Reg: 0x01 Val: 0x00000014
In clock cycle: 114246
Register Write to Reg: 0x05 Val: 0x000000E1
In clock cycle: 114247
Register Write to Reg: 0x06 Val: 0x000000E1
In clock cycle: 114248
Register Write to Reg: 0x01 Val: 0xFFFFFFF0
In clock cycle: 114249
Register Write to Reg: 0x05 Val: 0x000000E1
In clock cycle: 114250
Register Write to Reg: 0x06 Val: 0x000000E2
In clock cycle: 114251
Register Write to Reg: 0x01 Val: 0x00000024
In clock cycle: 114252
Register Write to Reg: 0x05 Val: 0x000000E2
In clock cycle: 114253
Register Write to Reg: 0x06 Val: 0x000000E2
In clock cycle: 115264
Register Write to Reg: 0x06 Val: 0x000000E3
In clock cycle: 115265
Register Write to Reg: 0x01 Val: 0x00000014
In clock cycle: 115266
Register Write to Reg: 0x05 Val: 0x000000E3
In clock cycle: 115267
Register Write to Reg: 0x06 Val: 0x000000E3
In clock cycle: 115268
Register Write to Reg: 0x01 Val: 0xFFFFFFF0
In clock cycle: 115269
Register Write to Reg: 0x05 Val: 0x000000E3
In clock cycle: 115270
Register Write to Reg: 0x06 Val: 0x000000E4
In clock cycle: 115271
Register Write to Reg: 0x01 Val: 0x00000024
In clock cycle: 115272
Register Write to Reg: 0x05 Val: 0x000000E4
In clock cycle: 115273
Register Write to Reg: 0x06 Val: 0x000000E4
In clock cycle: 116284
Register Write to Reg: 0x06 Val: 0x000000E5
In clock cycle: 116285
Register Write to Reg: 0x01 Val: 0x00000014
In clock cycle: 116286
Register Write to Reg: 0x05 Val: 0x000000E5
In clock cycle: 116287
Register Write to Reg: 0x06 Val: 0x000000E5
In clock cycle: 116288
Register Write to Reg: 0x01 Val: 0xFFFFFFF0
In clock cycle: 116289
Register Write to Reg: 0x05 Val: 0x000000E5
In clock cycle: 116290
Register Write to Reg: 0x06 Val: 0x000000E6
In clock cycle: 116291
Register Write to Reg: 0x01 Val: 0x00000024
In clock cycle: 116292
Register Write to Reg: 0x05 Val: 0x000000E6
In clock cycle: 116293
Register Write to Reg: 0x06 Val: 0x000000E6
In clock cycle: 117304
Register Write to Reg: 0x06 Val: 0x000000E7
In clock cycle: 117305
Register Write to Reg: 0x01 Val: 0x00000014
In clock cycle: 117306
Register Write to Reg: 0x05 Val: 0x000000E7
In clock cycle: 117307
Register Write to Reg: 0x06 Val: 0x000000E7
In clock cycle: 117308
Register Write to Reg: 0x01 Val: 0xFFFFFFF0
In clock cycle: 117309
Register Write to Reg: 0x05 Val: 0x000000E7
In clock cycle: 117310
Register Write to Reg: 0x06 Val: 0x000000E8
In clock cycle: 117311
Register Write to Reg: 0x01 Val: 0x00000024
In clock cycle: 117312
Register Write to Reg: 0x05 Val: 0x000000E8
In clock cycle: 117313
Register Write to Reg: 0x06 Val: 0x000000E8
In clock cycle: 118324
Register Write to Reg: 0x06 Val: 0x000000E9
In clock cycle: 118325
Register Write to Reg: 0x01 Val: 0x00000014
In clock cycle: 118326
Register Write to Reg: 0x05 Val: 0x000000E9
In clock cycle: 118327
Register Write to Reg: 0x06 Val: 0x000000E9
In clock cycle: 118328
Register Write to Reg: 0x01 Val: 0xFFFFFFF0
In clock cycle: 118329
Register Write to Reg: 0x05 Val: 0x000000E9
In clock cycle: 118330
Register Write to Reg: 0x06 Val: 0x000000EA
In clock cycle: 118331
Register Write to Reg: 0x01 Val: 0x00000024
In clock cycle: 118332
Register Write to Reg: 0x05 Val: 0x000000EA
In clock cycle: 118333
Register Write to Reg: 0x06 Val: 0x000000EA
In clock cycle: 119344
Register Write to Reg: 0x06 Val: 0x000000EB
In clock cycle: 119345
Register Write to Reg: 0x01 Val: 0x00000014
In clock cycle: 119346
Register Write to Reg: 0x05 Val: 0x000000EB
In clock cycle: 119347
Register Write to Reg: 0x06 Val: 0x000000EB
In clock cycle: 119348
Register Write to Reg: 0x01 Val: 0xFFFFFFF0
In clock cycle: 119349
Register Write to Reg: 0x05 Val: 0x000000EB
In clock cycle: 119350
Register Write to Reg: 0x06 Val: 0x000000EC
In clock cycle: 119351
Register Write to Reg: 0x01 Val: 0x00000024
In clock cycle: 119352
Register Write to Reg: 0x05 Val: 0x000000EC
In clock cycle: 119353
Register Write to Reg: 0x06 Val: 0x000000EC
In clock cycle: 120364
Register Write to Reg: 0x06 Val: 0x000000ED
In clock cycle: 120365
Register Write to Reg: 0x01 Val: 0x00000014
In clock cycle: 120366
Register Write to Reg: 0x05 Val: 0x000000ED
In clock cycle: 120367
Register Write to Reg: 0x06 Val: 0x000000ED
In clock cycle: 120368
Register Write to Reg: 0x01 Val: 0xFFFFFFF0
In clock cycle: 120369
Register Write to Reg: 0x05 Val: 0x000000ED
In clock cycle: 120370
Register Write to Reg: 0x06 Val: 0x000000EE
In clock cycle: 120371
Register Write to Reg: 0x01 Val: 0x00000024
In clock cycle: 120372
Register Write to Reg: 0x05 Val: 0x000000EE
In clock cycle: 120373
Register Write to Reg: 0x06 Val: 0x000000EE
In clock cycle: 121384
Register Write to Reg: 0x06 Val: 0x000000EF
In clock cycle: 121385
Register Write to Reg: 0x01 Val: 0x00000014
In clock cycle: 121386
Register Write to Reg: 0x05 Val: 0x000000EF
In clock cycle: 121387
Register Write to Reg: 0x06 Val: 0x000000EF
In clock cycle: 121388
Register Write to Reg: 0x01 Val: 0xFFFFFFF0
In clock cycle: 121389
Register Write to Reg: 0x05 Val: 0x000000EF
In clock cycle: 121390
Register Write to Reg: 0x06 Val: 0x000000F0
In clock cycle: 121391
Register Write to Reg: 0x01 Val: 0x00000024
In clock cycle: 121392
Register Write to Reg: 0x05 Val: 0x000000F0
In clock cycle: 121393
Register Write to Reg: 0x06 Val: 0x000000F0
In clock cycle: 122404
Register Write to Reg: 0x06 Val: 0x000000F1
In clock cycle: 122405
Register Write to Reg: 0x01 Val: 0x00000014
In clock cycle: 122406
Register Write to Reg: 0x05 Val: 0x000000F1
In clock cycle: 122407
Register Write to Reg: 0x06 Val: 0x000000F1
In clock cycle: 122408
Register Write to Reg: 0x01 Val: 0xFFFFFFF0
In clock cycle: 122409
Register Write to Reg: 0x05 Val: 0x000000F1
In clock cycle: 122410
Register Write to Reg: 0x06 Val: 0x000000F2
In clock cycle: 122411
Register Write to Reg: 0x01 Val: 0x00000024
In clock cycle: 122412
Register Write to Reg: 0x05 Val: 0x000000F2
In clock cycle: 122413
Register Write to Reg: 0x06 Val: 0x000000F2
In clock cycle: 123424
Register Write to Reg: 0x06 Val: 0x000000F3
In clock cycle: 123425
Register Write to Reg: 0x01 Val: 0x00000014
In clock cycle: 123426
Register Write to Reg: 0x05 Val: 0x000000F3
In clock cycle: 123427
Register Write to Reg: 0x06 Val: 0x000000F3
In clock cycle: 123428
Register Write to Reg: 0x01 Val: 0xFFFFFFF0
In clock cycle: 123429
Register Write to Reg: 0x05 Val: 0x000000F3
In clock cycle: 123430
Register Write to Reg: 0x06 Val: 0x000000F4
In clock cycle: 123431
Register Write to Reg: 0x01 Val: 0x00000024
In clock cycle: 123432
Register Write to Reg: 0x05 Val: 0x000000F4
In clock cycle: 123433
Register Write to Reg: 0x06 Val: 0x000000F4
In clock cycle: 124444
Register Write to Reg: 0x06 Val: 0x000000F5
In clock cycle: 124445
Register Write to Reg: 0x01 Val: 0x00000014
In clock cycle: 124446
Register Write to Reg: 0x05 Val: 0x000000F5
In clock cycle: 124447
Register Write to Reg: 0x06 Val: 0x000000F5
In clock cycle: 124448
Register Write to Reg: 0x01 Val: 0xFFFFFFF0
In clock cycle: 124449
Register Write to Reg: 0x05 Val: 0x000000F5
In clock cycle: 124450
Register Write to Reg: 0x06 Val: 0x000000F6
In clock cycle: 124451
Register Write to Reg: 0x01 Val: 0x00000024
In clock cycle: 124452
Register Write to Reg: 0x05 Val: 0x000000F6
In clock cycle: 124453
Register Write to Reg: 0x06 Val: 0x000000F6
In clock cycle: 125464
Register Write to Reg: 0x06 Val: 0x000000F7
In clock cycle: 125465
Register Write to Reg: 0x01 Val: 0x00000014
In clock cycle: 125466
Register Write to Reg: 0x05 Val: 0x000000F7
In clock cycle: 125467
Register Write to Reg: 0x06 Val: 0x000000F7
In clock cycle: 125468
Register Write to Reg: 0x01 Val: 0xFFFFFFF0
In clock cycle: 125469
Register Write to Reg: 0x05 Val: 0x000000F7
In clock cycle: 125470
Register Write to Reg: 0x06 Val: 0x000000F8
In clock cycle: 125471
Register Write to Reg: 0x01 Val: 0x00000024
In clock cycle: 125472
Register Write to Reg: 0x05 Val: 0x000000F8
In clock cycle: 125473
Register Write to Reg: 0x06 Val: 0x000000F8
In clock cycle: 126484
Register Write to Reg: 0x06 Val: 0x000000F9
In clock cycle: 126485
Register Write to Reg: 0x01 Val: 0x00000014
In clock cycle: 126486
Register Write to Reg: 0x05 Val: 0x000000F9
In clock cycle: 126487
Register Write to Reg: 0x06 Val: 0x000000F9
In clock cycle: 126488
Register Write to Reg: 0x01 Val: 0xFFFFFFF0
In clock cycle: 126489
Register Write to Reg: 0x05 Val: 0x000000F9
In clock cycle: 126490
Register Write to Reg: 0x06 Val: 0x000000FA
In clock cycle: 126491
Register Write to Reg: 0x01 Val: 0x00000024
In clock cycle: 126492
Register Write to Reg: 0x05 Val: 0x000000FA
In clock cycle: 126493
Register Write to Reg: 0x06 Val: 0x000000FA
In clock cycle: 127504
Register Write to Reg: 0x06 Val: 0x000000FB
In clock cycle: 127505
Register Write to Reg: 0x01 Val: 0x00000014
In clock cycle: 127506
Register Write to Reg: 0x05 Val: 0x000000FB
In clock cycle: 127507
Register Write to Reg: 0x06 Val: 0x000000FB
In clock cycle: 127508
Register Write to Reg: 0x01 Val: 0xFFFFFFF0
In clock cycle: 127509
Register Write to Reg: 0x05 Val: 0x000000FB
In clock cycle: 127510
Register Write to Reg: 0x06 Val: 0x000000FC
In clock cycle: 127511
Register Write to Reg: 0x01 Val: 0x00000024
In clock cycle: 127512
Register Write to Reg: 0x05 Val: 0x000000FC
In clock cycle: 127513
Register Write to Reg: 0x06 Val: 0x000000FC
In clock cycle: 128524
Register Write to Reg: 0x06 Val: 0x000000FD
In clock cycle: 128525
Register Write to Reg: 0x01 Val: 0x00000014
In clock cycle: 128526
Register Write to Reg: 0x05 Val: 0x000000FD
In clock cycle: 128527
Register Write to Reg: 0x06 Val: 0x000000FD
In clock cycle: 128528
Register Write to Reg: 0x01 Val: 0xFFFFFFF0
In clock cycle: 128529
Register Write to Reg: 0x05 Val: 0x000000FD
In clock cycle: 128530
Register Write to Reg: 0x06 Val: 0x000000FE
In clock cycle: 128531
Register Write to Reg: 0x01 Val: 0x00000024
In clock cycle: 128532
Register Write to Reg: 0x05 Val: 0x000000FE
In clock cycle: 128533
Register Write to Reg: 0x06 Val: 0x000000FE
In clock cycle: 129544
Register Write to Reg: 0x06 Val: 0x000000FF
In clock cycle: 129545
Register Write to Reg: 0x01 Val: 0x00000014
In clock cycle: 129546
Register Write to Reg: 0x05 Val: 0x000000FF
In clock cycle: 129547
Register Write to Reg: 0x06 Val: 0x000000FF
In clock cycle: 129548
Register Write to Reg: 0x01 Val: 0xFFFFFFF0
In clock cycle: 129549
Register Write to Reg: 0x05 Val: 0x000000FF
In clock cycle: 129550
Register Write to Reg: 0x06 Val: 0x00000100
In clock cycle: 129551
Register Write to Reg: 0x01 Val: 0x00000024
In clock cycle: 129552
Register Write to Reg: 0x05 Val: 0x00000100
In clock cycle: 129553
Register Write to Reg: 0x06 Val: 0x00000100
In clock cycle: 130564
Register Write to Reg: 0x06 Val: 0x00000101
In clock cycle: 130565
Register Write to Reg: 0x01 Val: 0x00000014
In clock cycle: 130566
Register Write to Reg: 0x05 Val: 0x00000101
In clock cycle: 130567
Register Write to Reg: 0x06 Val: 0x00000101
In clock cycle: 130568
Register Write to Reg: 0x01 Val: 0xFFFFFFF0
In clock cycle: 130569
Register Write to Reg: 0x05 Val: 0x00000101
In clock cycle: 130570
Register Write to Reg: 0x06 Val: 0x00000102
In clock cycle: 130571
Register Write to Reg: 0x01 Val: 0x00000024
In clock cycle: 130572
Register Write to Reg: 0x05 Val: 0x00000102
In clock cycle: 130573
Register Write to Reg: 0x06 Val: 0x00000102
In clock cycle: 131584
Register Write to Reg: 0x06 Val: 0x00000103
In clock cycle: 131585
Register Write to Reg: 0x01 Val: 0x00000014
In clock cycle: 131586
Register Write to Reg: 0x05 Val: 0x00000103
In clock cycle: 131587
Register Write to Reg: 0x06 Val: 0x00000103
In clock cycle: 131588
Register Write to Reg: 0x01 Val: 0xFFFFFFF0
In clock cycle: 131589
Register Write to Reg: 0x05 Val: 0x00000103
In clock cycle: 131590
Register Write to Reg: 0x06 Val: 0x00000104
In clock cycle: 131591
Register Write to Reg: 0x01 Val: 0x00000024
In clock cycle: 131592
Register Write to Reg: 0x05 Val: 0x00000104
In clock cycle: 131593
Register Write to Reg: 0x06 Val: 0x00000104
In clock cycle: 132604
Register Write to Reg: 0x06 Val: 0x00000105
In clock cycle: 132605
Register Write to Reg: 0x01 Val: 0x00000014
In clock cycle: 132606
Register Write to Reg: 0x05 Val: 0x00000105
In clock cycle: 132607
Register Write to Reg: 0x06 Val: 0x00000105
In clock cycle: 132608
Register Write to Reg: 0x01 Val: 0xFFFFFFF0
In clock cycle: 132609
Register Write to Reg: 0x05 Val: 0x00000105
In clock cycle: 132610
Register Write to Reg: 0x06 Val: 0x00000106
In clock cycle: 132611
Register Write to Reg: 0x01 Val: 0x00000024
In clock cycle: 132612
Register Write to Reg: 0x05 Val: 0x00000106
In clock cycle: 132613
Register Write to Reg: 0x06 Val: 0x00000106
In clock cycle: 133624
Register Write to Reg: 0x06 Val: 0x00000107
In clock cycle: 133625
Register Write to Reg: 0x01 Val: 0x00000014
In clock cycle: 133626
Register Write to Reg: 0x05 Val: 0x00000107
In clock cycle: 133627
Register Write to Reg: 0x06 Val: 0x00000107
In clock cycle: 133628
Register Write to Reg: 0x01 Val: 0xFFFFFFF0
In clock cycle: 133629
Register Write to Reg: 0x05 Val: 0x00000107
In clock cycle: 133630
Register Write to Reg: 0x06 Val: 0x00000108
In clock cycle: 133631
Register Write to Reg: 0x01 Val: 0x00000024
In clock cycle: 133632
Register Write to Reg: 0x05 Val: 0x00000108
In clock cycle: 133633
Register Write to Reg: 0x06 Val: 0x00000108
In clock cycle: 134644
Register Write to Reg: 0x06 Val: 0x00000109
In clock cycle: 134645
Register Write to Reg: 0x01 Val: 0x00000014
In clock cycle: 134646
Register Write to Reg: 0x05 Val: 0x00000109
In clock cycle: 134647
Register Write to Reg: 0x06 Val: 0x00000109
In clock cycle: 134648
Register Write to Reg: 0x01 Val: 0xFFFFFFF0
In clock cycle: 134649
Register Write to Reg: 0x05 Val: 0x00000109
In clock cycle: 134650
Register Write to Reg: 0x06 Val: 0x0000010A
In clock cycle: 134651
Register Write to Reg: 0x01 Val: 0x00000024
In clock cycle: 134652
Register Write to Reg: 0x05 Val: 0x0000010A
In clock cycle: 134653
Register Write to Reg: 0x06 Val: 0x0000010A
In clock cycle: 135664
Register Write to Reg: 0x06 Val: 0x0000010B
In clock cycle: 135665
Register Write to Reg: 0x01 Val: 0x00000014
In clock cycle: 135666
Register Write to Reg: 0x05 Val: 0x0000010B
In clock cycle: 135667
Register Write to Reg: 0x06 Val: 0x0000010B
In clock cycle: 135668
Register Write to Reg: 0x01 Val: 0xFFFFFFF0
In clock cycle: 135669
Register Write to Reg: 0x05 Val: 0x0000010B
In clock cycle: 135670
Register Write to Reg: 0x06 Val: 0x0000010C
In clock cycle: 135671
Register Write to Reg: 0x01 Val: 0x00000024
In clock cycle: 135672
Register Write to Reg: 0x05 Val: 0x0000010C
In clock cycle: 135673
Register Write to Reg: 0x06 Val: 0x0000010C
In clock cycle: 136684
Register Write to Reg: 0x06 Val: 0x0000010D
In clock cycle: 136685
Register Write to Reg: 0x01 Val: 0x00000014
In clock cycle: 136686
Register Write to Reg: 0x05 Val: 0x0000010D
In clock cycle: 136687
Register Write to Reg: 0x06 Val: 0x0000010D
In clock cycle: 136688
Register Write to Reg: 0x01 Val: 0xFFFFFFF0
In clock cycle: 136689
Register Write to Reg: 0x05 Val: 0x0000010D
In clock cycle: 136690
Register Write to Reg: 0x06 Val: 0x0000010E
In clock cycle: 136691
Register Write to Reg: 0x01 Val: 0x00000024
In clock cycle: 136692
Register Write to Reg: 0x05 Val: 0x0000010E
In clock cycle: 136693
Register Write to Reg: 0x06 Val: 0x0000010E
In clock cycle: 137704
Register Write to Reg: 0x06 Val: 0x0000010F
In clock cycle: 137705
Register Write to Reg: 0x01 Val: 0x00000014
In clock cycle: 137706
Register Write to Reg: 0x05 Val: 0x0000010F
In clock cycle: 137707
Register Write to Reg: 0x06 Val: 0x0000010F
In clock cycle: 137708
Register Write to Reg: 0x01 Val: 0xFFFFFFF0
In clock cycle: 137709
Register Write to Reg: 0x05 Val: 0x0000010F
In clock cycle: 137710
Register Write to Reg: 0x06 Val: 0x00000110
In clock cycle: 137711
Register Write to Reg: 0x01 Val: 0x00000024
In clock cycle: 137712
Register Write to Reg: 0x05 Val: 0x00000110
In clock cycle: 137713
Register Write to Reg: 0x06 Val: 0x00000110
In clock cycle: 138724
Register Write to Reg: 0x06 Val: 0x00000111
In clock cycle: 138725
Register Write to Reg: 0x01 Val: 0x00000014
In clock cycle: 138726
Register Write to Reg: 0x05 Val: 0x00000111
In clock cycle: 138727
Register Write to Reg: 0x06 Val: 0x00000111
In clock cycle: 138728
Register Write to Reg: 0x01 Val: 0xFFFFFFF0
In clock cycle: 138729
Register Write to Reg: 0x05 Val: 0x00000111
In clock cycle: 138730
Register Write to Reg: 0x06 Val: 0x00000112
In clock cycle: 138731
Register Write to Reg: 0x01 Val: 0x00000024
In clock cycle: 138732
Register Write to Reg: 0x05 Val: 0x00000112
In clock cycle: 138733
Register Write to Reg: 0x06 Val: 0x00000112
In clock cycle: 139744
Register Write to Reg: 0x06 Val: 0x00000113
In clock cycle: 139745
Register Write to Reg: 0x01 Val: 0x00000014
In clock cycle: 139746
Register Write to Reg: 0x05 Val: 0x00000113
In clock cycle: 139747
Register Write to Reg: 0x06 Val: 0x00000113
In clock cycle: 139748
Register Write to Reg: 0x01 Val: 0xFFFFFFF0
In clock cycle: 139749
Register Write to Reg: 0x05 Val: 0x00000113
In clock cycle: 139750
Register Write to Reg: 0x06 Val: 0x00000114
In clock cycle: 139751
Register Write to Reg: 0x01 Val: 0x00000024
In clock cycle: 139752
Register Write to Reg: 0x05 Val: 0x00000114
In clock cycle: 139753
Register Write to Reg: 0x06 Val: 0x00000114
In clock cycle: 140764
Register Write to Reg: 0x06 Val: 0x00000115
In clock cycle: 140765
Register Write to Reg: 0x01 Val: 0x00000014
In clock cycle: 140766
Register Write to Reg: 0x05 Val: 0x00000115
In clock cycle: 140767
Register Write to Reg: 0x06 Val: 0x00000115
In clock cycle: 140768
Register Write to Reg: 0x01 Val: 0xFFFFFFF0
In clock cycle: 140769
Register Write to Reg: 0x05 Val: 0x00000115
In clock cycle: 140770
Register Write to Reg: 0x06 Val: 0x00000116
In clock cycle: 140771
Register Write to Reg: 0x01 Val: 0x00000024
In clock cycle: 140772
Register Write to Reg: 0x05 Val: 0x00000116
In clock cycle: 140773
Register Write to Reg: 0x06 Val: 0x00000116
In clock cycle: 141784
Register Write to Reg: 0x06 Val: 0x00000117
In clock cycle: 141785
Register Write to Reg: 0x01 Val: 0x00000014
In clock cycle: 141786
Register Write to Reg: 0x05 Val: 0x00000117
In clock cycle: 141787
Register Write to Reg: 0x06 Val: 0x00000117
In clock cycle: 141788
Register Write to Reg: 0x01 Val: 0xFFFFFFF0
In clock cycle: 141789
Register Write to Reg: 0x05 Val: 0x00000117
In clock cycle: 141790
Register Write to Reg: 0x06 Val: 0x00000118
In clock cycle: 141791
Register Write to Reg: 0x01 Val: 0x00000024
In clock cycle: 141792
Register Write to Reg: 0x05 Val: 0x00000118
In clock cycle: 141793
Register Write to Reg: 0x06 Val: 0x00000118
In clock cycle: 142804
Register Write to Reg: 0x06 Val: 0x00000119
In clock cycle: 142805
Register Write to Reg: 0x01 Val: 0x00000014
In clock cycle: 142806
Register Write to Reg: 0x05 Val: 0x00000119
In clock cycle: 142807
Register Write to Reg: 0x06 Val: 0x00000119
In clock cycle: 142808
Register Write to Reg: 0x01 Val: 0xFFFFFFF0
In clock cycle: 142809
Register Write to Reg: 0x05 Val: 0x00000119
In clock cycle: 142810
Register Write to Reg: 0x06 Val: 0x0000011A
In clock cycle: 142811
Register Write to Reg: 0x01 Val: 0x00000024
In clock cycle: 142812
Register Write to Reg: 0x05 Val: 0x0000011A
In clock cycle: 142813
Register Write to Reg: 0x06 Val: 0x0000011A
In clock cycle: 143824
Register Write to Reg: 0x06 Val: 0x0000011B
In clock cycle: 143825
Register Write to Reg: 0x01 Val: 0x00000014
In clock cycle: 143826
Register Write to Reg: 0x05 Val: 0x0000011B
In clock cycle: 143827
Register Write to Reg: 0x06 Val: 0x0000011B
In clock cycle: 143828
Register Write to Reg: 0x01 Val: 0xFFFFFFF0
In clock cycle: 143829
Register Write to Reg: 0x05 Val: 0x0000011B
In clock cycle: 143830
Register Write to Reg: 0x06 Val: 0x0000011C
In clock cycle: 143831
Register Write to Reg: 0x01 Val: 0x00000024
In clock cycle: 143832
Register Write to Reg: 0x05 Val: 0x0000011C
In clock cycle: 143833
Register Write to Reg: 0x06 Val: 0x0000011C
In clock cycle: 144844
Register Write to Reg: 0x06 Val: 0x0000011D
In clock cycle: 144845
Register Write to Reg: 0x01 Val: 0x00000014
In clock cycle: 144846
Register Write to Reg: 0x05 Val: 0x0000011D
In clock cycle: 144847
Register Write to Reg: 0x06 Val: 0x0000011D
In clock cycle: 144848
Register Write to Reg: 0x01 Val: 0xFFFFFFF0
In clock cycle: 144849
Register Write to Reg: 0x05 Val: 0x0000011D
In clock cycle: 144850
Register Write to Reg: 0x06 Val: 0x0000011E
In clock cycle: 144851
Register Write to Reg: 0x01 Val: 0x00000024
In clock cycle: 144852
Register Write to Reg: 0x05 Val: 0x0000011E
In clock cycle: 144853
Register Write to Reg: 0x06 Val: 0x0000011E
In clock cycle: 145864
Register Write to Reg: 0x06 Val: 0x0000011F
In clock cycle: 145865
Register Write to Reg: 0x01 Val: 0x00000014
In clock cycle: 145866
Register Write to Reg: 0x05 Val: 0x0000011F
In clock cycle: 145867
Register Write to Reg: 0x06 Val: 0x0000011F
In clock cycle: 145868
Register Write to Reg: 0x01 Val: 0xFFFFFFF0
In clock cycle: 145869
Register Write to Reg: 0x05 Val: 0x0000011F
In clock cycle: 145870
Register Write to Reg: 0x06 Val: 0x00000120
In clock cycle: 145871
Register Write to Reg: 0x01 Val: 0x00000024
In clock cycle: 145872
Register Write to Reg: 0x05 Val: 0x00000120
In clock cycle: 145873
Register Write to Reg: 0x06 Val: 0x00000120
In clock cycle: 146884
Register Write to Reg: 0x06 Val: 0x00000121
In clock cycle: 146885
Register Write to Reg: 0x01 Val: 0x00000014
In clock cycle: 146886
Register Write to Reg: 0x05 Val: 0x00000121
In clock cycle: 146887
Register Write to Reg: 0x06 Val: 0x00000121
In clock cycle: 146888
Register Write to Reg: 0x01 Val: 0xFFFFFFF0
In clock cycle: 146889
Register Write to Reg: 0x05 Val: 0x00000121
In clock cycle: 146890
Register Write to Reg: 0x06 Val: 0x00000122
In clock cycle: 146891
Register Write to Reg: 0x01 Val: 0x00000024
In clock cycle: 146892
Register Write to Reg: 0x05 Val: 0x00000122
In clock cycle: 146893
Register Write to Reg: 0x06 Val: 0x00000122
In clock cycle: 147904
Register Write to Reg: 0x06 Val: 0x00000123
In clock cycle: 147905
Register Write to Reg: 0x01 Val: 0x00000014
In clock cycle: 147906
Register Write to Reg: 0x05 Val: 0x00000123
In clock cycle: 147907
Register Write to Reg: 0x06 Val: 0x00000123
In clock cycle: 147908
Register Write to Reg: 0x01 Val: 0xFFFFFFF0
In clock cycle: 147909
Register Write to Reg: 0x05 Val: 0x00000123
In clock cycle: 147910
Register Write to Reg: 0x06 Val: 0x00000124
In clock cycle: 147911
Register Write to Reg: 0x01 Val: 0x00000024
In clock cycle: 147912
Register Write to Reg: 0x05 Val: 0x00000124
In clock cycle: 147913
Register Write to Reg: 0x06 Val: 0x00000124
In clock cycle: 148924
Register Write to Reg: 0x06 Val: 0x00000125
In clock cycle: 148925
Register Write to Reg: 0x01 Val: 0x00000014
In clock cycle: 148926
Register Write to Reg: 0x05 Val: 0x00000125
In clock cycle: 148927
Register Write to Reg: 0x06 Val: 0x00000125
In clock cycle: 148928
Register Write to Reg: 0x01 Val: 0xFFFFFFF0
In clock cycle: 148929
Register Write to Reg: 0x05 Val: 0x00000125
In clock cycle: 148930
Register Write to Reg: 0x06 Val: 0x00000126
In clock cycle: 148931
Register Write to Reg: 0x01 Val: 0x00000024
In clock cycle: 148932
Register Write to Reg: 0x05 Val: 0x00000126
In clock cycle: 148933
Register Write to Reg: 0x06 Val: 0x00000126
In clock cycle: 149944
Register Write to Reg: 0x06 Val: 0x00000127
In clock cycle: 149945
Register Write to Reg: 0x01 Val: 0x00000014
In clock cycle: 149946
Register Write to Reg: 0x05 Val: 0x00000127
In clock cycle: 149947
Register Write to Reg: 0x06 Val: 0x00000127
In clock cycle: 149948
Register Write to Reg: 0x01 Val: 0xFFFFFFF0
In clock cycle: 149949
Register Write to Reg: 0x05 Val: 0x00000127
In clock cycle: 149950
Register Write to Reg: 0x06 Val: 0x00000128
In clock cycle: 149951
Register Write to Reg: 0x01 Val: 0x00000024
In clock cycle: 149952
Register Write to Reg: 0x05 Val: 0x00000128
In clock cycle: 149953
Register Write to Reg: 0x06 Val: 0x00000128
In clock cycle: 150964
Register Write to Reg: 0x06 Val: 0x00000129
In clock cycle: 150965
Register Write to Reg: 0x01 Val: 0x00000014
In clock cycle: 150966
Register Write to Reg: 0x05 Val: 0x00000129
In clock cycle: 150967
Register Write to Reg: 0x06 Val: 0x00000129
In clock cycle: 150968
Register Write to Reg: 0x01 Val: 0xFFFFFFF0
In clock cycle: 150969
Register Write to Reg: 0x05 Val: 0x00000129
In clock cycle: 150970
Register Write to Reg: 0x06 Val: 0x0000012A
In clock cycle: 150971
Register Write to Reg: 0x01 Val: 0x00000024
In clock cycle: 150972
Register Write to Reg: 0x05 Val: 0x0000012A
In clock cycle: 150973
Register Write to Reg: 0x06 Val: 0x0000012A
In clock cycle: 151984
Register Write to Reg: 0x06 Val: 0x0000012B
In clock cycle: 151985
Register Write to Reg: 0x01 Val: 0x00000014
In clock cycle: 151986
Register Write to Reg: 0x05 Val: 0x0000012B
In clock cycle: 151987
Register Write to Reg: 0x06 Val: 0x0000012B
In clock cycle: 151988
Register Write to Reg: 0x01 Val: 0xFFFFFFF0
In clock cycle: 151989
Register Write to Reg: 0x05 Val: 0x0000012B
In clock cycle: 151990
Register Write to Reg: 0x06 Val: 0x0000012C
In clock cycle: 151991
Register Write to Reg: 0x01 Val: 0x00000024
In clock cycle: 151992
Register Write to Reg: 0x05 Val: 0x0000012C
In clock cycle: 151993
Register Write to Reg: 0x06 Val: 0x0000012C
In clock cycle: 153004
Register Write to Reg: 0x06 Val: 0x0000012D
In clock cycle: 153005
Register Write to Reg: 0x01 Val: 0x00000014
In clock cycle: 153006
Register Write to Reg: 0x05 Val: 0x0000012D
In clock cycle: 153007
Register Write to Reg: 0x06 Val: 0x0000012D
In clock cycle: 153008
Register Write to Reg: 0x01 Val: 0xFFFFFFF0
In clock cycle: 153009
Register Write to Reg: 0x05 Val: 0x0000012D
In clock cycle: 153010
Register Write to Reg: 0x06 Val: 0x0000012E
In clock cycle: 153011
Register Write to Reg: 0x01 Val: 0x00000024
In clock cycle: 153012
Register Write to Reg: 0x05 Val: 0x0000012E
In clock cycle: 153013
Register Write to Reg: 0x06 Val: 0x0000012E
In clock cycle: 154024
Register Write to Reg: 0x06 Val: 0x0000012F
In clock cycle: 154025
Register Write to Reg: 0x01 Val: 0x00000014
In clock cycle: 154026
Register Write to Reg: 0x05 Val: 0x0000012F
In clock cycle: 154027
Register Write to Reg: 0x06 Val: 0x0000012F
In clock cycle: 154028
Register Write to Reg: 0x01 Val: 0xFFFFFFF0
In clock cycle: 154029
Register Write to Reg: 0x05 Val: 0x0000012F
In clock cycle: 154030
Register Write to Reg: 0x06 Val: 0x00000130
In clock cycle: 154031
Register Write to Reg: 0x01 Val: 0x00000024
In clock cycle: 154032
Register Write to Reg: 0x05 Val: 0x00000130
In clock cycle: 154033
Register Write to Reg: 0x06 Val: 0x00000130
In clock cycle: 155044
Register Write to Reg: 0x06 Val: 0x00000131
In clock cycle: 155045
Register Write to Reg: 0x01 Val: 0x00000014
In clock cycle: 155046
Register Write to Reg: 0x05 Val: 0x00000131
In clock cycle: 155047
Register Write to Reg: 0x06 Val: 0x00000131
In clock cycle: 155048
Register Write to Reg: 0x01 Val: 0xFFFFFFF0
In clock cycle: 155049
Register Write to Reg: 0x05 Val: 0x00000131
In clock cycle: 155050
Register Write to Reg: 0x06 Val: 0x00000132
In clock cycle: 155051
Register Write to Reg: 0x01 Val: 0x00000024
In clock cycle: 155052
Register Write to Reg: 0x05 Val: 0x00000132
In clock cycle: 155053
Register Write to Reg: 0x06 Val: 0x00000132
In clock cycle: 156064
Register Write to Reg: 0x06 Val: 0x00000133
In clock cycle: 156065
Register Write to Reg: 0x01 Val: 0x00000014
In clock cycle: 156066
Register Write to Reg: 0x05 Val: 0x00000133
In clock cycle: 156067
Register Write to Reg: 0x06 Val: 0x00000133
In clock cycle: 156068
Register Write to Reg: 0x01 Val: 0xFFFFFFF0
In clock cycle: 156069
Register Write to Reg: 0x05 Val: 0x00000133
In clock cycle: 156070
Register Write to Reg: 0x06 Val: 0x00000134
In clock cycle: 156071
Register Write to Reg: 0x01 Val: 0x00000024
In clock cycle: 156072
Register Write to Reg: 0x05 Val: 0x00000134
In clock cycle: 156073
Register Write to Reg: 0x06 Val: 0x00000134
In clock cycle: 157084
Register Write to Reg: 0x06 Val: 0x00000135
In clock cycle: 157085
Register Write to Reg: 0x01 Val: 0x00000014
In clock cycle: 157086
Register Write to Reg: 0x05 Val: 0x00000135
In clock cycle: 157087
Register Write to Reg: 0x06 Val: 0x00000135
In clock cycle: 157088
Register Write to Reg: 0x01 Val: 0xFFFFFFF0
In clock cycle: 157089
Register Write to Reg: 0x05 Val: 0x00000135
In clock cycle: 157090
Register Write to Reg: 0x06 Val: 0x00000136
In clock cycle: 157091
Register Write to Reg: 0x01 Val: 0x00000024
In clock cycle: 157092
Register Write to Reg: 0x05 Val: 0x00000136
In clock cycle: 157093
Register Write to Reg: 0x06 Val: 0x00000136
In clock cycle: 158104
Register Write to Reg: 0x06 Val: 0x00000137
In clock cycle: 158105
Register Write to Reg: 0x01 Val: 0x00000014
In clock cycle: 158106
Register Write to Reg: 0x05 Val: 0x00000137
In clock cycle: 158107
Register Write to Reg: 0x06 Val: 0x00000137
In clock cycle: 158108
Register Write to Reg: 0x01 Val: 0xFFFFFFF0
In clock cycle: 158109
Register Write to Reg: 0x05 Val: 0x00000137
In clock cycle: 158110
Register Write to Reg: 0x06 Val: 0x00000138
In clock cycle: 158111
Register Write to Reg: 0x01 Val: 0x00000024
In clock cycle: 158112
Register Write to Reg: 0x05 Val: 0x00000138
In clock cycle: 158113
Register Write to Reg: 0x06 Val: 0x00000138
In clock cycle: 159124
Register Write to Reg: 0x06 Val: 0x00000139
In clock cycle: 159125
Register Write to Reg: 0x01 Val: 0x00000014
In clock cycle: 159126
Register Write to Reg: 0x05 Val: 0x00000139
In clock cycle: 159127
Register Write to Reg: 0x06 Val: 0x00000139
In clock cycle: 159128
Register Write to Reg: 0x01 Val: 0xFFFFFFF0
In clock cycle: 159129
Register Write to Reg: 0x05 Val: 0x00000139
In clock cycle: 159130
Register Write to Reg: 0x06 Val: 0x0000013A
In clock cycle: 159131
Register Write to Reg: 0x01 Val: 0x00000024
In clock cycle: 159132
Register Write to Reg: 0x05 Val: 0x0000013A
In clock cycle: 159133
Register Write to Reg: 0x06 Val: 0x0000013A
In clock cycle: 160144
Register Write to Reg: 0x06 Val: 0x0000013B
In clock cycle: 160145
Register Write to Reg: 0x01 Val: 0x00000014
In clock cycle: 160146
Register Write to Reg: 0x05 Val: 0x0000013B
In clock cycle: 160147
Register Write to Reg: 0x06 Val: 0x0000013B
In clock cycle: 160148
Register Write to Reg: 0x01 Val: 0xFFFFFFF0
In clock cycle: 160149
Register Write to Reg: 0x05 Val: 0x0000013B
In clock cycle: 160150
Register Write to Reg: 0x06 Val: 0x0000013C
In clock cycle: 160151
Register Write to Reg: 0x01 Val: 0x00000024
In clock cycle: 160152
Register Write to Reg: 0x05 Val: 0x0000013C
In clock cycle: 160153
Register Write to Reg: 0x06 Val: 0x0000013C
In clock cycle: 161164
Register Write to Reg: 0x06 Val: 0x0000013D
In clock cycle: 161165
Register Write to Reg: 0x01 Val: 0x00000014
In clock cycle: 161166
Register Write to Reg: 0x05 Val: 0x0000013D
In clock cycle: 161167
Register Write to Reg: 0x06 Val: 0x0000013D
In clock cycle: 161168
Register Write to Reg: 0x01 Val: 0xFFFFFFF0
In clock cycle: 161169
Register Write to Reg: 0x05 Val: 0x0000013D
In clock cycle: 161170
Register Write to Reg: 0x06 Val: 0x0000013E
In clock cycle: 161171
Register Write to Reg: 0x01 Val: 0x00000024
In clock cycle: 161172
Register Write to Reg: 0x05 Val: 0x0000013E
In clock cycle: 161173
Register Write to Reg: 0x06 Val: 0x0000013E
In clock cycle: 162184
Register Write to Reg: 0x06 Val: 0x0000013F
In clock cycle: 162185
Register Write to Reg: 0x01 Val: 0x00000014
In clock cycle: 162186
Register Write to Reg: 0x05 Val: 0x0000013F
In clock cycle: 162187
Register Write to Reg: 0x06 Val: 0x0000013F
In clock cycle: 162188
Register Write to Reg: 0x01 Val: 0xFFFFFFF0
In clock cycle: 162189
Register Write to Reg: 0x05 Val: 0x0000013F
In clock cycle: 162190
Register Write to Reg: 0x06 Val: 0x00000140
In clock cycle: 162191
Register Write to Reg: 0x01 Val: 0x00000024
In clock cycle: 162192
Register Write to Reg: 0x05 Val: 0x00000140
In clock cycle: 162193
Register Write to Reg: 0x06 Val: 0x00000140
In clock cycle: 163204
Register Write to Reg: 0x06 Val: 0x00000141
In clock cycle: 163205
Register Write to Reg: 0x01 Val: 0x00000014
In clock cycle: 163206
Register Write to Reg: 0x05 Val: 0x00000141
In clock cycle: 163207
Register Write to Reg: 0x06 Val: 0x00000141
In clock cycle: 163208
Register Write to Reg: 0x01 Val: 0xFFFFFFF0
In clock cycle: 163209
Register Write to Reg: 0x05 Val: 0x00000141
In clock cycle: 163210
Register Write to Reg: 0x06 Val: 0x00000142
In clock cycle: 163211
Register Write to Reg: 0x01 Val: 0x00000024
In clock cycle: 163212
Register Write to Reg: 0x05 Val: 0x00000142
In clock cycle: 163213
Register Write to Reg: 0x06 Val: 0x00000142
In clock cycle: 164224
Register Write to Reg: 0x06 Val: 0x00000143
In clock cycle: 164225
Register Write to Reg: 0x01 Val: 0x00000014
In clock cycle: 164226
Register Write to Reg: 0x05 Val: 0x00000143
In clock cycle: 164227
Register Write to Reg: 0x06 Val: 0x00000143
In clock cycle: 164228
Register Write to Reg: 0x01 Val: 0xFFFFFFF0
In clock cycle: 164229
Register Write to Reg: 0x05 Val: 0x00000143
In clock cycle: 164230
Register Write to Reg: 0x06 Val: 0x00000144
In clock cycle: 164231
Register Write to Reg: 0x01 Val: 0x00000024
In clock cycle: 164232
Register Write to Reg: 0x05 Val: 0x00000144
In clock cycle: 164233
Register Write to Reg: 0x06 Val: 0x00000144
In clock cycle: 165244
Register Write to Reg: 0x06 Val: 0x00000145
In clock cycle: 165245
Register Write to Reg: 0x01 Val: 0x00000014
In clock cycle: 165246
Register Write to Reg: 0x05 Val: 0x00000145
In clock cycle: 165247
Register Write to Reg: 0x06 Val: 0x00000145
In clock cycle: 165248
Register Write to Reg: 0x01 Val: 0xFFFFFFF0
In clock cycle: 165249
Register Write to Reg: 0x05 Val: 0x00000145
In clock cycle: 165250
Register Write to Reg: 0x06 Val: 0x00000146
In clock cycle: 165251
Register Write to Reg: 0x01 Val: 0x00000024
In clock cycle: 165252
Register Write to Reg: 0x05 Val: 0x00000146
In clock cycle: 165253
Register Write to Reg: 0x06 Val: 0x00000146
In clock cycle: 166264
Register Write to Reg: 0x06 Val: 0x00000147
In clock cycle: 166265
Register Write to Reg: 0x01 Val: 0x00000014
In clock cycle: 166266
Register Write to Reg: 0x05 Val: 0x00000147
In clock cycle: 166267
Register Write to Reg: 0x06 Val: 0x00000147
In clock cycle: 166268
Register Write to Reg: 0x01 Val: 0xFFFFFFF0
In clock cycle: 166269
Register Write to Reg: 0x05 Val: 0x00000147
In clock cycle: 166270
Register Write to Reg: 0x06 Val: 0x00000148
In clock cycle: 166271
Register Write to Reg: 0x01 Val: 0x00000024
In clock cycle: 166272
Register Write to Reg: 0x05 Val: 0x00000148
In clock cycle: 166273
Register Write to Reg: 0x06 Val: 0x00000148
In clock cycle: 167284
Register Write to Reg: 0x06 Val: 0x00000149
In clock cycle: 167285
Register Write to Reg: 0x01 Val: 0x00000014
In clock cycle: 167286
Register Write to Reg: 0x05 Val: 0x00000149
In clock cycle: 167287
Register Write to Reg: 0x06 Val: 0x00000149
In clock cycle: 167288
Register Write to Reg: 0x01 Val: 0xFFFFFFF0
In clock cycle: 167289
Register Write to Reg: 0x05 Val: 0x00000149
In clock cycle: 167290
Register Write to Reg: 0x06 Val: 0x0000014A
In clock cycle: 167291
Register Write to Reg: 0x01 Val: 0x00000024
In clock cycle: 167292
Register Write to Reg: 0x05 Val: 0x0000014A
In clock cycle: 167293
Register Write to Reg: 0x06 Val: 0x0000014A
In clock cycle: 168304
Register Write to Reg: 0x06 Val: 0x0000014B
In clock cycle: 168305
Register Write to Reg: 0x01 Val: 0x00000014
In clock cycle: 168306
Register Write to Reg: 0x05 Val: 0x0000014B
In clock cycle: 168307
Register Write to Reg: 0x06 Val: 0x0000014B
In clock cycle: 168308
Register Write to Reg: 0x01 Val: 0xFFFFFFF0
In clock cycle: 168309
Register Write to Reg: 0x05 Val: 0x0000014B
In clock cycle: 168310
Register Write to Reg: 0x06 Val: 0x0000014C
In clock cycle: 168311
Register Write to Reg: 0x01 Val: 0x00000024
In clock cycle: 168312
Register Write to Reg: 0x05 Val: 0x0000014C
In clock cycle: 168313
Register Write to Reg: 0x06 Val: 0x0000014C
In clock cycle: 169324
Register Write to Reg: 0x06 Val: 0x0000014D
In clock cycle: 169325
Register Write to Reg: 0x01 Val: 0x00000014
In clock cycle: 169326
Register Write to Reg: 0x05 Val: 0x0000014D
In clock cycle: 169327
Register Write to Reg: 0x06 Val: 0x0000014D
In clock cycle: 169328
Register Write to Reg: 0x01 Val: 0xFFFFFFF0
In clock cycle: 169329
Register Write to Reg: 0x05 Val: 0x0000014D
In clock cycle: 169330
Register Write to Reg: 0x06 Val: 0x0000014E
In clock cycle: 169331
Register Write to Reg: 0x01 Val: 0x00000024
In clock cycle: 169332
Register Write to Reg: 0x05 Val: 0x0000014E
In clock cycle: 169333
Register Write to Reg: 0x06 Val: 0x0000014E
In clock cycle: 170344
Register Write to Reg: 0x06 Val: 0x0000014F
In clock cycle: 170345
Register Write to Reg: 0x01 Val: 0x00000014
In clock cycle: 170346
Register Write to Reg: 0x05 Val: 0x0000014F
In clock cycle: 170347
Register Write to Reg: 0x06 Val: 0x0000014F
In clock cycle: 170348
Register Write to Reg: 0x01 Val: 0xFFFFFFF0
In clock cycle: 170349
Register Write to Reg: 0x05 Val: 0x0000014F
In clock cycle: 170350
Register Write to Reg: 0x06 Val: 0x00000150
In clock cycle: 170351
Register Write to Reg: 0x01 Val: 0x00000024
In clock cycle: 170352
Register Write to Reg: 0x05 Val: 0x00000150
In clock cycle: 170353
Register Write to Reg: 0x06 Val: 0x00000150
In clock cycle: 171364
Register Write to Reg: 0x06 Val: 0x00000151
In clock cycle: 171365
Register Write to Reg: 0x01 Val: 0x00000014
In clock cycle: 171366
Register Write to Reg: 0x05 Val: 0x00000151
In clock cycle: 171367
Register Write to Reg: 0x06 Val: 0x00000151
In clock cycle: 171368
Register Write to Reg: 0x01 Val: 0xFFFFFFF0
In clock cycle: 171369
Register Write to Reg: 0x05 Val: 0x00000151
In clock cycle: 171370
Register Write to Reg: 0x06 Val: 0x00000152
In clock cycle: 171371
Register Write to Reg: 0x01 Val: 0x00000024
In clock cycle: 171372
Register Write to Reg: 0x05 Val: 0x00000152
In clock cycle: 171373
Register Write to Reg: 0x06 Val: 0x00000152
In clock cycle: 172384
Register Write to Reg: 0x06 Val: 0x00000153
In clock cycle: 172385
Register Write to Reg: 0x01 Val: 0x00000014
In clock cycle: 172386
Register Write to Reg: 0x05 Val: 0x00000153
In clock cycle: 172387
Register Write to Reg: 0x06 Val: 0x00000153
In clock cycle: 172388
Register Write to Reg: 0x01 Val: 0xFFFFFFF0
In clock cycle: 172389
Register Write to Reg: 0x05 Val: 0x00000153
In clock cycle: 172390
Register Write to Reg: 0x06 Val: 0x00000154
In clock cycle: 172391
Register Write to Reg: 0x01 Val: 0x00000024
In clock cycle: 172392
Register Write to Reg: 0x05 Val: 0x00000154
In clock cycle: 172393
Register Write to Reg: 0x06 Val: 0x00000154
In clock cycle: 173404
Register Write to Reg: 0x06 Val: 0x00000155
In clock cycle: 173405
Register Write to Reg: 0x01 Val: 0x00000014
In clock cycle: 173406
Register Write to Reg: 0x05 Val: 0x00000155
In clock cycle: 173407
Register Write to Reg: 0x06 Val: 0x00000155
In clock cycle: 173408
Register Write to Reg: 0x01 Val: 0xFFFFFFF0
In clock cycle: 173409
Register Write to Reg: 0x05 Val: 0x00000155
In clock cycle: 173410
Register Write to Reg: 0x06 Val: 0x00000156
In clock cycle: 173411
Register Write to Reg: 0x01 Val: 0x00000024
In clock cycle: 173412
Register Write to Reg: 0x05 Val: 0x00000156
In clock cycle: 173413
Register Write to Reg: 0x06 Val: 0x00000156
In clock cycle: 174424
Register Write to Reg: 0x06 Val: 0x00000157
In clock cycle: 174425
Register Write to Reg: 0x01 Val: 0x00000014
In clock cycle: 174426
Register Write to Reg: 0x05 Val: 0x00000157
In clock cycle: 174427
Register Write to Reg: 0x06 Val: 0x00000157
In clock cycle: 174428
Register Write to Reg: 0x01 Val: 0xFFFFFFF0
In clock cycle: 174429
Register Write to Reg: 0x05 Val: 0x00000157
In clock cycle: 174430
Register Write to Reg: 0x06 Val: 0x00000158
In clock cycle: 174431
Register Write to Reg: 0x01 Val: 0x00000024
In clock cycle: 174432
Register Write to Reg: 0x05 Val: 0x00000158
In clock cycle: 174433
Register Write to Reg: 0x06 Val: 0x00000158
In clock cycle: 175444
Register Write to Reg: 0x06 Val: 0x00000159
In clock cycle: 175445
Register Write to Reg: 0x01 Val: 0x00000014
In clock cycle: 175446
Register Write to Reg: 0x05 Val: 0x00000159
In clock cycle: 175447
Register Write to Reg: 0x06 Val: 0x00000159
In clock cycle: 175448
Register Write to Reg: 0x01 Val: 0xFFFFFFF0
In clock cycle: 175449
Register Write to Reg: 0x05 Val: 0x00000159
In clock cycle: 175450
Register Write to Reg: 0x06 Val: 0x0000015A
In clock cycle: 175451
Register Write to Reg: 0x01 Val: 0x00000024
In clock cycle: 175452
Register Write to Reg: 0x05 Val: 0x0000015A
In clock cycle: 175453
Register Write to Reg: 0x06 Val: 0x0000015A
In clock cycle: 176464
Register Write to Reg: 0x06 Val: 0x0000015B
In clock cycle: 176465
Register Write to Reg: 0x01 Val: 0x00000014
In clock cycle: 176466
Register Write to Reg: 0x05 Val: 0x0000015B
In clock cycle: 176467
Register Write to Reg: 0x06 Val: 0x0000015B
In clock cycle: 176468
Register Write to Reg: 0x01 Val: 0xFFFFFFF0
In clock cycle: 176469
Register Write to Reg: 0x05 Val: 0x0000015B
In clock cycle: 176470
Register Write to Reg: 0x06 Val: 0x0000015C
In clock cycle: 176471
Register Write to Reg: 0x01 Val: 0x00000024
In clock cycle: 176472
Register Write to Reg: 0x05 Val: 0x0000015C
In clock cycle: 176473
Register Write to Reg: 0x06 Val: 0x0000015C
In clock cycle: 177484
Register Write to Reg: 0x06 Val: 0x0000015D
In clock cycle: 177485
Register Write to Reg: 0x01 Val: 0x00000014
In clock cycle: 177486
Register Write to Reg: 0x05 Val: 0x0000015D
In clock cycle: 177487
Register Write to Reg: 0x06 Val: 0x0000015D
In clock cycle: 177488
Register Write to Reg: 0x01 Val: 0xFFFFFFF0
In clock cycle: 177489
Register Write to Reg: 0x05 Val: 0x0000015D
In clock cycle: 177490
Register Write to Reg: 0x06 Val: 0x0000015E
In clock cycle: 177491
Register Write to Reg: 0x01 Val: 0x00000024
In clock cycle: 177492
Register Write to Reg: 0x05 Val: 0x0000015E
In clock cycle: 177493
Register Write to Reg: 0x06 Val: 0x0000015E
In clock cycle: 178504
Register Write to Reg: 0x06 Val: 0x0000015F
In clock cycle: 178505
Register Write to Reg: 0x01 Val: 0x00000014
In clock cycle: 178506
Register Write to Reg: 0x05 Val: 0x0000015F
In clock cycle: 178507
Register Write to Reg: 0x06 Val: 0x0000015F
In clock cycle: 178508
Register Write to Reg: 0x01 Val: 0xFFFFFFF0
In clock cycle: 178509
Register Write to Reg: 0x05 Val: 0x0000015F
In clock cycle: 178510
Register Write to Reg: 0x06 Val: 0x00000160
In clock cycle: 178511
Register Write to Reg: 0x01 Val: 0x00000024
In clock cycle: 178512
Register Write to Reg: 0x05 Val: 0x00000160
In clock cycle: 178513
Register Write to Reg: 0x06 Val: 0x00000160
In clock cycle: 179524
Register Write to Reg: 0x06 Val: 0x00000161
In clock cycle: 179525
Register Write to Reg: 0x01 Val: 0x00000014
In clock cycle: 179526
Register Write to Reg: 0x05 Val: 0x00000161
In clock cycle: 179527
Register Write to Reg: 0x06 Val: 0x00000161
In clock cycle: 179528
Register Write to Reg: 0x01 Val: 0xFFFFFFF0
In clock cycle: 179529
Register Write to Reg: 0x05 Val: 0x00000161
In clock cycle: 179530
Register Write to Reg: 0x06 Val: 0x00000162
In clock cycle: 179531
Register Write to Reg: 0x01 Val: 0x00000024
In clock cycle: 179532
Register Write to Reg: 0x05 Val: 0x00000162
In clock cycle: 179533
Register Write to Reg: 0x06 Val: 0x00000162
In clock cycle: 180544
Register Write to Reg: 0x06 Val: 0x00000163
In clock cycle: 180545
Register Write to Reg: 0x01 Val: 0x00000014
In clock cycle: 180546
Register Write to Reg: 0x05 Val: 0x00000163
In clock cycle: 180547
Register Write to Reg: 0x06 Val: 0x00000163
In clock cycle: 180548
Register Write to Reg: 0x01 Val: 0xFFFFFFF0
In clock cycle: 180549
Register Write to Reg: 0x05 Val: 0x00000163
In clock cycle: 180550
Register Write to Reg: 0x06 Val: 0x00000164
In clock cycle: 180551
Register Write to Reg: 0x01 Val: 0x00000024
In clock cycle: 180552
Register Write to Reg: 0x05 Val: 0x00000164
In clock cycle: 180553
Register Write to Reg: 0x06 Val: 0x00000164
In clock cycle: 181564
Register Write to Reg: 0x06 Val: 0x00000165
In clock cycle: 181565
Register Write to Reg: 0x01 Val: 0x00000014
In clock cycle: 181566
Register Write to Reg: 0x05 Val: 0x00000165
In clock cycle: 181567
Register Write to Reg: 0x06 Val: 0x00000165
In clock cycle: 181568
Register Write to Reg: 0x01 Val: 0xFFFFFFF0
In clock cycle: 181569
Register Write to Reg: 0x05 Val: 0x00000165
In clock cycle: 181570
Register Write to Reg: 0x06 Val: 0x00000166
In clock cycle: 181571
Register Write to Reg: 0x01 Val: 0x00000024
In clock cycle: 181572
Register Write to Reg: 0x05 Val: 0x00000166
In clock cycle: 181573
Register Write to Reg: 0x06 Val: 0x00000166
In clock cycle: 182584
Register Write to Reg: 0x06 Val: 0x00000167
In clock cycle: 182585
Register Write to Reg: 0x01 Val: 0x00000014
In clock cycle: 182586
Register Write to Reg: 0x05 Val: 0x00000167
In clock cycle: 182587
Register Write to Reg: 0x06 Val: 0x00000167
In clock cycle: 182588
Register Write to Reg: 0x01 Val: 0xFFFFFFF0
In clock cycle: 182589
Register Write to Reg: 0x05 Val: 0x00000167
In clock cycle: 182590
Register Write to Reg: 0x06 Val: 0x00000168
In clock cycle: 182591
Register Write to Reg: 0x01 Val: 0x00000024
In clock cycle: 182592
Register Write to Reg: 0x05 Val: 0x00000168
In clock cycle: 182593
Register Write to Reg: 0x06 Val: 0x00000168
In clock cycle: 183604
Register Write to Reg: 0x06 Val: 0x00000169
In clock cycle: 183605
Register Write to Reg: 0x01 Val: 0x00000014
In clock cycle: 183606
Register Write to Reg: 0x05 Val: 0x00000169
In clock cycle: 183607
Register Write to Reg: 0x06 Val: 0x00000169
In clock cycle: 183608
Register Write to Reg: 0x01 Val: 0xFFFFFFF0
In clock cycle: 183609
Register Write to Reg: 0x05 Val: 0x00000169
In clock cycle: 183610
Register Write to Reg: 0x06 Val: 0x0000016A
In clock cycle: 183611
Register Write to Reg: 0x01 Val: 0x00000024
In clock cycle: 183612
Register Write to Reg: 0x05 Val: 0x0000016A
In clock cycle: 183613
Register Write to Reg: 0x06 Val: 0x0000016A
In clock cycle: 184624
Register Write to Reg: 0x06 Val: 0x0000016B
In clock cycle: 184625
Register Write to Reg: 0x01 Val: 0x00000014
In clock cycle: 184626
Register Write to Reg: 0x05 Val: 0x0000016B
In clock cycle: 184627
Register Write to Reg: 0x06 Val: 0x0000016B
In clock cycle: 184628
Register Write to Reg: 0x01 Val: 0xFFFFFFF0
In clock cycle: 184629
Register Write to Reg: 0x05 Val: 0x0000016B
In clock cycle: 184630
Register Write to Reg: 0x06 Val: 0x0000016C
In clock cycle: 184631
Register Write to Reg: 0x01 Val: 0x00000024
In clock cycle: 184632
Register Write to Reg: 0x05 Val: 0x0000016C
In clock cycle: 184633
Register Write to Reg: 0x06 Val: 0x0000016C
In clock cycle: 185644
Register Write to Reg: 0x06 Val: 0x0000016D
In clock cycle: 185645
Register Write to Reg: 0x01 Val: 0x00000014
In clock cycle: 185646
Register Write to Reg: 0x05 Val: 0x0000016D
In clock cycle: 185647
Register Write to Reg: 0x06 Val: 0x0000016D
In clock cycle: 185648
Register Write to Reg: 0x01 Val: 0xFFFFFFF0
In clock cycle: 185649
Register Write to Reg: 0x05 Val: 0x0000016D
In clock cycle: 185650
Register Write to Reg: 0x06 Val: 0x0000016E
In clock cycle: 185651
Register Write to Reg: 0x01 Val: 0x00000024
In clock cycle: 185652
Register Write to Reg: 0x05 Val: 0x0000016E
In clock cycle: 185653
Register Write to Reg: 0x06 Val: 0x0000016E
In clock cycle: 186664
Register Write to Reg: 0x06 Val: 0x0000016F
In clock cycle: 186665
Register Write to Reg: 0x01 Val: 0x00000014
In clock cycle: 186666
Register Write to Reg: 0x05 Val: 0x0000016F
In clock cycle: 186667
Register Write to Reg: 0x06 Val: 0x0000016F
In clock cycle: 186668
Register Write to Reg: 0x01 Val: 0xFFFFFFF0
In clock cycle: 186669
Register Write to Reg: 0x05 Val: 0x0000016F
In clock cycle: 186670
Register Write to Reg: 0x06 Val: 0x00000170
In clock cycle: 186671
Register Write to Reg: 0x01 Val: 0x00000024
In clock cycle: 186672
Register Write to Reg: 0x05 Val: 0x00000170
In clock cycle: 186673
Register Write to Reg: 0x06 Val: 0x00000170
In clock cycle: 187684
Register Write to Reg: 0x06 Val: 0x00000171
In clock cycle: 187685
Register Write to Reg: 0x01 Val: 0x00000014
In clock cycle: 187686
Register Write to Reg: 0x05 Val: 0x00000171
In clock cycle: 187687
Register Write to Reg: 0x06 Val: 0x00000171
In clock cycle: 187688
Register Write to Reg: 0x01 Val: 0xFFFFFFF0
In clock cycle: 187689
Register Write to Reg: 0x05 Val: 0x00000171
In clock cycle: 187690
Register Write to Reg: 0x06 Val: 0x00000172
In clock cycle: 187691
Register Write to Reg: 0x01 Val: 0x00000024
In clock cycle: 187692
Register Write to Reg: 0x05 Val: 0x00000172
In clock cycle: 187693
Register Write to Reg: 0x06 Val: 0x00000172
In clock cycle: 188704
Register Write to Reg: 0x06 Val: 0x00000173
In clock cycle: 188705
Register Write to Reg: 0x01 Val: 0x00000014
In clock cycle: 188706
Register Write to Reg: 0x05 Val: 0x00000173
In clock cycle: 188707
Register Write to Reg: 0x06 Val: 0x00000173
In clock cycle: 188708
Register Write to Reg: 0x01 Val: 0xFFFFFFF0
In clock cycle: 188709
Register Write to Reg: 0x05 Val: 0x00000173
In clock cycle: 188710
Register Write to Reg: 0x06 Val: 0x00000174
In clock cycle: 188711
Register Write to Reg: 0x01 Val: 0x00000024
In clock cycle: 188712
Register Write to Reg: 0x05 Val: 0x00000174
In clock cycle: 188713
Register Write to Reg: 0x06 Val: 0x00000174
In clock cycle: 189724
Register Write to Reg: 0x06 Val: 0x00000175
In clock cycle: 189725
Register Write to Reg: 0x01 Val: 0x00000014
In clock cycle: 189726
Register Write to Reg: 0x05 Val: 0x00000175
In clock cycle: 189727
Register Write to Reg: 0x06 Val: 0x00000175
In clock cycle: 189728
Register Write to Reg: 0x01 Val: 0xFFFFFFF0
In clock cycle: 189729
Register Write to Reg: 0x05 Val: 0x00000175
In clock cycle: 189730
Register Write to Reg: 0x06 Val: 0x00000176
In clock cycle: 189731
Register Write to Reg: 0x01 Val: 0x00000024
In clock cycle: 189732
Register Write to Reg: 0x05 Val: 0x00000176
In clock cycle: 189733
Register Write to Reg: 0x06 Val: 0x00000176
In clock cycle: 190744
Register Write to Reg: 0x06 Val: 0x00000177
In clock cycle: 190745
Register Write to Reg: 0x01 Val: 0x00000014
In clock cycle: 190746
Register Write to Reg: 0x05 Val: 0x00000177
In clock cycle: 190747
Register Write to Reg: 0x06 Val: 0x00000177
In clock cycle: 190748
Register Write to Reg: 0x01 Val: 0xFFFFFFF0
In clock cycle: 190749
Register Write to Reg: 0x05 Val: 0x00000177
In clock cycle: 190750
Register Write to Reg: 0x06 Val: 0x00000178
In clock cycle: 190751
Register Write to Reg: 0x01 Val: 0x00000024
In clock cycle: 190752
Register Write to Reg: 0x05 Val: 0x00000178
In clock cycle: 190753
Register Write to Reg: 0x06 Val: 0x00000178
In clock cycle: 191764
Register Write to Reg: 0x06 Val: 0x00000179
In clock cycle: 191765
Register Write to Reg: 0x01 Val: 0x00000014
In clock cycle: 191766
Register Write to Reg: 0x05 Val: 0x00000179
In clock cycle: 191767
Register Write to Reg: 0x06 Val: 0x00000179
In clock cycle: 191768
Register Write to Reg: 0x01 Val: 0xFFFFFFF0
In clock cycle: 191769
Register Write to Reg: 0x05 Val: 0x00000179
In clock cycle: 191770
Register Write to Reg: 0x06 Val: 0x0000017A
In clock cycle: 191771
Register Write to Reg: 0x01 Val: 0x00000024
In clock cycle: 191772
Register Write to Reg: 0x05 Val: 0x0000017A
In clock cycle: 191773
Register Write to Reg: 0x06 Val: 0x0000017A
In clock cycle: 192784
Register Write to Reg: 0x06 Val: 0x0000017B
In clock cycle: 192785
Register Write to Reg: 0x01 Val: 0x00000014
In clock cycle: 192786
Register Write to Reg: 0x05 Val: 0x0000017B
In clock cycle: 192787
Register Write to Reg: 0x06 Val: 0x0000017B
In clock cycle: 192788
Register Write to Reg: 0x01 Val: 0xFFFFFFF0
In clock cycle: 192789
Register Write to Reg: 0x05 Val: 0x0000017B
In clock cycle: 192790
Register Write to Reg: 0x06 Val: 0x0000017C
In clock cycle: 192791
Register Write to Reg: 0x01 Val: 0x00000024
In clock cycle: 192792
Register Write to Reg: 0x05 Val: 0x0000017C
In clock cycle: 192793
Register Write to Reg: 0x06 Val: 0x0000017C
In clock cycle: 193804
Register Write to Reg: 0x06 Val: 0x0000017D
In clock cycle: 193805
Register Write to Reg: 0x01 Val: 0x00000014
In clock cycle: 193806
Register Write to Reg: 0x05 Val: 0x0000017D
In clock cycle: 193807
Register Write to Reg: 0x06 Val: 0x0000017D
In clock cycle: 193808
Register Write to Reg: 0x01 Val: 0xFFFFFFF0
In clock cycle: 193809
Register Write to Reg: 0x05 Val: 0x0000017D
In clock cycle: 193810
Register Write to Reg: 0x06 Val: 0x0000017E
In clock cycle: 193811
Register Write to Reg: 0x01 Val: 0x00000024
In clock cycle: 193812
Register Write to Reg: 0x05 Val: 0x0000017E
In clock cycle: 193813
Register Write to Reg: 0x06 Val: 0x0000017E
In clock cycle: 194824
Register Write to Reg: 0x06 Val: 0x0000017F
In clock cycle: 194825
Register Write to Reg: 0x01 Val: 0x00000014
In clock cycle: 194826
Register Write to Reg: 0x05 Val: 0x0000017F
In clock cycle: 194827
Register Write to Reg: 0x06 Val: 0x0000017F
In clock cycle: 194828
Register Write to Reg: 0x01 Val: 0xFFFFFFF0
In clock cycle: 194829
Register Write to Reg: 0x05 Val: 0x0000017F
In clock cycle: 194830
Register Write to Reg: 0x06 Val: 0x00000180
In clock cycle: 194831
Register Write to Reg: 0x01 Val: 0x00000024
In clock cycle: 194832
Register Write to Reg: 0x05 Val: 0x00000180
In clock cycle: 194833
Register Write to Reg: 0x06 Val: 0x00000180
In clock cycle: 195844
Register Write to Reg: 0x06 Val: 0x00000181
In clock cycle: 195845
Register Write to Reg: 0x01 Val: 0x00000014
In clock cycle: 195846
Register Write to Reg: 0x05 Val: 0x00000181
In clock cycle: 195847
Register Write to Reg: 0x06 Val: 0x00000181
In clock cycle: 195848
Register Write to Reg: 0x01 Val: 0xFFFFFFF0
In clock cycle: 195849
Register Write to Reg: 0x05 Val: 0x00000181
In clock cycle: 195850
Register Write to Reg: 0x06 Val: 0x00000182
In clock cycle: 195851
Register Write to Reg: 0x01 Val: 0x00000024
In clock cycle: 195852
Register Write to Reg: 0x05 Val: 0x00000182
In clock cycle: 195853
Register Write to Reg: 0x06 Val: 0x00000182
In clock cycle: 196864
Register Write to Reg: 0x06 Val: 0x00000183
In clock cycle: 196865
Register Write to Reg: 0x01 Val: 0x00000014
In clock cycle: 196866
Register Write to Reg: 0x05 Val: 0x00000183
In clock cycle: 196867
Register Write to Reg: 0x06 Val: 0x00000183
In clock cycle: 196868
Register Write to Reg: 0x01 Val: 0xFFFFFFF0
In clock cycle: 196869
Register Write to Reg: 0x05 Val: 0x00000183
In clock cycle: 196870
Register Write to Reg: 0x06 Val: 0x00000184
In clock cycle: 196871
Register Write to Reg: 0x01 Val: 0x00000024
In clock cycle: 196872
Register Write to Reg: 0x05 Val: 0x00000184
In clock cycle: 196873
Register Write to Reg: 0x06 Val: 0x00000184
In clock cycle: 197884
Register Write to Reg: 0x06 Val: 0x00000185
In clock cycle: 197885
Register Write to Reg: 0x01 Val: 0x00000014
In clock cycle: 197886
Register Write to Reg: 0x05 Val: 0x00000185
In clock cycle: 197887
Register Write to Reg: 0x06 Val: 0x00000185
In clock cycle: 197888
Register Write to Reg: 0x01 Val: 0xFFFFFFF0
In clock cycle: 197889
Register Write to Reg: 0x05 Val: 0x00000185
In clock cycle: 197890
Register Write to Reg: 0x06 Val: 0x00000186
In clock cycle: 197891
Register Write to Reg: 0x01 Val: 0x00000024
In clock cycle: 197892
Register Write to Reg: 0x05 Val: 0x00000186
In clock cycle: 197893
Register Write to Reg: 0x06 Val: 0x00000186
In clock cycle: 198904
Register Write to Reg: 0x06 Val: 0x00000187
In clock cycle: 198905
Register Write to Reg: 0x01 Val: 0x00000014
In clock cycle: 198906
Register Write to Reg: 0x05 Val: 0x00000187
In clock cycle: 198907
Register Write to Reg: 0x06 Val: 0x00000187
In clock cycle: 198908
Register Write to Reg: 0x01 Val: 0xFFFFFFF0
In clock cycle: 198909
Register Write to Reg: 0x05 Val: 0x00000187
In clock cycle: 198910
Register Write to Reg: 0x06 Val: 0x00000188
In clock cycle: 198911
Register Write to Reg: 0x01 Val: 0x00000024
In clock cycle: 198912
Register Write to Reg: 0x05 Val: 0x00000188
In clock cycle: 198913
Register Write to Reg: 0x06 Val: 0x00000188
In clock cycle: 199924
Register Write to Reg: 0x06 Val: 0x00000189
In clock cycle: 199925
Register Write to Reg: 0x01 Val: 0x00000014
In clock cycle: 199926
Register Write to Reg: 0x05 Val: 0x00000189
In clock cycle: 199927
Register Write to Reg: 0x06 Val: 0x00000189
In clock cycle: 199928
Register Write to Reg: 0x01 Val: 0xFFFFFFF0
In clock cycle: 199929
Register Write to Reg: 0x05 Val: 0x00000189
In clock cycle: 199930
Register Write to Reg: 0x06 Val: 0x0000018A
In clock cycle: 199931
Register Write to Reg: 0x01 Val: 0x00000024
In clock cycle: 199932
Register Write to Reg: 0x05 Val: 0x0000018A
In clock cycle: 199933
Register Write to Reg: 0x06 Val: 0x0000018A
In clock cycle: 200944
Register Write to Reg: 0x06 Val: 0x0000018B
In clock cycle: 200945
Register Write to Reg: 0x01 Val: 0x00000014
In clock cycle: 200946
Register Write to Reg: 0x05 Val: 0x0000018B
In clock cycle: 200947
Register Write to Reg: 0x06 Val: 0x0000018B
In clock cycle: 200948
Register Write to Reg: 0x01 Val: 0xFFFFFFF0
In clock cycle: 200949
Register Write to Reg: 0x05 Val: 0x0000018B
In clock cycle: 200950
Register Write to Reg: 0x06 Val: 0x0000018C
In clock cycle: 200951
Register Write to Reg: 0x01 Val: 0x00000024
In clock cycle: 200952
Register Write to Reg: 0x05 Val: 0x0000018C
In clock cycle: 200953
Register Write to Reg: 0x06 Val: 0x0000018C
In clock cycle: 201964
Register Write to Reg: 0x06 Val: 0x0000018D
In clock cycle: 201965
Register Write to Reg: 0x01 Val: 0x00000014
In clock cycle: 201966
Register Write to Reg: 0x05 Val: 0x0000018D
In clock cycle: 201967
Register Write to Reg: 0x06 Val: 0x0000018D
In clock cycle: 201968
Register Write to Reg: 0x01 Val: 0xFFFFFFF0
In clock cycle: 201969
Register Write to Reg: 0x05 Val: 0x0000018D
In clock cycle: 201970
Register Write to Reg: 0x06 Val: 0x0000018E
In clock cycle: 201971
Register Write to Reg: 0x01 Val: 0x00000024
In clock cycle: 201972
Register Write to Reg: 0x05 Val: 0x0000018E
In clock cycle: 201973
Register Write to Reg: 0x06 Val: 0x0000018E
In clock cycle: 202984
Register Write to Reg: 0x06 Val: 0x0000018F
In clock cycle: 202985
Register Write to Reg: 0x01 Val: 0x00000014
In clock cycle: 202986
Register Write to Reg: 0x05 Val: 0x0000018F
In clock cycle: 202987
Register Write to Reg: 0x06 Val: 0x0000018F
In clock cycle: 202988
Register Write to Reg: 0x01 Val: 0xFFFFFFF0
In clock cycle: 202989
Register Write to Reg: 0x05 Val: 0x0000018F
In clock cycle: 202990
Register Write to Reg: 0x06 Val: 0x00000190
In clock cycle: 202991
Register Write to Reg: 0x01 Val: 0x00000024
In clock cycle: 202992
Register Write to Reg: 0x05 Val: 0x00000190
In clock cycle: 202993
Register Write to Reg: 0x06 Val: 0x00000190
In clock cycle: 204004
Register Write to Reg: 0x06 Val: 0x00000191
In clock cycle: 204005
Register Write to Reg: 0x01 Val: 0x00000014
In clock cycle: 204006
Register Write to Reg: 0x05 Val: 0x00000191
In clock cycle: 204007
Register Write to Reg: 0x06 Val: 0x00000191
In clock cycle: 204008
Register Write to Reg: 0x01 Val: 0xFFFFFFF0
In clock cycle: 204009
Register Write to Reg: 0x05 Val: 0x00000191
In clock cycle: 204010
Register Write to Reg: 0x06 Val: 0x00000192
In clock cycle: 204011
Register Write to Reg: 0x01 Val: 0x00000024
In clock cycle: 204012
Register Write to Reg: 0x05 Val: 0x00000192
In clock cycle: 204013
Register Write to Reg: 0x06 Val: 0x00000192
In clock cycle: 205024
Register Write to Reg: 0x06 Val: 0x00000193
In clock cycle: 205025
Register Write to Reg: 0x01 Val: 0x00000014
In clock cycle: 205026
Register Write to Reg: 0x05 Val: 0x00000193
In clock cycle: 205027
Register Write to Reg: 0x06 Val: 0x00000193
In clock cycle: 205028
Register Write to Reg: 0x01 Val: 0xFFFFFFF0
In clock cycle: 205029
Register Write to Reg: 0x05 Val: 0x00000193
In clock cycle: 205030
Register Write to Reg: 0x06 Val: 0x00000194
In clock cycle: 205031
Register Write to Reg: 0x01 Val: 0x00000024
In clock cycle: 205032
Register Write to Reg: 0x05 Val: 0x00000194
In clock cycle: 205033
Register Write to Reg: 0x06 Val: 0x00000194
In clock cycle: 206044
Register Write to Reg: 0x06 Val: 0x00000195
In clock cycle: 206045
Register Write to Reg: 0x01 Val: 0x00000014
In clock cycle: 206046
Register Write to Reg: 0x05 Val: 0x00000195
In clock cycle: 206047
Register Write to Reg: 0x06 Val: 0x00000195
In clock cycle: 206048
Register Write to Reg: 0x01 Val: 0xFFFFFFF0
In clock cycle: 206049
Register Write to Reg: 0x05 Val: 0x00000195
In clock cycle: 206050
Register Write to Reg: 0x06 Val: 0x00000196
In clock cycle: 206051
Register Write to Reg: 0x01 Val: 0x00000024
In clock cycle: 206052
Register Write to Reg: 0x05 Val: 0x00000196
In clock cycle: 206053
Register Write to Reg: 0x06 Val: 0x00000196
In clock cycle: 207064
Register Write to Reg: 0x06 Val: 0x00000197
In clock cycle: 207065
Register Write to Reg: 0x01 Val: 0x00000014
In clock cycle: 207066
Register Write to Reg: 0x05 Val: 0x00000197
In clock cycle: 207067
Register Write to Reg: 0x06 Val: 0x00000197
In clock cycle: 207068
Register Write to Reg: 0x01 Val: 0xFFFFFFF0
In clock cycle: 207069
Register Write to Reg: 0x05 Val: 0x00000197
In clock cycle: 207070
Register Write to Reg: 0x06 Val: 0x00000198
In clock cycle: 207071
Register Write to Reg: 0x01 Val: 0x00000024
In clock cycle: 207072
Register Write to Reg: 0x05 Val: 0x00000198
In clock cycle: 207073
Register Write to Reg: 0x06 Val: 0x00000198
In clock cycle: 208084
Register Write to Reg: 0x06 Val: 0x00000199
In clock cycle: 208085
Register Write to Reg: 0x01 Val: 0x00000014
In clock cycle: 208086
Register Write to Reg: 0x05 Val: 0x00000199
In clock cycle: 208087
Register Write to Reg: 0x06 Val: 0x00000199
In clock cycle: 208088
Register Write to Reg: 0x01 Val: 0xFFFFFFF0
In clock cycle: 208089
Register Write to Reg: 0x05 Val: 0x00000199
In clock cycle: 208090
Register Write to Reg: 0x06 Val: 0x0000019A
In clock cycle: 208091
Register Write to Reg: 0x01 Val: 0x00000024
In clock cycle: 208092
Register Write to Reg: 0x05 Val: 0x0000019A
In clock cycle: 208093
Register Write to Reg: 0x06 Val: 0x0000019A
In clock cycle: 209104
Register Write to Reg: 0x06 Val: 0x0000019B
In clock cycle: 209105
Register Write to Reg: 0x01 Val: 0x00000014
In clock cycle: 209106
Register Write to Reg: 0x05 Val: 0x0000019B
In clock cycle: 209107
Register Write to Reg: 0x06 Val: 0x0000019B
In clock cycle: 209108
Register Write to Reg: 0x01 Val: 0xFFFFFFF0
In clock cycle: 209109
Register Write to Reg: 0x05 Val: 0x0000019B
In clock cycle: 209110
Register Write to Reg: 0x06 Val: 0x0000019C
In clock cycle: 209111
Register Write to Reg: 0x01 Val: 0x00000024
In clock cycle: 209112
Register Write to Reg: 0x05 Val: 0x0000019C
In clock cycle: 209113
Register Write to Reg: 0x06 Val: 0x0000019C
In clock cycle: 210124
Register Write to Reg: 0x06 Val: 0x0000019D
In clock cycle: 210125
Register Write to Reg: 0x01 Val: 0x00000014
In clock cycle: 210126
Register Write to Reg: 0x05 Val: 0x0000019D
In clock cycle: 210127
Register Write to Reg: 0x06 Val: 0x0000019D
In clock cycle: 210128
Register Write to Reg: 0x01 Val: 0xFFFFFFF0
In clock cycle: 210129
Register Write to Reg: 0x05 Val: 0x0000019D
In clock cycle: 210130
Register Write to Reg: 0x06 Val: 0x0000019E
In clock cycle: 210131
Register Write to Reg: 0x01 Val: 0x00000024
In clock cycle: 210132
Register Write to Reg: 0x05 Val: 0x0000019E
In clock cycle: 210133
Register Write to Reg: 0x06 Val: 0x0000019E
In clock cycle: 211144
Register Write to Reg: 0x06 Val: 0x0000019F
In clock cycle: 211145
Register Write to Reg: 0x01 Val: 0x00000014
In clock cycle: 211146
Register Write to Reg: 0x05 Val: 0x0000019F
In clock cycle: 211147
Register Write to Reg: 0x06 Val: 0x0000019F
In clock cycle: 211148
Register Write to Reg: 0x01 Val: 0xFFFFFFF0
In clock cycle: 211149
Register Write to Reg: 0x05 Val: 0x0000019F
In clock cycle: 211150
Register Write to Reg: 0x06 Val: 0x000001A0
In clock cycle: 211151
Register Write to Reg: 0x01 Val: 0x00000024
In clock cycle: 211152
Register Write to Reg: 0x05 Val: 0x000001A0
In clock cycle: 211153
Register Write to Reg: 0x06 Val: 0x000001A0
In clock cycle: 212164
Register Write to Reg: 0x06 Val: 0x000001A1
In clock cycle: 212165
Register Write to Reg: 0x01 Val: 0x00000014
In clock cycle: 212166
Register Write to Reg: 0x05 Val: 0x000001A1
In clock cycle: 212167
Register Write to Reg: 0x06 Val: 0x000001A1
In clock cycle: 212168
Register Write to Reg: 0x01 Val: 0xFFFFFFF0
In clock cycle: 212169
Register Write to Reg: 0x05 Val: 0x000001A1
In clock cycle: 212170
Register Write to Reg: 0x06 Val: 0x000001A2
In clock cycle: 212171
Register Write to Reg: 0x01 Val: 0x00000024
In clock cycle: 212172
Register Write to Reg: 0x05 Val: 0x000001A2
In clock cycle: 212173
Register Write to Reg: 0x06 Val: 0x000001A2
In clock cycle: 213184
Register Write to Reg: 0x06 Val: 0x000001A3
In clock cycle: 213185
Register Write to Reg: 0x01 Val: 0x00000014
In clock cycle: 213186
Register Write to Reg: 0x05 Val: 0x000001A3
In clock cycle: 213187
Register Write to Reg: 0x06 Val: 0x000001A3
In clock cycle: 213188
Register Write to Reg: 0x01 Val: 0xFFFFFFF0
In clock cycle: 213189
Register Write to Reg: 0x05 Val: 0x000001A3
In clock cycle: 213190
Register Write to Reg: 0x06 Val: 0x000001A4
In clock cycle: 213191
Register Write to Reg: 0x01 Val: 0x00000024
In clock cycle: 213192
Register Write to Reg: 0x05 Val: 0x000001A4
In clock cycle: 213193
Register Write to Reg: 0x06 Val: 0x000001A4
In clock cycle: 214204
Register Write to Reg: 0x06 Val: 0x000001A5
In clock cycle: 214205
Register Write to Reg: 0x01 Val: 0x00000014
In clock cycle: 214206
Register Write to Reg: 0x05 Val: 0x000001A5
In clock cycle: 214207
Register Write to Reg: 0x06 Val: 0x000001A5
In clock cycle: 214208
Register Write to Reg: 0x01 Val: 0xFFFFFFF0
In clock cycle: 214209
Register Write to Reg: 0x05 Val: 0x000001A5
In clock cycle: 214210
Register Write to Reg: 0x06 Val: 0x000001A6
In clock cycle: 214211
Register Write to Reg: 0x01 Val: 0x00000024
In clock cycle: 214212
Register Write to Reg: 0x05 Val: 0x000001A6
In clock cycle: 214213
Register Write to Reg: 0x06 Val: 0x000001A6
In clock cycle: 215224
Register Write to Reg: 0x06 Val: 0x000001A7
In clock cycle: 215225
Register Write to Reg: 0x01 Val: 0x00000014
In clock cycle: 215226
Register Write to Reg: 0x05 Val: 0x000001A7
In clock cycle: 215227
Register Write to Reg: 0x06 Val: 0x000001A7
In clock cycle: 215228
Register Write to Reg: 0x01 Val: 0xFFFFFFF0
In clock cycle: 215229
Register Write to Reg: 0x05 Val: 0x000001A7
In clock cycle: 215230
Register Write to Reg: 0x06 Val: 0x000001A8
In clock cycle: 215231
Register Write to Reg: 0x01 Val: 0x00000024
In clock cycle: 215232
Register Write to Reg: 0x05 Val: 0x000001A8
In clock cycle: 215233
Register Write to Reg: 0x06 Val: 0x000001A8
In clock cycle: 216244
Register Write to Reg: 0x06 Val: 0x000001A9
In clock cycle: 216245
Register Write to Reg: 0x01 Val: 0x00000014
In clock cycle: 216246
Register Write to Reg: 0x05 Val: 0x000001A9
In clock cycle: 216247
Register Write to Reg: 0x06 Val: 0x000001A9
In clock cycle: 216248
Register Write to Reg: 0x01 Val: 0xFFFFFFF0
In clock cycle: 216249
Register Write to Reg: 0x05 Val: 0x000001A9
In clock cycle: 216250
Register Write to Reg: 0x06 Val: 0x000001AA
In clock cycle: 216251
Register Write to Reg: 0x01 Val: 0x00000024
In clock cycle: 216252
Register Write to Reg: 0x05 Val: 0x000001AA
In clock cycle: 216253
Register Write to Reg: 0x06 Val: 0x000001AA
In clock cycle: 217264
Register Write to Reg: 0x06 Val: 0x000001AB
In clock cycle: 217265
Register Write to Reg: 0x01 Val: 0x00000014
In clock cycle: 217266
Register Write to Reg: 0x05 Val: 0x000001AB
In clock cycle: 217267
Register Write to Reg: 0x06 Val: 0x000001AB
In clock cycle: 217268
Register Write to Reg: 0x01 Val: 0xFFFFFFF0
In clock cycle: 217269
Register Write to Reg: 0x05 Val: 0x000001AB
In clock cycle: 217270
Register Write to Reg: 0x06 Val: 0x000001AC
In clock cycle: 217271
Register Write to Reg: 0x01 Val: 0x00000024
In clock cycle: 217272
Register Write to Reg: 0x05 Val: 0x000001AC
In clock cycle: 217273
Register Write to Reg: 0x06 Val: 0x000001AC
In clock cycle: 218284
Register Write to Reg: 0x06 Val: 0x000001AD
In clock cycle: 218285
Register Write to Reg: 0x01 Val: 0x00000014
In clock cycle: 218286
Register Write to Reg: 0x05 Val: 0x000001AD
In clock cycle: 218287
Register Write to Reg: 0x06 Val: 0x000001AD
In clock cycle: 218288
Register Write to Reg: 0x01 Val: 0xFFFFFFF0
In clock cycle: 218289
Register Write to Reg: 0x05 Val: 0x000001AD
In clock cycle: 218290
Register Write to Reg: 0x06 Val: 0x000001AE
In clock cycle: 218291
Register Write to Reg: 0x01 Val: 0x00000024
In clock cycle: 218292
Register Write to Reg: 0x05 Val: 0x000001AE
In clock cycle: 218293
Register Write to Reg: 0x06 Val: 0x000001AE
In clock cycle: 219304
Register Write to Reg: 0x06 Val: 0x000001AF
In clock cycle: 219305
Register Write to Reg: 0x01 Val: 0x00000014
In clock cycle: 219306
Register Write to Reg: 0x05 Val: 0x000001AF
In clock cycle: 219307
Register Write to Reg: 0x06 Val: 0x000001AF
In clock cycle: 219308
Register Write to Reg: 0x01 Val: 0xFFFFFFF0
In clock cycle: 219309
Register Write to Reg: 0x05 Val: 0x000001AF
In clock cycle: 219310
Register Write to Reg: 0x06 Val: 0x000001B0
In clock cycle: 219311
Register Write to Reg: 0x01 Val: 0x00000024
In clock cycle: 219312
Register Write to Reg: 0x05 Val: 0x000001B0
In clock cycle: 219313
Register Write to Reg: 0x06 Val: 0x000001B0
In clock cycle: 220324
Register Write to Reg: 0x06 Val: 0x000001B1
In clock cycle: 220325
Register Write to Reg: 0x01 Val: 0x00000014
In clock cycle: 220326
Register Write to Reg: 0x05 Val: 0x000001B1
In clock cycle: 220327
Register Write to Reg: 0x06 Val: 0x000001B1
In clock cycle: 220328
Register Write to Reg: 0x01 Val: 0xFFFFFFF0
In clock cycle: 220329
Register Write to Reg: 0x05 Val: 0x000001B1
In clock cycle: 220330
Register Write to Reg: 0x06 Val: 0x000001B2
In clock cycle: 220331
Register Write to Reg: 0x01 Val: 0x00000024
In clock cycle: 220332
Register Write to Reg: 0x05 Val: 0x000001B2
In clock cycle: 220333
Register Write to Reg: 0x06 Val: 0x000001B2
In clock cycle: 221344
Register Write to Reg: 0x06 Val: 0x000001B3
In clock cycle: 221345
Register Write to Reg: 0x01 Val: 0x00000014
In clock cycle: 221346
Register Write to Reg: 0x05 Val: 0x000001B3
In clock cycle: 221347
Register Write to Reg: 0x06 Val: 0x000001B3
In clock cycle: 221348
Register Write to Reg: 0x01 Val: 0xFFFFFFF0
In clock cycle: 221349
Register Write to Reg: 0x05 Val: 0x000001B3
In clock cycle: 221350
Register Write to Reg: 0x06 Val: 0x000001B4
In clock cycle: 221351
Register Write to Reg: 0x01 Val: 0x00000024
In clock cycle: 221352
Register Write to Reg: 0x05 Val: 0x000001B4
In clock cycle: 221353
Register Write to Reg: 0x06 Val: 0x000001B4
In clock cycle: 222364
Register Write to Reg: 0x06 Val: 0x000001B5
In clock cycle: 222365
Register Write to Reg: 0x01 Val: 0x00000014
In clock cycle: 222366
Register Write to Reg: 0x05 Val: 0x000001B5
In clock cycle: 222367
Register Write to Reg: 0x06 Val: 0x000001B5
In clock cycle: 222368
Register Write to Reg: 0x01 Val: 0xFFFFFFF0
In clock cycle: 222369
Register Write to Reg: 0x05 Val: 0x000001B5
In clock cycle: 222370
Register Write to Reg: 0x06 Val: 0x000001B6
In clock cycle: 222371
Register Write to Reg: 0x01 Val: 0x00000024
In clock cycle: 222372
Register Write to Reg: 0x05 Val: 0x000001B6
In clock cycle: 222373
Register Write to Reg: 0x06 Val: 0x000001B6
In clock cycle: 223384
Register Write to Reg: 0x06 Val: 0x000001B7
In clock cycle: 223385
Register Write to Reg: 0x01 Val: 0x00000014
In clock cycle: 223386
Register Write to Reg: 0x05 Val: 0x000001B7
In clock cycle: 223387
Register Write to Reg: 0x06 Val: 0x000001B7
In clock cycle: 223388
Register Write to Reg: 0x01 Val: 0xFFFFFFF0
In clock cycle: 223389
Register Write to Reg: 0x05 Val: 0x000001B7
In clock cycle: 223390
Register Write to Reg: 0x06 Val: 0x000001B8
In clock cycle: 223391
Register Write to Reg: 0x01 Val: 0x00000024
In clock cycle: 223392
Register Write to Reg: 0x05 Val: 0x000001B8
In clock cycle: 223393
Register Write to Reg: 0x06 Val: 0x000001B8
In clock cycle: 224404
Register Write to Reg: 0x06 Val: 0x000001B9
In clock cycle: 224405
Register Write to Reg: 0x01 Val: 0x00000014
In clock cycle: 224406
Register Write to Reg: 0x05 Val: 0x000001B9
In clock cycle: 224407
Register Write to Reg: 0x06 Val: 0x000001B9
In clock cycle: 224408
Register Write to Reg: 0x01 Val: 0xFFFFFFF0
In clock cycle: 224409
Register Write to Reg: 0x05 Val: 0x000001B9
In clock cycle: 224410
Register Write to Reg: 0x06 Val: 0x000001BA
In clock cycle: 224411
Register Write to Reg: 0x01 Val: 0x00000024
In clock cycle: 224412
Register Write to Reg: 0x05 Val: 0x000001BA
In clock cycle: 224413
Register Write to Reg: 0x06 Val: 0x000001BA
In clock cycle: 225424
Register Write to Reg: 0x06 Val: 0x000001BB
In clock cycle: 225425
Register Write to Reg: 0x01 Val: 0x00000014
In clock cycle: 225426
Register Write to Reg: 0x05 Val: 0x000001BB
In clock cycle: 225427
Register Write to Reg: 0x06 Val: 0x000001BB
In clock cycle: 225428
Register Write to Reg: 0x01 Val: 0xFFFFFFF0
In clock cycle: 225429
Register Write to Reg: 0x05 Val: 0x000001BB
In clock cycle: 225430
Register Write to Reg: 0x06 Val: 0x000001BC
In clock cycle: 225431
Register Write to Reg: 0x01 Val: 0x00000024
In clock cycle: 225432
Register Write to Reg: 0x05 Val: 0x000001BC
In clock cycle: 225433
Register Write to Reg: 0x06 Val: 0x000001BC
In clock cycle: 226444
Register Write to Reg: 0x06 Val: 0x000001BD
In clock cycle: 226445
Register Write to Reg: 0x01 Val: 0x00000014
In clock cycle: 226446
Register Write to Reg: 0x05 Val: 0x000001BD
In clock cycle: 226447
Register Write to Reg: 0x06 Val: 0x000001BD
In clock cycle: 226448
Register Write to Reg: 0x01 Val: 0xFFFFFFF0
In clock cycle: 226449
Register Write to Reg: 0x05 Val: 0x000001BD
In clock cycle: 226450
Register Write to Reg: 0x06 Val: 0x000001BE
In clock cycle: 226451
Register Write to Reg: 0x01 Val: 0x00000024
In clock cycle: 226452
Register Write to Reg: 0x05 Val: 0x000001BE
In clock cycle: 226453
Register Write to Reg: 0x06 Val: 0x000001BE
In clock cycle: 227464
Register Write to Reg: 0x06 Val: 0x000001BF
In clock cycle: 227465
Register Write to Reg: 0x01 Val: 0x00000014
In clock cycle: 227466
Register Write to Reg: 0x05 Val: 0x000001BF
In clock cycle: 227467
Register Write to Reg: 0x06 Val: 0x000001BF
In clock cycle: 227468
Register Write to Reg: 0x01 Val: 0xFFFFFFF0
In clock cycle: 227469
Register Write to Reg: 0x05 Val: 0x000001BF
In clock cycle: 227470
Register Write to Reg: 0x06 Val: 0x000001C0
In clock cycle: 227471
Register Write to Reg: 0x01 Val: 0x00000024
In clock cycle: 227472
Register Write to Reg: 0x05 Val: 0x000001C0
In clock cycle: 227473
Register Write to Reg: 0x06 Val: 0x000001C0
In clock cycle: 228484
Register Write to Reg: 0x06 Val: 0x000001C1
In clock cycle: 228485
Register Write to Reg: 0x01 Val: 0x00000014
In clock cycle: 228486
Register Write to Reg: 0x05 Val: 0x000001C1
In clock cycle: 228487
Register Write to Reg: 0x06 Val: 0x000001C1
In clock cycle: 228488
Register Write to Reg: 0x01 Val: 0xFFFFFFF0
In clock cycle: 228489
Register Write to Reg: 0x05 Val: 0x000001C1
In clock cycle: 228490
Register Write to Reg: 0x06 Val: 0x000001C2
In clock cycle: 228491
Register Write to Reg: 0x01 Val: 0x00000024
In clock cycle: 228492
Register Write to Reg: 0x05 Val: 0x000001C2
In clock cycle: 228493
Register Write to Reg: 0x06 Val: 0x000001C2
In clock cycle: 229504
Register Write to Reg: 0x06 Val: 0x000001C3
In clock cycle: 229505
Register Write to Reg: 0x01 Val: 0x00000014
In clock cycle: 229506
Register Write to Reg: 0x05 Val: 0x000001C3
In clock cycle: 229507
Register Write to Reg: 0x06 Val: 0x000001C3
In clock cycle: 229508
Register Write to Reg: 0x01 Val: 0xFFFFFFF0
In clock cycle: 229509
Register Write to Reg: 0x05 Val: 0x000001C3
In clock cycle: 229510
Register Write to Reg: 0x06 Val: 0x000001C4
In clock cycle: 229511
Register Write to Reg: 0x01 Val: 0x00000024
In clock cycle: 229512
Register Write to Reg: 0x05 Val: 0x000001C4
In clock cycle: 229513
Register Write to Reg: 0x06 Val: 0x000001C4
In clock cycle: 230524
Register Write to Reg: 0x06 Val: 0x000001C5
In clock cycle: 230525
Register Write to Reg: 0x01 Val: 0x00000014
In clock cycle: 230526
Register Write to Reg: 0x05 Val: 0x000001C5
In clock cycle: 230527
Register Write to Reg: 0x06 Val: 0x000001C5
In clock cycle: 230528
Register Write to Reg: 0x01 Val: 0xFFFFFFF0
In clock cycle: 230529
Register Write to Reg: 0x05 Val: 0x000001C5
In clock cycle: 230530
Register Write to Reg: 0x06 Val: 0x000001C6
In clock cycle: 230531
Register Write to Reg: 0x01 Val: 0x00000024
In clock cycle: 230532
Register Write to Reg: 0x05 Val: 0x000001C6
In clock cycle: 230533
Register Write to Reg: 0x06 Val: 0x000001C6
In clock cycle: 231544
Register Write to Reg: 0x06 Val: 0x000001C7
In clock cycle: 231545
Register Write to Reg: 0x01 Val: 0x00000014
In clock cycle: 231546
Register Write to Reg: 0x05 Val: 0x000001C7
In clock cycle: 231547
Register Write to Reg: 0x06 Val: 0x000001C7
In clock cycle: 231548
Register Write to Reg: 0x01 Val: 0xFFFFFFF0
In clock cycle: 231549
Register Write to Reg: 0x05 Val: 0x000001C7
In clock cycle: 231550
Register Write to Reg: 0x06 Val: 0x000001C8
In clock cycle: 231551
Register Write to Reg: 0x01 Val: 0x00000024
In clock cycle: 231552
Register Write to Reg: 0x05 Val: 0x000001C8
In clock cycle: 231553
Register Write to Reg: 0x06 Val: 0x000001C8
In clock cycle: 232564
Register Write to Reg: 0x06 Val: 0x000001C9
In clock cycle: 232565
Register Write to Reg: 0x01 Val: 0x00000014
In clock cycle: 232566
Register Write to Reg: 0x05 Val: 0x000001C9
In clock cycle: 232567
Register Write to Reg: 0x06 Val: 0x000001C9
In clock cycle: 232568
Register Write to Reg: 0x01 Val: 0xFFFFFFF0
In clock cycle: 232569
Register Write to Reg: 0x05 Val: 0x000001C9
In clock cycle: 232570
Register Write to Reg: 0x06 Val: 0x000001CA
In clock cycle: 232571
Register Write to Reg: 0x01 Val: 0x00000024
In clock cycle: 232572
Register Write to Reg: 0x05 Val: 0x000001CA
In clock cycle: 232573
Register Write to Reg: 0x06 Val: 0x000001CA
In clock cycle: 233584
Register Write to Reg: 0x06 Val: 0x000001CB
In clock cycle: 233585
Register Write to Reg: 0x01 Val: 0x00000014
In clock cycle: 233586
Register Write to Reg: 0x05 Val: 0x000001CB
In clock cycle: 233587
Register Write to Reg: 0x06 Val: 0x000001CB
In clock cycle: 233588
Register Write to Reg: 0x01 Val: 0xFFFFFFF0
In clock cycle: 233589
Register Write to Reg: 0x05 Val: 0x000001CB
In clock cycle: 233590
Register Write to Reg: 0x06 Val: 0x000001CC
In clock cycle: 233591
Register Write to Reg: 0x01 Val: 0x00000024
In clock cycle: 233592
Register Write to Reg: 0x05 Val: 0x000001CC
In clock cycle: 233593
Register Write to Reg: 0x06 Val: 0x000001CC
In clock cycle: 234604
Register Write to Reg: 0x06 Val: 0x000001CD
In clock cycle: 234605
Register Write to Reg: 0x01 Val: 0x00000014
In clock cycle: 234606
Register Write to Reg: 0x05 Val: 0x000001CD
In clock cycle: 234607
Register Write to Reg: 0x06 Val: 0x000001CD
In clock cycle: 234608
Register Write to Reg: 0x01 Val: 0xFFFFFFF0
In clock cycle: 234609
Register Write to Reg: 0x05 Val: 0x000001CD
In clock cycle: 234610
Register Write to Reg: 0x06 Val: 0x000001CE
In clock cycle: 234611
Register Write to Reg: 0x01 Val: 0x00000024
In clock cycle: 234612
Register Write to Reg: 0x05 Val: 0x000001CE
In clock cycle: 234613
Register Write to Reg: 0x06 Val: 0x000001CE
In clock cycle: 235624
Register Write to Reg: 0x06 Val: 0x000001CF
In clock cycle: 235625
Register Write to Reg: 0x01 Val: 0x00000014
In clock cycle: 235626
Register Write to Reg: 0x05 Val: 0x000001CF
In clock cycle: 235627
Register Write to Reg: 0x06 Val: 0x000001CF
In clock cycle: 235628
Register Write to Reg: 0x01 Val: 0xFFFFFFF0
In clock cycle: 235629
Register Write to Reg: 0x05 Val: 0x000001CF
In clock cycle: 235630
Register Write to Reg: 0x06 Val: 0x000001D0
In clock cycle: 235631
Register Write to Reg: 0x01 Val: 0x00000024
In clock cycle: 235632
Register Write to Reg: 0x05 Val: 0x000001D0
In clock cycle: 235633
Register Write to Reg: 0x06 Val: 0x000001D0
In clock cycle: 236644
Register Write to Reg: 0x06 Val: 0x000001D1
In clock cycle: 236645
Register Write to Reg: 0x01 Val: 0x00000014
In clock cycle: 236646
Register Write to Reg: 0x05 Val: 0x000001D1
In clock cycle: 236647
Register Write to Reg: 0x06 Val: 0x000001D1
In clock cycle: 236648
Register Write to Reg: 0x01 Val: 0xFFFFFFF0
In clock cycle: 236649
Register Write to Reg: 0x05 Val: 0x000001D1
In clock cycle: 236650
Register Write to Reg: 0x06 Val: 0x000001D2
In clock cycle: 236651
Register Write to Reg: 0x01 Val: 0x00000024
In clock cycle: 236652
Register Write to Reg: 0x05 Val: 0x000001D2
In clock cycle: 236653
Register Write to Reg: 0x06 Val: 0x000001D2
In clock cycle: 237664
Register Write to Reg: 0x06 Val: 0x000001D3
In clock cycle: 237665
Register Write to Reg: 0x01 Val: 0x00000014
In clock cycle: 237666
Register Write to Reg: 0x05 Val: 0x000001D3
In clock cycle: 237667
Register Write to Reg: 0x06 Val: 0x000001D3
In clock cycle: 237668
Register Write to Reg: 0x01 Val: 0xFFFFFFF0
In clock cycle: 237669
Register Write to Reg: 0x05 Val: 0x000001D3
In clock cycle: 237670
Register Write to Reg: 0x06 Val: 0x000001D4
In clock cycle: 237671
Register Write to Reg: 0x01 Val: 0x00000024
In clock cycle: 237672
Register Write to Reg: 0x05 Val: 0x000001D4
In clock cycle: 237673
Register Write to Reg: 0x06 Val: 0x000001D4
In clock cycle: 238684
Register Write to Reg: 0x06 Val: 0x000001D5
In clock cycle: 238685
Register Write to Reg: 0x01 Val: 0x00000014
In clock cycle: 238686
Register Write to Reg: 0x05 Val: 0x000001D5
In clock cycle: 238687
Register Write to Reg: 0x06 Val: 0x000001D5
In clock cycle: 238688
Register Write to Reg: 0x01 Val: 0xFFFFFFF0
In clock cycle: 238689
Register Write to Reg: 0x05 Val: 0x000001D5
In clock cycle: 238690
Register Write to Reg: 0x06 Val: 0x000001D6
In clock cycle: 238691
Register Write to Reg: 0x01 Val: 0x00000024
In clock cycle: 238692
Register Write to Reg: 0x05 Val: 0x000001D6
In clock cycle: 238693
Register Write to Reg: 0x06 Val: 0x000001D6
In clock cycle: 239704
Register Write to Reg: 0x06 Val: 0x000001D7
In clock cycle: 239705
Register Write to Reg: 0x01 Val: 0x00000014
In clock cycle: 239706
Register Write to Reg: 0x05 Val: 0x000001D7
In clock cycle: 239707
Register Write to Reg: 0x06 Val: 0x000001D7
In clock cycle: 239708
Register Write to Reg: 0x01 Val: 0xFFFFFFF0
In clock cycle: 239709
Register Write to Reg: 0x05 Val: 0x000001D7
In clock cycle: 239710
Register Write to Reg: 0x06 Val: 0x000001D8
In clock cycle: 239711
Register Write to Reg: 0x01 Val: 0x00000024
In clock cycle: 239712
Register Write to Reg: 0x05 Val: 0x000001D8
In clock cycle: 239713
Register Write to Reg: 0x06 Val: 0x000001D8
In clock cycle: 240724
Register Write to Reg: 0x06 Val: 0x000001D9
In clock cycle: 240725
Register Write to Reg: 0x01 Val: 0x00000014
In clock cycle: 240726
Register Write to Reg: 0x05 Val: 0x000001D9
In clock cycle: 240727
Register Write to Reg: 0x06 Val: 0x000001D9
In clock cycle: 240728
Register Write to Reg: 0x01 Val: 0xFFFFFFF0
In clock cycle: 240729
Register Write to Reg: 0x05 Val: 0x000001D9
In clock cycle: 240730
Register Write to Reg: 0x06 Val: 0x000001DA
In clock cycle: 240731
Register Write to Reg: 0x01 Val: 0x00000024
In clock cycle: 240732
Register Write to Reg: 0x05 Val: 0x000001DA
In clock cycle: 240733
Register Write to Reg: 0x06 Val: 0x000001DA
In clock cycle: 241744
Register Write to Reg: 0x06 Val: 0x000001DB
In clock cycle: 241745
Register Write to Reg: 0x01 Val: 0x00000014
In clock cycle: 241746
Register Write to Reg: 0x05 Val: 0x000001DB
In clock cycle: 241747
Register Write to Reg: 0x06 Val: 0x000001DB
In clock cycle: 241748
Register Write to Reg: 0x01 Val: 0xFFFFFFF0
In clock cycle: 241749
Register Write to Reg: 0x05 Val: 0x000001DB
In clock cycle: 241750
Register Write to Reg: 0x06 Val: 0x000001DC
In clock cycle: 241751
Register Write to Reg: 0x01 Val: 0x00000024
In clock cycle: 241752
Register Write to Reg: 0x05 Val: 0x000001DC
In clock cycle: 241753
Register Write to Reg: 0x06 Val: 0x000001DC
In clock cycle: 242764
Register Write to Reg: 0x06 Val: 0x000001DD
In clock cycle: 242765
Register Write to Reg: 0x01 Val: 0x00000014
In clock cycle: 242766
Register Write to Reg: 0x05 Val: 0x000001DD
In clock cycle: 242767
Register Write to Reg: 0x06 Val: 0x000001DD
In clock cycle: 242768
Register Write to Reg: 0x01 Val: 0xFFFFFFF0
In clock cycle: 242769
Register Write to Reg: 0x05 Val: 0x000001DD
In clock cycle: 242770
Register Write to Reg: 0x06 Val: 0x000001DE
In clock cycle: 242771
Register Write to Reg: 0x01 Val: 0x00000024
In clock cycle: 242772
Register Write to Reg: 0x05 Val: 0x000001DE
In clock cycle: 242773
Register Write to Reg: 0x06 Val: 0x000001DE
In clock cycle: 243784
Register Write to Reg: 0x06 Val: 0x000001DF
In clock cycle: 243785
Register Write to Reg: 0x01 Val: 0x00000014
In clock cycle: 243786
Register Write to Reg: 0x05 Val: 0x000001DF
In clock cycle: 243787
Register Write to Reg: 0x06 Val: 0x000001DF
In clock cycle: 243788
Register Write to Reg: 0x01 Val: 0xFFFFFFF0
In clock cycle: 243789
Register Write to Reg: 0x05 Val: 0x000001DF
In clock cycle: 243790
Register Write to Reg: 0x06 Val: 0x000001E0
In clock cycle: 243791
Register Write to Reg: 0x01 Val: 0x00000024
In clock cycle: 243792
Register Write to Reg: 0x05 Val: 0x000001E0
In clock cycle: 243793
Register Write to Reg: 0x06 Val: 0x000001E0
In clock cycle: 244804
Register Write to Reg: 0x06 Val: 0x000001E1
In clock cycle: 244805
Register Write to Reg: 0x01 Val: 0x00000014
In clock cycle: 244806
Register Write to Reg: 0x05 Val: 0x000001E1
In clock cycle: 244807
Register Write to Reg: 0x06 Val: 0x000001E1
In clock cycle: 244808
Register Write to Reg: 0x01 Val: 0xFFFFFFF0
In clock cycle: 244809
Register Write to Reg: 0x05 Val: 0x000001E1
In clock cycle: 244810
Register Write to Reg: 0x06 Val: 0x000001E2
In clock cycle: 244811
Register Write to Reg: 0x01 Val: 0x00000024
In clock cycle: 244812
Register Write to Reg: 0x05 Val: 0x000001E2
In clock cycle: 244813
Register Write to Reg: 0x06 Val: 0x000001E2
In clock cycle: 245824
Register Write to Reg: 0x06 Val: 0x000001E3
In clock cycle: 245825
Register Write to Reg: 0x01 Val: 0x00000014
In clock cycle: 245826
Register Write to Reg: 0x05 Val: 0x000001E3
In clock cycle: 245827
Register Write to Reg: 0x06 Val: 0x000001E3
In clock cycle: 245828
Register Write to Reg: 0x01 Val: 0xFFFFFFF0
In clock cycle: 245829
Register Write to Reg: 0x05 Val: 0x000001E3
In clock cycle: 245830
Register Write to Reg: 0x06 Val: 0x000001E4
In clock cycle: 245831
Register Write to Reg: 0x01 Val: 0x00000024
In clock cycle: 245832
Register Write to Reg: 0x05 Val: 0x000001E4
In clock cycle: 245833
Register Write to Reg: 0x06 Val: 0x000001E4
In clock cycle: 246844
Register Write to Reg: 0x06 Val: 0x000001E5
In clock cycle: 246845
Register Write to Reg: 0x01 Val: 0x00000014
In clock cycle: 246846
Register Write to Reg: 0x05 Val: 0x000001E5
In clock cycle: 246847
Register Write to Reg: 0x06 Val: 0x000001E5
In clock cycle: 246848
Register Write to Reg: 0x01 Val: 0xFFFFFFF0
In clock cycle: 246849
Register Write to Reg: 0x05 Val: 0x000001E5
In clock cycle: 246850
Register Write to Reg: 0x06 Val: 0x000001E6
In clock cycle: 246851
Register Write to Reg: 0x01 Val: 0x00000024
In clock cycle: 246852
Register Write to Reg: 0x05 Val: 0x000001E6
In clock cycle: 246853
Register Write to Reg: 0x06 Val: 0x000001E6
In clock cycle: 247864
Register Write to Reg: 0x06 Val: 0x000001E7
In clock cycle: 247865
Register Write to Reg: 0x01 Val: 0x00000014
In clock cycle: 247866
Register Write to Reg: 0x05 Val: 0x000001E7
In clock cycle: 247867
Register Write to Reg: 0x06 Val: 0x000001E7
In clock cycle: 247868
Register Write to Reg: 0x01 Val: 0xFFFFFFF0
In clock cycle: 247869
Register Write to Reg: 0x05 Val: 0x000001E7
In clock cycle: 247870
Register Write to Reg: 0x06 Val: 0x000001E8
In clock cycle: 247871
Register Write to Reg: 0x01 Val: 0x00000024
In clock cycle: 247872
Register Write to Reg: 0x05 Val: 0x000001E8
In clock cycle: 247873
Register Write to Reg: 0x06 Val: 0x000001E8
In clock cycle: 248884
Register Write to Reg: 0x06 Val: 0x000001E9
In clock cycle: 248885
Register Write to Reg: 0x01 Val: 0x00000014
In clock cycle: 248886
Register Write to Reg: 0x05 Val: 0x000001E9
In clock cycle: 248887
Register Write to Reg: 0x06 Val: 0x000001E9
In clock cycle: 248888
Register Write to Reg: 0x01 Val: 0xFFFFFFF0
In clock cycle: 248889
Register Write to Reg: 0x05 Val: 0x000001E9
In clock cycle: 248890
Register Write to Reg: 0x06 Val: 0x000001EA
In clock cycle: 248891
Register Write to Reg: 0x01 Val: 0x00000024
In clock cycle: 248892
Register Write to Reg: 0x05 Val: 0x000001EA
In clock cycle: 248893
Register Write to Reg: 0x06 Val: 0x000001EA
In clock cycle: 249904
Register Write to Reg: 0x06 Val: 0x000001EB
In clock cycle: 249905
Register Write to Reg: 0x01 Val: 0x00000014
In clock cycle: 249906
Register Write to Reg: 0x05 Val: 0x000001EB
In clock cycle: 249907
Register Write to Reg: 0x06 Val: 0x000001EB
In clock cycle: 249908
Register Write to Reg: 0x01 Val: 0xFFFFFFF0
In clock cycle: 249909
Register Write to Reg: 0x05 Val: 0x000001EB
In clock cycle: 249910
Register Write to Reg: 0x06 Val: 0x000001EC
In clock cycle: 249911
Register Write to Reg: 0x01 Val: 0x00000024
In clock cycle: 249912
Register Write to Reg: 0x05 Val: 0x000001EC
In clock cycle: 249913
Register Write to Reg: 0x06 Val: 0x000001EC
In clock cycle: 250924
Register Write to Reg: 0x06 Val: 0x000001ED
In clock cycle: 250925
Register Write to Reg: 0x01 Val: 0x00000014
In clock cycle: 250926
Register Write to Reg: 0x05 Val: 0x000001ED
In clock cycle: 250927
Register Write to Reg: 0x06 Val: 0x000001ED
In clock cycle: 250928
Register Write to Reg: 0x01 Val: 0xFFFFFFF0
In clock cycle: 250929
Register Write to Reg: 0x05 Val: 0x000001ED
In clock cycle: 250930
Register Write to Reg: 0x06 Val: 0x000001EE
In clock cycle: 250931
Register Write to Reg: 0x01 Val: 0x00000024
In clock cycle: 250932
Register Write to Reg: 0x05 Val: 0x000001EE
In clock cycle: 250933
Register Write to Reg: 0x06 Val: 0x000001EE
In clock cycle: 251944
Register Write to Reg: 0x06 Val: 0x000001EF
In clock cycle: 251945
Register Write to Reg: 0x01 Val: 0x00000014
In clock cycle: 251946
Register Write to Reg: 0x05 Val: 0x000001EF
In clock cycle: 251947
Register Write to Reg: 0x06 Val: 0x000001EF
In clock cycle: 251948
Register Write to Reg: 0x01 Val: 0xFFFFFFF0
In clock cycle: 251949
Register Write to Reg: 0x05 Val: 0x000001EF
In clock cycle: 251950
Register Write to Reg: 0x06 Val: 0x000001F0
In clock cycle: 251951
Register Write to Reg: 0x01 Val: 0x00000024
In clock cycle: 251952
Register Write to Reg: 0x05 Val: 0x000001F0
In clock cycle: 251953
Register Write to Reg: 0x06 Val: 0x000001F0
In clock cycle: 252964
Register Write to Reg: 0x06 Val: 0x000001F1
In clock cycle: 252965
Register Write to Reg: 0x01 Val: 0x00000014
In clock cycle: 252966
Register Write to Reg: 0x05 Val: 0x000001F1
In clock cycle: 252967
Register Write to Reg: 0x06 Val: 0x000001F1
In clock cycle: 252968
Register Write to Reg: 0x01 Val: 0xFFFFFFF0
In clock cycle: 252969
Register Write to Reg: 0x05 Val: 0x000001F1
In clock cycle: 252970
Register Write to Reg: 0x06 Val: 0x000001F2
In clock cycle: 252971
Register Write to Reg: 0x01 Val: 0x00000024
In clock cycle: 252972
Register Write to Reg: 0x05 Val: 0x000001F2
In clock cycle: 252973
Register Write to Reg: 0x06 Val: 0x000001F2
In clock cycle: 253984
Register Write to Reg: 0x06 Val: 0x000001F3
In clock cycle: 253985
Register Write to Reg: 0x01 Val: 0x00000014
In clock cycle: 253986
Register Write to Reg: 0x05 Val: 0x000001F3
In clock cycle: 253987
Register Write to Reg: 0x06 Val: 0x000001F3
In clock cycle: 253988
Register Write to Reg: 0x01 Val: 0xFFFFFFF0
In clock cycle: 253989
Register Write to Reg: 0x05 Val: 0x000001F3
In clock cycle: 253990
Register Write to Reg: 0x06 Val: 0x000001F4
In clock cycle: 253991
Register Write to Reg: 0x01 Val: 0x00000024
In clock cycle: 253992
Register Write to Reg: 0x05 Val: 0x000001F4
In clock cycle: 253993
Register Write to Reg: 0x06 Val: 0x000001F4
In clock cycle: 255004
Register Write to Reg: 0x06 Val: 0x000001F5
In clock cycle: 255005
Register Write to Reg: 0x01 Val: 0x00000014
In clock cycle: 255006
Register Write to Reg: 0x05 Val: 0x000001F5
In clock cycle: 255007
Register Write to Reg: 0x06 Val: 0x000001F5
In clock cycle: 255008
Register Write to Reg: 0x01 Val: 0xFFFFFFF0
In clock cycle: 255009
Register Write to Reg: 0x05 Val: 0x000001F5
In clock cycle: 255010
Register Write to Reg: 0x06 Val: 0x000001F6
In clock cycle: 255011
Register Write to Reg: 0x01 Val: 0x00000024
In clock cycle: 255012
Register Write to Reg: 0x05 Val: 0x000001F6
In clock cycle: 255013
Register Write to Reg: 0x06 Val: 0x000001F6
In clock cycle: 256024
Register Write to Reg: 0x06 Val: 0x000001F7
In clock cycle: 256025
Register Write to Reg: 0x01 Val: 0x00000014
In clock cycle: 256026
Register Write to Reg: 0x05 Val: 0x000001F7
In clock cycle: 256027
Register Write to Reg: 0x06 Val: 0x000001F7
In clock cycle: 256028
Register Write to Reg: 0x01 Val: 0xFFFFFFF0
In clock cycle: 256029
Register Write to Reg: 0x05 Val: 0x000001F7
In clock cycle: 256030
Register Write to Reg: 0x06 Val: 0x000001F8
In clock cycle: 256031
Register Write to Reg: 0x01 Val: 0x00000024
In clock cycle: 256032
Register Write to Reg: 0x05 Val: 0x000001F8
In clock cycle: 256033
Register Write to Reg: 0x06 Val: 0x000001F8
In clock cycle: 257044
Register Write to Reg: 0x06 Val: 0x000001F9
In clock cycle: 257045
Register Write to Reg: 0x01 Val: 0x00000014
In clock cycle: 257046
Register Write to Reg: 0x05 Val: 0x000001F9
In clock cycle: 257047
Register Write to Reg: 0x06 Val: 0x000001F9
In clock cycle: 257048
Register Write to Reg: 0x01 Val: 0xFFFFFFF0
In clock cycle: 257049
Register Write to Reg: 0x05 Val: 0x000001F9
In clock cycle: 257050
Register Write to Reg: 0x06 Val: 0x000001FA
In clock cycle: 257051
Register Write to Reg: 0x01 Val: 0x00000024
In clock cycle: 257052
Register Write to Reg: 0x05 Val: 0x000001FA
In clock cycle: 257053
Register Write to Reg: 0x06 Val: 0x000001FA
In clock cycle: 258064
Register Write to Reg: 0x06 Val: 0x000001FB
In clock cycle: 258065
Register Write to Reg: 0x01 Val: 0x00000014
In clock cycle: 258066
Register Write to Reg: 0x05 Val: 0x000001FB
In clock cycle: 258067
Register Write to Reg: 0x06 Val: 0x000001FB
In clock cycle: 258068
Register Write to Reg: 0x01 Val: 0xFFFFFFF0
In clock cycle: 258069
Register Write to Reg: 0x05 Val: 0x000001FB
In clock cycle: 258070
Register Write to Reg: 0x06 Val: 0x000001FC
In clock cycle: 258071
Register Write to Reg: 0x01 Val: 0x00000024
In clock cycle: 258072
Register Write to Reg: 0x05 Val: 0x000001FC
In clock cycle: 258073
Register Write to Reg: 0x06 Val: 0x000001FC
In clock cycle: 259084
Register Write to Reg: 0x06 Val: 0x000001FD
In clock cycle: 259085
Register Write to Reg: 0x01 Val: 0x00000014
In clock cycle: 259086
Register Write to Reg: 0x05 Val: 0x000001FD
In clock cycle: 259087
Register Write to Reg: 0x06 Val: 0x000001FD
In clock cycle: 259088
Register Write to Reg: 0x01 Val: 0xFFFFFFF0
In clock cycle: 259089
Register Write to Reg: 0x05 Val: 0x000001FD
In clock cycle: 259090
Register Write to Reg: 0x06 Val: 0x000001FE
In clock cycle: 259091
Register Write to Reg: 0x01 Val: 0x00000024
In clock cycle: 259092
Register Write to Reg: 0x05 Val: 0x000001FE
In clock cycle: 259093
Register Write to Reg: 0x06 Val: 0x000001FE
In clock cycle: 260104
Register Write to Reg: 0x06 Val: 0x000001FF
In clock cycle: 260105
Register Write to Reg: 0x01 Val: 0x00000014
In clock cycle: 260106
Register Write to Reg: 0x05 Val: 0x000001FF
In clock cycle: 260107
Register Write to Reg: 0x06 Val: 0x000001FF
In clock cycle: 260108
Register Write to Reg: 0x01 Val: 0xFFFFFFF0
In clock cycle: 260109
Register Write to Reg: 0x05 Val: 0x000001FF
In clock cycle: 260110
Register Write to Reg: 0x06 Val: 0x00000200
In clock cycle: 260111
Register Write to Reg: 0x01 Val: 0x00000024
In clock cycle: 260112
Register Write to Reg: 0x05 Val: 0x00000200
In clock cycle: 260113
Register Write to Reg: 0x06 Val: 0x00000200
In clock cycle: 261124
Register Write to Reg: 0x06 Val: 0x00000201
In clock cycle: 261125
Register Write to Reg: 0x01 Val: 0x00000014
In clock cycle: 261126
Register Write to Reg: 0x05 Val: 0x00000201
In clock cycle: 261127
Register Write to Reg: 0x06 Val: 0x00000201
In clock cycle: 261128
Register Write to Reg: 0x01 Val: 0xFFFFFFF0
In clock cycle: 261129
Register Write to Reg: 0x05 Val: 0x00000201
In clock cycle: 261130
Register Write to Reg: 0x06 Val: 0x00000202
In clock cycle: 261131
Register Write to Reg: 0x01 Val: 0x00000024
In clock cycle: 261132
Register Write to Reg: 0x05 Val: 0x00000202
In clock cycle: 261133
Register Write to Reg: 0x06 Val: 0x00000202
In clock cycle: 262144
Register Write to Reg: 0x06 Val: 0x00000203
In clock cycle: 262145
Register Write to Reg: 0x01 Val: 0x00000014
In clock cycle: 262146
Register Write to Reg: 0x05 Val: 0x00000203
In clock cycle: 262147
Register Write to Reg: 0x06 Val: 0x00000203
In clock cycle: 262148
Register Write to Reg: 0x01 Val: 0xFFFFFFF0
In clock cycle: 262149
Register Write to Reg: 0x05 Val: 0x00000203
In clock cycle: 262150
Register Write to Reg: 0x06 Val: 0x00000204
In clock cycle: 262151
Register Write to Reg: 0x01 Val: 0x00000024
In clock cycle: 262152
Register Write to Reg: 0x05 Val: 0x00000204
In clock cycle: 262153
Register Write to Reg: 0x06 Val: 0x00000204
In clock cycle: 263164
Register Write to Reg: 0x06 Val: 0x00000205
In clock cycle: 263165
Register Write to Reg: 0x01 Val: 0x00000014
In clock cycle: 263166
Register Write to Reg: 0x05 Val: 0x00000205
In clock cycle: 263167
Register Write to Reg: 0x06 Val: 0x00000205
In clock cycle: 263168
Register Write to Reg: 0x01 Val: 0xFFFFFFF0
In clock cycle: 263169
Register Write to Reg: 0x05 Val: 0x00000205
In clock cycle: 263170
Register Write to Reg: 0x06 Val: 0x00000206
In clock cycle: 263171
Register Write to Reg: 0x01 Val: 0x00000024
In clock cycle: 263172
Register Write to Reg: 0x05 Val: 0x00000206
In clock cycle: 263173
Register Write to Reg: 0x06 Val: 0x00000206
In clock cycle: 264184
Register Write to Reg: 0x06 Val: 0x00000207
In clock cycle: 264185
Register Write to Reg: 0x01 Val: 0x00000014
In clock cycle: 264186
Register Write to Reg: 0x05 Val: 0x00000207
In clock cycle: 264187
Register Write to Reg: 0x06 Val: 0x00000207
In clock cycle: 264188
Register Write to Reg: 0x01 Val: 0xFFFFFFF0
In clock cycle: 264189
Register Write to Reg: 0x05 Val: 0x00000207
In clock cycle: 264190
Register Write to Reg: 0x06 Val: 0x00000208
In clock cycle: 264191
Register Write to Reg: 0x01 Val: 0x00000024
In clock cycle: 264192
Register Write to Reg: 0x05 Val: 0x00000208
In clock cycle: 264193
Register Write to Reg: 0x06 Val: 0x00000208
In clock cycle: 265204
Register Write to Reg: 0x06 Val: 0x00000209
In clock cycle: 265205
Register Write to Reg: 0x01 Val: 0x00000014
In clock cycle: 265206
Register Write to Reg: 0x05 Val: 0x00000209
In clock cycle: 265207
Register Write to Reg: 0x06 Val: 0x00000209
In clock cycle: 265208
Register Write to Reg: 0x01 Val: 0xFFFFFFF0
In clock cycle: 265209
Register Write to Reg: 0x05 Val: 0x00000209
In clock cycle: 265210
Register Write to Reg: 0x06 Val: 0x0000020A
In clock cycle: 265211
Register Write to Reg: 0x01 Val: 0x00000024
In clock cycle: 265212
Register Write to Reg: 0x05 Val: 0x0000020A
In clock cycle: 265213
Register Write to Reg: 0x06 Val: 0x0000020A
In clock cycle: 266224
Register Write to Reg: 0x06 Val: 0x0000020B
In clock cycle: 266225
Register Write to Reg: 0x01 Val: 0x00000014
In clock cycle: 266226
Register Write to Reg: 0x05 Val: 0x0000020B
In clock cycle: 266227
Register Write to Reg: 0x06 Val: 0x0000020B
In clock cycle: 266228
Register Write to Reg: 0x01 Val: 0xFFFFFFF0
In clock cycle: 266229
Register Write to Reg: 0x05 Val: 0x0000020B
In clock cycle: 266230
Register Write to Reg: 0x06 Val: 0x0000020C
In clock cycle: 266231
Register Write to Reg: 0x01 Val: 0x00000024
In clock cycle: 266232
Register Write to Reg: 0x05 Val: 0x0000020C
In clock cycle: 266233
Register Write to Reg: 0x06 Val: 0x0000020C
In clock cycle: 267244
Register Write to Reg: 0x06 Val: 0x0000020D
In clock cycle: 267245
Register Write to Reg: 0x01 Val: 0x00000014
In clock cycle: 267246
Register Write to Reg: 0x05 Val: 0x0000020D
In clock cycle: 267247
Register Write to Reg: 0x06 Val: 0x0000020D
In clock cycle: 267248
Register Write to Reg: 0x01 Val: 0xFFFFFFF0
In clock cycle: 267249
Register Write to Reg: 0x05 Val: 0x0000020D
In clock cycle: 267250
Register Write to Reg: 0x06 Val: 0x0000020E
In clock cycle: 267251
Register Write to Reg: 0x01 Val: 0x00000024
In clock cycle: 267252
Register Write to Reg: 0x05 Val: 0x0000020E
In clock cycle: 267253
Register Write to Reg: 0x06 Val: 0x0000020E
In clock cycle: 268264
Register Write to Reg: 0x06 Val: 0x0000020F
In clock cycle: 268265
Register Write to Reg: 0x01 Val: 0x00000014
In clock cycle: 268266
Register Write to Reg: 0x05 Val: 0x0000020F
In clock cycle: 268267
Register Write to Reg: 0x06 Val: 0x0000020F
In clock cycle: 268268
Register Write to Reg: 0x01 Val: 0xFFFFFFF0
In clock cycle: 268269
Register Write to Reg: 0x05 Val: 0x0000020F
In clock cycle: 268270
Register Write to Reg: 0x06 Val: 0x00000210
In clock cycle: 268271
Register Write to Reg: 0x01 Val: 0x00000024
In clock cycle: 268272
Register Write to Reg: 0x05 Val: 0x00000210
In clock cycle: 268273
Register Write to Reg: 0x06 Val: 0x00000210
In clock cycle: 269284
Register Write to Reg: 0x06 Val: 0x00000211
In clock cycle: 269285
Register Write to Reg: 0x01 Val: 0x00000014
In clock cycle: 269286
Register Write to Reg: 0x05 Val: 0x00000211
In clock cycle: 269287
Register Write to Reg: 0x06 Val: 0x00000211
In clock cycle: 269288
Register Write to Reg: 0x01 Val: 0xFFFFFFF0
In clock cycle: 269289
Register Write to Reg: 0x05 Val: 0x00000211
In clock cycle: 269290
Register Write to Reg: 0x06 Val: 0x00000212
In clock cycle: 269291
Register Write to Reg: 0x01 Val: 0x00000024
In clock cycle: 269292
Register Write to Reg: 0x05 Val: 0x00000212
In clock cycle: 269293
Register Write to Reg: 0x06 Val: 0x00000212
In clock cycle: 270304
Register Write to Reg: 0x06 Val: 0x00000213
In clock cycle: 270305
Register Write to Reg: 0x01 Val: 0x00000014
In clock cycle: 270306
Register Write to Reg: 0x05 Val: 0x00000213
In clock cycle: 270307
Register Write to Reg: 0x06 Val: 0x00000213
In clock cycle: 270308
Register Write to Reg: 0x01 Val: 0xFFFFFFF0
In clock cycle: 270309
Register Write to Reg: 0x05 Val: 0x00000213
In clock cycle: 270310
Register Write to Reg: 0x06 Val: 0x00000214
In clock cycle: 270311
Register Write to Reg: 0x01 Val: 0x00000024
In clock cycle: 270312
Register Write to Reg: 0x05 Val: 0x00000214
In clock cycle: 270313
Register Write to Reg: 0x06 Val: 0x00000214
In clock cycle: 271324
Register Write to Reg: 0x06 Val: 0x00000215
In clock cycle: 271325
Register Write to Reg: 0x01 Val: 0x00000014
In clock cycle: 271326
Register Write to Reg: 0x05 Val: 0x00000215
In clock cycle: 271327
Register Write to Reg: 0x06 Val: 0x00000215
In clock cycle: 271328
Register Write to Reg: 0x01 Val: 0xFFFFFFF0
In clock cycle: 271329
Register Write to Reg: 0x05 Val: 0x00000215
In clock cycle: 271330
Register Write to Reg: 0x06 Val: 0x00000216
In clock cycle: 271331
Register Write to Reg: 0x01 Val: 0x00000024
In clock cycle: 271332
Register Write to Reg: 0x05 Val: 0x00000216
In clock cycle: 271333
Register Write to Reg: 0x06 Val: 0x00000216
In clock cycle: 272344
Register Write to Reg: 0x06 Val: 0x00000217
In clock cycle: 272345
Register Write to Reg: 0x01 Val: 0x00000014
In clock cycle: 272346
Register Write to Reg: 0x05 Val: 0x00000217
In clock cycle: 272347
Register Write to Reg: 0x06 Val: 0x00000217
In clock cycle: 272348
Register Write to Reg: 0x01 Val: 0xFFFFFFF0
In clock cycle: 272349
Register Write to Reg: 0x05 Val: 0x00000217
In clock cycle: 272350
Register Write to Reg: 0x06 Val: 0x00000218
In clock cycle: 272351
Register Write to Reg: 0x01 Val: 0x00000024
In clock cycle: 272352
Register Write to Reg: 0x05 Val: 0x00000218
In clock cycle: 272353
Register Write to Reg: 0x06 Val: 0x00000218
In clock cycle: 273364
Register Write to Reg: 0x06 Val: 0x00000219
In clock cycle: 273365
Register Write to Reg: 0x01 Val: 0x00000014
In clock cycle: 273366
Register Write to Reg: 0x05 Val: 0x00000219
In clock cycle: 273367
Register Write to Reg: 0x06 Val: 0x00000219
In clock cycle: 273368
Register Write to Reg: 0x01 Val: 0xFFFFFFF0
In clock cycle: 273369
Register Write to Reg: 0x05 Val: 0x00000219
In clock cycle: 273370
Register Write to Reg: 0x06 Val: 0x0000021A
In clock cycle: 273371
Register Write to Reg: 0x01 Val: 0x00000024
In clock cycle: 273372
Register Write to Reg: 0x05 Val: 0x0000021A
In clock cycle: 273373
Register Write to Reg: 0x06 Val: 0x0000021A
In clock cycle: 274384
Register Write to Reg: 0x06 Val: 0x0000021B
In clock cycle: 274385
Register Write to Reg: 0x01 Val: 0x00000014
In clock cycle: 274386
Register Write to Reg: 0x05 Val: 0x0000021B
In clock cycle: 274387
Register Write to Reg: 0x06 Val: 0x0000021B
In clock cycle: 274388
Register Write to Reg: 0x01 Val: 0xFFFFFFF0
In clock cycle: 274389
Register Write to Reg: 0x05 Val: 0x0000021B
In clock cycle: 274390
Register Write to Reg: 0x06 Val: 0x0000021C
In clock cycle: 274391
Register Write to Reg: 0x01 Val: 0x00000024
In clock cycle: 274392
Register Write to Reg: 0x05 Val: 0x0000021C
In clock cycle: 274393
Register Write to Reg: 0x06 Val: 0x0000021C
In clock cycle: 275404
Register Write to Reg: 0x06 Val: 0x0000021D
In clock cycle: 275405
Register Write to Reg: 0x01 Val: 0x00000014
In clock cycle: 275406
Register Write to Reg: 0x05 Val: 0x0000021D
In clock cycle: 275407
Register Write to Reg: 0x06 Val: 0x0000021D
In clock cycle: 275408
Register Write to Reg: 0x01 Val: 0xFFFFFFF0
In clock cycle: 275409
Register Write to Reg: 0x05 Val: 0x0000021D
In clock cycle: 275410
Register Write to Reg: 0x06 Val: 0x0000021E
In clock cycle: 275411
Register Write to Reg: 0x01 Val: 0x00000024
In clock cycle: 275412
Register Write to Reg: 0x05 Val: 0x0000021E
In clock cycle: 275413
Register Write to Reg: 0x06 Val: 0x0000021E
In clock cycle: 276424
Register Write to Reg: 0x06 Val: 0x0000021F
In clock cycle: 276425
Register Write to Reg: 0x01 Val: 0x00000014
In clock cycle: 276426
Register Write to Reg: 0x05 Val: 0x0000021F
In clock cycle: 276427
Register Write to Reg: 0x06 Val: 0x0000021F
In clock cycle: 276428
Register Write to Reg: 0x01 Val: 0xFFFFFFF0
In clock cycle: 276429
Register Write to Reg: 0x05 Val: 0x0000021F
In clock cycle: 276430
Register Write to Reg: 0x06 Val: 0x00000220
In clock cycle: 276431
Register Write to Reg: 0x01 Val: 0x00000024
In clock cycle: 276432
Register Write to Reg: 0x05 Val: 0x00000220
In clock cycle: 276433
Register Write to Reg: 0x06 Val: 0x00000220
In clock cycle: 277444
Register Write to Reg: 0x06 Val: 0x00000221
In clock cycle: 277445
Register Write to Reg: 0x01 Val: 0x00000014
In clock cycle: 277446
Register Write to Reg: 0x05 Val: 0x00000221
In clock cycle: 277447
Register Write to Reg: 0x06 Val: 0x00000221
In clock cycle: 277448
Register Write to Reg: 0x01 Val: 0xFFFFFFF0
In clock cycle: 277449
Register Write to Reg: 0x05 Val: 0x00000221
In clock cycle: 277450
Register Write to Reg: 0x06 Val: 0x00000222
In clock cycle: 277451
Register Write to Reg: 0x01 Val: 0x00000024
In clock cycle: 277452
Register Write to Reg: 0x05 Val: 0x00000222
In clock cycle: 277453
Register Write to Reg: 0x06 Val: 0x00000222
In clock cycle: 278464
Register Write to Reg: 0x06 Val: 0x00000223
In clock cycle: 278465
Register Write to Reg: 0x01 Val: 0x00000014
In clock cycle: 278466
Register Write to Reg: 0x05 Val: 0x00000223
In clock cycle: 278467
Register Write to Reg: 0x06 Val: 0x00000223
In clock cycle: 278468
Register Write to Reg: 0x01 Val: 0xFFFFFFF0
In clock cycle: 278469
Register Write to Reg: 0x05 Val: 0x00000223
In clock cycle: 278470
Register Write to Reg: 0x06 Val: 0x00000224
In clock cycle: 278471
Register Write to Reg: 0x01 Val: 0x00000024
In clock cycle: 278472
Register Write to Reg: 0x05 Val: 0x00000224
In clock cycle: 278473
Register Write to Reg: 0x06 Val: 0x00000224
In clock cycle: 279484
Register Write to Reg: 0x06 Val: 0x00000225
In clock cycle: 279485
Register Write to Reg: 0x01 Val: 0x00000014
In clock cycle: 279486
Register Write to Reg: 0x05 Val: 0x00000225
In clock cycle: 279487
Register Write to Reg: 0x06 Val: 0x00000225
In clock cycle: 279488
Register Write to Reg: 0x01 Val: 0xFFFFFFF0
In clock cycle: 279489
Register Write to Reg: 0x05 Val: 0x00000225
In clock cycle: 279490
Register Write to Reg: 0x06 Val: 0x00000226
In clock cycle: 279491
Register Write to Reg: 0x01 Val: 0x00000024
In clock cycle: 279492
Register Write to Reg: 0x05 Val: 0x00000226
In clock cycle: 279493
Register Write to Reg: 0x06 Val: 0x00000226
In clock cycle: 280504
Register Write to Reg: 0x06 Val: 0x00000227
In clock cycle: 280505
Register Write to Reg: 0x01 Val: 0x00000014
In clock cycle: 280506
Register Write to Reg: 0x05 Val: 0x00000227
In clock cycle: 280507
Register Write to Reg: 0x06 Val: 0x00000227
In clock cycle: 280508
Register Write to Reg: 0x01 Val: 0xFFFFFFF0
In clock cycle: 280509
Register Write to Reg: 0x05 Val: 0x00000227
In clock cycle: 280510
Register Write to Reg: 0x06 Val: 0x00000228
In clock cycle: 280511
Register Write to Reg: 0x01 Val: 0x00000024
In clock cycle: 280512
Register Write to Reg: 0x05 Val: 0x00000228
In clock cycle: 280513
Register Write to Reg: 0x06 Val: 0x00000228
In clock cycle: 281524
Register Write to Reg: 0x06 Val: 0x00000229
In clock cycle: 281525
Register Write to Reg: 0x01 Val: 0x00000014
In clock cycle: 281526
Register Write to Reg: 0x05 Val: 0x00000229
In clock cycle: 281527
Register Write to Reg: 0x06 Val: 0x00000229
In clock cycle: 281528
Register Write to Reg: 0x01 Val: 0xFFFFFFF0
In clock cycle: 281529
Register Write to Reg: 0x05 Val: 0x00000229
In clock cycle: 281530
Register Write to Reg: 0x06 Val: 0x0000022A
In clock cycle: 281531
Register Write to Reg: 0x01 Val: 0x00000024
In clock cycle: 281532
Register Write to Reg: 0x05 Val: 0x0000022A
In clock cycle: 281533
Register Write to Reg: 0x06 Val: 0x0000022A
In clock cycle: 282544
Register Write to Reg: 0x06 Val: 0x0000022B
In clock cycle: 282545
Register Write to Reg: 0x01 Val: 0x00000014
In clock cycle: 282546
Register Write to Reg: 0x05 Val: 0x0000022B
In clock cycle: 282547
Register Write to Reg: 0x06 Val: 0x0000022B
In clock cycle: 282548
Register Write to Reg: 0x01 Val: 0xFFFFFFF0
In clock cycle: 282549
Register Write to Reg: 0x05 Val: 0x0000022B
In clock cycle: 282550
Register Write to Reg: 0x06 Val: 0x0000022C
In clock cycle: 282551
Register Write to Reg: 0x01 Val: 0x00000024
In clock cycle: 282552
Register Write to Reg: 0x05 Val: 0x0000022C
In clock cycle: 282553
Register Write to Reg: 0x06 Val: 0x0000022C
In clock cycle: 283564
Register Write to Reg: 0x06 Val: 0x0000022D
In clock cycle: 283565
Register Write to Reg: 0x01 Val: 0x00000014
In clock cycle: 283566
Register Write to Reg: 0x05 Val: 0x0000022D
In clock cycle: 283567
Register Write to Reg: 0x06 Val: 0x0000022D
In clock cycle: 283568
Register Write to Reg: 0x01 Val: 0xFFFFFFF0
In clock cycle: 283569
Register Write to Reg: 0x05 Val: 0x0000022D
In clock cycle: 283570
Register Write to Reg: 0x06 Val: 0x0000022E
In clock cycle: 283571
Register Write to Reg: 0x01 Val: 0x00000024
In clock cycle: 283572
Register Write to Reg: 0x05 Val: 0x0000022E
In clock cycle: 283573
Register Write to Reg: 0x06 Val: 0x0000022E
In clock cycle: 284584
Register Write to Reg: 0x06 Val: 0x0000022F
In clock cycle: 284585
Register Write to Reg: 0x01 Val: 0x00000014
In clock cycle: 284586
Register Write to Reg: 0x05 Val: 0x0000022F
In clock cycle: 284587
Register Write to Reg: 0x06 Val: 0x0000022F
In clock cycle: 284588
Register Write to Reg: 0x01 Val: 0xFFFFFFF0
In clock cycle: 284589
Register Write to Reg: 0x05 Val: 0x0000022F
In clock cycle: 284590
Register Write to Reg: 0x06 Val: 0x00000230
In clock cycle: 284591
Register Write to Reg: 0x01 Val: 0x00000024
In clock cycle: 284592
Register Write to Reg: 0x05 Val: 0x00000230
In clock cycle: 284593
Register Write to Reg: 0x06 Val: 0x00000230
In clock cycle: 285604
Register Write to Reg: 0x06 Val: 0x00000231
In clock cycle: 285605
Register Write to Reg: 0x01 Val: 0x00000014
In clock cycle: 285606
Register Write to Reg: 0x05 Val: 0x00000231
In clock cycle: 285607
Register Write to Reg: 0x06 Val: 0x00000231
In clock cycle: 285608
Register Write to Reg: 0x01 Val: 0xFFFFFFF0
In clock cycle: 285609
Register Write to Reg: 0x05 Val: 0x00000231
In clock cycle: 285610
Register Write to Reg: 0x06 Val: 0x00000232
In clock cycle: 285611
Register Write to Reg: 0x01 Val: 0x00000024
In clock cycle: 285612
Register Write to Reg: 0x05 Val: 0x00000232
In clock cycle: 285613
Register Write to Reg: 0x06 Val: 0x00000232
In clock cycle: 286624
Register Write to Reg: 0x06 Val: 0x00000233
In clock cycle: 286625
Register Write to Reg: 0x01 Val: 0x00000014
In clock cycle: 286626
Register Write to Reg: 0x05 Val: 0x00000233
In clock cycle: 286627
Register Write to Reg: 0x06 Val: 0x00000233
In clock cycle: 286628
Register Write to Reg: 0x01 Val: 0xFFFFFFF0
In clock cycle: 286629
Register Write to Reg: 0x05 Val: 0x00000233
In clock cycle: 286630
Register Write to Reg: 0x06 Val: 0x00000234
In clock cycle: 286631
Register Write to Reg: 0x01 Val: 0x00000024
In clock cycle: 286632
Register Write to Reg: 0x05 Val: 0x00000234
In clock cycle: 286633
Register Write to Reg: 0x06 Val: 0x00000234
In clock cycle: 287644
Register Write to Reg: 0x06 Val: 0x00000235
In clock cycle: 287645
Register Write to Reg: 0x01 Val: 0x00000014
In clock cycle: 287646
Register Write to Reg: 0x05 Val: 0x00000235
In clock cycle: 287647
Register Write to Reg: 0x06 Val: 0x00000235
In clock cycle: 287648
Register Write to Reg: 0x01 Val: 0xFFFFFFF0
In clock cycle: 287649
Register Write to Reg: 0x05 Val: 0x00000235
In clock cycle: 287650
Register Write to Reg: 0x06 Val: 0x00000236
In clock cycle: 287651
Register Write to Reg: 0x01 Val: 0x00000024
In clock cycle: 287652
Register Write to Reg: 0x05 Val: 0x00000236
In clock cycle: 287653
Register Write to Reg: 0x06 Val: 0x00000236
In clock cycle: 288664
Register Write to Reg: 0x06 Val: 0x00000237
In clock cycle: 288665
Register Write to Reg: 0x01 Val: 0x00000014
In clock cycle: 288666
Register Write to Reg: 0x05 Val: 0x00000237
In clock cycle: 288667
Register Write to Reg: 0x06 Val: 0x00000237
In clock cycle: 288668
Register Write to Reg: 0x01 Val: 0xFFFFFFF0
In clock cycle: 288669
Register Write to Reg: 0x05 Val: 0x00000237
In clock cycle: 288670
Register Write to Reg: 0x06 Val: 0x00000238
In clock cycle: 288671
Register Write to Reg: 0x01 Val: 0x00000024
In clock cycle: 288672
Register Write to Reg: 0x05 Val: 0x00000238
In clock cycle: 288673
Register Write to Reg: 0x06 Val: 0x00000238
In clock cycle: 289684
Register Write to Reg: 0x06 Val: 0x00000239
In clock cycle: 289685
Register Write to Reg: 0x01 Val: 0x00000014
In clock cycle: 289686
Register Write to Reg: 0x05 Val: 0x00000239
In clock cycle: 289687
Register Write to Reg: 0x06 Val: 0x00000239
In clock cycle: 289688
Register Write to Reg: 0x01 Val: 0xFFFFFFF0
In clock cycle: 289689
Register Write to Reg: 0x05 Val: 0x00000239
In clock cycle: 289690
Register Write to Reg: 0x06 Val: 0x0000023A
In clock cycle: 289691
Register Write to Reg: 0x01 Val: 0x00000024
In clock cycle: 289692
Register Write to Reg: 0x05 Val: 0x0000023A
In clock cycle: 289693
Register Write to Reg: 0x06 Val: 0x0000023A
In clock cycle: 290704
Register Write to Reg: 0x06 Val: 0x0000023B
In clock cycle: 290705
Register Write to Reg: 0x01 Val: 0x00000014
In clock cycle: 290706
Register Write to Reg: 0x05 Val: 0x0000023B
In clock cycle: 290707
Register Write to Reg: 0x06 Val: 0x0000023B
In clock cycle: 290708
Register Write to Reg: 0x01 Val: 0xFFFFFFF0
In clock cycle: 290709
Register Write to Reg: 0x05 Val: 0x0000023B
In clock cycle: 290710
Register Write to Reg: 0x06 Val: 0x0000023C
In clock cycle: 290711
Register Write to Reg: 0x01 Val: 0x00000024
In clock cycle: 290712
Register Write to Reg: 0x05 Val: 0x0000023C
In clock cycle: 290713
Register Write to Reg: 0x06 Val: 0x0000023C
In clock cycle: 291724
Register Write to Reg: 0x06 Val: 0x0000023D
In clock cycle: 291725
Register Write to Reg: 0x01 Val: 0x00000014
In clock cycle: 291726
Register Write to Reg: 0x05 Val: 0x0000023D
In clock cycle: 291727
Register Write to Reg: 0x06 Val: 0x0000023D
In clock cycle: 291728
Register Write to Reg: 0x01 Val: 0xFFFFFFF0
In clock cycle: 291729
Register Write to Reg: 0x05 Val: 0x0000023D
In clock cycle: 291730
Register Write to Reg: 0x06 Val: 0x0000023E
In clock cycle: 291731
Register Write to Reg: 0x01 Val: 0x00000024
In clock cycle: 291732
Register Write to Reg: 0x05 Val: 0x0000023E
In clock cycle: 291733
Register Write to Reg: 0x06 Val: 0x0000023E
In clock cycle: 292744
Register Write to Reg: 0x06 Val: 0x0000023F
In clock cycle: 292745
Register Write to Reg: 0x01 Val: 0x00000014
In clock cycle: 292746
Register Write to Reg: 0x05 Val: 0x0000023F
In clock cycle: 292747
Register Write to Reg: 0x06 Val: 0x0000023F
In clock cycle: 292748
Register Write to Reg: 0x01 Val: 0xFFFFFFF0
In clock cycle: 292749
Register Write to Reg: 0x05 Val: 0x0000023F
In clock cycle: 292750
Register Write to Reg: 0x06 Val: 0x00000240
In clock cycle: 292751
Register Write to Reg: 0x01 Val: 0x00000024
In clock cycle: 292752
Register Write to Reg: 0x05 Val: 0x00000240
In clock cycle: 292753
Register Write to Reg: 0x06 Val: 0x00000240
In clock cycle: 293764
Register Write to Reg: 0x06 Val: 0x00000241
In clock cycle: 293765
Register Write to Reg: 0x01 Val: 0x00000014
In clock cycle: 293766
Register Write to Reg: 0x05 Val: 0x00000241
In clock cycle: 293767
Register Write to Reg: 0x06 Val: 0x00000241
In clock cycle: 293768
Register Write to Reg: 0x01 Val: 0xFFFFFFF0
In clock cycle: 293769
Register Write to Reg: 0x05 Val: 0x00000241
In clock cycle: 293770
Register Write to Reg: 0x06 Val: 0x00000242
In clock cycle: 293771
Register Write to Reg: 0x01 Val: 0x00000024
In clock cycle: 293772
Register Write to Reg: 0x05 Val: 0x00000242
In clock cycle: 293773
Register Write to Reg: 0x06 Val: 0x00000242
In clock cycle: 294784
Register Write to Reg: 0x06 Val: 0x00000243
In clock cycle: 294785
Register Write to Reg: 0x01 Val: 0x00000014
In clock cycle: 294786
Register Write to Reg: 0x05 Val: 0x00000243
In clock cycle: 294787
Register Write to Reg: 0x06 Val: 0x00000243
In clock cycle: 294788
Register Write to Reg: 0x01 Val: 0xFFFFFFF0
In clock cycle: 294789
Register Write to Reg: 0x05 Val: 0x00000243
In clock cycle: 294790
Register Write to Reg: 0x06 Val: 0x00000244
In clock cycle: 294791
Register Write to Reg: 0x01 Val: 0x00000024
In clock cycle: 294792
Register Write to Reg: 0x05 Val: 0x00000244
In clock cycle: 294793
Register Write to Reg: 0x06 Val: 0x00000244
In clock cycle: 295804
Register Write to Reg: 0x06 Val: 0x00000245
In clock cycle: 295805
Register Write to Reg: 0x01 Val: 0x00000014
In clock cycle: 295806
Register Write to Reg: 0x05 Val: 0x00000245
In clock cycle: 295807
Register Write to Reg: 0x06 Val: 0x00000245
In clock cycle: 295808
Register Write to Reg: 0x01 Val: 0xFFFFFFF0
In clock cycle: 295809
Register Write to Reg: 0x05 Val: 0x00000245
In clock cycle: 295810
Register Write to Reg: 0x06 Val: 0x00000246
In clock cycle: 295811
Register Write to Reg: 0x01 Val: 0x00000024
In clock cycle: 295812
Register Write to Reg: 0x05 Val: 0x00000246
In clock cycle: 295813
Register Write to Reg: 0x06 Val: 0x00000246
In clock cycle: 296824
Register Write to Reg: 0x06 Val: 0x00000247
In clock cycle: 296825
Register Write to Reg: 0x01 Val: 0x00000014
In clock cycle: 296826
Register Write to Reg: 0x05 Val: 0x00000247
In clock cycle: 296827
Register Write to Reg: 0x06 Val: 0x00000247
In clock cycle: 296828
Register Write to Reg: 0x01 Val: 0xFFFFFFF0
In clock cycle: 296829
Register Write to Reg: 0x05 Val: 0x00000247
In clock cycle: 296830
Register Write to Reg: 0x06 Val: 0x00000248
In clock cycle: 296831
Register Write to Reg: 0x01 Val: 0x00000024
In clock cycle: 296832
Register Write to Reg: 0x05 Val: 0x00000248
In clock cycle: 296833
Register Write to Reg: 0x06 Val: 0x00000248
In clock cycle: 297844
Register Write to Reg: 0x06 Val: 0x00000249
In clock cycle: 297845
Register Write to Reg: 0x01 Val: 0x00000014
In clock cycle: 297846
Register Write to Reg: 0x05 Val: 0x00000249
In clock cycle: 297847
Register Write to Reg: 0x06 Val: 0x00000249
In clock cycle: 297848
Register Write to Reg: 0x01 Val: 0xFFFFFFF0
In clock cycle: 297849
Register Write to Reg: 0x05 Val: 0x00000249
In clock cycle: 297850
Register Write to Reg: 0x06 Val: 0x0000024A
In clock cycle: 297851
Register Write to Reg: 0x01 Val: 0x00000024
In clock cycle: 297852
Register Write to Reg: 0x05 Val: 0x0000024A
In clock cycle: 297853
Register Write to Reg: 0x06 Val: 0x0000024A
In clock cycle: 298864
Register Write to Reg: 0x06 Val: 0x0000024B
In clock cycle: 298865
Register Write to Reg: 0x01 Val: 0x00000014
In clock cycle: 298866
Register Write to Reg: 0x05 Val: 0x0000024B
In clock cycle: 298867
Register Write to Reg: 0x06 Val: 0x0000024B
In clock cycle: 298868
Register Write to Reg: 0x01 Val: 0xFFFFFFF0
In clock cycle: 298869
Register Write to Reg: 0x05 Val: 0x0000024B
In clock cycle: 298870
Register Write to Reg: 0x06 Val: 0x0000024C
In clock cycle: 298871
Register Write to Reg: 0x01 Val: 0x00000024
In clock cycle: 298872
Register Write to Reg: 0x05 Val: 0x0000024C
In clock cycle: 298873
Register Write to Reg: 0x06 Val: 0x0000024C
In clock cycle: 299884
Register Write to Reg: 0x06 Val: 0x0000024D
In clock cycle: 299885
Register Write to Reg: 0x01 Val: 0x00000014
In clock cycle: 299886
Register Write to Reg: 0x05 Val: 0x0000024D
In clock cycle: 299887
Register Write to Reg: 0x06 Val: 0x0000024D
In clock cycle: 299888
Register Write to Reg: 0x01 Val: 0xFFFFFFF0
In clock cycle: 299889
Register Write to Reg: 0x05 Val: 0x0000024D
In clock cycle: 299890
Register Write to Reg: 0x06 Val: 0x0000024E
In clock cycle: 299891
Register Write to Reg: 0x01 Val: 0x00000024
In clock cycle: 299892
Register Write to Reg: 0x05 Val: 0x0000024E
In clock cycle: 299893
Register Write to Reg: 0x06 Val: 0x0000024E
In clock cycle: 300904
Register Write to Reg: 0x06 Val: 0x0000024F
In clock cycle: 300905
Register Write to Reg: 0x01 Val: 0x00000014
In clock cycle: 300906
Register Write to Reg: 0x05 Val: 0x0000024F
In clock cycle: 300907
Register Write to Reg: 0x06 Val: 0x0000024F
In clock cycle: 300908
Register Write to Reg: 0x01 Val: 0xFFFFFFF0
In clock cycle: 300909
Register Write to Reg: 0x05 Val: 0x0000024F
In clock cycle: 300910
Register Write to Reg: 0x06 Val: 0x00000250
In clock cycle: 300911
Register Write to Reg: 0x01 Val: 0x00000024
In clock cycle: 300912
Register Write to Reg: 0x05 Val: 0x00000250
In clock cycle: 300913
Register Write to Reg: 0x06 Val: 0x00000250
In clock cycle: 301924
Register Write to Reg: 0x06 Val: 0x00000251
In clock cycle: 301925
Register Write to Reg: 0x01 Val: 0x00000014
In clock cycle: 301926
Register Write to Reg: 0x05 Val: 0x00000251
In clock cycle: 301927
Register Write to Reg: 0x06 Val: 0x00000251
In clock cycle: 301928
Register Write to Reg: 0x01 Val: 0xFFFFFFF0
In clock cycle: 301929
Register Write to Reg: 0x05 Val: 0x00000251
In clock cycle: 301930
Register Write to Reg: 0x06 Val: 0x00000252
In clock cycle: 301931
Register Write to Reg: 0x01 Val: 0x00000024
In clock cycle: 301932
Register Write to Reg: 0x05 Val: 0x00000252
In clock cycle: 301933
Register Write to Reg: 0x06 Val: 0x00000252
In clock cycle: 302944
Register Write to Reg: 0x06 Val: 0x00000253
In clock cycle: 302945
Register Write to Reg: 0x01 Val: 0x00000014
In clock cycle: 302946
Register Write to Reg: 0x05 Val: 0x00000253
In clock cycle: 302947
Register Write to Reg: 0x06 Val: 0x00000253
In clock cycle: 302948
Register Write to Reg: 0x01 Val: 0xFFFFFFF0
In clock cycle: 302949
Register Write to Reg: 0x05 Val: 0x00000253
In clock cycle: 302950
Register Write to Reg: 0x06 Val: 0x00000254
In clock cycle: 302951
Register Write to Reg: 0x01 Val: 0x00000024
In clock cycle: 302952
Register Write to Reg: 0x05 Val: 0x00000254
In clock cycle: 302953
Register Write to Reg: 0x06 Val: 0x00000254
In clock cycle: 303964
Register Write to Reg: 0x06 Val: 0x00000255
In clock cycle: 303965
Register Write to Reg: 0x01 Val: 0x00000014
In clock cycle: 303966
Register Write to Reg: 0x05 Val: 0x00000255
In clock cycle: 303967
Register Write to Reg: 0x06 Val: 0x00000255
In clock cycle: 303968
Register Write to Reg: 0x01 Val: 0xFFFFFFF0
In clock cycle: 303969
Register Write to Reg: 0x05 Val: 0x00000255
In clock cycle: 303970
Register Write to Reg: 0x06 Val: 0x00000256
In clock cycle: 303971
Register Write to Reg: 0x01 Val: 0x00000024
In clock cycle: 303972
Register Write to Reg: 0x05 Val: 0x00000256
In clock cycle: 303973
Register Write to Reg: 0x06 Val: 0x00000256
In clock cycle: 304984
Register Write to Reg: 0x06 Val: 0x00000257
In clock cycle: 304985
Register Write to Reg: 0x01 Val: 0x00000014
In clock cycle: 304986
Register Write to Reg: 0x05 Val: 0x00000257
In clock cycle: 304987
Register Write to Reg: 0x06 Val: 0x00000257
In clock cycle: 304988
Register Write to Reg: 0x01 Val: 0xFFFFFFF0
In clock cycle: 304989
Register Write to Reg: 0x05 Val: 0x00000257
In clock cycle: 304990
Register Write to Reg: 0x06 Val: 0x00000258
In clock cycle: 304991
Register Write to Reg: 0x01 Val: 0x00000024
In clock cycle: 304992
Register Write to Reg: 0x05 Val: 0x00000258
In clock cycle: 304993
Register Write to Reg: 0x06 Val: 0x00000258
In clock cycle: 306004
Register Write to Reg: 0x06 Val: 0x00000259
In clock cycle: 306005
Register Write to Reg: 0x01 Val: 0x00000014
In clock cycle: 306006
Register Write to Reg: 0x05 Val: 0x00000259
In clock cycle: 306007
Register Write to Reg: 0x06 Val: 0x00000259
In clock cycle: 306008
Register Write to Reg: 0x01 Val: 0xFFFFFFF0
In clock cycle: 306009
Register Write to Reg: 0x05 Val: 0x00000259
In clock cycle: 306010
Register Write to Reg: 0x06 Val: 0x0000025A
In clock cycle: 306011
Register Write to Reg: 0x01 Val: 0x00000024
In clock cycle: 306012
Register Write to Reg: 0x05 Val: 0x0000025A
In clock cycle: 306013
Register Write to Reg: 0x06 Val: 0x0000025A
In clock cycle: 307024
Register Write to Reg: 0x06 Val: 0x0000025B
In clock cycle: 307025
Register Write to Reg: 0x01 Val: 0x00000014
In clock cycle: 307026
Register Write to Reg: 0x05 Val: 0x0000025B
In clock cycle: 307027
Register Write to Reg: 0x06 Val: 0x0000025B
In clock cycle: 307028
Register Write to Reg: 0x01 Val: 0xFFFFFFF0
In clock cycle: 307029
Register Write to Reg: 0x05 Val: 0x0000025B
In clock cycle: 307030
Register Write to Reg: 0x06 Val: 0x0000025C
In clock cycle: 307031
Register Write to Reg: 0x01 Val: 0x00000024
In clock cycle: 307032
Register Write to Reg: 0x05 Val: 0x0000025C
In clock cycle: 307033
Register Write to Reg: 0x06 Val: 0x0000025C
In clock cycle: 308044
Register Write to Reg: 0x06 Val: 0x0000025D
In clock cycle: 308045
Register Write to Reg: 0x01 Val: 0x00000014
In clock cycle: 308046
Register Write to Reg: 0x05 Val: 0x0000025D
In clock cycle: 308047
Register Write to Reg: 0x06 Val: 0x0000025D
In clock cycle: 308048
Register Write to Reg: 0x01 Val: 0xFFFFFFF0
In clock cycle: 308049
Register Write to Reg: 0x05 Val: 0x0000025D
In clock cycle: 308050
Register Write to Reg: 0x06 Val: 0x0000025E
In clock cycle: 308051
Register Write to Reg: 0x01 Val: 0x00000024
In clock cycle: 308052
Register Write to Reg: 0x05 Val: 0x0000025E
In clock cycle: 308053
Register Write to Reg: 0x06 Val: 0x0000025E
In clock cycle: 309064
Register Write to Reg: 0x06 Val: 0x0000025F
In clock cycle: 309065
Register Write to Reg: 0x01 Val: 0x00000014
In clock cycle: 309066
Register Write to Reg: 0x05 Val: 0x0000025F
In clock cycle: 309067
Register Write to Reg: 0x06 Val: 0x0000025F
In clock cycle: 309068
Register Write to Reg: 0x01 Val: 0xFFFFFFF0
In clock cycle: 309069
Register Write to Reg: 0x05 Val: 0x0000025F
In clock cycle: 309070
Register Write to Reg: 0x06 Val: 0x00000260
In clock cycle: 309071
Register Write to Reg: 0x01 Val: 0x00000024
In clock cycle: 309072
Register Write to Reg: 0x05 Val: 0x00000260
In clock cycle: 309073
Register Write to Reg: 0x06 Val: 0x00000260
In clock cycle: 310084
Register Write to Reg: 0x06 Val: 0x00000261
In clock cycle: 310085
Register Write to Reg: 0x01 Val: 0x00000014
In clock cycle: 310086
Register Write to Reg: 0x05 Val: 0x00000261
In clock cycle: 310087
Register Write to Reg: 0x06 Val: 0x00000261
In clock cycle: 310088
Register Write to Reg: 0x01 Val: 0xFFFFFFF0
In clock cycle: 310089
Register Write to Reg: 0x05 Val: 0x00000261
In clock cycle: 310090
Register Write to Reg: 0x06 Val: 0x00000262
In clock cycle: 310091
Register Write to Reg: 0x01 Val: 0x00000024
In clock cycle: 310092
Register Write to Reg: 0x05 Val: 0x00000262
In clock cycle: 310093
Register Write to Reg: 0x06 Val: 0x00000262
In clock cycle: 311104
Register Write to Reg: 0x06 Val: 0x00000263
In clock cycle: 311105
Register Write to Reg: 0x01 Val: 0x00000014
In clock cycle: 311106
Register Write to Reg: 0x05 Val: 0x00000263
In clock cycle: 311107
Register Write to Reg: 0x06 Val: 0x00000263
In clock cycle: 311108
Register Write to Reg: 0x01 Val: 0xFFFFFFF0
In clock cycle: 311109
Register Write to Reg: 0x05 Val: 0x00000263
In clock cycle: 311110
Register Write to Reg: 0x06 Val: 0x00000264
In clock cycle: 311111
Register Write to Reg: 0x01 Val: 0x00000024
In clock cycle: 311112
Register Write to Reg: 0x05 Val: 0x00000264
In clock cycle: 311113
Register Write to Reg: 0x06 Val: 0x00000264
In clock cycle: 312124
Register Write to Reg: 0x06 Val: 0x00000265
In clock cycle: 312125
Register Write to Reg: 0x01 Val: 0x00000014
In clock cycle: 312126
Register Write to Reg: 0x05 Val: 0x00000265
In clock cycle: 312127
Register Write to Reg: 0x06 Val: 0x00000265
In clock cycle: 312128
Register Write to Reg: 0x01 Val: 0xFFFFFFF0
In clock cycle: 312129
Register Write to Reg: 0x05 Val: 0x00000265
In clock cycle: 312130
Register Write to Reg: 0x06 Val: 0x00000266
In clock cycle: 312131
Register Write to Reg: 0x01 Val: 0x00000024
In clock cycle: 312132
Register Write to Reg: 0x05 Val: 0x00000266
In clock cycle: 312133
Register Write to Reg: 0x06 Val: 0x00000266
In clock cycle: 313144
Register Write to Reg: 0x06 Val: 0x00000267
In clock cycle: 313145
Register Write to Reg: 0x01 Val: 0x00000014
In clock cycle: 313146
Register Write to Reg: 0x05 Val: 0x00000267
In clock cycle: 313147
Register Write to Reg: 0x06 Val: 0x00000267
In clock cycle: 313148
Register Write to Reg: 0x01 Val: 0xFFFFFFF0
In clock cycle: 313149
Register Write to Reg: 0x05 Val: 0x00000267
In clock cycle: 313150
Register Write to Reg: 0x06 Val: 0x00000268
In clock cycle: 313151
Register Write to Reg: 0x01 Val: 0x00000024
In clock cycle: 313152
Register Write to Reg: 0x05 Val: 0x00000268
In clock cycle: 313153
Register Write to Reg: 0x06 Val: 0x00000268
In clock cycle: 314164
Register Write to Reg: 0x06 Val: 0x00000269
In clock cycle: 314165
Register Write to Reg: 0x01 Val: 0x00000014
In clock cycle: 314166
Register Write to Reg: 0x05 Val: 0x00000269
In clock cycle: 314167
Register Write to Reg: 0x06 Val: 0x00000269
In clock cycle: 314168
Register Write to Reg: 0x01 Val: 0xFFFFFFF0
In clock cycle: 314169
Register Write to Reg: 0x05 Val: 0x00000269
In clock cycle: 314170
Register Write to Reg: 0x06 Val: 0x0000026A
In clock cycle: 314171
Register Write to Reg: 0x01 Val: 0x00000024
In clock cycle: 314172
Register Write to Reg: 0x05 Val: 0x0000026A
In clock cycle: 314173
Register Write to Reg: 0x06 Val: 0x0000026A
In clock cycle: 315184
Register Write to Reg: 0x06 Val: 0x0000026B
In clock cycle: 315185
Register Write to Reg: 0x01 Val: 0x00000014
In clock cycle: 315186
Register Write to Reg: 0x05 Val: 0x0000026B
In clock cycle: 315187
Register Write to Reg: 0x06 Val: 0x0000026B
In clock cycle: 315188
Register Write to Reg: 0x01 Val: 0xFFFFFFF0
In clock cycle: 315189
Register Write to Reg: 0x05 Val: 0x0000026B
In clock cycle: 315190
Register Write to Reg: 0x06 Val: 0x0000026C
In clock cycle: 315191
Register Write to Reg: 0x01 Val: 0x00000024
In clock cycle: 315192
Register Write to Reg: 0x05 Val: 0x0000026C
In clock cycle: 315193
Register Write to Reg: 0x06 Val: 0x0000026C
In clock cycle: 316204
Register Write to Reg: 0x06 Val: 0x0000026D
In clock cycle: 316205
Register Write to Reg: 0x01 Val: 0x00000014
In clock cycle: 316206
Register Write to Reg: 0x05 Val: 0x0000026D
In clock cycle: 316207
Register Write to Reg: 0x06 Val: 0x0000026D
In clock cycle: 316208
Register Write to Reg: 0x01 Val: 0xFFFFFFF0
In clock cycle: 316209
Register Write to Reg: 0x05 Val: 0x0000026D
In clock cycle: 316210
Register Write to Reg: 0x06 Val: 0x0000026E
In clock cycle: 316211
Register Write to Reg: 0x01 Val: 0x00000024
In clock cycle: 316212
Register Write to Reg: 0x05 Val: 0x0000026E
In clock cycle: 316213
Register Write to Reg: 0x06 Val: 0x0000026E
In clock cycle: 317224
Register Write to Reg: 0x06 Val: 0x0000026F
In clock cycle: 317225
Register Write to Reg: 0x01 Val: 0x00000014
In clock cycle: 317226
Register Write to Reg: 0x05 Val: 0x0000026F
In clock cycle: 317227
Register Write to Reg: 0x06 Val: 0x0000026F
In clock cycle: 317228
Register Write to Reg: 0x01 Val: 0xFFFFFFF0
In clock cycle: 317229
Register Write to Reg: 0x05 Val: 0x0000026F
In clock cycle: 317230
Register Write to Reg: 0x06 Val: 0x00000270
In clock cycle: 317231
Register Write to Reg: 0x01 Val: 0x00000024
In clock cycle: 317232
Register Write to Reg: 0x05 Val: 0x00000270
In clock cycle: 317233
Register Write to Reg: 0x06 Val: 0x00000270
In clock cycle: 318244
Register Write to Reg: 0x06 Val: 0x00000271
In clock cycle: 318245
Register Write to Reg: 0x01 Val: 0x00000014
In clock cycle: 318246
Register Write to Reg: 0x05 Val: 0x00000271
In clock cycle: 318247
Register Write to Reg: 0x06 Val: 0x00000271
In clock cycle: 318248
Register Write to Reg: 0x01 Val: 0xFFFFFFF0
In clock cycle: 318249
Register Write to Reg: 0x05 Val: 0x00000271
In clock cycle: 318250
Register Write to Reg: 0x06 Val: 0x00000272
In clock cycle: 318251
Register Write to Reg: 0x01 Val: 0x00000024
In clock cycle: 318252
Register Write to Reg: 0x05 Val: 0x00000272
In clock cycle: 318253
Register Write to Reg: 0x06 Val: 0x00000272
In clock cycle: 319264
Register Write to Reg: 0x06 Val: 0x00000273
In clock cycle: 319265
Register Write to Reg: 0x01 Val: 0x00000014
In clock cycle: 319266
Register Write to Reg: 0x05 Val: 0x00000273
In clock cycle: 319267
Register Write to Reg: 0x06 Val: 0x00000273
In clock cycle: 319268
Register Write to Reg: 0x01 Val: 0xFFFFFFF0
In clock cycle: 319269
Register Write to Reg: 0x05 Val: 0x00000273
In clock cycle: 319270
Register Write to Reg: 0x06 Val: 0x00000274
In clock cycle: 319271
Register Write to Reg: 0x01 Val: 0x00000024
In clock cycle: 319272
Register Write to Reg: 0x05 Val: 0x00000274
In clock cycle: 319273
Register Write to Reg: 0x06 Val: 0x00000274
In clock cycle: 320284
Register Write to Reg: 0x06 Val: 0x00000275
In clock cycle: 320285
Register Write to Reg: 0x01 Val: 0x00000014
In clock cycle: 320286
Register Write to Reg: 0x05 Val: 0x00000275
In clock cycle: 320287
Register Write to Reg: 0x06 Val: 0x00000275
In clock cycle: 320288
Register Write to Reg: 0x01 Val: 0xFFFFFFF0
In clock cycle: 320289
Register Write to Reg: 0x05 Val: 0x00000275
In clock cycle: 320290
Register Write to Reg: 0x06 Val: 0x00000276
In clock cycle: 320291
Register Write to Reg: 0x01 Val: 0x00000024
In clock cycle: 320292
Register Write to Reg: 0x05 Val: 0x00000276
In clock cycle: 320293
Register Write to Reg: 0x06 Val: 0x00000276
In clock cycle: 321304
Register Write to Reg: 0x06 Val: 0x00000277
In clock cycle: 321305
Register Write to Reg: 0x01 Val: 0x00000014
In clock cycle: 321306
Register Write to Reg: 0x05 Val: 0x00000277
In clock cycle: 321307
Register Write to Reg: 0x06 Val: 0x00000277
In clock cycle: 321308
Register Write to Reg: 0x01 Val: 0xFFFFFFF0
In clock cycle: 321309
Register Write to Reg: 0x05 Val: 0x00000277
In clock cycle: 321310
Register Write to Reg: 0x06 Val: 0x00000278
In clock cycle: 321311
Register Write to Reg: 0x01 Val: 0x00000024
In clock cycle: 321312
Register Write to Reg: 0x05 Val: 0x00000278
In clock cycle: 321313
Register Write to Reg: 0x06 Val: 0x00000278
In clock cycle: 322324
Register Write to Reg: 0x06 Val: 0x00000279
In clock cycle: 322325
Register Write to Reg: 0x01 Val: 0x00000014
In clock cycle: 322326
Register Write to Reg: 0x05 Val: 0x00000279
In clock cycle: 322327
Register Write to Reg: 0x06 Val: 0x00000279
In clock cycle: 322328
Register Write to Reg: 0x01 Val: 0xFFFFFFF0
In clock cycle: 322329
Register Write to Reg: 0x05 Val: 0x00000279
In clock cycle: 322330
Register Write to Reg: 0x06 Val: 0x0000027A
In clock cycle: 322331
Register Write to Reg: 0x01 Val: 0x00000024
In clock cycle: 322332
Register Write to Reg: 0x05 Val: 0x0000027A
In clock cycle: 322333
Register Write to Reg: 0x06 Val: 0x0000027A
In clock cycle: 323344
Register Write to Reg: 0x06 Val: 0x0000027B
In clock cycle: 323345
Register Write to Reg: 0x01 Val: 0x00000014
In clock cycle: 323346
Register Write to Reg: 0x05 Val: 0x0000027B
In clock cycle: 323347
Register Write to Reg: 0x06 Val: 0x0000027B
In clock cycle: 323348
Register Write to Reg: 0x01 Val: 0xFFFFFFF0
In clock cycle: 323349
Register Write to Reg: 0x05 Val: 0x0000027B
In clock cycle: 323350
Register Write to Reg: 0x06 Val: 0x0000027C
In clock cycle: 323351
Register Write to Reg: 0x01 Val: 0x00000024
In clock cycle: 323352
Register Write to Reg: 0x05 Val: 0x0000027C
In clock cycle: 323353
Register Write to Reg: 0x06 Val: 0x0000027C
In clock cycle: 324364
Register Write to Reg: 0x06 Val: 0x0000027D
In clock cycle: 324365
Register Write to Reg: 0x01 Val: 0x00000014
In clock cycle: 324366
Register Write to Reg: 0x05 Val: 0x0000027D
In clock cycle: 324367
Register Write to Reg: 0x06 Val: 0x0000027D
In clock cycle: 324368
Register Write to Reg: 0x01 Val: 0xFFFFFFF0
In clock cycle: 324369
Register Write to Reg: 0x05 Val: 0x0000027D
In clock cycle: 324370
Register Write to Reg: 0x06 Val: 0x0000027E
In clock cycle: 324371
Register Write to Reg: 0x01 Val: 0x00000024
In clock cycle: 324372
Register Write to Reg: 0x05 Val: 0x0000027E
In clock cycle: 324373
Register Write to Reg: 0x06 Val: 0x0000027E
In clock cycle: 325384
Register Write to Reg: 0x06 Val: 0x0000027F
In clock cycle: 325385
Register Write to Reg: 0x01 Val: 0x00000014
In clock cycle: 325386
Register Write to Reg: 0x05 Val: 0x0000027F
In clock cycle: 325387
Register Write to Reg: 0x06 Val: 0x0000027F
In clock cycle: 325388
Register Write to Reg: 0x01 Val: 0xFFFFFFF0
In clock cycle: 325389
Register Write to Reg: 0x05 Val: 0x0000027F
In clock cycle: 325390
Register Write to Reg: 0x06 Val: 0x00000280
In clock cycle: 325391
Register Write to Reg: 0x01 Val: 0x00000024
In clock cycle: 325392
Register Write to Reg: 0x05 Val: 0x00000280
In clock cycle: 325393
Register Write to Reg: 0x06 Val: 0x00000280
In clock cycle: 326404
Register Write to Reg: 0x06 Val: 0x00000281
In clock cycle: 326405
Register Write to Reg: 0x01 Val: 0x00000014
In clock cycle: 326406
Register Write to Reg: 0x05 Val: 0x00000281
In clock cycle: 326407
Register Write to Reg: 0x06 Val: 0x00000281
In clock cycle: 326408
Register Write to Reg: 0x01 Val: 0xFFFFFFF0
In clock cycle: 326409
Register Write to Reg: 0x05 Val: 0x00000281
In clock cycle: 326410
Register Write to Reg: 0x06 Val: 0x00000282
In clock cycle: 326411
Register Write to Reg: 0x01 Val: 0x00000024
In clock cycle: 326412
Register Write to Reg: 0x05 Val: 0x00000282
In clock cycle: 326413
Register Write to Reg: 0x06 Val: 0x00000282
In clock cycle: 327424
Register Write to Reg: 0x06 Val: 0x00000283
In clock cycle: 327425
Register Write to Reg: 0x01 Val: 0x00000014
In clock cycle: 327426
Register Write to Reg: 0x05 Val: 0x00000283
In clock cycle: 327427
Register Write to Reg: 0x06 Val: 0x00000283
In clock cycle: 327428
Register Write to Reg: 0x01 Val: 0xFFFFFFF0
In clock cycle: 327429
Register Write to Reg: 0x05 Val: 0x00000283
In clock cycle: 327430
Register Write to Reg: 0x06 Val: 0x00000284
In clock cycle: 327431
Register Write to Reg: 0x01 Val: 0x00000024
In clock cycle: 327432
Register Write to Reg: 0x05 Val: 0x00000284
In clock cycle: 327433
Register Write to Reg: 0x06 Val: 0x00000284
In clock cycle: 328444
Register Write to Reg: 0x06 Val: 0x00000285
In clock cycle: 328445
Register Write to Reg: 0x01 Val: 0x00000014
In clock cycle: 328446
Register Write to Reg: 0x05 Val: 0x00000285
In clock cycle: 328447
Register Write to Reg: 0x06 Val: 0x00000285
In clock cycle: 328448
Register Write to Reg: 0x01 Val: 0xFFFFFFF0
In clock cycle: 328449
Register Write to Reg: 0x05 Val: 0x00000285
In clock cycle: 328450
Register Write to Reg: 0x06 Val: 0x00000286
In clock cycle: 328451
Register Write to Reg: 0x01 Val: 0x00000024
In clock cycle: 328452
Register Write to Reg: 0x05 Val: 0x00000286
In clock cycle: 328453
Register Write to Reg: 0x06 Val: 0x00000286
In clock cycle: 329464
Register Write to Reg: 0x06 Val: 0x00000287
In clock cycle: 329465
Register Write to Reg: 0x01 Val: 0x00000014
In clock cycle: 329466
Register Write to Reg: 0x05 Val: 0x00000287
In clock cycle: 329467
Register Write to Reg: 0x06 Val: 0x00000287
In clock cycle: 329468
Register Write to Reg: 0x01 Val: 0xFFFFFFF0
In clock cycle: 329469
Register Write to Reg: 0x05 Val: 0x00000287
In clock cycle: 329470
Register Write to Reg: 0x06 Val: 0x00000288
In clock cycle: 329471
Register Write to Reg: 0x01 Val: 0x00000024
In clock cycle: 329472
Register Write to Reg: 0x05 Val: 0x00000288
In clock cycle: 329473
Register Write to Reg: 0x06 Val: 0x00000288
In clock cycle: 330484
Register Write to Reg: 0x06 Val: 0x00000289
In clock cycle: 330485
Register Write to Reg: 0x01 Val: 0x00000014
In clock cycle: 330486
Register Write to Reg: 0x05 Val: 0x00000289
In clock cycle: 330487
Register Write to Reg: 0x06 Val: 0x00000289
In clock cycle: 330488
Register Write to Reg: 0x01 Val: 0xFFFFFFF0
In clock cycle: 330489
Register Write to Reg: 0x05 Val: 0x00000289
In clock cycle: 330490
Register Write to Reg: 0x06 Val: 0x0000028A
In clock cycle: 330491
Register Write to Reg: 0x01 Val: 0x00000024
In clock cycle: 330492
Register Write to Reg: 0x05 Val: 0x0000028A
In clock cycle: 330493
Register Write to Reg: 0x06 Val: 0x0000028A
In clock cycle: 331504
Register Write to Reg: 0x06 Val: 0x0000028B
In clock cycle: 331505
Register Write to Reg: 0x01 Val: 0x00000014
In clock cycle: 331506
Register Write to Reg: 0x05 Val: 0x0000028B
In clock cycle: 331507
Register Write to Reg: 0x06 Val: 0x0000028B
In clock cycle: 331508
Register Write to Reg: 0x01 Val: 0xFFFFFFF0
In clock cycle: 331509
Register Write to Reg: 0x05 Val: 0x0000028B
In clock cycle: 331510
Register Write to Reg: 0x06 Val: 0x0000028C
In clock cycle: 331511
Register Write to Reg: 0x01 Val: 0x00000024
In clock cycle: 331512
Register Write to Reg: 0x05 Val: 0x0000028C
In clock cycle: 331513
Register Write to Reg: 0x06 Val: 0x0000028C
In clock cycle: 332524
Register Write to Reg: 0x06 Val: 0x0000028D
In clock cycle: 332525
Register Write to Reg: 0x01 Val: 0x00000014
In clock cycle: 332526
Register Write to Reg: 0x05 Val: 0x0000028D
In clock cycle: 332527
Register Write to Reg: 0x06 Val: 0x0000028D
In clock cycle: 332528
Register Write to Reg: 0x01 Val: 0xFFFFFFF0
In clock cycle: 332529
Register Write to Reg: 0x05 Val: 0x0000028D
In clock cycle: 332530
Register Write to Reg: 0x06 Val: 0x0000028E
In clock cycle: 332531
Register Write to Reg: 0x01 Val: 0x00000024
In clock cycle: 332532
Register Write to Reg: 0x05 Val: 0x0000028E
In clock cycle: 332533
Register Write to Reg: 0x06 Val: 0x0000028E
In clock cycle: 333544
Register Write to Reg: 0x06 Val: 0x0000028F
In clock cycle: 333545
Register Write to Reg: 0x01 Val: 0x00000014
In clock cycle: 333546
Register Write to Reg: 0x05 Val: 0x0000028F
In clock cycle: 333547
Register Write to Reg: 0x06 Val: 0x0000028F
In clock cycle: 333548
Register Write to Reg: 0x01 Val: 0xFFFFFFF0
In clock cycle: 333549
Register Write to Reg: 0x05 Val: 0x0000028F
In clock cycle: 333550
Register Write to Reg: 0x06 Val: 0x00000290
In clock cycle: 333551
Register Write to Reg: 0x01 Val: 0x00000024
In clock cycle: 333552
Register Write to Reg: 0x05 Val: 0x00000290
In clock cycle: 333553
Register Write to Reg: 0x06 Val: 0x00000290
In clock cycle: 334564
Register Write to Reg: 0x06 Val: 0x00000291
In clock cycle: 334565
Register Write to Reg: 0x01 Val: 0x00000014
In clock cycle: 334566
Register Write to Reg: 0x05 Val: 0x00000291
In clock cycle: 334567
Register Write to Reg: 0x06 Val: 0x00000291
In clock cycle: 334568
Register Write to Reg: 0x01 Val: 0xFFFFFFF0
In clock cycle: 334569
Register Write to Reg: 0x05 Val: 0x00000291
In clock cycle: 334570
Register Write to Reg: 0x06 Val: 0x00000292
In clock cycle: 334571
Register Write to Reg: 0x01 Val: 0x00000024
In clock cycle: 334572
Register Write to Reg: 0x05 Val: 0x00000292
In clock cycle: 334573
Register Write to Reg: 0x06 Val: 0x00000292
In clock cycle: 335584
Register Write to Reg: 0x06 Val: 0x00000293
In clock cycle: 335585
Register Write to Reg: 0x01 Val: 0x00000014
In clock cycle: 335586
Register Write to Reg: 0x05 Val: 0x00000293
In clock cycle: 335587
Register Write to Reg: 0x06 Val: 0x00000293
In clock cycle: 335588
Register Write to Reg: 0x01 Val: 0xFFFFFFF0
In clock cycle: 335589
Register Write to Reg: 0x05 Val: 0x00000293
In clock cycle: 335590
Register Write to Reg: 0x06 Val: 0x00000294
In clock cycle: 335591
Register Write to Reg: 0x01 Val: 0x00000024
In clock cycle: 335592
Register Write to Reg: 0x05 Val: 0x00000294
In clock cycle: 335593
Register Write to Reg: 0x06 Val: 0x00000294
In clock cycle: 336604
Register Write to Reg: 0x06 Val: 0x00000295
In clock cycle: 336605
Register Write to Reg: 0x01 Val: 0x00000014
In clock cycle: 336606
Register Write to Reg: 0x05 Val: 0x00000295
In clock cycle: 336607
Register Write to Reg: 0x06 Val: 0x00000295
In clock cycle: 336608
Register Write to Reg: 0x01 Val: 0xFFFFFFF0
In clock cycle: 336609
Register Write to Reg: 0x05 Val: 0x00000295
In clock cycle: 336610
Register Write to Reg: 0x06 Val: 0x00000296
In clock cycle: 336611
Register Write to Reg: 0x01 Val: 0x00000024
In clock cycle: 336612
Register Write to Reg: 0x05 Val: 0x00000296
In clock cycle: 336613
Register Write to Reg: 0x06 Val: 0x00000296
In clock cycle: 337624
Register Write to Reg: 0x06 Val: 0x00000297
In clock cycle: 337625
Register Write to Reg: 0x01 Val: 0x00000014
In clock cycle: 337626
Register Write to Reg: 0x05 Val: 0x00000297
In clock cycle: 337627
Register Write to Reg: 0x06 Val: 0x00000297
In clock cycle: 337628
Register Write to Reg: 0x01 Val: 0xFFFFFFF0
In clock cycle: 337629
Register Write to Reg: 0x05 Val: 0x00000297
In clock cycle: 337630
Register Write to Reg: 0x06 Val: 0x00000298
In clock cycle: 337631
Register Write to Reg: 0x01 Val: 0x00000024
In clock cycle: 337632
Register Write to Reg: 0x05 Val: 0x00000298
In clock cycle: 337633
Register Write to Reg: 0x06 Val: 0x00000298
In clock cycle: 338644
Register Write to Reg: 0x06 Val: 0x00000299
In clock cycle: 338645
Register Write to Reg: 0x01 Val: 0x00000014
In clock cycle: 338646
Register Write to Reg: 0x05 Val: 0x00000299
In clock cycle: 338647
Register Write to Reg: 0x06 Val: 0x00000299
In clock cycle: 338648
Register Write to Reg: 0x01 Val: 0xFFFFFFF0
In clock cycle: 338649
Register Write to Reg: 0x05 Val: 0x00000299
In clock cycle: 338650
Register Write to Reg: 0x06 Val: 0x0000029A
In clock cycle: 338651
Register Write to Reg: 0x01 Val: 0x00000024
In clock cycle: 338652
Register Write to Reg: 0x05 Val: 0x0000029A
In clock cycle: 338653
Register Write to Reg: 0x06 Val: 0x0000029A
In clock cycle: 339664
Register Write to Reg: 0x06 Val: 0x0000029B
In clock cycle: 339665
Register Write to Reg: 0x01 Val: 0x00000014
In clock cycle: 339666
Register Write to Reg: 0x05 Val: 0x0000029B
In clock cycle: 339667
Register Write to Reg: 0x06 Val: 0x0000029B
In clock cycle: 339668
Register Write to Reg: 0x01 Val: 0xFFFFFFF0
In clock cycle: 339669
Register Write to Reg: 0x05 Val: 0x0000029B
In clock cycle: 339670
Register Write to Reg: 0x06 Val: 0x0000029C
In clock cycle: 339671
Register Write to Reg: 0x01 Val: 0x00000024
In clock cycle: 339672
Register Write to Reg: 0x05 Val: 0x0000029C
In clock cycle: 339673
Register Write to Reg: 0x06 Val: 0x0000029C
In clock cycle: 340684
Register Write to Reg: 0x06 Val: 0x0000029D
In clock cycle: 340685
Register Write to Reg: 0x01 Val: 0x00000014
In clock cycle: 340686
Register Write to Reg: 0x05 Val: 0x0000029D
In clock cycle: 340687
Register Write to Reg: 0x06 Val: 0x0000029D
In clock cycle: 340688
Register Write to Reg: 0x01 Val: 0xFFFFFFF0
In clock cycle: 340689
Register Write to Reg: 0x05 Val: 0x0000029D
In clock cycle: 340690
Register Write to Reg: 0x06 Val: 0x0000029E
In clock cycle: 340691
Register Write to Reg: 0x01 Val: 0x00000024
In clock cycle: 340692
Register Write to Reg: 0x05 Val: 0x0000029E
In clock cycle: 340693
Register Write to Reg: 0x06 Val: 0x0000029E
In clock cycle: 341704
Register Write to Reg: 0x06 Val: 0x0000029F
In clock cycle: 341705
Register Write to Reg: 0x01 Val: 0x00000014
In clock cycle: 341706
Register Write to Reg: 0x05 Val: 0x0000029F
In clock cycle: 341707
Register Write to Reg: 0x06 Val: 0x0000029F
In clock cycle: 341708
Register Write to Reg: 0x01 Val: 0xFFFFFFF0
In clock cycle: 341709
Register Write to Reg: 0x05 Val: 0x0000029F
In clock cycle: 341710
Register Write to Reg: 0x06 Val: 0x000002A0
In clock cycle: 341711
Register Write to Reg: 0x01 Val: 0x00000024
In clock cycle: 341712
Register Write to Reg: 0x05 Val: 0x000002A0
In clock cycle: 341713
Register Write to Reg: 0x06 Val: 0x000002A0
In clock cycle: 342724
Register Write to Reg: 0x06 Val: 0x000002A1
In clock cycle: 342725
Register Write to Reg: 0x01 Val: 0x00000014
In clock cycle: 342726
Register Write to Reg: 0x05 Val: 0x000002A1
In clock cycle: 342727
Register Write to Reg: 0x06 Val: 0x000002A1
In clock cycle: 342728
Register Write to Reg: 0x01 Val: 0xFFFFFFF0
In clock cycle: 342729
Register Write to Reg: 0x05 Val: 0x000002A1
In clock cycle: 342730
Register Write to Reg: 0x06 Val: 0x000002A2
In clock cycle: 342731
Register Write to Reg: 0x01 Val: 0x00000024
In clock cycle: 342732
Register Write to Reg: 0x05 Val: 0x000002A2
In clock cycle: 342733
Register Write to Reg: 0x06 Val: 0x000002A2
In clock cycle: 343744
Register Write to Reg: 0x06 Val: 0x000002A3
In clock cycle: 343745
Register Write to Reg: 0x01 Val: 0x00000014
In clock cycle: 343746
Register Write to Reg: 0x05 Val: 0x000002A3
In clock cycle: 343747
Register Write to Reg: 0x06 Val: 0x000002A3
In clock cycle: 343748
Register Write to Reg: 0x01 Val: 0xFFFFFFF0
In clock cycle: 343749
Register Write to Reg: 0x05 Val: 0x000002A3
In clock cycle: 343750
Register Write to Reg: 0x06 Val: 0x000002A4
In clock cycle: 343751
Register Write to Reg: 0x01 Val: 0x00000024
In clock cycle: 343752
Register Write to Reg: 0x05 Val: 0x000002A4
In clock cycle: 343753
Register Write to Reg: 0x06 Val: 0x000002A4
In clock cycle: 344764
Register Write to Reg: 0x06 Val: 0x000002A5
In clock cycle: 344765
Register Write to Reg: 0x01 Val: 0x00000014
In clock cycle: 344766
Register Write to Reg: 0x05 Val: 0x000002A5
In clock cycle: 344767
Register Write to Reg: 0x06 Val: 0x000002A5
In clock cycle: 344768
Register Write to Reg: 0x01 Val: 0xFFFFFFF0
In clock cycle: 344769
Register Write to Reg: 0x05 Val: 0x000002A5
In clock cycle: 344770
Register Write to Reg: 0x06 Val: 0x000002A6
In clock cycle: 344771
Register Write to Reg: 0x01 Val: 0x00000024
In clock cycle: 344772
Register Write to Reg: 0x05 Val: 0x000002A6
In clock cycle: 344773
Register Write to Reg: 0x06 Val: 0x000002A6
In clock cycle: 345784
Register Write to Reg: 0x06 Val: 0x000002A7
In clock cycle: 345785
Register Write to Reg: 0x01 Val: 0x00000014
In clock cycle: 345786
Register Write to Reg: 0x05 Val: 0x000002A7
In clock cycle: 345787
Register Write to Reg: 0x06 Val: 0x000002A7
In clock cycle: 345788
Register Write to Reg: 0x01 Val: 0xFFFFFFF0
In clock cycle: 345789
Register Write to Reg: 0x05 Val: 0x000002A7
In clock cycle: 345790
Register Write to Reg: 0x06 Val: 0x000002A8
In clock cycle: 345791
Register Write to Reg: 0x01 Val: 0x00000024
In clock cycle: 345792
Register Write to Reg: 0x05 Val: 0x000002A8
In clock cycle: 345793
Register Write to Reg: 0x06 Val: 0x000002A8
In clock cycle: 346804
Register Write to Reg: 0x06 Val: 0x000002A9
In clock cycle: 346805
Register Write to Reg: 0x01 Val: 0x00000014
In clock cycle: 346806
Register Write to Reg: 0x05 Val: 0x000002A9
In clock cycle: 346807
Register Write to Reg: 0x06 Val: 0x000002A9
In clock cycle: 346808
Register Write to Reg: 0x01 Val: 0xFFFFFFF0
In clock cycle: 346809
Register Write to Reg: 0x05 Val: 0x000002A9
In clock cycle: 346810
Register Write to Reg: 0x06 Val: 0x000002AA
In clock cycle: 346811
Register Write to Reg: 0x01 Val: 0x00000024
In clock cycle: 346812
Register Write to Reg: 0x05 Val: 0x000002AA
In clock cycle: 346813
Register Write to Reg: 0x06 Val: 0x000002AA
In clock cycle: 347824
Register Write to Reg: 0x06 Val: 0x000002AB
In clock cycle: 347825
Register Write to Reg: 0x01 Val: 0x00000014
In clock cycle: 347826
Register Write to Reg: 0x05 Val: 0x000002AB
In clock cycle: 347827
Register Write to Reg: 0x06 Val: 0x000002AB
In clock cycle: 347828
Register Write to Reg: 0x01 Val: 0xFFFFFFF0
In clock cycle: 347829
Register Write to Reg: 0x05 Val: 0x000002AB
In clock cycle: 347830
Register Write to Reg: 0x06 Val: 0x000002AC
In clock cycle: 347831
Register Write to Reg: 0x01 Val: 0x00000024
In clock cycle: 347832
Register Write to Reg: 0x05 Val: 0x000002AC
In clock cycle: 347833
Register Write to Reg: 0x06 Val: 0x000002AC
In clock cycle: 348844
Register Write to Reg: 0x06 Val: 0x000002AD
In clock cycle: 348845
Register Write to Reg: 0x01 Val: 0x00000014
In clock cycle: 348846
Register Write to Reg: 0x05 Val: 0x000002AD
In clock cycle: 348847
Register Write to Reg: 0x06 Val: 0x000002AD
In clock cycle: 348848
Register Write to Reg: 0x01 Val: 0xFFFFFFF0
In clock cycle: 348849
Register Write to Reg: 0x05 Val: 0x000002AD
In clock cycle: 348850
Register Write to Reg: 0x06 Val: 0x000002AE
In clock cycle: 348851
Register Write to Reg: 0x01 Val: 0x00000024
In clock cycle: 348852
Register Write to Reg: 0x05 Val: 0x000002AE
In clock cycle: 348853
Register Write to Reg: 0x06 Val: 0x000002AE
In clock cycle: 349864
Register Write to Reg: 0x06 Val: 0x000002AF
In clock cycle: 349865
Register Write to Reg: 0x01 Val: 0x00000014
In clock cycle: 349866
Register Write to Reg: 0x05 Val: 0x000002AF
In clock cycle: 349867
Register Write to Reg: 0x06 Val: 0x000002AF
In clock cycle: 349868
Register Write to Reg: 0x01 Val: 0xFFFFFFF0
In clock cycle: 349869
Register Write to Reg: 0x05 Val: 0x000002AF
In clock cycle: 349870
Register Write to Reg: 0x06 Val: 0x000002B0
In clock cycle: 349871
Register Write to Reg: 0x01 Val: 0x00000024
In clock cycle: 349872
Register Write to Reg: 0x05 Val: 0x000002B0
In clock cycle: 349873
Register Write to Reg: 0x06 Val: 0x000002B0
In clock cycle: 350884
Register Write to Reg: 0x06 Val: 0x000002B1
In clock cycle: 350885
Register Write to Reg: 0x01 Val: 0x00000014
In clock cycle: 350886
Register Write to Reg: 0x05 Val: 0x000002B1
In clock cycle: 350887
Register Write to Reg: 0x06 Val: 0x000002B1
In clock cycle: 350888
Register Write to Reg: 0x01 Val: 0xFFFFFFF0
In clock cycle: 350889
Register Write to Reg: 0x05 Val: 0x000002B1
In clock cycle: 350890
Register Write to Reg: 0x06 Val: 0x000002B2
In clock cycle: 350891
Register Write to Reg: 0x01 Val: 0x00000024
In clock cycle: 350892
Register Write to Reg: 0x05 Val: 0x000002B2
In clock cycle: 350893
Register Write to Reg: 0x06 Val: 0x000002B2
In clock cycle: 351904
Register Write to Reg: 0x06 Val: 0x000002B3
In clock cycle: 351905
Register Write to Reg: 0x01 Val: 0x00000014
In clock cycle: 351906
Register Write to Reg: 0x05 Val: 0x000002B3
In clock cycle: 351907
Register Write to Reg: 0x06 Val: 0x000002B3
In clock cycle: 351908
Register Write to Reg: 0x01 Val: 0xFFFFFFF0
In clock cycle: 351909
Register Write to Reg: 0x05 Val: 0x000002B3
In clock cycle: 351910
Register Write to Reg: 0x06 Val: 0x000002B4
In clock cycle: 351911
Register Write to Reg: 0x01 Val: 0x00000024
In clock cycle: 351912
Register Write to Reg: 0x05 Val: 0x000002B4
In clock cycle: 351913
Register Write to Reg: 0x06 Val: 0x000002B4
In clock cycle: 352924
Register Write to Reg: 0x06 Val: 0x000002B5
In clock cycle: 352925
Register Write to Reg: 0x01 Val: 0x00000014
In clock cycle: 352926
Register Write to Reg: 0x05 Val: 0x000002B5
In clock cycle: 352927
Register Write to Reg: 0x06 Val: 0x000002B5
In clock cycle: 352928
Register Write to Reg: 0x01 Val: 0xFFFFFFF0
In clock cycle: 352929
Register Write to Reg: 0x05 Val: 0x000002B5
In clock cycle: 352930
Register Write to Reg: 0x06 Val: 0x000002B6
In clock cycle: 352931
Register Write to Reg: 0x01 Val: 0x00000024
In clock cycle: 352932
Register Write to Reg: 0x05 Val: 0x000002B6
In clock cycle: 352933
Register Write to Reg: 0x06 Val: 0x000002B6
In clock cycle: 353944
Register Write to Reg: 0x06 Val: 0x000002B7
In clock cycle: 353945
Register Write to Reg: 0x01 Val: 0x00000014
In clock cycle: 353946
Register Write to Reg: 0x05 Val: 0x000002B7
In clock cycle: 353947
Register Write to Reg: 0x06 Val: 0x000002B7
In clock cycle: 353948
Register Write to Reg: 0x01 Val: 0xFFFFFFF0
In clock cycle: 353949
Register Write to Reg: 0x05 Val: 0x000002B7
In clock cycle: 353950
Register Write to Reg: 0x06 Val: 0x000002B8
In clock cycle: 353951
Register Write to Reg: 0x01 Val: 0x00000024
In clock cycle: 353952
Register Write to Reg: 0x05 Val: 0x000002B8
In clock cycle: 353953
Register Write to Reg: 0x06 Val: 0x000002B8
In clock cycle: 354964
Register Write to Reg: 0x06 Val: 0x000002B9
In clock cycle: 354965
Register Write to Reg: 0x01 Val: 0x00000014
In clock cycle: 354966
Register Write to Reg: 0x05 Val: 0x000002B9
In clock cycle: 354967
Register Write to Reg: 0x06 Val: 0x000002B9
In clock cycle: 354968
Register Write to Reg: 0x01 Val: 0xFFFFFFF0
In clock cycle: 354969
Register Write to Reg: 0x05 Val: 0x000002B9
In clock cycle: 354970
Register Write to Reg: 0x06 Val: 0x000002BA
In clock cycle: 354971
Register Write to Reg: 0x01 Val: 0x00000024
In clock cycle: 354972
Register Write to Reg: 0x05 Val: 0x000002BA
In clock cycle: 354973
Register Write to Reg: 0x06 Val: 0x000002BA
In clock cycle: 355984
Register Write to Reg: 0x06 Val: 0x000002BB
In clock cycle: 355985
Register Write to Reg: 0x01 Val: 0x00000014
In clock cycle: 355986
Register Write to Reg: 0x05 Val: 0x000002BB
In clock cycle: 355987
Register Write to Reg: 0x06 Val: 0x000002BB
In clock cycle: 355988
Register Write to Reg: 0x01 Val: 0xFFFFFFF0
In clock cycle: 355989
Register Write to Reg: 0x05 Val: 0x000002BB
In clock cycle: 355990
Register Write to Reg: 0x06 Val: 0x000002BC
In clock cycle: 355991
Register Write to Reg: 0x01 Val: 0x00000024
In clock cycle: 355992
Register Write to Reg: 0x05 Val: 0x000002BC
In clock cycle: 355993
Register Write to Reg: 0x06 Val: 0x000002BC
In clock cycle: 357004
Register Write to Reg: 0x06 Val: 0x000002BD
In clock cycle: 357005
Register Write to Reg: 0x01 Val: 0x00000014
In clock cycle: 357006
Register Write to Reg: 0x05 Val: 0x000002BD
In clock cycle: 357007
Register Write to Reg: 0x06 Val: 0x000002BD
In clock cycle: 357008
Register Write to Reg: 0x01 Val: 0xFFFFFFF0
In clock cycle: 357009
Register Write to Reg: 0x05 Val: 0x000002BD
In clock cycle: 357010
Register Write to Reg: 0x06 Val: 0x000002BE
In clock cycle: 357011
Register Write to Reg: 0x01 Val: 0x00000024
In clock cycle: 357012
Register Write to Reg: 0x05 Val: 0x000002BE
In clock cycle: 357013
Register Write to Reg: 0x06 Val: 0x000002BE
In clock cycle: 358024
Register Write to Reg: 0x06 Val: 0x000002BF
In clock cycle: 358025
Register Write to Reg: 0x01 Val: 0x00000014
In clock cycle: 358026
Register Write to Reg: 0x05 Val: 0x000002BF
In clock cycle: 358027
Register Write to Reg: 0x06 Val: 0x000002BF
In clock cycle: 358028
Register Write to Reg: 0x01 Val: 0xFFFFFFF0
In clock cycle: 358029
Register Write to Reg: 0x05 Val: 0x000002BF
In clock cycle: 358030
Register Write to Reg: 0x06 Val: 0x000002C0
In clock cycle: 358031
Register Write to Reg: 0x01 Val: 0x00000024
In clock cycle: 358032
Register Write to Reg: 0x05 Val: 0x000002C0
In clock cycle: 358033
Register Write to Reg: 0x06 Val: 0x000002C0
In clock cycle: 359044
Register Write to Reg: 0x06 Val: 0x000002C1
In clock cycle: 359045
Register Write to Reg: 0x01 Val: 0x00000014
In clock cycle: 359046
Register Write to Reg: 0x05 Val: 0x000002C1
In clock cycle: 359047
Register Write to Reg: 0x06 Val: 0x000002C1
In clock cycle: 359048
Register Write to Reg: 0x01 Val: 0xFFFFFFF0
In clock cycle: 359049
Register Write to Reg: 0x05 Val: 0x000002C1
In clock cycle: 359050
Register Write to Reg: 0x06 Val: 0x000002C2
In clock cycle: 359051
Register Write to Reg: 0x01 Val: 0x00000024
In clock cycle: 359052
Register Write to Reg: 0x05 Val: 0x000002C2
In clock cycle: 359053
Register Write to Reg: 0x06 Val: 0x000002C2
In clock cycle: 360064
Register Write to Reg: 0x06 Val: 0x000002C3
In clock cycle: 360065
Register Write to Reg: 0x01 Val: 0x00000014
In clock cycle: 360066
Register Write to Reg: 0x05 Val: 0x000002C3
In clock cycle: 360067
Register Write to Reg: 0x06 Val: 0x000002C3
In clock cycle: 360068
Register Write to Reg: 0x01 Val: 0xFFFFFFF0
In clock cycle: 360069
Register Write to Reg: 0x05 Val: 0x000002C3
In clock cycle: 360070
Register Write to Reg: 0x06 Val: 0x000002C4
In clock cycle: 360071
Register Write to Reg: 0x01 Val: 0x00000024
In clock cycle: 360072
Register Write to Reg: 0x05 Val: 0x000002C4
In clock cycle: 360073
Register Write to Reg: 0x06 Val: 0x000002C4
In clock cycle: 361084
Register Write to Reg: 0x06 Val: 0x000002C5
In clock cycle: 361085
Register Write to Reg: 0x01 Val: 0x00000014
In clock cycle: 361086
Register Write to Reg: 0x05 Val: 0x000002C5
In clock cycle: 361087
Register Write to Reg: 0x06 Val: 0x000002C5
In clock cycle: 361088
Register Write to Reg: 0x01 Val: 0xFFFFFFF0
In clock cycle: 361089
Register Write to Reg: 0x05 Val: 0x000002C5
In clock cycle: 361090
Register Write to Reg: 0x06 Val: 0x000002C6
In clock cycle: 361091
Register Write to Reg: 0x01 Val: 0x00000024
In clock cycle: 361092
Register Write to Reg: 0x05 Val: 0x000002C6
In clock cycle: 361093
Register Write to Reg: 0x06 Val: 0x000002C6
In clock cycle: 362104
Register Write to Reg: 0x06 Val: 0x000002C7
In clock cycle: 362105
Register Write to Reg: 0x01 Val: 0x00000014
In clock cycle: 362106
Register Write to Reg: 0x05 Val: 0x000002C7
In clock cycle: 362107
Register Write to Reg: 0x06 Val: 0x000002C7
In clock cycle: 362108
Register Write to Reg: 0x01 Val: 0xFFFFFFF0
In clock cycle: 362109
Register Write to Reg: 0x05 Val: 0x000002C7
In clock cycle: 362110
Register Write to Reg: 0x06 Val: 0x000002C8
In clock cycle: 362111
Register Write to Reg: 0x01 Val: 0x00000024
In clock cycle: 362112
Register Write to Reg: 0x05 Val: 0x000002C8
In clock cycle: 362113
Register Write to Reg: 0x06 Val: 0x000002C8
In clock cycle: 363124
Register Write to Reg: 0x06 Val: 0x000002C9
In clock cycle: 363125
Register Write to Reg: 0x01 Val: 0x00000014
In clock cycle: 363126
Register Write to Reg: 0x05 Val: 0x000002C9
In clock cycle: 363127
Register Write to Reg: 0x06 Val: 0x000002C9
In clock cycle: 363128
Register Write to Reg: 0x01 Val: 0xFFFFFFF0
In clock cycle: 363129
Register Write to Reg: 0x05 Val: 0x000002C9
In clock cycle: 363130
Register Write to Reg: 0x06 Val: 0x000002CA
In clock cycle: 363131
Register Write to Reg: 0x01 Val: 0x00000024
In clock cycle: 363132
Register Write to Reg: 0x05 Val: 0x000002CA
In clock cycle: 363133
Register Write to Reg: 0x06 Val: 0x000002CA
In clock cycle: 364144
Register Write to Reg: 0x06 Val: 0x000002CB
In clock cycle: 364145
Register Write to Reg: 0x01 Val: 0x00000014
In clock cycle: 364146
Register Write to Reg: 0x05 Val: 0x000002CB
In clock cycle: 364147
Register Write to Reg: 0x06 Val: 0x000002CB
In clock cycle: 364148
Register Write to Reg: 0x01 Val: 0xFFFFFFF0
In clock cycle: 364149
Register Write to Reg: 0x05 Val: 0x000002CB
In clock cycle: 364150
Register Write to Reg: 0x06 Val: 0x000002CC
In clock cycle: 364151
Register Write to Reg: 0x01 Val: 0x00000024
In clock cycle: 364152
Register Write to Reg: 0x05 Val: 0x000002CC
In clock cycle: 364153
Register Write to Reg: 0x06 Val: 0x000002CC
In clock cycle: 365164
Register Write to Reg: 0x06 Val: 0x000002CD
In clock cycle: 365165
Register Write to Reg: 0x01 Val: 0x00000014
In clock cycle: 365166
Register Write to Reg: 0x05 Val: 0x000002CD
In clock cycle: 365167
Register Write to Reg: 0x06 Val: 0x000002CD
In clock cycle: 365168
Register Write to Reg: 0x01 Val: 0xFFFFFFF0
In clock cycle: 365169
Register Write to Reg: 0x05 Val: 0x000002CD
In clock cycle: 365170
Register Write to Reg: 0x06 Val: 0x000002CE
In clock cycle: 365171
Register Write to Reg: 0x01 Val: 0x00000024
In clock cycle: 365172
Register Write to Reg: 0x05 Val: 0x000002CE
In clock cycle: 365173
Register Write to Reg: 0x06 Val: 0x000002CE
In clock cycle: 366184
Register Write to Reg: 0x06 Val: 0x000002CF
In clock cycle: 366185
Register Write to Reg: 0x01 Val: 0x00000014
In clock cycle: 366186
Register Write to Reg: 0x05 Val: 0x000002CF
In clock cycle: 366187
Register Write to Reg: 0x06 Val: 0x000002CF
In clock cycle: 366188
Register Write to Reg: 0x01 Val: 0xFFFFFFF0
In clock cycle: 366189
Register Write to Reg: 0x05 Val: 0x000002CF
In clock cycle: 366190
Register Write to Reg: 0x06 Val: 0x000002D0
In clock cycle: 366191
Register Write to Reg: 0x01 Val: 0x00000024
In clock cycle: 366192
Register Write to Reg: 0x05 Val: 0x000002D0
In clock cycle: 366193
Register Write to Reg: 0x06 Val: 0x000002D0
In clock cycle: 367204
Register Write to Reg: 0x06 Val: 0x000002D1
In clock cycle: 367205
Register Write to Reg: 0x01 Val: 0x00000014
In clock cycle: 367206
Register Write to Reg: 0x05 Val: 0x000002D1
In clock cycle: 367207
Register Write to Reg: 0x06 Val: 0x000002D1
In clock cycle: 367208
Register Write to Reg: 0x01 Val: 0xFFFFFFF0
In clock cycle: 367209
Register Write to Reg: 0x05 Val: 0x000002D1
In clock cycle: 367210
Register Write to Reg: 0x06 Val: 0x000002D2
In clock cycle: 367211
Register Write to Reg: 0x01 Val: 0x00000024
In clock cycle: 367212
Register Write to Reg: 0x05 Val: 0x000002D2
In clock cycle: 367213
Register Write to Reg: 0x06 Val: 0x000002D2
In clock cycle: 368224
Register Write to Reg: 0x06 Val: 0x000002D3
In clock cycle: 368225
Register Write to Reg: 0x01 Val: 0x00000014
In clock cycle: 368226
Register Write to Reg: 0x05 Val: 0x000002D3
In clock cycle: 368227
Register Write to Reg: 0x06 Val: 0x000002D3
In clock cycle: 368228
Register Write to Reg: 0x01 Val: 0xFFFFFFF0
In clock cycle: 368229
Register Write to Reg: 0x05 Val: 0x000002D3
In clock cycle: 368230
Register Write to Reg: 0x06 Val: 0x000002D4
In clock cycle: 368231
Register Write to Reg: 0x01 Val: 0x00000024
In clock cycle: 368232
Register Write to Reg: 0x05 Val: 0x000002D4
In clock cycle: 368233
Register Write to Reg: 0x06 Val: 0x000002D4
In clock cycle: 369244
Register Write to Reg: 0x06 Val: 0x000002D5
In clock cycle: 369245
Register Write to Reg: 0x01 Val: 0x00000014
In clock cycle: 369246
Register Write to Reg: 0x05 Val: 0x000002D5
In clock cycle: 369247
Register Write to Reg: 0x06 Val: 0x000002D5
In clock cycle: 369248
Register Write to Reg: 0x01 Val: 0xFFFFFFF0
In clock cycle: 369249
Register Write to Reg: 0x05 Val: 0x000002D5
In clock cycle: 369250
Register Write to Reg: 0x06 Val: 0x000002D6
In clock cycle: 369251
Register Write to Reg: 0x01 Val: 0x00000024
In clock cycle: 369252
Register Write to Reg: 0x05 Val: 0x000002D6
In clock cycle: 369253
Register Write to Reg: 0x06 Val: 0x000002D6
In clock cycle: 370264
Register Write to Reg: 0x06 Val: 0x000002D7
In clock cycle: 370265
Register Write to Reg: 0x01 Val: 0x00000014
In clock cycle: 370266
Register Write to Reg: 0x05 Val: 0x000002D7
In clock cycle: 370267
Register Write to Reg: 0x06 Val: 0x000002D7
In clock cycle: 370268
Register Write to Reg: 0x01 Val: 0xFFFFFFF0
In clock cycle: 370269
Register Write to Reg: 0x05 Val: 0x000002D7
In clock cycle: 370270
Register Write to Reg: 0x06 Val: 0x000002D8
In clock cycle: 370271
Register Write to Reg: 0x01 Val: 0x00000024
In clock cycle: 370272
Register Write to Reg: 0x05 Val: 0x000002D8
In clock cycle: 370273
Register Write to Reg: 0x06 Val: 0x000002D8
In clock cycle: 371284
Register Write to Reg: 0x06 Val: 0x000002D9
In clock cycle: 371285
Register Write to Reg: 0x01 Val: 0x00000014
In clock cycle: 371286
Register Write to Reg: 0x05 Val: 0x000002D9
In clock cycle: 371287
Register Write to Reg: 0x06 Val: 0x000002D9
In clock cycle: 371288
Register Write to Reg: 0x01 Val: 0xFFFFFFF0
In clock cycle: 371289
Register Write to Reg: 0x05 Val: 0x000002D9
In clock cycle: 371290
Register Write to Reg: 0x06 Val: 0x000002DA
In clock cycle: 371291
Register Write to Reg: 0x01 Val: 0x00000024
In clock cycle: 371292
Register Write to Reg: 0x05 Val: 0x000002DA
In clock cycle: 371293
Register Write to Reg: 0x06 Val: 0x000002DA
In clock cycle: 372304
Register Write to Reg: 0x06 Val: 0x000002DB
In clock cycle: 372305
Register Write to Reg: 0x01 Val: 0x00000014
In clock cycle: 372306
Register Write to Reg: 0x05 Val: 0x000002DB
In clock cycle: 372307
Register Write to Reg: 0x06 Val: 0x000002DB
In clock cycle: 372308
Register Write to Reg: 0x01 Val: 0xFFFFFFF0
In clock cycle: 372309
Register Write to Reg: 0x05 Val: 0x000002DB
In clock cycle: 372310
Register Write to Reg: 0x06 Val: 0x000002DC
In clock cycle: 372311
Register Write to Reg: 0x01 Val: 0x00000024
In clock cycle: 372312
Register Write to Reg: 0x05 Val: 0x000002DC
In clock cycle: 372313
Register Write to Reg: 0x06 Val: 0x000002DC
In clock cycle: 373324
Register Write to Reg: 0x06 Val: 0x000002DD
In clock cycle: 373325
Register Write to Reg: 0x01 Val: 0x00000014
In clock cycle: 373326
Register Write to Reg: 0x05 Val: 0x000002DD
In clock cycle: 373327
Register Write to Reg: 0x06 Val: 0x000002DD
In clock cycle: 373328
Register Write to Reg: 0x01 Val: 0xFFFFFFF0
In clock cycle: 373329
Register Write to Reg: 0x05 Val: 0x000002DD
In clock cycle: 373330
Register Write to Reg: 0x06 Val: 0x000002DE
In clock cycle: 373331
Register Write to Reg: 0x01 Val: 0x00000024
In clock cycle: 373332
Register Write to Reg: 0x05 Val: 0x000002DE
In clock cycle: 373333
Register Write to Reg: 0x06 Val: 0x000002DE
In clock cycle: 374344
Register Write to Reg: 0x06 Val: 0x000002DF
In clock cycle: 374345
Register Write to Reg: 0x01 Val: 0x00000014
In clock cycle: 374346
Register Write to Reg: 0x05 Val: 0x000002DF
In clock cycle: 374347
Register Write to Reg: 0x06 Val: 0x000002DF
In clock cycle: 374348
Register Write to Reg: 0x01 Val: 0xFFFFFFF0
In clock cycle: 374349
Register Write to Reg: 0x05 Val: 0x000002DF
In clock cycle: 374350
Register Write to Reg: 0x06 Val: 0x000002E0
In clock cycle: 374351
Register Write to Reg: 0x01 Val: 0x00000024
In clock cycle: 374352
Register Write to Reg: 0x05 Val: 0x000002E0
In clock cycle: 374353
Register Write to Reg: 0x06 Val: 0x000002E0
In clock cycle: 375364
Register Write to Reg: 0x06 Val: 0x000002E1
In clock cycle: 375365
Register Write to Reg: 0x01 Val: 0x00000014
In clock cycle: 375366
Register Write to Reg: 0x05 Val: 0x000002E1
In clock cycle: 375367
Register Write to Reg: 0x06 Val: 0x000002E1
In clock cycle: 375368
Register Write to Reg: 0x01 Val: 0xFFFFFFF0
In clock cycle: 375369
Register Write to Reg: 0x05 Val: 0x000002E1
In clock cycle: 375370
Register Write to Reg: 0x06 Val: 0x000002E2
In clock cycle: 375371
Register Write to Reg: 0x01 Val: 0x00000024
In clock cycle: 375372
Register Write to Reg: 0x05 Val: 0x000002E2
In clock cycle: 375373
Register Write to Reg: 0x06 Val: 0x000002E2
In clock cycle: 376384
Register Write to Reg: 0x06 Val: 0x000002E3
In clock cycle: 376385
Register Write to Reg: 0x01 Val: 0x00000014
In clock cycle: 376386
Register Write to Reg: 0x05 Val: 0x000002E3
In clock cycle: 376387
Register Write to Reg: 0x06 Val: 0x000002E3
In clock cycle: 376388
Register Write to Reg: 0x01 Val: 0xFFFFFFF0
In clock cycle: 376389
Register Write to Reg: 0x05 Val: 0x000002E3
In clock cycle: 376390
Register Write to Reg: 0x06 Val: 0x000002E4
In clock cycle: 376391
Register Write to Reg: 0x01 Val: 0x00000024
In clock cycle: 376392
Register Write to Reg: 0x05 Val: 0x000002E4
In clock cycle: 376393
Register Write to Reg: 0x06 Val: 0x000002E4
In clock cycle: 377404
Register Write to Reg: 0x06 Val: 0x000002E5
In clock cycle: 377405
Register Write to Reg: 0x01 Val: 0x00000014
In clock cycle: 377406
Register Write to Reg: 0x05 Val: 0x000002E5
In clock cycle: 377407
Register Write to Reg: 0x06 Val: 0x000002E5
In clock cycle: 377408
Register Write to Reg: 0x01 Val: 0xFFFFFFF0
In clock cycle: 377409
Register Write to Reg: 0x05 Val: 0x000002E5
In clock cycle: 377410
Register Write to Reg: 0x06 Val: 0x000002E6
In clock cycle: 377411
Register Write to Reg: 0x01 Val: 0x00000024
In clock cycle: 377412
Register Write to Reg: 0x05 Val: 0x000002E6
In clock cycle: 377413
Register Write to Reg: 0x06 Val: 0x000002E6
In clock cycle: 378424
Register Write to Reg: 0x06 Val: 0x000002E7
In clock cycle: 378425
Register Write to Reg: 0x01 Val: 0x00000014
In clock cycle: 378426
Register Write to Reg: 0x05 Val: 0x000002E7
In clock cycle: 378427
Register Write to Reg: 0x06 Val: 0x000002E7
In clock cycle: 378428
Register Write to Reg: 0x01 Val: 0xFFFFFFF0
In clock cycle: 378429
Register Write to Reg: 0x05 Val: 0x000002E7
In clock cycle: 378430
Register Write to Reg: 0x06 Val: 0x000002E8
In clock cycle: 378431
Register Write to Reg: 0x01 Val: 0x00000024
In clock cycle: 378432
Register Write to Reg: 0x05 Val: 0x000002E8
In clock cycle: 378433
Register Write to Reg: 0x06 Val: 0x000002E8
In clock cycle: 379444
Register Write to Reg: 0x06 Val: 0x000002E9
In clock cycle: 379445
Register Write to Reg: 0x01 Val: 0x00000014
In clock cycle: 379446
Register Write to Reg: 0x05 Val: 0x000002E9
In clock cycle: 379447
Register Write to Reg: 0x06 Val: 0x000002E9
In clock cycle: 379448
Register Write to Reg: 0x01 Val: 0xFFFFFFF0
In clock cycle: 379449
Register Write to Reg: 0x05 Val: 0x000002E9
In clock cycle: 379450
Register Write to Reg: 0x06 Val: 0x000002EA
In clock cycle: 379451
Register Write to Reg: 0x01 Val: 0x00000024
In clock cycle: 379452
Register Write to Reg: 0x05 Val: 0x000002EA
In clock cycle: 379453
Register Write to Reg: 0x06 Val: 0x000002EA
In clock cycle: 380464
Register Write to Reg: 0x06 Val: 0x000002EB
In clock cycle: 380465
Register Write to Reg: 0x01 Val: 0x00000014
In clock cycle: 380466
Register Write to Reg: 0x05 Val: 0x000002EB
In clock cycle: 380467
Register Write to Reg: 0x06 Val: 0x000002EB
In clock cycle: 380468
Register Write to Reg: 0x01 Val: 0xFFFFFFF0
In clock cycle: 380469
Register Write to Reg: 0x05 Val: 0x000002EB
In clock cycle: 380470
Register Write to Reg: 0x06 Val: 0x000002EC
In clock cycle: 380471
Register Write to Reg: 0x01 Val: 0x00000024
In clock cycle: 380472
Register Write to Reg: 0x05 Val: 0x000002EC
In clock cycle: 380473
Register Write to Reg: 0x06 Val: 0x000002EC
In clock cycle: 381484
Register Write to Reg: 0x06 Val: 0x000002ED
In clock cycle: 381485
Register Write to Reg: 0x01 Val: 0x00000014
In clock cycle: 381486
Register Write to Reg: 0x05 Val: 0x000002ED
In clock cycle: 381487
Register Write to Reg: 0x06 Val: 0x000002ED
In clock cycle: 381488
Register Write to Reg: 0x01 Val: 0xFFFFFFF0
In clock cycle: 381489
Register Write to Reg: 0x05 Val: 0x000002ED
In clock cycle: 381490
Register Write to Reg: 0x06 Val: 0x000002EE
In clock cycle: 381491
Register Write to Reg: 0x01 Val: 0x00000024
In clock cycle: 381492
Register Write to Reg: 0x05 Val: 0x000002EE
In clock cycle: 381493
Register Write to Reg: 0x06 Val: 0x000002EE
In clock cycle: 382504
Register Write to Reg: 0x06 Val: 0x000002EF
In clock cycle: 382505
Register Write to Reg: 0x01 Val: 0x00000014
In clock cycle: 382506
Register Write to Reg: 0x05 Val: 0x000002EF
In clock cycle: 382507
Register Write to Reg: 0x06 Val: 0x000002EF
In clock cycle: 382508
Register Write to Reg: 0x01 Val: 0xFFFFFFF0
In clock cycle: 382509
Register Write to Reg: 0x05 Val: 0x000002EF
In clock cycle: 382510
Register Write to Reg: 0x06 Val: 0x000002F0
In clock cycle: 382511
Register Write to Reg: 0x01 Val: 0x00000024
In clock cycle: 382512
Register Write to Reg: 0x05 Val: 0x000002F0
In clock cycle: 382513
Register Write to Reg: 0x06 Val: 0x000002F0
In clock cycle: 383524
Register Write to Reg: 0x06 Val: 0x000002F1
In clock cycle: 383525
Register Write to Reg: 0x01 Val: 0x00000014
In clock cycle: 383526
Register Write to Reg: 0x05 Val: 0x000002F1
In clock cycle: 383527
Register Write to Reg: 0x06 Val: 0x000002F1
In clock cycle: 383528
Register Write to Reg: 0x01 Val: 0xFFFFFFF0
In clock cycle: 383529
Register Write to Reg: 0x05 Val: 0x000002F1
In clock cycle: 383530
Register Write to Reg: 0x06 Val: 0x000002F2
In clock cycle: 383531
Register Write to Reg: 0x01 Val: 0x00000024
In clock cycle: 383532
Register Write to Reg: 0x05 Val: 0x000002F2
In clock cycle: 383533
Register Write to Reg: 0x06 Val: 0x000002F2
In clock cycle: 384544
Register Write to Reg: 0x06 Val: 0x000002F3
In clock cycle: 384545
Register Write to Reg: 0x01 Val: 0x00000014
In clock cycle: 384546
Register Write to Reg: 0x05 Val: 0x000002F3
In clock cycle: 384547
Register Write to Reg: 0x06 Val: 0x000002F3
In clock cycle: 384548
Register Write to Reg: 0x01 Val: 0xFFFFFFF0
In clock cycle: 384549
Register Write to Reg: 0x05 Val: 0x000002F3
In clock cycle: 384550
Register Write to Reg: 0x06 Val: 0x000002F4
In clock cycle: 384551
Register Write to Reg: 0x01 Val: 0x00000024
In clock cycle: 384552
Register Write to Reg: 0x05 Val: 0x000002F4
In clock cycle: 384553
Register Write to Reg: 0x06 Val: 0x000002F4
In clock cycle: 385564
Register Write to Reg: 0x06 Val: 0x000002F5
In clock cycle: 385565
Register Write to Reg: 0x01 Val: 0x00000014
In clock cycle: 385566
Register Write to Reg: 0x05 Val: 0x000002F5
In clock cycle: 385567
Register Write to Reg: 0x06 Val: 0x000002F5
In clock cycle: 385568
Register Write to Reg: 0x01 Val: 0xFFFFFFF0
In clock cycle: 385569
Register Write to Reg: 0x05 Val: 0x000002F5
In clock cycle: 385570
Register Write to Reg: 0x06 Val: 0x000002F6
In clock cycle: 385571
Register Write to Reg: 0x01 Val: 0x00000024
In clock cycle: 385572
Register Write to Reg: 0x05 Val: 0x000002F6
In clock cycle: 385573
Register Write to Reg: 0x06 Val: 0x000002F6
In clock cycle: 386584
Register Write to Reg: 0x06 Val: 0x000002F7
In clock cycle: 386585
Register Write to Reg: 0x01 Val: 0x00000014
In clock cycle: 386586
Register Write to Reg: 0x05 Val: 0x000002F7
In clock cycle: 386587
Register Write to Reg: 0x06 Val: 0x000002F7
In clock cycle: 386588
Register Write to Reg: 0x01 Val: 0xFFFFFFF0
In clock cycle: 386589
Register Write to Reg: 0x05 Val: 0x000002F7
In clock cycle: 386590
Register Write to Reg: 0x06 Val: 0x000002F8
In clock cycle: 386591
Register Write to Reg: 0x01 Val: 0x00000024
In clock cycle: 386592
Register Write to Reg: 0x05 Val: 0x000002F8
In clock cycle: 386593
Register Write to Reg: 0x06 Val: 0x000002F8
In clock cycle: 387604
Register Write to Reg: 0x06 Val: 0x000002F9
In clock cycle: 387605
Register Write to Reg: 0x01 Val: 0x00000014
In clock cycle: 387606
Register Write to Reg: 0x05 Val: 0x000002F9
In clock cycle: 387607
Register Write to Reg: 0x06 Val: 0x000002F9
In clock cycle: 387608
Register Write to Reg: 0x01 Val: 0xFFFFFFF0
In clock cycle: 387609
Register Write to Reg: 0x05 Val: 0x000002F9
In clock cycle: 387610
Register Write to Reg: 0x06 Val: 0x000002FA
In clock cycle: 387611
Register Write to Reg: 0x01 Val: 0x00000024
In clock cycle: 387612
Register Write to Reg: 0x05 Val: 0x000002FA
In clock cycle: 387613
Register Write to Reg: 0x06 Val: 0x000002FA
In clock cycle: 388624
Register Write to Reg: 0x06 Val: 0x000002FB
In clock cycle: 388625
Register Write to Reg: 0x01 Val: 0x00000014
In clock cycle: 388626
Register Write to Reg: 0x05 Val: 0x000002FB
In clock cycle: 388627
Register Write to Reg: 0x06 Val: 0x000002FB
In clock cycle: 388628
Register Write to Reg: 0x01 Val: 0xFFFFFFF0
In clock cycle: 388629
Register Write to Reg: 0x05 Val: 0x000002FB
In clock cycle: 388630
Register Write to Reg: 0x06 Val: 0x000002FC
In clock cycle: 388631
Register Write to Reg: 0x01 Val: 0x00000024
In clock cycle: 388632
Register Write to Reg: 0x05 Val: 0x000002FC
In clock cycle: 388633
Register Write to Reg: 0x06 Val: 0x000002FC
In clock cycle: 389644
Register Write to Reg: 0x06 Val: 0x000002FD
In clock cycle: 389645
Register Write to Reg: 0x01 Val: 0x00000014
In clock cycle: 389646
Register Write to Reg: 0x05 Val: 0x000002FD
In clock cycle: 389647
Register Write to Reg: 0x06 Val: 0x000002FD
In clock cycle: 389648
Register Write to Reg: 0x01 Val: 0xFFFFFFF0
In clock cycle: 389649
Register Write to Reg: 0x05 Val: 0x000002FD
In clock cycle: 389650
Register Write to Reg: 0x06 Val: 0x000002FE
In clock cycle: 389651
Register Write to Reg: 0x01 Val: 0x00000024
In clock cycle: 389652
Register Write to Reg: 0x05 Val: 0x000002FE
In clock cycle: 389653
Register Write to Reg: 0x06 Val: 0x000002FE
In clock cycle: 390664
Register Write to Reg: 0x06 Val: 0x000002FF
In clock cycle: 390665
Register Write to Reg: 0x01 Val: 0x00000014
In clock cycle: 390666
Register Write to Reg: 0x05 Val: 0x000002FF
In clock cycle: 390667
Register Write to Reg: 0x06 Val: 0x000002FF
In clock cycle: 390668
Register Write to Reg: 0x01 Val: 0xFFFFFFF0
In clock cycle: 390669
Register Write to Reg: 0x05 Val: 0x000002FF
In clock cycle: 390670
Register Write to Reg: 0x06 Val: 0x00000300
In clock cycle: 390671
Register Write to Reg: 0x01 Val: 0x00000024
In clock cycle: 390672
Register Write to Reg: 0x05 Val: 0x00000300
In clock cycle: 390673
Register Write to Reg: 0x06 Val: 0x00000300
In clock cycle: 391684
Register Write to Reg: 0x06 Val: 0x00000301
In clock cycle: 391685
Register Write to Reg: 0x01 Val: 0x00000014
In clock cycle: 391686
Register Write to Reg: 0x05 Val: 0x00000301
In clock cycle: 391687
Register Write to Reg: 0x06 Val: 0x00000301
In clock cycle: 391688
Register Write to Reg: 0x01 Val: 0xFFFFFFF0
In clock cycle: 391689
Register Write to Reg: 0x05 Val: 0x00000301
In clock cycle: 391690
Register Write to Reg: 0x06 Val: 0x00000302
In clock cycle: 391691
Register Write to Reg: 0x01 Val: 0x00000024
In clock cycle: 391692
Register Write to Reg: 0x05 Val: 0x00000302
In clock cycle: 391693
Register Write to Reg: 0x06 Val: 0x00000302
In clock cycle: 392704
Register Write to Reg: 0x06 Val: 0x00000303
In clock cycle: 392705
Register Write to Reg: 0x01 Val: 0x00000014
In clock cycle: 392706
Register Write to Reg: 0x05 Val: 0x00000303
In clock cycle: 392707
Register Write to Reg: 0x06 Val: 0x00000303
In clock cycle: 392708
Register Write to Reg: 0x01 Val: 0xFFFFFFF0
In clock cycle: 392709
Register Write to Reg: 0x05 Val: 0x00000303
In clock cycle: 392710
Register Write to Reg: 0x06 Val: 0x00000304
In clock cycle: 392711
Register Write to Reg: 0x01 Val: 0x00000024
In clock cycle: 392712
Register Write to Reg: 0x05 Val: 0x00000304
In clock cycle: 392713
Register Write to Reg: 0x06 Val: 0x00000304
In clock cycle: 393724
Register Write to Reg: 0x06 Val: 0x00000305
In clock cycle: 393725
Register Write to Reg: 0x01 Val: 0x00000014
In clock cycle: 393726
Register Write to Reg: 0x05 Val: 0x00000305
In clock cycle: 393727
Register Write to Reg: 0x06 Val: 0x00000305
In clock cycle: 393728
Register Write to Reg: 0x01 Val: 0xFFFFFFF0
In clock cycle: 393729
Register Write to Reg: 0x05 Val: 0x00000305
In clock cycle: 393730
Register Write to Reg: 0x06 Val: 0x00000306
In clock cycle: 393731
Register Write to Reg: 0x01 Val: 0x00000024
In clock cycle: 393732
Register Write to Reg: 0x05 Val: 0x00000306
In clock cycle: 393733
Register Write to Reg: 0x06 Val: 0x00000306
In clock cycle: 394744
Register Write to Reg: 0x06 Val: 0x00000307
In clock cycle: 394745
Register Write to Reg: 0x01 Val: 0x00000014
In clock cycle: 394746
Register Write to Reg: 0x05 Val: 0x00000307
In clock cycle: 394747
Register Write to Reg: 0x06 Val: 0x00000307
In clock cycle: 394748
Register Write to Reg: 0x01 Val: 0xFFFFFFF0
In clock cycle: 394749
Register Write to Reg: 0x05 Val: 0x00000307
In clock cycle: 394750
Register Write to Reg: 0x06 Val: 0x00000308
In clock cycle: 394751
Register Write to Reg: 0x01 Val: 0x00000024
In clock cycle: 394752
Register Write to Reg: 0x05 Val: 0x00000308
In clock cycle: 394753
Register Write to Reg: 0x06 Val: 0x00000308
In clock cycle: 395764
Register Write to Reg: 0x06 Val: 0x00000309
In clock cycle: 395765
Register Write to Reg: 0x01 Val: 0x00000014
In clock cycle: 395766
Register Write to Reg: 0x05 Val: 0x00000309
In clock cycle: 395767
Register Write to Reg: 0x06 Val: 0x00000309
In clock cycle: 395768
Register Write to Reg: 0x01 Val: 0xFFFFFFF0
In clock cycle: 395769
Register Write to Reg: 0x05 Val: 0x00000309
In clock cycle: 395770
Register Write to Reg: 0x06 Val: 0x0000030A
In clock cycle: 395771
Register Write to Reg: 0x01 Val: 0x00000024
In clock cycle: 395772
Register Write to Reg: 0x05 Val: 0x0000030A
In clock cycle: 395773
Register Write to Reg: 0x06 Val: 0x0000030A
In clock cycle: 396784
Register Write to Reg: 0x06 Val: 0x0000030B
In clock cycle: 396785
Register Write to Reg: 0x01 Val: 0x00000014
In clock cycle: 396786
Register Write to Reg: 0x05 Val: 0x0000030B
In clock cycle: 396787
Register Write to Reg: 0x06 Val: 0x0000030B
In clock cycle: 396788
Register Write to Reg: 0x01 Val: 0xFFFFFFF0
In clock cycle: 396789
Register Write to Reg: 0x05 Val: 0x0000030B
In clock cycle: 396790
Register Write to Reg: 0x06 Val: 0x0000030C
In clock cycle: 396791
Register Write to Reg: 0x01 Val: 0x00000024
In clock cycle: 396792
Register Write to Reg: 0x05 Val: 0x0000030C
In clock cycle: 396793
Register Write to Reg: 0x06 Val: 0x0000030C
In clock cycle: 397804
Register Write to Reg: 0x06 Val: 0x0000030D
In clock cycle: 397805
Register Write to Reg: 0x01 Val: 0x00000014
In clock cycle: 397806
Register Write to Reg: 0x05 Val: 0x0000030D
In clock cycle: 397807
Register Write to Reg: 0x06 Val: 0x0000030D
In clock cycle: 397808
Register Write to Reg: 0x01 Val: 0xFFFFFFF0
In clock cycle: 397809
Register Write to Reg: 0x05 Val: 0x0000030D
In clock cycle: 397810
Register Write to Reg: 0x06 Val: 0x0000030E
In clock cycle: 397811
Register Write to Reg: 0x01 Val: 0x00000024
In clock cycle: 397812
Register Write to Reg: 0x05 Val: 0x0000030E
In clock cycle: 397813
Register Write to Reg: 0x06 Val: 0x0000030E
In clock cycle: 398824
Register Write to Reg: 0x06 Val: 0x0000030F
In clock cycle: 398825
Register Write to Reg: 0x01 Val: 0x00000014
In clock cycle: 398826
Register Write to Reg: 0x05 Val: 0x0000030F
In clock cycle: 398827
Register Write to Reg: 0x06 Val: 0x0000030F
In clock cycle: 398828
Register Write to Reg: 0x01 Val: 0xFFFFFFF0
In clock cycle: 398829
Register Write to Reg: 0x05 Val: 0x0000030F
In clock cycle: 398830
Register Write to Reg: 0x06 Val: 0x00000310
In clock cycle: 398831
Register Write to Reg: 0x01 Val: 0x00000024
In clock cycle: 398832
Register Write to Reg: 0x05 Val: 0x00000310
In clock cycle: 398833
Register Write to Reg: 0x06 Val: 0x00000310
In clock cycle: 399844
Register Write to Reg: 0x06 Val: 0x00000311
In clock cycle: 399845
Register Write to Reg: 0x01 Val: 0x00000014
In clock cycle: 399846
Register Write to Reg: 0x05 Val: 0x00000311
In clock cycle: 399847
Register Write to Reg: 0x06 Val: 0x00000311
In clock cycle: 399848
Register Write to Reg: 0x01 Val: 0xFFFFFFF0
In clock cycle: 399849
Register Write to Reg: 0x05 Val: 0x00000311
In clock cycle: 399850
Register Write to Reg: 0x06 Val: 0x00000312
In clock cycle: 399851
Register Write to Reg: 0x01 Val: 0x00000024
In clock cycle: 399852
Register Write to Reg: 0x05 Val: 0x00000312
In clock cycle: 399853
Register Write to Reg: 0x06 Val: 0x00000312
In clock cycle: 400864
Register Write to Reg: 0x06 Val: 0x00000313
In clock cycle: 400865
Register Write to Reg: 0x01 Val: 0x00000014
In clock cycle: 400866
Register Write to Reg: 0x05 Val: 0x00000313
In clock cycle: 400867
Register Write to Reg: 0x06 Val: 0x00000313
In clock cycle: 400868
Register Write to Reg: 0x01 Val: 0xFFFFFFF0
In clock cycle: 400869
Register Write to Reg: 0x05 Val: 0x00000313
In clock cycle: 400870
Register Write to Reg: 0x06 Val: 0x00000314
In clock cycle: 400871
Register Write to Reg: 0x01 Val: 0x00000024
In clock cycle: 400872
Register Write to Reg: 0x05 Val: 0x00000314
In clock cycle: 400873
Register Write to Reg: 0x06 Val: 0x00000314
In clock cycle: 401884
Register Write to Reg: 0x06 Val: 0x00000315
In clock cycle: 401885
Register Write to Reg: 0x01 Val: 0x00000014
In clock cycle: 401886
Register Write to Reg: 0x05 Val: 0x00000315
In clock cycle: 401887
Register Write to Reg: 0x06 Val: 0x00000315
In clock cycle: 401888
Register Write to Reg: 0x01 Val: 0xFFFFFFF0
In clock cycle: 401889
Register Write to Reg: 0x05 Val: 0x00000315
In clock cycle: 401890
Register Write to Reg: 0x06 Val: 0x00000316
In clock cycle: 401891
Register Write to Reg: 0x01 Val: 0x00000024
In clock cycle: 401892
Register Write to Reg: 0x05 Val: 0x00000316
In clock cycle: 401893
Register Write to Reg: 0x06 Val: 0x00000316
In clock cycle: 402904
Register Write to Reg: 0x06 Val: 0x00000317
In clock cycle: 402905
Register Write to Reg: 0x01 Val: 0x00000014
In clock cycle: 402906
Register Write to Reg: 0x05 Val: 0x00000317
In clock cycle: 402907
Register Write to Reg: 0x06 Val: 0x00000317
In clock cycle: 402908
Register Write to Reg: 0x01 Val: 0xFFFFFFF0
In clock cycle: 402909
Register Write to Reg: 0x05 Val: 0x00000317
In clock cycle: 402910
Register Write to Reg: 0x06 Val: 0x00000318
In clock cycle: 402911
Register Write to Reg: 0x01 Val: 0x00000024
In clock cycle: 402912
Register Write to Reg: 0x05 Val: 0x00000318
In clock cycle: 402913
Register Write to Reg: 0x06 Val: 0x00000318
In clock cycle: 403924
Register Write to Reg: 0x06 Val: 0x00000319
In clock cycle: 403925
Register Write to Reg: 0x01 Val: 0x00000014
In clock cycle: 403926
Register Write to Reg: 0x05 Val: 0x00000319
In clock cycle: 403927
Register Write to Reg: 0x06 Val: 0x00000319
In clock cycle: 403928
Register Write to Reg: 0x01 Val: 0xFFFFFFF0
In clock cycle: 403929
Register Write to Reg: 0x05 Val: 0x00000319
In clock cycle: 403930
Register Write to Reg: 0x06 Val: 0x0000031A
In clock cycle: 403931
Register Write to Reg: 0x01 Val: 0x00000024
In clock cycle: 403932
Register Write to Reg: 0x05 Val: 0x0000031A
In clock cycle: 403933
Register Write to Reg: 0x06 Val: 0x0000031A
In clock cycle: 404944
Register Write to Reg: 0x06 Val: 0x0000031B
In clock cycle: 404945
Register Write to Reg: 0x01 Val: 0x00000014
In clock cycle: 404946
Register Write to Reg: 0x05 Val: 0x0000031B
In clock cycle: 404947
Register Write to Reg: 0x06 Val: 0x0000031B
In clock cycle: 404948
Register Write to Reg: 0x01 Val: 0xFFFFFFF0
In clock cycle: 404949
Register Write to Reg: 0x05 Val: 0x0000031B
In clock cycle: 404950
Register Write to Reg: 0x06 Val: 0x0000031C
In clock cycle: 404951
Register Write to Reg: 0x01 Val: 0x00000024
In clock cycle: 404952
Register Write to Reg: 0x05 Val: 0x0000031C
In clock cycle: 404953
Register Write to Reg: 0x06 Val: 0x0000031C
In clock cycle: 405964
Register Write to Reg: 0x06 Val: 0x0000031D
In clock cycle: 405965
Register Write to Reg: 0x01 Val: 0x00000014
In clock cycle: 405966
Register Write to Reg: 0x05 Val: 0x0000031D
In clock cycle: 405967
Register Write to Reg: 0x06 Val: 0x0000031D
In clock cycle: 405968
Register Write to Reg: 0x01 Val: 0xFFFFFFF0
In clock cycle: 405969
Register Write to Reg: 0x05 Val: 0x0000031D
In clock cycle: 405970
Register Write to Reg: 0x06 Val: 0x0000031E
In clock cycle: 405971
Register Write to Reg: 0x01 Val: 0x00000024
In clock cycle: 405972
Register Write to Reg: 0x05 Val: 0x0000031E
In clock cycle: 405973
Register Write to Reg: 0x06 Val: 0x0000031E
In clock cycle: 406984
Register Write to Reg: 0x06 Val: 0x0000031F
In clock cycle: 406985
Register Write to Reg: 0x01 Val: 0x00000014
In clock cycle: 406986
Register Write to Reg: 0x05 Val: 0x0000031F
In clock cycle: 406987
Register Write to Reg: 0x06 Val: 0x0000031F
In clock cycle: 406988
Register Write to Reg: 0x01 Val: 0xFFFFFFF0
In clock cycle: 406989
Register Write to Reg: 0x05 Val: 0x0000031F
In clock cycle: 406990
Register Write to Reg: 0x06 Val: 0x00000320
In clock cycle: 406991
Register Write to Reg: 0x01 Val: 0x00000024
In clock cycle: 406992
Register Write to Reg: 0x05 Val: 0x00000320
In clock cycle: 406993
Register Write to Reg: 0x06 Val: 0x00000320
In clock cycle: 408004
Register Write to Reg: 0x06 Val: 0x00000321
In clock cycle: 408005
Register Write to Reg: 0x01 Val: 0x00000014
In clock cycle: 408006
Register Write to Reg: 0x05 Val: 0x00000321
In clock cycle: 408007
Register Write to Reg: 0x06 Val: 0x00000321
In clock cycle: 408008
Register Write to Reg: 0x01 Val: 0xFFFFFFF0
In clock cycle: 408009
Register Write to Reg: 0x05 Val: 0x00000321
In clock cycle: 408010
Register Write to Reg: 0x06 Val: 0x00000322
In clock cycle: 408011
Register Write to Reg: 0x01 Val: 0x00000024
In clock cycle: 408012
Register Write to Reg: 0x05 Val: 0x00000322
In clock cycle: 408013
Register Write to Reg: 0x06 Val: 0x00000322
In clock cycle: 409024
Register Write to Reg: 0x06 Val: 0x00000323
In clock cycle: 409025
Register Write to Reg: 0x01 Val: 0x00000014
In clock cycle: 409026
Register Write to Reg: 0x05 Val: 0x00000323
In clock cycle: 409027
Register Write to Reg: 0x06 Val: 0x00000323
In clock cycle: 409028
Register Write to Reg: 0x01 Val: 0xFFFFFFF0
In clock cycle: 409029
Register Write to Reg: 0x05 Val: 0x00000323
In clock cycle: 409030
Register Write to Reg: 0x06 Val: 0x00000324
In clock cycle: 409031
Register Write to Reg: 0x01 Val: 0x00000024
In clock cycle: 409032
Register Write to Reg: 0x05 Val: 0x00000324
In clock cycle: 409033
Register Write to Reg: 0x06 Val: 0x00000324
In clock cycle: 410044
Register Write to Reg: 0x06 Val: 0x00000325
In clock cycle: 410045
Register Write to Reg: 0x01 Val: 0x00000014
In clock cycle: 410046
Register Write to Reg: 0x05 Val: 0x00000325
In clock cycle: 410047
Register Write to Reg: 0x06 Val: 0x00000325
In clock cycle: 410048
Register Write to Reg: 0x01 Val: 0xFFFFFFF0
In clock cycle: 410049
Register Write to Reg: 0x05 Val: 0x00000325
In clock cycle: 410050
Register Write to Reg: 0x06 Val: 0x00000326
In clock cycle: 410051
Register Write to Reg: 0x01 Val: 0x00000024
In clock cycle: 410052
Register Write to Reg: 0x05 Val: 0x00000326
In clock cycle: 410053
Register Write to Reg: 0x06 Val: 0x00000326
In clock cycle: 411064
Register Write to Reg: 0x06 Val: 0x00000327
In clock cycle: 411065
Register Write to Reg: 0x01 Val: 0x00000014
In clock cycle: 411066
Register Write to Reg: 0x05 Val: 0x00000327
In clock cycle: 411067
Register Write to Reg: 0x06 Val: 0x00000327
In clock cycle: 411068
Register Write to Reg: 0x01 Val: 0xFFFFFFF0
In clock cycle: 411069
Register Write to Reg: 0x05 Val: 0x00000327
In clock cycle: 411070
Register Write to Reg: 0x06 Val: 0x00000328
In clock cycle: 411071
Register Write to Reg: 0x01 Val: 0x00000024
In clock cycle: 411072
Register Write to Reg: 0x05 Val: 0x00000328
In clock cycle: 411073
Register Write to Reg: 0x06 Val: 0x00000328
In clock cycle: 412084
Register Write to Reg: 0x06 Val: 0x00000329
In clock cycle: 412085
Register Write to Reg: 0x01 Val: 0x00000014
In clock cycle: 412086
Register Write to Reg: 0x05 Val: 0x00000329
In clock cycle: 412087
Register Write to Reg: 0x06 Val: 0x00000329
In clock cycle: 412088
Register Write to Reg: 0x01 Val: 0xFFFFFFF0
In clock cycle: 412089
Register Write to Reg: 0x05 Val: 0x00000329
In clock cycle: 412090
Register Write to Reg: 0x06 Val: 0x0000032A
In clock cycle: 412091
Register Write to Reg: 0x01 Val: 0x00000024
In clock cycle: 412092
Register Write to Reg: 0x05 Val: 0x0000032A
In clock cycle: 412093
Register Write to Reg: 0x06 Val: 0x0000032A
In clock cycle: 413104
Register Write to Reg: 0x06 Val: 0x0000032B
In clock cycle: 413105
Register Write to Reg: 0x01 Val: 0x00000014
In clock cycle: 413106
Register Write to Reg: 0x05 Val: 0x0000032B
In clock cycle: 413107
Register Write to Reg: 0x06 Val: 0x0000032B
In clock cycle: 413108
Register Write to Reg: 0x01 Val: 0xFFFFFFF0
In clock cycle: 413109
Register Write to Reg: 0x05 Val: 0x0000032B
In clock cycle: 413110
Register Write to Reg: 0x06 Val: 0x0000032C
In clock cycle: 413111
Register Write to Reg: 0x01 Val: 0x00000024
In clock cycle: 413112
Register Write to Reg: 0x05 Val: 0x0000032C
In clock cycle: 413113
Register Write to Reg: 0x06 Val: 0x0000032C
In clock cycle: 414124
Register Write to Reg: 0x06 Val: 0x0000032D
In clock cycle: 414125
Register Write to Reg: 0x01 Val: 0x00000014
In clock cycle: 414126
Register Write to Reg: 0x05 Val: 0x0000032D
In clock cycle: 414127
Register Write to Reg: 0x06 Val: 0x0000032D
In clock cycle: 414128
Register Write to Reg: 0x01 Val: 0xFFFFFFF0
In clock cycle: 414129
Register Write to Reg: 0x05 Val: 0x0000032D
In clock cycle: 414130
Register Write to Reg: 0x06 Val: 0x0000032E
In clock cycle: 414131
Register Write to Reg: 0x01 Val: 0x00000024
In clock cycle: 414132
Register Write to Reg: 0x05 Val: 0x0000032E
In clock cycle: 414133
Register Write to Reg: 0x06 Val: 0x0000032E
In clock cycle: 415144
Register Write to Reg: 0x06 Val: 0x0000032F
In clock cycle: 415145
Register Write to Reg: 0x01 Val: 0x00000014
In clock cycle: 415146
Register Write to Reg: 0x05 Val: 0x0000032F
In clock cycle: 415147
Register Write to Reg: 0x06 Val: 0x0000032F
In clock cycle: 415148
Register Write to Reg: 0x01 Val: 0xFFFFFFF0
In clock cycle: 415149
Register Write to Reg: 0x05 Val: 0x0000032F
In clock cycle: 415150
Register Write to Reg: 0x06 Val: 0x00000330
In clock cycle: 415151
Register Write to Reg: 0x01 Val: 0x00000024
In clock cycle: 415152
Register Write to Reg: 0x05 Val: 0x00000330
In clock cycle: 415153
Register Write to Reg: 0x06 Val: 0x00000330
In clock cycle: 416164
Register Write to Reg: 0x06 Val: 0x00000331
In clock cycle: 416165
Register Write to Reg: 0x01 Val: 0x00000014
In clock cycle: 416166
Register Write to Reg: 0x05 Val: 0x00000331
In clock cycle: 416167
Register Write to Reg: 0x06 Val: 0x00000331
In clock cycle: 416168
Register Write to Reg: 0x01 Val: 0xFFFFFFF0
In clock cycle: 416169
Register Write to Reg: 0x05 Val: 0x00000331
In clock cycle: 416170
Register Write to Reg: 0x06 Val: 0x00000332
In clock cycle: 416171
Register Write to Reg: 0x01 Val: 0x00000024
In clock cycle: 416172
Register Write to Reg: 0x05 Val: 0x00000332
In clock cycle: 416173
Register Write to Reg: 0x06 Val: 0x00000332
In clock cycle: 417184
Register Write to Reg: 0x06 Val: 0x00000333
In clock cycle: 417185
Register Write to Reg: 0x01 Val: 0x00000014
In clock cycle: 417186
Register Write to Reg: 0x05 Val: 0x00000333
In clock cycle: 417187
Register Write to Reg: 0x06 Val: 0x00000333
In clock cycle: 417188
Register Write to Reg: 0x01 Val: 0xFFFFFFF0
In clock cycle: 417189
Register Write to Reg: 0x05 Val: 0x00000333
In clock cycle: 417190
Register Write to Reg: 0x06 Val: 0x00000334
In clock cycle: 417191
Register Write to Reg: 0x01 Val: 0x00000024
In clock cycle: 417192
Register Write to Reg: 0x05 Val: 0x00000334
In clock cycle: 417193
Register Write to Reg: 0x06 Val: 0x00000334
In clock cycle: 418204
Register Write to Reg: 0x06 Val: 0x00000335
In clock cycle: 418205
Register Write to Reg: 0x01 Val: 0x00000014
In clock cycle: 418206
Register Write to Reg: 0x05 Val: 0x00000335
In clock cycle: 418207
Register Write to Reg: 0x06 Val: 0x00000335
In clock cycle: 418208
Register Write to Reg: 0x01 Val: 0xFFFFFFF0
In clock cycle: 418209
Register Write to Reg: 0x05 Val: 0x00000335
In clock cycle: 418210
Register Write to Reg: 0x06 Val: 0x00000336
In clock cycle: 418211
Register Write to Reg: 0x01 Val: 0x00000024
In clock cycle: 418212
Register Write to Reg: 0x05 Val: 0x00000336
In clock cycle: 418213
Register Write to Reg: 0x06 Val: 0x00000336
In clock cycle: 419224
Register Write to Reg: 0x06 Val: 0x00000337
In clock cycle: 419225
Register Write to Reg: 0x01 Val: 0x00000014
In clock cycle: 419226
Register Write to Reg: 0x05 Val: 0x00000337
In clock cycle: 419227
Register Write to Reg: 0x06 Val: 0x00000337
In clock cycle: 419228
Register Write to Reg: 0x01 Val: 0xFFFFFFF0
In clock cycle: 419229
Register Write to Reg: 0x05 Val: 0x00000337
In clock cycle: 419230
Register Write to Reg: 0x06 Val: 0x00000338
In clock cycle: 419231
Register Write to Reg: 0x01 Val: 0x00000024
In clock cycle: 419232
Register Write to Reg: 0x05 Val: 0x00000338
In clock cycle: 419233
Register Write to Reg: 0x06 Val: 0x00000338
In clock cycle: 420244
Register Write to Reg: 0x06 Val: 0x00000339
In clock cycle: 420245
Register Write to Reg: 0x01 Val: 0x00000014
In clock cycle: 420246
Register Write to Reg: 0x05 Val: 0x00000339
In clock cycle: 420247
Register Write to Reg: 0x06 Val: 0x00000339
In clock cycle: 420248
Register Write to Reg: 0x01 Val: 0xFFFFFFF0
In clock cycle: 420249
Register Write to Reg: 0x05 Val: 0x00000339
In clock cycle: 420250
Register Write to Reg: 0x06 Val: 0x0000033A
In clock cycle: 420251
Register Write to Reg: 0x01 Val: 0x00000024
In clock cycle: 420252
Register Write to Reg: 0x05 Val: 0x0000033A
In clock cycle: 420253
Register Write to Reg: 0x06 Val: 0x0000033A
In clock cycle: 421264
Register Write to Reg: 0x06 Val: 0x0000033B
In clock cycle: 421265
Register Write to Reg: 0x01 Val: 0x00000014
In clock cycle: 421266
Register Write to Reg: 0x05 Val: 0x0000033B
In clock cycle: 421267
Register Write to Reg: 0x06 Val: 0x0000033B
In clock cycle: 421268
Register Write to Reg: 0x01 Val: 0xFFFFFFF0
In clock cycle: 421269
Register Write to Reg: 0x05 Val: 0x0000033B
In clock cycle: 421270
Register Write to Reg: 0x06 Val: 0x0000033C
In clock cycle: 421271
Register Write to Reg: 0x01 Val: 0x00000024
In clock cycle: 421272
Register Write to Reg: 0x05 Val: 0x0000033C
In clock cycle: 421273
Register Write to Reg: 0x06 Val: 0x0000033C
In clock cycle: 422284
Register Write to Reg: 0x06 Val: 0x0000033D
In clock cycle: 422285
Register Write to Reg: 0x01 Val: 0x00000014
In clock cycle: 422286
Register Write to Reg: 0x05 Val: 0x0000033D
In clock cycle: 422287
Register Write to Reg: 0x06 Val: 0x0000033D
In clock cycle: 422288
Register Write to Reg: 0x01 Val: 0xFFFFFFF0
In clock cycle: 422289
Register Write to Reg: 0x05 Val: 0x0000033D
In clock cycle: 422290
Register Write to Reg: 0x06 Val: 0x0000033E
In clock cycle: 422291
Register Write to Reg: 0x01 Val: 0x00000024
In clock cycle: 422292
Register Write to Reg: 0x05 Val: 0x0000033E
In clock cycle: 422293
Register Write to Reg: 0x06 Val: 0x0000033E
In clock cycle: 423304
Register Write to Reg: 0x06 Val: 0x0000033F
In clock cycle: 423305
Register Write to Reg: 0x01 Val: 0x00000014
In clock cycle: 423306
Register Write to Reg: 0x05 Val: 0x0000033F
In clock cycle: 423307
Register Write to Reg: 0x06 Val: 0x0000033F
In clock cycle: 423308
Register Write to Reg: 0x01 Val: 0xFFFFFFF0
In clock cycle: 423309
Register Write to Reg: 0x05 Val: 0x0000033F
In clock cycle: 423310
Register Write to Reg: 0x06 Val: 0x00000340
In clock cycle: 423311
Register Write to Reg: 0x01 Val: 0x00000024
In clock cycle: 423312
Register Write to Reg: 0x05 Val: 0x00000340
In clock cycle: 423313
Register Write to Reg: 0x06 Val: 0x00000340
In clock cycle: 424324
Register Write to Reg: 0x06 Val: 0x00000341
In clock cycle: 424325
Register Write to Reg: 0x01 Val: 0x00000014
In clock cycle: 424326
Register Write to Reg: 0x05 Val: 0x00000341
In clock cycle: 424327
Register Write to Reg: 0x06 Val: 0x00000341
In clock cycle: 424328
Register Write to Reg: 0x01 Val: 0xFFFFFFF0
In clock cycle: 424329
Register Write to Reg: 0x05 Val: 0x00000341
In clock cycle: 424330
Register Write to Reg: 0x06 Val: 0x00000342
In clock cycle: 424331
Register Write to Reg: 0x01 Val: 0x00000024
In clock cycle: 424332
Register Write to Reg: 0x05 Val: 0x00000342
In clock cycle: 424333
Register Write to Reg: 0x06 Val: 0x00000342
In clock cycle: 425344
Register Write to Reg: 0x06 Val: 0x00000343
In clock cycle: 425345
Register Write to Reg: 0x01 Val: 0x00000014
In clock cycle: 425346
Register Write to Reg: 0x05 Val: 0x00000343
In clock cycle: 425347
Register Write to Reg: 0x06 Val: 0x00000343
In clock cycle: 425348
Register Write to Reg: 0x01 Val: 0xFFFFFFF0
In clock cycle: 425349
Register Write to Reg: 0x05 Val: 0x00000343
In clock cycle: 425350
Register Write to Reg: 0x06 Val: 0x00000344
In clock cycle: 425351
Register Write to Reg: 0x01 Val: 0x00000024
In clock cycle: 425352
Register Write to Reg: 0x05 Val: 0x00000344
In clock cycle: 425353
Register Write to Reg: 0x06 Val: 0x00000344
In clock cycle: 426364
Register Write to Reg: 0x06 Val: 0x00000345
In clock cycle: 426365
Register Write to Reg: 0x01 Val: 0x00000014
In clock cycle: 426366
Register Write to Reg: 0x05 Val: 0x00000345
In clock cycle: 426367
Register Write to Reg: 0x06 Val: 0x00000345
In clock cycle: 426368
Register Write to Reg: 0x01 Val: 0xFFFFFFF0
In clock cycle: 426369
Register Write to Reg: 0x05 Val: 0x00000345
In clock cycle: 426370
Register Write to Reg: 0x06 Val: 0x00000346
In clock cycle: 426371
Register Write to Reg: 0x01 Val: 0x00000024
In clock cycle: 426372
Register Write to Reg: 0x05 Val: 0x00000346
In clock cycle: 426373
Register Write to Reg: 0x06 Val: 0x00000346
In clock cycle: 427384
Register Write to Reg: 0x06 Val: 0x00000347
In clock cycle: 427385
Register Write to Reg: 0x01 Val: 0x00000014
In clock cycle: 427386
Register Write to Reg: 0x05 Val: 0x00000347
In clock cycle: 427387
Register Write to Reg: 0x06 Val: 0x00000347
In clock cycle: 427388
Register Write to Reg: 0x01 Val: 0xFFFFFFF0
In clock cycle: 427389
Register Write to Reg: 0x05 Val: 0x00000347
In clock cycle: 427390
Register Write to Reg: 0x06 Val: 0x00000348
In clock cycle: 427391
Register Write to Reg: 0x01 Val: 0x00000024
In clock cycle: 427392
Register Write to Reg: 0x05 Val: 0x00000348
In clock cycle: 427393
Register Write to Reg: 0x06 Val: 0x00000348
In clock cycle: 428404
Register Write to Reg: 0x06 Val: 0x00000349
In clock cycle: 428405
Register Write to Reg: 0x01 Val: 0x00000014
In clock cycle: 428406
Register Write to Reg: 0x05 Val: 0x00000349
In clock cycle: 428407
Register Write to Reg: 0x06 Val: 0x00000349
In clock cycle: 428408
Register Write to Reg: 0x01 Val: 0xFFFFFFF0
In clock cycle: 428409
Register Write to Reg: 0x05 Val: 0x00000349
In clock cycle: 428410
Register Write to Reg: 0x06 Val: 0x0000034A
In clock cycle: 428411
Register Write to Reg: 0x01 Val: 0x00000024
In clock cycle: 428412
Register Write to Reg: 0x05 Val: 0x0000034A
In clock cycle: 428413
Register Write to Reg: 0x06 Val: 0x0000034A
In clock cycle: 429424
Register Write to Reg: 0x06 Val: 0x0000034B
In clock cycle: 429425
Register Write to Reg: 0x01 Val: 0x00000014
In clock cycle: 429426
Register Write to Reg: 0x05 Val: 0x0000034B
In clock cycle: 429427
Register Write to Reg: 0x06 Val: 0x0000034B
In clock cycle: 429428
Register Write to Reg: 0x01 Val: 0xFFFFFFF0
In clock cycle: 429429
Register Write to Reg: 0x05 Val: 0x0000034B
In clock cycle: 429430
Register Write to Reg: 0x06 Val: 0x0000034C
In clock cycle: 429431
Register Write to Reg: 0x01 Val: 0x00000024
In clock cycle: 429432
Register Write to Reg: 0x05 Val: 0x0000034C
In clock cycle: 429433
Register Write to Reg: 0x06 Val: 0x0000034C
In clock cycle: 430444
Register Write to Reg: 0x06 Val: 0x0000034D
In clock cycle: 430445
Register Write to Reg: 0x01 Val: 0x00000014
In clock cycle: 430446
Register Write to Reg: 0x05 Val: 0x0000034D
In clock cycle: 430447
Register Write to Reg: 0x06 Val: 0x0000034D
In clock cycle: 430448
Register Write to Reg: 0x01 Val: 0xFFFFFFF0
In clock cycle: 430449
Register Write to Reg: 0x05 Val: 0x0000034D
In clock cycle: 430450
Register Write to Reg: 0x06 Val: 0x0000034E
In clock cycle: 430451
Register Write to Reg: 0x01 Val: 0x00000024
In clock cycle: 430452
Register Write to Reg: 0x05 Val: 0x0000034E
In clock cycle: 430453
Register Write to Reg: 0x06 Val: 0x0000034E
In clock cycle: 431464
Register Write to Reg: 0x06 Val: 0x0000034F
In clock cycle: 431465
Register Write to Reg: 0x01 Val: 0x00000014
In clock cycle: 431466
Register Write to Reg: 0x05 Val: 0x0000034F
In clock cycle: 431467
Register Write to Reg: 0x06 Val: 0x0000034F
In clock cycle: 431468
Register Write to Reg: 0x01 Val: 0xFFFFFFF0
In clock cycle: 431469
Register Write to Reg: 0x05 Val: 0x0000034F
In clock cycle: 431470
Register Write to Reg: 0x06 Val: 0x00000350
In clock cycle: 431471
Register Write to Reg: 0x01 Val: 0x00000024
In clock cycle: 431472
Register Write to Reg: 0x05 Val: 0x00000350
In clock cycle: 431473
Register Write to Reg: 0x06 Val: 0x00000350
In clock cycle: 432484
Register Write to Reg: 0x06 Val: 0x00000351
In clock cycle: 432485
Register Write to Reg: 0x01 Val: 0x00000014
In clock cycle: 432486
Register Write to Reg: 0x05 Val: 0x00000351
In clock cycle: 432487
Register Write to Reg: 0x06 Val: 0x00000351
In clock cycle: 432488
Register Write to Reg: 0x01 Val: 0xFFFFFFF0
In clock cycle: 432489
Register Write to Reg: 0x05 Val: 0x00000351
In clock cycle: 432490
Register Write to Reg: 0x06 Val: 0x00000352
In clock cycle: 432491
Register Write to Reg: 0x01 Val: 0x00000024
In clock cycle: 432492
Register Write to Reg: 0x05 Val: 0x00000352
In clock cycle: 432493
Register Write to Reg: 0x06 Val: 0x00000352
In clock cycle: 433504
Register Write to Reg: 0x06 Val: 0x00000353
In clock cycle: 433505
Register Write to Reg: 0x01 Val: 0x00000014
In clock cycle: 433506
Register Write to Reg: 0x05 Val: 0x00000353
In clock cycle: 433507
Register Write to Reg: 0x06 Val: 0x00000353
In clock cycle: 433508
Register Write to Reg: 0x01 Val: 0xFFFFFFF0
In clock cycle: 433509
Register Write to Reg: 0x05 Val: 0x00000353
In clock cycle: 433510
Register Write to Reg: 0x06 Val: 0x00000354
In clock cycle: 433511
Register Write to Reg: 0x01 Val: 0x00000024
In clock cycle: 433512
Register Write to Reg: 0x05 Val: 0x00000354
In clock cycle: 433513
Register Write to Reg: 0x06 Val: 0x00000354
In clock cycle: 434524
Register Write to Reg: 0x06 Val: 0x00000355
In clock cycle: 434525
Register Write to Reg: 0x01 Val: 0x00000014
In clock cycle: 434526
Register Write to Reg: 0x05 Val: 0x00000355
In clock cycle: 434527
Register Write to Reg: 0x06 Val: 0x00000355
In clock cycle: 434528
Register Write to Reg: 0x01 Val: 0xFFFFFFF0
In clock cycle: 434529
Register Write to Reg: 0x05 Val: 0x00000355
In clock cycle: 434530
Register Write to Reg: 0x06 Val: 0x00000356
In clock cycle: 434531
Register Write to Reg: 0x01 Val: 0x00000024
In clock cycle: 434532
Register Write to Reg: 0x05 Val: 0x00000356
In clock cycle: 434533
Register Write to Reg: 0x06 Val: 0x00000356
In clock cycle: 435544
Register Write to Reg: 0x06 Val: 0x00000357
In clock cycle: 435545
Register Write to Reg: 0x01 Val: 0x00000014
In clock cycle: 435546
Register Write to Reg: 0x05 Val: 0x00000357
In clock cycle: 435547
Register Write to Reg: 0x06 Val: 0x00000357
In clock cycle: 435548
Register Write to Reg: 0x01 Val: 0xFFFFFFF0
In clock cycle: 435549
Register Write to Reg: 0x05 Val: 0x00000357
In clock cycle: 435550
Register Write to Reg: 0x06 Val: 0x00000358
In clock cycle: 435551
Register Write to Reg: 0x01 Val: 0x00000024
In clock cycle: 435552
Register Write to Reg: 0x05 Val: 0x00000358
In clock cycle: 435553
Register Write to Reg: 0x06 Val: 0x00000358
In clock cycle: 436564
Register Write to Reg: 0x06 Val: 0x00000359
In clock cycle: 436565
Register Write to Reg: 0x01 Val: 0x00000014
In clock cycle: 436566
Register Write to Reg: 0x05 Val: 0x00000359
In clock cycle: 436567
Register Write to Reg: 0x06 Val: 0x00000359
In clock cycle: 436568
Register Write to Reg: 0x01 Val: 0xFFFFFFF0
In clock cycle: 436569
Register Write to Reg: 0x05 Val: 0x00000359
In clock cycle: 436570
Register Write to Reg: 0x06 Val: 0x0000035A
In clock cycle: 436571
Register Write to Reg: 0x01 Val: 0x00000024
In clock cycle: 436572
Register Write to Reg: 0x05 Val: 0x0000035A
In clock cycle: 436573
Register Write to Reg: 0x06 Val: 0x0000035A
In clock cycle: 437584
Register Write to Reg: 0x06 Val: 0x0000035B
In clock cycle: 437585
Register Write to Reg: 0x01 Val: 0x00000014
In clock cycle: 437586
Register Write to Reg: 0x05 Val: 0x0000035B
In clock cycle: 437587
Register Write to Reg: 0x06 Val: 0x0000035B
In clock cycle: 437588
Register Write to Reg: 0x01 Val: 0xFFFFFFF0
In clock cycle: 437589
Register Write to Reg: 0x05 Val: 0x0000035B
In clock cycle: 437590
Register Write to Reg: 0x06 Val: 0x0000035C
In clock cycle: 437591
Register Write to Reg: 0x01 Val: 0x00000024
In clock cycle: 437592
Register Write to Reg: 0x05 Val: 0x0000035C
In clock cycle: 437593
Register Write to Reg: 0x06 Val: 0x0000035C
In clock cycle: 438604
Register Write to Reg: 0x06 Val: 0x0000035D
In clock cycle: 438605
Register Write to Reg: 0x01 Val: 0x00000014
In clock cycle: 438606
Register Write to Reg: 0x05 Val: 0x0000035D
In clock cycle: 438607
Register Write to Reg: 0x06 Val: 0x0000035D
In clock cycle: 438608
Register Write to Reg: 0x01 Val: 0xFFFFFFF0
In clock cycle: 438609
Register Write to Reg: 0x05 Val: 0x0000035D
In clock cycle: 438610
Register Write to Reg: 0x06 Val: 0x0000035E
In clock cycle: 438611
Register Write to Reg: 0x01 Val: 0x00000024
In clock cycle: 438612
Register Write to Reg: 0x05 Val: 0x0000035E
In clock cycle: 438613
Register Write to Reg: 0x06 Val: 0x0000035E
In clock cycle: 439624
Register Write to Reg: 0x06 Val: 0x0000035F
In clock cycle: 439625
Register Write to Reg: 0x01 Val: 0x00000014
In clock cycle: 439626
Register Write to Reg: 0x05 Val: 0x0000035F
In clock cycle: 439627
Register Write to Reg: 0x06 Val: 0x0000035F
In clock cycle: 439628
Register Write to Reg: 0x01 Val: 0xFFFFFFF0
In clock cycle: 439629
Register Write to Reg: 0x05 Val: 0x0000035F
In clock cycle: 439630
Register Write to Reg: 0x06 Val: 0x00000360
In clock cycle: 439631
Register Write to Reg: 0x01 Val: 0x00000024
In clock cycle: 439632
Register Write to Reg: 0x05 Val: 0x00000360
In clock cycle: 439633
Register Write to Reg: 0x06 Val: 0x00000360
In clock cycle: 440644
Register Write to Reg: 0x06 Val: 0x00000361
In clock cycle: 440645
Register Write to Reg: 0x01 Val: 0x00000014
In clock cycle: 440646
Register Write to Reg: 0x05 Val: 0x00000361
In clock cycle: 440647
Register Write to Reg: 0x06 Val: 0x00000361
In clock cycle: 440648
Register Write to Reg: 0x01 Val: 0xFFFFFFF0
In clock cycle: 440649
Register Write to Reg: 0x05 Val: 0x00000361
In clock cycle: 440650
Register Write to Reg: 0x06 Val: 0x00000362
In clock cycle: 440651
Register Write to Reg: 0x01 Val: 0x00000024
In clock cycle: 440652
Register Write to Reg: 0x05 Val: 0x00000362
In clock cycle: 440653
Register Write to Reg: 0x06 Val: 0x00000362
In clock cycle: 441664
Register Write to Reg: 0x06 Val: 0x00000363
In clock cycle: 441665
Register Write to Reg: 0x01 Val: 0x00000014
In clock cycle: 441666
Register Write to Reg: 0x05 Val: 0x00000363
In clock cycle: 441667
Register Write to Reg: 0x06 Val: 0x00000363
In clock cycle: 441668
Register Write to Reg: 0x01 Val: 0xFFFFFFF0
In clock cycle: 441669
Register Write to Reg: 0x05 Val: 0x00000363
In clock cycle: 441670
Register Write to Reg: 0x06 Val: 0x00000364
In clock cycle: 441671
Register Write to Reg: 0x01 Val: 0x00000024
In clock cycle: 441672
Register Write to Reg: 0x05 Val: 0x00000364
In clock cycle: 441673
Register Write to Reg: 0x06 Val: 0x00000364
In clock cycle: 442684
Register Write to Reg: 0x06 Val: 0x00000365
In clock cycle: 442685
Register Write to Reg: 0x01 Val: 0x00000014
In clock cycle: 442686
Register Write to Reg: 0x05 Val: 0x00000365
In clock cycle: 442687
Register Write to Reg: 0x06 Val: 0x00000365
In clock cycle: 442688
Register Write to Reg: 0x01 Val: 0xFFFFFFF0
In clock cycle: 442689
Register Write to Reg: 0x05 Val: 0x00000365
In clock cycle: 442690
Register Write to Reg: 0x06 Val: 0x00000366
In clock cycle: 442691
Register Write to Reg: 0x01 Val: 0x00000024
In clock cycle: 442692
Register Write to Reg: 0x05 Val: 0x00000366
In clock cycle: 442693
Register Write to Reg: 0x06 Val: 0x00000366
In clock cycle: 443704
Register Write to Reg: 0x06 Val: 0x00000367
In clock cycle: 443705
Register Write to Reg: 0x01 Val: 0x00000014
In clock cycle: 443706
Register Write to Reg: 0x05 Val: 0x00000367
In clock cycle: 443707
Register Write to Reg: 0x06 Val: 0x00000367
In clock cycle: 443708
Register Write to Reg: 0x01 Val: 0xFFFFFFF0
In clock cycle: 443709
Register Write to Reg: 0x05 Val: 0x00000367
In clock cycle: 443710
Register Write to Reg: 0x06 Val: 0x00000368
In clock cycle: 443711
Register Write to Reg: 0x01 Val: 0x00000024
In clock cycle: 443712
Register Write to Reg: 0x05 Val: 0x00000368
In clock cycle: 443713
Register Write to Reg: 0x06 Val: 0x00000368
In clock cycle: 444724
Register Write to Reg: 0x06 Val: 0x00000369
In clock cycle: 444725
Register Write to Reg: 0x01 Val: 0x00000014
In clock cycle: 444726
Register Write to Reg: 0x05 Val: 0x00000369
In clock cycle: 444727
Register Write to Reg: 0x06 Val: 0x00000369
In clock cycle: 444728
Register Write to Reg: 0x01 Val: 0xFFFFFFF0
In clock cycle: 444729
Register Write to Reg: 0x05 Val: 0x00000369
In clock cycle: 444730
Register Write to Reg: 0x06 Val: 0x0000036A
In clock cycle: 444731
Register Write to Reg: 0x01 Val: 0x00000024
In clock cycle: 444732
Register Write to Reg: 0x05 Val: 0x0000036A
In clock cycle: 444733
Register Write to Reg: 0x06 Val: 0x0000036A
In clock cycle: 445744
Register Write to Reg: 0x06 Val: 0x0000036B
In clock cycle: 445745
Register Write to Reg: 0x01 Val: 0x00000014
In clock cycle: 445746
Register Write to Reg: 0x05 Val: 0x0000036B
In clock cycle: 445747
Register Write to Reg: 0x06 Val: 0x0000036B
In clock cycle: 445748
Register Write to Reg: 0x01 Val: 0xFFFFFFF0
In clock cycle: 445749
Register Write to Reg: 0x05 Val: 0x0000036B
In clock cycle: 445750
Register Write to Reg: 0x06 Val: 0x0000036C
In clock cycle: 445751
Register Write to Reg: 0x01 Val: 0x00000024
In clock cycle: 445752
Register Write to Reg: 0x05 Val: 0x0000036C
In clock cycle: 445753
Register Write to Reg: 0x06 Val: 0x0000036C
In clock cycle: 446764
Register Write to Reg: 0x06 Val: 0x0000036D
In clock cycle: 446765
Register Write to Reg: 0x01 Val: 0x00000014
In clock cycle: 446766
Register Write to Reg: 0x05 Val: 0x0000036D
In clock cycle: 446767
Register Write to Reg: 0x06 Val: 0x0000036D
In clock cycle: 446768
Register Write to Reg: 0x01 Val: 0xFFFFFFF0
In clock cycle: 446769
Register Write to Reg: 0x05 Val: 0x0000036D
In clock cycle: 446770
Register Write to Reg: 0x06 Val: 0x0000036E
In clock cycle: 446771
Register Write to Reg: 0x01 Val: 0x00000024
In clock cycle: 446772
Register Write to Reg: 0x05 Val: 0x0000036E
In clock cycle: 446773
Register Write to Reg: 0x06 Val: 0x0000036E
In clock cycle: 447784
Register Write to Reg: 0x06 Val: 0x0000036F
In clock cycle: 447785
Register Write to Reg: 0x01 Val: 0x00000014
In clock cycle: 447786
Register Write to Reg: 0x05 Val: 0x0000036F
In clock cycle: 447787
Register Write to Reg: 0x06 Val: 0x0000036F
In clock cycle: 447788
Register Write to Reg: 0x01 Val: 0xFFFFFFF0
In clock cycle: 447789
Register Write to Reg: 0x05 Val: 0x0000036F
In clock cycle: 447790
Register Write to Reg: 0x06 Val: 0x00000370
In clock cycle: 447791
Register Write to Reg: 0x01 Val: 0x00000024
In clock cycle: 447792
Register Write to Reg: 0x05 Val: 0x00000370
In clock cycle: 447793
Register Write to Reg: 0x06 Val: 0x00000370
In clock cycle: 448804
Register Write to Reg: 0x06 Val: 0x00000371
In clock cycle: 448805
Register Write to Reg: 0x01 Val: 0x00000014
In clock cycle: 448806
Register Write to Reg: 0x05 Val: 0x00000371
In clock cycle: 448807
Register Write to Reg: 0x06 Val: 0x00000371
In clock cycle: 448808
Register Write to Reg: 0x01 Val: 0xFFFFFFF0
In clock cycle: 448809
Register Write to Reg: 0x05 Val: 0x00000371
In clock cycle: 448810
Register Write to Reg: 0x06 Val: 0x00000372
In clock cycle: 448811
Register Write to Reg: 0x01 Val: 0x00000024
In clock cycle: 448812
Register Write to Reg: 0x05 Val: 0x00000372
In clock cycle: 448813
Register Write to Reg: 0x06 Val: 0x00000372
In clock cycle: 449824
Register Write to Reg: 0x06 Val: 0x00000373
In clock cycle: 449825
Register Write to Reg: 0x01 Val: 0x00000014
In clock cycle: 449826
Register Write to Reg: 0x05 Val: 0x00000373
In clock cycle: 449827
Register Write to Reg: 0x06 Val: 0x00000373
In clock cycle: 449828
Register Write to Reg: 0x01 Val: 0xFFFFFFF0
In clock cycle: 449829
Register Write to Reg: 0x05 Val: 0x00000373
In clock cycle: 449830
Register Write to Reg: 0x06 Val: 0x00000374
In clock cycle: 449831
Register Write to Reg: 0x01 Val: 0x00000024
In clock cycle: 449832
Register Write to Reg: 0x05 Val: 0x00000374
In clock cycle: 449833
Register Write to Reg: 0x06 Val: 0x00000374
In clock cycle: 450844
Register Write to Reg: 0x06 Val: 0x00000375
In clock cycle: 450845
Register Write to Reg: 0x01 Val: 0x00000014
In clock cycle: 450846
Register Write to Reg: 0x05 Val: 0x00000375
In clock cycle: 450847
Register Write to Reg: 0x06 Val: 0x00000375
In clock cycle: 450848
Register Write to Reg: 0x01 Val: 0xFFFFFFF0
In clock cycle: 450849
Register Write to Reg: 0x05 Val: 0x00000375
In clock cycle: 450850
Register Write to Reg: 0x06 Val: 0x00000376
In clock cycle: 450851
Register Write to Reg: 0x01 Val: 0x00000024
In clock cycle: 450852
Register Write to Reg: 0x05 Val: 0x00000376
In clock cycle: 450853
Register Write to Reg: 0x06 Val: 0x00000376
In clock cycle: 451864
Register Write to Reg: 0x06 Val: 0x00000377
In clock cycle: 451865
Register Write to Reg: 0x01 Val: 0x00000014
In clock cycle: 451866
Register Write to Reg: 0x05 Val: 0x00000377
In clock cycle: 451867
Register Write to Reg: 0x06 Val: 0x00000377
In clock cycle: 451868
Register Write to Reg: 0x01 Val: 0xFFFFFFF0
In clock cycle: 451869
Register Write to Reg: 0x05 Val: 0x00000377
In clock cycle: 451870
Register Write to Reg: 0x06 Val: 0x00000378
In clock cycle: 451871
Register Write to Reg: 0x01 Val: 0x00000024
In clock cycle: 451872
Register Write to Reg: 0x05 Val: 0x00000378
In clock cycle: 451873
Register Write to Reg: 0x06 Val: 0x00000378
In clock cycle: 452884
Register Write to Reg: 0x06 Val: 0x00000379
In clock cycle: 452885
Register Write to Reg: 0x01 Val: 0x00000014
In clock cycle: 452886
Register Write to Reg: 0x05 Val: 0x00000379
In clock cycle: 452887
Register Write to Reg: 0x06 Val: 0x00000379
In clock cycle: 452888
Register Write to Reg: 0x01 Val: 0xFFFFFFF0
In clock cycle: 452889
Register Write to Reg: 0x05 Val: 0x00000379
In clock cycle: 452890
Register Write to Reg: 0x06 Val: 0x0000037A
In clock cycle: 452891
Register Write to Reg: 0x01 Val: 0x00000024
In clock cycle: 452892
Register Write to Reg: 0x05 Val: 0x0000037A
In clock cycle: 452893
Register Write to Reg: 0x06 Val: 0x0000037A
In clock cycle: 453904
Register Write to Reg: 0x06 Val: 0x0000037B
In clock cycle: 453905
Register Write to Reg: 0x01 Val: 0x00000014
In clock cycle: 453906
Register Write to Reg: 0x05 Val: 0x0000037B
In clock cycle: 453907
Register Write to Reg: 0x06 Val: 0x0000037B
In clock cycle: 453908
Register Write to Reg: 0x01 Val: 0xFFFFFFF0
In clock cycle: 453909
Register Write to Reg: 0x05 Val: 0x0000037B
In clock cycle: 453910
Register Write to Reg: 0x06 Val: 0x0000037C
In clock cycle: 453911
Register Write to Reg: 0x01 Val: 0x00000024
In clock cycle: 453912
Register Write to Reg: 0x05 Val: 0x0000037C
In clock cycle: 453913
Register Write to Reg: 0x06 Val: 0x0000037C
In clock cycle: 454924
Register Write to Reg: 0x06 Val: 0x0000037D
In clock cycle: 454925
Register Write to Reg: 0x01 Val: 0x00000014
In clock cycle: 454926
Register Write to Reg: 0x05 Val: 0x0000037D
In clock cycle: 454927
Register Write to Reg: 0x06 Val: 0x0000037D
In clock cycle: 454928
Register Write to Reg: 0x01 Val: 0xFFFFFFF0
In clock cycle: 454929
Register Write to Reg: 0x05 Val: 0x0000037D
In clock cycle: 454930
Register Write to Reg: 0x06 Val: 0x0000037E
In clock cycle: 454931
Register Write to Reg: 0x01 Val: 0x00000024
In clock cycle: 454932
Register Write to Reg: 0x05 Val: 0x0000037E
In clock cycle: 454933
Register Write to Reg: 0x06 Val: 0x0000037E
In clock cycle: 455944
Register Write to Reg: 0x06 Val: 0x0000037F
In clock cycle: 455945
Register Write to Reg: 0x01 Val: 0x00000014
In clock cycle: 455946
Register Write to Reg: 0x05 Val: 0x0000037F
In clock cycle: 455947
Register Write to Reg: 0x06 Val: 0x0000037F
In clock cycle: 455948
Register Write to Reg: 0x01 Val: 0xFFFFFFF0
In clock cycle: 455949
Register Write to Reg: 0x05 Val: 0x0000037F
In clock cycle: 455950
Register Write to Reg: 0x06 Val: 0x00000380
In clock cycle: 455951
Register Write to Reg: 0x01 Val: 0x00000024
In clock cycle: 455952
Register Write to Reg: 0x05 Val: 0x00000380
In clock cycle: 455953
Register Write to Reg: 0x06 Val: 0x00000380
In clock cycle: 456964
Register Write to Reg: 0x06 Val: 0x00000381
In clock cycle: 456965
Register Write to Reg: 0x01 Val: 0x00000014
In clock cycle: 456966
Register Write to Reg: 0x05 Val: 0x00000381
In clock cycle: 456967
Register Write to Reg: 0x06 Val: 0x00000381
In clock cycle: 456968
Register Write to Reg: 0x01 Val: 0xFFFFFFF0
In clock cycle: 456969
Register Write to Reg: 0x05 Val: 0x00000381
In clock cycle: 456970
Register Write to Reg: 0x06 Val: 0x00000382
In clock cycle: 456971
Register Write to Reg: 0x01 Val: 0x00000024
In clock cycle: 456972
Register Write to Reg: 0x05 Val: 0x00000382
In clock cycle: 456973
Register Write to Reg: 0x06 Val: 0x00000382
In clock cycle: 457984
Register Write to Reg: 0x06 Val: 0x00000383
In clock cycle: 457985
Register Write to Reg: 0x01 Val: 0x00000014
In clock cycle: 457986
Register Write to Reg: 0x05 Val: 0x00000383
In clock cycle: 457987
Register Write to Reg: 0x06 Val: 0x00000383
In clock cycle: 457988
Register Write to Reg: 0x01 Val: 0xFFFFFFF0
In clock cycle: 457989
Register Write to Reg: 0x05 Val: 0x00000383
In clock cycle: 457990
Register Write to Reg: 0x06 Val: 0x00000384
In clock cycle: 457991
Register Write to Reg: 0x01 Val: 0x00000024
In clock cycle: 457992
Register Write to Reg: 0x05 Val: 0x00000384
In clock cycle: 457993
Register Write to Reg: 0x06 Val: 0x00000384
In clock cycle: 459004
Register Write to Reg: 0x06 Val: 0x00000385
In clock cycle: 459005
Register Write to Reg: 0x01 Val: 0x00000014
In clock cycle: 459006
Register Write to Reg: 0x05 Val: 0x00000385
In clock cycle: 459007
Register Write to Reg: 0x06 Val: 0x00000385
In clock cycle: 459008
Register Write to Reg: 0x01 Val: 0xFFFFFFF0
In clock cycle: 459009
Register Write to Reg: 0x05 Val: 0x00000385
In clock cycle: 459010
Register Write to Reg: 0x06 Val: 0x00000386
In clock cycle: 459011
Register Write to Reg: 0x01 Val: 0x00000024
In clock cycle: 459012
Register Write to Reg: 0x05 Val: 0x00000386
In clock cycle: 459013
Register Write to Reg: 0x06 Val: 0x00000386
In clock cycle: 460024
Register Write to Reg: 0x06 Val: 0x00000387
In clock cycle: 460025
Register Write to Reg: 0x01 Val: 0x00000014
In clock cycle: 460026
Register Write to Reg: 0x05 Val: 0x00000387
In clock cycle: 460027
Register Write to Reg: 0x06 Val: 0x00000387
In clock cycle: 460028
Register Write to Reg: 0x01 Val: 0xFFFFFFF0
In clock cycle: 460029
Register Write to Reg: 0x05 Val: 0x00000387
In clock cycle: 460030
Register Write to Reg: 0x06 Val: 0x00000388
In clock cycle: 460031
Register Write to Reg: 0x01 Val: 0x00000024
In clock cycle: 460032
Register Write to Reg: 0x05 Val: 0x00000388
In clock cycle: 460033
Register Write to Reg: 0x06 Val: 0x00000388
In clock cycle: 461044
Register Write to Reg: 0x06 Val: 0x00000389
In clock cycle: 461045
Register Write to Reg: 0x01 Val: 0x00000014
In clock cycle: 461046
Register Write to Reg: 0x05 Val: 0x00000389
In clock cycle: 461047
Register Write to Reg: 0x06 Val: 0x00000389
In clock cycle: 461048
Register Write to Reg: 0x01 Val: 0xFFFFFFF0
In clock cycle: 461049
Register Write to Reg: 0x05 Val: 0x00000389
In clock cycle: 461050
Register Write to Reg: 0x06 Val: 0x0000038A
In clock cycle: 461051
Register Write to Reg: 0x01 Val: 0x00000024
In clock cycle: 461052
Register Write to Reg: 0x05 Val: 0x0000038A
In clock cycle: 461053
Register Write to Reg: 0x06 Val: 0x0000038A
In clock cycle: 462064
Register Write to Reg: 0x06 Val: 0x0000038B
In clock cycle: 462065
Register Write to Reg: 0x01 Val: 0x00000014
In clock cycle: 462066
Register Write to Reg: 0x05 Val: 0x0000038B
In clock cycle: 462067
Register Write to Reg: 0x06 Val: 0x0000038B
In clock cycle: 462068
Register Write to Reg: 0x01 Val: 0xFFFFFFF0
In clock cycle: 462069
Register Write to Reg: 0x05 Val: 0x0000038B
In clock cycle: 462070
Register Write to Reg: 0x06 Val: 0x0000038C
In clock cycle: 462071
Register Write to Reg: 0x01 Val: 0x00000024
In clock cycle: 462072
Register Write to Reg: 0x05 Val: 0x0000038C
In clock cycle: 462073
Register Write to Reg: 0x06 Val: 0x0000038C
In clock cycle: 463084
Register Write to Reg: 0x06 Val: 0x0000038D
In clock cycle: 463085
Register Write to Reg: 0x01 Val: 0x00000014
In clock cycle: 463086
Register Write to Reg: 0x05 Val: 0x0000038D
In clock cycle: 463087
Register Write to Reg: 0x06 Val: 0x0000038D
In clock cycle: 463088
Register Write to Reg: 0x01 Val: 0xFFFFFFF0
In clock cycle: 463089
Register Write to Reg: 0x05 Val: 0x0000038D
In clock cycle: 463090
Register Write to Reg: 0x06 Val: 0x0000038E
In clock cycle: 463091
Register Write to Reg: 0x01 Val: 0x00000024
In clock cycle: 463092
Register Write to Reg: 0x05 Val: 0x0000038E
In clock cycle: 463093
Register Write to Reg: 0x06 Val: 0x0000038E
In clock cycle: 464104
Register Write to Reg: 0x06 Val: 0x0000038F
In clock cycle: 464105
Register Write to Reg: 0x01 Val: 0x00000014
In clock cycle: 464106
Register Write to Reg: 0x05 Val: 0x0000038F
In clock cycle: 464107
Register Write to Reg: 0x06 Val: 0x0000038F
In clock cycle: 464108
Register Write to Reg: 0x01 Val: 0xFFFFFFF0
In clock cycle: 464109
Register Write to Reg: 0x05 Val: 0x0000038F
In clock cycle: 464110
Register Write to Reg: 0x06 Val: 0x00000390
In clock cycle: 464111
Register Write to Reg: 0x01 Val: 0x00000024
In clock cycle: 464112
Register Write to Reg: 0x05 Val: 0x00000390
In clock cycle: 464113
Register Write to Reg: 0x06 Val: 0x00000390
In clock cycle: 465124
Register Write to Reg: 0x06 Val: 0x00000391
In clock cycle: 465125
Register Write to Reg: 0x01 Val: 0x00000014
In clock cycle: 465126
Register Write to Reg: 0x05 Val: 0x00000391
In clock cycle: 465127
Register Write to Reg: 0x06 Val: 0x00000391
In clock cycle: 465128
Register Write to Reg: 0x01 Val: 0xFFFFFFF0
In clock cycle: 465129
Register Write to Reg: 0x05 Val: 0x00000391
In clock cycle: 465130
Register Write to Reg: 0x06 Val: 0x00000392
In clock cycle: 465131
Register Write to Reg: 0x01 Val: 0x00000024
In clock cycle: 465132
Register Write to Reg: 0x05 Val: 0x00000392
In clock cycle: 465133
Register Write to Reg: 0x06 Val: 0x00000392
In clock cycle: 466144
Register Write to Reg: 0x06 Val: 0x00000393
In clock cycle: 466145
Register Write to Reg: 0x01 Val: 0x00000014
In clock cycle: 466146
Register Write to Reg: 0x05 Val: 0x00000393
In clock cycle: 466147
Register Write to Reg: 0x06 Val: 0x00000393
In clock cycle: 466148
Register Write to Reg: 0x01 Val: 0xFFFFFFF0
In clock cycle: 466149
Register Write to Reg: 0x05 Val: 0x00000393
In clock cycle: 466150
Register Write to Reg: 0x06 Val: 0x00000394
In clock cycle: 466151
Register Write to Reg: 0x01 Val: 0x00000024
In clock cycle: 466152
Register Write to Reg: 0x05 Val: 0x00000394
In clock cycle: 466153
Register Write to Reg: 0x06 Val: 0x00000394
In clock cycle: 467164
Register Write to Reg: 0x06 Val: 0x00000395
In clock cycle: 467165
Register Write to Reg: 0x01 Val: 0x00000014
In clock cycle: 467166
Register Write to Reg: 0x05 Val: 0x00000395
In clock cycle: 467167
Register Write to Reg: 0x06 Val: 0x00000395
In clock cycle: 467168
Register Write to Reg: 0x01 Val: 0xFFFFFFF0
In clock cycle: 467169
Register Write to Reg: 0x05 Val: 0x00000395
In clock cycle: 467170
Register Write to Reg: 0x06 Val: 0x00000396
In clock cycle: 467171
Register Write to Reg: 0x01 Val: 0x00000024
In clock cycle: 467172
Register Write to Reg: 0x05 Val: 0x00000396
In clock cycle: 467173
Register Write to Reg: 0x06 Val: 0x00000396
In clock cycle: 468184
Register Write to Reg: 0x06 Val: 0x00000397
In clock cycle: 468185
Register Write to Reg: 0x01 Val: 0x00000014
In clock cycle: 468186
Register Write to Reg: 0x05 Val: 0x00000397
In clock cycle: 468187
Register Write to Reg: 0x06 Val: 0x00000397
In clock cycle: 468188
Register Write to Reg: 0x01 Val: 0xFFFFFFF0
In clock cycle: 468189
Register Write to Reg: 0x05 Val: 0x00000397
In clock cycle: 468190
Register Write to Reg: 0x06 Val: 0x00000398
In clock cycle: 468191
Register Write to Reg: 0x01 Val: 0x00000024
In clock cycle: 468192
Register Write to Reg: 0x05 Val: 0x00000398
In clock cycle: 468193
Register Write to Reg: 0x06 Val: 0x00000398
In clock cycle: 469204
Register Write to Reg: 0x06 Val: 0x00000399
In clock cycle: 469205
Register Write to Reg: 0x01 Val: 0x00000014
In clock cycle: 469206
Register Write to Reg: 0x05 Val: 0x00000399
In clock cycle: 469207
Register Write to Reg: 0x06 Val: 0x00000399
In clock cycle: 469208
Register Write to Reg: 0x01 Val: 0xFFFFFFF0
In clock cycle: 469209
Register Write to Reg: 0x05 Val: 0x00000399
In clock cycle: 469210
Register Write to Reg: 0x06 Val: 0x0000039A
In clock cycle: 469211
Register Write to Reg: 0x01 Val: 0x00000024
In clock cycle: 469212
Register Write to Reg: 0x05 Val: 0x0000039A
In clock cycle: 469213
Register Write to Reg: 0x06 Val: 0x0000039A
In clock cycle: 470224
Register Write to Reg: 0x06 Val: 0x0000039B
In clock cycle: 470225
Register Write to Reg: 0x01 Val: 0x00000014
In clock cycle: 470226
Register Write to Reg: 0x05 Val: 0x0000039B
In clock cycle: 470227
Register Write to Reg: 0x06 Val: 0x0000039B
In clock cycle: 470228
Register Write to Reg: 0x01 Val: 0xFFFFFFF0
In clock cycle: 470229
Register Write to Reg: 0x05 Val: 0x0000039B
In clock cycle: 470230
Register Write to Reg: 0x06 Val: 0x0000039C
In clock cycle: 470231
Register Write to Reg: 0x01 Val: 0x00000024
In clock cycle: 470232
Register Write to Reg: 0x05 Val: 0x0000039C
In clock cycle: 470233
Register Write to Reg: 0x06 Val: 0x0000039C
In clock cycle: 471244
Register Write to Reg: 0x06 Val: 0x0000039D
In clock cycle: 471245
Register Write to Reg: 0x01 Val: 0x00000014
In clock cycle: 471246
Register Write to Reg: 0x05 Val: 0x0000039D
In clock cycle: 471247
Register Write to Reg: 0x06 Val: 0x0000039D
In clock cycle: 471248
Register Write to Reg: 0x01 Val: 0xFFFFFFF0
In clock cycle: 471249
Register Write to Reg: 0x05 Val: 0x0000039D
In clock cycle: 471250
Register Write to Reg: 0x06 Val: 0x0000039E
In clock cycle: 471251
Register Write to Reg: 0x01 Val: 0x00000024
In clock cycle: 471252
Register Write to Reg: 0x05 Val: 0x0000039E
In clock cycle: 471253
Register Write to Reg: 0x06 Val: 0x0000039E
In clock cycle: 472264
Register Write to Reg: 0x06 Val: 0x0000039F
In clock cycle: 472265
Register Write to Reg: 0x01 Val: 0x00000014
In clock cycle: 472266
Register Write to Reg: 0x05 Val: 0x0000039F
In clock cycle: 472267
Register Write to Reg: 0x06 Val: 0x0000039F
In clock cycle: 472268
Register Write to Reg: 0x01 Val: 0xFFFFFFF0
In clock cycle: 472269
Register Write to Reg: 0x05 Val: 0x0000039F
In clock cycle: 472270
Register Write to Reg: 0x06 Val: 0x000003A0
In clock cycle: 472271
Register Write to Reg: 0x01 Val: 0x00000024
In clock cycle: 472272
Register Write to Reg: 0x05 Val: 0x000003A0
In clock cycle: 472273
Register Write to Reg: 0x06 Val: 0x000003A0
In clock cycle: 473284
Register Write to Reg: 0x06 Val: 0x000003A1
In clock cycle: 473285
Register Write to Reg: 0x01 Val: 0x00000014
In clock cycle: 473286
Register Write to Reg: 0x05 Val: 0x000003A1
In clock cycle: 473287
Register Write to Reg: 0x06 Val: 0x000003A1
In clock cycle: 473288
Register Write to Reg: 0x01 Val: 0xFFFFFFF0
In clock cycle: 473289
Register Write to Reg: 0x05 Val: 0x000003A1
In clock cycle: 473290
Register Write to Reg: 0x06 Val: 0x000003A2
In clock cycle: 473291
Register Write to Reg: 0x01 Val: 0x00000024
In clock cycle: 473292
Register Write to Reg: 0x05 Val: 0x000003A2
In clock cycle: 473293
Register Write to Reg: 0x06 Val: 0x000003A2
In clock cycle: 474304
Register Write to Reg: 0x06 Val: 0x000003A3
In clock cycle: 474305
Register Write to Reg: 0x01 Val: 0x00000014
In clock cycle: 474306
Register Write to Reg: 0x05 Val: 0x000003A3
In clock cycle: 474307
Register Write to Reg: 0x06 Val: 0x000003A3
In clock cycle: 474308
Register Write to Reg: 0x01 Val: 0xFFFFFFF0
In clock cycle: 474309
Register Write to Reg: 0x05 Val: 0x000003A3
In clock cycle: 474310
Register Write to Reg: 0x06 Val: 0x000003A4
In clock cycle: 474311
Register Write to Reg: 0x01 Val: 0x00000024
In clock cycle: 474312
Register Write to Reg: 0x05 Val: 0x000003A4
In clock cycle: 474313
Register Write to Reg: 0x06 Val: 0x000003A4
In clock cycle: 475324
Register Write to Reg: 0x06 Val: 0x000003A5
In clock cycle: 475325
Register Write to Reg: 0x01 Val: 0x00000014
In clock cycle: 475326
Register Write to Reg: 0x05 Val: 0x000003A5
In clock cycle: 475327
Register Write to Reg: 0x06 Val: 0x000003A5
In clock cycle: 475328
Register Write to Reg: 0x01 Val: 0xFFFFFFF0
In clock cycle: 475329
Register Write to Reg: 0x05 Val: 0x000003A5
In clock cycle: 475330
Register Write to Reg: 0x06 Val: 0x000003A6
In clock cycle: 475331
Register Write to Reg: 0x01 Val: 0x00000024
In clock cycle: 475332
Register Write to Reg: 0x05 Val: 0x000003A6
In clock cycle: 475333
Register Write to Reg: 0x06 Val: 0x000003A6
In clock cycle: 476344
Register Write to Reg: 0x06 Val: 0x000003A7
In clock cycle: 476345
Register Write to Reg: 0x01 Val: 0x00000014
In clock cycle: 476346
Register Write to Reg: 0x05 Val: 0x000003A7
In clock cycle: 476347
Register Write to Reg: 0x06 Val: 0x000003A7
In clock cycle: 476348
Register Write to Reg: 0x01 Val: 0xFFFFFFF0
In clock cycle: 476349
Register Write to Reg: 0x05 Val: 0x000003A7
In clock cycle: 476350
Register Write to Reg: 0x06 Val: 0x000003A8
In clock cycle: 476351
Register Write to Reg: 0x01 Val: 0x00000024
In clock cycle: 476352
Register Write to Reg: 0x05 Val: 0x000003A8
In clock cycle: 476353
Register Write to Reg: 0x06 Val: 0x000003A8
In clock cycle: 477364
Register Write to Reg: 0x06 Val: 0x000003A9
In clock cycle: 477365
Register Write to Reg: 0x01 Val: 0x00000014
In clock cycle: 477366
Register Write to Reg: 0x05 Val: 0x000003A9
In clock cycle: 477367
Register Write to Reg: 0x06 Val: 0x000003A9
In clock cycle: 477368
Register Write to Reg: 0x01 Val: 0xFFFFFFF0
In clock cycle: 477369
Register Write to Reg: 0x05 Val: 0x000003A9
In clock cycle: 477370
Register Write to Reg: 0x06 Val: 0x000003AA
In clock cycle: 477371
Register Write to Reg: 0x01 Val: 0x00000024
In clock cycle: 477372
Register Write to Reg: 0x05 Val: 0x000003AA
In clock cycle: 477373
Register Write to Reg: 0x06 Val: 0x000003AA
In clock cycle: 478384
Register Write to Reg: 0x06 Val: 0x000003AB
In clock cycle: 478385
Register Write to Reg: 0x01 Val: 0x00000014
In clock cycle: 478386
Register Write to Reg: 0x05 Val: 0x000003AB
In clock cycle: 478387
Register Write to Reg: 0x06 Val: 0x000003AB
In clock cycle: 478388
Register Write to Reg: 0x01 Val: 0xFFFFFFF0
In clock cycle: 478389
Register Write to Reg: 0x05 Val: 0x000003AB
In clock cycle: 478390
Register Write to Reg: 0x06 Val: 0x000003AC
In clock cycle: 478391
Register Write to Reg: 0x01 Val: 0x00000024
In clock cycle: 478392
Register Write to Reg: 0x05 Val: 0x000003AC
In clock cycle: 478393
Register Write to Reg: 0x06 Val: 0x000003AC
In clock cycle: 479404
Register Write to Reg: 0x06 Val: 0x000003AD
In clock cycle: 479405
Register Write to Reg: 0x01 Val: 0x00000014
In clock cycle: 479406
Register Write to Reg: 0x05 Val: 0x000003AD
In clock cycle: 479407
Register Write to Reg: 0x06 Val: 0x000003AD
In clock cycle: 479408
Register Write to Reg: 0x01 Val: 0xFFFFFFF0
In clock cycle: 479409
Register Write to Reg: 0x05 Val: 0x000003AD
In clock cycle: 479410
Register Write to Reg: 0x06 Val: 0x000003AE
In clock cycle: 479411
Register Write to Reg: 0x01 Val: 0x00000024
In clock cycle: 479412
Register Write to Reg: 0x05 Val: 0x000003AE
In clock cycle: 479413
Register Write to Reg: 0x06 Val: 0x000003AE
In clock cycle: 480424
Register Write to Reg: 0x06 Val: 0x000003AF
In clock cycle: 480425
Register Write to Reg: 0x01 Val: 0x00000014
In clock cycle: 480426
Register Write to Reg: 0x05 Val: 0x000003AF
In clock cycle: 480427
Register Write to Reg: 0x06 Val: 0x000003AF
In clock cycle: 480428
Register Write to Reg: 0x01 Val: 0xFFFFFFF0
In clock cycle: 480429
Register Write to Reg: 0x05 Val: 0x000003AF
In clock cycle: 480430
Register Write to Reg: 0x06 Val: 0x000003B0
In clock cycle: 480431
Register Write to Reg: 0x01 Val: 0x00000024
In clock cycle: 480432
Register Write to Reg: 0x05 Val: 0x000003B0
In clock cycle: 480433
Register Write to Reg: 0x06 Val: 0x000003B0
In clock cycle: 481444
Register Write to Reg: 0x06 Val: 0x000003B1
In clock cycle: 481445
Register Write to Reg: 0x01 Val: 0x00000014
In clock cycle: 481446
Register Write to Reg: 0x05 Val: 0x000003B1
In clock cycle: 481447
Register Write to Reg: 0x06 Val: 0x000003B1
In clock cycle: 481448
Register Write to Reg: 0x01 Val: 0xFFFFFFF0
In clock cycle: 481449
Register Write to Reg: 0x05 Val: 0x000003B1
In clock cycle: 481450
Register Write to Reg: 0x06 Val: 0x000003B2
In clock cycle: 481451
Register Write to Reg: 0x01 Val: 0x00000024
In clock cycle: 481452
Register Write to Reg: 0x05 Val: 0x000003B2
In clock cycle: 481453
Register Write to Reg: 0x06 Val: 0x000003B2
In clock cycle: 482464
Register Write to Reg: 0x06 Val: 0x000003B3
In clock cycle: 482465
Register Write to Reg: 0x01 Val: 0x00000014
In clock cycle: 482466
Register Write to Reg: 0x05 Val: 0x000003B3
In clock cycle: 482467
Register Write to Reg: 0x06 Val: 0x000003B3
In clock cycle: 482468
Register Write to Reg: 0x01 Val: 0xFFFFFFF0
In clock cycle: 482469
Register Write to Reg: 0x05 Val: 0x000003B3
In clock cycle: 482470
Register Write to Reg: 0x06 Val: 0x000003B4
In clock cycle: 482471
Register Write to Reg: 0x01 Val: 0x00000024
In clock cycle: 482472
Register Write to Reg: 0x05 Val: 0x000003B4
In clock cycle: 482473
Register Write to Reg: 0x06 Val: 0x000003B4
In clock cycle: 483484
Register Write to Reg: 0x06 Val: 0x000003B5
In clock cycle: 483485
Register Write to Reg: 0x01 Val: 0x00000014
In clock cycle: 483486
Register Write to Reg: 0x05 Val: 0x000003B5
In clock cycle: 483487
Register Write to Reg: 0x06 Val: 0x000003B5
In clock cycle: 483488
Register Write to Reg: 0x01 Val: 0xFFFFFFF0
In clock cycle: 483489
Register Write to Reg: 0x05 Val: 0x000003B5
In clock cycle: 483490
Register Write to Reg: 0x06 Val: 0x000003B6
In clock cycle: 483491
Register Write to Reg: 0x01 Val: 0x00000024
In clock cycle: 483492
Register Write to Reg: 0x05 Val: 0x000003B6
In clock cycle: 483493
Register Write to Reg: 0x06 Val: 0x000003B6
In clock cycle: 484504
Register Write to Reg: 0x06 Val: 0x000003B7
In clock cycle: 484505
Register Write to Reg: 0x01 Val: 0x00000014
In clock cycle: 484506
Register Write to Reg: 0x05 Val: 0x000003B7
In clock cycle: 484507
Register Write to Reg: 0x06 Val: 0x000003B7
In clock cycle: 484508
Register Write to Reg: 0x01 Val: 0xFFFFFFF0
In clock cycle: 484509
Register Write to Reg: 0x05 Val: 0x000003B7
In clock cycle: 484510
Register Write to Reg: 0x06 Val: 0x000003B8
In clock cycle: 484511
Register Write to Reg: 0x01 Val: 0x00000024
In clock cycle: 484512
Register Write to Reg: 0x05 Val: 0x000003B8
In clock cycle: 484513
Register Write to Reg: 0x06 Val: 0x000003B8
In clock cycle: 485524
Register Write to Reg: 0x06 Val: 0x000003B9
In clock cycle: 485525
Register Write to Reg: 0x01 Val: 0x00000014
In clock cycle: 485526
Register Write to Reg: 0x05 Val: 0x000003B9
In clock cycle: 485527
Register Write to Reg: 0x06 Val: 0x000003B9
In clock cycle: 485528
Register Write to Reg: 0x01 Val: 0xFFFFFFF0
In clock cycle: 485529
Register Write to Reg: 0x05 Val: 0x000003B9
In clock cycle: 485530
Register Write to Reg: 0x06 Val: 0x000003BA
In clock cycle: 485531
Register Write to Reg: 0x01 Val: 0x00000024
In clock cycle: 485532
Register Write to Reg: 0x05 Val: 0x000003BA
In clock cycle: 485533
Register Write to Reg: 0x06 Val: 0x000003BA
In clock cycle: 486544
Register Write to Reg: 0x06 Val: 0x000003BB
In clock cycle: 486545
Register Write to Reg: 0x01 Val: 0x00000014
In clock cycle: 486546
Register Write to Reg: 0x05 Val: 0x000003BB
In clock cycle: 486547
Register Write to Reg: 0x06 Val: 0x000003BB
In clock cycle: 486548
Register Write to Reg: 0x01 Val: 0xFFFFFFF0
In clock cycle: 486549
Register Write to Reg: 0x05 Val: 0x000003BB
In clock cycle: 486550
Register Write to Reg: 0x06 Val: 0x000003BC
In clock cycle: 486551
Register Write to Reg: 0x01 Val: 0x00000024
In clock cycle: 486552
Register Write to Reg: 0x05 Val: 0x000003BC
In clock cycle: 486553
Register Write to Reg: 0x06 Val: 0x000003BC
In clock cycle: 487564
Register Write to Reg: 0x06 Val: 0x000003BD
In clock cycle: 487565
Register Write to Reg: 0x01 Val: 0x00000014
In clock cycle: 487566
Register Write to Reg: 0x05 Val: 0x000003BD
In clock cycle: 487567
Register Write to Reg: 0x06 Val: 0x000003BD
In clock cycle: 487568
Register Write to Reg: 0x01 Val: 0xFFFFFFF0
In clock cycle: 487569
Register Write to Reg: 0x05 Val: 0x000003BD
In clock cycle: 487570
Register Write to Reg: 0x06 Val: 0x000003BE
In clock cycle: 487571
Register Write to Reg: 0x01 Val: 0x00000024
In clock cycle: 487572
Register Write to Reg: 0x05 Val: 0x000003BE
In clock cycle: 487573
Register Write to Reg: 0x06 Val: 0x000003BE
In clock cycle: 488584
Register Write to Reg: 0x06 Val: 0x000003BF
In clock cycle: 488585
Register Write to Reg: 0x01 Val: 0x00000014
In clock cycle: 488586
Register Write to Reg: 0x05 Val: 0x000003BF
In clock cycle: 488587
Register Write to Reg: 0x06 Val: 0x000003BF
In clock cycle: 488588
Register Write to Reg: 0x01 Val: 0xFFFFFFF0
In clock cycle: 488589
Register Write to Reg: 0x05 Val: 0x000003BF
In clock cycle: 488590
Register Write to Reg: 0x06 Val: 0x000003C0
In clock cycle: 488591
Register Write to Reg: 0x01 Val: 0x00000024
In clock cycle: 488592
Register Write to Reg: 0x05 Val: 0x000003C0
In clock cycle: 488593
Register Write to Reg: 0x06 Val: 0x000003C0
In clock cycle: 489604
Register Write to Reg: 0x06 Val: 0x000003C1
In clock cycle: 489605
Register Write to Reg: 0x01 Val: 0x00000014
In clock cycle: 489606
Register Write to Reg: 0x05 Val: 0x000003C1
In clock cycle: 489607
Register Write to Reg: 0x06 Val: 0x000003C1
In clock cycle: 489608
Register Write to Reg: 0x01 Val: 0xFFFFFFF0
In clock cycle: 489609
Register Write to Reg: 0x05 Val: 0x000003C1
In clock cycle: 489610
Register Write to Reg: 0x06 Val: 0x000003C2
In clock cycle: 489611
Register Write to Reg: 0x01 Val: 0x00000024
In clock cycle: 489612
Register Write to Reg: 0x05 Val: 0x000003C2
In clock cycle: 489613
Register Write to Reg: 0x06 Val: 0x000003C2
In clock cycle: 490624
Register Write to Reg: 0x06 Val: 0x000003C3
In clock cycle: 490625
Register Write to Reg: 0x01 Val: 0x00000014
In clock cycle: 490626
Register Write to Reg: 0x05 Val: 0x000003C3
In clock cycle: 490627
Register Write to Reg: 0x06 Val: 0x000003C3
In clock cycle: 490628
Register Write to Reg: 0x01 Val: 0xFFFFFFF0
In clock cycle: 490629
Register Write to Reg: 0x05 Val: 0x000003C3
In clock cycle: 490630
Register Write to Reg: 0x06 Val: 0x000003C4
In clock cycle: 490631
Register Write to Reg: 0x01 Val: 0x00000024
In clock cycle: 490632
Register Write to Reg: 0x05 Val: 0x000003C4
In clock cycle: 490633
Register Write to Reg: 0x06 Val: 0x000003C4
In clock cycle: 491644
Register Write to Reg: 0x06 Val: 0x000003C5
In clock cycle: 491645
Register Write to Reg: 0x01 Val: 0x00000014
In clock cycle: 491646
Register Write to Reg: 0x05 Val: 0x000003C5
In clock cycle: 491647
Register Write to Reg: 0x06 Val: 0x000003C5
In clock cycle: 491648
Register Write to Reg: 0x01 Val: 0xFFFFFFF0
In clock cycle: 491649
Register Write to Reg: 0x05 Val: 0x000003C5
In clock cycle: 491650
Register Write to Reg: 0x06 Val: 0x000003C6
In clock cycle: 491651
Register Write to Reg: 0x01 Val: 0x00000024
In clock cycle: 491652
Register Write to Reg: 0x05 Val: 0x000003C6
In clock cycle: 491653
Register Write to Reg: 0x06 Val: 0x000003C6
In clock cycle: 492664
Register Write to Reg: 0x06 Val: 0x000003C7
In clock cycle: 492665
Register Write to Reg: 0x01 Val: 0x00000014
In clock cycle: 492666
Register Write to Reg: 0x05 Val: 0x000003C7
In clock cycle: 492667
Register Write to Reg: 0x06 Val: 0x000003C7
In clock cycle: 492668
Register Write to Reg: 0x01 Val: 0xFFFFFFF0
In clock cycle: 492669
Register Write to Reg: 0x05 Val: 0x000003C7
In clock cycle: 492670
Register Write to Reg: 0x06 Val: 0x000003C8
In clock cycle: 492671
Register Write to Reg: 0x01 Val: 0x00000024
In clock cycle: 492672
Register Write to Reg: 0x05 Val: 0x000003C8
In clock cycle: 492673
Register Write to Reg: 0x06 Val: 0x000003C8
In clock cycle: 493684
Register Write to Reg: 0x06 Val: 0x000003C9
In clock cycle: 493685
Register Write to Reg: 0x01 Val: 0x00000014
In clock cycle: 493686
Register Write to Reg: 0x05 Val: 0x000003C9
In clock cycle: 493687
Register Write to Reg: 0x06 Val: 0x000003C9
In clock cycle: 493688
Register Write to Reg: 0x01 Val: 0xFFFFFFF0
In clock cycle: 493689
Register Write to Reg: 0x05 Val: 0x000003C9
In clock cycle: 493690
Register Write to Reg: 0x06 Val: 0x000003CA
In clock cycle: 493691
Register Write to Reg: 0x01 Val: 0x00000024
In clock cycle: 493692
Register Write to Reg: 0x05 Val: 0x000003CA
In clock cycle: 493693
Register Write to Reg: 0x06 Val: 0x000003CA
In clock cycle: 494704
Register Write to Reg: 0x06 Val: 0x000003CB
In clock cycle: 494705
Register Write to Reg: 0x01 Val: 0x00000014
In clock cycle: 494706
Register Write to Reg: 0x05 Val: 0x000003CB
In clock cycle: 494707
Register Write to Reg: 0x06 Val: 0x000003CB
In clock cycle: 494708
Register Write to Reg: 0x01 Val: 0xFFFFFFF0
In clock cycle: 494709
Register Write to Reg: 0x05 Val: 0x000003CB
In clock cycle: 494710
Register Write to Reg: 0x06 Val: 0x000003CC
In clock cycle: 494711
Register Write to Reg: 0x01 Val: 0x00000024
In clock cycle: 494712
Register Write to Reg: 0x05 Val: 0x000003CC
In clock cycle: 494713
Register Write to Reg: 0x06 Val: 0x000003CC
In clock cycle: 495724
Register Write to Reg: 0x06 Val: 0x000003CD
In clock cycle: 495725
Register Write to Reg: 0x01 Val: 0x00000014
In clock cycle: 495726
Register Write to Reg: 0x05 Val: 0x000003CD
In clock cycle: 495727
Register Write to Reg: 0x06 Val: 0x000003CD
In clock cycle: 495728
Register Write to Reg: 0x01 Val: 0xFFFFFFF0
In clock cycle: 495729
Register Write to Reg: 0x05 Val: 0x000003CD
In clock cycle: 495730
Register Write to Reg: 0x06 Val: 0x000003CE
In clock cycle: 495731
Register Write to Reg: 0x01 Val: 0x00000024
In clock cycle: 495732
Register Write to Reg: 0x05 Val: 0x000003CE
In clock cycle: 495733
Register Write to Reg: 0x06 Val: 0x000003CE
In clock cycle: 496744
Register Write to Reg: 0x06 Val: 0x000003CF
In clock cycle: 496745
Register Write to Reg: 0x01 Val: 0x00000014
In clock cycle: 496746
Register Write to Reg: 0x05 Val: 0x000003CF
In clock cycle: 496747
Register Write to Reg: 0x06 Val: 0x000003CF
In clock cycle: 496748
Register Write to Reg: 0x01 Val: 0xFFFFFFF0
In clock cycle: 496749
Register Write to Reg: 0x05 Val: 0x000003CF
In clock cycle: 496750
Register Write to Reg: 0x06 Val: 0x000003D0
In clock cycle: 496751
Register Write to Reg: 0x01 Val: 0x00000024
In clock cycle: 496752
Register Write to Reg: 0x05 Val: 0x000003D0
In clock cycle: 496753
Register Write to Reg: 0x06 Val: 0x000003D0
In clock cycle: 497764
Register Write to Reg: 0x06 Val: 0x000003D1
In clock cycle: 497765
Register Write to Reg: 0x01 Val: 0x00000014
In clock cycle: 497766
Register Write to Reg: 0x05 Val: 0x000003D1
In clock cycle: 497767
Register Write to Reg: 0x06 Val: 0x000003D1
In clock cycle: 497768
Register Write to Reg: 0x01 Val: 0xFFFFFFF0
In clock cycle: 497769
Register Write to Reg: 0x05 Val: 0x000003D1
In clock cycle: 497770
Register Write to Reg: 0x06 Val: 0x000003D2
In clock cycle: 497771
Register Write to Reg: 0x01 Val: 0x00000024
In clock cycle: 497772
Register Write to Reg: 0x05 Val: 0x000003D2
In clock cycle: 497773
Register Write to Reg: 0x06 Val: 0x000003D2
In clock cycle: 498784
Register Write to Reg: 0x06 Val: 0x000003D3
In clock cycle: 498785
Register Write to Reg: 0x01 Val: 0x00000014
In clock cycle: 498786
Register Write to Reg: 0x05 Val: 0x000003D3
In clock cycle: 498787
Register Write to Reg: 0x06 Val: 0x000003D3
In clock cycle: 498788
Register Write to Reg: 0x01 Val: 0xFFFFFFF0
In clock cycle: 498789
Register Write to Reg: 0x05 Val: 0x000003D3
In clock cycle: 498790
Register Write to Reg: 0x06 Val: 0x000003D4
In clock cycle: 498791
Register Write to Reg: 0x01 Val: 0x00000024
In clock cycle: 498792
Register Write to Reg: 0x05 Val: 0x000003D4
In clock cycle: 498793
Register Write to Reg: 0x06 Val: 0x000003D4
In clock cycle: 499804
Register Write to Reg: 0x06 Val: 0x000003D5
In clock cycle: 499805
Register Write to Reg: 0x01 Val: 0x00000014
In clock cycle: 499806
Register Write to Reg: 0x05 Val: 0x000003D5
In clock cycle: 499807
Register Write to Reg: 0x06 Val: 0x000003D5
In clock cycle: 499808
Register Write to Reg: 0x01 Val: 0xFFFFFFF0
In clock cycle: 499809
Register Write to Reg: 0x05 Val: 0x000003D5
In clock cycle: 499810
Register Write to Reg: 0x06 Val: 0x000003D6
In clock cycle: 499811
Register Write to Reg: 0x01 Val: 0x00000024
In clock cycle: 499812
Register Write to Reg: 0x05 Val: 0x000003D6
In clock cycle: 499813
Register Write to Reg: 0x06 Val: 0x000003D6
