In clock cycle: 4
Register Write to Reg: 0x08 Val: 0x10010000
In clock cycle: 5
Register Write to Reg: 0x08 Val: 0x0000001C
In clock cycle: 6
Register Write to Reg: 0x05 Val: 0x0000002A
In clock cycle: 6
Memory Write to Addr: 0x00000000 Val: 0x00000000
In clock cycle: 7
Memory Write to Addr: 0x1000FFFC Val: 0x00000000
In clock cycle: 8
Memory Write to Addr: 0x00000014 Val: 0x00000000
In clock cycle: 9
Memory Write to Addr: 0x00000010 Val: 0x0000002A
In clock cycle: 10
Memory Write to Addr: 0x0000000C Val: 0x0000002A
In clock cycle: 11
Memory Write to Addr: 0x00000008 Val: 0x0000002A
In clock cycle: 12
Memory Write to Addr: 0x00000004 Val: 0x0000002A
In clock cycle: 13
Memory Write to Addr: 0x00000000 Val: 0x0000002A
In clock cycle: 1028
Register Write to Reg: 0x08 Val: 0x10010000
In clock cycle: 1029
Register Write to Reg: 0x08 Val: 0x00000038
In clock cycle: 1030
Register Write to Reg: 0x05 Val: 0x0000002A
In clock cycle: 1030
Memory Write to Addr: 0x0000001C Val: 0x0000002A
In clock cycle: 1031
Memory Write to Addr: 0x1000FFFC Val: 0x0000002A
In clock cycle: 1032
Memory Write to Addr: 0x00000030 Val: 0x0000002A
In clock cycle: 1033
Memory Write to Addr: 0x0000002C Val: 0x0000002A
In clock cycle: 1034
Memory Write to Addr: 0x00000028 Val: 0x0000002A
In clock cycle: 1035
Memory Write to Addr: 0x00000024 Val: 0x0000002A
In clock cycle: 1036
Memory Write to Addr: 0x00000020 Val: 0x0000002A
In clock cycle: 1037
Memory Write to Addr: 0x0000001C Val: 0x0000002A
In clock cycle: 2052
Register Write to Reg: 0x08 Val: 0x10010000
In clock cycle: 2053
Register Write to Reg: 0x08 Val: 0x00000054
In clock cycle: 2054
Register Write to Reg: 0x05 Val: 0x0000002A
In clock cycle: 2054
Memory Write to Addr: 0x00000038 Val: 0x0000002A
In clock cycle: 2055
Memory Write to Addr: 0x1000FFFC Val: 0x0000002A
In clock cycle: 2056
Memory Write to Addr: 0x0000004C Val: 0x0000002A
In clock cycle: 2057
Memory Write to Addr: 0x00000048 Val: 0x0000002A
In clock cycle: 2058
Memory Write to Addr: 0x00000044 Val: 0x0000002A
In clock cycle: 2059
Memory Write to Addr: 0x00000040 Val: 0x0000002A
In clock cycle: 2060
Memory Write to Addr: 0x0000003C Val: 0x0000002A
In clock cycle: 2061
Memory Write to Addr: 0x00000038 Val: 0x0000002A
In clock cycle: 3076
Register Write to Reg: 0x08 Val: 0x10010000
In clock cycle: 3077
Register Write to Reg: 0x08 Val: 0x00000070
In clock cycle: 3078
Register Write to Reg: 0x05 Val: 0x0000002A
In clock cycle: 3078
Memory Write to Addr: 0x00000054 Val: 0x0000002A
In clock cycle: 3079
Memory Write to Addr: 0x1000FFFC Val: 0x0000002A
In clock cycle: 3080
Memory Write to Addr: 0x00000068 Val: 0x0000002A
In clock cycle: 3081
Memory Write to Addr: 0x00000064 Val: 0x0000002A
In clock cycle: 3082
Memory Write to Addr: 0x00000060 Val: 0x0000002A
In clock cycle: 3083
Memory Write to Addr: 0x0000005C Val: 0x0000002A
In clock cycle: 3084
Memory Write to Addr: 0x00000058 Val: 0x0000002A
In clock cycle: 3085
Memory Write to Addr: 0x00000054 Val: 0x0000002A
In clock cycle: 4100
Register Write to Reg: 0x08 Val: 0x10010000
In clock cycle: 4101
Register Write to Reg: 0x08 Val: 0x0000008C
In clock cycle: 4102
Register Write to Reg: 0x05 Val: 0x0000002A
In clock cycle: 4102
Memory Write to Addr: 0x00000070 Val: 0x0000002A
In clock cycle: 4103
Memory Write to Addr: 0x1000FFFC Val: 0x0000002A
In clock cycle: 4104
Memory Write to Addr: 0x00000084 Val: 0x0000002A
In clock cycle: 4105
Memory Write to Addr: 0x00000080 Val: 0x0000002A
In clock cycle: 4106
Memory Write to Addr: 0x0000007C Val: 0x0000002A
In clock cycle: 4107
Memory Write to Addr: 0x00000078 Val: 0x0000002A
In clock cycle: 4108
Memory Write to Addr: 0x00000074 Val: 0x0000002A
In clock cycle: 4109
Memory Write to Addr: 0x00000070 Val: 0x0000002A
In clock cycle: 5124
Register Write to Reg: 0x08 Val: 0x10010000
In clock cycle: 5125
Register Write to Reg: 0x08 Val: 0x000000A8
In clock cycle: 5126
Register Write to Reg: 0x05 Val: 0x0000002A
In clock cycle: 5126
Memory Write to Addr: 0x0000008C Val: 0x0000002A
In clock cycle: 5127
Memory Write to Addr: 0x1000FFFC Val: 0x0000002A
In clock cycle: 5128
Memory Write to Addr: 0x000000A0 Val: 0x0000002A
In clock cycle: 5129
Memory Write to Addr: 0x0000009C Val: 0x0000002A
In clock cycle: 5130
Memory Write to Addr: 0x00000098 Val: 0x0000002A
In clock cycle: 5131
Memory Write to Addr: 0x00000094 Val: 0x0000002A
In clock cycle: 5132
Memory Write to Addr: 0x00000090 Val: 0x0000002A
In clock cycle: 5133
Memory Write to Addr: 0x0000008C Val: 0x0000002A
In clock cycle: 6148
Register Write to Reg: 0x08 Val: 0x10010000
In clock cycle: 6149
Register Write to Reg: 0x08 Val: 0x000000C4
In clock cycle: 6150
Register Write to Reg: 0x05 Val: 0x0000002A
In clock cycle: 6150
Memory Write to Addr: 0x000000A8 Val: 0x0000002A
In clock cycle: 6151
Memory Write to Addr: 0x1000FFFC Val: 0x0000002A
In clock cycle: 6152
Memory Write to Addr: 0x000000BC Val: 0x0000002A
In clock cycle: 6153
Memory Write to Addr: 0x000000B8 Val: 0x0000002A
In clock cycle: 6154
Memory Write to Addr: 0x000000B4 Val: 0x0000002A
In clock cycle: 6155
Memory Write to Addr: 0x000000B0 Val: 0x0000002A
In clock cycle: 6156
Memory Write to Addr: 0x000000AC Val: 0x0000002A
In clock cycle: 6157
Memory Write to Addr: 0x000000A8 Val: 0x0000002A
In clock cycle: 7172
Register Write to Reg: 0x08 Val: 0x10010000
In clock cycle: 7173
Register Write to Reg: 0x08 Val: 0x000000E0
In clock cycle: 7174
Register Write to Reg: 0x05 Val: 0x0000002A
In clock cycle: 7174
Memory Write to Addr: 0x000000C4 Val: 0x0000002A
In clock cycle: 7175
Memory Write to Addr: 0x1000FFFC Val: 0x0000002A
In clock cycle: 7176
Memory Write to Addr: 0x000000D8 Val: 0x0000002A
In clock cycle: 7177
Memory Write to Addr: 0x000000D4 Val: 0x0000002A
In clock cycle: 7178
Memory Write to Addr: 0x000000D0 Val: 0x0000002A
In clock cycle: 7179
Memory Write to Addr: 0x000000CC Val: 0x0000002A
In clock cycle: 7180
Memory Write to Addr: 0x000000C8 Val: 0x0000002A
In clock cycle: 7181
Memory Write to Addr: 0x000000C4 Val: 0x0000002A
In clock cycle: 8196
Register Write to Reg: 0x08 Val: 0x10010000
In clock cycle: 8197
Register Write to Reg: 0x08 Val: 0x000000FC
In clock cycle: 8198
Register Write to Reg: 0x05 Val: 0x0000002A
In clock cycle: 8198
Memory Write to Addr: 0x000000E0 Val: 0x0000002A
In clock cycle: 8199
Memory Write to Addr: 0x1000FFFC Val: 0x0000002A
In clock cycle: 8200
Memory Write to Addr: 0x000000F4 Val: 0x0000002A
In clock cycle: 8201
Memory Write to Addr: 0x000000F0 Val: 0x0000002A
In clock cycle: 8202
Memory Write to Addr: 0x000000EC Val: 0x0000002A
In clock cycle: 8203
Memory Write to Addr: 0x000000E8 Val: 0x0000002A
In clock cycle: 8204
Memory Write to Addr: 0x000000E4 Val: 0x0000002A
In clock cycle: 8205
Memory Write to Addr: 0x000000E0 Val: 0x0000002A
In clock cycle: 9220
Register Write to Reg: 0x08 Val: 0x10010000
In clock cycle: 9221
Register Write to Reg: 0x08 Val: 0x00000118
In clock cycle: 9222
Register Write to Reg: 0x05 Val: 0x0000002A
In clock cycle: 9222
Memory Write to Addr: 0x000000FC Val: 0x0000002A
In clock cycle: 9223
Memory Write to Addr: 0x1000FFFC Val: 0x0000002A
In clock cycle: 9224
Memory Write to Addr: 0x00000110 Val: 0x0000002A
In clock cycle: 9225
Memory Write to Addr: 0x0000010C Val: 0x0000002A
In clock cycle: 9226
Memory Write to Addr: 0x00000108 Val: 0x0000002A
In clock cycle: 9227
Memory Write to Addr: 0x00000104 Val: 0x0000002A
In clock cycle: 9228
Memory Write to Addr: 0x00000100 Val: 0x0000002A
In clock cycle: 9229
Memory Write to Addr: 0x000000FC Val: 0x0000002A
In clock cycle: 10244
Register Write to Reg: 0x08 Val: 0x10010000
In clock cycle: 10245
Register Write to Reg: 0x08 Val: 0x00000134
In clock cycle: 10246
Register Write to Reg: 0x05 Val: 0x0000002A
In clock cycle: 10246
Memory Write to Addr: 0x00000118 Val: 0x0000002A
In clock cycle: 10247
Memory Write to Addr: 0x1000FFFC Val: 0x0000002A
In clock cycle: 10248
Memory Write to Addr: 0x0000012C Val: 0x0000002A
In clock cycle: 10249
Memory Write to Addr: 0x00000128 Val: 0x0000002A
In clock cycle: 10250
Memory Write to Addr: 0x00000124 Val: 0x0000002A
In clock cycle: 10251
Memory Write to Addr: 0x00000120 Val: 0x0000002A
In clock cycle: 10252
Memory Write to Addr: 0x0000011C Val: 0x0000002A
In clock cycle: 10253
Memory Write to Addr: 0x00000118 Val: 0x0000002A
In clock cycle: 11268
Register Write to Reg: 0x08 Val: 0x10010000
In clock cycle: 11269
Register Write to Reg: 0x08 Val: 0x00000150
In clock cycle: 11270
Register Write to Reg: 0x05 Val: 0x0000002A
In clock cycle: 11270
Memory Write to Addr: 0x00000134 Val: 0x0000002A
In clock cycle: 11271
Memory Write to Addr: 0x1000FFFC Val: 0x0000002A
In clock cycle: 11272
Memory Write to Addr: 0x00000148 Val: 0x0000002A
In clock cycle: 11273
Memory Write to Addr: 0x00000144 Val: 0x0000002A
In clock cycle: 11274
Memory Write to Addr: 0x00000140 Val: 0x0000002A
In clock cycle: 11275
Memory Write to Addr: 0x0000013C Val: 0x0000002A
In clock cycle: 11276
Memory Write to Addr: 0x00000138 Val: 0x0000002A
In clock cycle: 11277
Memory Write to Addr: 0x00000134 Val: 0x0000002A
In clock cycle: 12292
Register Write to Reg: 0x08 Val: 0x10010000
In clock cycle: 12293
Register Write to Reg: 0x08 Val: 0x0000016C
In clock cycle: 12294
Register Write to Reg: 0x05 Val: 0x0000002A
In clock cycle: 12294
Memory Write to Addr: 0x00000150 Val: 0x0000002A
In clock cycle: 12295
Memory Write to Addr: 0x1000FFFC Val: 0x0000002A
In clock cycle: 12296
Memory Write to Addr: 0x00000164 Val: 0x0000002A
In clock cycle: 12297
Memory Write to Addr: 0x00000160 Val: 0x0000002A
In clock cycle: 12298
Memory Write to Addr: 0x0000015C Val: 0x0000002A
In clock cycle: 12299
Memory Write to Addr: 0x00000158 Val: 0x0000002A
In clock cycle: 12300
Memory Write to Addr: 0x00000154 Val: 0x0000002A
In clock cycle: 12301
Memory Write to Addr: 0x00000150 Val: 0x0000002A
In clock cycle: 13316
Register Write to Reg: 0x08 Val: 0x10010000
In clock cycle: 13317
Register Write to Reg: 0x08 Val: 0x00000188
In clock cycle: 13318
Register Write to Reg: 0x05 Val: 0x0000002A
In clock cycle: 13318
Memory Write to Addr: 0x0000016C Val: 0x0000002A
In clock cycle: 13319
Memory Write to Addr: 0x1000FFFC Val: 0x0000002A
In clock cycle: 13320
Memory Write to Addr: 0x00000180 Val: 0x0000002A
In clock cycle: 13321
Memory Write to Addr: 0x0000017C Val: 0x0000002A
In clock cycle: 13322
Memory Write to Addr: 0x00000178 Val: 0x0000002A
In clock cycle: 13323
Memory Write to Addr: 0x00000174 Val: 0x0000002A
In clock cycle: 13324
Memory Write to Addr: 0x00000170 Val: 0x0000002A
In clock cycle: 13325
Memory Write to Addr: 0x0000016C Val: 0x0000002A
In clock cycle: 14340
Register Write to Reg: 0x08 Val: 0x10010000
In clock cycle: 14341
Register Write to Reg: 0x08 Val: 0x000001A4
In clock cycle: 14342
Register Write to Reg: 0x05 Val: 0x0000002A
In clock cycle: 14342
Memory Write to Addr: 0x00000188 Val: 0x0000002A
In clock cycle: 14343
Memory Write to Addr: 0x1000FFFC Val: 0x0000002A
In clock cycle: 14344
Memory Write to Addr: 0x0000019C Val: 0x0000002A
In clock cycle: 14345
Memory Write to Addr: 0x00000198 Val: 0x0000002A
In clock cycle: 14346
Memory Write to Addr: 0x00000194 Val: 0x0000002A
In clock cycle: 14347
Memory Write to Addr: 0x00000190 Val: 0x0000002A
In clock cycle: 14348
Memory Write to Addr: 0x0000018C Val: 0x0000002A
In clock cycle: 14349
Memory Write to Addr: 0x00000188 Val: 0x0000002A
In clock cycle: 15364
Register Write to Reg: 0x08 Val: 0x10010000
In clock cycle: 15365
Register Write to Reg: 0x08 Val: 0x000001C0
In clock cycle: 15366
Register Write to Reg: 0x05 Val: 0x0000002A
In clock cycle: 15366
Memory Write to Addr: 0x000001A4 Val: 0x0000002A
In clock cycle: 15367
Memory Write to Addr: 0x1000FFFC Val: 0x0000002A
In clock cycle: 15368
Memory Write to Addr: 0x000001B8 Val: 0x0000002A
In clock cycle: 15369
Memory Write to Addr: 0x000001B4 Val: 0x0000002A
In clock cycle: 15370
Memory Write to Addr: 0x000001B0 Val: 0x0000002A
In clock cycle: 15371
Memory Write to Addr: 0x000001AC Val: 0x0000002A
In clock cycle: 15372
Memory Write to Addr: 0x000001A8 Val: 0x0000002A
In clock cycle: 15373
Memory Write to Addr: 0x000001A4 Val: 0x0000002A
In clock cycle: 16388
Register Write to Reg: 0x08 Val: 0x10010000
In clock cycle: 16389
Register Write to Reg: 0x08 Val: 0x000001DC
In clock cycle: 16390
Register Write to Reg: 0x05 Val: 0x0000002A
In clock cycle: 16390
Memory Write to Addr: 0x000001C0 Val: 0x0000002A
In clock cycle: 16391
Memory Write to Addr: 0x1000FFFC Val: 0x0000002A
In clock cycle: 16392
Memory Write to Addr: 0x000001D4 Val: 0x0000002A
In clock cycle: 16393
Memory Write to Addr: 0x000001D0 Val: 0x0000002A
In clock cycle: 16394
Memory Write to Addr: 0x000001CC Val: 0x0000002A
In clock cycle: 16395
Memory Write to Addr: 0x000001C8 Val: 0x0000002A
In clock cycle: 16396
Memory Write to Addr: 0x000001C4 Val: 0x0000002A
In clock cycle: 16397
Memory Write to Addr: 0x000001C0 Val: 0x0000002A
In clock cycle: 17412
Register Write to Reg: 0x08 Val: 0x10010000
In clock cycle: 17413
Register Write to Reg: 0x08 Val: 0x000001F8
In clock cycle: 17414
Register Write to Reg: 0x05 Val: 0x0000002A
In clock cycle: 17414
Memory Write to Addr: 0x000001DC Val: 0x0000002A
In clock cycle: 17415
Memory Write to Addr: 0x1000FFFC Val: 0x0000002A
In clock cycle: 17416
Memory Write to Addr: 0x000001F0 Val: 0x0000002A
In clock cycle: 17417
Memory Write to Addr: 0x000001EC Val: 0x0000002A
In clock cycle: 17418
Memory Write to Addr: 0x000001E8 Val: 0x0000002A
In clock cycle: 17419
Memory Write to Addr: 0x000001E4 Val: 0x0000002A
In clock cycle: 17420
Memory Write to Addr: 0x000001E0 Val: 0x0000002A
In clock cycle: 17421
Memory Write to Addr: 0x000001DC Val: 0x0000002A
In clock cycle: 18436
Register Write to Reg: 0x08 Val: 0x10010000
In clock cycle: 18437
Register Write to Reg: 0x08 Val: 0x00000214
In clock cycle: 18438
Register Write to Reg: 0x05 Val: 0x0000002A
In clock cycle: 18438
Memory Write to Addr: 0x000001F8 Val: 0x0000002A
In clock cycle: 18439
Memory Write to Addr: 0x1000FFFC Val: 0x0000002A
In clock cycle: 18440
Memory Write to Addr: 0x0000020C Val: 0x0000002A
In clock cycle: 18441
Memory Write to Addr: 0x00000208 Val: 0x0000002A
In clock cycle: 18442
Memory Write to Addr: 0x00000204 Val: 0x0000002A
In clock cycle: 18443
Memory Write to Addr: 0x00000200 Val: 0x0000002A
In clock cycle: 18444
Memory Write to Addr: 0x000001FC Val: 0x0000002A
In clock cycle: 18445
Memory Write to Addr: 0x000001F8 Val: 0x0000002A
In clock cycle: 19460
Register Write to Reg: 0x08 Val: 0x10010000
In clock cycle: 19461
Register Write to Reg: 0x08 Val: 0x00000230
In clock cycle: 19462
Register Write to Reg: 0x05 Val: 0x0000002A
In clock cycle: 19462
Memory Write to Addr: 0x00000214 Val: 0x0000002A
In clock cycle: 19463
Memory Write to Addr: 0x1000FFFC Val: 0x0000002A
In clock cycle: 19464
Memory Write to Addr: 0x00000228 Val: 0x0000002A
In clock cycle: 19465
Memory Write to Addr: 0x00000224 Val: 0x0000002A
In clock cycle: 19466
Memory Write to Addr: 0x00000220 Val: 0x0000002A
In clock cycle: 19467
Memory Write to Addr: 0x0000021C Val: 0x0000002A
In clock cycle: 19468
Memory Write to Addr: 0x00000218 Val: 0x0000002A
In clock cycle: 19469
Memory Write to Addr: 0x00000214 Val: 0x0000002A
In clock cycle: 20484
Register Write to Reg: 0x08 Val: 0x10010000
In clock cycle: 20485
Register Write to Reg: 0x08 Val: 0x0000024C
In clock cycle: 20486
Register Write to Reg: 0x05 Val: 0x0000002A
In clock cycle: 20486
Memory Write to Addr: 0x00000230 Val: 0x0000002A
In clock cycle: 20487
Memory Write to Addr: 0x1000FFFC Val: 0x0000002A
In clock cycle: 20488
Memory Write to Addr: 0x00000244 Val: 0x0000002A
In clock cycle: 20489
Memory Write to Addr: 0x00000240 Val: 0x0000002A
In clock cycle: 20490
Memory Write to Addr: 0x0000023C Val: 0x0000002A
In clock cycle: 20491
Memory Write to Addr: 0x00000238 Val: 0x0000002A
In clock cycle: 20492
Memory Write to Addr: 0x00000234 Val: 0x0000002A
In clock cycle: 20493
Memory Write to Addr: 0x00000230 Val: 0x0000002A
In clock cycle: 21508
Register Write to Reg: 0x08 Val: 0x10010000
In clock cycle: 21509
Register Write to Reg: 0x08 Val: 0x00000268
In clock cycle: 21510
Register Write to Reg: 0x05 Val: 0x0000002A
In clock cycle: 21510
Memory Write to Addr: 0x0000024C Val: 0x0000002A
In clock cycle: 21511
Memory Write to Addr: 0x1000FFFC Val: 0x0000002A
In clock cycle: 21512
Memory Write to Addr: 0x00000260 Val: 0x0000002A
In clock cycle: 21513
Memory Write to Addr: 0x0000025C Val: 0x0000002A
In clock cycle: 21514
Memory Write to Addr: 0x00000258 Val: 0x0000002A
In clock cycle: 21515
Memory Write to Addr: 0x00000254 Val: 0x0000002A
In clock cycle: 21516
Memory Write to Addr: 0x00000250 Val: 0x0000002A
In clock cycle: 21517
Memory Write to Addr: 0x0000024C Val: 0x0000002A
In clock cycle: 22532
Register Write to Reg: 0x08 Val: 0x10010000
In clock cycle: 22533
Register Write to Reg: 0x08 Val: 0x00000284
In clock cycle: 22534
Register Write to Reg: 0x05 Val: 0x0000002A
In clock cycle: 22534
Memory Write to Addr: 0x00000268 Val: 0x0000002A
In clock cycle: 22535
Memory Write to Addr: 0x1000FFFC Val: 0x0000002A
In clock cycle: 22536
Memory Write to Addr: 0x0000027C Val: 0x0000002A
In clock cycle: 22537
Memory Write to Addr: 0x00000278 Val: 0x0000002A
In clock cycle: 22538
Memory Write to Addr: 0x00000274 Val: 0x0000002A
In clock cycle: 22539
Memory Write to Addr: 0x00000270 Val: 0x0000002A
In clock cycle: 22540
Memory Write to Addr: 0x0000026C Val: 0x0000002A
In clock cycle: 22541
Memory Write to Addr: 0x00000268 Val: 0x0000002A
In clock cycle: 23556
Register Write to Reg: 0x08 Val: 0x10010000
In clock cycle: 23557
Register Write to Reg: 0x08 Val: 0x000002A0
In clock cycle: 23558
Register Write to Reg: 0x05 Val: 0x0000002A
In clock cycle: 23558
Memory Write to Addr: 0x00000284 Val: 0x0000002A
In clock cycle: 23559
Memory Write to Addr: 0x1000FFFC Val: 0x0000002A
In clock cycle: 23560
Memory Write to Addr: 0x00000298 Val: 0x0000002A
In clock cycle: 23561
Memory Write to Addr: 0x00000294 Val: 0x0000002A
In clock cycle: 23562
Memory Write to Addr: 0x00000290 Val: 0x0000002A
In clock cycle: 23563
Memory Write to Addr: 0x0000028C Val: 0x0000002A
In clock cycle: 23564
Memory Write to Addr: 0x00000288 Val: 0x0000002A
In clock cycle: 23565
Memory Write to Addr: 0x00000284 Val: 0x0000002A
In clock cycle: 24580
Register Write to Reg: 0x08 Val: 0x10010000
In clock cycle: 24581
Register Write to Reg: 0x08 Val: 0x000002BC
In clock cycle: 24582
Register Write to Reg: 0x05 Val: 0x0000002A
In clock cycle: 24582
Memory Write to Addr: 0x000002A0 Val: 0x0000002A
In clock cycle: 24583
Memory Write to Addr: 0x1000FFFC Val: 0x0000002A
In clock cycle: 24584
Memory Write to Addr: 0x000002B4 Val: 0x0000002A
In clock cycle: 24585
Memory Write to Addr: 0x000002B0 Val: 0x0000002A
In clock cycle: 24586
Memory Write to Addr: 0x000002AC Val: 0x0000002A
In clock cycle: 24587
Memory Write to Addr: 0x000002A8 Val: 0x0000002A
In clock cycle: 24588
Memory Write to Addr: 0x000002A4 Val: 0x0000002A
In clock cycle: 24589
Memory Write to Addr: 0x000002A0 Val: 0x0000002A
In clock cycle: 25604
Register Write to Reg: 0x08 Val: 0x10010000
In clock cycle: 25605
Register Write to Reg: 0x08 Val: 0x000002D8
In clock cycle: 25606
Register Write to Reg: 0x05 Val: 0x0000002A
In clock cycle: 25606
Memory Write to Addr: 0x000002BC Val: 0x0000002A
In clock cycle: 25607
Memory Write to Addr: 0x1000FFFC Val: 0x0000002A
In clock cycle: 25608
Memory Write to Addr: 0x000002D0 Val: 0x0000002A
In clock cycle: 25609
Memory Write to Addr: 0x000002CC Val: 0x0000002A
In clock cycle: 25610
Memory Write to Addr: 0x000002C8 Val: 0x0000002A
In clock cycle: 25611
Memory Write to Addr: 0x000002C4 Val: 0x0000002A
In clock cycle: 25612
Memory Write to Addr: 0x000002C0 Val: 0x0000002A
In clock cycle: 25613
Memory Write to Addr: 0x000002BC Val: 0x0000002A
In clock cycle: 26628
Register Write to Reg: 0x08 Val: 0x10010000
In clock cycle: 26629
Register Write to Reg: 0x08 Val: 0x000002F4
In clock cycle: 26630
Register Write to Reg: 0x05 Val: 0x0000002A
In clock cycle: 26630
Memory Write to Addr: 0x000002D8 Val: 0x0000002A
In clock cycle: 26631
Memory Write to Addr: 0x1000FFFC Val: 0x0000002A
In clock cycle: 26632
Memory Write to Addr: 0x000002EC Val: 0x0000002A
In clock cycle: 26633
Memory Write to Addr: 0x000002E8 Val: 0x0000002A
In clock cycle: 26634
Memory Write to Addr: 0x000002E4 Val: 0x0000002A
In clock cycle: 26635
Memory Write to Addr: 0x000002E0 Val: 0x0000002A
In clock cycle: 26636
Memory Write to Addr: 0x000002DC Val: 0x0000002A
In clock cycle: 26637
Memory Write to Addr: 0x000002D8 Val: 0x0000002A
In clock cycle: 27652
Register Write to Reg: 0x08 Val: 0x10010000
In clock cycle: 27653
Register Write to Reg: 0x08 Val: 0x00000310
In clock cycle: 27654
Register Write to Reg: 0x05 Val: 0x0000002A
In clock cycle: 27654
Memory Write to Addr: 0x000002F4 Val: 0x0000002A
In clock cycle: 27655
Memory Write to Addr: 0x1000FFFC Val: 0x0000002A
In clock cycle: 27656
Memory Write to Addr: 0x00000308 Val: 0x0000002A
In clock cycle: 27657
Memory Write to Addr: 0x00000304 Val: 0x0000002A
In clock cycle: 27658
Memory Write to Addr: 0x00000300 Val: 0x0000002A
In clock cycle: 27659
Memory Write to Addr: 0x000002FC Val: 0x0000002A
In clock cycle: 27660
Memory Write to Addr: 0x000002F8 Val: 0x0000002A
In clock cycle: 27661
Memory Write to Addr: 0x000002F4 Val: 0x0000002A
In clock cycle: 28676
Register Write to Reg: 0x08 Val: 0x10010000
In clock cycle: 28677
Register Write to Reg: 0x08 Val: 0x0000032C
In clock cycle: 28678
Register Write to Reg: 0x05 Val: 0x0000002A
In clock cycle: 28678
Memory Write to Addr: 0x00000310 Val: 0x0000002A
In clock cycle: 28679
Memory Write to Addr: 0x1000FFFC Val: 0x0000002A
In clock cycle: 28680
Memory Write to Addr: 0x00000324 Val: 0x0000002A
In clock cycle: 28681
Memory Write to Addr: 0x00000320 Val: 0x0000002A
In clock cycle: 28682
Memory Write to Addr: 0x0000031C Val: 0x0000002A
In clock cycle: 28683
Memory Write to Addr: 0x00000318 Val: 0x0000002A
In clock cycle: 28684
Memory Write to Addr: 0x00000314 Val: 0x0000002A
In clock cycle: 28685
Memory Write to Addr: 0x00000310 Val: 0x0000002A
In clock cycle: 29700
Register Write to Reg: 0x08 Val: 0x10010000
In clock cycle: 29701
Register Write to Reg: 0x08 Val: 0x00000348
In clock cycle: 29702
Register Write to Reg: 0x05 Val: 0x0000002A
In clock cycle: 29702
Memory Write to Addr: 0x0000032C Val: 0x0000002A
In clock cycle: 29703
Memory Write to Addr: 0x1000FFFC Val: 0x0000002A
In clock cycle: 29704
Memory Write to Addr: 0x00000340 Val: 0x0000002A
In clock cycle: 29705
Memory Write to Addr: 0x0000033C Val: 0x0000002A
In clock cycle: 29706
Memory Write to Addr: 0x00000338 Val: 0x0000002A
In clock cycle: 29707
Memory Write to Addr: 0x00000334 Val: 0x0000002A
In clock cycle: 29708
Memory Write to Addr: 0x00000330 Val: 0x0000002A
In clock cycle: 29709
Memory Write to Addr: 0x0000032C Val: 0x0000002A
In clock cycle: 30724
Register Write to Reg: 0x08 Val: 0x10010000
In clock cycle: 30725
Register Write to Reg: 0x08 Val: 0x00000364
In clock cycle: 30726
Register Write to Reg: 0x05 Val: 0x0000002A
In clock cycle: 30726
Memory Write to Addr: 0x00000348 Val: 0x0000002A
In clock cycle: 30727
Memory Write to Addr: 0x1000FFFC Val: 0x0000002A
In clock cycle: 30728
Memory Write to Addr: 0x0000035C Val: 0x0000002A
In clock cycle: 30729
Memory Write to Addr: 0x00000358 Val: 0x0000002A
In clock cycle: 30730
Memory Write to Addr: 0x00000354 Val: 0x0000002A
In clock cycle: 30731
Memory Write to Addr: 0x00000350 Val: 0x0000002A
In clock cycle: 30732
Memory Write to Addr: 0x0000034C Val: 0x0000002A
In clock cycle: 30733
Memory Write to Addr: 0x00000348 Val: 0x0000002A
In clock cycle: 31748
Register Write to Reg: 0x08 Val: 0x10010000
In clock cycle: 31749
Register Write to Reg: 0x08 Val: 0x00000380
In clock cycle: 31750
Register Write to Reg: 0x05 Val: 0x0000002A
In clock cycle: 31750
Memory Write to Addr: 0x00000364 Val: 0x0000002A
In clock cycle: 31751
Memory Write to Addr: 0x1000FFFC Val: 0x0000002A
In clock cycle: 31752
Memory Write to Addr: 0x00000378 Val: 0x0000002A
In clock cycle: 31753
Memory Write to Addr: 0x00000374 Val: 0x0000002A
In clock cycle: 31754
Memory Write to Addr: 0x00000370 Val: 0x0000002A
In clock cycle: 31755
Memory Write to Addr: 0x0000036C Val: 0x0000002A
In clock cycle: 31756
Memory Write to Addr: 0x00000368 Val: 0x0000002A
In clock cycle: 31757
Memory Write to Addr: 0x00000364 Val: 0x0000002A
In clock cycle: 32772
Register Write to Reg: 0x08 Val: 0x10010000
In clock cycle: 32773
Register Write to Reg: 0x08 Val: 0x0000039C
In clock cycle: 32774
Register Write to Reg: 0x05 Val: 0x0000002A
In clock cycle: 32774
Memory Write to Addr: 0x00000380 Val: 0x0000002A
In clock cycle: 32775
Memory Write to Addr: 0x1000FFFC Val: 0x0000002A
In clock cycle: 32776
Memory Write to Addr: 0x00000394 Val: 0x0000002A
In clock cycle: 32777
Memory Write to Addr: 0x00000390 Val: 0x0000002A
In clock cycle: 32778
Memory Write to Addr: 0x0000038C Val: 0x0000002A
In clock cycle: 32779
Memory Write to Addr: 0x00000388 Val: 0x0000002A
In clock cycle: 32780
Memory Write to Addr: 0x00000384 Val: 0x0000002A
In clock cycle: 32781
Memory Write to Addr: 0x00000380 Val: 0x0000002A
In clock cycle: 33796
Register Write to Reg: 0x08 Val: 0x10010000
In clock cycle: 33797
Register Write to Reg: 0x08 Val: 0x000003B8
In clock cycle: 33798
Register Write to Reg: 0x05 Val: 0x0000002A
In clock cycle: 33798
Memory Write to Addr: 0x0000039C Val: 0x0000002A
In clock cycle: 33799
Memory Write to Addr: 0x1000FFFC Val: 0x0000002A
In clock cycle: 33800
Memory Write to Addr: 0x000003B0 Val: 0x0000002A
In clock cycle: 33801
Memory Write to Addr: 0x000003AC Val: 0x0000002A
In clock cycle: 33802
Memory Write to Addr: 0x000003A8 Val: 0x0000002A
In clock cycle: 33803
Memory Write to Addr: 0x000003A4 Val: 0x0000002A
In clock cycle: 33804
Memory Write to Addr: 0x000003A0 Val: 0x0000002A
In clock cycle: 33805
Memory Write to Addr: 0x0000039C Val: 0x0000002A
In clock cycle: 34820
Register Write to Reg: 0x08 Val: 0x10010000
In clock cycle: 34821
Register Write to Reg: 0x08 Val: 0x000003D4
In clock cycle: 34822
Register Write to Reg: 0x05 Val: 0x0000002A
In clock cycle: 34822
Memory Write to Addr: 0x000003B8 Val: 0x0000002A
In clock cycle: 34823
Memory Write to Addr: 0x1000FFFC Val: 0x0000002A
In clock cycle: 34824
Memory Write to Addr: 0x000003CC Val: 0x0000002A
In clock cycle: 34825
Memory Write to Addr: 0x000003C8 Val: 0x0000002A
In clock cycle: 34826
Memory Write to Addr: 0x000003C4 Val: 0x0000002A
In clock cycle: 34827
Memory Write to Addr: 0x000003C0 Val: 0x0000002A
In clock cycle: 34828
Memory Write to Addr: 0x000003BC Val: 0x0000002A
In clock cycle: 34829
Memory Write to Addr: 0x000003B8 Val: 0x0000002A
In clock cycle: 35844
Register Write to Reg: 0x08 Val: 0x10010000
In clock cycle: 35845
Register Write to Reg: 0x08 Val: 0x000003F0
In clock cycle: 35846
Register Write to Reg: 0x05 Val: 0x0000002A
In clock cycle: 35846
Memory Write to Addr: 0x000003D4 Val: 0x0000002A
In clock cycle: 35847
Memory Write to Addr: 0x1000FFFC Val: 0x0000002A
In clock cycle: 35848
Memory Write to Addr: 0x000003E8 Val: 0x0000002A
In clock cycle: 35849
Memory Write to Addr: 0x000003E4 Val: 0x0000002A
In clock cycle: 35850
Memory Write to Addr: 0x000003E0 Val: 0x0000002A
In clock cycle: 35851
Memory Write to Addr: 0x000003DC Val: 0x0000002A
In clock cycle: 35852
Memory Write to Addr: 0x000003D8 Val: 0x0000002A
In clock cycle: 35853
Memory Write to Addr: 0x000003D4 Val: 0x0000002A
In clock cycle: 36868
Register Write to Reg: 0x08 Val: 0x10010000
In clock cycle: 36869
Register Write to Reg: 0x08 Val: 0x0000040C
In clock cycle: 36870
Register Write to Reg: 0x05 Val: 0x0000002A
In clock cycle: 36870
Memory Write to Addr: 0x000003F0 Val: 0x0000002A
In clock cycle: 36871
Memory Write to Addr: 0x1000FFFC Val: 0x0000002A
In clock cycle: 36872
Memory Write to Addr: 0x00000404 Val: 0x0000002A
In clock cycle: 36873
Memory Write to Addr: 0x00000400 Val: 0x0000002A
In clock cycle: 36874
Memory Write to Addr: 0x000003FC Val: 0x0000002A
In clock cycle: 36875
Memory Write to Addr: 0x000003F8 Val: 0x0000002A
In clock cycle: 36876
Memory Write to Addr: 0x000003F4 Val: 0x0000002A
In clock cycle: 36877
Memory Write to Addr: 0x000003F0 Val: 0x0000002A
In clock cycle: 37892
Register Write to Reg: 0x08 Val: 0x10010000
In clock cycle: 37893
Register Write to Reg: 0x08 Val: 0x00000428
In clock cycle: 37894
Register Write to Reg: 0x05 Val: 0x0000002A
In clock cycle: 37894
Memory Write to Addr: 0x0000040C Val: 0x0000002A
In clock cycle: 37895
Memory Write to Addr: 0x1000FFFC Val: 0x0000002A
In clock cycle: 37896
Memory Write to Addr: 0x00000420 Val: 0x0000002A
In clock cycle: 37897
Memory Write to Addr: 0x0000041C Val: 0x0000002A
In clock cycle: 37898
Memory Write to Addr: 0x00000418 Val: 0x0000002A
In clock cycle: 37899
Memory Write to Addr: 0x00000414 Val: 0x0000002A
In clock cycle: 37900
Memory Write to Addr: 0x00000410 Val: 0x0000002A
In clock cycle: 37901
Memory Write to Addr: 0x0000040C Val: 0x0000002A
In clock cycle: 38916
Register Write to Reg: 0x08 Val: 0x10010000
In clock cycle: 38917
Register Write to Reg: 0x08 Val: 0x00000444
In clock cycle: 38918
Register Write to Reg: 0x05 Val: 0x0000002A
In clock cycle: 38918
Memory Write to Addr: 0x00000428 Val: 0x0000002A
In clock cycle: 38919
Memory Write to Addr: 0x1000FFFC Val: 0x0000002A
In clock cycle: 38920
Memory Write to Addr: 0x0000043C Val: 0x0000002A
In clock cycle: 38921
Memory Write to Addr: 0x00000438 Val: 0x0000002A
In clock cycle: 38922
Memory Write to Addr: 0x00000434 Val: 0x0000002A
In clock cycle: 38923
Memory Write to Addr: 0x00000430 Val: 0x0000002A
In clock cycle: 38924
Memory Write to Addr: 0x0000042C Val: 0x0000002A
In clock cycle: 38925
Memory Write to Addr: 0x00000428 Val: 0x0000002A
In clock cycle: 39940
Register Write to Reg: 0x08 Val: 0x10010000
In clock cycle: 39941
Register Write to Reg: 0x08 Val: 0x00000460
In clock cycle: 39942
Register Write to Reg: 0x05 Val: 0x0000002A
In clock cycle: 39942
Memory Write to Addr: 0x00000444 Val: 0x0000002A
In clock cycle: 39943
Memory Write to Addr: 0x1000FFFC Val: 0x0000002A
In clock cycle: 39944
Memory Write to Addr: 0x00000458 Val: 0x0000002A
In clock cycle: 39945
Memory Write to Addr: 0x00000454 Val: 0x0000002A
In clock cycle: 39946
Memory Write to Addr: 0x00000450 Val: 0x0000002A
In clock cycle: 39947
Memory Write to Addr: 0x0000044C Val: 0x0000002A
In clock cycle: 39948
Memory Write to Addr: 0x00000448 Val: 0x0000002A
In clock cycle: 39949
Memory Write to Addr: 0x00000444 Val: 0x0000002A
In clock cycle: 40964
Register Write to Reg: 0x08 Val: 0x10010000
In clock cycle: 40965
Register Write to Reg: 0x08 Val: 0x0000047C
In clock cycle: 40966
Register Write to Reg: 0x05 Val: 0x0000002A
In clock cycle: 40966
Memory Write to Addr: 0x00000460 Val: 0x0000002A
In clock cycle: 40967
Memory Write to Addr: 0x1000FFFC Val: 0x0000002A
In clock cycle: 40968
Memory Write to Addr: 0x00000474 Val: 0x0000002A
In clock cycle: 40969
Memory Write to Addr: 0x00000470 Val: 0x0000002A
In clock cycle: 40970
Memory Write to Addr: 0x0000046C Val: 0x0000002A
In clock cycle: 40971
Memory Write to Addr: 0x00000468 Val: 0x0000002A
In clock cycle: 40972
Memory Write to Addr: 0x00000464 Val: 0x0000002A
In clock cycle: 40973
Memory Write to Addr: 0x00000460 Val: 0x0000002A
In clock cycle: 41988
Register Write to Reg: 0x08 Val: 0x10010000
In clock cycle: 41989
Register Write to Reg: 0x08 Val: 0x00000498
In clock cycle: 41990
Register Write to Reg: 0x05 Val: 0x0000002A
In clock cycle: 41990
Memory Write to Addr: 0x0000047C Val: 0x0000002A
In clock cycle: 41991
Memory Write to Addr: 0x1000FFFC Val: 0x0000002A
In clock cycle: 41992
Memory Write to Addr: 0x00000490 Val: 0x0000002A
In clock cycle: 41993
Memory Write to Addr: 0x0000048C Val: 0x0000002A
In clock cycle: 41994
Memory Write to Addr: 0x00000488 Val: 0x0000002A
In clock cycle: 41995
Memory Write to Addr: 0x00000484 Val: 0x0000002A
In clock cycle: 41996
Memory Write to Addr: 0x00000480 Val: 0x0000002A
In clock cycle: 41997
Memory Write to Addr: 0x0000047C Val: 0x0000002A
In clock cycle: 43012
Register Write to Reg: 0x08 Val: 0x10010000
In clock cycle: 43013
Register Write to Reg: 0x08 Val: 0x000004B4
In clock cycle: 43014
Register Write to Reg: 0x05 Val: 0x0000002A
In clock cycle: 43014
Memory Write to Addr: 0x00000498 Val: 0x0000002A
In clock cycle: 43015
Memory Write to Addr: 0x1000FFFC Val: 0x0000002A
In clock cycle: 43016
Memory Write to Addr: 0x000004AC Val: 0x0000002A
In clock cycle: 43017
Memory Write to Addr: 0x000004A8 Val: 0x0000002A
In clock cycle: 43018
Memory Write to Addr: 0x000004A4 Val: 0x0000002A
In clock cycle: 43019
Memory Write to Addr: 0x000004A0 Val: 0x0000002A
In clock cycle: 43020
Memory Write to Addr: 0x0000049C Val: 0x0000002A
In clock cycle: 43021
Memory Write to Addr: 0x00000498 Val: 0x0000002A
In clock cycle: 44036
Register Write to Reg: 0x08 Val: 0x10010000
In clock cycle: 44037
Register Write to Reg: 0x08 Val: 0x000004D0
In clock cycle: 44038
Register Write to Reg: 0x05 Val: 0x0000002A
In clock cycle: 44038
Memory Write to Addr: 0x000004B4 Val: 0x0000002A
In clock cycle: 44039
Memory Write to Addr: 0x1000FFFC Val: 0x0000002A
In clock cycle: 44040
Memory Write to Addr: 0x000004C8 Val: 0x0000002A
In clock cycle: 44041
Memory Write to Addr: 0x000004C4 Val: 0x0000002A
In clock cycle: 44042
Memory Write to Addr: 0x000004C0 Val: 0x0000002A
In clock cycle: 44043
Memory Write to Addr: 0x000004BC Val: 0x0000002A
In clock cycle: 44044
Memory Write to Addr: 0x000004B8 Val: 0x0000002A
In clock cycle: 44045
Memory Write to Addr: 0x000004B4 Val: 0x0000002A
In clock cycle: 45060
Register Write to Reg: 0x08 Val: 0x10010000
In clock cycle: 45061
Register Write to Reg: 0x08 Val: 0x000004EC
In clock cycle: 45062
Register Write to Reg: 0x05 Val: 0x0000002A
In clock cycle: 45062
Memory Write to Addr: 0x000004D0 Val: 0x0000002A
In clock cycle: 45063
Memory Write to Addr: 0x1000FFFC Val: 0x0000002A
In clock cycle: 45064
Memory Write to Addr: 0x000004E4 Val: 0x0000002A
In clock cycle: 45065
Memory Write to Addr: 0x000004E0 Val: 0x0000002A
In clock cycle: 45066
Memory Write to Addr: 0x000004DC Val: 0x0000002A
In clock cycle: 45067
Memory Write to Addr: 0x000004D8 Val: 0x0000002A
In clock cycle: 45068
Memory Write to Addr: 0x000004D4 Val: 0x0000002A
In clock cycle: 45069
Memory Write to Addr: 0x000004D0 Val: 0x0000002A
In clock cycle: 46084
Register Write to Reg: 0x08 Val: 0x10010000
In clock cycle: 46085
Register Write to Reg: 0x08 Val: 0x00000508
In clock cycle: 46086
Register Write to Reg: 0x05 Val: 0x0000002A
In clock cycle: 46086
Memory Write to Addr: 0x000004EC Val: 0x0000002A
In clock cycle: 46087
Memory Write to Addr: 0x1000FFFC Val: 0x0000002A
In clock cycle: 46088
Memory Write to Addr: 0x00000500 Val: 0x0000002A
In clock cycle: 46089
Memory Write to Addr: 0x000004FC Val: 0x0000002A
In clock cycle: 46090
Memory Write to Addr: 0x000004F8 Val: 0x0000002A
In clock cycle: 46091
Memory Write to Addr: 0x000004F4 Val: 0x0000002A
In clock cycle: 46092
Memory Write to Addr: 0x000004F0 Val: 0x0000002A
In clock cycle: 46093
Memory Write to Addr: 0x000004EC Val: 0x0000002A
In clock cycle: 47108
Register Write to Reg: 0x08 Val: 0x10010000
In clock cycle: 47109
Register Write to Reg: 0x08 Val: 0x00000524
In clock cycle: 47110
Register Write to Reg: 0x05 Val: 0x0000002A
In clock cycle: 47110
Memory Write to Addr: 0x00000508 Val: 0x0000002A
In clock cycle: 47111
Memory Write to Addr: 0x1000FFFC Val: 0x0000002A
In clock cycle: 47112
Memory Write to Addr: 0x0000051C Val: 0x0000002A
In clock cycle: 47113
Memory Write to Addr: 0x00000518 Val: 0x0000002A
In clock cycle: 47114
Memory Write to Addr: 0x00000514 Val: 0x0000002A
In clock cycle: 47115
Memory Write to Addr: 0x00000510 Val: 0x0000002A
In clock cycle: 47116
Memory Write to Addr: 0x0000050C Val: 0x0000002A
In clock cycle: 47117
Memory Write to Addr: 0x00000508 Val: 0x0000002A
In clock cycle: 48132
Register Write to Reg: 0x08 Val: 0x10010000
In clock cycle: 48133
Register Write to Reg: 0x08 Val: 0x00000540
In clock cycle: 48134
Register Write to Reg: 0x05 Val: 0x0000002A
In clock cycle: 48134
Memory Write to Addr: 0x00000524 Val: 0x0000002A
In clock cycle: 48135
Memory Write to Addr: 0x1000FFFC Val: 0x0000002A
In clock cycle: 48136
Memory Write to Addr: 0x00000538 Val: 0x0000002A
In clock cycle: 48137
Memory Write to Addr: 0x00000534 Val: 0x0000002A
In clock cycle: 48138
Memory Write to Addr: 0x00000530 Val: 0x0000002A
In clock cycle: 48139
Memory Write to Addr: 0x0000052C Val: 0x0000002A
In clock cycle: 48140
Memory Write to Addr: 0x00000528 Val: 0x0000002A
In clock cycle: 48141
Memory Write to Addr: 0x00000524 Val: 0x0000002A
In clock cycle: 49156
Register Write to Reg: 0x08 Val: 0x10010000
In clock cycle: 49157
Register Write to Reg: 0x08 Val: 0x0000055C
In clock cycle: 49158
Register Write to Reg: 0x05 Val: 0x0000002A
In clock cycle: 49158
Memory Write to Addr: 0x00000540 Val: 0x0000002A
In clock cycle: 49159
Memory Write to Addr: 0x1000FFFC Val: 0x0000002A
In clock cycle: 49160
Memory Write to Addr: 0x00000554 Val: 0x0000002A
In clock cycle: 49161
Memory Write to Addr: 0x00000550 Val: 0x0000002A
In clock cycle: 49162
Memory Write to Addr: 0x0000054C Val: 0x0000002A
In clock cycle: 49163
Memory Write to Addr: 0x00000548 Val: 0x0000002A
In clock cycle: 49164
Memory Write to Addr: 0x00000544 Val: 0x0000002A
In clock cycle: 49165
Memory Write to Addr: 0x00000540 Val: 0x0000002A
In clock cycle: 50180
Register Write to Reg: 0x08 Val: 0x10010000
In clock cycle: 50181
Register Write to Reg: 0x08 Val: 0x00000578
In clock cycle: 50182
Register Write to Reg: 0x05 Val: 0x0000002A
In clock cycle: 50182
Memory Write to Addr: 0x0000055C Val: 0x0000002A
In clock cycle: 50183
Memory Write to Addr: 0x1000FFFC Val: 0x0000002A
In clock cycle: 50184
Memory Write to Addr: 0x00000570 Val: 0x0000002A
In clock cycle: 50185
Memory Write to Addr: 0x0000056C Val: 0x0000002A
In clock cycle: 50186
Memory Write to Addr: 0x00000568 Val: 0x0000002A
In clock cycle: 50187
Memory Write to Addr: 0x00000564 Val: 0x0000002A
In clock cycle: 50188
Memory Write to Addr: 0x00000560 Val: 0x0000002A
In clock cycle: 50189
Memory Write to Addr: 0x0000055C Val: 0x0000002A
In clock cycle: 51204
Register Write to Reg: 0x08 Val: 0x10010000
In clock cycle: 51205
Register Write to Reg: 0x08 Val: 0x00000594
In clock cycle: 51206
Register Write to Reg: 0x05 Val: 0x0000002A
In clock cycle: 51206
Memory Write to Addr: 0x00000578 Val: 0x0000002A
In clock cycle: 51207
Memory Write to Addr: 0x1000FFFC Val: 0x0000002A
In clock cycle: 51208
Memory Write to Addr: 0x0000058C Val: 0x0000002A
In clock cycle: 51209
Memory Write to Addr: 0x00000588 Val: 0x0000002A
In clock cycle: 51210
Memory Write to Addr: 0x00000584 Val: 0x0000002A
In clock cycle: 51211
Memory Write to Addr: 0x00000580 Val: 0x0000002A
In clock cycle: 51212
Memory Write to Addr: 0x0000057C Val: 0x0000002A
In clock cycle: 51213
Memory Write to Addr: 0x00000578 Val: 0x0000002A
In clock cycle: 52228
Register Write to Reg: 0x08 Val: 0x10010000
In clock cycle: 52229
Register Write to Reg: 0x08 Val: 0x000005B0
In clock cycle: 52230
Register Write to Reg: 0x05 Val: 0x0000002A
In clock cycle: 52230
Memory Write to Addr: 0x00000594 Val: 0x0000002A
In clock cycle: 52231
Memory Write to Addr: 0x1000FFFC Val: 0x0000002A
In clock cycle: 52232
Memory Write to Addr: 0x000005A8 Val: 0x0000002A
In clock cycle: 52233
Memory Write to Addr: 0x000005A4 Val: 0x0000002A
In clock cycle: 52234
Memory Write to Addr: 0x000005A0 Val: 0x0000002A
In clock cycle: 52235
Memory Write to Addr: 0x0000059C Val: 0x0000002A
In clock cycle: 52236
Memory Write to Addr: 0x00000598 Val: 0x0000002A
In clock cycle: 52237
Memory Write to Addr: 0x00000594 Val: 0x0000002A
In clock cycle: 53252
Register Write to Reg: 0x08 Val: 0x10010000
In clock cycle: 53253
Register Write to Reg: 0x08 Val: 0x000005CC
In clock cycle: 53254
Register Write to Reg: 0x05 Val: 0x0000002A
In clock cycle: 53254
Memory Write to Addr: 0x000005B0 Val: 0x0000002A
In clock cycle: 53255
Memory Write to Addr: 0x1000FFFC Val: 0x0000002A
In clock cycle: 53256
Memory Write to Addr: 0x000005C4 Val: 0x0000002A
In clock cycle: 53257
Memory Write to Addr: 0x000005C0 Val: 0x0000002A
In clock cycle: 53258
Memory Write to Addr: 0x000005BC Val: 0x0000002A
In clock cycle: 53259
Memory Write to Addr: 0x000005B8 Val: 0x0000002A
In clock cycle: 53260
Memory Write to Addr: 0x000005B4 Val: 0x0000002A
In clock cycle: 53261
Memory Write to Addr: 0x000005B0 Val: 0x0000002A
In clock cycle: 54276
Register Write to Reg: 0x08 Val: 0x10010000
In clock cycle: 54277
Register Write to Reg: 0x08 Val: 0x000005E8
In clock cycle: 54278
Register Write to Reg: 0x05 Val: 0x0000002A
In clock cycle: 54278
Memory Write to Addr: 0x000005CC Val: 0x0000002A
In clock cycle: 54279
Memory Write to Addr: 0x1000FFFC Val: 0x0000002A
In clock cycle: 54280
Memory Write to Addr: 0x000005E0 Val: 0x0000002A
In clock cycle: 54281
Memory Write to Addr: 0x000005DC Val: 0x0000002A
In clock cycle: 54282
Memory Write to Addr: 0x000005D8 Val: 0x0000002A
In clock cycle: 54283
Memory Write to Addr: 0x000005D4 Val: 0x0000002A
In clock cycle: 54284
Memory Write to Addr: 0x000005D0 Val: 0x0000002A
In clock cycle: 54285
Memory Write to Addr: 0x000005CC Val: 0x0000002A
In clock cycle: 55300
Register Write to Reg: 0x08 Val: 0x10010000
In clock cycle: 55301
Register Write to Reg: 0x08 Val: 0x00000604
In clock cycle: 55302
Register Write to Reg: 0x05 Val: 0x0000002A
In clock cycle: 55302
Memory Write to Addr: 0x000005E8 Val: 0x0000002A
In clock cycle: 55303
Memory Write to Addr: 0x1000FFFC Val: 0x0000002A
In clock cycle: 55304
Memory Write to Addr: 0x000005FC Val: 0x0000002A
In clock cycle: 55305
Memory Write to Addr: 0x000005F8 Val: 0x0000002A
In clock cycle: 55306
Memory Write to Addr: 0x000005F4 Val: 0x0000002A
In clock cycle: 55307
Memory Write to Addr: 0x000005F0 Val: 0x0000002A
In clock cycle: 55308
Memory Write to Addr: 0x000005EC Val: 0x0000002A
In clock cycle: 55309
Memory Write to Addr: 0x000005E8 Val: 0x0000002A
In clock cycle: 56324
Register Write to Reg: 0x08 Val: 0x10010000
In clock cycle: 56325
Register Write to Reg: 0x08 Val: 0x00000620
In clock cycle: 56326
Register Write to Reg: 0x05 Val: 0x0000002A
In clock cycle: 56326
Memory Write to Addr: 0x00000604 Val: 0x0000002A
In clock cycle: 56327
Memory Write to Addr: 0x1000FFFC Val: 0x0000002A
In clock cycle: 56328
Memory Write to Addr: 0x00000618 Val: 0x0000002A
In clock cycle: 56329
Memory Write to Addr: 0x00000614 Val: 0x0000002A
In clock cycle: 56330
Memory Write to Addr: 0x00000610 Val: 0x0000002A
In clock cycle: 56331
Memory Write to Addr: 0x0000060C Val: 0x0000002A
In clock cycle: 56332
Memory Write to Addr: 0x00000608 Val: 0x0000002A
In clock cycle: 56333
Memory Write to Addr: 0x00000604 Val: 0x0000002A
In clock cycle: 57348
Register Write to Reg: 0x08 Val: 0x10010000
In clock cycle: 57349
Register Write to Reg: 0x08 Val: 0x0000063C
In clock cycle: 57350
Register Write to Reg: 0x05 Val: 0x0000002A
In clock cycle: 57350
Memory Write to Addr: 0x00000620 Val: 0x0000002A
In clock cycle: 57351
Memory Write to Addr: 0x1000FFFC Val: 0x0000002A
In clock cycle: 57352
Memory Write to Addr: 0x00000634 Val: 0x0000002A
In clock cycle: 57353
Memory Write to Addr: 0x00000630 Val: 0x0000002A
In clock cycle: 57354
Memory Write to Addr: 0x0000062C Val: 0x0000002A
In clock cycle: 57355
Memory Write to Addr: 0x00000628 Val: 0x0000002A
In clock cycle: 57356
Memory Write to Addr: 0x00000624 Val: 0x0000002A
In clock cycle: 57357
Memory Write to Addr: 0x00000620 Val: 0x0000002A
In clock cycle: 58372
Register Write to Reg: 0x08 Val: 0x10010000
In clock cycle: 58373
Register Write to Reg: 0x08 Val: 0x00000658
In clock cycle: 58374
Register Write to Reg: 0x05 Val: 0x0000002A
In clock cycle: 58374
Memory Write to Addr: 0x0000063C Val: 0x0000002A
In clock cycle: 58375
Memory Write to Addr: 0x1000FFFC Val: 0x0000002A
In clock cycle: 58376
Memory Write to Addr: 0x00000650 Val: 0x0000002A
In clock cycle: 58377
Memory Write to Addr: 0x0000064C Val: 0x0000002A
In clock cycle: 58378
Memory Write to Addr: 0x00000648 Val: 0x0000002A
In clock cycle: 58379
Memory Write to Addr: 0x00000644 Val: 0x0000002A
In clock cycle: 58380
Memory Write to Addr: 0x00000640 Val: 0x0000002A
In clock cycle: 58381
Memory Write to Addr: 0x0000063C Val: 0x0000002A
In clock cycle: 59396
Register Write to Reg: 0x08 Val: 0x10010000
In clock cycle: 59397
Register Write to Reg: 0x08 Val: 0x00000674
In clock cycle: 59398
Register Write to Reg: 0x05 Val: 0x0000002A
In clock cycle: 59398
Memory Write to Addr: 0x00000658 Val: 0x0000002A
In clock cycle: 59399
Memory Write to Addr: 0x1000FFFC Val: 0x0000002A
In clock cycle: 59400
Memory Write to Addr: 0x0000066C Val: 0x0000002A
In clock cycle: 59401
Memory Write to Addr: 0x00000668 Val: 0x0000002A
In clock cycle: 59402
Memory Write to Addr: 0x00000664 Val: 0x0000002A
In clock cycle: 59403
Memory Write to Addr: 0x00000660 Val: 0x0000002A
In clock cycle: 59404
Memory Write to Addr: 0x0000065C Val: 0x0000002A
In clock cycle: 59405
Memory Write to Addr: 0x00000658 Val: 0x0000002A
In clock cycle: 60420
Register Write to Reg: 0x08 Val: 0x10010000
In clock cycle: 60421
Register Write to Reg: 0x08 Val: 0x00000690
In clock cycle: 60422
Register Write to Reg: 0x05 Val: 0x0000002A
In clock cycle: 60422
Memory Write to Addr: 0x00000674 Val: 0x0000002A
In clock cycle: 60423
Memory Write to Addr: 0x1000FFFC Val: 0x0000002A
In clock cycle: 60424
Memory Write to Addr: 0x00000688 Val: 0x0000002A
In clock cycle: 60425
Memory Write to Addr: 0x00000684 Val: 0x0000002A
In clock cycle: 60426
Memory Write to Addr: 0x00000680 Val: 0x0000002A
In clock cycle: 60427
Memory Write to Addr: 0x0000067C Val: 0x0000002A
In clock cycle: 60428
Memory Write to Addr: 0x00000678 Val: 0x0000002A
In clock cycle: 60429
Memory Write to Addr: 0x00000674 Val: 0x0000002A
In clock cycle: 61444
Register Write to Reg: 0x08 Val: 0x10010000
In clock cycle: 61445
Register Write to Reg: 0x08 Val: 0x000006AC
In clock cycle: 61446
Register Write to Reg: 0x05 Val: 0x0000002A
In clock cycle: 61446
Memory Write to Addr: 0x00000690 Val: 0x0000002A
In clock cycle: 61447
Memory Write to Addr: 0x1000FFFC Val: 0x0000002A
In clock cycle: 61448
Memory Write to Addr: 0x000006A4 Val: 0x0000002A
In clock cycle: 61449
Memory Write to Addr: 0x000006A0 Val: 0x0000002A
In clock cycle: 61450
Memory Write to Addr: 0x0000069C Val: 0x0000002A
In clock cycle: 61451
Memory Write to Addr: 0x00000698 Val: 0x0000002A
In clock cycle: 61452
Memory Write to Addr: 0x00000694 Val: 0x0000002A
In clock cycle: 61453
Memory Write to Addr: 0x00000690 Val: 0x0000002A
In clock cycle: 62468
Register Write to Reg: 0x08 Val: 0x10010000
In clock cycle: 62469
Register Write to Reg: 0x08 Val: 0x000006C8
In clock cycle: 62470
Register Write to Reg: 0x05 Val: 0x0000002A
In clock cycle: 62470
Memory Write to Addr: 0x000006AC Val: 0x0000002A
In clock cycle: 62471
Memory Write to Addr: 0x1000FFFC Val: 0x0000002A
In clock cycle: 62472
Memory Write to Addr: 0x000006C0 Val: 0x0000002A
In clock cycle: 62473
Memory Write to Addr: 0x000006BC Val: 0x0000002A
In clock cycle: 62474
Memory Write to Addr: 0x000006B8 Val: 0x0000002A
In clock cycle: 62475
Memory Write to Addr: 0x000006B4 Val: 0x0000002A
In clock cycle: 62476
Memory Write to Addr: 0x000006B0 Val: 0x0000002A
In clock cycle: 62477
Memory Write to Addr: 0x000006AC Val: 0x0000002A
In clock cycle: 63492
Register Write to Reg: 0x08 Val: 0x10010000
In clock cycle: 63493
Register Write to Reg: 0x08 Val: 0x000006E4
In clock cycle: 63494
Register Write to Reg: 0x05 Val: 0x0000002A
In clock cycle: 63494
Memory Write to Addr: 0x000006C8 Val: 0x0000002A
In clock cycle: 63495
Memory Write to Addr: 0x1000FFFC Val: 0x0000002A
In clock cycle: 63496
Memory Write to Addr: 0x000006DC Val: 0x0000002A
In clock cycle: 63497
Memory Write to Addr: 0x000006D8 Val: 0x0000002A
In clock cycle: 63498
Memory Write to Addr: 0x000006D4 Val: 0x0000002A
In clock cycle: 63499
Memory Write to Addr: 0x000006D0 Val: 0x0000002A
In clock cycle: 63500
Memory Write to Addr: 0x000006CC Val: 0x0000002A
In clock cycle: 63501
Memory Write to Addr: 0x000006C8 Val: 0x0000002A
In clock cycle: 64516
Register Write to Reg: 0x08 Val: 0x10010000
In clock cycle: 64517
Register Write to Reg: 0x08 Val: 0x00000700
In clock cycle: 64518
Register Write to Reg: 0x05 Val: 0x0000002A
In clock cycle: 64518
Memory Write to Addr: 0x000006E4 Val: 0x0000002A
In clock cycle: 64519
Memory Write to Addr: 0x1000FFFC Val: 0x0000002A
In clock cycle: 64520
Memory Write to Addr: 0x000006F8 Val: 0x0000002A
In clock cycle: 64521
Memory Write to Addr: 0x000006F4 Val: 0x0000002A
In clock cycle: 64522
Memory Write to Addr: 0x000006F0 Val: 0x0000002A
In clock cycle: 64523
Memory Write to Addr: 0x000006EC Val: 0x0000002A
In clock cycle: 64524
Memory Write to Addr: 0x000006E8 Val: 0x0000002A
In clock cycle: 64525
Memory Write to Addr: 0x000006E4 Val: 0x0000002A
In clock cycle: 65540
Register Write to Reg: 0x08 Val: 0x10010000
In clock cycle: 65541
Register Write to Reg: 0x08 Val: 0x0000071C
In clock cycle: 65542
Register Write to Reg: 0x05 Val: 0x0000002A
In clock cycle: 65542
Memory Write to Addr: 0x00000700 Val: 0x0000002A
In clock cycle: 65543
Memory Write to Addr: 0x1000FFFC Val: 0x0000002A
In clock cycle: 65544
Memory Write to Addr: 0x00000714 Val: 0x0000002A
In clock cycle: 65545
Memory Write to Addr: 0x00000710 Val: 0x0000002A
In clock cycle: 65546
Memory Write to Addr: 0x0000070C Val: 0x0000002A
In clock cycle: 65547
Memory Write to Addr: 0x00000708 Val: 0x0000002A
In clock cycle: 65548
Memory Write to Addr: 0x00000704 Val: 0x0000002A
In clock cycle: 65549
Memory Write to Addr: 0x00000700 Val: 0x0000002A
In clock cycle: 66564
Register Write to Reg: 0x08 Val: 0x10010000
In clock cycle: 66565
Register Write to Reg: 0x08 Val: 0x00000738
In clock cycle: 66566
Register Write to Reg: 0x05 Val: 0x0000002A
In clock cycle: 66566
Memory Write to Addr: 0x0000071C Val: 0x0000002A
In clock cycle: 66567
Memory Write to Addr: 0x1000FFFC Val: 0x0000002A
In clock cycle: 66568
Memory Write to Addr: 0x00000730 Val: 0x0000002A
In clock cycle: 66569
Memory Write to Addr: 0x0000072C Val: 0x0000002A
In clock cycle: 66570
Memory Write to Addr: 0x00000728 Val: 0x0000002A
In clock cycle: 66571
Memory Write to Addr: 0x00000724 Val: 0x0000002A
In clock cycle: 66572
Memory Write to Addr: 0x00000720 Val: 0x0000002A
In clock cycle: 66573
Memory Write to Addr: 0x0000071C Val: 0x0000002A
In clock cycle: 67588
Register Write to Reg: 0x08 Val: 0x10010000
In clock cycle: 67589
Register Write to Reg: 0x08 Val: 0x00000754
In clock cycle: 67590
Register Write to Reg: 0x05 Val: 0x0000002A
In clock cycle: 67590
Memory Write to Addr: 0x00000738 Val: 0x0000002A
In clock cycle: 67591
Memory Write to Addr: 0x1000FFFC Val: 0x0000002A
In clock cycle: 67592
Memory Write to Addr: 0x0000074C Val: 0x0000002A
In clock cycle: 67593
Memory Write to Addr: 0x00000748 Val: 0x0000002A
In clock cycle: 67594
Memory Write to Addr: 0x00000744 Val: 0x0000002A
In clock cycle: 67595
Memory Write to Addr: 0x00000740 Val: 0x0000002A
In clock cycle: 67596
Memory Write to Addr: 0x0000073C Val: 0x0000002A
In clock cycle: 67597
Memory Write to Addr: 0x00000738 Val: 0x0000002A
In clock cycle: 68612
Register Write to Reg: 0x08 Val: 0x10010000
In clock cycle: 68613
Register Write to Reg: 0x08 Val: 0x00000770
In clock cycle: 68614
Register Write to Reg: 0x05 Val: 0x0000002A
In clock cycle: 68614
Memory Write to Addr: 0x00000754 Val: 0x0000002A
In clock cycle: 68615
Memory Write to Addr: 0x1000FFFC Val: 0x0000002A
In clock cycle: 68616
Memory Write to Addr: 0x00000768 Val: 0x0000002A
In clock cycle: 68617
Memory Write to Addr: 0x00000764 Val: 0x0000002A
In clock cycle: 68618
Memory Write to Addr: 0x00000760 Val: 0x0000002A
In clock cycle: 68619
Memory Write to Addr: 0x0000075C Val: 0x0000002A
In clock cycle: 68620
Memory Write to Addr: 0x00000758 Val: 0x0000002A
In clock cycle: 68621
Memory Write to Addr: 0x00000754 Val: 0x0000002A
In clock cycle: 69636
Register Write to Reg: 0x08 Val: 0x10010000
In clock cycle: 69637
Register Write to Reg: 0x08 Val: 0x0000078C
In clock cycle: 69638
Register Write to Reg: 0x05 Val: 0x0000002A
In clock cycle: 69638
Memory Write to Addr: 0x00000770 Val: 0x0000002A
In clock cycle: 69639
Memory Write to Addr: 0x1000FFFC Val: 0x0000002A
In clock cycle: 69640
Memory Write to Addr: 0x00000784 Val: 0x0000002A
In clock cycle: 69641
Memory Write to Addr: 0x00000780 Val: 0x0000002A
In clock cycle: 69642
Memory Write to Addr: 0x0000077C Val: 0x0000002A
In clock cycle: 69643
Memory Write to Addr: 0x00000778 Val: 0x0000002A
In clock cycle: 69644
Memory Write to Addr: 0x00000774 Val: 0x0000002A
In clock cycle: 69645
Memory Write to Addr: 0x00000770 Val: 0x0000002A
In clock cycle: 70660
Register Write to Reg: 0x08 Val: 0x10010000
In clock cycle: 70661
Register Write to Reg: 0x08 Val: 0x000007A8
In clock cycle: 70662
Register Write to Reg: 0x05 Val: 0x0000002A
In clock cycle: 70662
Memory Write to Addr: 0x0000078C Val: 0x0000002A
In clock cycle: 70663
Memory Write to Addr: 0x1000FFFC Val: 0x0000002A
In clock cycle: 70664
Memory Write to Addr: 0x000007A0 Val: 0x0000002A
In clock cycle: 70665
Memory Write to Addr: 0x0000079C Val: 0x0000002A
In clock cycle: 70666
Memory Write to Addr: 0x00000798 Val: 0x0000002A
In clock cycle: 70667
Memory Write to Addr: 0x00000794 Val: 0x0000002A
In clock cycle: 70668
Memory Write to Addr: 0x00000790 Val: 0x0000002A
In clock cycle: 70669
Memory Write to Addr: 0x0000078C Val: 0x0000002A
In clock cycle: 71684
Register Write to Reg: 0x08 Val: 0x10010000
In clock cycle: 71685
Register Write to Reg: 0x08 Val: 0x000007C4
In clock cycle: 71686
Register Write to Reg: 0x05 Val: 0x0000002A
In clock cycle: 71686
Memory Write to Addr: 0x000007A8 Val: 0x0000002A
In clock cycle: 71687
Memory Write to Addr: 0x1000FFFC Val: 0x0000002A
In clock cycle: 71688
Memory Write to Addr: 0x000007BC Val: 0x0000002A
In clock cycle: 71689
Memory Write to Addr: 0x000007B8 Val: 0x0000002A
In clock cycle: 71690
Memory Write to Addr: 0x000007B4 Val: 0x0000002A
In clock cycle: 71691
Memory Write to Addr: 0x000007B0 Val: 0x0000002A
In clock cycle: 71692
Memory Write to Addr: 0x000007AC Val: 0x0000002A
In clock cycle: 71693
Memory Write to Addr: 0x000007A8 Val: 0x0000002A
In clock cycle: 72708
Register Write to Reg: 0x08 Val: 0x10010000
In clock cycle: 72709
Register Write to Reg: 0x08 Val: 0x000007E0
In clock cycle: 72710
Register Write to Reg: 0x05 Val: 0x0000002A
In clock cycle: 72710
Memory Write to Addr: 0x000007C4 Val: 0x0000002A
In clock cycle: 72711
Memory Write to Addr: 0x1000FFFC Val: 0x0000002A
In clock cycle: 72712
Memory Write to Addr: 0x000007D8 Val: 0x0000002A
In clock cycle: 72713
Memory Write to Addr: 0x000007D4 Val: 0x0000002A
In clock cycle: 72714
Memory Write to Addr: 0x000007D0 Val: 0x0000002A
In clock cycle: 72715
Memory Write to Addr: 0x000007CC Val: 0x0000002A
In clock cycle: 72716
Memory Write to Addr: 0x000007C8 Val: 0x0000002A
In clock cycle: 72717
Memory Write to Addr: 0x000007C4 Val: 0x0000002A
In clock cycle: 73732
Register Write to Reg: 0x08 Val: 0x10010000
In clock cycle: 73733
Register Write to Reg: 0x08 Val: 0x000007FC
In clock cycle: 73734
Register Write to Reg: 0x05 Val: 0x0000002A
In clock cycle: 73734
Memory Write to Addr: 0x000007E0 Val: 0x0000002A
In clock cycle: 73735
Memory Write to Addr: 0x1000FFFC Val: 0x0000002A
In clock cycle: 73736
Memory Write to Addr: 0x000007F4 Val: 0x0000002A
In clock cycle: 73737
Memory Write to Addr: 0x000007F0 Val: 0x0000002A
In clock cycle: 73738
Memory Write to Addr: 0x000007EC Val: 0x0000002A
In clock cycle: 73739
Memory Write to Addr: 0x000007E8 Val: 0x0000002A
In clock cycle: 73740
Memory Write to Addr: 0x000007E4 Val: 0x0000002A
In clock cycle: 73741
Memory Write to Addr: 0x000007E0 Val: 0x0000002A
In clock cycle: 74756
Register Write to Reg: 0x08 Val: 0x10010000
In clock cycle: 74757
Register Write to Reg: 0x08 Val: 0x00000818
In clock cycle: 74758
Register Write to Reg: 0x05 Val: 0x0000002A
In clock cycle: 74758
Memory Write to Addr: 0x000007FC Val: 0x0000002A
In clock cycle: 74759
Memory Write to Addr: 0x1000FFFC Val: 0x0000002A
In clock cycle: 74760
Memory Write to Addr: 0x00000810 Val: 0x0000002A
In clock cycle: 74761
Memory Write to Addr: 0x0000080C Val: 0x0000002A
In clock cycle: 74762
Memory Write to Addr: 0x00000808 Val: 0x0000002A
In clock cycle: 74763
Memory Write to Addr: 0x00000804 Val: 0x0000002A
In clock cycle: 74764
Memory Write to Addr: 0x00000800 Val: 0x0000002A
In clock cycle: 74765
Memory Write to Addr: 0x000007FC Val: 0x0000002A
In clock cycle: 75780
Register Write to Reg: 0x08 Val: 0x10010000
In clock cycle: 75781
Register Write to Reg: 0x08 Val: 0x00000834
In clock cycle: 75782
Register Write to Reg: 0x05 Val: 0x0000002A
In clock cycle: 75782
Memory Write to Addr: 0x00000818 Val: 0x0000002A
In clock cycle: 75783
Memory Write to Addr: 0x1000FFFC Val: 0x0000002A
In clock cycle: 75784
Memory Write to Addr: 0x0000082C Val: 0x0000002A
In clock cycle: 75785
Memory Write to Addr: 0x00000828 Val: 0x0000002A
In clock cycle: 75786
Memory Write to Addr: 0x00000824 Val: 0x0000002A
In clock cycle: 75787
Memory Write to Addr: 0x00000820 Val: 0x0000002A
In clock cycle: 75788
Memory Write to Addr: 0x0000081C Val: 0x0000002A
In clock cycle: 75789
Memory Write to Addr: 0x00000818 Val: 0x0000002A
In clock cycle: 76804
Register Write to Reg: 0x08 Val: 0x10010000
In clock cycle: 76805
Register Write to Reg: 0x08 Val: 0x00000850
In clock cycle: 76806
Register Write to Reg: 0x05 Val: 0x0000002A
In clock cycle: 76806
Memory Write to Addr: 0x00000834 Val: 0x0000002A
In clock cycle: 76807
Memory Write to Addr: 0x1000FFFC Val: 0x0000002A
In clock cycle: 76808
Memory Write to Addr: 0x00000848 Val: 0x0000002A
In clock cycle: 76809
Memory Write to Addr: 0x00000844 Val: 0x0000002A
In clock cycle: 76810
Memory Write to Addr: 0x00000840 Val: 0x0000002A
In clock cycle: 76811
Memory Write to Addr: 0x0000083C Val: 0x0000002A
In clock cycle: 76812
Memory Write to Addr: 0x00000838 Val: 0x0000002A
In clock cycle: 76813
Memory Write to Addr: 0x00000834 Val: 0x0000002A
In clock cycle: 77828
Register Write to Reg: 0x08 Val: 0x10010000
In clock cycle: 77829
Register Write to Reg: 0x08 Val: 0x0000086C
In clock cycle: 77830
Register Write to Reg: 0x05 Val: 0x0000002A
In clock cycle: 77830
Memory Write to Addr: 0x00000850 Val: 0x0000002A
In clock cycle: 77831
Memory Write to Addr: 0x1000FFFC Val: 0x0000002A
In clock cycle: 77832
Memory Write to Addr: 0x00000864 Val: 0x0000002A
In clock cycle: 77833
Memory Write to Addr: 0x00000860 Val: 0x0000002A
In clock cycle: 77834
Memory Write to Addr: 0x0000085C Val: 0x0000002A
In clock cycle: 77835
Memory Write to Addr: 0x00000858 Val: 0x0000002A
In clock cycle: 77836
Memory Write to Addr: 0x00000854 Val: 0x0000002A
In clock cycle: 77837
Memory Write to Addr: 0x00000850 Val: 0x0000002A
In clock cycle: 78852
Register Write to Reg: 0x08 Val: 0x10010000
In clock cycle: 78853
Register Write to Reg: 0x08 Val: 0x00000888
In clock cycle: 78854
Register Write to Reg: 0x05 Val: 0x0000002A
In clock cycle: 78854
Memory Write to Addr: 0x0000086C Val: 0x0000002A
In clock cycle: 78855
Memory Write to Addr: 0x1000FFFC Val: 0x0000002A
In clock cycle: 78856
Memory Write to Addr: 0x00000880 Val: 0x0000002A
In clock cycle: 78857
Memory Write to Addr: 0x0000087C Val: 0x0000002A
In clock cycle: 78858
Memory Write to Addr: 0x00000878 Val: 0x0000002A
In clock cycle: 78859
Memory Write to Addr: 0x00000874 Val: 0x0000002A
In clock cycle: 78860
Memory Write to Addr: 0x00000870 Val: 0x0000002A
In clock cycle: 78861
Memory Write to Addr: 0x0000086C Val: 0x0000002A
In clock cycle: 79876
Register Write to Reg: 0x08 Val: 0x10010000
In clock cycle: 79877
Register Write to Reg: 0x08 Val: 0x000008A4
In clock cycle: 79878
Register Write to Reg: 0x05 Val: 0x0000002A
In clock cycle: 79878
Memory Write to Addr: 0x00000888 Val: 0x0000002A
In clock cycle: 79879
Memory Write to Addr: 0x1000FFFC Val: 0x0000002A
In clock cycle: 79880
Memory Write to Addr: 0x0000089C Val: 0x0000002A
In clock cycle: 79881
Memory Write to Addr: 0x00000898 Val: 0x0000002A
In clock cycle: 79882
Memory Write to Addr: 0x00000894 Val: 0x0000002A
In clock cycle: 79883
Memory Write to Addr: 0x00000890 Val: 0x0000002A
In clock cycle: 79884
Memory Write to Addr: 0x0000088C Val: 0x0000002A
In clock cycle: 79885
Memory Write to Addr: 0x00000888 Val: 0x0000002A
In clock cycle: 80900
Register Write to Reg: 0x08 Val: 0x10010000
In clock cycle: 80901
Register Write to Reg: 0x08 Val: 0x000008C0
In clock cycle: 80902
Register Write to Reg: 0x05 Val: 0x0000002A
In clock cycle: 80902
Memory Write to Addr: 0x000008A4 Val: 0x0000002A
In clock cycle: 80903
Memory Write to Addr: 0x1000FFFC Val: 0x0000002A
In clock cycle: 80904
Memory Write to Addr: 0x000008B8 Val: 0x0000002A
In clock cycle: 80905
Memory Write to Addr: 0x000008B4 Val: 0x0000002A
In clock cycle: 80906
Memory Write to Addr: 0x000008B0 Val: 0x0000002A
In clock cycle: 80907
Memory Write to Addr: 0x000008AC Val: 0x0000002A
In clock cycle: 80908
Memory Write to Addr: 0x000008A8 Val: 0x0000002A
In clock cycle: 80909
Memory Write to Addr: 0x000008A4 Val: 0x0000002A
In clock cycle: 81924
Register Write to Reg: 0x08 Val: 0x10010000
In clock cycle: 81925
Register Write to Reg: 0x08 Val: 0x000008DC
In clock cycle: 81926
Register Write to Reg: 0x05 Val: 0x0000002A
In clock cycle: 81926
Memory Write to Addr: 0x000008C0 Val: 0x0000002A
In clock cycle: 81927
Memory Write to Addr: 0x1000FFFC Val: 0x0000002A
In clock cycle: 81928
Memory Write to Addr: 0x000008D4 Val: 0x0000002A
In clock cycle: 81929
Memory Write to Addr: 0x000008D0 Val: 0x0000002A
In clock cycle: 81930
Memory Write to Addr: 0x000008CC Val: 0x0000002A
In clock cycle: 81931
Memory Write to Addr: 0x000008C8 Val: 0x0000002A
In clock cycle: 81932
Memory Write to Addr: 0x000008C4 Val: 0x0000002A
In clock cycle: 81933
Memory Write to Addr: 0x000008C0 Val: 0x0000002A
In clock cycle: 82948
Register Write to Reg: 0x08 Val: 0x10010000
In clock cycle: 82949
Register Write to Reg: 0x08 Val: 0x000008F8
In clock cycle: 82950
Register Write to Reg: 0x05 Val: 0x0000002A
In clock cycle: 82950
Memory Write to Addr: 0x000008DC Val: 0x0000002A
In clock cycle: 82951
Memory Write to Addr: 0x1000FFFC Val: 0x0000002A
In clock cycle: 82952
Memory Write to Addr: 0x000008F0 Val: 0x0000002A
In clock cycle: 82953
Memory Write to Addr: 0x000008EC Val: 0x0000002A
In clock cycle: 82954
Memory Write to Addr: 0x000008E8 Val: 0x0000002A
In clock cycle: 82955
Memory Write to Addr: 0x000008E4 Val: 0x0000002A
In clock cycle: 82956
Memory Write to Addr: 0x000008E0 Val: 0x0000002A
In clock cycle: 82957
Memory Write to Addr: 0x000008DC Val: 0x0000002A
In clock cycle: 83972
Register Write to Reg: 0x08 Val: 0x10010000
In clock cycle: 83973
Register Write to Reg: 0x08 Val: 0x00000914
In clock cycle: 83974
Register Write to Reg: 0x05 Val: 0x0000002A
In clock cycle: 83974
Memory Write to Addr: 0x000008F8 Val: 0x0000002A
In clock cycle: 83975
Memory Write to Addr: 0x1000FFFC Val: 0x0000002A
In clock cycle: 83976
Memory Write to Addr: 0x0000090C Val: 0x0000002A
In clock cycle: 83977
Memory Write to Addr: 0x00000908 Val: 0x0000002A
In clock cycle: 83978
Memory Write to Addr: 0x00000904 Val: 0x0000002A
In clock cycle: 83979
Memory Write to Addr: 0x00000900 Val: 0x0000002A
In clock cycle: 83980
Memory Write to Addr: 0x000008FC Val: 0x0000002A
In clock cycle: 83981
Memory Write to Addr: 0x000008F8 Val: 0x0000002A
In clock cycle: 84996
Register Write to Reg: 0x08 Val: 0x10010000
In clock cycle: 84997
Register Write to Reg: 0x08 Val: 0x00000930
In clock cycle: 84998
Register Write to Reg: 0x05 Val: 0x0000002A
In clock cycle: 84998
Memory Write to Addr: 0x00000914 Val: 0x0000002A
In clock cycle: 84999
Memory Write to Addr: 0x1000FFFC Val: 0x0000002A
In clock cycle: 85000
Memory Write to Addr: 0x00000928 Val: 0x0000002A
In clock cycle: 85001
Memory Write to Addr: 0x00000924 Val: 0x0000002A
In clock cycle: 85002
Memory Write to Addr: 0x00000920 Val: 0x0000002A
In clock cycle: 85003
Memory Write to Addr: 0x0000091C Val: 0x0000002A
In clock cycle: 85004
Memory Write to Addr: 0x00000918 Val: 0x0000002A
In clock cycle: 85005
Memory Write to Addr: 0x00000914 Val: 0x0000002A
In clock cycle: 86020
Register Write to Reg: 0x08 Val: 0x10010000
In clock cycle: 86021
Register Write to Reg: 0x08 Val: 0x0000094C
In clock cycle: 86022
Register Write to Reg: 0x05 Val: 0x0000002A
In clock cycle: 86022
Memory Write to Addr: 0x00000930 Val: 0x0000002A
In clock cycle: 86023
Memory Write to Addr: 0x1000FFFC Val: 0x0000002A
In clock cycle: 86024
Memory Write to Addr: 0x00000944 Val: 0x0000002A
In clock cycle: 86025
Memory Write to Addr: 0x00000940 Val: 0x0000002A
In clock cycle: 86026
Memory Write to Addr: 0x0000093C Val: 0x0000002A
In clock cycle: 86027
Memory Write to Addr: 0x00000938 Val: 0x0000002A
In clock cycle: 86028
Memory Write to Addr: 0x00000934 Val: 0x0000002A
In clock cycle: 86029
Memory Write to Addr: 0x00000930 Val: 0x0000002A
In clock cycle: 87044
Register Write to Reg: 0x08 Val: 0x10010000
In clock cycle: 87045
Register Write to Reg: 0x08 Val: 0x00000968
In clock cycle: 87046
Register Write to Reg: 0x05 Val: 0x0000002A
In clock cycle: 87046
Memory Write to Addr: 0x0000094C Val: 0x0000002A
In clock cycle: 87047
Memory Write to Addr: 0x1000FFFC Val: 0x0000002A
In clock cycle: 87048
Memory Write to Addr: 0x00000960 Val: 0x0000002A
In clock cycle: 87049
Memory Write to Addr: 0x0000095C Val: 0x0000002A
In clock cycle: 87050
Memory Write to Addr: 0x00000958 Val: 0x0000002A
In clock cycle: 87051
Memory Write to Addr: 0x00000954 Val: 0x0000002A
In clock cycle: 87052
Memory Write to Addr: 0x00000950 Val: 0x0000002A
In clock cycle: 87053
Memory Write to Addr: 0x0000094C Val: 0x0000002A
In clock cycle: 88068
Register Write to Reg: 0x08 Val: 0x10010000
In clock cycle: 88069
Register Write to Reg: 0x08 Val: 0x00000984
In clock cycle: 88070
Register Write to Reg: 0x05 Val: 0x0000002A
In clock cycle: 88070
Memory Write to Addr: 0x00000968 Val: 0x0000002A
In clock cycle: 88071
Memory Write to Addr: 0x1000FFFC Val: 0x0000002A
In clock cycle: 88072
Memory Write to Addr: 0x0000097C Val: 0x0000002A
In clock cycle: 88073
Memory Write to Addr: 0x00000978 Val: 0x0000002A
In clock cycle: 88074
Memory Write to Addr: 0x00000974 Val: 0x0000002A
In clock cycle: 88075
Memory Write to Addr: 0x00000970 Val: 0x0000002A
In clock cycle: 88076
Memory Write to Addr: 0x0000096C Val: 0x0000002A
In clock cycle: 88077
Memory Write to Addr: 0x00000968 Val: 0x0000002A
In clock cycle: 89092
Register Write to Reg: 0x08 Val: 0x10010000
In clock cycle: 89093
Register Write to Reg: 0x08 Val: 0x000009A0
In clock cycle: 89094
Register Write to Reg: 0x05 Val: 0x0000002A
In clock cycle: 89094
Memory Write to Addr: 0x00000984 Val: 0x0000002A
In clock cycle: 89095
Memory Write to Addr: 0x1000FFFC Val: 0x0000002A
In clock cycle: 89096
Memory Write to Addr: 0x00000998 Val: 0x0000002A
In clock cycle: 89097
Memory Write to Addr: 0x00000994 Val: 0x0000002A
In clock cycle: 89098
Memory Write to Addr: 0x00000990 Val: 0x0000002A
In clock cycle: 89099
Memory Write to Addr: 0x0000098C Val: 0x0000002A
In clock cycle: 89100
Memory Write to Addr: 0x00000988 Val: 0x0000002A
In clock cycle: 89101
Memory Write to Addr: 0x00000984 Val: 0x0000002A
In clock cycle: 90116
Register Write to Reg: 0x08 Val: 0x10010000
In clock cycle: 90117
Register Write to Reg: 0x08 Val: 0x000009BC
In clock cycle: 90118
Register Write to Reg: 0x05 Val: 0x0000002A
In clock cycle: 90118
Memory Write to Addr: 0x000009A0 Val: 0x0000002A
In clock cycle: 90119
Memory Write to Addr: 0x1000FFFC Val: 0x0000002A
In clock cycle: 90120
Memory Write to Addr: 0x000009B4 Val: 0x0000002A
In clock cycle: 90121
Memory Write to Addr: 0x000009B0 Val: 0x0000002A
In clock cycle: 90122
Memory Write to Addr: 0x000009AC Val: 0x0000002A
In clock cycle: 90123
Memory Write to Addr: 0x000009A8 Val: 0x0000002A
In clock cycle: 90124
Memory Write to Addr: 0x000009A4 Val: 0x0000002A
In clock cycle: 90125
Memory Write to Addr: 0x000009A0 Val: 0x0000002A
In clock cycle: 91140
Register Write to Reg: 0x08 Val: 0x10010000
In clock cycle: 91141
Register Write to Reg: 0x08 Val: 0x000009D8
In clock cycle: 91142
Register Write to Reg: 0x05 Val: 0x0000002A
In clock cycle: 91142
Memory Write to Addr: 0x000009BC Val: 0x0000002A
In clock cycle: 91143
Memory Write to Addr: 0x1000FFFC Val: 0x0000002A
In clock cycle: 91144
Memory Write to Addr: 0x000009D0 Val: 0x0000002A
In clock cycle: 91145
Memory Write to Addr: 0x000009CC Val: 0x0000002A
In clock cycle: 91146
Memory Write to Addr: 0x000009C8 Val: 0x0000002A
In clock cycle: 91147
Memory Write to Addr: 0x000009C4 Val: 0x0000002A
In clock cycle: 91148
Memory Write to Addr: 0x000009C0 Val: 0x0000002A
In clock cycle: 91149
Memory Write to Addr: 0x000009BC Val: 0x0000002A
In clock cycle: 92164
Register Write to Reg: 0x08 Val: 0x10010000
In clock cycle: 92165
Register Write to Reg: 0x08 Val: 0x000009F4
In clock cycle: 92166
Register Write to Reg: 0x05 Val: 0x0000002A
In clock cycle: 92166
Memory Write to Addr: 0x000009D8 Val: 0x0000002A
In clock cycle: 92167
Memory Write to Addr: 0x1000FFFC Val: 0x0000002A
In clock cycle: 92168
Memory Write to Addr: 0x000009EC Val: 0x0000002A
In clock cycle: 92169
Memory Write to Addr: 0x000009E8 Val: 0x0000002A
In clock cycle: 92170
Memory Write to Addr: 0x000009E4 Val: 0x0000002A
In clock cycle: 92171
Memory Write to Addr: 0x000009E0 Val: 0x0000002A
In clock cycle: 92172
Memory Write to Addr: 0x000009DC Val: 0x0000002A
In clock cycle: 92173
Memory Write to Addr: 0x000009D8 Val: 0x0000002A
In clock cycle: 93188
Register Write to Reg: 0x08 Val: 0x10010000
In clock cycle: 93189
Register Write to Reg: 0x08 Val: 0x00000A10
In clock cycle: 93190
Register Write to Reg: 0x05 Val: 0x0000002A
In clock cycle: 93190
Memory Write to Addr: 0x000009F4 Val: 0x0000002A
In clock cycle: 93191
Memory Write to Addr: 0x1000FFFC Val: 0x0000002A
In clock cycle: 93192
Memory Write to Addr: 0x00000A08 Val: 0x0000002A
In clock cycle: 93193
Memory Write to Addr: 0x00000A04 Val: 0x0000002A
In clock cycle: 93194
Memory Write to Addr: 0x00000A00 Val: 0x0000002A
In clock cycle: 93195
Memory Write to Addr: 0x000009FC Val: 0x0000002A
In clock cycle: 93196
Memory Write to Addr: 0x000009F8 Val: 0x0000002A
In clock cycle: 93197
Memory Write to Addr: 0x000009F4 Val: 0x0000002A
In clock cycle: 94212
Register Write to Reg: 0x08 Val: 0x10010000
In clock cycle: 94213
Register Write to Reg: 0x08 Val: 0x00000A2C
In clock cycle: 94214
Register Write to Reg: 0x05 Val: 0x0000002A
In clock cycle: 94214
Memory Write to Addr: 0x00000A10 Val: 0x0000002A
In clock cycle: 94215
Memory Write to Addr: 0x1000FFFC Val: 0x0000002A
In clock cycle: 94216
Memory Write to Addr: 0x00000A24 Val: 0x0000002A
In clock cycle: 94217
Memory Write to Addr: 0x00000A20 Val: 0x0000002A
In clock cycle: 94218
Memory Write to Addr: 0x00000A1C Val: 0x0000002A
In clock cycle: 94219
Memory Write to Addr: 0x00000A18 Val: 0x0000002A
In clock cycle: 94220
Memory Write to Addr: 0x00000A14 Val: 0x0000002A
In clock cycle: 94221
Memory Write to Addr: 0x00000A10 Val: 0x0000002A
In clock cycle: 95236
Register Write to Reg: 0x08 Val: 0x10010000
In clock cycle: 95237
Register Write to Reg: 0x08 Val: 0x00000A48
In clock cycle: 95238
Register Write to Reg: 0x05 Val: 0x0000002A
In clock cycle: 95238
Memory Write to Addr: 0x00000A2C Val: 0x0000002A
In clock cycle: 95239
Memory Write to Addr: 0x1000FFFC Val: 0x0000002A
In clock cycle: 95240
Memory Write to Addr: 0x00000A40 Val: 0x0000002A
In clock cycle: 95241
Memory Write to Addr: 0x00000A3C Val: 0x0000002A
In clock cycle: 95242
Memory Write to Addr: 0x00000A38 Val: 0x0000002A
In clock cycle: 95243
Memory Write to Addr: 0x00000A34 Val: 0x0000002A
In clock cycle: 95244
Memory Write to Addr: 0x00000A30 Val: 0x0000002A
In clock cycle: 95245
Memory Write to Addr: 0x00000A2C Val: 0x0000002A
In clock cycle: 96260
Register Write to Reg: 0x08 Val: 0x10010000
In clock cycle: 96261
Register Write to Reg: 0x08 Val: 0x00000A64
In clock cycle: 96262
Register Write to Reg: 0x05 Val: 0x0000002A
In clock cycle: 96262
Memory Write to Addr: 0x00000A48 Val: 0x0000002A
In clock cycle: 96263
Memory Write to Addr: 0x1000FFFC Val: 0x0000002A
In clock cycle: 96264
Memory Write to Addr: 0x00000A5C Val: 0x0000002A
In clock cycle: 96265
Memory Write to Addr: 0x00000A58 Val: 0x0000002A
In clock cycle: 96266
Memory Write to Addr: 0x00000A54 Val: 0x0000002A
In clock cycle: 96267
Memory Write to Addr: 0x00000A50 Val: 0x0000002A
In clock cycle: 96268
Memory Write to Addr: 0x00000A4C Val: 0x0000002A
In clock cycle: 96269
Memory Write to Addr: 0x00000A48 Val: 0x0000002A
In clock cycle: 97284
Register Write to Reg: 0x08 Val: 0x10010000
In clock cycle: 97285
Register Write to Reg: 0x08 Val: 0x00000A80
In clock cycle: 97286
Register Write to Reg: 0x05 Val: 0x0000002A
In clock cycle: 97286
Memory Write to Addr: 0x00000A64 Val: 0x0000002A
In clock cycle: 97287
Memory Write to Addr: 0x1000FFFC Val: 0x0000002A
In clock cycle: 97288
Memory Write to Addr: 0x00000A78 Val: 0x0000002A
In clock cycle: 97289
Memory Write to Addr: 0x00000A74 Val: 0x0000002A
In clock cycle: 97290
Memory Write to Addr: 0x00000A70 Val: 0x0000002A
In clock cycle: 97291
Memory Write to Addr: 0x00000A6C Val: 0x0000002A
In clock cycle: 97292
Memory Write to Addr: 0x00000A68 Val: 0x0000002A
In clock cycle: 97293
Memory Write to Addr: 0x00000A64 Val: 0x0000002A
In clock cycle: 98308
Register Write to Reg: 0x08 Val: 0x10010000
In clock cycle: 98309
Register Write to Reg: 0x08 Val: 0x00000A9C
In clock cycle: 98310
Register Write to Reg: 0x05 Val: 0x0000002A
In clock cycle: 98310
Memory Write to Addr: 0x00000A80 Val: 0x0000002A
In clock cycle: 98311
Memory Write to Addr: 0x1000FFFC Val: 0x0000002A
In clock cycle: 98312
Memory Write to Addr: 0x00000A94 Val: 0x0000002A
In clock cycle: 98313
Memory Write to Addr: 0x00000A90 Val: 0x0000002A
In clock cycle: 98314
Memory Write to Addr: 0x00000A8C Val: 0x0000002A
In clock cycle: 98315
Memory Write to Addr: 0x00000A88 Val: 0x0000002A
In clock cycle: 98316
Memory Write to Addr: 0x00000A84 Val: 0x0000002A
In clock cycle: 98317
Memory Write to Addr: 0x00000A80 Val: 0x0000002A
In clock cycle: 99332
Register Write to Reg: 0x08 Val: 0x10010000
In clock cycle: 99333
Register Write to Reg: 0x08 Val: 0x00000AB8
In clock cycle: 99334
Register Write to Reg: 0x05 Val: 0x0000002A
In clock cycle: 99334
Memory Write to Addr: 0x00000A9C Val: 0x0000002A
In clock cycle: 99335
Memory Write to Addr: 0x1000FFFC Val: 0x0000002A
In clock cycle: 99336
Memory Write to Addr: 0x00000AB0 Val: 0x0000002A
In clock cycle: 99337
Memory Write to Addr: 0x00000AAC Val: 0x0000002A
In clock cycle: 99338
Memory Write to Addr: 0x00000AA8 Val: 0x0000002A
In clock cycle: 99339
Memory Write to Addr: 0x00000AA4 Val: 0x0000002A
In clock cycle: 99340
Memory Write to Addr: 0x00000AA0 Val: 0x0000002A
In clock cycle: 99341
Memory Write to Addr: 0x00000A9C Val: 0x0000002A
In clock cycle: 100356
Register Write to Reg: 0x08 Val: 0x10010000
In clock cycle: 100357
Register Write to Reg: 0x08 Val: 0x00000AD4
In clock cycle: 100358
Register Write to Reg: 0x05 Val: 0x0000002A
In clock cycle: 100358
Memory Write to Addr: 0x00000AB8 Val: 0x0000002A
In clock cycle: 100359
Memory Write to Addr: 0x1000FFFC Val: 0x0000002A
In clock cycle: 100360
Memory Write to Addr: 0x00000ACC Val: 0x0000002A
In clock cycle: 100361
Memory Write to Addr: 0x00000AC8 Val: 0x0000002A
In clock cycle: 100362
Memory Write to Addr: 0x00000AC4 Val: 0x0000002A
In clock cycle: 100363
Memory Write to Addr: 0x00000AC0 Val: 0x0000002A
In clock cycle: 100364
Memory Write to Addr: 0x00000ABC Val: 0x0000002A
In clock cycle: 100365
Memory Write to Addr: 0x00000AB8 Val: 0x0000002A
In clock cycle: 101380
Register Write to Reg: 0x08 Val: 0x10010000
In clock cycle: 101381
Register Write to Reg: 0x08 Val: 0x00000AF0
In clock cycle: 101382
Register Write to Reg: 0x05 Val: 0x0000002A
In clock cycle: 101382
Memory Write to Addr: 0x00000AD4 Val: 0x0000002A
In clock cycle: 101383
Memory Write to Addr: 0x1000FFFC Val: 0x0000002A
In clock cycle: 101384
Memory Write to Addr: 0x00000AE8 Val: 0x0000002A
In clock cycle: 101385
Memory Write to Addr: 0x00000AE4 Val: 0x0000002A
In clock cycle: 101386
Memory Write to Addr: 0x00000AE0 Val: 0x0000002A
In clock cycle: 101387
Memory Write to Addr: 0x00000ADC Val: 0x0000002A
In clock cycle: 101388
Memory Write to Addr: 0x00000AD8 Val: 0x0000002A
In clock cycle: 101389
Memory Write to Addr: 0x00000AD4 Val: 0x0000002A
In clock cycle: 102404
Register Write to Reg: 0x08 Val: 0x10010000
In clock cycle: 102405
Register Write to Reg: 0x08 Val: 0x00000B0C
In clock cycle: 102406
Register Write to Reg: 0x05 Val: 0x0000002A
In clock cycle: 102406
Memory Write to Addr: 0x00000AF0 Val: 0x0000002A
In clock cycle: 102407
Memory Write to Addr: 0x1000FFFC Val: 0x0000002A
In clock cycle: 102408
Memory Write to Addr: 0x00000B04 Val: 0x0000002A
In clock cycle: 102409
Memory Write to Addr: 0x00000B00 Val: 0x0000002A
In clock cycle: 102410
Memory Write to Addr: 0x00000AFC Val: 0x0000002A
In clock cycle: 102411
Memory Write to Addr: 0x00000AF8 Val: 0x0000002A
In clock cycle: 102412
Memory Write to Addr: 0x00000AF4 Val: 0x0000002A
In clock cycle: 102413
Memory Write to Addr: 0x00000AF0 Val: 0x0000002A
In clock cycle: 103428
Register Write to Reg: 0x08 Val: 0x10010000
In clock cycle: 103429
Register Write to Reg: 0x08 Val: 0x00000B28
In clock cycle: 103430
Register Write to Reg: 0x05 Val: 0x0000002A
In clock cycle: 103430
Memory Write to Addr: 0x00000B0C Val: 0x0000002A
In clock cycle: 103431
Memory Write to Addr: 0x1000FFFC Val: 0x0000002A
In clock cycle: 103432
Memory Write to Addr: 0x00000B20 Val: 0x0000002A
In clock cycle: 103433
Memory Write to Addr: 0x00000B1C Val: 0x0000002A
In clock cycle: 103434
Memory Write to Addr: 0x00000B18 Val: 0x0000002A
In clock cycle: 103435
Memory Write to Addr: 0x00000B14 Val: 0x0000002A
In clock cycle: 103436
Memory Write to Addr: 0x00000B10 Val: 0x0000002A
In clock cycle: 103437
Memory Write to Addr: 0x00000B0C Val: 0x0000002A
In clock cycle: 104452
Register Write to Reg: 0x08 Val: 0x10010000
In clock cycle: 104453
Register Write to Reg: 0x08 Val: 0x00000B44
In clock cycle: 104454
Register Write to Reg: 0x05 Val: 0x0000002A
In clock cycle: 104454
Memory Write to Addr: 0x00000B28 Val: 0x0000002A
In clock cycle: 104455
Memory Write to Addr: 0x1000FFFC Val: 0x0000002A
In clock cycle: 104456
Memory Write to Addr: 0x00000B3C Val: 0x0000002A
In clock cycle: 104457
Memory Write to Addr: 0x00000B38 Val: 0x0000002A
In clock cycle: 104458
Memory Write to Addr: 0x00000B34 Val: 0x0000002A
In clock cycle: 104459
Memory Write to Addr: 0x00000B30 Val: 0x0000002A
In clock cycle: 104460
Memory Write to Addr: 0x00000B2C Val: 0x0000002A
In clock cycle: 104461
Memory Write to Addr: 0x00000B28 Val: 0x0000002A
In clock cycle: 105476
Register Write to Reg: 0x08 Val: 0x10010000
In clock cycle: 105477
Register Write to Reg: 0x08 Val: 0x00000B60
In clock cycle: 105478
Register Write to Reg: 0x05 Val: 0x0000002A
In clock cycle: 105478
Memory Write to Addr: 0x00000B44 Val: 0x0000002A
In clock cycle: 105479
Memory Write to Addr: 0x1000FFFC Val: 0x0000002A
In clock cycle: 105480
Memory Write to Addr: 0x00000B58 Val: 0x0000002A
In clock cycle: 105481
Memory Write to Addr: 0x00000B54 Val: 0x0000002A
In clock cycle: 105482
Memory Write to Addr: 0x00000B50 Val: 0x0000002A
In clock cycle: 105483
Memory Write to Addr: 0x00000B4C Val: 0x0000002A
In clock cycle: 105484
Memory Write to Addr: 0x00000B48 Val: 0x0000002A
In clock cycle: 105485
Memory Write to Addr: 0x00000B44 Val: 0x0000002A
In clock cycle: 106500
Register Write to Reg: 0x08 Val: 0x10010000
In clock cycle: 106501
Register Write to Reg: 0x08 Val: 0x00000B7C
In clock cycle: 106502
Register Write to Reg: 0x05 Val: 0x0000002A
In clock cycle: 106502
Memory Write to Addr: 0x00000B60 Val: 0x0000002A
In clock cycle: 106503
Memory Write to Addr: 0x1000FFFC Val: 0x0000002A
In clock cycle: 106504
Memory Write to Addr: 0x00000B74 Val: 0x0000002A
In clock cycle: 106505
Memory Write to Addr: 0x00000B70 Val: 0x0000002A
In clock cycle: 106506
Memory Write to Addr: 0x00000B6C Val: 0x0000002A
In clock cycle: 106507
Memory Write to Addr: 0x00000B68 Val: 0x0000002A
In clock cycle: 106508
Memory Write to Addr: 0x00000B64 Val: 0x0000002A
In clock cycle: 106509
Memory Write to Addr: 0x00000B60 Val: 0x0000002A
In clock cycle: 107524
Register Write to Reg: 0x08 Val: 0x10010000
In clock cycle: 107525
Register Write to Reg: 0x08 Val: 0x00000B98
In clock cycle: 107526
Register Write to Reg: 0x05 Val: 0x0000002A
In clock cycle: 107526
Memory Write to Addr: 0x00000B7C Val: 0x0000002A
In clock cycle: 107527
Memory Write to Addr: 0x1000FFFC Val: 0x0000002A
In clock cycle: 107528
Memory Write to Addr: 0x00000B90 Val: 0x0000002A
In clock cycle: 107529
Memory Write to Addr: 0x00000B8C Val: 0x0000002A
In clock cycle: 107530
Memory Write to Addr: 0x00000B88 Val: 0x0000002A
In clock cycle: 107531
Memory Write to Addr: 0x00000B84 Val: 0x0000002A
In clock cycle: 107532
Memory Write to Addr: 0x00000B80 Val: 0x0000002A
In clock cycle: 107533
Memory Write to Addr: 0x00000B7C Val: 0x0000002A
In clock cycle: 108548
Register Write to Reg: 0x08 Val: 0x10010000
In clock cycle: 108549
Register Write to Reg: 0x08 Val: 0x00000BB4
In clock cycle: 108550
Register Write to Reg: 0x05 Val: 0x0000002A
In clock cycle: 108550
Memory Write to Addr: 0x00000B98 Val: 0x0000002A
In clock cycle: 108551
Memory Write to Addr: 0x1000FFFC Val: 0x0000002A
In clock cycle: 108552
Memory Write to Addr: 0x00000BAC Val: 0x0000002A
In clock cycle: 108553
Memory Write to Addr: 0x00000BA8 Val: 0x0000002A
In clock cycle: 108554
Memory Write to Addr: 0x00000BA4 Val: 0x0000002A
In clock cycle: 108555
Memory Write to Addr: 0x00000BA0 Val: 0x0000002A
In clock cycle: 108556
Memory Write to Addr: 0x00000B9C Val: 0x0000002A
In clock cycle: 108557
Memory Write to Addr: 0x00000B98 Val: 0x0000002A
In clock cycle: 109572
Register Write to Reg: 0x08 Val: 0x10010000
In clock cycle: 109573
Register Write to Reg: 0x08 Val: 0x00000BD0
In clock cycle: 109574
Register Write to Reg: 0x05 Val: 0x0000002A
In clock cycle: 109574
Memory Write to Addr: 0x00000BB4 Val: 0x0000002A
In clock cycle: 109575
Memory Write to Addr: 0x1000FFFC Val: 0x0000002A
In clock cycle: 109576
Memory Write to Addr: 0x00000BC8 Val: 0x0000002A
In clock cycle: 109577
Memory Write to Addr: 0x00000BC4 Val: 0x0000002A
In clock cycle: 109578
Memory Write to Addr: 0x00000BC0 Val: 0x0000002A
In clock cycle: 109579
Memory Write to Addr: 0x00000BBC Val: 0x0000002A
In clock cycle: 109580
Memory Write to Addr: 0x00000BB8 Val: 0x0000002A
In clock cycle: 109581
Memory Write to Addr: 0x00000BB4 Val: 0x0000002A
In clock cycle: 110596
Register Write to Reg: 0x08 Val: 0x10010000
In clock cycle: 110597
Register Write to Reg: 0x08 Val: 0x00000BEC
In clock cycle: 110598
Register Write to Reg: 0x05 Val: 0x0000002A
In clock cycle: 110598
Memory Write to Addr: 0x00000BD0 Val: 0x0000002A
In clock cycle: 110599
Memory Write to Addr: 0x1000FFFC Val: 0x0000002A
In clock cycle: 110600
Memory Write to Addr: 0x00000BE4 Val: 0x0000002A
In clock cycle: 110601
Memory Write to Addr: 0x00000BE0 Val: 0x0000002A
In clock cycle: 110602
Memory Write to Addr: 0x00000BDC Val: 0x0000002A
In clock cycle: 110603
Memory Write to Addr: 0x00000BD8 Val: 0x0000002A
In clock cycle: 110604
Memory Write to Addr: 0x00000BD4 Val: 0x0000002A
In clock cycle: 110605
Memory Write to Addr: 0x00000BD0 Val: 0x0000002A
In clock cycle: 111620
Register Write to Reg: 0x08 Val: 0x10010000
In clock cycle: 111621
Register Write to Reg: 0x08 Val: 0x00000C08
In clock cycle: 111622
Register Write to Reg: 0x05 Val: 0x0000002A
In clock cycle: 111622
Memory Write to Addr: 0x00000BEC Val: 0x0000002A
In clock cycle: 111623
Memory Write to Addr: 0x1000FFFC Val: 0x0000002A
In clock cycle: 111624
Memory Write to Addr: 0x00000C00 Val: 0x0000002A
In clock cycle: 111625
Memory Write to Addr: 0x00000BFC Val: 0x0000002A
In clock cycle: 111626
Memory Write to Addr: 0x00000BF8 Val: 0x0000002A
In clock cycle: 111627
Memory Write to Addr: 0x00000BF4 Val: 0x0000002A
In clock cycle: 111628
Memory Write to Addr: 0x00000BF0 Val: 0x0000002A
In clock cycle: 111629
Memory Write to Addr: 0x00000BEC Val: 0x0000002A
In clock cycle: 112644
Register Write to Reg: 0x08 Val: 0x10010000
In clock cycle: 112645
Register Write to Reg: 0x08 Val: 0x00000C24
In clock cycle: 112646
Register Write to Reg: 0x05 Val: 0x0000002A
In clock cycle: 112646
Memory Write to Addr: 0x00000C08 Val: 0x0000002A
In clock cycle: 112647
Memory Write to Addr: 0x1000FFFC Val: 0x0000002A
In clock cycle: 112648
Memory Write to Addr: 0x00000C1C Val: 0x0000002A
In clock cycle: 112649
Memory Write to Addr: 0x00000C18 Val: 0x0000002A
In clock cycle: 112650
Memory Write to Addr: 0x00000C14 Val: 0x0000002A
In clock cycle: 112651
Memory Write to Addr: 0x00000C10 Val: 0x0000002A
In clock cycle: 112652
Memory Write to Addr: 0x00000C0C Val: 0x0000002A
In clock cycle: 112653
Memory Write to Addr: 0x00000C08 Val: 0x0000002A
In clock cycle: 113668
Register Write to Reg: 0x08 Val: 0x10010000
In clock cycle: 113669
Register Write to Reg: 0x08 Val: 0x00000C40
In clock cycle: 113670
Register Write to Reg: 0x05 Val: 0x0000002A
In clock cycle: 113670
Memory Write to Addr: 0x00000C24 Val: 0x0000002A
In clock cycle: 113671
Memory Write to Addr: 0x1000FFFC Val: 0x0000002A
In clock cycle: 113672
Memory Write to Addr: 0x00000C38 Val: 0x0000002A
In clock cycle: 113673
Memory Write to Addr: 0x00000C34 Val: 0x0000002A
In clock cycle: 113674
Memory Write to Addr: 0x00000C30 Val: 0x0000002A
In clock cycle: 113675
Memory Write to Addr: 0x00000C2C Val: 0x0000002A
In clock cycle: 113676
Memory Write to Addr: 0x00000C28 Val: 0x0000002A
In clock cycle: 113677
Memory Write to Addr: 0x00000C24 Val: 0x0000002A
In clock cycle: 114692
Register Write to Reg: 0x08 Val: 0x10010000
In clock cycle: 114693
Register Write to Reg: 0x08 Val: 0x00000C5C
In clock cycle: 114694
Register Write to Reg: 0x05 Val: 0x0000002A
In clock cycle: 114694
Memory Write to Addr: 0x00000C40 Val: 0x0000002A
In clock cycle: 114695
Memory Write to Addr: 0x1000FFFC Val: 0x0000002A
In clock cycle: 114696
Memory Write to Addr: 0x00000C54 Val: 0x0000002A
In clock cycle: 114697
Memory Write to Addr: 0x00000C50 Val: 0x0000002A
In clock cycle: 114698
Memory Write to Addr: 0x00000C4C Val: 0x0000002A
In clock cycle: 114699
Memory Write to Addr: 0x00000C48 Val: 0x0000002A
In clock cycle: 114700
Memory Write to Addr: 0x00000C44 Val: 0x0000002A
In clock cycle: 114701
Memory Write to Addr: 0x00000C40 Val: 0x0000002A
In clock cycle: 115716
Register Write to Reg: 0x08 Val: 0x10010000
In clock cycle: 115717
Register Write to Reg: 0x08 Val: 0x00000C78
In clock cycle: 115718
Register Write to Reg: 0x05 Val: 0x0000002A
In clock cycle: 115718
Memory Write to Addr: 0x00000C5C Val: 0x0000002A
In clock cycle: 115719
Memory Write to Addr: 0x1000FFFC Val: 0x0000002A
In clock cycle: 115720
Memory Write to Addr: 0x00000C70 Val: 0x0000002A
In clock cycle: 115721
Memory Write to Addr: 0x00000C6C Val: 0x0000002A
In clock cycle: 115722
Memory Write to Addr: 0x00000C68 Val: 0x0000002A
In clock cycle: 115723
Memory Write to Addr: 0x00000C64 Val: 0x0000002A
In clock cycle: 115724
Memory Write to Addr: 0x00000C60 Val: 0x0000002A
In clock cycle: 115725
Memory Write to Addr: 0x00000C5C Val: 0x0000002A
In clock cycle: 116740
Register Write to Reg: 0x08 Val: 0x10010000
In clock cycle: 116741
Register Write to Reg: 0x08 Val: 0x00000C94
In clock cycle: 116742
Register Write to Reg: 0x05 Val: 0x0000002A
In clock cycle: 116742
Memory Write to Addr: 0x00000C78 Val: 0x0000002A
In clock cycle: 116743
Memory Write to Addr: 0x1000FFFC Val: 0x0000002A
In clock cycle: 116744
Memory Write to Addr: 0x00000C8C Val: 0x0000002A
In clock cycle: 116745
Memory Write to Addr: 0x00000C88 Val: 0x0000002A
In clock cycle: 116746
Memory Write to Addr: 0x00000C84 Val: 0x0000002A
In clock cycle: 116747
Memory Write to Addr: 0x00000C80 Val: 0x0000002A
In clock cycle: 116748
Memory Write to Addr: 0x00000C7C Val: 0x0000002A
In clock cycle: 116749
Memory Write to Addr: 0x00000C78 Val: 0x0000002A
In clock cycle: 117764
Register Write to Reg: 0x08 Val: 0x10010000
In clock cycle: 117765
Register Write to Reg: 0x08 Val: 0x00000CB0
In clock cycle: 117766
Register Write to Reg: 0x05 Val: 0x0000002A
In clock cycle: 117766
Memory Write to Addr: 0x00000C94 Val: 0x0000002A
In clock cycle: 117767
Memory Write to Addr: 0x1000FFFC Val: 0x0000002A
In clock cycle: 117768
Memory Write to Addr: 0x00000CA8 Val: 0x0000002A
In clock cycle: 117769
Memory Write to Addr: 0x00000CA4 Val: 0x0000002A
In clock cycle: 117770
Memory Write to Addr: 0x00000CA0 Val: 0x0000002A
In clock cycle: 117771
Memory Write to Addr: 0x00000C9C Val: 0x0000002A
In clock cycle: 117772
Memory Write to Addr: 0x00000C98 Val: 0x0000002A
In clock cycle: 117773
Memory Write to Addr: 0x00000C94 Val: 0x0000002A
In clock cycle: 118788
Register Write to Reg: 0x08 Val: 0x10010000
In clock cycle: 118789
Register Write to Reg: 0x08 Val: 0x00000CCC
In clock cycle: 118790
Register Write to Reg: 0x05 Val: 0x0000002A
In clock cycle: 118790
Memory Write to Addr: 0x00000CB0 Val: 0x0000002A
In clock cycle: 118791
Memory Write to Addr: 0x1000FFFC Val: 0x0000002A
In clock cycle: 118792
Memory Write to Addr: 0x00000CC4 Val: 0x0000002A
In clock cycle: 118793
Memory Write to Addr: 0x00000CC0 Val: 0x0000002A
In clock cycle: 118794
Memory Write to Addr: 0x00000CBC Val: 0x0000002A
In clock cycle: 118795
Memory Write to Addr: 0x00000CB8 Val: 0x0000002A
In clock cycle: 118796
Memory Write to Addr: 0x00000CB4 Val: 0x0000002A
In clock cycle: 118797
Memory Write to Addr: 0x00000CB0 Val: 0x0000002A
In clock cycle: 119812
Register Write to Reg: 0x08 Val: 0x10010000
In clock cycle: 119813
Register Write to Reg: 0x08 Val: 0x00000CE8
In clock cycle: 119814
Register Write to Reg: 0x05 Val: 0x0000002A
In clock cycle: 119814
Memory Write to Addr: 0x00000CCC Val: 0x0000002A
In clock cycle: 119815
Memory Write to Addr: 0x1000FFFC Val: 0x0000002A
In clock cycle: 119816
Memory Write to Addr: 0x00000CE0 Val: 0x0000002A
In clock cycle: 119817
Memory Write to Addr: 0x00000CDC Val: 0x0000002A
In clock cycle: 119818
Memory Write to Addr: 0x00000CD8 Val: 0x0000002A
In clock cycle: 119819
Memory Write to Addr: 0x00000CD4 Val: 0x0000002A
In clock cycle: 119820
Memory Write to Addr: 0x00000CD0 Val: 0x0000002A
In clock cycle: 119821
Memory Write to Addr: 0x00000CCC Val: 0x0000002A
In clock cycle: 120836
Register Write to Reg: 0x08 Val: 0x10010000
In clock cycle: 120837
Register Write to Reg: 0x08 Val: 0x00000D04
In clock cycle: 120838
Register Write to Reg: 0x05 Val: 0x0000002A
In clock cycle: 120838
Memory Write to Addr: 0x00000CE8 Val: 0x0000002A
In clock cycle: 120839
Memory Write to Addr: 0x1000FFFC Val: 0x0000002A
In clock cycle: 120840
Memory Write to Addr: 0x00000CFC Val: 0x0000002A
In clock cycle: 120841
Memory Write to Addr: 0x00000CF8 Val: 0x0000002A
In clock cycle: 120842
Memory Write to Addr: 0x00000CF4 Val: 0x0000002A
In clock cycle: 120843
Memory Write to Addr: 0x00000CF0 Val: 0x0000002A
In clock cycle: 120844
Memory Write to Addr: 0x00000CEC Val: 0x0000002A
In clock cycle: 120845
Memory Write to Addr: 0x00000CE8 Val: 0x0000002A
In clock cycle: 121860
Register Write to Reg: 0x08 Val: 0x10010000
In clock cycle: 121861
Register Write to Reg: 0x08 Val: 0x00000D20
In clock cycle: 121862
Register Write to Reg: 0x05 Val: 0x0000002A
In clock cycle: 121862
Memory Write to Addr: 0x00000D04 Val: 0x0000002A
In clock cycle: 121863
Memory Write to Addr: 0x1000FFFC Val: 0x0000002A
In clock cycle: 121864
Memory Write to Addr: 0x00000D18 Val: 0x0000002A
In clock cycle: 121865
Memory Write to Addr: 0x00000D14 Val: 0x0000002A
In clock cycle: 121866
Memory Write to Addr: 0x00000D10 Val: 0x0000002A
In clock cycle: 121867
Memory Write to Addr: 0x00000D0C Val: 0x0000002A
In clock cycle: 121868
Memory Write to Addr: 0x00000D08 Val: 0x0000002A
In clock cycle: 121869
Memory Write to Addr: 0x00000D04 Val: 0x0000002A
In clock cycle: 122884
Register Write to Reg: 0x08 Val: 0x10010000
In clock cycle: 122885
Register Write to Reg: 0x08 Val: 0x00000D3C
In clock cycle: 122886
Register Write to Reg: 0x05 Val: 0x0000002A
In clock cycle: 122886
Memory Write to Addr: 0x00000D20 Val: 0x0000002A
In clock cycle: 122887
Memory Write to Addr: 0x1000FFFC Val: 0x0000002A
In clock cycle: 122888
Memory Write to Addr: 0x00000D34 Val: 0x0000002A
In clock cycle: 122889
Memory Write to Addr: 0x00000D30 Val: 0x0000002A
In clock cycle: 122890
Memory Write to Addr: 0x00000D2C Val: 0x0000002A
In clock cycle: 122891
Memory Write to Addr: 0x00000D28 Val: 0x0000002A
In clock cycle: 122892
Memory Write to Addr: 0x00000D24 Val: 0x0000002A
In clock cycle: 122893
Memory Write to Addr: 0x00000D20 Val: 0x0000002A
In clock cycle: 123908
Register Write to Reg: 0x08 Val: 0x10010000
In clock cycle: 123909
Register Write to Reg: 0x08 Val: 0x00000D58
In clock cycle: 123910
Register Write to Reg: 0x05 Val: 0x0000002A
In clock cycle: 123910
Memory Write to Addr: 0x00000D3C Val: 0x0000002A
In clock cycle: 123911
Memory Write to Addr: 0x1000FFFC Val: 0x0000002A
In clock cycle: 123912
Memory Write to Addr: 0x00000D50 Val: 0x0000002A
In clock cycle: 123913
Memory Write to Addr: 0x00000D4C Val: 0x0000002A
In clock cycle: 123914
Memory Write to Addr: 0x00000D48 Val: 0x0000002A
In clock cycle: 123915
Memory Write to Addr: 0x00000D44 Val: 0x0000002A
In clock cycle: 123916
Memory Write to Addr: 0x00000D40 Val: 0x0000002A
In clock cycle: 123917
Memory Write to Addr: 0x00000D3C Val: 0x0000002A
In clock cycle: 124932
Register Write to Reg: 0x08 Val: 0x10010000
In clock cycle: 124933
Register Write to Reg: 0x08 Val: 0x00000D74
In clock cycle: 124934
Register Write to Reg: 0x05 Val: 0x0000002A
In clock cycle: 124934
Memory Write to Addr: 0x00000D58 Val: 0x0000002A
In clock cycle: 124935
Memory Write to Addr: 0x1000FFFC Val: 0x0000002A
In clock cycle: 124936
Memory Write to Addr: 0x00000D6C Val: 0x0000002A
In clock cycle: 124937
Memory Write to Addr: 0x00000D68 Val: 0x0000002A
In clock cycle: 124938
Memory Write to Addr: 0x00000D64 Val: 0x0000002A
In clock cycle: 124939
Memory Write to Addr: 0x00000D60 Val: 0x0000002A
In clock cycle: 124940
Memory Write to Addr: 0x00000D5C Val: 0x0000002A
In clock cycle: 124941
Memory Write to Addr: 0x00000D58 Val: 0x0000002A
In clock cycle: 125956
Register Write to Reg: 0x08 Val: 0x10010000
In clock cycle: 125957
Register Write to Reg: 0x08 Val: 0x00000D90
In clock cycle: 125958
Register Write to Reg: 0x05 Val: 0x0000002A
In clock cycle: 125958
Memory Write to Addr: 0x00000D74 Val: 0x0000002A
In clock cycle: 125959
Memory Write to Addr: 0x1000FFFC Val: 0x0000002A
In clock cycle: 125960
Memory Write to Addr: 0x00000D88 Val: 0x0000002A
In clock cycle: 125961
Memory Write to Addr: 0x00000D84 Val: 0x0000002A
In clock cycle: 125962
Memory Write to Addr: 0x00000D80 Val: 0x0000002A
In clock cycle: 125963
Memory Write to Addr: 0x00000D7C Val: 0x0000002A
In clock cycle: 125964
Memory Write to Addr: 0x00000D78 Val: 0x0000002A
In clock cycle: 125965
Memory Write to Addr: 0x00000D74 Val: 0x0000002A
In clock cycle: 126980
Register Write to Reg: 0x08 Val: 0x10010000
In clock cycle: 126981
Register Write to Reg: 0x08 Val: 0x00000DAC
In clock cycle: 126982
Register Write to Reg: 0x05 Val: 0x0000002A
In clock cycle: 126982
Memory Write to Addr: 0x00000D90 Val: 0x0000002A
In clock cycle: 126983
Memory Write to Addr: 0x1000FFFC Val: 0x0000002A
In clock cycle: 126984
Memory Write to Addr: 0x00000DA4 Val: 0x0000002A
In clock cycle: 126985
Memory Write to Addr: 0x00000DA0 Val: 0x0000002A
In clock cycle: 126986
Memory Write to Addr: 0x00000D9C Val: 0x0000002A
In clock cycle: 126987
Memory Write to Addr: 0x00000D98 Val: 0x0000002A
In clock cycle: 126988
Memory Write to Addr: 0x00000D94 Val: 0x0000002A
In clock cycle: 126989
Memory Write to Addr: 0x00000D90 Val: 0x0000002A
In clock cycle: 128004
Register Write to Reg: 0x08 Val: 0x10010000
In clock cycle: 128005
Register Write to Reg: 0x08 Val: 0x00000DC8
In clock cycle: 128006
Register Write to Reg: 0x05 Val: 0x0000002A
In clock cycle: 128006
Memory Write to Addr: 0x00000DAC Val: 0x0000002A
In clock cycle: 128007
Memory Write to Addr: 0x1000FFFC Val: 0x0000002A
In clock cycle: 128008
Memory Write to Addr: 0x00000DC0 Val: 0x0000002A
In clock cycle: 128009
Memory Write to Addr: 0x00000DBC Val: 0x0000002A
In clock cycle: 128010
Memory Write to Addr: 0x00000DB8 Val: 0x0000002A
In clock cycle: 128011
Memory Write to Addr: 0x00000DB4 Val: 0x0000002A
In clock cycle: 128012
Memory Write to Addr: 0x00000DB0 Val: 0x0000002A
In clock cycle: 128013
Memory Write to Addr: 0x00000DAC Val: 0x0000002A
In clock cycle: 129028
Register Write to Reg: 0x08 Val: 0x10010000
In clock cycle: 129029
Register Write to Reg: 0x08 Val: 0x00000DE4
In clock cycle: 129030
Register Write to Reg: 0x05 Val: 0x0000002A
In clock cycle: 129030
Memory Write to Addr: 0x00000DC8 Val: 0x0000002A
In clock cycle: 129031
Memory Write to Addr: 0x1000FFFC Val: 0x0000002A
In clock cycle: 129032
Memory Write to Addr: 0x00000DDC Val: 0x0000002A
In clock cycle: 129033
Memory Write to Addr: 0x00000DD8 Val: 0x0000002A
In clock cycle: 129034
Memory Write to Addr: 0x00000DD4 Val: 0x0000002A
In clock cycle: 129035
Memory Write to Addr: 0x00000DD0 Val: 0x0000002A
In clock cycle: 129036
Memory Write to Addr: 0x00000DCC Val: 0x0000002A
In clock cycle: 129037
Memory Write to Addr: 0x00000DC8 Val: 0x0000002A
In clock cycle: 130052
Register Write to Reg: 0x08 Val: 0x10010000
In clock cycle: 130053
Register Write to Reg: 0x08 Val: 0x00000E00
In clock cycle: 130054
Register Write to Reg: 0x05 Val: 0x0000002A
In clock cycle: 130054
Memory Write to Addr: 0x00000DE4 Val: 0x0000002A
In clock cycle: 130055
Memory Write to Addr: 0x1000FFFC Val: 0x0000002A
In clock cycle: 130056
Memory Write to Addr: 0x00000DF8 Val: 0x0000002A
In clock cycle: 130057
Memory Write to Addr: 0x00000DF4 Val: 0x0000002A
In clock cycle: 130058
Memory Write to Addr: 0x00000DF0 Val: 0x0000002A
In clock cycle: 130059
Memory Write to Addr: 0x00000DEC Val: 0x0000002A
In clock cycle: 130060
Memory Write to Addr: 0x00000DE8 Val: 0x0000002A
In clock cycle: 130061
Memory Write to Addr: 0x00000DE4 Val: 0x0000002A
In clock cycle: 131076
Register Write to Reg: 0x08 Val: 0x10010000
In clock cycle: 131077
Register Write to Reg: 0x08 Val: 0x00000E1C
In clock cycle: 131078
Register Write to Reg: 0x05 Val: 0x0000002A
In clock cycle: 131078
Memory Write to Addr: 0x00000E00 Val: 0x0000002A
In clock cycle: 131079
Memory Write to Addr: 0x1000FFFC Val: 0x0000002A
In clock cycle: 131080
Memory Write to Addr: 0x00000E14 Val: 0x0000002A
In clock cycle: 131081
Memory Write to Addr: 0x00000E10 Val: 0x0000002A
In clock cycle: 131082
Memory Write to Addr: 0x00000E0C Val: 0x0000002A
In clock cycle: 131083
Memory Write to Addr: 0x00000E08 Val: 0x0000002A
In clock cycle: 131084
Memory Write to Addr: 0x00000E04 Val: 0x0000002A
In clock cycle: 131085
Memory Write to Addr: 0x00000E00 Val: 0x0000002A
In clock cycle: 132100
Register Write to Reg: 0x08 Val: 0x10010000
In clock cycle: 132101
Register Write to Reg: 0x08 Val: 0x00000E38
In clock cycle: 132102
Register Write to Reg: 0x05 Val: 0x0000002A
In clock cycle: 132102
Memory Write to Addr: 0x00000E1C Val: 0x0000002A
In clock cycle: 132103
Memory Write to Addr: 0x1000FFFC Val: 0x0000002A
In clock cycle: 132104
Memory Write to Addr: 0x00000E30 Val: 0x0000002A
In clock cycle: 132105
Memory Write to Addr: 0x00000E2C Val: 0x0000002A
In clock cycle: 132106
Memory Write to Addr: 0x00000E28 Val: 0x0000002A
In clock cycle: 132107
Memory Write to Addr: 0x00000E24 Val: 0x0000002A
In clock cycle: 132108
Memory Write to Addr: 0x00000E20 Val: 0x0000002A
In clock cycle: 132109
Memory Write to Addr: 0x00000E1C Val: 0x0000002A
In clock cycle: 133124
Register Write to Reg: 0x08 Val: 0x10010000
In clock cycle: 133125
Register Write to Reg: 0x08 Val: 0x00000E54
In clock cycle: 133126
Register Write to Reg: 0x05 Val: 0x0000002A
In clock cycle: 133126
Memory Write to Addr: 0x00000E38 Val: 0x0000002A
In clock cycle: 133127
Memory Write to Addr: 0x1000FFFC Val: 0x0000002A
In clock cycle: 133128
Memory Write to Addr: 0x00000E4C Val: 0x0000002A
In clock cycle: 133129
Memory Write to Addr: 0x00000E48 Val: 0x0000002A
In clock cycle: 133130
Memory Write to Addr: 0x00000E44 Val: 0x0000002A
In clock cycle: 133131
Memory Write to Addr: 0x00000E40 Val: 0x0000002A
In clock cycle: 133132
Memory Write to Addr: 0x00000E3C Val: 0x0000002A
In clock cycle: 133133
Memory Write to Addr: 0x00000E38 Val: 0x0000002A
In clock cycle: 134148
Register Write to Reg: 0x08 Val: 0x10010000
In clock cycle: 134149
Register Write to Reg: 0x08 Val: 0x00000E70
In clock cycle: 134150
Register Write to Reg: 0x05 Val: 0x0000002A
In clock cycle: 134150
Memory Write to Addr: 0x00000E54 Val: 0x0000002A
In clock cycle: 134151
Memory Write to Addr: 0x1000FFFC Val: 0x0000002A
In clock cycle: 134152
Memory Write to Addr: 0x00000E68 Val: 0x0000002A
In clock cycle: 134153
Memory Write to Addr: 0x00000E64 Val: 0x0000002A
In clock cycle: 134154
Memory Write to Addr: 0x00000E60 Val: 0x0000002A
In clock cycle: 134155
Memory Write to Addr: 0x00000E5C Val: 0x0000002A
In clock cycle: 134156
Memory Write to Addr: 0x00000E58 Val: 0x0000002A
In clock cycle: 134157
Memory Write to Addr: 0x00000E54 Val: 0x0000002A
In clock cycle: 135172
Register Write to Reg: 0x08 Val: 0x10010000
In clock cycle: 135173
Register Write to Reg: 0x08 Val: 0x00000E8C
In clock cycle: 135174
Register Write to Reg: 0x05 Val: 0x0000002A
In clock cycle: 135174
Memory Write to Addr: 0x00000E70 Val: 0x0000002A
In clock cycle: 135175
Memory Write to Addr: 0x1000FFFC Val: 0x0000002A
In clock cycle: 135176
Memory Write to Addr: 0x00000E84 Val: 0x0000002A
In clock cycle: 135177
Memory Write to Addr: 0x00000E80 Val: 0x0000002A
In clock cycle: 135178
Memory Write to Addr: 0x00000E7C Val: 0x0000002A
In clock cycle: 135179
Memory Write to Addr: 0x00000E78 Val: 0x0000002A
In clock cycle: 135180
Memory Write to Addr: 0x00000E74 Val: 0x0000002A
In clock cycle: 135181
Memory Write to Addr: 0x00000E70 Val: 0x0000002A
In clock cycle: 136196
Register Write to Reg: 0x08 Val: 0x10010000
In clock cycle: 136197
Register Write to Reg: 0x08 Val: 0x00000EA8
In clock cycle: 136198
Register Write to Reg: 0x05 Val: 0x0000002A
In clock cycle: 136198
Memory Write to Addr: 0x00000E8C Val: 0x0000002A
In clock cycle: 136199
Memory Write to Addr: 0x1000FFFC Val: 0x0000002A
In clock cycle: 136200
Memory Write to Addr: 0x00000EA0 Val: 0x0000002A
In clock cycle: 136201
Memory Write to Addr: 0x00000E9C Val: 0x0000002A
In clock cycle: 136202
Memory Write to Addr: 0x00000E98 Val: 0x0000002A
In clock cycle: 136203
Memory Write to Addr: 0x00000E94 Val: 0x0000002A
In clock cycle: 136204
Memory Write to Addr: 0x00000E90 Val: 0x0000002A
In clock cycle: 136205
Memory Write to Addr: 0x00000E8C Val: 0x0000002A
In clock cycle: 137220
Register Write to Reg: 0x08 Val: 0x10010000
In clock cycle: 137221
Register Write to Reg: 0x08 Val: 0x00000EC4
In clock cycle: 137222
Register Write to Reg: 0x05 Val: 0x0000002A
In clock cycle: 137222
Memory Write to Addr: 0x00000EA8 Val: 0x0000002A
In clock cycle: 137223
Memory Write to Addr: 0x1000FFFC Val: 0x0000002A
In clock cycle: 137224
Memory Write to Addr: 0x00000EBC Val: 0x0000002A
In clock cycle: 137225
Memory Write to Addr: 0x00000EB8 Val: 0x0000002A
In clock cycle: 137226
Memory Write to Addr: 0x00000EB4 Val: 0x0000002A
In clock cycle: 137227
Memory Write to Addr: 0x00000EB0 Val: 0x0000002A
In clock cycle: 137228
Memory Write to Addr: 0x00000EAC Val: 0x0000002A
In clock cycle: 137229
Memory Write to Addr: 0x00000EA8 Val: 0x0000002A
In clock cycle: 138244
Register Write to Reg: 0x08 Val: 0x10010000
In clock cycle: 138245
Register Write to Reg: 0x08 Val: 0x00000EE0
In clock cycle: 138246
Register Write to Reg: 0x05 Val: 0x0000002A
In clock cycle: 138246
Memory Write to Addr: 0x00000EC4 Val: 0x0000002A
In clock cycle: 138247
Memory Write to Addr: 0x1000FFFC Val: 0x0000002A
In clock cycle: 138248
Memory Write to Addr: 0x00000ED8 Val: 0x0000002A
In clock cycle: 138249
Memory Write to Addr: 0x00000ED4 Val: 0x0000002A
In clock cycle: 138250
Memory Write to Addr: 0x00000ED0 Val: 0x0000002A
In clock cycle: 138251
Memory Write to Addr: 0x00000ECC Val: 0x0000002A
In clock cycle: 138252
Memory Write to Addr: 0x00000EC8 Val: 0x0000002A
In clock cycle: 138253
Memory Write to Addr: 0x00000EC4 Val: 0x0000002A
In clock cycle: 139268
Register Write to Reg: 0x08 Val: 0x10010000
In clock cycle: 139269
Register Write to Reg: 0x08 Val: 0x00000EFC
In clock cycle: 139270
Register Write to Reg: 0x05 Val: 0x0000002A
In clock cycle: 139270
Memory Write to Addr: 0x00000EE0 Val: 0x0000002A
In clock cycle: 139271
Memory Write to Addr: 0x1000FFFC Val: 0x0000002A
In clock cycle: 139272
Memory Write to Addr: 0x00000EF4 Val: 0x0000002A
In clock cycle: 139273
Memory Write to Addr: 0x00000EF0 Val: 0x0000002A
In clock cycle: 139274
Memory Write to Addr: 0x00000EEC Val: 0x0000002A
In clock cycle: 139275
Memory Write to Addr: 0x00000EE8 Val: 0x0000002A
In clock cycle: 139276
Memory Write to Addr: 0x00000EE4 Val: 0x0000002A
In clock cycle: 139277
Memory Write to Addr: 0x00000EE0 Val: 0x0000002A
In clock cycle: 140292
Register Write to Reg: 0x08 Val: 0x10010000
In clock cycle: 140293
Register Write to Reg: 0x08 Val: 0x00000F18
In clock cycle: 140294
Register Write to Reg: 0x05 Val: 0x0000002A
In clock cycle: 140294
Memory Write to Addr: 0x00000EFC Val: 0x0000002A
In clock cycle: 140295
Memory Write to Addr: 0x1000FFFC Val: 0x0000002A
In clock cycle: 140296
Memory Write to Addr: 0x00000F10 Val: 0x0000002A
In clock cycle: 140297
Memory Write to Addr: 0x00000F0C Val: 0x0000002A
In clock cycle: 140298
Memory Write to Addr: 0x00000F08 Val: 0x0000002A
In clock cycle: 140299
Memory Write to Addr: 0x00000F04 Val: 0x0000002A
In clock cycle: 140300
Memory Write to Addr: 0x00000F00 Val: 0x0000002A
In clock cycle: 140301
Memory Write to Addr: 0x00000EFC Val: 0x0000002A
In clock cycle: 141316
Register Write to Reg: 0x08 Val: 0x10010000
In clock cycle: 141317
Register Write to Reg: 0x08 Val: 0x00000F34
In clock cycle: 141318
Register Write to Reg: 0x05 Val: 0x0000002A
In clock cycle: 141318
Memory Write to Addr: 0x00000F18 Val: 0x0000002A
In clock cycle: 141319
Memory Write to Addr: 0x1000FFFC Val: 0x0000002A
In clock cycle: 141320
Memory Write to Addr: 0x00000F2C Val: 0x0000002A
In clock cycle: 141321
Memory Write to Addr: 0x00000F28 Val: 0x0000002A
In clock cycle: 141322
Memory Write to Addr: 0x00000F24 Val: 0x0000002A
In clock cycle: 141323
Memory Write to Addr: 0x00000F20 Val: 0x0000002A
In clock cycle: 141324
Memory Write to Addr: 0x00000F1C Val: 0x0000002A
In clock cycle: 141325
Memory Write to Addr: 0x00000F18 Val: 0x0000002A
In clock cycle: 142340
Register Write to Reg: 0x08 Val: 0x10010000
In clock cycle: 142341
Register Write to Reg: 0x08 Val: 0x00000F50
In clock cycle: 142342
Register Write to Reg: 0x05 Val: 0x0000002A
In clock cycle: 142342
Memory Write to Addr: 0x00000F34 Val: 0x0000002A
In clock cycle: 142343
Memory Write to Addr: 0x1000FFFC Val: 0x0000002A
In clock cycle: 142344
Memory Write to Addr: 0x00000F48 Val: 0x0000002A
In clock cycle: 142345
Memory Write to Addr: 0x00000F44 Val: 0x0000002A
In clock cycle: 142346
Memory Write to Addr: 0x00000F40 Val: 0x0000002A
In clock cycle: 142347
Memory Write to Addr: 0x00000F3C Val: 0x0000002A
In clock cycle: 142348
Memory Write to Addr: 0x00000F38 Val: 0x0000002A
In clock cycle: 142349
Memory Write to Addr: 0x00000F34 Val: 0x0000002A
In clock cycle: 143364
Register Write to Reg: 0x08 Val: 0x10010000
In clock cycle: 143365
Register Write to Reg: 0x08 Val: 0x00000F6C
In clock cycle: 143366
Register Write to Reg: 0x05 Val: 0x0000002A
In clock cycle: 143366
Memory Write to Addr: 0x00000F50 Val: 0x0000002A
In clock cycle: 143367
Memory Write to Addr: 0x1000FFFC Val: 0x0000002A
In clock cycle: 143368
Memory Write to Addr: 0x00000F64 Val: 0x0000002A
In clock cycle: 143369
Memory Write to Addr: 0x00000F60 Val: 0x0000002A
In clock cycle: 143370
Memory Write to Addr: 0x00000F5C Val: 0x0000002A
In clock cycle: 143371
Memory Write to Addr: 0x00000F58 Val: 0x0000002A
In clock cycle: 143372
Memory Write to Addr: 0x00000F54 Val: 0x0000002A
In clock cycle: 143373
Memory Write to Addr: 0x00000F50 Val: 0x0000002A
In clock cycle: 144388
Register Write to Reg: 0x08 Val: 0x10010000
In clock cycle: 144389
Register Write to Reg: 0x08 Val: 0x00000F88
In clock cycle: 144390
Register Write to Reg: 0x05 Val: 0x0000002A
In clock cycle: 144390
Memory Write to Addr: 0x00000F6C Val: 0x0000002A
In clock cycle: 144391
Memory Write to Addr: 0x1000FFFC Val: 0x0000002A
In clock cycle: 144392
Memory Write to Addr: 0x00000F80 Val: 0x0000002A
In clock cycle: 144393
Memory Write to Addr: 0x00000F7C Val: 0x0000002A
In clock cycle: 144394
Memory Write to Addr: 0x00000F78 Val: 0x0000002A
In clock cycle: 144395
Memory Write to Addr: 0x00000F74 Val: 0x0000002A
In clock cycle: 144396
Memory Write to Addr: 0x00000F70 Val: 0x0000002A
In clock cycle: 144397
Memory Write to Addr: 0x00000F6C Val: 0x0000002A
In clock cycle: 145412
Register Write to Reg: 0x08 Val: 0x10010000
In clock cycle: 145413
Register Write to Reg: 0x08 Val: 0x00000FA4
In clock cycle: 145414
Register Write to Reg: 0x05 Val: 0x0000002A
In clock cycle: 145414
Memory Write to Addr: 0x00000F88 Val: 0x0000002A
In clock cycle: 145415
Memory Write to Addr: 0x1000FFFC Val: 0x0000002A
In clock cycle: 145416
Memory Write to Addr: 0x00000F9C Val: 0x0000002A
In clock cycle: 145417
Memory Write to Addr: 0x00000F98 Val: 0x0000002A
In clock cycle: 145418
Memory Write to Addr: 0x00000F94 Val: 0x0000002A
In clock cycle: 145419
Memory Write to Addr: 0x00000F90 Val: 0x0000002A
In clock cycle: 145420
Memory Write to Addr: 0x00000F8C Val: 0x0000002A
In clock cycle: 145421
Memory Write to Addr: 0x00000F88 Val: 0x0000002A
In clock cycle: 146436
Register Write to Reg: 0x08 Val: 0x10010000
In clock cycle: 146437
Register Write to Reg: 0x08 Val: 0x00000FC0
In clock cycle: 146438
Register Write to Reg: 0x05 Val: 0x0000002A
In clock cycle: 146438
Memory Write to Addr: 0x00000FA4 Val: 0x0000002A
In clock cycle: 146439
Memory Write to Addr: 0x1000FFFC Val: 0x0000002A
In clock cycle: 146440
Memory Write to Addr: 0x00000FB8 Val: 0x0000002A
In clock cycle: 146441
Memory Write to Addr: 0x00000FB4 Val: 0x0000002A
In clock cycle: 146442
Memory Write to Addr: 0x00000FB0 Val: 0x0000002A
In clock cycle: 146443
Memory Write to Addr: 0x00000FAC Val: 0x0000002A
In clock cycle: 146444
Memory Write to Addr: 0x00000FA8 Val: 0x0000002A
In clock cycle: 146445
Memory Write to Addr: 0x00000FA4 Val: 0x0000002A
In clock cycle: 147460
Register Write to Reg: 0x08 Val: 0x10010000
In clock cycle: 147461
Register Write to Reg: 0x08 Val: 0x00000FDC
In clock cycle: 147462
Register Write to Reg: 0x05 Val: 0x0000002A
In clock cycle: 147462
Memory Write to Addr: 0x00000FC0 Val: 0x0000002A
In clock cycle: 147463
Memory Write to Addr: 0x1000FFFC Val: 0x0000002A
In clock cycle: 147464
Memory Write to Addr: 0x00000FD4 Val: 0x0000002A
In clock cycle: 147465
Memory Write to Addr: 0x00000FD0 Val: 0x0000002A
In clock cycle: 147466
Memory Write to Addr: 0x00000FCC Val: 0x0000002A
In clock cycle: 147467
Memory Write to Addr: 0x00000FC8 Val: 0x0000002A
In clock cycle: 147468
Memory Write to Addr: 0x00000FC4 Val: 0x0000002A
In clock cycle: 147469
Memory Write to Addr: 0x00000FC0 Val: 0x0000002A
In clock cycle: 148484
Register Write to Reg: 0x08 Val: 0x10010000
In clock cycle: 148485
Register Write to Reg: 0x08 Val: 0x00000FF8
In clock cycle: 148486
Register Write to Reg: 0x05 Val: 0x0000002A
In clock cycle: 148486
Memory Write to Addr: 0x00000FDC Val: 0x0000002A
In clock cycle: 148487
Memory Write to Addr: 0x1000FFFC Val: 0x0000002A
In clock cycle: 148488
Memory Write to Addr: 0x00000FF0 Val: 0x0000002A
In clock cycle: 148489
Memory Write to Addr: 0x00000FEC Val: 0x0000002A
In clock cycle: 148490
Memory Write to Addr: 0x00000FE8 Val: 0x0000002A
In clock cycle: 148491
Memory Write to Addr: 0x00000FE4 Val: 0x0000002A
In clock cycle: 148492
Memory Write to Addr: 0x00000FE0 Val: 0x0000002A
In clock cycle: 148493
Memory Write to Addr: 0x00000FDC Val: 0x0000002A
In clock cycle: 149508
Register Write to Reg: 0x08 Val: 0x10010000
In clock cycle: 149509
Register Write to Reg: 0x08 Val: 0x00001014
In clock cycle: 149510
Register Write to Reg: 0x05 Val: 0x0000002A
In clock cycle: 149510
Memory Write to Addr: 0x00000FF8 Val: 0x0000002A
In clock cycle: 149511
Memory Write to Addr: 0x1000FFFC Val: 0x0000002A
In clock cycle: 149512
Memory Write to Addr: 0x0000100C Val: 0x0000002A
In clock cycle: 149513
Memory Write to Addr: 0x00001008 Val: 0x0000002A
In clock cycle: 149514
Memory Write to Addr: 0x00001004 Val: 0x0000002A
In clock cycle: 149515
Memory Write to Addr: 0x00001000 Val: 0x0000002A
In clock cycle: 149516
Memory Write to Addr: 0x00000FFC Val: 0x0000002A
In clock cycle: 149517
Memory Write to Addr: 0x00000FF8 Val: 0x0000002A
In clock cycle: 150532
Register Write to Reg: 0x08 Val: 0x10010000
In clock cycle: 150533
Register Write to Reg: 0x08 Val: 0x00001030
In clock cycle: 150534
Register Write to Reg: 0x05 Val: 0x0000002A
In clock cycle: 150534
Memory Write to Addr: 0x00001014 Val: 0x0000002A
In clock cycle: 150535
Memory Write to Addr: 0x1000FFFC Val: 0x0000002A
In clock cycle: 150536
Memory Write to Addr: 0x00001028 Val: 0x0000002A
In clock cycle: 150537
Memory Write to Addr: 0x00001024 Val: 0x0000002A
In clock cycle: 150538
Memory Write to Addr: 0x00001020 Val: 0x0000002A
In clock cycle: 150539
Memory Write to Addr: 0x0000101C Val: 0x0000002A
In clock cycle: 150540
Memory Write to Addr: 0x00001018 Val: 0x0000002A
In clock cycle: 150541
Memory Write to Addr: 0x00001014 Val: 0x0000002A
In clock cycle: 151556
Register Write to Reg: 0x08 Val: 0x10010000
In clock cycle: 151557
Register Write to Reg: 0x08 Val: 0x0000104C
In clock cycle: 151558
Register Write to Reg: 0x05 Val: 0x0000002A
In clock cycle: 151558
Memory Write to Addr: 0x00001030 Val: 0x0000002A
In clock cycle: 151559
Memory Write to Addr: 0x1000FFFC Val: 0x0000002A
In clock cycle: 151560
Memory Write to Addr: 0x00001044 Val: 0x0000002A
In clock cycle: 151561
Memory Write to Addr: 0x00001040 Val: 0x0000002A
In clock cycle: 151562
Memory Write to Addr: 0x0000103C Val: 0x0000002A
In clock cycle: 151563
Memory Write to Addr: 0x00001038 Val: 0x0000002A
In clock cycle: 151564
Memory Write to Addr: 0x00001034 Val: 0x0000002A
In clock cycle: 151565
Memory Write to Addr: 0x00001030 Val: 0x0000002A
In clock cycle: 152580
Register Write to Reg: 0x08 Val: 0x10010000
In clock cycle: 152581
Register Write to Reg: 0x08 Val: 0x00001068
In clock cycle: 152582
Register Write to Reg: 0x05 Val: 0x0000002A
In clock cycle: 152582
Memory Write to Addr: 0x0000104C Val: 0x0000002A
In clock cycle: 152583
Memory Write to Addr: 0x1000FFFC Val: 0x0000002A
In clock cycle: 152584
Memory Write to Addr: 0x00001060 Val: 0x0000002A
In clock cycle: 152585
Memory Write to Addr: 0x0000105C Val: 0x0000002A
In clock cycle: 152586
Memory Write to Addr: 0x00001058 Val: 0x0000002A
In clock cycle: 152587
Memory Write to Addr: 0x00001054 Val: 0x0000002A
In clock cycle: 152588
Memory Write to Addr: 0x00001050 Val: 0x0000002A
In clock cycle: 152589
Memory Write to Addr: 0x0000104C Val: 0x0000002A
In clock cycle: 153604
Register Write to Reg: 0x08 Val: 0x10010000
In clock cycle: 153605
Register Write to Reg: 0x08 Val: 0x00001084
In clock cycle: 153606
Register Write to Reg: 0x05 Val: 0x0000002A
In clock cycle: 153606
Memory Write to Addr: 0x00001068 Val: 0x0000002A
In clock cycle: 153607
Memory Write to Addr: 0x1000FFFC Val: 0x0000002A
In clock cycle: 153608
Memory Write to Addr: 0x0000107C Val: 0x0000002A
In clock cycle: 153609
Memory Write to Addr: 0x00001078 Val: 0x0000002A
In clock cycle: 153610
Memory Write to Addr: 0x00001074 Val: 0x0000002A
In clock cycle: 153611
Memory Write to Addr: 0x00001070 Val: 0x0000002A
In clock cycle: 153612
Memory Write to Addr: 0x0000106C Val: 0x0000002A
In clock cycle: 153613
Memory Write to Addr: 0x00001068 Val: 0x0000002A
In clock cycle: 154628
Register Write to Reg: 0x08 Val: 0x10010000
In clock cycle: 154629
Register Write to Reg: 0x08 Val: 0x000010A0
In clock cycle: 154630
Register Write to Reg: 0x05 Val: 0x0000002A
In clock cycle: 154630
Memory Write to Addr: 0x00001084 Val: 0x0000002A
In clock cycle: 154631
Memory Write to Addr: 0x1000FFFC Val: 0x0000002A
In clock cycle: 154632
Memory Write to Addr: 0x00001098 Val: 0x0000002A
In clock cycle: 154633
Memory Write to Addr: 0x00001094 Val: 0x0000002A
In clock cycle: 154634
Memory Write to Addr: 0x00001090 Val: 0x0000002A
In clock cycle: 154635
Memory Write to Addr: 0x0000108C Val: 0x0000002A
In clock cycle: 154636
Memory Write to Addr: 0x00001088 Val: 0x0000002A
In clock cycle: 154637
Memory Write to Addr: 0x00001084 Val: 0x0000002A
In clock cycle: 155652
Register Write to Reg: 0x08 Val: 0x10010000
In clock cycle: 155653
Register Write to Reg: 0x08 Val: 0x000010BC
In clock cycle: 155654
Register Write to Reg: 0x05 Val: 0x0000002A
In clock cycle: 155654
Memory Write to Addr: 0x000010A0 Val: 0x0000002A
In clock cycle: 155655
Memory Write to Addr: 0x1000FFFC Val: 0x0000002A
In clock cycle: 155656
Memory Write to Addr: 0x000010B4 Val: 0x0000002A
In clock cycle: 155657
Memory Write to Addr: 0x000010B0 Val: 0x0000002A
In clock cycle: 155658
Memory Write to Addr: 0x000010AC Val: 0x0000002A
In clock cycle: 155659
Memory Write to Addr: 0x000010A8 Val: 0x0000002A
In clock cycle: 155660
Memory Write to Addr: 0x000010A4 Val: 0x0000002A
In clock cycle: 155661
Memory Write to Addr: 0x000010A0 Val: 0x0000002A
In clock cycle: 156676
Register Write to Reg: 0x08 Val: 0x10010000
In clock cycle: 156677
Register Write to Reg: 0x08 Val: 0x000010D8
In clock cycle: 156678
Register Write to Reg: 0x05 Val: 0x0000002A
In clock cycle: 156678
Memory Write to Addr: 0x000010BC Val: 0x0000002A
In clock cycle: 156679
Memory Write to Addr: 0x1000FFFC Val: 0x0000002A
In clock cycle: 156680
Memory Write to Addr: 0x000010D0 Val: 0x0000002A
In clock cycle: 156681
Memory Write to Addr: 0x000010CC Val: 0x0000002A
In clock cycle: 156682
Memory Write to Addr: 0x000010C8 Val: 0x0000002A
In clock cycle: 156683
Memory Write to Addr: 0x000010C4 Val: 0x0000002A
In clock cycle: 156684
Memory Write to Addr: 0x000010C0 Val: 0x0000002A
In clock cycle: 156685
Memory Write to Addr: 0x000010BC Val: 0x0000002A
In clock cycle: 157700
Register Write to Reg: 0x08 Val: 0x10010000
In clock cycle: 157701
Register Write to Reg: 0x08 Val: 0x000010F4
In clock cycle: 157702
Register Write to Reg: 0x05 Val: 0x0000002A
In clock cycle: 157702
Memory Write to Addr: 0x000010D8 Val: 0x0000002A
In clock cycle: 157703
Memory Write to Addr: 0x1000FFFC Val: 0x0000002A
In clock cycle: 157704
Memory Write to Addr: 0x000010EC Val: 0x0000002A
In clock cycle: 157705
Memory Write to Addr: 0x000010E8 Val: 0x0000002A
In clock cycle: 157706
Memory Write to Addr: 0x000010E4 Val: 0x0000002A
In clock cycle: 157707
Memory Write to Addr: 0x000010E0 Val: 0x0000002A
In clock cycle: 157708
Memory Write to Addr: 0x000010DC Val: 0x0000002A
In clock cycle: 157709
Memory Write to Addr: 0x000010D8 Val: 0x0000002A
In clock cycle: 158724
Register Write to Reg: 0x08 Val: 0x10010000
In clock cycle: 158725
Register Write to Reg: 0x08 Val: 0x00001110
In clock cycle: 158726
Register Write to Reg: 0x05 Val: 0x0000002A
In clock cycle: 158726
Memory Write to Addr: 0x000010F4 Val: 0x0000002A
In clock cycle: 158727
Memory Write to Addr: 0x1000FFFC Val: 0x0000002A
In clock cycle: 158728
Memory Write to Addr: 0x00001108 Val: 0x0000002A
In clock cycle: 158729
Memory Write to Addr: 0x00001104 Val: 0x0000002A
In clock cycle: 158730
Memory Write to Addr: 0x00001100 Val: 0x0000002A
In clock cycle: 158731
Memory Write to Addr: 0x000010FC Val: 0x0000002A
In clock cycle: 158732
Memory Write to Addr: 0x000010F8 Val: 0x0000002A
In clock cycle: 158733
Memory Write to Addr: 0x000010F4 Val: 0x0000002A
In clock cycle: 159748
Register Write to Reg: 0x08 Val: 0x10010000
In clock cycle: 159749
Register Write to Reg: 0x08 Val: 0x0000112C
In clock cycle: 159750
Register Write to Reg: 0x05 Val: 0x0000002A
In clock cycle: 159750
Memory Write to Addr: 0x00001110 Val: 0x0000002A
In clock cycle: 159751
Memory Write to Addr: 0x1000FFFC Val: 0x0000002A
In clock cycle: 159752
Memory Write to Addr: 0x00001124 Val: 0x0000002A
In clock cycle: 159753
Memory Write to Addr: 0x00001120 Val: 0x0000002A
In clock cycle: 159754
Memory Write to Addr: 0x0000111C Val: 0x0000002A
In clock cycle: 159755
Memory Write to Addr: 0x00001118 Val: 0x0000002A
In clock cycle: 159756
Memory Write to Addr: 0x00001114 Val: 0x0000002A
In clock cycle: 159757
Memory Write to Addr: 0x00001110 Val: 0x0000002A
In clock cycle: 160772
Register Write to Reg: 0x08 Val: 0x10010000
In clock cycle: 160773
Register Write to Reg: 0x08 Val: 0x00001148
In clock cycle: 160774
Register Write to Reg: 0x05 Val: 0x0000002A
In clock cycle: 160774
Memory Write to Addr: 0x0000112C Val: 0x0000002A
In clock cycle: 160775
Memory Write to Addr: 0x1000FFFC Val: 0x0000002A
In clock cycle: 160776
Memory Write to Addr: 0x00001140 Val: 0x0000002A
In clock cycle: 160777
Memory Write to Addr: 0x0000113C Val: 0x0000002A
In clock cycle: 160778
Memory Write to Addr: 0x00001138 Val: 0x0000002A
In clock cycle: 160779
Memory Write to Addr: 0x00001134 Val: 0x0000002A
In clock cycle: 160780
Memory Write to Addr: 0x00001130 Val: 0x0000002A
In clock cycle: 160781
Memory Write to Addr: 0x0000112C Val: 0x0000002A
In clock cycle: 161796
Register Write to Reg: 0x08 Val: 0x10010000
In clock cycle: 161797
Register Write to Reg: 0x08 Val: 0x00001164
In clock cycle: 161798
Register Write to Reg: 0x05 Val: 0x0000002A
In clock cycle: 161798
Memory Write to Addr: 0x00001148 Val: 0x0000002A
In clock cycle: 161799
Memory Write to Addr: 0x1000FFFC Val: 0x0000002A
In clock cycle: 161800
Memory Write to Addr: 0x0000115C Val: 0x0000002A
In clock cycle: 161801
Memory Write to Addr: 0x00001158 Val: 0x0000002A
In clock cycle: 161802
Memory Write to Addr: 0x00001154 Val: 0x0000002A
In clock cycle: 161803
Memory Write to Addr: 0x00001150 Val: 0x0000002A
In clock cycle: 161804
Memory Write to Addr: 0x0000114C Val: 0x0000002A
In clock cycle: 161805
Memory Write to Addr: 0x00001148 Val: 0x0000002A
In clock cycle: 162820
Register Write to Reg: 0x08 Val: 0x10010000
In clock cycle: 162821
Register Write to Reg: 0x08 Val: 0x00001180
In clock cycle: 162822
Register Write to Reg: 0x05 Val: 0x0000002A
In clock cycle: 162822
Memory Write to Addr: 0x00001164 Val: 0x0000002A
In clock cycle: 162823
Memory Write to Addr: 0x1000FFFC Val: 0x0000002A
In clock cycle: 162824
Memory Write to Addr: 0x00001178 Val: 0x0000002A
In clock cycle: 162825
Memory Write to Addr: 0x00001174 Val: 0x0000002A
In clock cycle: 162826
Memory Write to Addr: 0x00001170 Val: 0x0000002A
In clock cycle: 162827
Memory Write to Addr: 0x0000116C Val: 0x0000002A
In clock cycle: 162828
Memory Write to Addr: 0x00001168 Val: 0x0000002A
In clock cycle: 162829
Memory Write to Addr: 0x00001164 Val: 0x0000002A
In clock cycle: 163844
Register Write to Reg: 0x08 Val: 0x10010000
In clock cycle: 163845
Register Write to Reg: 0x08 Val: 0x0000119C
In clock cycle: 163846
Register Write to Reg: 0x05 Val: 0x0000002A
In clock cycle: 163846
Memory Write to Addr: 0x00001180 Val: 0x0000002A
In clock cycle: 163847
Memory Write to Addr: 0x1000FFFC Val: 0x0000002A
In clock cycle: 163848
Memory Write to Addr: 0x00001194 Val: 0x0000002A
In clock cycle: 163849
Memory Write to Addr: 0x00001190 Val: 0x0000002A
In clock cycle: 163850
Memory Write to Addr: 0x0000118C Val: 0x0000002A
In clock cycle: 163851
Memory Write to Addr: 0x00001188 Val: 0x0000002A
In clock cycle: 163852
Memory Write to Addr: 0x00001184 Val: 0x0000002A
In clock cycle: 163853
Memory Write to Addr: 0x00001180 Val: 0x0000002A
In clock cycle: 164868
Register Write to Reg: 0x08 Val: 0x10010000
In clock cycle: 164869
Register Write to Reg: 0x08 Val: 0x000011B8
In clock cycle: 164870
Register Write to Reg: 0x05 Val: 0x0000002A
In clock cycle: 164870
Memory Write to Addr: 0x0000119C Val: 0x0000002A
In clock cycle: 164871
Memory Write to Addr: 0x1000FFFC Val: 0x0000002A
In clock cycle: 164872
Memory Write to Addr: 0x000011B0 Val: 0x0000002A
In clock cycle: 164873
Memory Write to Addr: 0x000011AC Val: 0x0000002A
In clock cycle: 164874
Memory Write to Addr: 0x000011A8 Val: 0x0000002A
In clock cycle: 164875
Memory Write to Addr: 0x000011A4 Val: 0x0000002A
In clock cycle: 164876
Memory Write to Addr: 0x000011A0 Val: 0x0000002A
In clock cycle: 164877
Memory Write to Addr: 0x0000119C Val: 0x0000002A
In clock cycle: 165892
Register Write to Reg: 0x08 Val: 0x10010000
In clock cycle: 165893
Register Write to Reg: 0x08 Val: 0x000011D4
In clock cycle: 165894
Register Write to Reg: 0x05 Val: 0x0000002A
In clock cycle: 165894
Memory Write to Addr: 0x000011B8 Val: 0x0000002A
In clock cycle: 165895
Memory Write to Addr: 0x1000FFFC Val: 0x0000002A
In clock cycle: 165896
Memory Write to Addr: 0x000011CC Val: 0x0000002A
In clock cycle: 165897
Memory Write to Addr: 0x000011C8 Val: 0x0000002A
In clock cycle: 165898
Memory Write to Addr: 0x000011C4 Val: 0x0000002A
In clock cycle: 165899
Memory Write to Addr: 0x000011C0 Val: 0x0000002A
In clock cycle: 165900
Memory Write to Addr: 0x000011BC Val: 0x0000002A
In clock cycle: 165901
Memory Write to Addr: 0x000011B8 Val: 0x0000002A
In clock cycle: 166916
Register Write to Reg: 0x08 Val: 0x10010000
In clock cycle: 166917
Register Write to Reg: 0x08 Val: 0x000011F0
In clock cycle: 166918
Register Write to Reg: 0x05 Val: 0x0000002A
In clock cycle: 166918
Memory Write to Addr: 0x000011D4 Val: 0x0000002A
In clock cycle: 166919
Memory Write to Addr: 0x1000FFFC Val: 0x0000002A
In clock cycle: 166920
Memory Write to Addr: 0x000011E8 Val: 0x0000002A
In clock cycle: 166921
Memory Write to Addr: 0x000011E4 Val: 0x0000002A
In clock cycle: 166922
Memory Write to Addr: 0x000011E0 Val: 0x0000002A
In clock cycle: 166923
Memory Write to Addr: 0x000011DC Val: 0x0000002A
In clock cycle: 166924
Memory Write to Addr: 0x000011D8 Val: 0x0000002A
In clock cycle: 166925
Memory Write to Addr: 0x000011D4 Val: 0x0000002A
In clock cycle: 167940
Register Write to Reg: 0x08 Val: 0x10010000
In clock cycle: 167941
Register Write to Reg: 0x08 Val: 0x0000120C
In clock cycle: 167942
Register Write to Reg: 0x05 Val: 0x0000002A
In clock cycle: 167942
Memory Write to Addr: 0x000011F0 Val: 0x0000002A
In clock cycle: 167943
Memory Write to Addr: 0x1000FFFC Val: 0x0000002A
In clock cycle: 167944
Memory Write to Addr: 0x00001204 Val: 0x0000002A
In clock cycle: 167945
Memory Write to Addr: 0x00001200 Val: 0x0000002A
In clock cycle: 167946
Memory Write to Addr: 0x000011FC Val: 0x0000002A
In clock cycle: 167947
Memory Write to Addr: 0x000011F8 Val: 0x0000002A
In clock cycle: 167948
Memory Write to Addr: 0x000011F4 Val: 0x0000002A
In clock cycle: 167949
Memory Write to Addr: 0x000011F0 Val: 0x0000002A
In clock cycle: 168964
Register Write to Reg: 0x08 Val: 0x10010000
In clock cycle: 168965
Register Write to Reg: 0x08 Val: 0x00001228
In clock cycle: 168966
Register Write to Reg: 0x05 Val: 0x0000002A
In clock cycle: 168966
Memory Write to Addr: 0x0000120C Val: 0x0000002A
In clock cycle: 168967
Memory Write to Addr: 0x1000FFFC Val: 0x0000002A
In clock cycle: 168968
Memory Write to Addr: 0x00001220 Val: 0x0000002A
In clock cycle: 168969
Memory Write to Addr: 0x0000121C Val: 0x0000002A
In clock cycle: 168970
Memory Write to Addr: 0x00001218 Val: 0x0000002A
In clock cycle: 168971
Memory Write to Addr: 0x00001214 Val: 0x0000002A
In clock cycle: 168972
Memory Write to Addr: 0x00001210 Val: 0x0000002A
In clock cycle: 168973
Memory Write to Addr: 0x0000120C Val: 0x0000002A
In clock cycle: 169988
Register Write to Reg: 0x08 Val: 0x10010000
In clock cycle: 169989
Register Write to Reg: 0x08 Val: 0x00001244
In clock cycle: 169990
Register Write to Reg: 0x05 Val: 0x0000002A
In clock cycle: 169990
Memory Write to Addr: 0x00001228 Val: 0x0000002A
In clock cycle: 169991
Memory Write to Addr: 0x1000FFFC Val: 0x0000002A
In clock cycle: 169992
Memory Write to Addr: 0x0000123C Val: 0x0000002A
In clock cycle: 169993
Memory Write to Addr: 0x00001238 Val: 0x0000002A
In clock cycle: 169994
Memory Write to Addr: 0x00001234 Val: 0x0000002A
In clock cycle: 169995
Memory Write to Addr: 0x00001230 Val: 0x0000002A
In clock cycle: 169996
Memory Write to Addr: 0x0000122C Val: 0x0000002A
In clock cycle: 169997
Memory Write to Addr: 0x00001228 Val: 0x0000002A
In clock cycle: 171012
Register Write to Reg: 0x08 Val: 0x10010000
In clock cycle: 171013
Register Write to Reg: 0x08 Val: 0x00001260
In clock cycle: 171014
Register Write to Reg: 0x05 Val: 0x0000002A
In clock cycle: 171014
Memory Write to Addr: 0x00001244 Val: 0x0000002A
In clock cycle: 171015
Memory Write to Addr: 0x1000FFFC Val: 0x0000002A
In clock cycle: 171016
Memory Write to Addr: 0x00001258 Val: 0x0000002A
In clock cycle: 171017
Memory Write to Addr: 0x00001254 Val: 0x0000002A
In clock cycle: 171018
Memory Write to Addr: 0x00001250 Val: 0x0000002A
In clock cycle: 171019
Memory Write to Addr: 0x0000124C Val: 0x0000002A
In clock cycle: 171020
Memory Write to Addr: 0x00001248 Val: 0x0000002A
In clock cycle: 171021
Memory Write to Addr: 0x00001244 Val: 0x0000002A
In clock cycle: 172036
Register Write to Reg: 0x08 Val: 0x10010000
In clock cycle: 172037
Register Write to Reg: 0x08 Val: 0x0000127C
In clock cycle: 172038
Register Write to Reg: 0x05 Val: 0x0000002A
In clock cycle: 172038
Memory Write to Addr: 0x00001260 Val: 0x0000002A
In clock cycle: 172039
Memory Write to Addr: 0x1000FFFC Val: 0x0000002A
In clock cycle: 172040
Memory Write to Addr: 0x00001274 Val: 0x0000002A
In clock cycle: 172041
Memory Write to Addr: 0x00001270 Val: 0x0000002A
In clock cycle: 172042
Memory Write to Addr: 0x0000126C Val: 0x0000002A
In clock cycle: 172043
Memory Write to Addr: 0x00001268 Val: 0x0000002A
In clock cycle: 172044
Memory Write to Addr: 0x00001264 Val: 0x0000002A
In clock cycle: 172045
Memory Write to Addr: 0x00001260 Val: 0x0000002A
In clock cycle: 173060
Register Write to Reg: 0x08 Val: 0x10010000
In clock cycle: 173061
Register Write to Reg: 0x08 Val: 0x00001298
In clock cycle: 173062
Register Write to Reg: 0x05 Val: 0x0000002A
In clock cycle: 173062
Memory Write to Addr: 0x0000127C Val: 0x0000002A
In clock cycle: 173063
Memory Write to Addr: 0x1000FFFC Val: 0x0000002A
In clock cycle: 173064
Memory Write to Addr: 0x00001290 Val: 0x0000002A
In clock cycle: 173065
Memory Write to Addr: 0x0000128C Val: 0x0000002A
In clock cycle: 173066
Memory Write to Addr: 0x00001288 Val: 0x0000002A
In clock cycle: 173067
Memory Write to Addr: 0x00001284 Val: 0x0000002A
In clock cycle: 173068
Memory Write to Addr: 0x00001280 Val: 0x0000002A
In clock cycle: 173069
Memory Write to Addr: 0x0000127C Val: 0x0000002A
In clock cycle: 174084
Register Write to Reg: 0x08 Val: 0x10010000
In clock cycle: 174085
Register Write to Reg: 0x08 Val: 0x000012B4
In clock cycle: 174086
Register Write to Reg: 0x05 Val: 0x0000002A
In clock cycle: 174086
Memory Write to Addr: 0x00001298 Val: 0x0000002A
In clock cycle: 174087
Memory Write to Addr: 0x1000FFFC Val: 0x0000002A
In clock cycle: 174088
Memory Write to Addr: 0x000012AC Val: 0x0000002A
In clock cycle: 174089
Memory Write to Addr: 0x000012A8 Val: 0x0000002A
In clock cycle: 174090
Memory Write to Addr: 0x000012A4 Val: 0x0000002A
In clock cycle: 174091
Memory Write to Addr: 0x000012A0 Val: 0x0000002A
In clock cycle: 174092
Memory Write to Addr: 0x0000129C Val: 0x0000002A
In clock cycle: 174093
Memory Write to Addr: 0x00001298 Val: 0x0000002A
In clock cycle: 175108
Register Write to Reg: 0x08 Val: 0x10010000
In clock cycle: 175109
Register Write to Reg: 0x08 Val: 0x000012D0
In clock cycle: 175110
Register Write to Reg: 0x05 Val: 0x0000002A
In clock cycle: 175110
Memory Write to Addr: 0x000012B4 Val: 0x0000002A
In clock cycle: 175111
Memory Write to Addr: 0x1000FFFC Val: 0x0000002A
In clock cycle: 175112
Memory Write to Addr: 0x000012C8 Val: 0x0000002A
In clock cycle: 175113
Memory Write to Addr: 0x000012C4 Val: 0x0000002A
In clock cycle: 175114
Memory Write to Addr: 0x000012C0 Val: 0x0000002A
In clock cycle: 175115
Memory Write to Addr: 0x000012BC Val: 0x0000002A
In clock cycle: 175116
Memory Write to Addr: 0x000012B8 Val: 0x0000002A
In clock cycle: 175117
Memory Write to Addr: 0x000012B4 Val: 0x0000002A
In clock cycle: 176132
Register Write to Reg: 0x08 Val: 0x10010000
In clock cycle: 176133
Register Write to Reg: 0x08 Val: 0x000012EC
In clock cycle: 176134
Register Write to Reg: 0x05 Val: 0x0000002A
In clock cycle: 176134
Memory Write to Addr: 0x000012D0 Val: 0x0000002A
In clock cycle: 176135
Memory Write to Addr: 0x1000FFFC Val: 0x0000002A
In clock cycle: 176136
Memory Write to Addr: 0x000012E4 Val: 0x0000002A
In clock cycle: 176137
Memory Write to Addr: 0x000012E0 Val: 0x0000002A
In clock cycle: 176138
Memory Write to Addr: 0x000012DC Val: 0x0000002A
In clock cycle: 176139
Memory Write to Addr: 0x000012D8 Val: 0x0000002A
In clock cycle: 176140
Memory Write to Addr: 0x000012D4 Val: 0x0000002A
In clock cycle: 176141
Memory Write to Addr: 0x000012D0 Val: 0x0000002A
In clock cycle: 177156
Register Write to Reg: 0x08 Val: 0x10010000
In clock cycle: 177157
Register Write to Reg: 0x08 Val: 0x00001308
In clock cycle: 177158
Register Write to Reg: 0x05 Val: 0x0000002A
In clock cycle: 177158
Memory Write to Addr: 0x000012EC Val: 0x0000002A
In clock cycle: 177159
Memory Write to Addr: 0x1000FFFC Val: 0x0000002A
In clock cycle: 177160
Memory Write to Addr: 0x00001300 Val: 0x0000002A
In clock cycle: 177161
Memory Write to Addr: 0x000012FC Val: 0x0000002A
In clock cycle: 177162
Memory Write to Addr: 0x000012F8 Val: 0x0000002A
In clock cycle: 177163
Memory Write to Addr: 0x000012F4 Val: 0x0000002A
In clock cycle: 177164
Memory Write to Addr: 0x000012F0 Val: 0x0000002A
In clock cycle: 177165
Memory Write to Addr: 0x000012EC Val: 0x0000002A
In clock cycle: 178180
Register Write to Reg: 0x08 Val: 0x10010000
In clock cycle: 178181
Register Write to Reg: 0x08 Val: 0x00001324
In clock cycle: 178182
Register Write to Reg: 0x05 Val: 0x0000002A
In clock cycle: 178182
Memory Write to Addr: 0x00001308 Val: 0x0000002A
In clock cycle: 178183
Memory Write to Addr: 0x1000FFFC Val: 0x0000002A
In clock cycle: 178184
Memory Write to Addr: 0x0000131C Val: 0x0000002A
In clock cycle: 178185
Memory Write to Addr: 0x00001318 Val: 0x0000002A
In clock cycle: 178186
Memory Write to Addr: 0x00001314 Val: 0x0000002A
In clock cycle: 178187
Memory Write to Addr: 0x00001310 Val: 0x0000002A
In clock cycle: 178188
Memory Write to Addr: 0x0000130C Val: 0x0000002A
In clock cycle: 178189
Memory Write to Addr: 0x00001308 Val: 0x0000002A
In clock cycle: 179204
Register Write to Reg: 0x08 Val: 0x10010000
In clock cycle: 179205
Register Write to Reg: 0x08 Val: 0x00001340
In clock cycle: 179206
Register Write to Reg: 0x05 Val: 0x0000002A
In clock cycle: 179206
Memory Write to Addr: 0x00001324 Val: 0x0000002A
In clock cycle: 179207
Memory Write to Addr: 0x1000FFFC Val: 0x0000002A
In clock cycle: 179208
Memory Write to Addr: 0x00001338 Val: 0x0000002A
In clock cycle: 179209
Memory Write to Addr: 0x00001334 Val: 0x0000002A
In clock cycle: 179210
Memory Write to Addr: 0x00001330 Val: 0x0000002A
In clock cycle: 179211
Memory Write to Addr: 0x0000132C Val: 0x0000002A
In clock cycle: 179212
Memory Write to Addr: 0x00001328 Val: 0x0000002A
In clock cycle: 179213
Memory Write to Addr: 0x00001324 Val: 0x0000002A
In clock cycle: 180228
Register Write to Reg: 0x08 Val: 0x10010000
In clock cycle: 180229
Register Write to Reg: 0x08 Val: 0x0000135C
In clock cycle: 180230
Register Write to Reg: 0x05 Val: 0x0000002A
In clock cycle: 180230
Memory Write to Addr: 0x00001340 Val: 0x0000002A
In clock cycle: 180231
Memory Write to Addr: 0x1000FFFC Val: 0x0000002A
In clock cycle: 180232
Memory Write to Addr: 0x00001354 Val: 0x0000002A
In clock cycle: 180233
Memory Write to Addr: 0x00001350 Val: 0x0000002A
In clock cycle: 180234
Memory Write to Addr: 0x0000134C Val: 0x0000002A
In clock cycle: 180235
Memory Write to Addr: 0x00001348 Val: 0x0000002A
In clock cycle: 180236
Memory Write to Addr: 0x00001344 Val: 0x0000002A
In clock cycle: 180237
Memory Write to Addr: 0x00001340 Val: 0x0000002A
In clock cycle: 181252
Register Write to Reg: 0x08 Val: 0x10010000
In clock cycle: 181253
Register Write to Reg: 0x08 Val: 0x00001378
In clock cycle: 181254
Register Write to Reg: 0x05 Val: 0x0000002A
In clock cycle: 181254
Memory Write to Addr: 0x0000135C Val: 0x0000002A
In clock cycle: 181255
Memory Write to Addr: 0x1000FFFC Val: 0x0000002A
In clock cycle: 181256
Memory Write to Addr: 0x00001370 Val: 0x0000002A
In clock cycle: 181257
Memory Write to Addr: 0x0000136C Val: 0x0000002A
In clock cycle: 181258
Memory Write to Addr: 0x00001368 Val: 0x0000002A
In clock cycle: 181259
Memory Write to Addr: 0x00001364 Val: 0x0000002A
In clock cycle: 181260
Memory Write to Addr: 0x00001360 Val: 0x0000002A
In clock cycle: 181261
Memory Write to Addr: 0x0000135C Val: 0x0000002A
In clock cycle: 182276
Register Write to Reg: 0x08 Val: 0x10010000
In clock cycle: 182277
Register Write to Reg: 0x08 Val: 0x00001394
In clock cycle: 182278
Register Write to Reg: 0x05 Val: 0x0000002A
In clock cycle: 182278
Memory Write to Addr: 0x00001378 Val: 0x0000002A
In clock cycle: 182279
Memory Write to Addr: 0x1000FFFC Val: 0x0000002A
In clock cycle: 182280
Memory Write to Addr: 0x0000138C Val: 0x0000002A
In clock cycle: 182281
Memory Write to Addr: 0x00001388 Val: 0x0000002A
In clock cycle: 182282
Memory Write to Addr: 0x00001384 Val: 0x0000002A
In clock cycle: 182283
Memory Write to Addr: 0x00001380 Val: 0x0000002A
In clock cycle: 182284
Memory Write to Addr: 0x0000137C Val: 0x0000002A
In clock cycle: 182285
Memory Write to Addr: 0x00001378 Val: 0x0000002A
In clock cycle: 183300
Register Write to Reg: 0x08 Val: 0x10010000
In clock cycle: 183301
Register Write to Reg: 0x08 Val: 0x000013B0
In clock cycle: 183302
Register Write to Reg: 0x05 Val: 0x0000002A
In clock cycle: 183302
Memory Write to Addr: 0x00001394 Val: 0x0000002A
In clock cycle: 183303
Memory Write to Addr: 0x1000FFFC Val: 0x0000002A
In clock cycle: 183304
Memory Write to Addr: 0x000013A8 Val: 0x0000002A
In clock cycle: 183305
Memory Write to Addr: 0x000013A4 Val: 0x0000002A
In clock cycle: 183306
Memory Write to Addr: 0x000013A0 Val: 0x0000002A
In clock cycle: 183307
Memory Write to Addr: 0x0000139C Val: 0x0000002A
In clock cycle: 183308
Memory Write to Addr: 0x00001398 Val: 0x0000002A
In clock cycle: 183309
Memory Write to Addr: 0x00001394 Val: 0x0000002A
In clock cycle: 184324
Register Write to Reg: 0x08 Val: 0x10010000
In clock cycle: 184325
Register Write to Reg: 0x08 Val: 0x000013CC
In clock cycle: 184326
Register Write to Reg: 0x05 Val: 0x0000002A
In clock cycle: 184326
Memory Write to Addr: 0x000013B0 Val: 0x0000002A
In clock cycle: 184327
Memory Write to Addr: 0x1000FFFC Val: 0x0000002A
In clock cycle: 184328
Memory Write to Addr: 0x000013C4 Val: 0x0000002A
In clock cycle: 184329
Memory Write to Addr: 0x000013C0 Val: 0x0000002A
In clock cycle: 184330
Memory Write to Addr: 0x000013BC Val: 0x0000002A
In clock cycle: 184331
Memory Write to Addr: 0x000013B8 Val: 0x0000002A
In clock cycle: 184332
Memory Write to Addr: 0x000013B4 Val: 0x0000002A
In clock cycle: 184333
Memory Write to Addr: 0x000013B0 Val: 0x0000002A
In clock cycle: 185348
Register Write to Reg: 0x08 Val: 0x10010000
In clock cycle: 185349
Register Write to Reg: 0x08 Val: 0x000013E8
In clock cycle: 185350
Register Write to Reg: 0x05 Val: 0x0000002A
In clock cycle: 185350
Memory Write to Addr: 0x000013CC Val: 0x0000002A
In clock cycle: 185351
Memory Write to Addr: 0x1000FFFC Val: 0x0000002A
In clock cycle: 185352
Memory Write to Addr: 0x000013E0 Val: 0x0000002A
In clock cycle: 185353
Memory Write to Addr: 0x000013DC Val: 0x0000002A
In clock cycle: 185354
Memory Write to Addr: 0x000013D8 Val: 0x0000002A
In clock cycle: 185355
Memory Write to Addr: 0x000013D4 Val: 0x0000002A
In clock cycle: 185356
Memory Write to Addr: 0x000013D0 Val: 0x0000002A
In clock cycle: 185357
Memory Write to Addr: 0x000013CC Val: 0x0000002A
In clock cycle: 186372
Register Write to Reg: 0x08 Val: 0x10010000
In clock cycle: 186373
Register Write to Reg: 0x08 Val: 0x00001404
In clock cycle: 186374
Register Write to Reg: 0x05 Val: 0x0000002A
In clock cycle: 186374
Memory Write to Addr: 0x000013E8 Val: 0x0000002A
In clock cycle: 186375
Memory Write to Addr: 0x1000FFFC Val: 0x0000002A
In clock cycle: 186376
Memory Write to Addr: 0x000013FC Val: 0x0000002A
In clock cycle: 186377
Memory Write to Addr: 0x000013F8 Val: 0x0000002A
In clock cycle: 186378
Memory Write to Addr: 0x000013F4 Val: 0x0000002A
In clock cycle: 186379
Memory Write to Addr: 0x000013F0 Val: 0x0000002A
In clock cycle: 186380
Memory Write to Addr: 0x000013EC Val: 0x0000002A
In clock cycle: 186381
Memory Write to Addr: 0x000013E8 Val: 0x0000002A
In clock cycle: 187396
Register Write to Reg: 0x08 Val: 0x10010000
In clock cycle: 187397
Register Write to Reg: 0x08 Val: 0x00001420
In clock cycle: 187398
Register Write to Reg: 0x05 Val: 0x0000002A
In clock cycle: 187398
Memory Write to Addr: 0x00001404 Val: 0x0000002A
In clock cycle: 187399
Memory Write to Addr: 0x1000FFFC Val: 0x0000002A
In clock cycle: 187400
Memory Write to Addr: 0x00001418 Val: 0x0000002A
In clock cycle: 187401
Memory Write to Addr: 0x00001414 Val: 0x0000002A
In clock cycle: 187402
Memory Write to Addr: 0x00001410 Val: 0x0000002A
In clock cycle: 187403
Memory Write to Addr: 0x0000140C Val: 0x0000002A
In clock cycle: 187404
Memory Write to Addr: 0x00001408 Val: 0x0000002A
In clock cycle: 187405
Memory Write to Addr: 0x00001404 Val: 0x0000002A
In clock cycle: 188420
Register Write to Reg: 0x08 Val: 0x10010000
In clock cycle: 188421
Register Write to Reg: 0x08 Val: 0x0000143C
In clock cycle: 188422
Register Write to Reg: 0x05 Val: 0x0000002A
In clock cycle: 188422
Memory Write to Addr: 0x00001420 Val: 0x0000002A
In clock cycle: 188423
Memory Write to Addr: 0x1000FFFC Val: 0x0000002A
In clock cycle: 188424
Memory Write to Addr: 0x00001434 Val: 0x0000002A
In clock cycle: 188425
Memory Write to Addr: 0x00001430 Val: 0x0000002A
In clock cycle: 188426
Memory Write to Addr: 0x0000142C Val: 0x0000002A
In clock cycle: 188427
Memory Write to Addr: 0x00001428 Val: 0x0000002A
In clock cycle: 188428
Memory Write to Addr: 0x00001424 Val: 0x0000002A
In clock cycle: 188429
Memory Write to Addr: 0x00001420 Val: 0x0000002A
In clock cycle: 189444
Register Write to Reg: 0x08 Val: 0x10010000
In clock cycle: 189445
Register Write to Reg: 0x08 Val: 0x00001458
In clock cycle: 189446
Register Write to Reg: 0x05 Val: 0x0000002A
In clock cycle: 189446
Memory Write to Addr: 0x0000143C Val: 0x0000002A
In clock cycle: 189447
Memory Write to Addr: 0x1000FFFC Val: 0x0000002A
In clock cycle: 189448
Memory Write to Addr: 0x00001450 Val: 0x0000002A
In clock cycle: 189449
Memory Write to Addr: 0x0000144C Val: 0x0000002A
In clock cycle: 189450
Memory Write to Addr: 0x00001448 Val: 0x0000002A
In clock cycle: 189451
Memory Write to Addr: 0x00001444 Val: 0x0000002A
In clock cycle: 189452
Memory Write to Addr: 0x00001440 Val: 0x0000002A
In clock cycle: 189453
Memory Write to Addr: 0x0000143C Val: 0x0000002A
In clock cycle: 190468
Register Write to Reg: 0x08 Val: 0x10010000
In clock cycle: 190469
Register Write to Reg: 0x08 Val: 0x00001474
In clock cycle: 190470
Register Write to Reg: 0x05 Val: 0x0000002A
In clock cycle: 190470
Memory Write to Addr: 0x00001458 Val: 0x0000002A
In clock cycle: 190471
Memory Write to Addr: 0x1000FFFC Val: 0x0000002A
In clock cycle: 190472
Memory Write to Addr: 0x0000146C Val: 0x0000002A
In clock cycle: 190473
Memory Write to Addr: 0x00001468 Val: 0x0000002A
In clock cycle: 190474
Memory Write to Addr: 0x00001464 Val: 0x0000002A
In clock cycle: 190475
Memory Write to Addr: 0x00001460 Val: 0x0000002A
In clock cycle: 190476
Memory Write to Addr: 0x0000145C Val: 0x0000002A
In clock cycle: 190477
Memory Write to Addr: 0x00001458 Val: 0x0000002A
In clock cycle: 191492
Register Write to Reg: 0x08 Val: 0x10010000
In clock cycle: 191493
Register Write to Reg: 0x08 Val: 0x00001490
In clock cycle: 191494
Register Write to Reg: 0x05 Val: 0x0000002A
In clock cycle: 191494
Memory Write to Addr: 0x00001474 Val: 0x0000002A
In clock cycle: 191495
Memory Write to Addr: 0x1000FFFC Val: 0x0000002A
In clock cycle: 191496
Memory Write to Addr: 0x00001488 Val: 0x0000002A
In clock cycle: 191497
Memory Write to Addr: 0x00001484 Val: 0x0000002A
In clock cycle: 191498
Memory Write to Addr: 0x00001480 Val: 0x0000002A
In clock cycle: 191499
Memory Write to Addr: 0x0000147C Val: 0x0000002A
In clock cycle: 191500
Memory Write to Addr: 0x00001478 Val: 0x0000002A
In clock cycle: 191501
Memory Write to Addr: 0x00001474 Val: 0x0000002A
In clock cycle: 192516
Register Write to Reg: 0x08 Val: 0x10010000
In clock cycle: 192517
Register Write to Reg: 0x08 Val: 0x000014AC
In clock cycle: 192518
Register Write to Reg: 0x05 Val: 0x0000002A
In clock cycle: 192518
Memory Write to Addr: 0x00001490 Val: 0x0000002A
In clock cycle: 192519
Memory Write to Addr: 0x1000FFFC Val: 0x0000002A
In clock cycle: 192520
Memory Write to Addr: 0x000014A4 Val: 0x0000002A
In clock cycle: 192521
Memory Write to Addr: 0x000014A0 Val: 0x0000002A
In clock cycle: 192522
Memory Write to Addr: 0x0000149C Val: 0x0000002A
In clock cycle: 192523
Memory Write to Addr: 0x00001498 Val: 0x0000002A
In clock cycle: 192524
Memory Write to Addr: 0x00001494 Val: 0x0000002A
In clock cycle: 192525
Memory Write to Addr: 0x00001490 Val: 0x0000002A
In clock cycle: 193540
Register Write to Reg: 0x08 Val: 0x10010000
In clock cycle: 193541
Register Write to Reg: 0x08 Val: 0x000014C8
In clock cycle: 193542
Register Write to Reg: 0x05 Val: 0x0000002A
In clock cycle: 193542
Memory Write to Addr: 0x000014AC Val: 0x0000002A
In clock cycle: 193543
Memory Write to Addr: 0x1000FFFC Val: 0x0000002A
In clock cycle: 193544
Memory Write to Addr: 0x000014C0 Val: 0x0000002A
In clock cycle: 193545
Memory Write to Addr: 0x000014BC Val: 0x0000002A
In clock cycle: 193546
Memory Write to Addr: 0x000014B8 Val: 0x0000002A
In clock cycle: 193547
Memory Write to Addr: 0x000014B4 Val: 0x0000002A
In clock cycle: 193548
Memory Write to Addr: 0x000014B0 Val: 0x0000002A
In clock cycle: 193549
Memory Write to Addr: 0x000014AC Val: 0x0000002A
In clock cycle: 194564
Register Write to Reg: 0x08 Val: 0x10010000
In clock cycle: 194565
Register Write to Reg: 0x08 Val: 0x000014E4
In clock cycle: 194566
Register Write to Reg: 0x05 Val: 0x0000002A
In clock cycle: 194566
Memory Write to Addr: 0x000014C8 Val: 0x0000002A
In clock cycle: 194567
Memory Write to Addr: 0x1000FFFC Val: 0x0000002A
In clock cycle: 194568
Memory Write to Addr: 0x000014DC Val: 0x0000002A
In clock cycle: 194569
Memory Write to Addr: 0x000014D8 Val: 0x0000002A
In clock cycle: 194570
Memory Write to Addr: 0x000014D4 Val: 0x0000002A
In clock cycle: 194571
Memory Write to Addr: 0x000014D0 Val: 0x0000002A
In clock cycle: 194572
Memory Write to Addr: 0x000014CC Val: 0x0000002A
In clock cycle: 194573
Memory Write to Addr: 0x000014C8 Val: 0x0000002A
In clock cycle: 195588
Register Write to Reg: 0x08 Val: 0x10010000
In clock cycle: 195589
Register Write to Reg: 0x08 Val: 0x00001500
In clock cycle: 195590
Register Write to Reg: 0x05 Val: 0x0000002A
In clock cycle: 195590
Memory Write to Addr: 0x000014E4 Val: 0x0000002A
In clock cycle: 195591
Memory Write to Addr: 0x1000FFFC Val: 0x0000002A
In clock cycle: 195592
Memory Write to Addr: 0x000014F8 Val: 0x0000002A
In clock cycle: 195593
Memory Write to Addr: 0x000014F4 Val: 0x0000002A
In clock cycle: 195594
Memory Write to Addr: 0x000014F0 Val: 0x0000002A
In clock cycle: 195595
Memory Write to Addr: 0x000014EC Val: 0x0000002A
In clock cycle: 195596
Memory Write to Addr: 0x000014E8 Val: 0x0000002A
In clock cycle: 195597
Memory Write to Addr: 0x000014E4 Val: 0x0000002A
In clock cycle: 196612
Register Write to Reg: 0x08 Val: 0x10010000
In clock cycle: 196613
Register Write to Reg: 0x08 Val: 0x0000151C
In clock cycle: 196614
Register Write to Reg: 0x05 Val: 0x0000002A
In clock cycle: 196614
Memory Write to Addr: 0x00001500 Val: 0x0000002A
In clock cycle: 196615
Memory Write to Addr: 0x1000FFFC Val: 0x0000002A
In clock cycle: 196616
Memory Write to Addr: 0x00001514 Val: 0x0000002A
In clock cycle: 196617
Memory Write to Addr: 0x00001510 Val: 0x0000002A
In clock cycle: 196618
Memory Write to Addr: 0x0000150C Val: 0x0000002A
In clock cycle: 196619
Memory Write to Addr: 0x00001508 Val: 0x0000002A
In clock cycle: 196620
Memory Write to Addr: 0x00001504 Val: 0x0000002A
In clock cycle: 196621
Memory Write to Addr: 0x00001500 Val: 0x0000002A
In clock cycle: 197636
Register Write to Reg: 0x08 Val: 0x10010000
In clock cycle: 197637
Register Write to Reg: 0x08 Val: 0x00001538
In clock cycle: 197638
Register Write to Reg: 0x05 Val: 0x0000002A
In clock cycle: 197638
Memory Write to Addr: 0x0000151C Val: 0x0000002A
In clock cycle: 197639
Memory Write to Addr: 0x1000FFFC Val: 0x0000002A
In clock cycle: 197640
Memory Write to Addr: 0x00001530 Val: 0x0000002A
In clock cycle: 197641
Memory Write to Addr: 0x0000152C Val: 0x0000002A
In clock cycle: 197642
Memory Write to Addr: 0x00001528 Val: 0x0000002A
In clock cycle: 197643
Memory Write to Addr: 0x00001524 Val: 0x0000002A
In clock cycle: 197644
Memory Write to Addr: 0x00001520 Val: 0x0000002A
In clock cycle: 197645
Memory Write to Addr: 0x0000151C Val: 0x0000002A
In clock cycle: 198660
Register Write to Reg: 0x08 Val: 0x10010000
In clock cycle: 198661
Register Write to Reg: 0x08 Val: 0x00001554
In clock cycle: 198662
Register Write to Reg: 0x05 Val: 0x0000002A
In clock cycle: 198662
Memory Write to Addr: 0x00001538 Val: 0x0000002A
In clock cycle: 198663
Memory Write to Addr: 0x1000FFFC Val: 0x0000002A
In clock cycle: 198664
Memory Write to Addr: 0x0000154C Val: 0x0000002A
In clock cycle: 198665
Memory Write to Addr: 0x00001548 Val: 0x0000002A
In clock cycle: 198666
Memory Write to Addr: 0x00001544 Val: 0x0000002A
In clock cycle: 198667
Memory Write to Addr: 0x00001540 Val: 0x0000002A
In clock cycle: 198668
Memory Write to Addr: 0x0000153C Val: 0x0000002A
In clock cycle: 198669
Memory Write to Addr: 0x00001538 Val: 0x0000002A
In clock cycle: 199684
Register Write to Reg: 0x08 Val: 0x10010000
In clock cycle: 199685
Register Write to Reg: 0x08 Val: 0x00001570
In clock cycle: 199686
Register Write to Reg: 0x05 Val: 0x0000002A
In clock cycle: 199686
Memory Write to Addr: 0x00001554 Val: 0x0000002A
In clock cycle: 199687
Memory Write to Addr: 0x1000FFFC Val: 0x0000002A
In clock cycle: 199688
Memory Write to Addr: 0x00001568 Val: 0x0000002A
In clock cycle: 199689
Memory Write to Addr: 0x00001564 Val: 0x0000002A
In clock cycle: 199690
Memory Write to Addr: 0x00001560 Val: 0x0000002A
In clock cycle: 199691
Memory Write to Addr: 0x0000155C Val: 0x0000002A
In clock cycle: 199692
Memory Write to Addr: 0x00001558 Val: 0x0000002A
In clock cycle: 199693
Memory Write to Addr: 0x00001554 Val: 0x0000002A
In clock cycle: 200708
Register Write to Reg: 0x08 Val: 0x10010000
In clock cycle: 200709
Register Write to Reg: 0x08 Val: 0x0000158C
In clock cycle: 200710
Register Write to Reg: 0x05 Val: 0x0000002A
In clock cycle: 200710
Memory Write to Addr: 0x00001570 Val: 0x0000002A
In clock cycle: 200711
Memory Write to Addr: 0x1000FFFC Val: 0x0000002A
In clock cycle: 200712
Memory Write to Addr: 0x00001584 Val: 0x0000002A
In clock cycle: 200713
Memory Write to Addr: 0x00001580 Val: 0x0000002A
In clock cycle: 200714
Memory Write to Addr: 0x0000157C Val: 0x0000002A
In clock cycle: 200715
Memory Write to Addr: 0x00001578 Val: 0x0000002A
In clock cycle: 200716
Memory Write to Addr: 0x00001574 Val: 0x0000002A
In clock cycle: 200717
Memory Write to Addr: 0x00001570 Val: 0x0000002A
In clock cycle: 201732
Register Write to Reg: 0x08 Val: 0x10010000
In clock cycle: 201733
Register Write to Reg: 0x08 Val: 0x000015A8
In clock cycle: 201734
Register Write to Reg: 0x05 Val: 0x0000002A
In clock cycle: 201734
Memory Write to Addr: 0x0000158C Val: 0x0000002A
In clock cycle: 201735
Memory Write to Addr: 0x1000FFFC Val: 0x0000002A
In clock cycle: 201736
Memory Write to Addr: 0x000015A0 Val: 0x0000002A
In clock cycle: 201737
Memory Write to Addr: 0x0000159C Val: 0x0000002A
In clock cycle: 201738
Memory Write to Addr: 0x00001598 Val: 0x0000002A
In clock cycle: 201739
Memory Write to Addr: 0x00001594 Val: 0x0000002A
In clock cycle: 201740
Memory Write to Addr: 0x00001590 Val: 0x0000002A
In clock cycle: 201741
Memory Write to Addr: 0x0000158C Val: 0x0000002A
In clock cycle: 202756
Register Write to Reg: 0x08 Val: 0x10010000
In clock cycle: 202757
Register Write to Reg: 0x08 Val: 0x000015C4
In clock cycle: 202758
Register Write to Reg: 0x05 Val: 0x0000002A
In clock cycle: 202758
Memory Write to Addr: 0x000015A8 Val: 0x0000002A
In clock cycle: 202759
Memory Write to Addr: 0x1000FFFC Val: 0x0000002A
In clock cycle: 202760
Memory Write to Addr: 0x000015BC Val: 0x0000002A
In clock cycle: 202761
Memory Write to Addr: 0x000015B8 Val: 0x0000002A
In clock cycle: 202762
Memory Write to Addr: 0x000015B4 Val: 0x0000002A
In clock cycle: 202763
Memory Write to Addr: 0x000015B0 Val: 0x0000002A
In clock cycle: 202764
Memory Write to Addr: 0x000015AC Val: 0x0000002A
In clock cycle: 202765
Memory Write to Addr: 0x000015A8 Val: 0x0000002A
In clock cycle: 203780
Register Write to Reg: 0x08 Val: 0x10010000
In clock cycle: 203781
Register Write to Reg: 0x08 Val: 0x000015E0
In clock cycle: 203782
Register Write to Reg: 0x05 Val: 0x0000002A
In clock cycle: 203782
Memory Write to Addr: 0x000015C4 Val: 0x0000002A
In clock cycle: 203783
Memory Write to Addr: 0x1000FFFC Val: 0x0000002A
In clock cycle: 203784
Memory Write to Addr: 0x000015D8 Val: 0x0000002A
In clock cycle: 203785
Memory Write to Addr: 0x000015D4 Val: 0x0000002A
In clock cycle: 203786
Memory Write to Addr: 0x000015D0 Val: 0x0000002A
In clock cycle: 203787
Memory Write to Addr: 0x000015CC Val: 0x0000002A
In clock cycle: 203788
Memory Write to Addr: 0x000015C8 Val: 0x0000002A
In clock cycle: 203789
Memory Write to Addr: 0x000015C4 Val: 0x0000002A
In clock cycle: 204804
Register Write to Reg: 0x08 Val: 0x10010000
In clock cycle: 204805
Register Write to Reg: 0x08 Val: 0x000015FC
In clock cycle: 204806
Register Write to Reg: 0x05 Val: 0x0000002A
In clock cycle: 204806
Memory Write to Addr: 0x000015E0 Val: 0x0000002A
In clock cycle: 204807
Memory Write to Addr: 0x1000FFFC Val: 0x0000002A
In clock cycle: 204808
Memory Write to Addr: 0x000015F4 Val: 0x0000002A
In clock cycle: 204809
Memory Write to Addr: 0x000015F0 Val: 0x0000002A
In clock cycle: 204810
Memory Write to Addr: 0x000015EC Val: 0x0000002A
In clock cycle: 204811
Memory Write to Addr: 0x000015E8 Val: 0x0000002A
In clock cycle: 204812
Memory Write to Addr: 0x000015E4 Val: 0x0000002A
In clock cycle: 204813
Memory Write to Addr: 0x000015E0 Val: 0x0000002A
In clock cycle: 205828
Register Write to Reg: 0x08 Val: 0x10010000
In clock cycle: 205829
Register Write to Reg: 0x08 Val: 0x00001618
In clock cycle: 205830
Register Write to Reg: 0x05 Val: 0x0000002A
In clock cycle: 205830
Memory Write to Addr: 0x000015FC Val: 0x0000002A
In clock cycle: 205831
Memory Write to Addr: 0x1000FFFC Val: 0x0000002A
In clock cycle: 205832
Memory Write to Addr: 0x00001610 Val: 0x0000002A
In clock cycle: 205833
Memory Write to Addr: 0x0000160C Val: 0x0000002A
In clock cycle: 205834
Memory Write to Addr: 0x00001608 Val: 0x0000002A
In clock cycle: 205835
Memory Write to Addr: 0x00001604 Val: 0x0000002A
In clock cycle: 205836
Memory Write to Addr: 0x00001600 Val: 0x0000002A
In clock cycle: 205837
Memory Write to Addr: 0x000015FC Val: 0x0000002A
In clock cycle: 206852
Register Write to Reg: 0x08 Val: 0x10010000
In clock cycle: 206853
Register Write to Reg: 0x08 Val: 0x00001634
In clock cycle: 206854
Register Write to Reg: 0x05 Val: 0x0000002A
In clock cycle: 206854
Memory Write to Addr: 0x00001618 Val: 0x0000002A
In clock cycle: 206855
Memory Write to Addr: 0x1000FFFC Val: 0x0000002A
In clock cycle: 206856
Memory Write to Addr: 0x0000162C Val: 0x0000002A
In clock cycle: 206857
Memory Write to Addr: 0x00001628 Val: 0x0000002A
In clock cycle: 206858
Memory Write to Addr: 0x00001624 Val: 0x0000002A
In clock cycle: 206859
Memory Write to Addr: 0x00001620 Val: 0x0000002A
In clock cycle: 206860
Memory Write to Addr: 0x0000161C Val: 0x0000002A
In clock cycle: 206861
Memory Write to Addr: 0x00001618 Val: 0x0000002A
In clock cycle: 207876
Register Write to Reg: 0x08 Val: 0x10010000
In clock cycle: 207877
Register Write to Reg: 0x08 Val: 0x00001650
In clock cycle: 207878
Register Write to Reg: 0x05 Val: 0x0000002A
In clock cycle: 207878
Memory Write to Addr: 0x00001634 Val: 0x0000002A
In clock cycle: 207879
Memory Write to Addr: 0x1000FFFC Val: 0x0000002A
In clock cycle: 207880
Memory Write to Addr: 0x00001648 Val: 0x0000002A
In clock cycle: 207881
Memory Write to Addr: 0x00001644 Val: 0x0000002A
In clock cycle: 207882
Memory Write to Addr: 0x00001640 Val: 0x0000002A
In clock cycle: 207883
Memory Write to Addr: 0x0000163C Val: 0x0000002A
In clock cycle: 207884
Memory Write to Addr: 0x00001638 Val: 0x0000002A
In clock cycle: 207885
Memory Write to Addr: 0x00001634 Val: 0x0000002A
In clock cycle: 208900
Register Write to Reg: 0x08 Val: 0x10010000
In clock cycle: 208901
Register Write to Reg: 0x08 Val: 0x0000166C
In clock cycle: 208902
Register Write to Reg: 0x05 Val: 0x0000002A
In clock cycle: 208902
Memory Write to Addr: 0x00001650 Val: 0x0000002A
In clock cycle: 208903
Memory Write to Addr: 0x1000FFFC Val: 0x0000002A
In clock cycle: 208904
Memory Write to Addr: 0x00001664 Val: 0x0000002A
In clock cycle: 208905
Memory Write to Addr: 0x00001660 Val: 0x0000002A
In clock cycle: 208906
Memory Write to Addr: 0x0000165C Val: 0x0000002A
In clock cycle: 208907
Memory Write to Addr: 0x00001658 Val: 0x0000002A
In clock cycle: 208908
Memory Write to Addr: 0x00001654 Val: 0x0000002A
In clock cycle: 208909
Memory Write to Addr: 0x00001650 Val: 0x0000002A
In clock cycle: 209924
Register Write to Reg: 0x08 Val: 0x10010000
In clock cycle: 209925
Register Write to Reg: 0x08 Val: 0x00001688
In clock cycle: 209926
Register Write to Reg: 0x05 Val: 0x0000002A
In clock cycle: 209926
Memory Write to Addr: 0x0000166C Val: 0x0000002A
In clock cycle: 209927
Memory Write to Addr: 0x1000FFFC Val: 0x0000002A
In clock cycle: 209928
Memory Write to Addr: 0x00001680 Val: 0x0000002A
In clock cycle: 209929
Memory Write to Addr: 0x0000167C Val: 0x0000002A
In clock cycle: 209930
Memory Write to Addr: 0x00001678 Val: 0x0000002A
In clock cycle: 209931
Memory Write to Addr: 0x00001674 Val: 0x0000002A
In clock cycle: 209932
Memory Write to Addr: 0x00001670 Val: 0x0000002A
In clock cycle: 209933
Memory Write to Addr: 0x0000166C Val: 0x0000002A
In clock cycle: 210948
Register Write to Reg: 0x08 Val: 0x10010000
In clock cycle: 210949
Register Write to Reg: 0x08 Val: 0x000016A4
In clock cycle: 210950
Register Write to Reg: 0x05 Val: 0x0000002A
In clock cycle: 210950
Memory Write to Addr: 0x00001688 Val: 0x0000002A
In clock cycle: 210951
Memory Write to Addr: 0x1000FFFC Val: 0x0000002A
In clock cycle: 210952
Memory Write to Addr: 0x0000169C Val: 0x0000002A
In clock cycle: 210953
Memory Write to Addr: 0x00001698 Val: 0x0000002A
In clock cycle: 210954
Memory Write to Addr: 0x00001694 Val: 0x0000002A
In clock cycle: 210955
Memory Write to Addr: 0x00001690 Val: 0x0000002A
In clock cycle: 210956
Memory Write to Addr: 0x0000168C Val: 0x0000002A
In clock cycle: 210957
Memory Write to Addr: 0x00001688 Val: 0x0000002A
In clock cycle: 211972
Register Write to Reg: 0x08 Val: 0x10010000
In clock cycle: 211973
Register Write to Reg: 0x08 Val: 0x000016C0
In clock cycle: 211974
Register Write to Reg: 0x05 Val: 0x0000002A
In clock cycle: 211974
Memory Write to Addr: 0x000016A4 Val: 0x0000002A
In clock cycle: 211975
Memory Write to Addr: 0x1000FFFC Val: 0x0000002A
In clock cycle: 211976
Memory Write to Addr: 0x000016B8 Val: 0x0000002A
In clock cycle: 211977
Memory Write to Addr: 0x000016B4 Val: 0x0000002A
In clock cycle: 211978
Memory Write to Addr: 0x000016B0 Val: 0x0000002A
In clock cycle: 211979
Memory Write to Addr: 0x000016AC Val: 0x0000002A
In clock cycle: 211980
Memory Write to Addr: 0x000016A8 Val: 0x0000002A
In clock cycle: 211981
Memory Write to Addr: 0x000016A4 Val: 0x0000002A
In clock cycle: 212996
Register Write to Reg: 0x08 Val: 0x10010000
In clock cycle: 212997
Register Write to Reg: 0x08 Val: 0x000016DC
In clock cycle: 212998
Register Write to Reg: 0x05 Val: 0x0000002A
In clock cycle: 212998
Memory Write to Addr: 0x000016C0 Val: 0x0000002A
In clock cycle: 212999
Memory Write to Addr: 0x1000FFFC Val: 0x0000002A
In clock cycle: 213000
Memory Write to Addr: 0x000016D4 Val: 0x0000002A
In clock cycle: 213001
Memory Write to Addr: 0x000016D0 Val: 0x0000002A
In clock cycle: 213002
Memory Write to Addr: 0x000016CC Val: 0x0000002A
In clock cycle: 213003
Memory Write to Addr: 0x000016C8 Val: 0x0000002A
In clock cycle: 213004
Memory Write to Addr: 0x000016C4 Val: 0x0000002A
In clock cycle: 213005
Memory Write to Addr: 0x000016C0 Val: 0x0000002A
In clock cycle: 214020
Register Write to Reg: 0x08 Val: 0x10010000
In clock cycle: 214021
Register Write to Reg: 0x08 Val: 0x000016F8
In clock cycle: 214022
Register Write to Reg: 0x05 Val: 0x0000002A
In clock cycle: 214022
Memory Write to Addr: 0x000016DC Val: 0x0000002A
In clock cycle: 214023
Memory Write to Addr: 0x1000FFFC Val: 0x0000002A
In clock cycle: 214024
Memory Write to Addr: 0x000016F0 Val: 0x0000002A
In clock cycle: 214025
Memory Write to Addr: 0x000016EC Val: 0x0000002A
In clock cycle: 214026
Memory Write to Addr: 0x000016E8 Val: 0x0000002A
In clock cycle: 214027
Memory Write to Addr: 0x000016E4 Val: 0x0000002A
In clock cycle: 214028
Memory Write to Addr: 0x000016E0 Val: 0x0000002A
In clock cycle: 214029
Memory Write to Addr: 0x000016DC Val: 0x0000002A
In clock cycle: 215044
Register Write to Reg: 0x08 Val: 0x10010000
In clock cycle: 215045
Register Write to Reg: 0x08 Val: 0x00001714
In clock cycle: 215046
Register Write to Reg: 0x05 Val: 0x0000002A
In clock cycle: 215046
Memory Write to Addr: 0x000016F8 Val: 0x0000002A
In clock cycle: 215047
Memory Write to Addr: 0x1000FFFC Val: 0x0000002A
In clock cycle: 215048
Memory Write to Addr: 0x0000170C Val: 0x0000002A
In clock cycle: 215049
Memory Write to Addr: 0x00001708 Val: 0x0000002A
In clock cycle: 215050
Memory Write to Addr: 0x00001704 Val: 0x0000002A
In clock cycle: 215051
Memory Write to Addr: 0x00001700 Val: 0x0000002A
In clock cycle: 215052
Memory Write to Addr: 0x000016FC Val: 0x0000002A
In clock cycle: 215053
Memory Write to Addr: 0x000016F8 Val: 0x0000002A
In clock cycle: 216068
Register Write to Reg: 0x08 Val: 0x10010000
In clock cycle: 216069
Register Write to Reg: 0x08 Val: 0x00001730
In clock cycle: 216070
Register Write to Reg: 0x05 Val: 0x0000002A
In clock cycle: 216070
Memory Write to Addr: 0x00001714 Val: 0x0000002A
In clock cycle: 216071
Memory Write to Addr: 0x1000FFFC Val: 0x0000002A
In clock cycle: 216072
Memory Write to Addr: 0x00001728 Val: 0x0000002A
In clock cycle: 216073
Memory Write to Addr: 0x00001724 Val: 0x0000002A
In clock cycle: 216074
Memory Write to Addr: 0x00001720 Val: 0x0000002A
In clock cycle: 216075
Memory Write to Addr: 0x0000171C Val: 0x0000002A
In clock cycle: 216076
Memory Write to Addr: 0x00001718 Val: 0x0000002A
In clock cycle: 216077
Memory Write to Addr: 0x00001714 Val: 0x0000002A
In clock cycle: 217092
Register Write to Reg: 0x08 Val: 0x10010000
In clock cycle: 217093
Register Write to Reg: 0x08 Val: 0x0000174C
In clock cycle: 217094
Register Write to Reg: 0x05 Val: 0x0000002A
In clock cycle: 217094
Memory Write to Addr: 0x00001730 Val: 0x0000002A
In clock cycle: 217095
Memory Write to Addr: 0x1000FFFC Val: 0x0000002A
In clock cycle: 217096
Memory Write to Addr: 0x00001744 Val: 0x0000002A
In clock cycle: 217097
Memory Write to Addr: 0x00001740 Val: 0x0000002A
In clock cycle: 217098
Memory Write to Addr: 0x0000173C Val: 0x0000002A
In clock cycle: 217099
Memory Write to Addr: 0x00001738 Val: 0x0000002A
In clock cycle: 217100
Memory Write to Addr: 0x00001734 Val: 0x0000002A
In clock cycle: 217101
Memory Write to Addr: 0x00001730 Val: 0x0000002A
In clock cycle: 218116
Register Write to Reg: 0x08 Val: 0x10010000
In clock cycle: 218117
Register Write to Reg: 0x08 Val: 0x00001768
In clock cycle: 218118
Register Write to Reg: 0x05 Val: 0x0000002A
In clock cycle: 218118
Memory Write to Addr: 0x0000174C Val: 0x0000002A
In clock cycle: 218119
Memory Write to Addr: 0x1000FFFC Val: 0x0000002A
In clock cycle: 218120
Memory Write to Addr: 0x00001760 Val: 0x0000002A
In clock cycle: 218121
Memory Write to Addr: 0x0000175C Val: 0x0000002A
In clock cycle: 218122
Memory Write to Addr: 0x00001758 Val: 0x0000002A
In clock cycle: 218123
Memory Write to Addr: 0x00001754 Val: 0x0000002A
In clock cycle: 218124
Memory Write to Addr: 0x00001750 Val: 0x0000002A
In clock cycle: 218125
Memory Write to Addr: 0x0000174C Val: 0x0000002A
In clock cycle: 219140
Register Write to Reg: 0x08 Val: 0x10010000
In clock cycle: 219141
Register Write to Reg: 0x08 Val: 0x00001784
In clock cycle: 219142
Register Write to Reg: 0x05 Val: 0x0000002A
In clock cycle: 219142
Memory Write to Addr: 0x00001768 Val: 0x0000002A
In clock cycle: 219143
Memory Write to Addr: 0x1000FFFC Val: 0x0000002A
In clock cycle: 219144
Memory Write to Addr: 0x0000177C Val: 0x0000002A
In clock cycle: 219145
Memory Write to Addr: 0x00001778 Val: 0x0000002A
In clock cycle: 219146
Memory Write to Addr: 0x00001774 Val: 0x0000002A
In clock cycle: 219147
Memory Write to Addr: 0x00001770 Val: 0x0000002A
In clock cycle: 219148
Memory Write to Addr: 0x0000176C Val: 0x0000002A
In clock cycle: 219149
Memory Write to Addr: 0x00001768 Val: 0x0000002A
In clock cycle: 220164
Register Write to Reg: 0x08 Val: 0x10010000
In clock cycle: 220165
Register Write to Reg: 0x08 Val: 0x000017A0
In clock cycle: 220166
Register Write to Reg: 0x05 Val: 0x0000002A
In clock cycle: 220166
Memory Write to Addr: 0x00001784 Val: 0x0000002A
In clock cycle: 220167
Memory Write to Addr: 0x1000FFFC Val: 0x0000002A
In clock cycle: 220168
Memory Write to Addr: 0x00001798 Val: 0x0000002A
In clock cycle: 220169
Memory Write to Addr: 0x00001794 Val: 0x0000002A
In clock cycle: 220170
Memory Write to Addr: 0x00001790 Val: 0x0000002A
In clock cycle: 220171
Memory Write to Addr: 0x0000178C Val: 0x0000002A
In clock cycle: 220172
Memory Write to Addr: 0x00001788 Val: 0x0000002A
In clock cycle: 220173
Memory Write to Addr: 0x00001784 Val: 0x0000002A
In clock cycle: 221188
Register Write to Reg: 0x08 Val: 0x10010000
In clock cycle: 221189
Register Write to Reg: 0x08 Val: 0x000017BC
In clock cycle: 221190
Register Write to Reg: 0x05 Val: 0x0000002A
In clock cycle: 221190
Memory Write to Addr: 0x000017A0 Val: 0x0000002A
In clock cycle: 221191
Memory Write to Addr: 0x1000FFFC Val: 0x0000002A
In clock cycle: 221192
Memory Write to Addr: 0x000017B4 Val: 0x0000002A
In clock cycle: 221193
Memory Write to Addr: 0x000017B0 Val: 0x0000002A
In clock cycle: 221194
Memory Write to Addr: 0x000017AC Val: 0x0000002A
In clock cycle: 221195
Memory Write to Addr: 0x000017A8 Val: 0x0000002A
In clock cycle: 221196
Memory Write to Addr: 0x000017A4 Val: 0x0000002A
In clock cycle: 221197
Memory Write to Addr: 0x000017A0 Val: 0x0000002A
In clock cycle: 222212
Register Write to Reg: 0x08 Val: 0x10010000
In clock cycle: 222213
Register Write to Reg: 0x08 Val: 0x000017D8
In clock cycle: 222214
Register Write to Reg: 0x05 Val: 0x0000002A
In clock cycle: 222214
Memory Write to Addr: 0x000017BC Val: 0x0000002A
In clock cycle: 222215
Memory Write to Addr: 0x1000FFFC Val: 0x0000002A
In clock cycle: 222216
Memory Write to Addr: 0x000017D0 Val: 0x0000002A
In clock cycle: 222217
Memory Write to Addr: 0x000017CC Val: 0x0000002A
In clock cycle: 222218
Memory Write to Addr: 0x000017C8 Val: 0x0000002A
In clock cycle: 222219
Memory Write to Addr: 0x000017C4 Val: 0x0000002A
In clock cycle: 222220
Memory Write to Addr: 0x000017C0 Val: 0x0000002A
In clock cycle: 222221
Memory Write to Addr: 0x000017BC Val: 0x0000002A
In clock cycle: 223236
Register Write to Reg: 0x08 Val: 0x10010000
In clock cycle: 223237
Register Write to Reg: 0x08 Val: 0x000017F4
In clock cycle: 223238
Register Write to Reg: 0x05 Val: 0x0000002A
In clock cycle: 223238
Memory Write to Addr: 0x000017D8 Val: 0x0000002A
In clock cycle: 223239
Memory Write to Addr: 0x1000FFFC Val: 0x0000002A
In clock cycle: 223240
Memory Write to Addr: 0x000017EC Val: 0x0000002A
In clock cycle: 223241
Memory Write to Addr: 0x000017E8 Val: 0x0000002A
In clock cycle: 223242
Memory Write to Addr: 0x000017E4 Val: 0x0000002A
In clock cycle: 223243
Memory Write to Addr: 0x000017E0 Val: 0x0000002A
In clock cycle: 223244
Memory Write to Addr: 0x000017DC Val: 0x0000002A
In clock cycle: 223245
Memory Write to Addr: 0x000017D8 Val: 0x0000002A
In clock cycle: 224260
Register Write to Reg: 0x08 Val: 0x10010000
In clock cycle: 224261
Register Write to Reg: 0x08 Val: 0x00001810
In clock cycle: 224262
Register Write to Reg: 0x05 Val: 0x0000002A
In clock cycle: 224262
Memory Write to Addr: 0x000017F4 Val: 0x0000002A
In clock cycle: 224263
Memory Write to Addr: 0x1000FFFC Val: 0x0000002A
In clock cycle: 224264
Memory Write to Addr: 0x00001808 Val: 0x0000002A
In clock cycle: 224265
Memory Write to Addr: 0x00001804 Val: 0x0000002A
In clock cycle: 224266
Memory Write to Addr: 0x00001800 Val: 0x0000002A
In clock cycle: 224267
Memory Write to Addr: 0x000017FC Val: 0x0000002A
In clock cycle: 224268
Memory Write to Addr: 0x000017F8 Val: 0x0000002A
In clock cycle: 224269
Memory Write to Addr: 0x000017F4 Val: 0x0000002A
In clock cycle: 225284
Register Write to Reg: 0x08 Val: 0x10010000
In clock cycle: 225285
Register Write to Reg: 0x08 Val: 0x0000182C
In clock cycle: 225286
Register Write to Reg: 0x05 Val: 0x0000002A
In clock cycle: 225286
Memory Write to Addr: 0x00001810 Val: 0x0000002A
In clock cycle: 225287
Memory Write to Addr: 0x1000FFFC Val: 0x0000002A
In clock cycle: 225288
Memory Write to Addr: 0x00001824 Val: 0x0000002A
In clock cycle: 225289
Memory Write to Addr: 0x00001820 Val: 0x0000002A
In clock cycle: 225290
Memory Write to Addr: 0x0000181C Val: 0x0000002A
In clock cycle: 225291
Memory Write to Addr: 0x00001818 Val: 0x0000002A
In clock cycle: 225292
Memory Write to Addr: 0x00001814 Val: 0x0000002A
In clock cycle: 225293
Memory Write to Addr: 0x00001810 Val: 0x0000002A
In clock cycle: 226308
Register Write to Reg: 0x08 Val: 0x10010000
In clock cycle: 226309
Register Write to Reg: 0x08 Val: 0x00001848
In clock cycle: 226310
Register Write to Reg: 0x05 Val: 0x0000002A
In clock cycle: 226310
Memory Write to Addr: 0x0000182C Val: 0x0000002A
In clock cycle: 226311
Memory Write to Addr: 0x1000FFFC Val: 0x0000002A
In clock cycle: 226312
Memory Write to Addr: 0x00001840 Val: 0x0000002A
In clock cycle: 226313
Memory Write to Addr: 0x0000183C Val: 0x0000002A
In clock cycle: 226314
Memory Write to Addr: 0x00001838 Val: 0x0000002A
In clock cycle: 226315
Memory Write to Addr: 0x00001834 Val: 0x0000002A
In clock cycle: 226316
Memory Write to Addr: 0x00001830 Val: 0x0000002A
In clock cycle: 226317
Memory Write to Addr: 0x0000182C Val: 0x0000002A
In clock cycle: 227332
Register Write to Reg: 0x08 Val: 0x10010000
In clock cycle: 227333
Register Write to Reg: 0x08 Val: 0x00001864
In clock cycle: 227334
Register Write to Reg: 0x05 Val: 0x0000002A
In clock cycle: 227334
Memory Write to Addr: 0x00001848 Val: 0x0000002A
In clock cycle: 227335
Memory Write to Addr: 0x1000FFFC Val: 0x0000002A
In clock cycle: 227336
Memory Write to Addr: 0x0000185C Val: 0x0000002A
In clock cycle: 227337
Memory Write to Addr: 0x00001858 Val: 0x0000002A
In clock cycle: 227338
Memory Write to Addr: 0x00001854 Val: 0x0000002A
In clock cycle: 227339
Memory Write to Addr: 0x00001850 Val: 0x0000002A
In clock cycle: 227340
Memory Write to Addr: 0x0000184C Val: 0x0000002A
In clock cycle: 227341
Memory Write to Addr: 0x00001848 Val: 0x0000002A
In clock cycle: 228356
Register Write to Reg: 0x08 Val: 0x10010000
In clock cycle: 228357
Register Write to Reg: 0x08 Val: 0x00001880
In clock cycle: 228358
Register Write to Reg: 0x05 Val: 0x0000002A
In clock cycle: 228358
Memory Write to Addr: 0x00001864 Val: 0x0000002A
In clock cycle: 228359
Memory Write to Addr: 0x1000FFFC Val: 0x0000002A
In clock cycle: 228360
Memory Write to Addr: 0x00001878 Val: 0x0000002A
In clock cycle: 228361
Memory Write to Addr: 0x00001874 Val: 0x0000002A
In clock cycle: 228362
Memory Write to Addr: 0x00001870 Val: 0x0000002A
In clock cycle: 228363
Memory Write to Addr: 0x0000186C Val: 0x0000002A
In clock cycle: 228364
Memory Write to Addr: 0x00001868 Val: 0x0000002A
In clock cycle: 228365
Memory Write to Addr: 0x00001864 Val: 0x0000002A
In clock cycle: 229380
Register Write to Reg: 0x08 Val: 0x10010000
In clock cycle: 229381
Register Write to Reg: 0x08 Val: 0x0000189C
In clock cycle: 229382
Register Write to Reg: 0x05 Val: 0x0000002A
In clock cycle: 229382
Memory Write to Addr: 0x00001880 Val: 0x0000002A
In clock cycle: 229383
Memory Write to Addr: 0x1000FFFC Val: 0x0000002A
In clock cycle: 229384
Memory Write to Addr: 0x00001894 Val: 0x0000002A
In clock cycle: 229385
Memory Write to Addr: 0x00001890 Val: 0x0000002A
In clock cycle: 229386
Memory Write to Addr: 0x0000188C Val: 0x0000002A
In clock cycle: 229387
Memory Write to Addr: 0x00001888 Val: 0x0000002A
In clock cycle: 229388
Memory Write to Addr: 0x00001884 Val: 0x0000002A
In clock cycle: 229389
Memory Write to Addr: 0x00001880 Val: 0x0000002A
In clock cycle: 230404
Register Write to Reg: 0x08 Val: 0x10010000
In clock cycle: 230405
Register Write to Reg: 0x08 Val: 0x000018B8
In clock cycle: 230406
Register Write to Reg: 0x05 Val: 0x0000002A
In clock cycle: 230406
Memory Write to Addr: 0x0000189C Val: 0x0000002A
In clock cycle: 230407
Memory Write to Addr: 0x1000FFFC Val: 0x0000002A
In clock cycle: 230408
Memory Write to Addr: 0x000018B0 Val: 0x0000002A
In clock cycle: 230409
Memory Write to Addr: 0x000018AC Val: 0x0000002A
In clock cycle: 230410
Memory Write to Addr: 0x000018A8 Val: 0x0000002A
In clock cycle: 230411
Memory Write to Addr: 0x000018A4 Val: 0x0000002A
In clock cycle: 230412
Memory Write to Addr: 0x000018A0 Val: 0x0000002A
In clock cycle: 230413
Memory Write to Addr: 0x0000189C Val: 0x0000002A
In clock cycle: 231428
Register Write to Reg: 0x08 Val: 0x10010000
In clock cycle: 231429
Register Write to Reg: 0x08 Val: 0x000018D4
In clock cycle: 231430
Register Write to Reg: 0x05 Val: 0x0000002A
In clock cycle: 231430
Memory Write to Addr: 0x000018B8 Val: 0x0000002A
In clock cycle: 231431
Memory Write to Addr: 0x1000FFFC Val: 0x0000002A
In clock cycle: 231432
Memory Write to Addr: 0x000018CC Val: 0x0000002A
In clock cycle: 231433
Memory Write to Addr: 0x000018C8 Val: 0x0000002A
In clock cycle: 231434
Memory Write to Addr: 0x000018C4 Val: 0x0000002A
In clock cycle: 231435
Memory Write to Addr: 0x000018C0 Val: 0x0000002A
In clock cycle: 231436
Memory Write to Addr: 0x000018BC Val: 0x0000002A
In clock cycle: 231437
Memory Write to Addr: 0x000018B8 Val: 0x0000002A
In clock cycle: 232452
Register Write to Reg: 0x08 Val: 0x10010000
In clock cycle: 232453
Register Write to Reg: 0x08 Val: 0x000018F0
In clock cycle: 232454
Register Write to Reg: 0x05 Val: 0x0000002A
In clock cycle: 232454
Memory Write to Addr: 0x000018D4 Val: 0x0000002A
In clock cycle: 232455
Memory Write to Addr: 0x1000FFFC Val: 0x0000002A
In clock cycle: 232456
Memory Write to Addr: 0x000018E8 Val: 0x0000002A
In clock cycle: 232457
Memory Write to Addr: 0x000018E4 Val: 0x0000002A
In clock cycle: 232458
Memory Write to Addr: 0x000018E0 Val: 0x0000002A
In clock cycle: 232459
Memory Write to Addr: 0x000018DC Val: 0x0000002A
In clock cycle: 232460
Memory Write to Addr: 0x000018D8 Val: 0x0000002A
In clock cycle: 232461
Memory Write to Addr: 0x000018D4 Val: 0x0000002A
In clock cycle: 233476
Register Write to Reg: 0x08 Val: 0x10010000
In clock cycle: 233477
Register Write to Reg: 0x08 Val: 0x0000190C
In clock cycle: 233478
Register Write to Reg: 0x05 Val: 0x0000002A
In clock cycle: 233478
Memory Write to Addr: 0x000018F0 Val: 0x0000002A
In clock cycle: 233479
Memory Write to Addr: 0x1000FFFC Val: 0x0000002A
In clock cycle: 233480
Memory Write to Addr: 0x00001904 Val: 0x0000002A
In clock cycle: 233481
Memory Write to Addr: 0x00001900 Val: 0x0000002A
In clock cycle: 233482
Memory Write to Addr: 0x000018FC Val: 0x0000002A
In clock cycle: 233483
Memory Write to Addr: 0x000018F8 Val: 0x0000002A
In clock cycle: 233484
Memory Write to Addr: 0x000018F4 Val: 0x0000002A
In clock cycle: 233485
Memory Write to Addr: 0x000018F0 Val: 0x0000002A
In clock cycle: 234500
Register Write to Reg: 0x08 Val: 0x10010000
In clock cycle: 234501
Register Write to Reg: 0x08 Val: 0x00001928
In clock cycle: 234502
Register Write to Reg: 0x05 Val: 0x0000002A
In clock cycle: 234502
Memory Write to Addr: 0x0000190C Val: 0x0000002A
In clock cycle: 234503
Memory Write to Addr: 0x1000FFFC Val: 0x0000002A
In clock cycle: 234504
Memory Write to Addr: 0x00001920 Val: 0x0000002A
In clock cycle: 234505
Memory Write to Addr: 0x0000191C Val: 0x0000002A
In clock cycle: 234506
Memory Write to Addr: 0x00001918 Val: 0x0000002A
In clock cycle: 234507
Memory Write to Addr: 0x00001914 Val: 0x0000002A
In clock cycle: 234508
Memory Write to Addr: 0x00001910 Val: 0x0000002A
In clock cycle: 234509
Memory Write to Addr: 0x0000190C Val: 0x0000002A
In clock cycle: 235524
Register Write to Reg: 0x08 Val: 0x10010000
In clock cycle: 235525
Register Write to Reg: 0x08 Val: 0x00001944
In clock cycle: 235526
Register Write to Reg: 0x05 Val: 0x0000002A
In clock cycle: 235526
Memory Write to Addr: 0x00001928 Val: 0x0000002A
In clock cycle: 235527
Memory Write to Addr: 0x1000FFFC Val: 0x0000002A
In clock cycle: 235528
Memory Write to Addr: 0x0000193C Val: 0x0000002A
In clock cycle: 235529
Memory Write to Addr: 0x00001938 Val: 0x0000002A
In clock cycle: 235530
Memory Write to Addr: 0x00001934 Val: 0x0000002A
In clock cycle: 235531
Memory Write to Addr: 0x00001930 Val: 0x0000002A
In clock cycle: 235532
Memory Write to Addr: 0x0000192C Val: 0x0000002A
In clock cycle: 235533
Memory Write to Addr: 0x00001928 Val: 0x0000002A
In clock cycle: 236548
Register Write to Reg: 0x08 Val: 0x10010000
In clock cycle: 236549
Register Write to Reg: 0x08 Val: 0x00001960
In clock cycle: 236550
Register Write to Reg: 0x05 Val: 0x0000002A
In clock cycle: 236550
Memory Write to Addr: 0x00001944 Val: 0x0000002A
In clock cycle: 236551
Memory Write to Addr: 0x1000FFFC Val: 0x0000002A
In clock cycle: 236552
Memory Write to Addr: 0x00001958 Val: 0x0000002A
In clock cycle: 236553
Memory Write to Addr: 0x00001954 Val: 0x0000002A
In clock cycle: 236554
Memory Write to Addr: 0x00001950 Val: 0x0000002A
In clock cycle: 236555
Memory Write to Addr: 0x0000194C Val: 0x0000002A
In clock cycle: 236556
Memory Write to Addr: 0x00001948 Val: 0x0000002A
In clock cycle: 236557
Memory Write to Addr: 0x00001944 Val: 0x0000002A
In clock cycle: 237572
Register Write to Reg: 0x08 Val: 0x10010000
In clock cycle: 237573
Register Write to Reg: 0x08 Val: 0x0000197C
In clock cycle: 237574
Register Write to Reg: 0x05 Val: 0x0000002A
In clock cycle: 237574
Memory Write to Addr: 0x00001960 Val: 0x0000002A
In clock cycle: 237575
Memory Write to Addr: 0x1000FFFC Val: 0x0000002A
In clock cycle: 237576
Memory Write to Addr: 0x00001974 Val: 0x0000002A
In clock cycle: 237577
Memory Write to Addr: 0x00001970 Val: 0x0000002A
In clock cycle: 237578
Memory Write to Addr: 0x0000196C Val: 0x0000002A
In clock cycle: 237579
Memory Write to Addr: 0x00001968 Val: 0x0000002A
In clock cycle: 237580
Memory Write to Addr: 0x00001964 Val: 0x0000002A
In clock cycle: 237581
Memory Write to Addr: 0x00001960 Val: 0x0000002A
In clock cycle: 238596
Register Write to Reg: 0x08 Val: 0x10010000
In clock cycle: 238597
Register Write to Reg: 0x08 Val: 0x00001998
In clock cycle: 238598
Register Write to Reg: 0x05 Val: 0x0000002A
In clock cycle: 238598
Memory Write to Addr: 0x0000197C Val: 0x0000002A
In clock cycle: 238599
Memory Write to Addr: 0x1000FFFC Val: 0x0000002A
In clock cycle: 238600
Memory Write to Addr: 0x00001990 Val: 0x0000002A
In clock cycle: 238601
Memory Write to Addr: 0x0000198C Val: 0x0000002A
In clock cycle: 238602
Memory Write to Addr: 0x00001988 Val: 0x0000002A
In clock cycle: 238603
Memory Write to Addr: 0x00001984 Val: 0x0000002A
In clock cycle: 238604
Memory Write to Addr: 0x00001980 Val: 0x0000002A
In clock cycle: 238605
Memory Write to Addr: 0x0000197C Val: 0x0000002A
In clock cycle: 239620
Register Write to Reg: 0x08 Val: 0x10010000
In clock cycle: 239621
Register Write to Reg: 0x08 Val: 0x000019B4
In clock cycle: 239622
Register Write to Reg: 0x05 Val: 0x0000002A
In clock cycle: 239622
Memory Write to Addr: 0x00001998 Val: 0x0000002A
In clock cycle: 239623
Memory Write to Addr: 0x1000FFFC Val: 0x0000002A
In clock cycle: 239624
Memory Write to Addr: 0x000019AC Val: 0x0000002A
In clock cycle: 239625
Memory Write to Addr: 0x000019A8 Val: 0x0000002A
In clock cycle: 239626
Memory Write to Addr: 0x000019A4 Val: 0x0000002A
In clock cycle: 239627
Memory Write to Addr: 0x000019A0 Val: 0x0000002A
In clock cycle: 239628
Memory Write to Addr: 0x0000199C Val: 0x0000002A
In clock cycle: 239629
Memory Write to Addr: 0x00001998 Val: 0x0000002A
In clock cycle: 240644
Register Write to Reg: 0x08 Val: 0x10010000
In clock cycle: 240645
Register Write to Reg: 0x08 Val: 0x000019D0
In clock cycle: 240646
Register Write to Reg: 0x05 Val: 0x0000002A
In clock cycle: 240646
Memory Write to Addr: 0x000019B4 Val: 0x0000002A
In clock cycle: 240647
Memory Write to Addr: 0x1000FFFC Val: 0x0000002A
In clock cycle: 240648
Memory Write to Addr: 0x000019C8 Val: 0x0000002A
In clock cycle: 240649
Memory Write to Addr: 0x000019C4 Val: 0x0000002A
In clock cycle: 240650
Memory Write to Addr: 0x000019C0 Val: 0x0000002A
In clock cycle: 240651
Memory Write to Addr: 0x000019BC Val: 0x0000002A
In clock cycle: 240652
Memory Write to Addr: 0x000019B8 Val: 0x0000002A
In clock cycle: 240653
Memory Write to Addr: 0x000019B4 Val: 0x0000002A
In clock cycle: 241668
Register Write to Reg: 0x08 Val: 0x10010000
In clock cycle: 241669
Register Write to Reg: 0x08 Val: 0x000019EC
In clock cycle: 241670
Register Write to Reg: 0x05 Val: 0x0000002A
In clock cycle: 241670
Memory Write to Addr: 0x000019D0 Val: 0x0000002A
In clock cycle: 241671
Memory Write to Addr: 0x1000FFFC Val: 0x0000002A
In clock cycle: 241672
Memory Write to Addr: 0x000019E4 Val: 0x0000002A
In clock cycle: 241673
Memory Write to Addr: 0x000019E0 Val: 0x0000002A
In clock cycle: 241674
Memory Write to Addr: 0x000019DC Val: 0x0000002A
In clock cycle: 241675
Memory Write to Addr: 0x000019D8 Val: 0x0000002A
In clock cycle: 241676
Memory Write to Addr: 0x000019D4 Val: 0x0000002A
In clock cycle: 241677
Memory Write to Addr: 0x000019D0 Val: 0x0000002A
In clock cycle: 242692
Register Write to Reg: 0x08 Val: 0x10010000
In clock cycle: 242693
Register Write to Reg: 0x08 Val: 0x00001A08
In clock cycle: 242694
Register Write to Reg: 0x05 Val: 0x0000002A
In clock cycle: 242694
Memory Write to Addr: 0x000019EC Val: 0x0000002A
In clock cycle: 242695
Memory Write to Addr: 0x1000FFFC Val: 0x0000002A
In clock cycle: 242696
Memory Write to Addr: 0x00001A00 Val: 0x0000002A
In clock cycle: 242697
Memory Write to Addr: 0x000019FC Val: 0x0000002A
In clock cycle: 242698
Memory Write to Addr: 0x000019F8 Val: 0x0000002A
In clock cycle: 242699
Memory Write to Addr: 0x000019F4 Val: 0x0000002A
In clock cycle: 242700
Memory Write to Addr: 0x000019F0 Val: 0x0000002A
In clock cycle: 242701
Memory Write to Addr: 0x000019EC Val: 0x0000002A
In clock cycle: 243716
Register Write to Reg: 0x08 Val: 0x10010000
In clock cycle: 243717
Register Write to Reg: 0x08 Val: 0x00001A24
In clock cycle: 243718
Register Write to Reg: 0x05 Val: 0x0000002A
In clock cycle: 243718
Memory Write to Addr: 0x00001A08 Val: 0x0000002A
In clock cycle: 243719
Memory Write to Addr: 0x1000FFFC Val: 0x0000002A
In clock cycle: 243720
Memory Write to Addr: 0x00001A1C Val: 0x0000002A
In clock cycle: 243721
Memory Write to Addr: 0x00001A18 Val: 0x0000002A
In clock cycle: 243722
Memory Write to Addr: 0x00001A14 Val: 0x0000002A
In clock cycle: 243723
Memory Write to Addr: 0x00001A10 Val: 0x0000002A
In clock cycle: 243724
Memory Write to Addr: 0x00001A0C Val: 0x0000002A
In clock cycle: 243725
Memory Write to Addr: 0x00001A08 Val: 0x0000002A
In clock cycle: 244740
Register Write to Reg: 0x08 Val: 0x10010000
In clock cycle: 244741
Register Write to Reg: 0x08 Val: 0x00001A40
In clock cycle: 244742
Register Write to Reg: 0x05 Val: 0x0000002A
In clock cycle: 244742
Memory Write to Addr: 0x00001A24 Val: 0x0000002A
In clock cycle: 244743
Memory Write to Addr: 0x1000FFFC Val: 0x0000002A
In clock cycle: 244744
Memory Write to Addr: 0x00001A38 Val: 0x0000002A
In clock cycle: 244745
Memory Write to Addr: 0x00001A34 Val: 0x0000002A
In clock cycle: 244746
Memory Write to Addr: 0x00001A30 Val: 0x0000002A
In clock cycle: 244747
Memory Write to Addr: 0x00001A2C Val: 0x0000002A
In clock cycle: 244748
Memory Write to Addr: 0x00001A28 Val: 0x0000002A
In clock cycle: 244749
Memory Write to Addr: 0x00001A24 Val: 0x0000002A
In clock cycle: 245764
Register Write to Reg: 0x08 Val: 0x10010000
In clock cycle: 245765
Register Write to Reg: 0x08 Val: 0x00001A5C
In clock cycle: 245766
Register Write to Reg: 0x05 Val: 0x0000002A
In clock cycle: 245766
Memory Write to Addr: 0x00001A40 Val: 0x0000002A
In clock cycle: 245767
Memory Write to Addr: 0x1000FFFC Val: 0x0000002A
In clock cycle: 245768
Memory Write to Addr: 0x00001A54 Val: 0x0000002A
In clock cycle: 245769
Memory Write to Addr: 0x00001A50 Val: 0x0000002A
In clock cycle: 245770
Memory Write to Addr: 0x00001A4C Val: 0x0000002A
In clock cycle: 245771
Memory Write to Addr: 0x00001A48 Val: 0x0000002A
In clock cycle: 245772
Memory Write to Addr: 0x00001A44 Val: 0x0000002A
In clock cycle: 245773
Memory Write to Addr: 0x00001A40 Val: 0x0000002A
In clock cycle: 246788
Register Write to Reg: 0x08 Val: 0x10010000
In clock cycle: 246789
Register Write to Reg: 0x08 Val: 0x00001A78
In clock cycle: 246790
Register Write to Reg: 0x05 Val: 0x0000002A
In clock cycle: 246790
Memory Write to Addr: 0x00001A5C Val: 0x0000002A
In clock cycle: 246791
Memory Write to Addr: 0x1000FFFC Val: 0x0000002A
In clock cycle: 246792
Memory Write to Addr: 0x00001A70 Val: 0x0000002A
In clock cycle: 246793
Memory Write to Addr: 0x00001A6C Val: 0x0000002A
In clock cycle: 246794
Memory Write to Addr: 0x00001A68 Val: 0x0000002A
In clock cycle: 246795
Memory Write to Addr: 0x00001A64 Val: 0x0000002A
In clock cycle: 246796
Memory Write to Addr: 0x00001A60 Val: 0x0000002A
In clock cycle: 246797
Memory Write to Addr: 0x00001A5C Val: 0x0000002A
In clock cycle: 247812
Register Write to Reg: 0x08 Val: 0x10010000
In clock cycle: 247813
Register Write to Reg: 0x08 Val: 0x00001A94
In clock cycle: 247814
Register Write to Reg: 0x05 Val: 0x0000002A
In clock cycle: 247814
Memory Write to Addr: 0x00001A78 Val: 0x0000002A
In clock cycle: 247815
Memory Write to Addr: 0x1000FFFC Val: 0x0000002A
In clock cycle: 247816
Memory Write to Addr: 0x00001A8C Val: 0x0000002A
In clock cycle: 247817
Memory Write to Addr: 0x00001A88 Val: 0x0000002A
In clock cycle: 247818
Memory Write to Addr: 0x00001A84 Val: 0x0000002A
In clock cycle: 247819
Memory Write to Addr: 0x00001A80 Val: 0x0000002A
In clock cycle: 247820
Memory Write to Addr: 0x00001A7C Val: 0x0000002A
In clock cycle: 247821
Memory Write to Addr: 0x00001A78 Val: 0x0000002A
In clock cycle: 248836
Register Write to Reg: 0x08 Val: 0x10010000
In clock cycle: 248837
Register Write to Reg: 0x08 Val: 0x00001AB0
In clock cycle: 248838
Register Write to Reg: 0x05 Val: 0x0000002A
In clock cycle: 248838
Memory Write to Addr: 0x00001A94 Val: 0x0000002A
In clock cycle: 248839
Memory Write to Addr: 0x1000FFFC Val: 0x0000002A
In clock cycle: 248840
Memory Write to Addr: 0x00001AA8 Val: 0x0000002A
In clock cycle: 248841
Memory Write to Addr: 0x00001AA4 Val: 0x0000002A
In clock cycle: 248842
Memory Write to Addr: 0x00001AA0 Val: 0x0000002A
In clock cycle: 248843
Memory Write to Addr: 0x00001A9C Val: 0x0000002A
In clock cycle: 248844
Memory Write to Addr: 0x00001A98 Val: 0x0000002A
In clock cycle: 248845
Memory Write to Addr: 0x00001A94 Val: 0x0000002A
In clock cycle: 249860
Register Write to Reg: 0x08 Val: 0x10010000
In clock cycle: 249861
Register Write to Reg: 0x08 Val: 0x00001ACC
In clock cycle: 249862
Register Write to Reg: 0x05 Val: 0x0000002A
In clock cycle: 249862
Memory Write to Addr: 0x00001AB0 Val: 0x0000002A
In clock cycle: 249863
Memory Write to Addr: 0x1000FFFC Val: 0x0000002A
In clock cycle: 249864
Memory Write to Addr: 0x00001AC4 Val: 0x0000002A
In clock cycle: 249865
Memory Write to Addr: 0x00001AC0 Val: 0x0000002A
In clock cycle: 249866
Memory Write to Addr: 0x00001ABC Val: 0x0000002A
In clock cycle: 249867
Memory Write to Addr: 0x00001AB8 Val: 0x0000002A
In clock cycle: 249868
Memory Write to Addr: 0x00001AB4 Val: 0x0000002A
In clock cycle: 249869
Memory Write to Addr: 0x00001AB0 Val: 0x0000002A
In clock cycle: 250884
Register Write to Reg: 0x08 Val: 0x10010000
In clock cycle: 250885
Register Write to Reg: 0x08 Val: 0x00001AE8
In clock cycle: 250886
Register Write to Reg: 0x05 Val: 0x0000002A
In clock cycle: 250886
Memory Write to Addr: 0x00001ACC Val: 0x0000002A
In clock cycle: 250887
Memory Write to Addr: 0x1000FFFC Val: 0x0000002A
In clock cycle: 250888
Memory Write to Addr: 0x00001AE0 Val: 0x0000002A
In clock cycle: 250889
Memory Write to Addr: 0x00001ADC Val: 0x0000002A
In clock cycle: 250890
Memory Write to Addr: 0x00001AD8 Val: 0x0000002A
In clock cycle: 250891
Memory Write to Addr: 0x00001AD4 Val: 0x0000002A
In clock cycle: 250892
Memory Write to Addr: 0x00001AD0 Val: 0x0000002A
In clock cycle: 250893
Memory Write to Addr: 0x00001ACC Val: 0x0000002A
In clock cycle: 251908
Register Write to Reg: 0x08 Val: 0x10010000
In clock cycle: 251909
Register Write to Reg: 0x08 Val: 0x00001B04
In clock cycle: 251910
Register Write to Reg: 0x05 Val: 0x0000002A
In clock cycle: 251910
Memory Write to Addr: 0x00001AE8 Val: 0x0000002A
In clock cycle: 251911
Memory Write to Addr: 0x1000FFFC Val: 0x0000002A
In clock cycle: 251912
Memory Write to Addr: 0x00001AFC Val: 0x0000002A
In clock cycle: 251913
Memory Write to Addr: 0x00001AF8 Val: 0x0000002A
In clock cycle: 251914
Memory Write to Addr: 0x00001AF4 Val: 0x0000002A
In clock cycle: 251915
Memory Write to Addr: 0x00001AF0 Val: 0x0000002A
In clock cycle: 251916
Memory Write to Addr: 0x00001AEC Val: 0x0000002A
In clock cycle: 251917
Memory Write to Addr: 0x00001AE8 Val: 0x0000002A
In clock cycle: 252932
Register Write to Reg: 0x08 Val: 0x10010000
In clock cycle: 252933
Register Write to Reg: 0x08 Val: 0x00001B20
In clock cycle: 252934
Register Write to Reg: 0x05 Val: 0x0000002A
In clock cycle: 252934
Memory Write to Addr: 0x00001B04 Val: 0x0000002A
In clock cycle: 252935
Memory Write to Addr: 0x1000FFFC Val: 0x0000002A
In clock cycle: 252936
Memory Write to Addr: 0x00001B18 Val: 0x0000002A
In clock cycle: 252937
Memory Write to Addr: 0x00001B14 Val: 0x0000002A
In clock cycle: 252938
Memory Write to Addr: 0x00001B10 Val: 0x0000002A
In clock cycle: 252939
Memory Write to Addr: 0x00001B0C Val: 0x0000002A
In clock cycle: 252940
Memory Write to Addr: 0x00001B08 Val: 0x0000002A
In clock cycle: 252941
Memory Write to Addr: 0x00001B04 Val: 0x0000002A
In clock cycle: 253956
Register Write to Reg: 0x08 Val: 0x10010000
In clock cycle: 253957
Register Write to Reg: 0x08 Val: 0x00001B3C
In clock cycle: 253958
Register Write to Reg: 0x05 Val: 0x0000002A
In clock cycle: 253958
Memory Write to Addr: 0x00001B20 Val: 0x0000002A
In clock cycle: 253959
Memory Write to Addr: 0x1000FFFC Val: 0x0000002A
In clock cycle: 253960
Memory Write to Addr: 0x00001B34 Val: 0x0000002A
In clock cycle: 253961
Memory Write to Addr: 0x00001B30 Val: 0x0000002A
In clock cycle: 253962
Memory Write to Addr: 0x00001B2C Val: 0x0000002A
In clock cycle: 253963
Memory Write to Addr: 0x00001B28 Val: 0x0000002A
In clock cycle: 253964
Memory Write to Addr: 0x00001B24 Val: 0x0000002A
In clock cycle: 253965
Memory Write to Addr: 0x00001B20 Val: 0x0000002A
In clock cycle: 254980
Register Write to Reg: 0x08 Val: 0x10010000
In clock cycle: 254981
Register Write to Reg: 0x08 Val: 0x00001B58
In clock cycle: 254982
Register Write to Reg: 0x05 Val: 0x0000002A
In clock cycle: 254982
Memory Write to Addr: 0x00001B3C Val: 0x0000002A
In clock cycle: 254983
Memory Write to Addr: 0x1000FFFC Val: 0x0000002A
In clock cycle: 254984
Memory Write to Addr: 0x00001B50 Val: 0x0000002A
In clock cycle: 254985
Memory Write to Addr: 0x00001B4C Val: 0x0000002A
In clock cycle: 254986
Memory Write to Addr: 0x00001B48 Val: 0x0000002A
In clock cycle: 254987
Memory Write to Addr: 0x00001B44 Val: 0x0000002A
In clock cycle: 254988
Memory Write to Addr: 0x00001B40 Val: 0x0000002A
In clock cycle: 254989
Memory Write to Addr: 0x00001B3C Val: 0x0000002A
In clock cycle: 256004
Register Write to Reg: 0x08 Val: 0x10010000
In clock cycle: 256005
Register Write to Reg: 0x08 Val: 0x00001B74
In clock cycle: 256006
Register Write to Reg: 0x05 Val: 0x0000002A
In clock cycle: 256006
Memory Write to Addr: 0x00001B58 Val: 0x0000002A
In clock cycle: 256007
Memory Write to Addr: 0x1000FFFC Val: 0x0000002A
In clock cycle: 256008
Memory Write to Addr: 0x00001B6C Val: 0x0000002A
In clock cycle: 256009
Memory Write to Addr: 0x00001B68 Val: 0x0000002A
In clock cycle: 256010
Memory Write to Addr: 0x00001B64 Val: 0x0000002A
In clock cycle: 256011
Memory Write to Addr: 0x00001B60 Val: 0x0000002A
In clock cycle: 256012
Memory Write to Addr: 0x00001B5C Val: 0x0000002A
In clock cycle: 256013
Memory Write to Addr: 0x00001B58 Val: 0x0000002A
In clock cycle: 257028
Register Write to Reg: 0x08 Val: 0x10010000
In clock cycle: 257029
Register Write to Reg: 0x08 Val: 0x00001B90
In clock cycle: 257030
Register Write to Reg: 0x05 Val: 0x0000002A
In clock cycle: 257030
Memory Write to Addr: 0x00001B74 Val: 0x0000002A
In clock cycle: 257031
Memory Write to Addr: 0x1000FFFC Val: 0x0000002A
In clock cycle: 257032
Memory Write to Addr: 0x00001B88 Val: 0x0000002A
In clock cycle: 257033
Memory Write to Addr: 0x00001B84 Val: 0x0000002A
In clock cycle: 257034
Memory Write to Addr: 0x00001B80 Val: 0x0000002A
In clock cycle: 257035
Memory Write to Addr: 0x00001B7C Val: 0x0000002A
In clock cycle: 257036
Memory Write to Addr: 0x00001B78 Val: 0x0000002A
In clock cycle: 257037
Memory Write to Addr: 0x00001B74 Val: 0x0000002A
In clock cycle: 258052
Register Write to Reg: 0x08 Val: 0x10010000
In clock cycle: 258053
Register Write to Reg: 0x08 Val: 0x00001BAC
In clock cycle: 258054
Register Write to Reg: 0x05 Val: 0x0000002A
In clock cycle: 258054
Memory Write to Addr: 0x00001B90 Val: 0x0000002A
In clock cycle: 258055
Memory Write to Addr: 0x1000FFFC Val: 0x0000002A
In clock cycle: 258056
Memory Write to Addr: 0x00001BA4 Val: 0x0000002A
In clock cycle: 258057
Memory Write to Addr: 0x00001BA0 Val: 0x0000002A
In clock cycle: 258058
Memory Write to Addr: 0x00001B9C Val: 0x0000002A
In clock cycle: 258059
Memory Write to Addr: 0x00001B98 Val: 0x0000002A
In clock cycle: 258060
Memory Write to Addr: 0x00001B94 Val: 0x0000002A
In clock cycle: 258061
Memory Write to Addr: 0x00001B90 Val: 0x0000002A
In clock cycle: 259076
Register Write to Reg: 0x08 Val: 0x10010000
In clock cycle: 259077
Register Write to Reg: 0x08 Val: 0x00001BC8
In clock cycle: 259078
Register Write to Reg: 0x05 Val: 0x0000002A
In clock cycle: 259078
Memory Write to Addr: 0x00001BAC Val: 0x0000002A
In clock cycle: 259079
Memory Write to Addr: 0x1000FFFC Val: 0x0000002A
In clock cycle: 259080
Memory Write to Addr: 0x00001BC0 Val: 0x0000002A
In clock cycle: 259081
Memory Write to Addr: 0x00001BBC Val: 0x0000002A
In clock cycle: 259082
Memory Write to Addr: 0x00001BB8 Val: 0x0000002A
In clock cycle: 259083
Memory Write to Addr: 0x00001BB4 Val: 0x0000002A
In clock cycle: 259084
Memory Write to Addr: 0x00001BB0 Val: 0x0000002A
In clock cycle: 259085
Memory Write to Addr: 0x00001BAC Val: 0x0000002A
In clock cycle: 260100
Register Write to Reg: 0x08 Val: 0x10010000
In clock cycle: 260101
Register Write to Reg: 0x08 Val: 0x00001BE4
In clock cycle: 260102
Register Write to Reg: 0x05 Val: 0x0000002A
In clock cycle: 260102
Memory Write to Addr: 0x00001BC8 Val: 0x0000002A
In clock cycle: 260103
Memory Write to Addr: 0x1000FFFC Val: 0x0000002A
In clock cycle: 260104
Memory Write to Addr: 0x00001BDC Val: 0x0000002A
In clock cycle: 260105
Memory Write to Addr: 0x00001BD8 Val: 0x0000002A
In clock cycle: 260106
Memory Write to Addr: 0x00001BD4 Val: 0x0000002A
In clock cycle: 260107
Memory Write to Addr: 0x00001BD0 Val: 0x0000002A
In clock cycle: 260108
Memory Write to Addr: 0x00001BCC Val: 0x0000002A
In clock cycle: 260109
Memory Write to Addr: 0x00001BC8 Val: 0x0000002A
In clock cycle: 261124
Register Write to Reg: 0x08 Val: 0x10010000
In clock cycle: 261125
Register Write to Reg: 0x08 Val: 0x00001C00
In clock cycle: 261126
Register Write to Reg: 0x05 Val: 0x0000002A
In clock cycle: 261126
Memory Write to Addr: 0x00001BE4 Val: 0x0000002A
In clock cycle: 261127
Memory Write to Addr: 0x1000FFFC Val: 0x0000002A
In clock cycle: 261128
Memory Write to Addr: 0x00001BF8 Val: 0x0000002A
In clock cycle: 261129
Memory Write to Addr: 0x00001BF4 Val: 0x0000002A
In clock cycle: 261130
Memory Write to Addr: 0x00001BF0 Val: 0x0000002A
In clock cycle: 261131
Memory Write to Addr: 0x00001BEC Val: 0x0000002A
In clock cycle: 261132
Memory Write to Addr: 0x00001BE8 Val: 0x0000002A
In clock cycle: 261133
Memory Write to Addr: 0x00001BE4 Val: 0x0000002A
In clock cycle: 262148
Register Write to Reg: 0x08 Val: 0x10010000
In clock cycle: 262149
Register Write to Reg: 0x08 Val: 0x00001C1C
In clock cycle: 262150
Register Write to Reg: 0x05 Val: 0x0000002A
In clock cycle: 262150
Memory Write to Addr: 0x00001C00 Val: 0x0000002A
In clock cycle: 262151
Memory Write to Addr: 0x1000FFFC Val: 0x0000002A
In clock cycle: 262152
Memory Write to Addr: 0x00001C14 Val: 0x0000002A
In clock cycle: 262153
Memory Write to Addr: 0x00001C10 Val: 0x0000002A
In clock cycle: 262154
Memory Write to Addr: 0x00001C0C Val: 0x0000002A
In clock cycle: 262155
Memory Write to Addr: 0x00001C08 Val: 0x0000002A
In clock cycle: 262156
Memory Write to Addr: 0x00001C04 Val: 0x0000002A
In clock cycle: 262157
Memory Write to Addr: 0x00001C00 Val: 0x0000002A
In clock cycle: 263172
Register Write to Reg: 0x08 Val: 0x10010000
In clock cycle: 263173
Register Write to Reg: 0x08 Val: 0x00001C38
In clock cycle: 263174
Register Write to Reg: 0x05 Val: 0x0000002A
In clock cycle: 263174
Memory Write to Addr: 0x00001C1C Val: 0x0000002A
In clock cycle: 263175
Memory Write to Addr: 0x1000FFFC Val: 0x0000002A
In clock cycle: 263176
Memory Write to Addr: 0x00001C30 Val: 0x0000002A
In clock cycle: 263177
Memory Write to Addr: 0x00001C2C Val: 0x0000002A
In clock cycle: 263178
Memory Write to Addr: 0x00001C28 Val: 0x0000002A
In clock cycle: 263179
Memory Write to Addr: 0x00001C24 Val: 0x0000002A
In clock cycle: 263180
Memory Write to Addr: 0x00001C20 Val: 0x0000002A
In clock cycle: 263181
Memory Write to Addr: 0x00001C1C Val: 0x0000002A
In clock cycle: 264196
Register Write to Reg: 0x08 Val: 0x10010000
In clock cycle: 264197
Register Write to Reg: 0x08 Val: 0x00001C54
In clock cycle: 264198
Register Write to Reg: 0x05 Val: 0x0000002A
In clock cycle: 264198
Memory Write to Addr: 0x00001C38 Val: 0x0000002A
In clock cycle: 264199
Memory Write to Addr: 0x1000FFFC Val: 0x0000002A
In clock cycle: 264200
Memory Write to Addr: 0x00001C4C Val: 0x0000002A
In clock cycle: 264201
Memory Write to Addr: 0x00001C48 Val: 0x0000002A
In clock cycle: 264202
Memory Write to Addr: 0x00001C44 Val: 0x0000002A
In clock cycle: 264203
Memory Write to Addr: 0x00001C40 Val: 0x0000002A
In clock cycle: 264204
Memory Write to Addr: 0x00001C3C Val: 0x0000002A
In clock cycle: 264205
Memory Write to Addr: 0x00001C38 Val: 0x0000002A
In clock cycle: 265220
Register Write to Reg: 0x08 Val: 0x10010000
In clock cycle: 265221
Register Write to Reg: 0x08 Val: 0x00001C70
In clock cycle: 265222
Register Write to Reg: 0x05 Val: 0x0000002A
In clock cycle: 265222
Memory Write to Addr: 0x00001C54 Val: 0x0000002A
In clock cycle: 265223
Memory Write to Addr: 0x1000FFFC Val: 0x0000002A
In clock cycle: 265224
Memory Write to Addr: 0x00001C68 Val: 0x0000002A
In clock cycle: 265225
Memory Write to Addr: 0x00001C64 Val: 0x0000002A
In clock cycle: 265226
Memory Write to Addr: 0x00001C60 Val: 0x0000002A
In clock cycle: 265227
Memory Write to Addr: 0x00001C5C Val: 0x0000002A
In clock cycle: 265228
Memory Write to Addr: 0x00001C58 Val: 0x0000002A
In clock cycle: 265229
Memory Write to Addr: 0x00001C54 Val: 0x0000002A
In clock cycle: 266244
Register Write to Reg: 0x08 Val: 0x10010000
In clock cycle: 266245
Register Write to Reg: 0x08 Val: 0x00001C8C
In clock cycle: 266246
Register Write to Reg: 0x05 Val: 0x0000002A
In clock cycle: 266246
Memory Write to Addr: 0x00001C70 Val: 0x0000002A
In clock cycle: 266247
Memory Write to Addr: 0x1000FFFC Val: 0x0000002A
In clock cycle: 266248
Memory Write to Addr: 0x00001C84 Val: 0x0000002A
In clock cycle: 266249
Memory Write to Addr: 0x00001C80 Val: 0x0000002A
In clock cycle: 266250
Memory Write to Addr: 0x00001C7C Val: 0x0000002A
In clock cycle: 266251
Memory Write to Addr: 0x00001C78 Val: 0x0000002A
In clock cycle: 266252
Memory Write to Addr: 0x00001C74 Val: 0x0000002A
In clock cycle: 266253
Memory Write to Addr: 0x00001C70 Val: 0x0000002A
In clock cycle: 267268
Register Write to Reg: 0x08 Val: 0x10010000
In clock cycle: 267269
Register Write to Reg: 0x08 Val: 0x00001CA8
In clock cycle: 267270
Register Write to Reg: 0x05 Val: 0x0000002A
In clock cycle: 267270
Memory Write to Addr: 0x00001C8C Val: 0x0000002A
In clock cycle: 267271
Memory Write to Addr: 0x1000FFFC Val: 0x0000002A
In clock cycle: 267272
Memory Write to Addr: 0x00001CA0 Val: 0x0000002A
In clock cycle: 267273
Memory Write to Addr: 0x00001C9C Val: 0x0000002A
In clock cycle: 267274
Memory Write to Addr: 0x00001C98 Val: 0x0000002A
In clock cycle: 267275
Memory Write to Addr: 0x00001C94 Val: 0x0000002A
In clock cycle: 267276
Memory Write to Addr: 0x00001C90 Val: 0x0000002A
In clock cycle: 267277
Memory Write to Addr: 0x00001C8C Val: 0x0000002A
In clock cycle: 268292
Register Write to Reg: 0x08 Val: 0x10010000
In clock cycle: 268293
Register Write to Reg: 0x08 Val: 0x00001CC4
In clock cycle: 268294
Register Write to Reg: 0x05 Val: 0x0000002A
In clock cycle: 268294
Memory Write to Addr: 0x00001CA8 Val: 0x0000002A
In clock cycle: 268295
Memory Write to Addr: 0x1000FFFC Val: 0x0000002A
In clock cycle: 268296
Memory Write to Addr: 0x00001CBC Val: 0x0000002A
In clock cycle: 268297
Memory Write to Addr: 0x00001CB8 Val: 0x0000002A
In clock cycle: 268298
Memory Write to Addr: 0x00001CB4 Val: 0x0000002A
In clock cycle: 268299
Memory Write to Addr: 0x00001CB0 Val: 0x0000002A
In clock cycle: 268300
Memory Write to Addr: 0x00001CAC Val: 0x0000002A
In clock cycle: 268301
Memory Write to Addr: 0x00001CA8 Val: 0x0000002A
In clock cycle: 269316
Register Write to Reg: 0x08 Val: 0x10010000
In clock cycle: 269317
Register Write to Reg: 0x08 Val: 0x00001CE0
In clock cycle: 269318
Register Write to Reg: 0x05 Val: 0x0000002A
In clock cycle: 269318
Memory Write to Addr: 0x00001CC4 Val: 0x0000002A
In clock cycle: 269319
Memory Write to Addr: 0x1000FFFC Val: 0x0000002A
In clock cycle: 269320
Memory Write to Addr: 0x00001CD8 Val: 0x0000002A
In clock cycle: 269321
Memory Write to Addr: 0x00001CD4 Val: 0x0000002A
In clock cycle: 269322
Memory Write to Addr: 0x00001CD0 Val: 0x0000002A
In clock cycle: 269323
Memory Write to Addr: 0x00001CCC Val: 0x0000002A
In clock cycle: 269324
Memory Write to Addr: 0x00001CC8 Val: 0x0000002A
In clock cycle: 269325
Memory Write to Addr: 0x00001CC4 Val: 0x0000002A
In clock cycle: 270340
Register Write to Reg: 0x08 Val: 0x10010000
In clock cycle: 270341
Register Write to Reg: 0x08 Val: 0x00001CFC
In clock cycle: 270342
Register Write to Reg: 0x05 Val: 0x0000002A
In clock cycle: 270342
Memory Write to Addr: 0x00001CE0 Val: 0x0000002A
In clock cycle: 270343
Memory Write to Addr: 0x1000FFFC Val: 0x0000002A
In clock cycle: 270344
Memory Write to Addr: 0x00001CF4 Val: 0x0000002A
In clock cycle: 270345
Memory Write to Addr: 0x00001CF0 Val: 0x0000002A
In clock cycle: 270346
Memory Write to Addr: 0x00001CEC Val: 0x0000002A
In clock cycle: 270347
Memory Write to Addr: 0x00001CE8 Val: 0x0000002A
In clock cycle: 270348
Memory Write to Addr: 0x00001CE4 Val: 0x0000002A
In clock cycle: 270349
Memory Write to Addr: 0x00001CE0 Val: 0x0000002A
In clock cycle: 271364
Register Write to Reg: 0x08 Val: 0x10010000
In clock cycle: 271365
Register Write to Reg: 0x08 Val: 0x00001D18
In clock cycle: 271366
Register Write to Reg: 0x05 Val: 0x0000002A
In clock cycle: 271366
Memory Write to Addr: 0x00001CFC Val: 0x0000002A
In clock cycle: 271367
Memory Write to Addr: 0x1000FFFC Val: 0x0000002A
In clock cycle: 271368
Memory Write to Addr: 0x00001D10 Val: 0x0000002A
In clock cycle: 271369
Memory Write to Addr: 0x00001D0C Val: 0x0000002A
In clock cycle: 271370
Memory Write to Addr: 0x00001D08 Val: 0x0000002A
In clock cycle: 271371
Memory Write to Addr: 0x00001D04 Val: 0x0000002A
In clock cycle: 271372
Memory Write to Addr: 0x00001D00 Val: 0x0000002A
In clock cycle: 271373
Memory Write to Addr: 0x00001CFC Val: 0x0000002A
In clock cycle: 272388
Register Write to Reg: 0x08 Val: 0x10010000
In clock cycle: 272389
Register Write to Reg: 0x08 Val: 0x00001D34
In clock cycle: 272390
Register Write to Reg: 0x05 Val: 0x0000002A
In clock cycle: 272390
Memory Write to Addr: 0x00001D18 Val: 0x0000002A
In clock cycle: 272391
Memory Write to Addr: 0x1000FFFC Val: 0x0000002A
In clock cycle: 272392
Memory Write to Addr: 0x00001D2C Val: 0x0000002A
In clock cycle: 272393
Memory Write to Addr: 0x00001D28 Val: 0x0000002A
In clock cycle: 272394
Memory Write to Addr: 0x00001D24 Val: 0x0000002A
In clock cycle: 272395
Memory Write to Addr: 0x00001D20 Val: 0x0000002A
In clock cycle: 272396
Memory Write to Addr: 0x00001D1C Val: 0x0000002A
In clock cycle: 272397
Memory Write to Addr: 0x00001D18 Val: 0x0000002A
In clock cycle: 273412
Register Write to Reg: 0x08 Val: 0x10010000
In clock cycle: 273413
Register Write to Reg: 0x08 Val: 0x00001D50
In clock cycle: 273414
Register Write to Reg: 0x05 Val: 0x0000002A
In clock cycle: 273414
Memory Write to Addr: 0x00001D34 Val: 0x0000002A
In clock cycle: 273415
Memory Write to Addr: 0x1000FFFC Val: 0x0000002A
In clock cycle: 273416
Memory Write to Addr: 0x00001D48 Val: 0x0000002A
In clock cycle: 273417
Memory Write to Addr: 0x00001D44 Val: 0x0000002A
In clock cycle: 273418
Memory Write to Addr: 0x00001D40 Val: 0x0000002A
In clock cycle: 273419
Memory Write to Addr: 0x00001D3C Val: 0x0000002A
In clock cycle: 273420
Memory Write to Addr: 0x00001D38 Val: 0x0000002A
In clock cycle: 273421
Memory Write to Addr: 0x00001D34 Val: 0x0000002A
In clock cycle: 274436
Register Write to Reg: 0x08 Val: 0x10010000
In clock cycle: 274437
Register Write to Reg: 0x08 Val: 0x00001D6C
In clock cycle: 274438
Register Write to Reg: 0x05 Val: 0x0000002A
In clock cycle: 274438
Memory Write to Addr: 0x00001D50 Val: 0x0000002A
In clock cycle: 274439
Memory Write to Addr: 0x1000FFFC Val: 0x0000002A
In clock cycle: 274440
Memory Write to Addr: 0x00001D64 Val: 0x0000002A
In clock cycle: 274441
Memory Write to Addr: 0x00001D60 Val: 0x0000002A
In clock cycle: 274442
Memory Write to Addr: 0x00001D5C Val: 0x0000002A
In clock cycle: 274443
Memory Write to Addr: 0x00001D58 Val: 0x0000002A
In clock cycle: 274444
Memory Write to Addr: 0x00001D54 Val: 0x0000002A
In clock cycle: 274445
Memory Write to Addr: 0x00001D50 Val: 0x0000002A
In clock cycle: 275460
Register Write to Reg: 0x08 Val: 0x10010000
In clock cycle: 275461
Register Write to Reg: 0x08 Val: 0x00001D88
In clock cycle: 275462
Register Write to Reg: 0x05 Val: 0x0000002A
In clock cycle: 275462
Memory Write to Addr: 0x00001D6C Val: 0x0000002A
In clock cycle: 275463
Memory Write to Addr: 0x1000FFFC Val: 0x0000002A
In clock cycle: 275464
Memory Write to Addr: 0x00001D80 Val: 0x0000002A
In clock cycle: 275465
Memory Write to Addr: 0x00001D7C Val: 0x0000002A
In clock cycle: 275466
Memory Write to Addr: 0x00001D78 Val: 0x0000002A
In clock cycle: 275467
Memory Write to Addr: 0x00001D74 Val: 0x0000002A
In clock cycle: 275468
Memory Write to Addr: 0x00001D70 Val: 0x0000002A
In clock cycle: 275469
Memory Write to Addr: 0x00001D6C Val: 0x0000002A
In clock cycle: 276484
Register Write to Reg: 0x08 Val: 0x10010000
In clock cycle: 276485
Register Write to Reg: 0x08 Val: 0x00001DA4
In clock cycle: 276486
Register Write to Reg: 0x05 Val: 0x0000002A
In clock cycle: 276486
Memory Write to Addr: 0x00001D88 Val: 0x0000002A
In clock cycle: 276487
Memory Write to Addr: 0x1000FFFC Val: 0x0000002A
In clock cycle: 276488
Memory Write to Addr: 0x00001D9C Val: 0x0000002A
In clock cycle: 276489
Memory Write to Addr: 0x00001D98 Val: 0x0000002A
In clock cycle: 276490
Memory Write to Addr: 0x00001D94 Val: 0x0000002A
In clock cycle: 276491
Memory Write to Addr: 0x00001D90 Val: 0x0000002A
In clock cycle: 276492
Memory Write to Addr: 0x00001D8C Val: 0x0000002A
In clock cycle: 276493
Memory Write to Addr: 0x00001D88 Val: 0x0000002A
In clock cycle: 277508
Register Write to Reg: 0x08 Val: 0x10010000
In clock cycle: 277509
Register Write to Reg: 0x08 Val: 0x00001DC0
In clock cycle: 277510
Register Write to Reg: 0x05 Val: 0x0000002A
In clock cycle: 277510
Memory Write to Addr: 0x00001DA4 Val: 0x0000002A
In clock cycle: 277511
Memory Write to Addr: 0x1000FFFC Val: 0x0000002A
In clock cycle: 277512
Memory Write to Addr: 0x00001DB8 Val: 0x0000002A
In clock cycle: 277513
Memory Write to Addr: 0x00001DB4 Val: 0x0000002A
In clock cycle: 277514
Memory Write to Addr: 0x00001DB0 Val: 0x0000002A
In clock cycle: 277515
Memory Write to Addr: 0x00001DAC Val: 0x0000002A
In clock cycle: 277516
Memory Write to Addr: 0x00001DA8 Val: 0x0000002A
In clock cycle: 277517
Memory Write to Addr: 0x00001DA4 Val: 0x0000002A
In clock cycle: 278532
Register Write to Reg: 0x08 Val: 0x10010000
In clock cycle: 278533
Register Write to Reg: 0x08 Val: 0x00001DDC
In clock cycle: 278534
Register Write to Reg: 0x05 Val: 0x0000002A
In clock cycle: 278534
Memory Write to Addr: 0x00001DC0 Val: 0x0000002A
In clock cycle: 278535
Memory Write to Addr: 0x1000FFFC Val: 0x0000002A
In clock cycle: 278536
Memory Write to Addr: 0x00001DD4 Val: 0x0000002A
In clock cycle: 278537
Memory Write to Addr: 0x00001DD0 Val: 0x0000002A
In clock cycle: 278538
Memory Write to Addr: 0x00001DCC Val: 0x0000002A
In clock cycle: 278539
Memory Write to Addr: 0x00001DC8 Val: 0x0000002A
In clock cycle: 278540
Memory Write to Addr: 0x00001DC4 Val: 0x0000002A
In clock cycle: 278541
Memory Write to Addr: 0x00001DC0 Val: 0x0000002A
In clock cycle: 279556
Register Write to Reg: 0x08 Val: 0x10010000
In clock cycle: 279557
Register Write to Reg: 0x08 Val: 0x00001DF8
In clock cycle: 279558
Register Write to Reg: 0x05 Val: 0x0000002A
In clock cycle: 279558
Memory Write to Addr: 0x00001DDC Val: 0x0000002A
In clock cycle: 279559
Memory Write to Addr: 0x1000FFFC Val: 0x0000002A
In clock cycle: 279560
Memory Write to Addr: 0x00001DF0 Val: 0x0000002A
In clock cycle: 279561
Memory Write to Addr: 0x00001DEC Val: 0x0000002A
In clock cycle: 279562
Memory Write to Addr: 0x00001DE8 Val: 0x0000002A
In clock cycle: 279563
Memory Write to Addr: 0x00001DE4 Val: 0x0000002A
In clock cycle: 279564
Memory Write to Addr: 0x00001DE0 Val: 0x0000002A
In clock cycle: 279565
Memory Write to Addr: 0x00001DDC Val: 0x0000002A
In clock cycle: 280580
Register Write to Reg: 0x08 Val: 0x10010000
In clock cycle: 280581
Register Write to Reg: 0x08 Val: 0x00001E14
In clock cycle: 280582
Register Write to Reg: 0x05 Val: 0x0000002A
In clock cycle: 280582
Memory Write to Addr: 0x00001DF8 Val: 0x0000002A
In clock cycle: 280583
Memory Write to Addr: 0x1000FFFC Val: 0x0000002A
In clock cycle: 280584
Memory Write to Addr: 0x00001E0C Val: 0x0000002A
In clock cycle: 280585
Memory Write to Addr: 0x00001E08 Val: 0x0000002A
In clock cycle: 280586
Memory Write to Addr: 0x00001E04 Val: 0x0000002A
In clock cycle: 280587
Memory Write to Addr: 0x00001E00 Val: 0x0000002A
In clock cycle: 280588
Memory Write to Addr: 0x00001DFC Val: 0x0000002A
In clock cycle: 280589
Memory Write to Addr: 0x00001DF8 Val: 0x0000002A
In clock cycle: 281604
Register Write to Reg: 0x08 Val: 0x10010000
In clock cycle: 281605
Register Write to Reg: 0x08 Val: 0x00001E30
In clock cycle: 281606
Register Write to Reg: 0x05 Val: 0x0000002A
In clock cycle: 281606
Memory Write to Addr: 0x00001E14 Val: 0x0000002A
In clock cycle: 281607
Memory Write to Addr: 0x1000FFFC Val: 0x0000002A
In clock cycle: 281608
Memory Write to Addr: 0x00001E28 Val: 0x0000002A
In clock cycle: 281609
Memory Write to Addr: 0x00001E24 Val: 0x0000002A
In clock cycle: 281610
Memory Write to Addr: 0x00001E20 Val: 0x0000002A
In clock cycle: 281611
Memory Write to Addr: 0x00001E1C Val: 0x0000002A
In clock cycle: 281612
Memory Write to Addr: 0x00001E18 Val: 0x0000002A
In clock cycle: 281613
Memory Write to Addr: 0x00001E14 Val: 0x0000002A
In clock cycle: 282628
Register Write to Reg: 0x08 Val: 0x10010000
In clock cycle: 282629
Register Write to Reg: 0x08 Val: 0x00001E4C
In clock cycle: 282630
Register Write to Reg: 0x05 Val: 0x0000002A
In clock cycle: 282630
Memory Write to Addr: 0x00001E30 Val: 0x0000002A
In clock cycle: 282631
Memory Write to Addr: 0x1000FFFC Val: 0x0000002A
In clock cycle: 282632
Memory Write to Addr: 0x00001E44 Val: 0x0000002A
In clock cycle: 282633
Memory Write to Addr: 0x00001E40 Val: 0x0000002A
In clock cycle: 282634
Memory Write to Addr: 0x00001E3C Val: 0x0000002A
In clock cycle: 282635
Memory Write to Addr: 0x00001E38 Val: 0x0000002A
In clock cycle: 282636
Memory Write to Addr: 0x00001E34 Val: 0x0000002A
In clock cycle: 282637
Memory Write to Addr: 0x00001E30 Val: 0x0000002A
In clock cycle: 283652
Register Write to Reg: 0x08 Val: 0x10010000
In clock cycle: 283653
Register Write to Reg: 0x08 Val: 0x00001E68
In clock cycle: 283654
Register Write to Reg: 0x05 Val: 0x0000002A
In clock cycle: 283654
Memory Write to Addr: 0x00001E4C Val: 0x0000002A
In clock cycle: 283655
Memory Write to Addr: 0x1000FFFC Val: 0x0000002A
In clock cycle: 283656
Memory Write to Addr: 0x00001E60 Val: 0x0000002A
In clock cycle: 283657
Memory Write to Addr: 0x00001E5C Val: 0x0000002A
In clock cycle: 283658
Memory Write to Addr: 0x00001E58 Val: 0x0000002A
In clock cycle: 283659
Memory Write to Addr: 0x00001E54 Val: 0x0000002A
In clock cycle: 283660
Memory Write to Addr: 0x00001E50 Val: 0x0000002A
In clock cycle: 283661
Memory Write to Addr: 0x00001E4C Val: 0x0000002A
In clock cycle: 284676
Register Write to Reg: 0x08 Val: 0x10010000
In clock cycle: 284677
Register Write to Reg: 0x08 Val: 0x00001E84
In clock cycle: 284678
Register Write to Reg: 0x05 Val: 0x0000002A
In clock cycle: 284678
Memory Write to Addr: 0x00001E68 Val: 0x0000002A
In clock cycle: 284679
Memory Write to Addr: 0x1000FFFC Val: 0x0000002A
In clock cycle: 284680
Memory Write to Addr: 0x00001E7C Val: 0x0000002A
In clock cycle: 284681
Memory Write to Addr: 0x00001E78 Val: 0x0000002A
In clock cycle: 284682
Memory Write to Addr: 0x00001E74 Val: 0x0000002A
In clock cycle: 284683
Memory Write to Addr: 0x00001E70 Val: 0x0000002A
In clock cycle: 284684
Memory Write to Addr: 0x00001E6C Val: 0x0000002A
In clock cycle: 284685
Memory Write to Addr: 0x00001E68 Val: 0x0000002A
In clock cycle: 285700
Register Write to Reg: 0x08 Val: 0x10010000
In clock cycle: 285701
Register Write to Reg: 0x08 Val: 0x00001EA0
In clock cycle: 285702
Register Write to Reg: 0x05 Val: 0x0000002A
In clock cycle: 285702
Memory Write to Addr: 0x00001E84 Val: 0x0000002A
In clock cycle: 285703
Memory Write to Addr: 0x1000FFFC Val: 0x0000002A
In clock cycle: 285704
Memory Write to Addr: 0x00001E98 Val: 0x0000002A
In clock cycle: 285705
Memory Write to Addr: 0x00001E94 Val: 0x0000002A
In clock cycle: 285706
Memory Write to Addr: 0x00001E90 Val: 0x0000002A
In clock cycle: 285707
Memory Write to Addr: 0x00001E8C Val: 0x0000002A
In clock cycle: 285708
Memory Write to Addr: 0x00001E88 Val: 0x0000002A
In clock cycle: 285709
Memory Write to Addr: 0x00001E84 Val: 0x0000002A
In clock cycle: 286724
Register Write to Reg: 0x08 Val: 0x10010000
In clock cycle: 286725
Register Write to Reg: 0x08 Val: 0x00001EBC
In clock cycle: 286726
Register Write to Reg: 0x05 Val: 0x0000002A
In clock cycle: 286726
Memory Write to Addr: 0x00001EA0 Val: 0x0000002A
In clock cycle: 286727
Memory Write to Addr: 0x1000FFFC Val: 0x0000002A
In clock cycle: 286728
Memory Write to Addr: 0x00001EB4 Val: 0x0000002A
In clock cycle: 286729
Memory Write to Addr: 0x00001EB0 Val: 0x0000002A
In clock cycle: 286730
Memory Write to Addr: 0x00001EAC Val: 0x0000002A
In clock cycle: 286731
Memory Write to Addr: 0x00001EA8 Val: 0x0000002A
In clock cycle: 286732
Memory Write to Addr: 0x00001EA4 Val: 0x0000002A
In clock cycle: 286733
Memory Write to Addr: 0x00001EA0 Val: 0x0000002A
In clock cycle: 287748
Register Write to Reg: 0x08 Val: 0x10010000
In clock cycle: 287749
Register Write to Reg: 0x08 Val: 0x00001ED8
In clock cycle: 287750
Register Write to Reg: 0x05 Val: 0x0000002A
In clock cycle: 287750
Memory Write to Addr: 0x00001EBC Val: 0x0000002A
In clock cycle: 287751
Memory Write to Addr: 0x1000FFFC Val: 0x0000002A
In clock cycle: 287752
Memory Write to Addr: 0x00001ED0 Val: 0x0000002A
In clock cycle: 287753
Memory Write to Addr: 0x00001ECC Val: 0x0000002A
In clock cycle: 287754
Memory Write to Addr: 0x00001EC8 Val: 0x0000002A
In clock cycle: 287755
Memory Write to Addr: 0x00001EC4 Val: 0x0000002A
In clock cycle: 287756
Memory Write to Addr: 0x00001EC0 Val: 0x0000002A
In clock cycle: 287757
Memory Write to Addr: 0x00001EBC Val: 0x0000002A
In clock cycle: 288772
Register Write to Reg: 0x08 Val: 0x10010000
In clock cycle: 288773
Register Write to Reg: 0x08 Val: 0x00001EF4
In clock cycle: 288774
Register Write to Reg: 0x05 Val: 0x0000002A
In clock cycle: 288774
Memory Write to Addr: 0x00001ED8 Val: 0x0000002A
In clock cycle: 288775
Memory Write to Addr: 0x1000FFFC Val: 0x0000002A
In clock cycle: 288776
Memory Write to Addr: 0x00001EEC Val: 0x0000002A
In clock cycle: 288777
Memory Write to Addr: 0x00001EE8 Val: 0x0000002A
In clock cycle: 288778
Memory Write to Addr: 0x00001EE4 Val: 0x0000002A
In clock cycle: 288779
Memory Write to Addr: 0x00001EE0 Val: 0x0000002A
In clock cycle: 288780
Memory Write to Addr: 0x00001EDC Val: 0x0000002A
In clock cycle: 288781
Memory Write to Addr: 0x00001ED8 Val: 0x0000002A
In clock cycle: 289796
Register Write to Reg: 0x08 Val: 0x10010000
In clock cycle: 289797
Register Write to Reg: 0x08 Val: 0x00001F10
In clock cycle: 289798
Register Write to Reg: 0x05 Val: 0x0000002A
In clock cycle: 289798
Memory Write to Addr: 0x00001EF4 Val: 0x0000002A
In clock cycle: 289799
Memory Write to Addr: 0x1000FFFC Val: 0x0000002A
In clock cycle: 289800
Memory Write to Addr: 0x00001F08 Val: 0x0000002A
In clock cycle: 289801
Memory Write to Addr: 0x00001F04 Val: 0x0000002A
In clock cycle: 289802
Memory Write to Addr: 0x00001F00 Val: 0x0000002A
In clock cycle: 289803
Memory Write to Addr: 0x00001EFC Val: 0x0000002A
In clock cycle: 289804
Memory Write to Addr: 0x00001EF8 Val: 0x0000002A
In clock cycle: 289805
Memory Write to Addr: 0x00001EF4 Val: 0x0000002A
In clock cycle: 290820
Register Write to Reg: 0x08 Val: 0x10010000
In clock cycle: 290821
Register Write to Reg: 0x08 Val: 0x00001F2C
In clock cycle: 290822
Register Write to Reg: 0x05 Val: 0x0000002A
In clock cycle: 290822
Memory Write to Addr: 0x00001F10 Val: 0x0000002A
In clock cycle: 290823
Memory Write to Addr: 0x1000FFFC Val: 0x0000002A
In clock cycle: 290824
Memory Write to Addr: 0x00001F24 Val: 0x0000002A
In clock cycle: 290825
Memory Write to Addr: 0x00001F20 Val: 0x0000002A
In clock cycle: 290826
Memory Write to Addr: 0x00001F1C Val: 0x0000002A
In clock cycle: 290827
Memory Write to Addr: 0x00001F18 Val: 0x0000002A
In clock cycle: 290828
Memory Write to Addr: 0x00001F14 Val: 0x0000002A
In clock cycle: 290829
Memory Write to Addr: 0x00001F10 Val: 0x0000002A
In clock cycle: 291844
Register Write to Reg: 0x08 Val: 0x10010000
In clock cycle: 291845
Register Write to Reg: 0x08 Val: 0x00001F48
In clock cycle: 291846
Register Write to Reg: 0x05 Val: 0x0000002A
In clock cycle: 291846
Memory Write to Addr: 0x00001F2C Val: 0x0000002A
In clock cycle: 291847
Memory Write to Addr: 0x1000FFFC Val: 0x0000002A
In clock cycle: 291848
Memory Write to Addr: 0x00001F40 Val: 0x0000002A
In clock cycle: 291849
Memory Write to Addr: 0x00001F3C Val: 0x0000002A
In clock cycle: 291850
Memory Write to Addr: 0x00001F38 Val: 0x0000002A
In clock cycle: 291851
Memory Write to Addr: 0x00001F34 Val: 0x0000002A
In clock cycle: 291852
Memory Write to Addr: 0x00001F30 Val: 0x0000002A
In clock cycle: 291853
Memory Write to Addr: 0x00001F2C Val: 0x0000002A
In clock cycle: 292868
Register Write to Reg: 0x08 Val: 0x10010000
In clock cycle: 292869
Register Write to Reg: 0x08 Val: 0x00001F64
In clock cycle: 292870
Register Write to Reg: 0x05 Val: 0x0000002A
In clock cycle: 292870
Memory Write to Addr: 0x00001F48 Val: 0x0000002A
In clock cycle: 292871
Memory Write to Addr: 0x1000FFFC Val: 0x0000002A
In clock cycle: 292872
Memory Write to Addr: 0x00001F5C Val: 0x0000002A
In clock cycle: 292873
Memory Write to Addr: 0x00001F58 Val: 0x0000002A
In clock cycle: 292874
Memory Write to Addr: 0x00001F54 Val: 0x0000002A
In clock cycle: 292875
Memory Write to Addr: 0x00001F50 Val: 0x0000002A
In clock cycle: 292876
Memory Write to Addr: 0x00001F4C Val: 0x0000002A
In clock cycle: 292877
Memory Write to Addr: 0x00001F48 Val: 0x0000002A
In clock cycle: 293892
Register Write to Reg: 0x08 Val: 0x10010000
In clock cycle: 293893
Register Write to Reg: 0x08 Val: 0x00001F80
In clock cycle: 293894
Register Write to Reg: 0x05 Val: 0x0000002A
In clock cycle: 293894
Memory Write to Addr: 0x00001F64 Val: 0x0000002A
In clock cycle: 293895
Memory Write to Addr: 0x1000FFFC Val: 0x0000002A
In clock cycle: 293896
Memory Write to Addr: 0x00001F78 Val: 0x0000002A
In clock cycle: 293897
Memory Write to Addr: 0x00001F74 Val: 0x0000002A
In clock cycle: 293898
Memory Write to Addr: 0x00001F70 Val: 0x0000002A
In clock cycle: 293899
Memory Write to Addr: 0x00001F6C Val: 0x0000002A
In clock cycle: 293900
Memory Write to Addr: 0x00001F68 Val: 0x0000002A
In clock cycle: 293901
Memory Write to Addr: 0x00001F64 Val: 0x0000002A
In clock cycle: 294916
Register Write to Reg: 0x08 Val: 0x10010000
In clock cycle: 294917
Register Write to Reg: 0x08 Val: 0x00001F9C
In clock cycle: 294918
Register Write to Reg: 0x05 Val: 0x0000002A
In clock cycle: 294918
Memory Write to Addr: 0x00001F80 Val: 0x0000002A
In clock cycle: 294919
Memory Write to Addr: 0x1000FFFC Val: 0x0000002A
In clock cycle: 294920
Memory Write to Addr: 0x00001F94 Val: 0x0000002A
In clock cycle: 294921
Memory Write to Addr: 0x00001F90 Val: 0x0000002A
In clock cycle: 294922
Memory Write to Addr: 0x00001F8C Val: 0x0000002A
In clock cycle: 294923
Memory Write to Addr: 0x00001F88 Val: 0x0000002A
In clock cycle: 294924
Memory Write to Addr: 0x00001F84 Val: 0x0000002A
In clock cycle: 294925
Memory Write to Addr: 0x00001F80 Val: 0x0000002A
In clock cycle: 295940
Register Write to Reg: 0x08 Val: 0x10010000
In clock cycle: 295941
Register Write to Reg: 0x08 Val: 0x00001FB8
In clock cycle: 295942
Register Write to Reg: 0x05 Val: 0x0000002A
In clock cycle: 295942
Memory Write to Addr: 0x00001F9C Val: 0x0000002A
In clock cycle: 295943
Memory Write to Addr: 0x1000FFFC Val: 0x0000002A
In clock cycle: 295944
Memory Write to Addr: 0x00001FB0 Val: 0x0000002A
In clock cycle: 295945
Memory Write to Addr: 0x00001FAC Val: 0x0000002A
In clock cycle: 295946
Memory Write to Addr: 0x00001FA8 Val: 0x0000002A
In clock cycle: 295947
Memory Write to Addr: 0x00001FA4 Val: 0x0000002A
In clock cycle: 295948
Memory Write to Addr: 0x00001FA0 Val: 0x0000002A
In clock cycle: 295949
Memory Write to Addr: 0x00001F9C Val: 0x0000002A
In clock cycle: 296964
Register Write to Reg: 0x08 Val: 0x10010000
In clock cycle: 296965
Register Write to Reg: 0x08 Val: 0x00001FD4
In clock cycle: 296966
Register Write to Reg: 0x05 Val: 0x0000002A
In clock cycle: 296966
Memory Write to Addr: 0x00001FB8 Val: 0x0000002A
In clock cycle: 296967
Memory Write to Addr: 0x1000FFFC Val: 0x0000002A
In clock cycle: 296968
Memory Write to Addr: 0x00001FCC Val: 0x0000002A
In clock cycle: 296969
Memory Write to Addr: 0x00001FC8 Val: 0x0000002A
In clock cycle: 296970
Memory Write to Addr: 0x00001FC4 Val: 0x0000002A
In clock cycle: 296971
Memory Write to Addr: 0x00001FC0 Val: 0x0000002A
In clock cycle: 296972
Memory Write to Addr: 0x00001FBC Val: 0x0000002A
In clock cycle: 296973
Memory Write to Addr: 0x00001FB8 Val: 0x0000002A
In clock cycle: 297988
Register Write to Reg: 0x08 Val: 0x10010000
In clock cycle: 297989
Register Write to Reg: 0x08 Val: 0x00001FF0
In clock cycle: 297990
Register Write to Reg: 0x05 Val: 0x0000002A
In clock cycle: 297990
Memory Write to Addr: 0x00001FD4 Val: 0x0000002A
In clock cycle: 297991
Memory Write to Addr: 0x1000FFFC Val: 0x0000002A
In clock cycle: 297992
Memory Write to Addr: 0x00001FE8 Val: 0x0000002A
In clock cycle: 297993
Memory Write to Addr: 0x00001FE4 Val: 0x0000002A
In clock cycle: 297994
Memory Write to Addr: 0x00001FE0 Val: 0x0000002A
In clock cycle: 297995
Memory Write to Addr: 0x00001FDC Val: 0x0000002A
In clock cycle: 297996
Memory Write to Addr: 0x00001FD8 Val: 0x0000002A
In clock cycle: 297997
Memory Write to Addr: 0x00001FD4 Val: 0x0000002A
In clock cycle: 299012
Register Write to Reg: 0x08 Val: 0x10010000
In clock cycle: 299013
Register Write to Reg: 0x08 Val: 0x0000200C
In clock cycle: 299014
Register Write to Reg: 0x05 Val: 0x0000002A
In clock cycle: 299014
Memory Write to Addr: 0x00001FF0 Val: 0x0000002A
In clock cycle: 299015
Memory Write to Addr: 0x1000FFFC Val: 0x0000002A
In clock cycle: 299016
Memory Write to Addr: 0x00002004 Val: 0x0000002A
In clock cycle: 299017
Memory Write to Addr: 0x00002000 Val: 0x0000002A
In clock cycle: 299018
Memory Write to Addr: 0x00001FFC Val: 0x0000002A
In clock cycle: 299019
Memory Write to Addr: 0x00001FF8 Val: 0x0000002A
In clock cycle: 299020
Memory Write to Addr: 0x00001FF4 Val: 0x0000002A
In clock cycle: 299021
Memory Write to Addr: 0x00001FF0 Val: 0x0000002A
In clock cycle: 300036
Register Write to Reg: 0x08 Val: 0x10010000
In clock cycle: 300037
Register Write to Reg: 0x08 Val: 0x00002028
In clock cycle: 300038
Register Write to Reg: 0x05 Val: 0x0000002A
In clock cycle: 300038
Memory Write to Addr: 0x0000200C Val: 0x0000002A
In clock cycle: 300039
Memory Write to Addr: 0x1000FFFC Val: 0x0000002A
In clock cycle: 300040
Memory Write to Addr: 0x00002020 Val: 0x0000002A
In clock cycle: 300041
Memory Write to Addr: 0x0000201C Val: 0x0000002A
In clock cycle: 300042
Memory Write to Addr: 0x00002018 Val: 0x0000002A
In clock cycle: 300043
Memory Write to Addr: 0x00002014 Val: 0x0000002A
In clock cycle: 300044
Memory Write to Addr: 0x00002010 Val: 0x0000002A
In clock cycle: 300045
Memory Write to Addr: 0x0000200C Val: 0x0000002A
In clock cycle: 301060
Register Write to Reg: 0x08 Val: 0x10010000
In clock cycle: 301061
Register Write to Reg: 0x08 Val: 0x00002044
In clock cycle: 301062
Register Write to Reg: 0x05 Val: 0x0000002A
In clock cycle: 301062
Memory Write to Addr: 0x00002028 Val: 0x0000002A
In clock cycle: 301063
Memory Write to Addr: 0x1000FFFC Val: 0x0000002A
In clock cycle: 301064
Memory Write to Addr: 0x0000203C Val: 0x0000002A
In clock cycle: 301065
Memory Write to Addr: 0x00002038 Val: 0x0000002A
In clock cycle: 301066
Memory Write to Addr: 0x00002034 Val: 0x0000002A
In clock cycle: 301067
Memory Write to Addr: 0x00002030 Val: 0x0000002A
In clock cycle: 301068
Memory Write to Addr: 0x0000202C Val: 0x0000002A
In clock cycle: 301069
Memory Write to Addr: 0x00002028 Val: 0x0000002A
In clock cycle: 302084
Register Write to Reg: 0x08 Val: 0x10010000
In clock cycle: 302085
Register Write to Reg: 0x08 Val: 0x00002060
In clock cycle: 302086
Register Write to Reg: 0x05 Val: 0x0000002A
In clock cycle: 302086
Memory Write to Addr: 0x00002044 Val: 0x0000002A
In clock cycle: 302087
Memory Write to Addr: 0x1000FFFC Val: 0x0000002A
In clock cycle: 302088
Memory Write to Addr: 0x00002058 Val: 0x0000002A
In clock cycle: 302089
Memory Write to Addr: 0x00002054 Val: 0x0000002A
In clock cycle: 302090
Memory Write to Addr: 0x00002050 Val: 0x0000002A
In clock cycle: 302091
Memory Write to Addr: 0x0000204C Val: 0x0000002A
In clock cycle: 302092
Memory Write to Addr: 0x00002048 Val: 0x0000002A
In clock cycle: 302093
Memory Write to Addr: 0x00002044 Val: 0x0000002A
In clock cycle: 303108
Register Write to Reg: 0x08 Val: 0x10010000
In clock cycle: 303109
Register Write to Reg: 0x08 Val: 0x0000207C
In clock cycle: 303110
Register Write to Reg: 0x05 Val: 0x0000002A
In clock cycle: 303110
Memory Write to Addr: 0x00002060 Val: 0x0000002A
In clock cycle: 303111
Memory Write to Addr: 0x1000FFFC Val: 0x0000002A
In clock cycle: 303112
Memory Write to Addr: 0x00002074 Val: 0x0000002A
In clock cycle: 303113
Memory Write to Addr: 0x00002070 Val: 0x0000002A
In clock cycle: 303114
Memory Write to Addr: 0x0000206C Val: 0x0000002A
In clock cycle: 303115
Memory Write to Addr: 0x00002068 Val: 0x0000002A
In clock cycle: 303116
Memory Write to Addr: 0x00002064 Val: 0x0000002A
In clock cycle: 303117
Memory Write to Addr: 0x00002060 Val: 0x0000002A
In clock cycle: 304132
Register Write to Reg: 0x08 Val: 0x10010000
In clock cycle: 304133
Register Write to Reg: 0x08 Val: 0x00002098
In clock cycle: 304134
Register Write to Reg: 0x05 Val: 0x0000002A
In clock cycle: 304134
Memory Write to Addr: 0x0000207C Val: 0x0000002A
In clock cycle: 304135
Memory Write to Addr: 0x1000FFFC Val: 0x0000002A
In clock cycle: 304136
Memory Write to Addr: 0x00002090 Val: 0x0000002A
In clock cycle: 304137
Memory Write to Addr: 0x0000208C Val: 0x0000002A
In clock cycle: 304138
Memory Write to Addr: 0x00002088 Val: 0x0000002A
In clock cycle: 304139
Memory Write to Addr: 0x00002084 Val: 0x0000002A
In clock cycle: 304140
Memory Write to Addr: 0x00002080 Val: 0x0000002A
In clock cycle: 304141
Memory Write to Addr: 0x0000207C Val: 0x0000002A
In clock cycle: 305156
Register Write to Reg: 0x08 Val: 0x10010000
In clock cycle: 305157
Register Write to Reg: 0x08 Val: 0x000020B4
In clock cycle: 305158
Register Write to Reg: 0x05 Val: 0x0000002A
In clock cycle: 305158
Memory Write to Addr: 0x00002098 Val: 0x0000002A
In clock cycle: 305159
Memory Write to Addr: 0x1000FFFC Val: 0x0000002A
In clock cycle: 305160
Memory Write to Addr: 0x000020AC Val: 0x0000002A
In clock cycle: 305161
Memory Write to Addr: 0x000020A8 Val: 0x0000002A
In clock cycle: 305162
Memory Write to Addr: 0x000020A4 Val: 0x0000002A
In clock cycle: 305163
Memory Write to Addr: 0x000020A0 Val: 0x0000002A
In clock cycle: 305164
Memory Write to Addr: 0x0000209C Val: 0x0000002A
In clock cycle: 305165
Memory Write to Addr: 0x00002098 Val: 0x0000002A
In clock cycle: 306180
Register Write to Reg: 0x08 Val: 0x10010000
In clock cycle: 306181
Register Write to Reg: 0x08 Val: 0x000020D0
In clock cycle: 306182
Register Write to Reg: 0x05 Val: 0x0000002A
In clock cycle: 306182
Memory Write to Addr: 0x000020B4 Val: 0x0000002A
In clock cycle: 306183
Memory Write to Addr: 0x1000FFFC Val: 0x0000002A
In clock cycle: 306184
Memory Write to Addr: 0x000020C8 Val: 0x0000002A
In clock cycle: 306185
Memory Write to Addr: 0x000020C4 Val: 0x0000002A
In clock cycle: 306186
Memory Write to Addr: 0x000020C0 Val: 0x0000002A
In clock cycle: 306187
Memory Write to Addr: 0x000020BC Val: 0x0000002A
In clock cycle: 306188
Memory Write to Addr: 0x000020B8 Val: 0x0000002A
In clock cycle: 306189
Memory Write to Addr: 0x000020B4 Val: 0x0000002A
In clock cycle: 307204
Register Write to Reg: 0x08 Val: 0x10010000
In clock cycle: 307205
Register Write to Reg: 0x08 Val: 0x000020EC
In clock cycle: 307206
Register Write to Reg: 0x05 Val: 0x0000002A
In clock cycle: 307206
Memory Write to Addr: 0x000020D0 Val: 0x0000002A
In clock cycle: 307207
Memory Write to Addr: 0x1000FFFC Val: 0x0000002A
In clock cycle: 307208
Memory Write to Addr: 0x000020E4 Val: 0x0000002A
In clock cycle: 307209
Memory Write to Addr: 0x000020E0 Val: 0x0000002A
In clock cycle: 307210
Memory Write to Addr: 0x000020DC Val: 0x0000002A
In clock cycle: 307211
Memory Write to Addr: 0x000020D8 Val: 0x0000002A
In clock cycle: 307212
Memory Write to Addr: 0x000020D4 Val: 0x0000002A
In clock cycle: 307213
Memory Write to Addr: 0x000020D0 Val: 0x0000002A
In clock cycle: 308228
Register Write to Reg: 0x08 Val: 0x10010000
In clock cycle: 308229
Register Write to Reg: 0x08 Val: 0x00002108
In clock cycle: 308230
Register Write to Reg: 0x05 Val: 0x0000002A
In clock cycle: 308230
Memory Write to Addr: 0x000020EC Val: 0x0000002A
In clock cycle: 308231
Memory Write to Addr: 0x1000FFFC Val: 0x0000002A
In clock cycle: 308232
Memory Write to Addr: 0x00002100 Val: 0x0000002A
In clock cycle: 308233
Memory Write to Addr: 0x000020FC Val: 0x0000002A
In clock cycle: 308234
Memory Write to Addr: 0x000020F8 Val: 0x0000002A
In clock cycle: 308235
Memory Write to Addr: 0x000020F4 Val: 0x0000002A
In clock cycle: 308236
Memory Write to Addr: 0x000020F0 Val: 0x0000002A
In clock cycle: 308237
Memory Write to Addr: 0x000020EC Val: 0x0000002A
In clock cycle: 309252
Register Write to Reg: 0x08 Val: 0x10010000
In clock cycle: 309253
Register Write to Reg: 0x08 Val: 0x00002124
In clock cycle: 309254
Register Write to Reg: 0x05 Val: 0x0000002A
In clock cycle: 309254
Memory Write to Addr: 0x00002108 Val: 0x0000002A
In clock cycle: 309255
Memory Write to Addr: 0x1000FFFC Val: 0x0000002A
In clock cycle: 309256
Memory Write to Addr: 0x0000211C Val: 0x0000002A
In clock cycle: 309257
Memory Write to Addr: 0x00002118 Val: 0x0000002A
In clock cycle: 309258
Memory Write to Addr: 0x00002114 Val: 0x0000002A
In clock cycle: 309259
Memory Write to Addr: 0x00002110 Val: 0x0000002A
In clock cycle: 309260
Memory Write to Addr: 0x0000210C Val: 0x0000002A
In clock cycle: 309261
Memory Write to Addr: 0x00002108 Val: 0x0000002A
In clock cycle: 310276
Register Write to Reg: 0x08 Val: 0x10010000
In clock cycle: 310277
Register Write to Reg: 0x08 Val: 0x00002140
In clock cycle: 310278
Register Write to Reg: 0x05 Val: 0x0000002A
In clock cycle: 310278
Memory Write to Addr: 0x00002124 Val: 0x0000002A
In clock cycle: 310279
Memory Write to Addr: 0x1000FFFC Val: 0x0000002A
In clock cycle: 310280
Memory Write to Addr: 0x00002138 Val: 0x0000002A
In clock cycle: 310281
Memory Write to Addr: 0x00002134 Val: 0x0000002A
In clock cycle: 310282
Memory Write to Addr: 0x00002130 Val: 0x0000002A
In clock cycle: 310283
Memory Write to Addr: 0x0000212C Val: 0x0000002A
In clock cycle: 310284
Memory Write to Addr: 0x00002128 Val: 0x0000002A
In clock cycle: 310285
Memory Write to Addr: 0x00002124 Val: 0x0000002A
In clock cycle: 311300
Register Write to Reg: 0x08 Val: 0x10010000
In clock cycle: 311301
Register Write to Reg: 0x08 Val: 0x0000215C
In clock cycle: 311302
Register Write to Reg: 0x05 Val: 0x0000002A
In clock cycle: 311302
Memory Write to Addr: 0x00002140 Val: 0x0000002A
In clock cycle: 311303
Memory Write to Addr: 0x1000FFFC Val: 0x0000002A
In clock cycle: 311304
Memory Write to Addr: 0x00002154 Val: 0x0000002A
In clock cycle: 311305
Memory Write to Addr: 0x00002150 Val: 0x0000002A
In clock cycle: 311306
Memory Write to Addr: 0x0000214C Val: 0x0000002A
In clock cycle: 311307
Memory Write to Addr: 0x00002148 Val: 0x0000002A
In clock cycle: 311308
Memory Write to Addr: 0x00002144 Val: 0x0000002A
In clock cycle: 311309
Memory Write to Addr: 0x00002140 Val: 0x0000002A
In clock cycle: 312324
Register Write to Reg: 0x08 Val: 0x10010000
In clock cycle: 312325
Register Write to Reg: 0x08 Val: 0x00002178
In clock cycle: 312326
Register Write to Reg: 0x05 Val: 0x0000002A
In clock cycle: 312326
Memory Write to Addr: 0x0000215C Val: 0x0000002A
In clock cycle: 312327
Memory Write to Addr: 0x1000FFFC Val: 0x0000002A
In clock cycle: 312328
Memory Write to Addr: 0x00002170 Val: 0x0000002A
In clock cycle: 312329
Memory Write to Addr: 0x0000216C Val: 0x0000002A
In clock cycle: 312330
Memory Write to Addr: 0x00002168 Val: 0x0000002A
In clock cycle: 312331
Memory Write to Addr: 0x00002164 Val: 0x0000002A
In clock cycle: 312332
Memory Write to Addr: 0x00002160 Val: 0x0000002A
In clock cycle: 312333
Memory Write to Addr: 0x0000215C Val: 0x0000002A
In clock cycle: 313348
Register Write to Reg: 0x08 Val: 0x10010000
In clock cycle: 313349
Register Write to Reg: 0x08 Val: 0x00002194
In clock cycle: 313350
Register Write to Reg: 0x05 Val: 0x0000002A
In clock cycle: 313350
Memory Write to Addr: 0x00002178 Val: 0x0000002A
In clock cycle: 313351
Memory Write to Addr: 0x1000FFFC Val: 0x0000002A
In clock cycle: 313352
Memory Write to Addr: 0x0000218C Val: 0x0000002A
In clock cycle: 313353
Memory Write to Addr: 0x00002188 Val: 0x0000002A
In clock cycle: 313354
Memory Write to Addr: 0x00002184 Val: 0x0000002A
In clock cycle: 313355
Memory Write to Addr: 0x00002180 Val: 0x0000002A
In clock cycle: 313356
Memory Write to Addr: 0x0000217C Val: 0x0000002A
In clock cycle: 313357
Memory Write to Addr: 0x00002178 Val: 0x0000002A
In clock cycle: 314372
Register Write to Reg: 0x08 Val: 0x10010000
In clock cycle: 314373
Register Write to Reg: 0x08 Val: 0x000021B0
In clock cycle: 314374
Register Write to Reg: 0x05 Val: 0x0000002A
In clock cycle: 314374
Memory Write to Addr: 0x00002194 Val: 0x0000002A
In clock cycle: 314375
Memory Write to Addr: 0x1000FFFC Val: 0x0000002A
In clock cycle: 314376
Memory Write to Addr: 0x000021A8 Val: 0x0000002A
In clock cycle: 314377
Memory Write to Addr: 0x000021A4 Val: 0x0000002A
In clock cycle: 314378
Memory Write to Addr: 0x000021A0 Val: 0x0000002A
In clock cycle: 314379
Memory Write to Addr: 0x0000219C Val: 0x0000002A
In clock cycle: 314380
Memory Write to Addr: 0x00002198 Val: 0x0000002A
In clock cycle: 314381
Memory Write to Addr: 0x00002194 Val: 0x0000002A
In clock cycle: 315396
Register Write to Reg: 0x08 Val: 0x10010000
In clock cycle: 315397
Register Write to Reg: 0x08 Val: 0x000021CC
In clock cycle: 315398
Register Write to Reg: 0x05 Val: 0x0000002A
In clock cycle: 315398
Memory Write to Addr: 0x000021B0 Val: 0x0000002A
In clock cycle: 315399
Memory Write to Addr: 0x1000FFFC Val: 0x0000002A
In clock cycle: 315400
Memory Write to Addr: 0x000021C4 Val: 0x0000002A
In clock cycle: 315401
Memory Write to Addr: 0x000021C0 Val: 0x0000002A
In clock cycle: 315402
Memory Write to Addr: 0x000021BC Val: 0x0000002A
In clock cycle: 315403
Memory Write to Addr: 0x000021B8 Val: 0x0000002A
In clock cycle: 315404
Memory Write to Addr: 0x000021B4 Val: 0x0000002A
In clock cycle: 315405
Memory Write to Addr: 0x000021B0 Val: 0x0000002A
In clock cycle: 316420
Register Write to Reg: 0x08 Val: 0x10010000
In clock cycle: 316421
Register Write to Reg: 0x08 Val: 0x000021E8
In clock cycle: 316422
Register Write to Reg: 0x05 Val: 0x0000002A
In clock cycle: 316422
Memory Write to Addr: 0x000021CC Val: 0x0000002A
In clock cycle: 316423
Memory Write to Addr: 0x1000FFFC Val: 0x0000002A
In clock cycle: 316424
Memory Write to Addr: 0x000021E0 Val: 0x0000002A
In clock cycle: 316425
Memory Write to Addr: 0x000021DC Val: 0x0000002A
In clock cycle: 316426
Memory Write to Addr: 0x000021D8 Val: 0x0000002A
In clock cycle: 316427
Memory Write to Addr: 0x000021D4 Val: 0x0000002A
In clock cycle: 316428
Memory Write to Addr: 0x000021D0 Val: 0x0000002A
In clock cycle: 316429
Memory Write to Addr: 0x000021CC Val: 0x0000002A
In clock cycle: 317444
Register Write to Reg: 0x08 Val: 0x10010000
In clock cycle: 317445
Register Write to Reg: 0x08 Val: 0x00002204
In clock cycle: 317446
Register Write to Reg: 0x05 Val: 0x0000002A
In clock cycle: 317446
Memory Write to Addr: 0x000021E8 Val: 0x0000002A
In clock cycle: 317447
Memory Write to Addr: 0x1000FFFC Val: 0x0000002A
In clock cycle: 317448
Memory Write to Addr: 0x000021FC Val: 0x0000002A
In clock cycle: 317449
Memory Write to Addr: 0x000021F8 Val: 0x0000002A
In clock cycle: 317450
Memory Write to Addr: 0x000021F4 Val: 0x0000002A
In clock cycle: 317451
Memory Write to Addr: 0x000021F0 Val: 0x0000002A
In clock cycle: 317452
Memory Write to Addr: 0x000021EC Val: 0x0000002A
In clock cycle: 317453
Memory Write to Addr: 0x000021E8 Val: 0x0000002A
In clock cycle: 318468
Register Write to Reg: 0x08 Val: 0x10010000
In clock cycle: 318469
Register Write to Reg: 0x08 Val: 0x00002220
In clock cycle: 318470
Register Write to Reg: 0x05 Val: 0x0000002A
In clock cycle: 318470
Memory Write to Addr: 0x00002204 Val: 0x0000002A
In clock cycle: 318471
Memory Write to Addr: 0x1000FFFC Val: 0x0000002A
In clock cycle: 318472
Memory Write to Addr: 0x00002218 Val: 0x0000002A
In clock cycle: 318473
Memory Write to Addr: 0x00002214 Val: 0x0000002A
In clock cycle: 318474
Memory Write to Addr: 0x00002210 Val: 0x0000002A
In clock cycle: 318475
Memory Write to Addr: 0x0000220C Val: 0x0000002A
In clock cycle: 318476
Memory Write to Addr: 0x00002208 Val: 0x0000002A
In clock cycle: 318477
Memory Write to Addr: 0x00002204 Val: 0x0000002A
In clock cycle: 319492
Register Write to Reg: 0x08 Val: 0x10010000
In clock cycle: 319493
Register Write to Reg: 0x08 Val: 0x0000223C
In clock cycle: 319494
Register Write to Reg: 0x05 Val: 0x0000002A
In clock cycle: 319494
Memory Write to Addr: 0x00002220 Val: 0x0000002A
In clock cycle: 319495
Memory Write to Addr: 0x1000FFFC Val: 0x0000002A
In clock cycle: 319496
Memory Write to Addr: 0x00002234 Val: 0x0000002A
In clock cycle: 319497
Memory Write to Addr: 0x00002230 Val: 0x0000002A
In clock cycle: 319498
Memory Write to Addr: 0x0000222C Val: 0x0000002A
In clock cycle: 319499
Memory Write to Addr: 0x00002228 Val: 0x0000002A
In clock cycle: 319500
Memory Write to Addr: 0x00002224 Val: 0x0000002A
In clock cycle: 319501
Memory Write to Addr: 0x00002220 Val: 0x0000002A
In clock cycle: 320516
Register Write to Reg: 0x08 Val: 0x10010000
In clock cycle: 320517
Register Write to Reg: 0x08 Val: 0x00002258
In clock cycle: 320518
Register Write to Reg: 0x05 Val: 0x0000002A
In clock cycle: 320518
Memory Write to Addr: 0x0000223C Val: 0x0000002A
In clock cycle: 320519
Memory Write to Addr: 0x1000FFFC Val: 0x0000002A
In clock cycle: 320520
Memory Write to Addr: 0x00002250 Val: 0x0000002A
In clock cycle: 320521
Memory Write to Addr: 0x0000224C Val: 0x0000002A
In clock cycle: 320522
Memory Write to Addr: 0x00002248 Val: 0x0000002A
In clock cycle: 320523
Memory Write to Addr: 0x00002244 Val: 0x0000002A
In clock cycle: 320524
Memory Write to Addr: 0x00002240 Val: 0x0000002A
In clock cycle: 320525
Memory Write to Addr: 0x0000223C Val: 0x0000002A
In clock cycle: 321540
Register Write to Reg: 0x08 Val: 0x10010000
In clock cycle: 321541
Register Write to Reg: 0x08 Val: 0x00002274
In clock cycle: 321542
Register Write to Reg: 0x05 Val: 0x0000002A
In clock cycle: 321542
Memory Write to Addr: 0x00002258 Val: 0x0000002A
In clock cycle: 321543
Memory Write to Addr: 0x1000FFFC Val: 0x0000002A
In clock cycle: 321544
Memory Write to Addr: 0x0000226C Val: 0x0000002A
In clock cycle: 321545
Memory Write to Addr: 0x00002268 Val: 0x0000002A
In clock cycle: 321546
Memory Write to Addr: 0x00002264 Val: 0x0000002A
In clock cycle: 321547
Memory Write to Addr: 0x00002260 Val: 0x0000002A
In clock cycle: 321548
Memory Write to Addr: 0x0000225C Val: 0x0000002A
In clock cycle: 321549
Memory Write to Addr: 0x00002258 Val: 0x0000002A
In clock cycle: 322564
Register Write to Reg: 0x08 Val: 0x10010000
In clock cycle: 322565
Register Write to Reg: 0x08 Val: 0x00002290
In clock cycle: 322566
Register Write to Reg: 0x05 Val: 0x0000002A
In clock cycle: 322566
Memory Write to Addr: 0x00002274 Val: 0x0000002A
In clock cycle: 322567
Memory Write to Addr: 0x1000FFFC Val: 0x0000002A
In clock cycle: 322568
Memory Write to Addr: 0x00002288 Val: 0x0000002A
In clock cycle: 322569
Memory Write to Addr: 0x00002284 Val: 0x0000002A
In clock cycle: 322570
Memory Write to Addr: 0x00002280 Val: 0x0000002A
In clock cycle: 322571
Memory Write to Addr: 0x0000227C Val: 0x0000002A
In clock cycle: 322572
Memory Write to Addr: 0x00002278 Val: 0x0000002A
In clock cycle: 322573
Memory Write to Addr: 0x00002274 Val: 0x0000002A
In clock cycle: 323588
Register Write to Reg: 0x08 Val: 0x10010000
In clock cycle: 323589
Register Write to Reg: 0x08 Val: 0x000022AC
In clock cycle: 323590
Register Write to Reg: 0x05 Val: 0x0000002A
In clock cycle: 323590
Memory Write to Addr: 0x00002290 Val: 0x0000002A
In clock cycle: 323591
Memory Write to Addr: 0x1000FFFC Val: 0x0000002A
In clock cycle: 323592
Memory Write to Addr: 0x000022A4 Val: 0x0000002A
In clock cycle: 323593
Memory Write to Addr: 0x000022A0 Val: 0x0000002A
In clock cycle: 323594
Memory Write to Addr: 0x0000229C Val: 0x0000002A
In clock cycle: 323595
Memory Write to Addr: 0x00002298 Val: 0x0000002A
In clock cycle: 323596
Memory Write to Addr: 0x00002294 Val: 0x0000002A
In clock cycle: 323597
Memory Write to Addr: 0x00002290 Val: 0x0000002A
In clock cycle: 324612
Register Write to Reg: 0x08 Val: 0x10010000
In clock cycle: 324613
Register Write to Reg: 0x08 Val: 0x000022C8
In clock cycle: 324614
Register Write to Reg: 0x05 Val: 0x0000002A
In clock cycle: 324614
Memory Write to Addr: 0x000022AC Val: 0x0000002A
In clock cycle: 324615
Memory Write to Addr: 0x1000FFFC Val: 0x0000002A
In clock cycle: 324616
Memory Write to Addr: 0x000022C0 Val: 0x0000002A
In clock cycle: 324617
Memory Write to Addr: 0x000022BC Val: 0x0000002A
In clock cycle: 324618
Memory Write to Addr: 0x000022B8 Val: 0x0000002A
In clock cycle: 324619
Memory Write to Addr: 0x000022B4 Val: 0x0000002A
In clock cycle: 324620
Memory Write to Addr: 0x000022B0 Val: 0x0000002A
In clock cycle: 324621
Memory Write to Addr: 0x000022AC Val: 0x0000002A
In clock cycle: 325636
Register Write to Reg: 0x08 Val: 0x10010000
In clock cycle: 325637
Register Write to Reg: 0x08 Val: 0x000022E4
In clock cycle: 325638
Register Write to Reg: 0x05 Val: 0x0000002A
In clock cycle: 325638
Memory Write to Addr: 0x000022C8 Val: 0x0000002A
In clock cycle: 325639
Memory Write to Addr: 0x1000FFFC Val: 0x0000002A
In clock cycle: 325640
Memory Write to Addr: 0x000022DC Val: 0x0000002A
In clock cycle: 325641
Memory Write to Addr: 0x000022D8 Val: 0x0000002A
In clock cycle: 325642
Memory Write to Addr: 0x000022D4 Val: 0x0000002A
In clock cycle: 325643
Memory Write to Addr: 0x000022D0 Val: 0x0000002A
In clock cycle: 325644
Memory Write to Addr: 0x000022CC Val: 0x0000002A
In clock cycle: 325645
Memory Write to Addr: 0x000022C8 Val: 0x0000002A
In clock cycle: 326660
Register Write to Reg: 0x08 Val: 0x10010000
In clock cycle: 326661
Register Write to Reg: 0x08 Val: 0x00002300
In clock cycle: 326662
Register Write to Reg: 0x05 Val: 0x0000002A
In clock cycle: 326662
Memory Write to Addr: 0x000022E4 Val: 0x0000002A
In clock cycle: 326663
Memory Write to Addr: 0x1000FFFC Val: 0x0000002A
In clock cycle: 326664
Memory Write to Addr: 0x000022F8 Val: 0x0000002A
In clock cycle: 326665
Memory Write to Addr: 0x000022F4 Val: 0x0000002A
In clock cycle: 326666
Memory Write to Addr: 0x000022F0 Val: 0x0000002A
In clock cycle: 326667
Memory Write to Addr: 0x000022EC Val: 0x0000002A
In clock cycle: 326668
Memory Write to Addr: 0x000022E8 Val: 0x0000002A
In clock cycle: 326669
Memory Write to Addr: 0x000022E4 Val: 0x0000002A
In clock cycle: 327684
Register Write to Reg: 0x08 Val: 0x10010000
In clock cycle: 327685
Register Write to Reg: 0x08 Val: 0x0000231C
In clock cycle: 327686
Register Write to Reg: 0x05 Val: 0x0000002A
In clock cycle: 327686
Memory Write to Addr: 0x00002300 Val: 0x0000002A
In clock cycle: 327687
Memory Write to Addr: 0x1000FFFC Val: 0x0000002A
In clock cycle: 327688
Memory Write to Addr: 0x00002314 Val: 0x0000002A
In clock cycle: 327689
Memory Write to Addr: 0x00002310 Val: 0x0000002A
In clock cycle: 327690
Memory Write to Addr: 0x0000230C Val: 0x0000002A
In clock cycle: 327691
Memory Write to Addr: 0x00002308 Val: 0x0000002A
In clock cycle: 327692
Memory Write to Addr: 0x00002304 Val: 0x0000002A
In clock cycle: 327693
Memory Write to Addr: 0x00002300 Val: 0x0000002A
In clock cycle: 328708
Register Write to Reg: 0x08 Val: 0x10010000
In clock cycle: 328709
Register Write to Reg: 0x08 Val: 0x00002338
In clock cycle: 328710
Register Write to Reg: 0x05 Val: 0x0000002A
In clock cycle: 328710
Memory Write to Addr: 0x0000231C Val: 0x0000002A
In clock cycle: 328711
Memory Write to Addr: 0x1000FFFC Val: 0x0000002A
In clock cycle: 328712
Memory Write to Addr: 0x00002330 Val: 0x0000002A
In clock cycle: 328713
Memory Write to Addr: 0x0000232C Val: 0x0000002A
In clock cycle: 328714
Memory Write to Addr: 0x00002328 Val: 0x0000002A
In clock cycle: 328715
Memory Write to Addr: 0x00002324 Val: 0x0000002A
In clock cycle: 328716
Memory Write to Addr: 0x00002320 Val: 0x0000002A
In clock cycle: 328717
Memory Write to Addr: 0x0000231C Val: 0x0000002A
In clock cycle: 329732
Register Write to Reg: 0x08 Val: 0x10010000
In clock cycle: 329733
Register Write to Reg: 0x08 Val: 0x00002354
In clock cycle: 329734
Register Write to Reg: 0x05 Val: 0x0000002A
In clock cycle: 329734
Memory Write to Addr: 0x00002338 Val: 0x0000002A
In clock cycle: 329735
Memory Write to Addr: 0x1000FFFC Val: 0x0000002A
In clock cycle: 329736
Memory Write to Addr: 0x0000234C Val: 0x0000002A
In clock cycle: 329737
Memory Write to Addr: 0x00002348 Val: 0x0000002A
In clock cycle: 329738
Memory Write to Addr: 0x00002344 Val: 0x0000002A
In clock cycle: 329739
Memory Write to Addr: 0x00002340 Val: 0x0000002A
In clock cycle: 329740
Memory Write to Addr: 0x0000233C Val: 0x0000002A
In clock cycle: 329741
Memory Write to Addr: 0x00002338 Val: 0x0000002A
In clock cycle: 330756
Register Write to Reg: 0x08 Val: 0x10010000
In clock cycle: 330757
Register Write to Reg: 0x08 Val: 0x00002370
In clock cycle: 330758
Register Write to Reg: 0x05 Val: 0x0000002A
In clock cycle: 330758
Memory Write to Addr: 0x00002354 Val: 0x0000002A
In clock cycle: 330759
Memory Write to Addr: 0x1000FFFC Val: 0x0000002A
In clock cycle: 330760
Memory Write to Addr: 0x00002368 Val: 0x0000002A
In clock cycle: 330761
Memory Write to Addr: 0x00002364 Val: 0x0000002A
In clock cycle: 330762
Memory Write to Addr: 0x00002360 Val: 0x0000002A
In clock cycle: 330763
Memory Write to Addr: 0x0000235C Val: 0x0000002A
In clock cycle: 330764
Memory Write to Addr: 0x00002358 Val: 0x0000002A
In clock cycle: 330765
Memory Write to Addr: 0x00002354 Val: 0x0000002A
In clock cycle: 331780
Register Write to Reg: 0x08 Val: 0x10010000
In clock cycle: 331781
Register Write to Reg: 0x08 Val: 0x0000238C
In clock cycle: 331782
Register Write to Reg: 0x05 Val: 0x0000002A
In clock cycle: 331782
Memory Write to Addr: 0x00002370 Val: 0x0000002A
In clock cycle: 331783
Memory Write to Addr: 0x1000FFFC Val: 0x0000002A
In clock cycle: 331784
Memory Write to Addr: 0x00002384 Val: 0x0000002A
In clock cycle: 331785
Memory Write to Addr: 0x00002380 Val: 0x0000002A
In clock cycle: 331786
Memory Write to Addr: 0x0000237C Val: 0x0000002A
In clock cycle: 331787
Memory Write to Addr: 0x00002378 Val: 0x0000002A
In clock cycle: 331788
Memory Write to Addr: 0x00002374 Val: 0x0000002A
In clock cycle: 331789
Memory Write to Addr: 0x00002370 Val: 0x0000002A
In clock cycle: 332804
Register Write to Reg: 0x08 Val: 0x10010000
In clock cycle: 332805
Register Write to Reg: 0x08 Val: 0x000023A8
In clock cycle: 332806
Register Write to Reg: 0x05 Val: 0x0000002A
In clock cycle: 332806
Memory Write to Addr: 0x0000238C Val: 0x0000002A
In clock cycle: 332807
Memory Write to Addr: 0x1000FFFC Val: 0x0000002A
In clock cycle: 332808
Memory Write to Addr: 0x000023A0 Val: 0x0000002A
In clock cycle: 332809
Memory Write to Addr: 0x0000239C Val: 0x0000002A
In clock cycle: 332810
Memory Write to Addr: 0x00002398 Val: 0x0000002A
In clock cycle: 332811
Memory Write to Addr: 0x00002394 Val: 0x0000002A
In clock cycle: 332812
Memory Write to Addr: 0x00002390 Val: 0x0000002A
In clock cycle: 332813
Memory Write to Addr: 0x0000238C Val: 0x0000002A
In clock cycle: 333828
Register Write to Reg: 0x08 Val: 0x10010000
In clock cycle: 333829
Register Write to Reg: 0x08 Val: 0x000023C4
In clock cycle: 333830
Register Write to Reg: 0x05 Val: 0x0000002A
In clock cycle: 333830
Memory Write to Addr: 0x000023A8 Val: 0x0000002A
In clock cycle: 333831
Memory Write to Addr: 0x1000FFFC Val: 0x0000002A
In clock cycle: 333832
Memory Write to Addr: 0x000023BC Val: 0x0000002A
In clock cycle: 333833
Memory Write to Addr: 0x000023B8 Val: 0x0000002A
In clock cycle: 333834
Memory Write to Addr: 0x000023B4 Val: 0x0000002A
In clock cycle: 333835
Memory Write to Addr: 0x000023B0 Val: 0x0000002A
In clock cycle: 333836
Memory Write to Addr: 0x000023AC Val: 0x0000002A
In clock cycle: 333837
Memory Write to Addr: 0x000023A8 Val: 0x0000002A
In clock cycle: 334852
Register Write to Reg: 0x08 Val: 0x10010000
In clock cycle: 334853
Register Write to Reg: 0x08 Val: 0x000023E0
In clock cycle: 334854
Register Write to Reg: 0x05 Val: 0x0000002A
In clock cycle: 334854
Memory Write to Addr: 0x000023C4 Val: 0x0000002A
In clock cycle: 334855
Memory Write to Addr: 0x1000FFFC Val: 0x0000002A
In clock cycle: 334856
Memory Write to Addr: 0x000023D8 Val: 0x0000002A
In clock cycle: 334857
Memory Write to Addr: 0x000023D4 Val: 0x0000002A
In clock cycle: 334858
Memory Write to Addr: 0x000023D0 Val: 0x0000002A
In clock cycle: 334859
Memory Write to Addr: 0x000023CC Val: 0x0000002A
In clock cycle: 334860
Memory Write to Addr: 0x000023C8 Val: 0x0000002A
In clock cycle: 334861
Memory Write to Addr: 0x000023C4 Val: 0x0000002A
In clock cycle: 335876
Register Write to Reg: 0x08 Val: 0x10010000
In clock cycle: 335877
Register Write to Reg: 0x08 Val: 0x000023FC
In clock cycle: 335878
Register Write to Reg: 0x05 Val: 0x0000002A
In clock cycle: 335878
Memory Write to Addr: 0x000023E0 Val: 0x0000002A
In clock cycle: 335879
Memory Write to Addr: 0x1000FFFC Val: 0x0000002A
In clock cycle: 335880
Memory Write to Addr: 0x000023F4 Val: 0x0000002A
In clock cycle: 335881
Memory Write to Addr: 0x000023F0 Val: 0x0000002A
In clock cycle: 335882
Memory Write to Addr: 0x000023EC Val: 0x0000002A
In clock cycle: 335883
Memory Write to Addr: 0x000023E8 Val: 0x0000002A
In clock cycle: 335884
Memory Write to Addr: 0x000023E4 Val: 0x0000002A
In clock cycle: 335885
Memory Write to Addr: 0x000023E0 Val: 0x0000002A
In clock cycle: 336900
Register Write to Reg: 0x08 Val: 0x10010000
In clock cycle: 336901
Register Write to Reg: 0x08 Val: 0x00002418
In clock cycle: 336902
Register Write to Reg: 0x05 Val: 0x0000002A
In clock cycle: 336902
Memory Write to Addr: 0x000023FC Val: 0x0000002A
In clock cycle: 336903
Memory Write to Addr: 0x1000FFFC Val: 0x0000002A
In clock cycle: 336904
Memory Write to Addr: 0x00002410 Val: 0x0000002A
In clock cycle: 336905
Memory Write to Addr: 0x0000240C Val: 0x0000002A
In clock cycle: 336906
Memory Write to Addr: 0x00002408 Val: 0x0000002A
In clock cycle: 336907
Memory Write to Addr: 0x00002404 Val: 0x0000002A
In clock cycle: 336908
Memory Write to Addr: 0x00002400 Val: 0x0000002A
In clock cycle: 336909
Memory Write to Addr: 0x000023FC Val: 0x0000002A
In clock cycle: 337924
Register Write to Reg: 0x08 Val: 0x10010000
In clock cycle: 337925
Register Write to Reg: 0x08 Val: 0x00002434
In clock cycle: 337926
Register Write to Reg: 0x05 Val: 0x0000002A
In clock cycle: 337926
Memory Write to Addr: 0x00002418 Val: 0x0000002A
In clock cycle: 337927
Memory Write to Addr: 0x1000FFFC Val: 0x0000002A
In clock cycle: 337928
Memory Write to Addr: 0x0000242C Val: 0x0000002A
In clock cycle: 337929
Memory Write to Addr: 0x00002428 Val: 0x0000002A
In clock cycle: 337930
Memory Write to Addr: 0x00002424 Val: 0x0000002A
In clock cycle: 337931
Memory Write to Addr: 0x00002420 Val: 0x0000002A
In clock cycle: 337932
Memory Write to Addr: 0x0000241C Val: 0x0000002A
In clock cycle: 337933
Memory Write to Addr: 0x00002418 Val: 0x0000002A
In clock cycle: 338948
Register Write to Reg: 0x08 Val: 0x10010000
In clock cycle: 338949
Register Write to Reg: 0x08 Val: 0x00002450
In clock cycle: 338950
Register Write to Reg: 0x05 Val: 0x0000002A
In clock cycle: 338950
Memory Write to Addr: 0x00002434 Val: 0x0000002A
In clock cycle: 338951
Memory Write to Addr: 0x1000FFFC Val: 0x0000002A
In clock cycle: 338952
Memory Write to Addr: 0x00002448 Val: 0x0000002A
In clock cycle: 338953
Memory Write to Addr: 0x00002444 Val: 0x0000002A
In clock cycle: 338954
Memory Write to Addr: 0x00002440 Val: 0x0000002A
In clock cycle: 338955
Memory Write to Addr: 0x0000243C Val: 0x0000002A
In clock cycle: 338956
Memory Write to Addr: 0x00002438 Val: 0x0000002A
In clock cycle: 338957
Memory Write to Addr: 0x00002434 Val: 0x0000002A
In clock cycle: 339972
Register Write to Reg: 0x08 Val: 0x10010000
In clock cycle: 339973
Register Write to Reg: 0x08 Val: 0x0000246C
In clock cycle: 339974
Register Write to Reg: 0x05 Val: 0x0000002A
In clock cycle: 339974
Memory Write to Addr: 0x00002450 Val: 0x0000002A
In clock cycle: 339975
Memory Write to Addr: 0x1000FFFC Val: 0x0000002A
In clock cycle: 339976
Memory Write to Addr: 0x00002464 Val: 0x0000002A
In clock cycle: 339977
Memory Write to Addr: 0x00002460 Val: 0x0000002A
In clock cycle: 339978
Memory Write to Addr: 0x0000245C Val: 0x0000002A
In clock cycle: 339979
Memory Write to Addr: 0x00002458 Val: 0x0000002A
In clock cycle: 339980
Memory Write to Addr: 0x00002454 Val: 0x0000002A
In clock cycle: 339981
Memory Write to Addr: 0x00002450 Val: 0x0000002A
In clock cycle: 340996
Register Write to Reg: 0x08 Val: 0x10010000
In clock cycle: 340997
Register Write to Reg: 0x08 Val: 0x00002488
In clock cycle: 340998
Register Write to Reg: 0x05 Val: 0x0000002A
In clock cycle: 340998
Memory Write to Addr: 0x0000246C Val: 0x0000002A
In clock cycle: 340999
Memory Write to Addr: 0x1000FFFC Val: 0x0000002A
In clock cycle: 341000
Memory Write to Addr: 0x00002480 Val: 0x0000002A
In clock cycle: 341001
Memory Write to Addr: 0x0000247C Val: 0x0000002A
In clock cycle: 341002
Memory Write to Addr: 0x00002478 Val: 0x0000002A
In clock cycle: 341003
Memory Write to Addr: 0x00002474 Val: 0x0000002A
In clock cycle: 341004
Memory Write to Addr: 0x00002470 Val: 0x0000002A
In clock cycle: 341005
Memory Write to Addr: 0x0000246C Val: 0x0000002A
In clock cycle: 342020
Register Write to Reg: 0x08 Val: 0x10010000
In clock cycle: 342021
Register Write to Reg: 0x08 Val: 0x000024A4
In clock cycle: 342022
Register Write to Reg: 0x05 Val: 0x0000002A
In clock cycle: 342022
Memory Write to Addr: 0x00002488 Val: 0x0000002A
In clock cycle: 342023
Memory Write to Addr: 0x1000FFFC Val: 0x0000002A
In clock cycle: 342024
Memory Write to Addr: 0x0000249C Val: 0x0000002A
In clock cycle: 342025
Memory Write to Addr: 0x00002498 Val: 0x0000002A
In clock cycle: 342026
Memory Write to Addr: 0x00002494 Val: 0x0000002A
In clock cycle: 342027
Memory Write to Addr: 0x00002490 Val: 0x0000002A
In clock cycle: 342028
Memory Write to Addr: 0x0000248C Val: 0x0000002A
In clock cycle: 342029
Memory Write to Addr: 0x00002488 Val: 0x0000002A
In clock cycle: 343044
Register Write to Reg: 0x08 Val: 0x10010000
In clock cycle: 343045
Register Write to Reg: 0x08 Val: 0x000024C0
In clock cycle: 343046
Register Write to Reg: 0x05 Val: 0x0000002A
In clock cycle: 343046
Memory Write to Addr: 0x000024A4 Val: 0x0000002A
In clock cycle: 343047
Memory Write to Addr: 0x1000FFFC Val: 0x0000002A
In clock cycle: 343048
Memory Write to Addr: 0x000024B8 Val: 0x0000002A
In clock cycle: 343049
Memory Write to Addr: 0x000024B4 Val: 0x0000002A
In clock cycle: 343050
Memory Write to Addr: 0x000024B0 Val: 0x0000002A
In clock cycle: 343051
Memory Write to Addr: 0x000024AC Val: 0x0000002A
In clock cycle: 343052
Memory Write to Addr: 0x000024A8 Val: 0x0000002A
In clock cycle: 343053
Memory Write to Addr: 0x000024A4 Val: 0x0000002A
In clock cycle: 344068
Register Write to Reg: 0x08 Val: 0x10010000
In clock cycle: 344069
Register Write to Reg: 0x08 Val: 0x000024DC
In clock cycle: 344070
Register Write to Reg: 0x05 Val: 0x0000002A
In clock cycle: 344070
Memory Write to Addr: 0x000024C0 Val: 0x0000002A
In clock cycle: 344071
Memory Write to Addr: 0x1000FFFC Val: 0x0000002A
In clock cycle: 344072
Memory Write to Addr: 0x000024D4 Val: 0x0000002A
In clock cycle: 344073
Memory Write to Addr: 0x000024D0 Val: 0x0000002A
In clock cycle: 344074
Memory Write to Addr: 0x000024CC Val: 0x0000002A
In clock cycle: 344075
Memory Write to Addr: 0x000024C8 Val: 0x0000002A
In clock cycle: 344076
Memory Write to Addr: 0x000024C4 Val: 0x0000002A
In clock cycle: 344077
Memory Write to Addr: 0x000024C0 Val: 0x0000002A
In clock cycle: 345092
Register Write to Reg: 0x08 Val: 0x10010000
In clock cycle: 345093
Register Write to Reg: 0x08 Val: 0x000024F8
In clock cycle: 345094
Register Write to Reg: 0x05 Val: 0x0000002A
In clock cycle: 345094
Memory Write to Addr: 0x000024DC Val: 0x0000002A
In clock cycle: 345095
Memory Write to Addr: 0x1000FFFC Val: 0x0000002A
In clock cycle: 345096
Memory Write to Addr: 0x000024F0 Val: 0x0000002A
In clock cycle: 345097
Memory Write to Addr: 0x000024EC Val: 0x0000002A
In clock cycle: 345098
Memory Write to Addr: 0x000024E8 Val: 0x0000002A
In clock cycle: 345099
Memory Write to Addr: 0x000024E4 Val: 0x0000002A
In clock cycle: 345100
Memory Write to Addr: 0x000024E0 Val: 0x0000002A
In clock cycle: 345101
Memory Write to Addr: 0x000024DC Val: 0x0000002A
In clock cycle: 346116
Register Write to Reg: 0x08 Val: 0x10010000
In clock cycle: 346117
Register Write to Reg: 0x08 Val: 0x00002514
In clock cycle: 346118
Register Write to Reg: 0x05 Val: 0x0000002A
In clock cycle: 346118
Memory Write to Addr: 0x000024F8 Val: 0x0000002A
In clock cycle: 346119
Memory Write to Addr: 0x1000FFFC Val: 0x0000002A
In clock cycle: 346120
Memory Write to Addr: 0x0000250C Val: 0x0000002A
In clock cycle: 346121
Memory Write to Addr: 0x00002508 Val: 0x0000002A
In clock cycle: 346122
Memory Write to Addr: 0x00002504 Val: 0x0000002A
In clock cycle: 346123
Memory Write to Addr: 0x00002500 Val: 0x0000002A
In clock cycle: 346124
Memory Write to Addr: 0x000024FC Val: 0x0000002A
In clock cycle: 346125
Memory Write to Addr: 0x000024F8 Val: 0x0000002A
In clock cycle: 347140
Register Write to Reg: 0x08 Val: 0x10010000
In clock cycle: 347141
Register Write to Reg: 0x08 Val: 0x00002530
In clock cycle: 347142
Register Write to Reg: 0x05 Val: 0x0000002A
In clock cycle: 347142
Memory Write to Addr: 0x00002514 Val: 0x0000002A
In clock cycle: 347143
Memory Write to Addr: 0x1000FFFC Val: 0x0000002A
In clock cycle: 347144
Memory Write to Addr: 0x00002528 Val: 0x0000002A
In clock cycle: 347145
Memory Write to Addr: 0x00002524 Val: 0x0000002A
In clock cycle: 347146
Memory Write to Addr: 0x00002520 Val: 0x0000002A
In clock cycle: 347147
Memory Write to Addr: 0x0000251C Val: 0x0000002A
In clock cycle: 347148
Memory Write to Addr: 0x00002518 Val: 0x0000002A
In clock cycle: 347149
Memory Write to Addr: 0x00002514 Val: 0x0000002A
In clock cycle: 348164
Register Write to Reg: 0x08 Val: 0x10010000
In clock cycle: 348165
Register Write to Reg: 0x08 Val: 0x0000254C
In clock cycle: 348166
Register Write to Reg: 0x05 Val: 0x0000002A
In clock cycle: 348166
Memory Write to Addr: 0x00002530 Val: 0x0000002A
In clock cycle: 348167
Memory Write to Addr: 0x1000FFFC Val: 0x0000002A
In clock cycle: 348168
Memory Write to Addr: 0x00002544 Val: 0x0000002A
In clock cycle: 348169
Memory Write to Addr: 0x00002540 Val: 0x0000002A
In clock cycle: 348170
Memory Write to Addr: 0x0000253C Val: 0x0000002A
In clock cycle: 348171
Memory Write to Addr: 0x00002538 Val: 0x0000002A
In clock cycle: 348172
Memory Write to Addr: 0x00002534 Val: 0x0000002A
In clock cycle: 348173
Memory Write to Addr: 0x00002530 Val: 0x0000002A
In clock cycle: 349188
Register Write to Reg: 0x08 Val: 0x10010000
In clock cycle: 349189
Register Write to Reg: 0x08 Val: 0x00002568
In clock cycle: 349190
Register Write to Reg: 0x05 Val: 0x0000002A
In clock cycle: 349190
Memory Write to Addr: 0x0000254C Val: 0x0000002A
In clock cycle: 349191
Memory Write to Addr: 0x1000FFFC Val: 0x0000002A
In clock cycle: 349192
Memory Write to Addr: 0x00002560 Val: 0x0000002A
In clock cycle: 349193
Memory Write to Addr: 0x0000255C Val: 0x0000002A
In clock cycle: 349194
Memory Write to Addr: 0x00002558 Val: 0x0000002A
In clock cycle: 349195
Memory Write to Addr: 0x00002554 Val: 0x0000002A
In clock cycle: 349196
Memory Write to Addr: 0x00002550 Val: 0x0000002A
In clock cycle: 349197
Memory Write to Addr: 0x0000254C Val: 0x0000002A
In clock cycle: 350212
Register Write to Reg: 0x08 Val: 0x10010000
In clock cycle: 350213
Register Write to Reg: 0x08 Val: 0x00002584
In clock cycle: 350214
Register Write to Reg: 0x05 Val: 0x0000002A
In clock cycle: 350214
Memory Write to Addr: 0x00002568 Val: 0x0000002A
In clock cycle: 350215
Memory Write to Addr: 0x1000FFFC Val: 0x0000002A
In clock cycle: 350216
Memory Write to Addr: 0x0000257C Val: 0x0000002A
In clock cycle: 350217
Memory Write to Addr: 0x00002578 Val: 0x0000002A
In clock cycle: 350218
Memory Write to Addr: 0x00002574 Val: 0x0000002A
In clock cycle: 350219
Memory Write to Addr: 0x00002570 Val: 0x0000002A
In clock cycle: 350220
Memory Write to Addr: 0x0000256C Val: 0x0000002A
In clock cycle: 350221
Memory Write to Addr: 0x00002568 Val: 0x0000002A
In clock cycle: 351236
Register Write to Reg: 0x08 Val: 0x10010000
In clock cycle: 351237
Register Write to Reg: 0x08 Val: 0x000025A0
In clock cycle: 351238
Register Write to Reg: 0x05 Val: 0x0000002A
In clock cycle: 351238
Memory Write to Addr: 0x00002584 Val: 0x0000002A
In clock cycle: 351239
Memory Write to Addr: 0x1000FFFC Val: 0x0000002A
In clock cycle: 351240
Memory Write to Addr: 0x00002598 Val: 0x0000002A
In clock cycle: 351241
Memory Write to Addr: 0x00002594 Val: 0x0000002A
In clock cycle: 351242
Memory Write to Addr: 0x00002590 Val: 0x0000002A
In clock cycle: 351243
Memory Write to Addr: 0x0000258C Val: 0x0000002A
In clock cycle: 351244
Memory Write to Addr: 0x00002588 Val: 0x0000002A
In clock cycle: 351245
Memory Write to Addr: 0x00002584 Val: 0x0000002A
In clock cycle: 352260
Register Write to Reg: 0x08 Val: 0x10010000
In clock cycle: 352261
Register Write to Reg: 0x08 Val: 0x000025BC
In clock cycle: 352262
Register Write to Reg: 0x05 Val: 0x0000002A
In clock cycle: 352262
Memory Write to Addr: 0x000025A0 Val: 0x0000002A
In clock cycle: 352263
Memory Write to Addr: 0x1000FFFC Val: 0x0000002A
In clock cycle: 352264
Memory Write to Addr: 0x000025B4 Val: 0x0000002A
In clock cycle: 352265
Memory Write to Addr: 0x000025B0 Val: 0x0000002A
In clock cycle: 352266
Memory Write to Addr: 0x000025AC Val: 0x0000002A
In clock cycle: 352267
Memory Write to Addr: 0x000025A8 Val: 0x0000002A
In clock cycle: 352268
Memory Write to Addr: 0x000025A4 Val: 0x0000002A
In clock cycle: 352269
Memory Write to Addr: 0x000025A0 Val: 0x0000002A
In clock cycle: 353284
Register Write to Reg: 0x08 Val: 0x10010000
In clock cycle: 353285
Register Write to Reg: 0x08 Val: 0x000025D8
In clock cycle: 353286
Register Write to Reg: 0x05 Val: 0x0000002A
In clock cycle: 353286
Memory Write to Addr: 0x000025BC Val: 0x0000002A
In clock cycle: 353287
Memory Write to Addr: 0x1000FFFC Val: 0x0000002A
In clock cycle: 353288
Memory Write to Addr: 0x000025D0 Val: 0x0000002A
In clock cycle: 353289
Memory Write to Addr: 0x000025CC Val: 0x0000002A
In clock cycle: 353290
Memory Write to Addr: 0x000025C8 Val: 0x0000002A
In clock cycle: 353291
Memory Write to Addr: 0x000025C4 Val: 0x0000002A
In clock cycle: 353292
Memory Write to Addr: 0x000025C0 Val: 0x0000002A
In clock cycle: 353293
Memory Write to Addr: 0x000025BC Val: 0x0000002A
In clock cycle: 354308
Register Write to Reg: 0x08 Val: 0x10010000
In clock cycle: 354309
Register Write to Reg: 0x08 Val: 0x000025F4
In clock cycle: 354310
Register Write to Reg: 0x05 Val: 0x0000002A
In clock cycle: 354310
Memory Write to Addr: 0x000025D8 Val: 0x0000002A
In clock cycle: 354311
Memory Write to Addr: 0x1000FFFC Val: 0x0000002A
In clock cycle: 354312
Memory Write to Addr: 0x000025EC Val: 0x0000002A
In clock cycle: 354313
Memory Write to Addr: 0x000025E8 Val: 0x0000002A
In clock cycle: 354314
Memory Write to Addr: 0x000025E4 Val: 0x0000002A
In clock cycle: 354315
Memory Write to Addr: 0x000025E0 Val: 0x0000002A
In clock cycle: 354316
Memory Write to Addr: 0x000025DC Val: 0x0000002A
In clock cycle: 354317
Memory Write to Addr: 0x000025D8 Val: 0x0000002A
In clock cycle: 355332
Register Write to Reg: 0x08 Val: 0x10010000
In clock cycle: 355333
Register Write to Reg: 0x08 Val: 0x00002610
In clock cycle: 355334
Register Write to Reg: 0x05 Val: 0x0000002A
In clock cycle: 355334
Memory Write to Addr: 0x000025F4 Val: 0x0000002A
In clock cycle: 355335
Memory Write to Addr: 0x1000FFFC Val: 0x0000002A
In clock cycle: 355336
Memory Write to Addr: 0x00002608 Val: 0x0000002A
In clock cycle: 355337
Memory Write to Addr: 0x00002604 Val: 0x0000002A
In clock cycle: 355338
Memory Write to Addr: 0x00002600 Val: 0x0000002A
In clock cycle: 355339
Memory Write to Addr: 0x000025FC Val: 0x0000002A
In clock cycle: 355340
Memory Write to Addr: 0x000025F8 Val: 0x0000002A
In clock cycle: 355341
Memory Write to Addr: 0x000025F4 Val: 0x0000002A
In clock cycle: 356356
Register Write to Reg: 0x08 Val: 0x10010000
In clock cycle: 356357
Register Write to Reg: 0x08 Val: 0x0000262C
In clock cycle: 356358
Register Write to Reg: 0x05 Val: 0x0000002A
In clock cycle: 356358
Memory Write to Addr: 0x00002610 Val: 0x0000002A
In clock cycle: 356359
Memory Write to Addr: 0x1000FFFC Val: 0x0000002A
In clock cycle: 356360
Memory Write to Addr: 0x00002624 Val: 0x0000002A
In clock cycle: 356361
Memory Write to Addr: 0x00002620 Val: 0x0000002A
In clock cycle: 356362
Memory Write to Addr: 0x0000261C Val: 0x0000002A
In clock cycle: 356363
Memory Write to Addr: 0x00002618 Val: 0x0000002A
In clock cycle: 356364
Memory Write to Addr: 0x00002614 Val: 0x0000002A
In clock cycle: 356365
Memory Write to Addr: 0x00002610 Val: 0x0000002A
In clock cycle: 357380
Register Write to Reg: 0x08 Val: 0x10010000
In clock cycle: 357381
Register Write to Reg: 0x08 Val: 0x00002648
In clock cycle: 357382
Register Write to Reg: 0x05 Val: 0x0000002A
In clock cycle: 357382
Memory Write to Addr: 0x0000262C Val: 0x0000002A
In clock cycle: 357383
Memory Write to Addr: 0x1000FFFC Val: 0x0000002A
In clock cycle: 357384
Memory Write to Addr: 0x00002640 Val: 0x0000002A
In clock cycle: 357385
Memory Write to Addr: 0x0000263C Val: 0x0000002A
In clock cycle: 357386
Memory Write to Addr: 0x00002638 Val: 0x0000002A
In clock cycle: 357387
Memory Write to Addr: 0x00002634 Val: 0x0000002A
In clock cycle: 357388
Memory Write to Addr: 0x00002630 Val: 0x0000002A
In clock cycle: 357389
Memory Write to Addr: 0x0000262C Val: 0x0000002A
In clock cycle: 358404
Register Write to Reg: 0x08 Val: 0x10010000
In clock cycle: 358405
Register Write to Reg: 0x08 Val: 0x00002664
In clock cycle: 358406
Register Write to Reg: 0x05 Val: 0x0000002A
In clock cycle: 358406
Memory Write to Addr: 0x00002648 Val: 0x0000002A
In clock cycle: 358407
Memory Write to Addr: 0x1000FFFC Val: 0x0000002A
In clock cycle: 358408
Memory Write to Addr: 0x0000265C Val: 0x0000002A
In clock cycle: 358409
Memory Write to Addr: 0x00002658 Val: 0x0000002A
In clock cycle: 358410
Memory Write to Addr: 0x00002654 Val: 0x0000002A
In clock cycle: 358411
Memory Write to Addr: 0x00002650 Val: 0x0000002A
In clock cycle: 358412
Memory Write to Addr: 0x0000264C Val: 0x0000002A
In clock cycle: 358413
Memory Write to Addr: 0x00002648 Val: 0x0000002A
In clock cycle: 359428
Register Write to Reg: 0x08 Val: 0x10010000
In clock cycle: 359429
Register Write to Reg: 0x08 Val: 0x00002680
In clock cycle: 359430
Register Write to Reg: 0x05 Val: 0x0000002A
In clock cycle: 359430
Memory Write to Addr: 0x00002664 Val: 0x0000002A
In clock cycle: 359431
Memory Write to Addr: 0x1000FFFC Val: 0x0000002A
In clock cycle: 359432
Memory Write to Addr: 0x00002678 Val: 0x0000002A
In clock cycle: 359433
Memory Write to Addr: 0x00002674 Val: 0x0000002A
In clock cycle: 359434
Memory Write to Addr: 0x00002670 Val: 0x0000002A
In clock cycle: 359435
Memory Write to Addr: 0x0000266C Val: 0x0000002A
In clock cycle: 359436
Memory Write to Addr: 0x00002668 Val: 0x0000002A
In clock cycle: 359437
Memory Write to Addr: 0x00002664 Val: 0x0000002A
In clock cycle: 360452
Register Write to Reg: 0x08 Val: 0x10010000
In clock cycle: 360453
Register Write to Reg: 0x08 Val: 0x0000269C
In clock cycle: 360454
Register Write to Reg: 0x05 Val: 0x0000002A
In clock cycle: 360454
Memory Write to Addr: 0x00002680 Val: 0x0000002A
In clock cycle: 360455
Memory Write to Addr: 0x1000FFFC Val: 0x0000002A
In clock cycle: 360456
Memory Write to Addr: 0x00002694 Val: 0x0000002A
In clock cycle: 360457
Memory Write to Addr: 0x00002690 Val: 0x0000002A
In clock cycle: 360458
Memory Write to Addr: 0x0000268C Val: 0x0000002A
In clock cycle: 360459
Memory Write to Addr: 0x00002688 Val: 0x0000002A
In clock cycle: 360460
Memory Write to Addr: 0x00002684 Val: 0x0000002A
In clock cycle: 360461
Memory Write to Addr: 0x00002680 Val: 0x0000002A
In clock cycle: 361476
Register Write to Reg: 0x08 Val: 0x10010000
In clock cycle: 361477
Register Write to Reg: 0x08 Val: 0x000026B8
In clock cycle: 361478
Register Write to Reg: 0x05 Val: 0x0000002A
In clock cycle: 361478
Memory Write to Addr: 0x0000269C Val: 0x0000002A
In clock cycle: 361479
Memory Write to Addr: 0x1000FFFC Val: 0x0000002A
In clock cycle: 361480
Memory Write to Addr: 0x000026B0 Val: 0x0000002A
In clock cycle: 361481
Memory Write to Addr: 0x000026AC Val: 0x0000002A
In clock cycle: 361482
Memory Write to Addr: 0x000026A8 Val: 0x0000002A
In clock cycle: 361483
Memory Write to Addr: 0x000026A4 Val: 0x0000002A
In clock cycle: 361484
Memory Write to Addr: 0x000026A0 Val: 0x0000002A
In clock cycle: 361485
Memory Write to Addr: 0x0000269C Val: 0x0000002A
In clock cycle: 362500
Register Write to Reg: 0x08 Val: 0x10010000
In clock cycle: 362501
Register Write to Reg: 0x08 Val: 0x000026D4
In clock cycle: 362502
Register Write to Reg: 0x05 Val: 0x0000002A
In clock cycle: 362502
Memory Write to Addr: 0x000026B8 Val: 0x0000002A
In clock cycle: 362503
Memory Write to Addr: 0x1000FFFC Val: 0x0000002A
In clock cycle: 362504
Memory Write to Addr: 0x000026CC Val: 0x0000002A
In clock cycle: 362505
Memory Write to Addr: 0x000026C8 Val: 0x0000002A
In clock cycle: 362506
Memory Write to Addr: 0x000026C4 Val: 0x0000002A
In clock cycle: 362507
Memory Write to Addr: 0x000026C0 Val: 0x0000002A
In clock cycle: 362508
Memory Write to Addr: 0x000026BC Val: 0x0000002A
In clock cycle: 362509
Memory Write to Addr: 0x000026B8 Val: 0x0000002A
In clock cycle: 363524
Register Write to Reg: 0x08 Val: 0x10010000
In clock cycle: 363525
Register Write to Reg: 0x08 Val: 0x000026F0
In clock cycle: 363526
Register Write to Reg: 0x05 Val: 0x0000002A
In clock cycle: 363526
Memory Write to Addr: 0x000026D4 Val: 0x0000002A
In clock cycle: 363527
Memory Write to Addr: 0x1000FFFC Val: 0x0000002A
In clock cycle: 363528
Memory Write to Addr: 0x000026E8 Val: 0x0000002A
In clock cycle: 363529
Memory Write to Addr: 0x000026E4 Val: 0x0000002A
In clock cycle: 363530
Memory Write to Addr: 0x000026E0 Val: 0x0000002A
In clock cycle: 363531
Memory Write to Addr: 0x000026DC Val: 0x0000002A
In clock cycle: 363532
Memory Write to Addr: 0x000026D8 Val: 0x0000002A
In clock cycle: 363533
Memory Write to Addr: 0x000026D4 Val: 0x0000002A
In clock cycle: 364548
Register Write to Reg: 0x08 Val: 0x10010000
In clock cycle: 364549
Register Write to Reg: 0x08 Val: 0x0000270C
In clock cycle: 364550
Register Write to Reg: 0x05 Val: 0x0000002A
In clock cycle: 364550
Memory Write to Addr: 0x000026F0 Val: 0x0000002A
In clock cycle: 364551
Memory Write to Addr: 0x1000FFFC Val: 0x0000002A
In clock cycle: 364552
Memory Write to Addr: 0x00002704 Val: 0x0000002A
In clock cycle: 364553
Memory Write to Addr: 0x00002700 Val: 0x0000002A
In clock cycle: 364554
Memory Write to Addr: 0x000026FC Val: 0x0000002A
In clock cycle: 364555
Memory Write to Addr: 0x000026F8 Val: 0x0000002A
In clock cycle: 364556
Memory Write to Addr: 0x000026F4 Val: 0x0000002A
In clock cycle: 364557
Memory Write to Addr: 0x000026F0 Val: 0x0000002A
In clock cycle: 365572
Register Write to Reg: 0x08 Val: 0x10010000
In clock cycle: 365573
Register Write to Reg: 0x08 Val: 0x00002728
In clock cycle: 365574
Register Write to Reg: 0x05 Val: 0x0000002A
In clock cycle: 365574
Memory Write to Addr: 0x0000270C Val: 0x0000002A
In clock cycle: 365575
Memory Write to Addr: 0x1000FFFC Val: 0x0000002A
In clock cycle: 365576
Memory Write to Addr: 0x00002720 Val: 0x0000002A
In clock cycle: 365577
Memory Write to Addr: 0x0000271C Val: 0x0000002A
In clock cycle: 365578
Memory Write to Addr: 0x00002718 Val: 0x0000002A
In clock cycle: 365579
Memory Write to Addr: 0x00002714 Val: 0x0000002A
In clock cycle: 365580
Memory Write to Addr: 0x00002710 Val: 0x0000002A
In clock cycle: 365581
Memory Write to Addr: 0x0000270C Val: 0x0000002A
In clock cycle: 366596
Register Write to Reg: 0x08 Val: 0x10010000
In clock cycle: 366597
Register Write to Reg: 0x08 Val: 0x00002744
In clock cycle: 366598
Register Write to Reg: 0x05 Val: 0x0000002A
In clock cycle: 366598
Memory Write to Addr: 0x00002728 Val: 0x0000002A
In clock cycle: 366599
Memory Write to Addr: 0x1000FFFC Val: 0x0000002A
In clock cycle: 366600
Memory Write to Addr: 0x0000273C Val: 0x0000002A
In clock cycle: 366601
Memory Write to Addr: 0x00002738 Val: 0x0000002A
In clock cycle: 366602
Memory Write to Addr: 0x00002734 Val: 0x0000002A
In clock cycle: 366603
Memory Write to Addr: 0x00002730 Val: 0x0000002A
In clock cycle: 366604
Memory Write to Addr: 0x0000272C Val: 0x0000002A
In clock cycle: 366605
Memory Write to Addr: 0x00002728 Val: 0x0000002A
In clock cycle: 367620
Register Write to Reg: 0x08 Val: 0x10010000
In clock cycle: 367621
Register Write to Reg: 0x08 Val: 0x00002760
In clock cycle: 367622
Register Write to Reg: 0x05 Val: 0x0000002A
In clock cycle: 367622
Memory Write to Addr: 0x00002744 Val: 0x0000002A
In clock cycle: 367623
Memory Write to Addr: 0x1000FFFC Val: 0x0000002A
In clock cycle: 367624
Memory Write to Addr: 0x00002758 Val: 0x0000002A
In clock cycle: 367625
Memory Write to Addr: 0x00002754 Val: 0x0000002A
In clock cycle: 367626
Memory Write to Addr: 0x00002750 Val: 0x0000002A
In clock cycle: 367627
Memory Write to Addr: 0x0000274C Val: 0x0000002A
In clock cycle: 367628
Memory Write to Addr: 0x00002748 Val: 0x0000002A
In clock cycle: 367629
Memory Write to Addr: 0x00002744 Val: 0x0000002A
In clock cycle: 368644
Register Write to Reg: 0x08 Val: 0x10010000
In clock cycle: 368645
Register Write to Reg: 0x08 Val: 0x0000277C
In clock cycle: 368646
Register Write to Reg: 0x05 Val: 0x0000002A
In clock cycle: 368646
Memory Write to Addr: 0x00002760 Val: 0x0000002A
In clock cycle: 368647
Memory Write to Addr: 0x1000FFFC Val: 0x0000002A
In clock cycle: 368648
Memory Write to Addr: 0x00002774 Val: 0x0000002A
In clock cycle: 368649
Memory Write to Addr: 0x00002770 Val: 0x0000002A
In clock cycle: 368650
Memory Write to Addr: 0x0000276C Val: 0x0000002A
In clock cycle: 368651
Memory Write to Addr: 0x00002768 Val: 0x0000002A
In clock cycle: 368652
Memory Write to Addr: 0x00002764 Val: 0x0000002A
In clock cycle: 368653
Memory Write to Addr: 0x00002760 Val: 0x0000002A
In clock cycle: 369668
Register Write to Reg: 0x08 Val: 0x10010000
In clock cycle: 369669
Register Write to Reg: 0x08 Val: 0x00002798
In clock cycle: 369670
Register Write to Reg: 0x05 Val: 0x0000002A
In clock cycle: 369670
Memory Write to Addr: 0x0000277C Val: 0x0000002A
In clock cycle: 369671
Memory Write to Addr: 0x1000FFFC Val: 0x0000002A
In clock cycle: 369672
Memory Write to Addr: 0x00002790 Val: 0x0000002A
In clock cycle: 369673
Memory Write to Addr: 0x0000278C Val: 0x0000002A
In clock cycle: 369674
Memory Write to Addr: 0x00002788 Val: 0x0000002A
In clock cycle: 369675
Memory Write to Addr: 0x00002784 Val: 0x0000002A
In clock cycle: 369676
Memory Write to Addr: 0x00002780 Val: 0x0000002A
In clock cycle: 369677
Memory Write to Addr: 0x0000277C Val: 0x0000002A
In clock cycle: 370692
Register Write to Reg: 0x08 Val: 0x10010000
In clock cycle: 370693
Register Write to Reg: 0x08 Val: 0x000027B4
In clock cycle: 370694
Register Write to Reg: 0x05 Val: 0x0000002A
In clock cycle: 370694
Memory Write to Addr: 0x00002798 Val: 0x0000002A
In clock cycle: 370695
Memory Write to Addr: 0x1000FFFC Val: 0x0000002A
In clock cycle: 370696
Memory Write to Addr: 0x000027AC Val: 0x0000002A
In clock cycle: 370697
Memory Write to Addr: 0x000027A8 Val: 0x0000002A
In clock cycle: 370698
Memory Write to Addr: 0x000027A4 Val: 0x0000002A
In clock cycle: 370699
Memory Write to Addr: 0x000027A0 Val: 0x0000002A
In clock cycle: 370700
Memory Write to Addr: 0x0000279C Val: 0x0000002A
In clock cycle: 370701
Memory Write to Addr: 0x00002798 Val: 0x0000002A
In clock cycle: 371716
Register Write to Reg: 0x08 Val: 0x10010000
In clock cycle: 371717
Register Write to Reg: 0x08 Val: 0x000027D0
In clock cycle: 371718
Register Write to Reg: 0x05 Val: 0x0000002A
In clock cycle: 371718
Memory Write to Addr: 0x000027B4 Val: 0x0000002A
In clock cycle: 371719
Memory Write to Addr: 0x1000FFFC Val: 0x0000002A
In clock cycle: 371720
Memory Write to Addr: 0x000027C8 Val: 0x0000002A
In clock cycle: 371721
Memory Write to Addr: 0x000027C4 Val: 0x0000002A
In clock cycle: 371722
Memory Write to Addr: 0x000027C0 Val: 0x0000002A
In clock cycle: 371723
Memory Write to Addr: 0x000027BC Val: 0x0000002A
In clock cycle: 371724
Memory Write to Addr: 0x000027B8 Val: 0x0000002A
In clock cycle: 371725
Memory Write to Addr: 0x000027B4 Val: 0x0000002A
In clock cycle: 372740
Register Write to Reg: 0x08 Val: 0x10010000
In clock cycle: 372741
Register Write to Reg: 0x08 Val: 0x000027EC
In clock cycle: 372742
Register Write to Reg: 0x05 Val: 0x0000002A
In clock cycle: 372742
Memory Write to Addr: 0x000027D0 Val: 0x0000002A
In clock cycle: 372743
Memory Write to Addr: 0x1000FFFC Val: 0x0000002A
In clock cycle: 372744
Memory Write to Addr: 0x000027E4 Val: 0x0000002A
In clock cycle: 372745
Memory Write to Addr: 0x000027E0 Val: 0x0000002A
In clock cycle: 372746
Memory Write to Addr: 0x000027DC Val: 0x0000002A
In clock cycle: 372747
Memory Write to Addr: 0x000027D8 Val: 0x0000002A
In clock cycle: 372748
Memory Write to Addr: 0x000027D4 Val: 0x0000002A
In clock cycle: 372749
Memory Write to Addr: 0x000027D0 Val: 0x0000002A
In clock cycle: 373764
Register Write to Reg: 0x08 Val: 0x10010000
In clock cycle: 373765
Register Write to Reg: 0x08 Val: 0x00002808
In clock cycle: 373766
Register Write to Reg: 0x05 Val: 0x0000002A
In clock cycle: 373766
Memory Write to Addr: 0x000027EC Val: 0x0000002A
In clock cycle: 373767
Memory Write to Addr: 0x1000FFFC Val: 0x0000002A
In clock cycle: 373768
Memory Write to Addr: 0x00002800 Val: 0x0000002A
In clock cycle: 373769
Memory Write to Addr: 0x000027FC Val: 0x0000002A
In clock cycle: 373770
Memory Write to Addr: 0x000027F8 Val: 0x0000002A
In clock cycle: 373771
Memory Write to Addr: 0x000027F4 Val: 0x0000002A
In clock cycle: 373772
Memory Write to Addr: 0x000027F0 Val: 0x0000002A
In clock cycle: 373773
Memory Write to Addr: 0x000027EC Val: 0x0000002A
In clock cycle: 374788
Register Write to Reg: 0x08 Val: 0x10010000
In clock cycle: 374789
Register Write to Reg: 0x08 Val: 0x00002824
In clock cycle: 374790
Register Write to Reg: 0x05 Val: 0x0000002A
In clock cycle: 374790
Memory Write to Addr: 0x00002808 Val: 0x0000002A
In clock cycle: 374791
Memory Write to Addr: 0x1000FFFC Val: 0x0000002A
In clock cycle: 374792
Memory Write to Addr: 0x0000281C Val: 0x0000002A
In clock cycle: 374793
Memory Write to Addr: 0x00002818 Val: 0x0000002A
In clock cycle: 374794
Memory Write to Addr: 0x00002814 Val: 0x0000002A
In clock cycle: 374795
Memory Write to Addr: 0x00002810 Val: 0x0000002A
In clock cycle: 374796
Memory Write to Addr: 0x0000280C Val: 0x0000002A
In clock cycle: 374797
Memory Write to Addr: 0x00002808 Val: 0x0000002A
In clock cycle: 375812
Register Write to Reg: 0x08 Val: 0x10010000
In clock cycle: 375813
Register Write to Reg: 0x08 Val: 0x00002840
In clock cycle: 375814
Register Write to Reg: 0x05 Val: 0x0000002A
In clock cycle: 375814
Memory Write to Addr: 0x00002824 Val: 0x0000002A
In clock cycle: 375815
Memory Write to Addr: 0x1000FFFC Val: 0x0000002A
In clock cycle: 375816
Memory Write to Addr: 0x00002838 Val: 0x0000002A
In clock cycle: 375817
Memory Write to Addr: 0x00002834 Val: 0x0000002A
In clock cycle: 375818
Memory Write to Addr: 0x00002830 Val: 0x0000002A
In clock cycle: 375819
Memory Write to Addr: 0x0000282C Val: 0x0000002A
In clock cycle: 375820
Memory Write to Addr: 0x00002828 Val: 0x0000002A
In clock cycle: 375821
Memory Write to Addr: 0x00002824 Val: 0x0000002A
In clock cycle: 376836
Register Write to Reg: 0x08 Val: 0x10010000
In clock cycle: 376837
Register Write to Reg: 0x08 Val: 0x0000285C
In clock cycle: 376838
Register Write to Reg: 0x05 Val: 0x0000002A
In clock cycle: 376838
Memory Write to Addr: 0x00002840 Val: 0x0000002A
In clock cycle: 376839
Memory Write to Addr: 0x1000FFFC Val: 0x0000002A
In clock cycle: 376840
Memory Write to Addr: 0x00002854 Val: 0x0000002A
In clock cycle: 376841
Memory Write to Addr: 0x00002850 Val: 0x0000002A
In clock cycle: 376842
Memory Write to Addr: 0x0000284C Val: 0x0000002A
In clock cycle: 376843
Memory Write to Addr: 0x00002848 Val: 0x0000002A
In clock cycle: 376844
Memory Write to Addr: 0x00002844 Val: 0x0000002A
In clock cycle: 376845
Memory Write to Addr: 0x00002840 Val: 0x0000002A
In clock cycle: 377860
Register Write to Reg: 0x08 Val: 0x10010000
In clock cycle: 377861
Register Write to Reg: 0x08 Val: 0x00002878
In clock cycle: 377862
Register Write to Reg: 0x05 Val: 0x0000002A
In clock cycle: 377862
Memory Write to Addr: 0x0000285C Val: 0x0000002A
In clock cycle: 377863
Memory Write to Addr: 0x1000FFFC Val: 0x0000002A
In clock cycle: 377864
Memory Write to Addr: 0x00002870 Val: 0x0000002A
In clock cycle: 377865
Memory Write to Addr: 0x0000286C Val: 0x0000002A
In clock cycle: 377866
Memory Write to Addr: 0x00002868 Val: 0x0000002A
In clock cycle: 377867
Memory Write to Addr: 0x00002864 Val: 0x0000002A
In clock cycle: 377868
Memory Write to Addr: 0x00002860 Val: 0x0000002A
In clock cycle: 377869
Memory Write to Addr: 0x0000285C Val: 0x0000002A
In clock cycle: 378884
Register Write to Reg: 0x08 Val: 0x10010000
In clock cycle: 378885
Register Write to Reg: 0x08 Val: 0x00002894
In clock cycle: 378886
Register Write to Reg: 0x05 Val: 0x0000002A
In clock cycle: 378886
Memory Write to Addr: 0x00002878 Val: 0x0000002A
In clock cycle: 378887
Memory Write to Addr: 0x1000FFFC Val: 0x0000002A
In clock cycle: 378888
Memory Write to Addr: 0x0000288C Val: 0x0000002A
In clock cycle: 378889
Memory Write to Addr: 0x00002888 Val: 0x0000002A
In clock cycle: 378890
Memory Write to Addr: 0x00002884 Val: 0x0000002A
In clock cycle: 378891
Memory Write to Addr: 0x00002880 Val: 0x0000002A
In clock cycle: 378892
Memory Write to Addr: 0x0000287C Val: 0x0000002A
In clock cycle: 378893
Memory Write to Addr: 0x00002878 Val: 0x0000002A
In clock cycle: 379908
Register Write to Reg: 0x08 Val: 0x10010000
In clock cycle: 379909
Register Write to Reg: 0x08 Val: 0x000028B0
In clock cycle: 379910
Register Write to Reg: 0x05 Val: 0x0000002A
In clock cycle: 379910
Memory Write to Addr: 0x00002894 Val: 0x0000002A
In clock cycle: 379911
Memory Write to Addr: 0x1000FFFC Val: 0x0000002A
In clock cycle: 379912
Memory Write to Addr: 0x000028A8 Val: 0x0000002A
In clock cycle: 379913
Memory Write to Addr: 0x000028A4 Val: 0x0000002A
In clock cycle: 379914
Memory Write to Addr: 0x000028A0 Val: 0x0000002A
In clock cycle: 379915
Memory Write to Addr: 0x0000289C Val: 0x0000002A
In clock cycle: 379916
Memory Write to Addr: 0x00002898 Val: 0x0000002A
In clock cycle: 379917
Memory Write to Addr: 0x00002894 Val: 0x0000002A
In clock cycle: 380932
Register Write to Reg: 0x08 Val: 0x10010000
In clock cycle: 380933
Register Write to Reg: 0x08 Val: 0x000028CC
In clock cycle: 380934
Register Write to Reg: 0x05 Val: 0x0000002A
In clock cycle: 380934
Memory Write to Addr: 0x000028B0 Val: 0x0000002A
In clock cycle: 380935
Memory Write to Addr: 0x1000FFFC Val: 0x0000002A
In clock cycle: 380936
Memory Write to Addr: 0x000028C4 Val: 0x0000002A
In clock cycle: 380937
Memory Write to Addr: 0x000028C0 Val: 0x0000002A
In clock cycle: 380938
Memory Write to Addr: 0x000028BC Val: 0x0000002A
In clock cycle: 380939
Memory Write to Addr: 0x000028B8 Val: 0x0000002A
In clock cycle: 380940
Memory Write to Addr: 0x000028B4 Val: 0x0000002A
In clock cycle: 380941
Memory Write to Addr: 0x000028B0 Val: 0x0000002A
In clock cycle: 381956
Register Write to Reg: 0x08 Val: 0x10010000
In clock cycle: 381957
Register Write to Reg: 0x08 Val: 0x000028E8
In clock cycle: 381958
Register Write to Reg: 0x05 Val: 0x0000002A
In clock cycle: 381958
Memory Write to Addr: 0x000028CC Val: 0x0000002A
In clock cycle: 381959
Memory Write to Addr: 0x1000FFFC Val: 0x0000002A
In clock cycle: 381960
Memory Write to Addr: 0x000028E0 Val: 0x0000002A
In clock cycle: 381961
Memory Write to Addr: 0x000028DC Val: 0x0000002A
In clock cycle: 381962
Memory Write to Addr: 0x000028D8 Val: 0x0000002A
In clock cycle: 381963
Memory Write to Addr: 0x000028D4 Val: 0x0000002A
In clock cycle: 381964
Memory Write to Addr: 0x000028D0 Val: 0x0000002A
In clock cycle: 381965
Memory Write to Addr: 0x000028CC Val: 0x0000002A
In clock cycle: 382980
Register Write to Reg: 0x08 Val: 0x10010000
In clock cycle: 382981
Register Write to Reg: 0x08 Val: 0x00002904
In clock cycle: 382982
Register Write to Reg: 0x05 Val: 0x0000002A
In clock cycle: 382982
Memory Write to Addr: 0x000028E8 Val: 0x0000002A
In clock cycle: 382983
Memory Write to Addr: 0x1000FFFC Val: 0x0000002A
In clock cycle: 382984
Memory Write to Addr: 0x000028FC Val: 0x0000002A
In clock cycle: 382985
Memory Write to Addr: 0x000028F8 Val: 0x0000002A
In clock cycle: 382986
Memory Write to Addr: 0x000028F4 Val: 0x0000002A
In clock cycle: 382987
Memory Write to Addr: 0x000028F0 Val: 0x0000002A
In clock cycle: 382988
Memory Write to Addr: 0x000028EC Val: 0x0000002A
In clock cycle: 382989
Memory Write to Addr: 0x000028E8 Val: 0x0000002A
In clock cycle: 384004
Register Write to Reg: 0x08 Val: 0x10010000
In clock cycle: 384005
Register Write to Reg: 0x08 Val: 0x00002920
In clock cycle: 384006
Register Write to Reg: 0x05 Val: 0x0000002A
In clock cycle: 384006
Memory Write to Addr: 0x00002904 Val: 0x0000002A
In clock cycle: 384007
Memory Write to Addr: 0x1000FFFC Val: 0x0000002A
In clock cycle: 384008
Memory Write to Addr: 0x00002918 Val: 0x0000002A
In clock cycle: 384009
Memory Write to Addr: 0x00002914 Val: 0x0000002A
In clock cycle: 384010
Memory Write to Addr: 0x00002910 Val: 0x0000002A
In clock cycle: 384011
Memory Write to Addr: 0x0000290C Val: 0x0000002A
In clock cycle: 384012
Memory Write to Addr: 0x00002908 Val: 0x0000002A
In clock cycle: 384013
Memory Write to Addr: 0x00002904 Val: 0x0000002A
In clock cycle: 385028
Register Write to Reg: 0x08 Val: 0x10010000
In clock cycle: 385029
Register Write to Reg: 0x08 Val: 0x0000293C
In clock cycle: 385030
Register Write to Reg: 0x05 Val: 0x0000002A
In clock cycle: 385030
Memory Write to Addr: 0x00002920 Val: 0x0000002A
In clock cycle: 385031
Memory Write to Addr: 0x1000FFFC Val: 0x0000002A
In clock cycle: 385032
Memory Write to Addr: 0x00002934 Val: 0x0000002A
In clock cycle: 385033
Memory Write to Addr: 0x00002930 Val: 0x0000002A
In clock cycle: 385034
Memory Write to Addr: 0x0000292C Val: 0x0000002A
In clock cycle: 385035
Memory Write to Addr: 0x00002928 Val: 0x0000002A
In clock cycle: 385036
Memory Write to Addr: 0x00002924 Val: 0x0000002A
In clock cycle: 385037
Memory Write to Addr: 0x00002920 Val: 0x0000002A
In clock cycle: 386052
Register Write to Reg: 0x08 Val: 0x10010000
In clock cycle: 386053
Register Write to Reg: 0x08 Val: 0x00002958
In clock cycle: 386054
Register Write to Reg: 0x05 Val: 0x0000002A
In clock cycle: 386054
Memory Write to Addr: 0x0000293C Val: 0x0000002A
In clock cycle: 386055
Memory Write to Addr: 0x1000FFFC Val: 0x0000002A
In clock cycle: 386056
Memory Write to Addr: 0x00002950 Val: 0x0000002A
In clock cycle: 386057
Memory Write to Addr: 0x0000294C Val: 0x0000002A
In clock cycle: 386058
Memory Write to Addr: 0x00002948 Val: 0x0000002A
In clock cycle: 386059
Memory Write to Addr: 0x00002944 Val: 0x0000002A
In clock cycle: 386060
Memory Write to Addr: 0x00002940 Val: 0x0000002A
In clock cycle: 386061
Memory Write to Addr: 0x0000293C Val: 0x0000002A
In clock cycle: 387076
Register Write to Reg: 0x08 Val: 0x10010000
In clock cycle: 387077
Register Write to Reg: 0x08 Val: 0x00002974
In clock cycle: 387078
Register Write to Reg: 0x05 Val: 0x0000002A
In clock cycle: 387078
Memory Write to Addr: 0x00002958 Val: 0x0000002A
In clock cycle: 387079
Memory Write to Addr: 0x1000FFFC Val: 0x0000002A
In clock cycle: 387080
Memory Write to Addr: 0x0000296C Val: 0x0000002A
In clock cycle: 387081
Memory Write to Addr: 0x00002968 Val: 0x0000002A
In clock cycle: 387082
Memory Write to Addr: 0x00002964 Val: 0x0000002A
In clock cycle: 387083
Memory Write to Addr: 0x00002960 Val: 0x0000002A
In clock cycle: 387084
Memory Write to Addr: 0x0000295C Val: 0x0000002A
In clock cycle: 387085
Memory Write to Addr: 0x00002958 Val: 0x0000002A
In clock cycle: 388100
Register Write to Reg: 0x08 Val: 0x10010000
In clock cycle: 388101
Register Write to Reg: 0x08 Val: 0x00002990
In clock cycle: 388102
Register Write to Reg: 0x05 Val: 0x0000002A
In clock cycle: 388102
Memory Write to Addr: 0x00002974 Val: 0x0000002A
In clock cycle: 388103
Memory Write to Addr: 0x1000FFFC Val: 0x0000002A
In clock cycle: 388104
Memory Write to Addr: 0x00002988 Val: 0x0000002A
In clock cycle: 388105
Memory Write to Addr: 0x00002984 Val: 0x0000002A
In clock cycle: 388106
Memory Write to Addr: 0x00002980 Val: 0x0000002A
In clock cycle: 388107
Memory Write to Addr: 0x0000297C Val: 0x0000002A
In clock cycle: 388108
Memory Write to Addr: 0x00002978 Val: 0x0000002A
In clock cycle: 388109
Memory Write to Addr: 0x00002974 Val: 0x0000002A
In clock cycle: 389124
Register Write to Reg: 0x08 Val: 0x10010000
In clock cycle: 389125
Register Write to Reg: 0x08 Val: 0x000029AC
In clock cycle: 389126
Register Write to Reg: 0x05 Val: 0x0000002A
In clock cycle: 389126
Memory Write to Addr: 0x00002990 Val: 0x0000002A
In clock cycle: 389127
Memory Write to Addr: 0x1000FFFC Val: 0x0000002A
In clock cycle: 389128
Memory Write to Addr: 0x000029A4 Val: 0x0000002A
In clock cycle: 389129
Memory Write to Addr: 0x000029A0 Val: 0x0000002A
In clock cycle: 389130
Memory Write to Addr: 0x0000299C Val: 0x0000002A
In clock cycle: 389131
Memory Write to Addr: 0x00002998 Val: 0x0000002A
In clock cycle: 389132
Memory Write to Addr: 0x00002994 Val: 0x0000002A
In clock cycle: 389133
Memory Write to Addr: 0x00002990 Val: 0x0000002A
In clock cycle: 390148
Register Write to Reg: 0x08 Val: 0x10010000
In clock cycle: 390149
Register Write to Reg: 0x08 Val: 0x000029C8
In clock cycle: 390150
Register Write to Reg: 0x05 Val: 0x0000002A
In clock cycle: 390150
Memory Write to Addr: 0x000029AC Val: 0x0000002A
In clock cycle: 390151
Memory Write to Addr: 0x1000FFFC Val: 0x0000002A
In clock cycle: 390152
Memory Write to Addr: 0x000029C0 Val: 0x0000002A
In clock cycle: 390153
Memory Write to Addr: 0x000029BC Val: 0x0000002A
In clock cycle: 390154
Memory Write to Addr: 0x000029B8 Val: 0x0000002A
In clock cycle: 390155
Memory Write to Addr: 0x000029B4 Val: 0x0000002A
In clock cycle: 390156
Memory Write to Addr: 0x000029B0 Val: 0x0000002A
In clock cycle: 390157
Memory Write to Addr: 0x000029AC Val: 0x0000002A
In clock cycle: 391172
Register Write to Reg: 0x08 Val: 0x10010000
In clock cycle: 391173
Register Write to Reg: 0x08 Val: 0x000029E4
In clock cycle: 391174
Register Write to Reg: 0x05 Val: 0x0000002A
In clock cycle: 391174
Memory Write to Addr: 0x000029C8 Val: 0x0000002A
In clock cycle: 391175
Memory Write to Addr: 0x1000FFFC Val: 0x0000002A
In clock cycle: 391176
Memory Write to Addr: 0x000029DC Val: 0x0000002A
In clock cycle: 391177
Memory Write to Addr: 0x000029D8 Val: 0x0000002A
In clock cycle: 391178
Memory Write to Addr: 0x000029D4 Val: 0x0000002A
In clock cycle: 391179
Memory Write to Addr: 0x000029D0 Val: 0x0000002A
In clock cycle: 391180
Memory Write to Addr: 0x000029CC Val: 0x0000002A
In clock cycle: 391181
Memory Write to Addr: 0x000029C8 Val: 0x0000002A
In clock cycle: 392196
Register Write to Reg: 0x08 Val: 0x10010000
In clock cycle: 392197
Register Write to Reg: 0x08 Val: 0x00002A00
In clock cycle: 392198
Register Write to Reg: 0x05 Val: 0x0000002A
In clock cycle: 392198
Memory Write to Addr: 0x000029E4 Val: 0x0000002A
In clock cycle: 392199
Memory Write to Addr: 0x1000FFFC Val: 0x0000002A
In clock cycle: 392200
Memory Write to Addr: 0x000029F8 Val: 0x0000002A
In clock cycle: 392201
Memory Write to Addr: 0x000029F4 Val: 0x0000002A
In clock cycle: 392202
Memory Write to Addr: 0x000029F0 Val: 0x0000002A
In clock cycle: 392203
Memory Write to Addr: 0x000029EC Val: 0x0000002A
In clock cycle: 392204
Memory Write to Addr: 0x000029E8 Val: 0x0000002A
In clock cycle: 392205
Memory Write to Addr: 0x000029E4 Val: 0x0000002A
In clock cycle: 393220
Register Write to Reg: 0x08 Val: 0x10010000
In clock cycle: 393221
Register Write to Reg: 0x08 Val: 0x00002A1C
In clock cycle: 393222
Register Write to Reg: 0x05 Val: 0x0000002A
In clock cycle: 393222
Memory Write to Addr: 0x00002A00 Val: 0x0000002A
In clock cycle: 393223
Memory Write to Addr: 0x1000FFFC Val: 0x0000002A
In clock cycle: 393224
Memory Write to Addr: 0x00002A14 Val: 0x0000002A
In clock cycle: 393225
Memory Write to Addr: 0x00002A10 Val: 0x0000002A
In clock cycle: 393226
Memory Write to Addr: 0x00002A0C Val: 0x0000002A
In clock cycle: 393227
Memory Write to Addr: 0x00002A08 Val: 0x0000002A
In clock cycle: 393228
Memory Write to Addr: 0x00002A04 Val: 0x0000002A
In clock cycle: 393229
Memory Write to Addr: 0x00002A00 Val: 0x0000002A
In clock cycle: 394244
Register Write to Reg: 0x08 Val: 0x10010000
In clock cycle: 394245
Register Write to Reg: 0x08 Val: 0x00002A38
In clock cycle: 394246
Register Write to Reg: 0x05 Val: 0x0000002A
In clock cycle: 394246
Memory Write to Addr: 0x00002A1C Val: 0x0000002A
In clock cycle: 394247
Memory Write to Addr: 0x1000FFFC Val: 0x0000002A
In clock cycle: 394248
Memory Write to Addr: 0x00002A30 Val: 0x0000002A
In clock cycle: 394249
Memory Write to Addr: 0x00002A2C Val: 0x0000002A
In clock cycle: 394250
Memory Write to Addr: 0x00002A28 Val: 0x0000002A
In clock cycle: 394251
Memory Write to Addr: 0x00002A24 Val: 0x0000002A
In clock cycle: 394252
Memory Write to Addr: 0x00002A20 Val: 0x0000002A
In clock cycle: 394253
Memory Write to Addr: 0x00002A1C Val: 0x0000002A
In clock cycle: 395268
Register Write to Reg: 0x08 Val: 0x10010000
In clock cycle: 395269
Register Write to Reg: 0x08 Val: 0x00002A54
In clock cycle: 395270
Register Write to Reg: 0x05 Val: 0x0000002A
In clock cycle: 395270
Memory Write to Addr: 0x00002A38 Val: 0x0000002A
In clock cycle: 395271
Memory Write to Addr: 0x1000FFFC Val: 0x0000002A
In clock cycle: 395272
Memory Write to Addr: 0x00002A4C Val: 0x0000002A
In clock cycle: 395273
Memory Write to Addr: 0x00002A48 Val: 0x0000002A
In clock cycle: 395274
Memory Write to Addr: 0x00002A44 Val: 0x0000002A
In clock cycle: 395275
Memory Write to Addr: 0x00002A40 Val: 0x0000002A
In clock cycle: 395276
Memory Write to Addr: 0x00002A3C Val: 0x0000002A
In clock cycle: 395277
Memory Write to Addr: 0x00002A38 Val: 0x0000002A
In clock cycle: 396292
Register Write to Reg: 0x08 Val: 0x10010000
In clock cycle: 396293
Register Write to Reg: 0x08 Val: 0x00002A70
In clock cycle: 396294
Register Write to Reg: 0x05 Val: 0x0000002A
In clock cycle: 396294
Memory Write to Addr: 0x00002A54 Val: 0x0000002A
In clock cycle: 396295
Memory Write to Addr: 0x1000FFFC Val: 0x0000002A
In clock cycle: 396296
Memory Write to Addr: 0x00002A68 Val: 0x0000002A
In clock cycle: 396297
Memory Write to Addr: 0x00002A64 Val: 0x0000002A
In clock cycle: 396298
Memory Write to Addr: 0x00002A60 Val: 0x0000002A
In clock cycle: 396299
Memory Write to Addr: 0x00002A5C Val: 0x0000002A
In clock cycle: 396300
Memory Write to Addr: 0x00002A58 Val: 0x0000002A
In clock cycle: 396301
Memory Write to Addr: 0x00002A54 Val: 0x0000002A
In clock cycle: 397316
Register Write to Reg: 0x08 Val: 0x10010000
In clock cycle: 397317
Register Write to Reg: 0x08 Val: 0x00002A8C
In clock cycle: 397318
Register Write to Reg: 0x05 Val: 0x0000002A
In clock cycle: 397318
Memory Write to Addr: 0x00002A70 Val: 0x0000002A
In clock cycle: 397319
Memory Write to Addr: 0x1000FFFC Val: 0x0000002A
In clock cycle: 397320
Memory Write to Addr: 0x00002A84 Val: 0x0000002A
In clock cycle: 397321
Memory Write to Addr: 0x00002A80 Val: 0x0000002A
In clock cycle: 397322
Memory Write to Addr: 0x00002A7C Val: 0x0000002A
In clock cycle: 397323
Memory Write to Addr: 0x00002A78 Val: 0x0000002A
In clock cycle: 397324
Memory Write to Addr: 0x00002A74 Val: 0x0000002A
In clock cycle: 397325
Memory Write to Addr: 0x00002A70 Val: 0x0000002A
In clock cycle: 398340
Register Write to Reg: 0x08 Val: 0x10010000
In clock cycle: 398341
Register Write to Reg: 0x08 Val: 0x00002AA8
In clock cycle: 398342
Register Write to Reg: 0x05 Val: 0x0000002A
In clock cycle: 398342
Memory Write to Addr: 0x00002A8C Val: 0x0000002A
In clock cycle: 398343
Memory Write to Addr: 0x1000FFFC Val: 0x0000002A
In clock cycle: 398344
Memory Write to Addr: 0x00002AA0 Val: 0x0000002A
In clock cycle: 398345
Memory Write to Addr: 0x00002A9C Val: 0x0000002A
In clock cycle: 398346
Memory Write to Addr: 0x00002A98 Val: 0x0000002A
In clock cycle: 398347
Memory Write to Addr: 0x00002A94 Val: 0x0000002A
In clock cycle: 398348
Memory Write to Addr: 0x00002A90 Val: 0x0000002A
In clock cycle: 398349
Memory Write to Addr: 0x00002A8C Val: 0x0000002A
In clock cycle: 399364
Register Write to Reg: 0x08 Val: 0x10010000
In clock cycle: 399365
Register Write to Reg: 0x08 Val: 0x00002AC4
In clock cycle: 399366
Register Write to Reg: 0x05 Val: 0x0000002A
In clock cycle: 399366
Memory Write to Addr: 0x00002AA8 Val: 0x0000002A
In clock cycle: 399367
Memory Write to Addr: 0x1000FFFC Val: 0x0000002A
In clock cycle: 399368
Memory Write to Addr: 0x00002ABC Val: 0x0000002A
In clock cycle: 399369
Memory Write to Addr: 0x00002AB8 Val: 0x0000002A
In clock cycle: 399370
Memory Write to Addr: 0x00002AB4 Val: 0x0000002A
In clock cycle: 399371
Memory Write to Addr: 0x00002AB0 Val: 0x0000002A
In clock cycle: 399372
Memory Write to Addr: 0x00002AAC Val: 0x0000002A
In clock cycle: 399373
Memory Write to Addr: 0x00002AA8 Val: 0x0000002A
In clock cycle: 400388
Register Write to Reg: 0x08 Val: 0x10010000
In clock cycle: 400389
Register Write to Reg: 0x08 Val: 0x00002AE0
In clock cycle: 400390
Register Write to Reg: 0x05 Val: 0x0000002A
In clock cycle: 400390
Memory Write to Addr: 0x00002AC4 Val: 0x0000002A
In clock cycle: 400391
Memory Write to Addr: 0x1000FFFC Val: 0x0000002A
In clock cycle: 400392
Memory Write to Addr: 0x00002AD8 Val: 0x0000002A
In clock cycle: 400393
Memory Write to Addr: 0x00002AD4 Val: 0x0000002A
In clock cycle: 400394
Memory Write to Addr: 0x00002AD0 Val: 0x0000002A
In clock cycle: 400395
Memory Write to Addr: 0x00002ACC Val: 0x0000002A
In clock cycle: 400396
Memory Write to Addr: 0x00002AC8 Val: 0x0000002A
In clock cycle: 400397
Memory Write to Addr: 0x00002AC4 Val: 0x0000002A
In clock cycle: 401412
Register Write to Reg: 0x08 Val: 0x10010000
In clock cycle: 401413
Register Write to Reg: 0x08 Val: 0x00002AFC
In clock cycle: 401414
Register Write to Reg: 0x05 Val: 0x0000002A
In clock cycle: 401414
Memory Write to Addr: 0x00002AE0 Val: 0x0000002A
In clock cycle: 401415
Memory Write to Addr: 0x1000FFFC Val: 0x0000002A
In clock cycle: 401416
Memory Write to Addr: 0x00002AF4 Val: 0x0000002A
In clock cycle: 401417
Memory Write to Addr: 0x00002AF0 Val: 0x0000002A
In clock cycle: 401418
Memory Write to Addr: 0x00002AEC Val: 0x0000002A
In clock cycle: 401419
Memory Write to Addr: 0x00002AE8 Val: 0x0000002A
In clock cycle: 401420
Memory Write to Addr: 0x00002AE4 Val: 0x0000002A
In clock cycle: 401421
Memory Write to Addr: 0x00002AE0 Val: 0x0000002A
In clock cycle: 402436
Register Write to Reg: 0x08 Val: 0x10010000
In clock cycle: 402437
Register Write to Reg: 0x08 Val: 0x00002B18
In clock cycle: 402438
Register Write to Reg: 0x05 Val: 0x0000002A
In clock cycle: 402438
Memory Write to Addr: 0x00002AFC Val: 0x0000002A
In clock cycle: 402439
Memory Write to Addr: 0x1000FFFC Val: 0x0000002A
In clock cycle: 402440
Memory Write to Addr: 0x00002B10 Val: 0x0000002A
In clock cycle: 402441
Memory Write to Addr: 0x00002B0C Val: 0x0000002A
In clock cycle: 402442
Memory Write to Addr: 0x00002B08 Val: 0x0000002A
In clock cycle: 402443
Memory Write to Addr: 0x00002B04 Val: 0x0000002A
In clock cycle: 402444
Memory Write to Addr: 0x00002B00 Val: 0x0000002A
In clock cycle: 402445
Memory Write to Addr: 0x00002AFC Val: 0x0000002A
In clock cycle: 403460
Register Write to Reg: 0x08 Val: 0x10010000
In clock cycle: 403461
Register Write to Reg: 0x08 Val: 0x00002B34
In clock cycle: 403462
Register Write to Reg: 0x05 Val: 0x0000002A
In clock cycle: 403462
Memory Write to Addr: 0x00002B18 Val: 0x0000002A
In clock cycle: 403463
Memory Write to Addr: 0x1000FFFC Val: 0x0000002A
In clock cycle: 403464
Memory Write to Addr: 0x00002B2C Val: 0x0000002A
In clock cycle: 403465
Memory Write to Addr: 0x00002B28 Val: 0x0000002A
In clock cycle: 403466
Memory Write to Addr: 0x00002B24 Val: 0x0000002A
In clock cycle: 403467
Memory Write to Addr: 0x00002B20 Val: 0x0000002A
In clock cycle: 403468
Memory Write to Addr: 0x00002B1C Val: 0x0000002A
In clock cycle: 403469
Memory Write to Addr: 0x00002B18 Val: 0x0000002A
In clock cycle: 404484
Register Write to Reg: 0x08 Val: 0x10010000
In clock cycle: 404485
Register Write to Reg: 0x08 Val: 0x00002B50
In clock cycle: 404486
Register Write to Reg: 0x05 Val: 0x0000002A
In clock cycle: 404486
Memory Write to Addr: 0x00002B34 Val: 0x0000002A
In clock cycle: 404487
Memory Write to Addr: 0x1000FFFC Val: 0x0000002A
In clock cycle: 404488
Memory Write to Addr: 0x00002B48 Val: 0x0000002A
In clock cycle: 404489
Memory Write to Addr: 0x00002B44 Val: 0x0000002A
In clock cycle: 404490
Memory Write to Addr: 0x00002B40 Val: 0x0000002A
In clock cycle: 404491
Memory Write to Addr: 0x00002B3C Val: 0x0000002A
In clock cycle: 404492
Memory Write to Addr: 0x00002B38 Val: 0x0000002A
In clock cycle: 404493
Memory Write to Addr: 0x00002B34 Val: 0x0000002A
In clock cycle: 405508
Register Write to Reg: 0x08 Val: 0x10010000
In clock cycle: 405509
Register Write to Reg: 0x08 Val: 0x00002B6C
In clock cycle: 405510
Register Write to Reg: 0x05 Val: 0x0000002A
In clock cycle: 405510
Memory Write to Addr: 0x00002B50 Val: 0x0000002A
In clock cycle: 405511
Memory Write to Addr: 0x1000FFFC Val: 0x0000002A
In clock cycle: 405512
Memory Write to Addr: 0x00002B64 Val: 0x0000002A
In clock cycle: 405513
Memory Write to Addr: 0x00002B60 Val: 0x0000002A
In clock cycle: 405514
Memory Write to Addr: 0x00002B5C Val: 0x0000002A
In clock cycle: 405515
Memory Write to Addr: 0x00002B58 Val: 0x0000002A
In clock cycle: 405516
Memory Write to Addr: 0x00002B54 Val: 0x0000002A
In clock cycle: 405517
Memory Write to Addr: 0x00002B50 Val: 0x0000002A
In clock cycle: 406532
Register Write to Reg: 0x08 Val: 0x10010000
In clock cycle: 406533
Register Write to Reg: 0x08 Val: 0x00002B88
In clock cycle: 406534
Register Write to Reg: 0x05 Val: 0x0000002A
In clock cycle: 406534
Memory Write to Addr: 0x00002B6C Val: 0x0000002A
In clock cycle: 406535
Memory Write to Addr: 0x1000FFFC Val: 0x0000002A
In clock cycle: 406536
Memory Write to Addr: 0x00002B80 Val: 0x0000002A
In clock cycle: 406537
Memory Write to Addr: 0x00002B7C Val: 0x0000002A
In clock cycle: 406538
Memory Write to Addr: 0x00002B78 Val: 0x0000002A
In clock cycle: 406539
Memory Write to Addr: 0x00002B74 Val: 0x0000002A
In clock cycle: 406540
Memory Write to Addr: 0x00002B70 Val: 0x0000002A
In clock cycle: 406541
Memory Write to Addr: 0x00002B6C Val: 0x0000002A
In clock cycle: 407556
Register Write to Reg: 0x08 Val: 0x10010000
In clock cycle: 407557
Register Write to Reg: 0x08 Val: 0x00002BA4
In clock cycle: 407558
Register Write to Reg: 0x05 Val: 0x0000002A
In clock cycle: 407558
Memory Write to Addr: 0x00002B88 Val: 0x0000002A
In clock cycle: 407559
Memory Write to Addr: 0x1000FFFC Val: 0x0000002A
In clock cycle: 407560
Memory Write to Addr: 0x00002B9C Val: 0x0000002A
In clock cycle: 407561
Memory Write to Addr: 0x00002B98 Val: 0x0000002A
In clock cycle: 407562
Memory Write to Addr: 0x00002B94 Val: 0x0000002A
In clock cycle: 407563
Memory Write to Addr: 0x00002B90 Val: 0x0000002A
In clock cycle: 407564
Memory Write to Addr: 0x00002B8C Val: 0x0000002A
In clock cycle: 407565
Memory Write to Addr: 0x00002B88 Val: 0x0000002A
In clock cycle: 408580
Register Write to Reg: 0x08 Val: 0x10010000
In clock cycle: 408581
Register Write to Reg: 0x08 Val: 0x00002BC0
In clock cycle: 408582
Register Write to Reg: 0x05 Val: 0x0000002A
In clock cycle: 408582
Memory Write to Addr: 0x00002BA4 Val: 0x0000002A
In clock cycle: 408583
Memory Write to Addr: 0x1000FFFC Val: 0x0000002A
In clock cycle: 408584
Memory Write to Addr: 0x00002BB8 Val: 0x0000002A
In clock cycle: 408585
Memory Write to Addr: 0x00002BB4 Val: 0x0000002A
In clock cycle: 408586
Memory Write to Addr: 0x00002BB0 Val: 0x0000002A
In clock cycle: 408587
Memory Write to Addr: 0x00002BAC Val: 0x0000002A
In clock cycle: 408588
Memory Write to Addr: 0x00002BA8 Val: 0x0000002A
In clock cycle: 408589
Memory Write to Addr: 0x00002BA4 Val: 0x0000002A
In clock cycle: 409604
Register Write to Reg: 0x08 Val: 0x10010000
In clock cycle: 409605
Register Write to Reg: 0x08 Val: 0x00002BDC
In clock cycle: 409606
Register Write to Reg: 0x05 Val: 0x0000002A
In clock cycle: 409606
Memory Write to Addr: 0x00002BC0 Val: 0x0000002A
In clock cycle: 409607
Memory Write to Addr: 0x1000FFFC Val: 0x0000002A
In clock cycle: 409608
Memory Write to Addr: 0x00002BD4 Val: 0x0000002A
In clock cycle: 409609
Memory Write to Addr: 0x00002BD0 Val: 0x0000002A
In clock cycle: 409610
Memory Write to Addr: 0x00002BCC Val: 0x0000002A
In clock cycle: 409611
Memory Write to Addr: 0x00002BC8 Val: 0x0000002A
In clock cycle: 409612
Memory Write to Addr: 0x00002BC4 Val: 0x0000002A
In clock cycle: 409613
Memory Write to Addr: 0x00002BC0 Val: 0x0000002A
In clock cycle: 410628
Register Write to Reg: 0x08 Val: 0x10010000
In clock cycle: 410629
Register Write to Reg: 0x08 Val: 0x00002BF8
In clock cycle: 410630
Register Write to Reg: 0x05 Val: 0x0000002A
In clock cycle: 410630
Memory Write to Addr: 0x00002BDC Val: 0x0000002A
In clock cycle: 410631
Memory Write to Addr: 0x1000FFFC Val: 0x0000002A
In clock cycle: 410632
Memory Write to Addr: 0x00002BF0 Val: 0x0000002A
In clock cycle: 410633
Memory Write to Addr: 0x00002BEC Val: 0x0000002A
In clock cycle: 410634
Memory Write to Addr: 0x00002BE8 Val: 0x0000002A
In clock cycle: 410635
Memory Write to Addr: 0x00002BE4 Val: 0x0000002A
In clock cycle: 410636
Memory Write to Addr: 0x00002BE0 Val: 0x0000002A
In clock cycle: 410637
Memory Write to Addr: 0x00002BDC Val: 0x0000002A
In clock cycle: 411652
Register Write to Reg: 0x08 Val: 0x10010000
In clock cycle: 411653
Register Write to Reg: 0x08 Val: 0x00002C14
In clock cycle: 411654
Register Write to Reg: 0x05 Val: 0x0000002A
In clock cycle: 411654
Memory Write to Addr: 0x00002BF8 Val: 0x0000002A
In clock cycle: 411655
Memory Write to Addr: 0x1000FFFC Val: 0x0000002A
In clock cycle: 411656
Memory Write to Addr: 0x00002C0C Val: 0x0000002A
In clock cycle: 411657
Memory Write to Addr: 0x00002C08 Val: 0x0000002A
In clock cycle: 411658
Memory Write to Addr: 0x00002C04 Val: 0x0000002A
In clock cycle: 411659
Memory Write to Addr: 0x00002C00 Val: 0x0000002A
In clock cycle: 411660
Memory Write to Addr: 0x00002BFC Val: 0x0000002A
In clock cycle: 411661
Memory Write to Addr: 0x00002BF8 Val: 0x0000002A
In clock cycle: 412676
Register Write to Reg: 0x08 Val: 0x10010000
In clock cycle: 412677
Register Write to Reg: 0x08 Val: 0x00002C30
In clock cycle: 412678
Register Write to Reg: 0x05 Val: 0x0000002A
In clock cycle: 412678
Memory Write to Addr: 0x00002C14 Val: 0x0000002A
In clock cycle: 412679
Memory Write to Addr: 0x1000FFFC Val: 0x0000002A
In clock cycle: 412680
Memory Write to Addr: 0x00002C28 Val: 0x0000002A
In clock cycle: 412681
Memory Write to Addr: 0x00002C24 Val: 0x0000002A
In clock cycle: 412682
Memory Write to Addr: 0x00002C20 Val: 0x0000002A
In clock cycle: 412683
Memory Write to Addr: 0x00002C1C Val: 0x0000002A
In clock cycle: 412684
Memory Write to Addr: 0x00002C18 Val: 0x0000002A
In clock cycle: 412685
Memory Write to Addr: 0x00002C14 Val: 0x0000002A
In clock cycle: 413700
Register Write to Reg: 0x08 Val: 0x10010000
In clock cycle: 413701
Register Write to Reg: 0x08 Val: 0x00002C4C
In clock cycle: 413702
Register Write to Reg: 0x05 Val: 0x0000002A
In clock cycle: 413702
Memory Write to Addr: 0x00002C30 Val: 0x0000002A
In clock cycle: 413703
Memory Write to Addr: 0x1000FFFC Val: 0x0000002A
In clock cycle: 413704
Memory Write to Addr: 0x00002C44 Val: 0x0000002A
In clock cycle: 413705
Memory Write to Addr: 0x00002C40 Val: 0x0000002A
In clock cycle: 413706
Memory Write to Addr: 0x00002C3C Val: 0x0000002A
In clock cycle: 413707
Memory Write to Addr: 0x00002C38 Val: 0x0000002A
In clock cycle: 413708
Memory Write to Addr: 0x00002C34 Val: 0x0000002A
In clock cycle: 413709
Memory Write to Addr: 0x00002C30 Val: 0x0000002A
In clock cycle: 414724
Register Write to Reg: 0x08 Val: 0x10010000
In clock cycle: 414725
Register Write to Reg: 0x08 Val: 0x00002C68
In clock cycle: 414726
Register Write to Reg: 0x05 Val: 0x0000002A
In clock cycle: 414726
Memory Write to Addr: 0x00002C4C Val: 0x0000002A
In clock cycle: 414727
Memory Write to Addr: 0x1000FFFC Val: 0x0000002A
In clock cycle: 414728
Memory Write to Addr: 0x00002C60 Val: 0x0000002A
In clock cycle: 414729
Memory Write to Addr: 0x00002C5C Val: 0x0000002A
In clock cycle: 414730
Memory Write to Addr: 0x00002C58 Val: 0x0000002A
In clock cycle: 414731
Memory Write to Addr: 0x00002C54 Val: 0x0000002A
In clock cycle: 414732
Memory Write to Addr: 0x00002C50 Val: 0x0000002A
In clock cycle: 414733
Memory Write to Addr: 0x00002C4C Val: 0x0000002A
In clock cycle: 415748
Register Write to Reg: 0x08 Val: 0x10010000
In clock cycle: 415749
Register Write to Reg: 0x08 Val: 0x00002C84
In clock cycle: 415750
Register Write to Reg: 0x05 Val: 0x0000002A
In clock cycle: 415750
Memory Write to Addr: 0x00002C68 Val: 0x0000002A
In clock cycle: 415751
Memory Write to Addr: 0x1000FFFC Val: 0x0000002A
In clock cycle: 415752
Memory Write to Addr: 0x00002C7C Val: 0x0000002A
In clock cycle: 415753
Memory Write to Addr: 0x00002C78 Val: 0x0000002A
In clock cycle: 415754
Memory Write to Addr: 0x00002C74 Val: 0x0000002A
In clock cycle: 415755
Memory Write to Addr: 0x00002C70 Val: 0x0000002A
In clock cycle: 415756
Memory Write to Addr: 0x00002C6C Val: 0x0000002A
In clock cycle: 415757
Memory Write to Addr: 0x00002C68 Val: 0x0000002A
In clock cycle: 416772
Register Write to Reg: 0x08 Val: 0x10010000
In clock cycle: 416773
Register Write to Reg: 0x08 Val: 0x00002CA0
In clock cycle: 416774
Register Write to Reg: 0x05 Val: 0x0000002A
In clock cycle: 416774
Memory Write to Addr: 0x00002C84 Val: 0x0000002A
In clock cycle: 416775
Memory Write to Addr: 0x1000FFFC Val: 0x0000002A
In clock cycle: 416776
Memory Write to Addr: 0x00002C98 Val: 0x0000002A
In clock cycle: 416777
Memory Write to Addr: 0x00002C94 Val: 0x0000002A
In clock cycle: 416778
Memory Write to Addr: 0x00002C90 Val: 0x0000002A
In clock cycle: 416779
Memory Write to Addr: 0x00002C8C Val: 0x0000002A
In clock cycle: 416780
Memory Write to Addr: 0x00002C88 Val: 0x0000002A
In clock cycle: 416781
Memory Write to Addr: 0x00002C84 Val: 0x0000002A
In clock cycle: 417796
Register Write to Reg: 0x08 Val: 0x10010000
In clock cycle: 417797
Register Write to Reg: 0x08 Val: 0x00002CBC
In clock cycle: 417798
Register Write to Reg: 0x05 Val: 0x0000002A
In clock cycle: 417798
Memory Write to Addr: 0x00002CA0 Val: 0x0000002A
In clock cycle: 417799
Memory Write to Addr: 0x1000FFFC Val: 0x0000002A
In clock cycle: 417800
Memory Write to Addr: 0x00002CB4 Val: 0x0000002A
In clock cycle: 417801
Memory Write to Addr: 0x00002CB0 Val: 0x0000002A
In clock cycle: 417802
Memory Write to Addr: 0x00002CAC Val: 0x0000002A
In clock cycle: 417803
Memory Write to Addr: 0x00002CA8 Val: 0x0000002A
In clock cycle: 417804
Memory Write to Addr: 0x00002CA4 Val: 0x0000002A
In clock cycle: 417805
Memory Write to Addr: 0x00002CA0 Val: 0x0000002A
In clock cycle: 418820
Register Write to Reg: 0x08 Val: 0x10010000
In clock cycle: 418821
Register Write to Reg: 0x08 Val: 0x00002CD8
In clock cycle: 418822
Register Write to Reg: 0x05 Val: 0x0000002A
In clock cycle: 418822
Memory Write to Addr: 0x00002CBC Val: 0x0000002A
In clock cycle: 418823
Memory Write to Addr: 0x1000FFFC Val: 0x0000002A
In clock cycle: 418824
Memory Write to Addr: 0x00002CD0 Val: 0x0000002A
In clock cycle: 418825
Memory Write to Addr: 0x00002CCC Val: 0x0000002A
In clock cycle: 418826
Memory Write to Addr: 0x00002CC8 Val: 0x0000002A
In clock cycle: 418827
Memory Write to Addr: 0x00002CC4 Val: 0x0000002A
In clock cycle: 418828
Memory Write to Addr: 0x00002CC0 Val: 0x0000002A
In clock cycle: 418829
Memory Write to Addr: 0x00002CBC Val: 0x0000002A
In clock cycle: 419844
Register Write to Reg: 0x08 Val: 0x10010000
In clock cycle: 419845
Register Write to Reg: 0x08 Val: 0x00002CF4
In clock cycle: 419846
Register Write to Reg: 0x05 Val: 0x0000002A
In clock cycle: 419846
Memory Write to Addr: 0x00002CD8 Val: 0x0000002A
In clock cycle: 419847
Memory Write to Addr: 0x1000FFFC Val: 0x0000002A
In clock cycle: 419848
Memory Write to Addr: 0x00002CEC Val: 0x0000002A
In clock cycle: 419849
Memory Write to Addr: 0x00002CE8 Val: 0x0000002A
In clock cycle: 419850
Memory Write to Addr: 0x00002CE4 Val: 0x0000002A
In clock cycle: 419851
Memory Write to Addr: 0x00002CE0 Val: 0x0000002A
In clock cycle: 419852
Memory Write to Addr: 0x00002CDC Val: 0x0000002A
In clock cycle: 419853
Memory Write to Addr: 0x00002CD8 Val: 0x0000002A
In clock cycle: 420868
Register Write to Reg: 0x08 Val: 0x10010000
In clock cycle: 420869
Register Write to Reg: 0x08 Val: 0x00002D10
In clock cycle: 420870
Register Write to Reg: 0x05 Val: 0x0000002A
In clock cycle: 420870
Memory Write to Addr: 0x00002CF4 Val: 0x0000002A
In clock cycle: 420871
Memory Write to Addr: 0x1000FFFC Val: 0x0000002A
In clock cycle: 420872
Memory Write to Addr: 0x00002D08 Val: 0x0000002A
In clock cycle: 420873
Memory Write to Addr: 0x00002D04 Val: 0x0000002A
In clock cycle: 420874
Memory Write to Addr: 0x00002D00 Val: 0x0000002A
In clock cycle: 420875
Memory Write to Addr: 0x00002CFC Val: 0x0000002A
In clock cycle: 420876
Memory Write to Addr: 0x00002CF8 Val: 0x0000002A
In clock cycle: 420877
Memory Write to Addr: 0x00002CF4 Val: 0x0000002A
In clock cycle: 421892
Register Write to Reg: 0x08 Val: 0x10010000
In clock cycle: 421893
Register Write to Reg: 0x08 Val: 0x00002D2C
In clock cycle: 421894
Register Write to Reg: 0x05 Val: 0x0000002A
In clock cycle: 421894
Memory Write to Addr: 0x00002D10 Val: 0x0000002A
In clock cycle: 421895
Memory Write to Addr: 0x1000FFFC Val: 0x0000002A
In clock cycle: 421896
Memory Write to Addr: 0x00002D24 Val: 0x0000002A
In clock cycle: 421897
Memory Write to Addr: 0x00002D20 Val: 0x0000002A
In clock cycle: 421898
Memory Write to Addr: 0x00002D1C Val: 0x0000002A
In clock cycle: 421899
Memory Write to Addr: 0x00002D18 Val: 0x0000002A
In clock cycle: 421900
Memory Write to Addr: 0x00002D14 Val: 0x0000002A
In clock cycle: 421901
Memory Write to Addr: 0x00002D10 Val: 0x0000002A
In clock cycle: 422916
Register Write to Reg: 0x08 Val: 0x10010000
In clock cycle: 422917
Register Write to Reg: 0x08 Val: 0x00002D48
In clock cycle: 422918
Register Write to Reg: 0x05 Val: 0x0000002A
In clock cycle: 422918
Memory Write to Addr: 0x00002D2C Val: 0x0000002A
In clock cycle: 422919
Memory Write to Addr: 0x1000FFFC Val: 0x0000002A
In clock cycle: 422920
Memory Write to Addr: 0x00002D40 Val: 0x0000002A
In clock cycle: 422921
Memory Write to Addr: 0x00002D3C Val: 0x0000002A
In clock cycle: 422922
Memory Write to Addr: 0x00002D38 Val: 0x0000002A
In clock cycle: 422923
Memory Write to Addr: 0x00002D34 Val: 0x0000002A
In clock cycle: 422924
Memory Write to Addr: 0x00002D30 Val: 0x0000002A
In clock cycle: 422925
Memory Write to Addr: 0x00002D2C Val: 0x0000002A
In clock cycle: 423940
Register Write to Reg: 0x08 Val: 0x10010000
In clock cycle: 423941
Register Write to Reg: 0x08 Val: 0x00002D64
In clock cycle: 423942
Register Write to Reg: 0x05 Val: 0x0000002A
In clock cycle: 423942
Memory Write to Addr: 0x00002D48 Val: 0x0000002A
In clock cycle: 423943
Memory Write to Addr: 0x1000FFFC Val: 0x0000002A
In clock cycle: 423944
Memory Write to Addr: 0x00002D5C Val: 0x0000002A
In clock cycle: 423945
Memory Write to Addr: 0x00002D58 Val: 0x0000002A
In clock cycle: 423946
Memory Write to Addr: 0x00002D54 Val: 0x0000002A
In clock cycle: 423947
Memory Write to Addr: 0x00002D50 Val: 0x0000002A
In clock cycle: 423948
Memory Write to Addr: 0x00002D4C Val: 0x0000002A
In clock cycle: 423949
Memory Write to Addr: 0x00002D48 Val: 0x0000002A
In clock cycle: 424964
Register Write to Reg: 0x08 Val: 0x10010000
In clock cycle: 424965
Register Write to Reg: 0x08 Val: 0x00002D80
In clock cycle: 424966
Register Write to Reg: 0x05 Val: 0x0000002A
In clock cycle: 424966
Memory Write to Addr: 0x00002D64 Val: 0x0000002A
In clock cycle: 424967
Memory Write to Addr: 0x1000FFFC Val: 0x0000002A
In clock cycle: 424968
Memory Write to Addr: 0x00002D78 Val: 0x0000002A
In clock cycle: 424969
Memory Write to Addr: 0x00002D74 Val: 0x0000002A
In clock cycle: 424970
Memory Write to Addr: 0x00002D70 Val: 0x0000002A
In clock cycle: 424971
Memory Write to Addr: 0x00002D6C Val: 0x0000002A
In clock cycle: 424972
Memory Write to Addr: 0x00002D68 Val: 0x0000002A
In clock cycle: 424973
Memory Write to Addr: 0x00002D64 Val: 0x0000002A
In clock cycle: 425988
Register Write to Reg: 0x08 Val: 0x10010000
In clock cycle: 425989
Register Write to Reg: 0x08 Val: 0x00002D9C
In clock cycle: 425990
Register Write to Reg: 0x05 Val: 0x0000002A
In clock cycle: 425990
Memory Write to Addr: 0x00002D80 Val: 0x0000002A
In clock cycle: 425991
Memory Write to Addr: 0x1000FFFC Val: 0x0000002A
In clock cycle: 425992
Memory Write to Addr: 0x00002D94 Val: 0x0000002A
In clock cycle: 425993
Memory Write to Addr: 0x00002D90 Val: 0x0000002A
In clock cycle: 425994
Memory Write to Addr: 0x00002D8C Val: 0x0000002A
In clock cycle: 425995
Memory Write to Addr: 0x00002D88 Val: 0x0000002A
In clock cycle: 425996
Memory Write to Addr: 0x00002D84 Val: 0x0000002A
In clock cycle: 425997
Memory Write to Addr: 0x00002D80 Val: 0x0000002A
In clock cycle: 427012
Register Write to Reg: 0x08 Val: 0x10010000
In clock cycle: 427013
Register Write to Reg: 0x08 Val: 0x00002DB8
In clock cycle: 427014
Register Write to Reg: 0x05 Val: 0x0000002A
In clock cycle: 427014
Memory Write to Addr: 0x00002D9C Val: 0x0000002A
In clock cycle: 427015
Memory Write to Addr: 0x1000FFFC Val: 0x0000002A
In clock cycle: 427016
Memory Write to Addr: 0x00002DB0 Val: 0x0000002A
In clock cycle: 427017
Memory Write to Addr: 0x00002DAC Val: 0x0000002A
In clock cycle: 427018
Memory Write to Addr: 0x00002DA8 Val: 0x0000002A
In clock cycle: 427019
Memory Write to Addr: 0x00002DA4 Val: 0x0000002A
In clock cycle: 427020
Memory Write to Addr: 0x00002DA0 Val: 0x0000002A
In clock cycle: 427021
Memory Write to Addr: 0x00002D9C Val: 0x0000002A
In clock cycle: 428036
Register Write to Reg: 0x08 Val: 0x10010000
In clock cycle: 428037
Register Write to Reg: 0x08 Val: 0x00002DD4
In clock cycle: 428038
Register Write to Reg: 0x05 Val: 0x0000002A
In clock cycle: 428038
Memory Write to Addr: 0x00002DB8 Val: 0x0000002A
In clock cycle: 428039
Memory Write to Addr: 0x1000FFFC Val: 0x0000002A
In clock cycle: 428040
Memory Write to Addr: 0x00002DCC Val: 0x0000002A
In clock cycle: 428041
Memory Write to Addr: 0x00002DC8 Val: 0x0000002A
In clock cycle: 428042
Memory Write to Addr: 0x00002DC4 Val: 0x0000002A
In clock cycle: 428043
Memory Write to Addr: 0x00002DC0 Val: 0x0000002A
In clock cycle: 428044
Memory Write to Addr: 0x00002DBC Val: 0x0000002A
In clock cycle: 428045
Memory Write to Addr: 0x00002DB8 Val: 0x0000002A
In clock cycle: 429060
Register Write to Reg: 0x08 Val: 0x10010000
In clock cycle: 429061
Register Write to Reg: 0x08 Val: 0x00002DF0
In clock cycle: 429062
Register Write to Reg: 0x05 Val: 0x0000002A
In clock cycle: 429062
Memory Write to Addr: 0x00002DD4 Val: 0x0000002A
In clock cycle: 429063
Memory Write to Addr: 0x1000FFFC Val: 0x0000002A
In clock cycle: 429064
Memory Write to Addr: 0x00002DE8 Val: 0x0000002A
In clock cycle: 429065
Memory Write to Addr: 0x00002DE4 Val: 0x0000002A
In clock cycle: 429066
Memory Write to Addr: 0x00002DE0 Val: 0x0000002A
In clock cycle: 429067
Memory Write to Addr: 0x00002DDC Val: 0x0000002A
In clock cycle: 429068
Memory Write to Addr: 0x00002DD8 Val: 0x0000002A
In clock cycle: 429069
Memory Write to Addr: 0x00002DD4 Val: 0x0000002A
In clock cycle: 430084
Register Write to Reg: 0x08 Val: 0x10010000
In clock cycle: 430085
Register Write to Reg: 0x08 Val: 0x00002E0C
In clock cycle: 430086
Register Write to Reg: 0x05 Val: 0x0000002A
In clock cycle: 430086
Memory Write to Addr: 0x00002DF0 Val: 0x0000002A
In clock cycle: 430087
Memory Write to Addr: 0x1000FFFC Val: 0x0000002A
In clock cycle: 430088
Memory Write to Addr: 0x00002E04 Val: 0x0000002A
In clock cycle: 430089
Memory Write to Addr: 0x00002E00 Val: 0x0000002A
In clock cycle: 430090
Memory Write to Addr: 0x00002DFC Val: 0x0000002A
In clock cycle: 430091
Memory Write to Addr: 0x00002DF8 Val: 0x0000002A
In clock cycle: 430092
Memory Write to Addr: 0x00002DF4 Val: 0x0000002A
In clock cycle: 430093
Memory Write to Addr: 0x00002DF0 Val: 0x0000002A
In clock cycle: 431108
Register Write to Reg: 0x08 Val: 0x10010000
In clock cycle: 431109
Register Write to Reg: 0x08 Val: 0x00002E28
In clock cycle: 431110
Register Write to Reg: 0x05 Val: 0x0000002A
In clock cycle: 431110
Memory Write to Addr: 0x00002E0C Val: 0x0000002A
In clock cycle: 431111
Memory Write to Addr: 0x1000FFFC Val: 0x0000002A
In clock cycle: 431112
Memory Write to Addr: 0x00002E20 Val: 0x0000002A
In clock cycle: 431113
Memory Write to Addr: 0x00002E1C Val: 0x0000002A
In clock cycle: 431114
Memory Write to Addr: 0x00002E18 Val: 0x0000002A
In clock cycle: 431115
Memory Write to Addr: 0x00002E14 Val: 0x0000002A
In clock cycle: 431116
Memory Write to Addr: 0x00002E10 Val: 0x0000002A
In clock cycle: 431117
Memory Write to Addr: 0x00002E0C Val: 0x0000002A
In clock cycle: 432132
Register Write to Reg: 0x08 Val: 0x10010000
In clock cycle: 432133
Register Write to Reg: 0x08 Val: 0x00002E44
In clock cycle: 432134
Register Write to Reg: 0x05 Val: 0x0000002A
In clock cycle: 432134
Memory Write to Addr: 0x00002E28 Val: 0x0000002A
In clock cycle: 432135
Memory Write to Addr: 0x1000FFFC Val: 0x0000002A
In clock cycle: 432136
Memory Write to Addr: 0x00002E3C Val: 0x0000002A
In clock cycle: 432137
Memory Write to Addr: 0x00002E38 Val: 0x0000002A
In clock cycle: 432138
Memory Write to Addr: 0x00002E34 Val: 0x0000002A
In clock cycle: 432139
Memory Write to Addr: 0x00002E30 Val: 0x0000002A
In clock cycle: 432140
Memory Write to Addr: 0x00002E2C Val: 0x0000002A
In clock cycle: 432141
Memory Write to Addr: 0x00002E28 Val: 0x0000002A
In clock cycle: 433156
Register Write to Reg: 0x08 Val: 0x10010000
In clock cycle: 433157
Register Write to Reg: 0x08 Val: 0x00002E60
In clock cycle: 433158
Register Write to Reg: 0x05 Val: 0x0000002A
In clock cycle: 433158
Memory Write to Addr: 0x00002E44 Val: 0x0000002A
In clock cycle: 433159
Memory Write to Addr: 0x1000FFFC Val: 0x0000002A
In clock cycle: 433160
Memory Write to Addr: 0x00002E58 Val: 0x0000002A
In clock cycle: 433161
Memory Write to Addr: 0x00002E54 Val: 0x0000002A
In clock cycle: 433162
Memory Write to Addr: 0x00002E50 Val: 0x0000002A
In clock cycle: 433163
Memory Write to Addr: 0x00002E4C Val: 0x0000002A
In clock cycle: 433164
Memory Write to Addr: 0x00002E48 Val: 0x0000002A
In clock cycle: 433165
Memory Write to Addr: 0x00002E44 Val: 0x0000002A
In clock cycle: 434180
Register Write to Reg: 0x08 Val: 0x10010000
In clock cycle: 434181
Register Write to Reg: 0x08 Val: 0x00002E7C
In clock cycle: 434182
Register Write to Reg: 0x05 Val: 0x0000002A
In clock cycle: 434182
Memory Write to Addr: 0x00002E60 Val: 0x0000002A
In clock cycle: 434183
Memory Write to Addr: 0x1000FFFC Val: 0x0000002A
In clock cycle: 434184
Memory Write to Addr: 0x00002E74 Val: 0x0000002A
In clock cycle: 434185
Memory Write to Addr: 0x00002E70 Val: 0x0000002A
In clock cycle: 434186
Memory Write to Addr: 0x00002E6C Val: 0x0000002A
In clock cycle: 434187
Memory Write to Addr: 0x00002E68 Val: 0x0000002A
In clock cycle: 434188
Memory Write to Addr: 0x00002E64 Val: 0x0000002A
In clock cycle: 434189
Memory Write to Addr: 0x00002E60 Val: 0x0000002A
In clock cycle: 435204
Register Write to Reg: 0x08 Val: 0x10010000
In clock cycle: 435205
Register Write to Reg: 0x08 Val: 0x00002E98
In clock cycle: 435206
Register Write to Reg: 0x05 Val: 0x0000002A
In clock cycle: 435206
Memory Write to Addr: 0x00002E7C Val: 0x0000002A
In clock cycle: 435207
Memory Write to Addr: 0x1000FFFC Val: 0x0000002A
In clock cycle: 435208
Memory Write to Addr: 0x00002E90 Val: 0x0000002A
In clock cycle: 435209
Memory Write to Addr: 0x00002E8C Val: 0x0000002A
In clock cycle: 435210
Memory Write to Addr: 0x00002E88 Val: 0x0000002A
In clock cycle: 435211
Memory Write to Addr: 0x00002E84 Val: 0x0000002A
In clock cycle: 435212
Memory Write to Addr: 0x00002E80 Val: 0x0000002A
In clock cycle: 435213
Memory Write to Addr: 0x00002E7C Val: 0x0000002A
In clock cycle: 436228
Register Write to Reg: 0x08 Val: 0x10010000
In clock cycle: 436229
Register Write to Reg: 0x08 Val: 0x00002EB4
In clock cycle: 436230
Register Write to Reg: 0x05 Val: 0x0000002A
In clock cycle: 436230
Memory Write to Addr: 0x00002E98 Val: 0x0000002A
In clock cycle: 436231
Memory Write to Addr: 0x1000FFFC Val: 0x0000002A
In clock cycle: 436232
Memory Write to Addr: 0x00002EAC Val: 0x0000002A
In clock cycle: 436233
Memory Write to Addr: 0x00002EA8 Val: 0x0000002A
In clock cycle: 436234
Memory Write to Addr: 0x00002EA4 Val: 0x0000002A
In clock cycle: 436235
Memory Write to Addr: 0x00002EA0 Val: 0x0000002A
In clock cycle: 436236
Memory Write to Addr: 0x00002E9C Val: 0x0000002A
In clock cycle: 436237
Memory Write to Addr: 0x00002E98 Val: 0x0000002A
In clock cycle: 437252
Register Write to Reg: 0x08 Val: 0x10010000
In clock cycle: 437253
Register Write to Reg: 0x08 Val: 0x00002ED0
In clock cycle: 437254
Register Write to Reg: 0x05 Val: 0x0000002A
In clock cycle: 437254
Memory Write to Addr: 0x00002EB4 Val: 0x0000002A
In clock cycle: 437255
Memory Write to Addr: 0x1000FFFC Val: 0x0000002A
In clock cycle: 437256
Memory Write to Addr: 0x00002EC8 Val: 0x0000002A
In clock cycle: 437257
Memory Write to Addr: 0x00002EC4 Val: 0x0000002A
In clock cycle: 437258
Memory Write to Addr: 0x00002EC0 Val: 0x0000002A
In clock cycle: 437259
Memory Write to Addr: 0x00002EBC Val: 0x0000002A
In clock cycle: 437260
Memory Write to Addr: 0x00002EB8 Val: 0x0000002A
In clock cycle: 437261
Memory Write to Addr: 0x00002EB4 Val: 0x0000002A
In clock cycle: 438276
Register Write to Reg: 0x08 Val: 0x10010000
In clock cycle: 438277
Register Write to Reg: 0x08 Val: 0x00002EEC
In clock cycle: 438278
Register Write to Reg: 0x05 Val: 0x0000002A
In clock cycle: 438278
Memory Write to Addr: 0x00002ED0 Val: 0x0000002A
In clock cycle: 438279
Memory Write to Addr: 0x1000FFFC Val: 0x0000002A
In clock cycle: 438280
Memory Write to Addr: 0x00002EE4 Val: 0x0000002A
In clock cycle: 438281
Memory Write to Addr: 0x00002EE0 Val: 0x0000002A
In clock cycle: 438282
Memory Write to Addr: 0x00002EDC Val: 0x0000002A
In clock cycle: 438283
Memory Write to Addr: 0x00002ED8 Val: 0x0000002A
In clock cycle: 438284
Memory Write to Addr: 0x00002ED4 Val: 0x0000002A
In clock cycle: 438285
Memory Write to Addr: 0x00002ED0 Val: 0x0000002A
In clock cycle: 439300
Register Write to Reg: 0x08 Val: 0x10010000
In clock cycle: 439301
Register Write to Reg: 0x08 Val: 0x00002F08
In clock cycle: 439302
Register Write to Reg: 0x05 Val: 0x0000002A
In clock cycle: 439302
Memory Write to Addr: 0x00002EEC Val: 0x0000002A
In clock cycle: 439303
Memory Write to Addr: 0x1000FFFC Val: 0x0000002A
In clock cycle: 439304
Memory Write to Addr: 0x00002F00 Val: 0x0000002A
In clock cycle: 439305
Memory Write to Addr: 0x00002EFC Val: 0x0000002A
In clock cycle: 439306
Memory Write to Addr: 0x00002EF8 Val: 0x0000002A
In clock cycle: 439307
Memory Write to Addr: 0x00002EF4 Val: 0x0000002A
In clock cycle: 439308
Memory Write to Addr: 0x00002EF0 Val: 0x0000002A
In clock cycle: 439309
Memory Write to Addr: 0x00002EEC Val: 0x0000002A
In clock cycle: 440324
Register Write to Reg: 0x08 Val: 0x10010000
In clock cycle: 440325
Register Write to Reg: 0x08 Val: 0x00002F24
In clock cycle: 440326
Register Write to Reg: 0x05 Val: 0x0000002A
In clock cycle: 440326
Memory Write to Addr: 0x00002F08 Val: 0x0000002A
In clock cycle: 440327
Memory Write to Addr: 0x1000FFFC Val: 0x0000002A
In clock cycle: 440328
Memory Write to Addr: 0x00002F1C Val: 0x0000002A
In clock cycle: 440329
Memory Write to Addr: 0x00002F18 Val: 0x0000002A
In clock cycle: 440330
Memory Write to Addr: 0x00002F14 Val: 0x0000002A
In clock cycle: 440331
Memory Write to Addr: 0x00002F10 Val: 0x0000002A
In clock cycle: 440332
Memory Write to Addr: 0x00002F0C Val: 0x0000002A
In clock cycle: 440333
Memory Write to Addr: 0x00002F08 Val: 0x0000002A
In clock cycle: 441348
Register Write to Reg: 0x08 Val: 0x10010000
In clock cycle: 441349
Register Write to Reg: 0x08 Val: 0x00002F40
In clock cycle: 441350
Register Write to Reg: 0x05 Val: 0x0000002A
In clock cycle: 441350
Memory Write to Addr: 0x00002F24 Val: 0x0000002A
In clock cycle: 441351
Memory Write to Addr: 0x1000FFFC Val: 0x0000002A
In clock cycle: 441352
Memory Write to Addr: 0x00002F38 Val: 0x0000002A
In clock cycle: 441353
Memory Write to Addr: 0x00002F34 Val: 0x0000002A
In clock cycle: 441354
Memory Write to Addr: 0x00002F30 Val: 0x0000002A
In clock cycle: 441355
Memory Write to Addr: 0x00002F2C Val: 0x0000002A
In clock cycle: 441356
Memory Write to Addr: 0x00002F28 Val: 0x0000002A
In clock cycle: 441357
Memory Write to Addr: 0x00002F24 Val: 0x0000002A
In clock cycle: 442372
Register Write to Reg: 0x08 Val: 0x10010000
In clock cycle: 442373
Register Write to Reg: 0x08 Val: 0x00002F5C
In clock cycle: 442374
Register Write to Reg: 0x05 Val: 0x0000002A
In clock cycle: 442374
Memory Write to Addr: 0x00002F40 Val: 0x0000002A
In clock cycle: 442375
Memory Write to Addr: 0x1000FFFC Val: 0x0000002A
In clock cycle: 442376
Memory Write to Addr: 0x00002F54 Val: 0x0000002A
In clock cycle: 442377
Memory Write to Addr: 0x00002F50 Val: 0x0000002A
In clock cycle: 442378
Memory Write to Addr: 0x00002F4C Val: 0x0000002A
In clock cycle: 442379
Memory Write to Addr: 0x00002F48 Val: 0x0000002A
In clock cycle: 442380
Memory Write to Addr: 0x00002F44 Val: 0x0000002A
In clock cycle: 442381
Memory Write to Addr: 0x00002F40 Val: 0x0000002A
In clock cycle: 443396
Register Write to Reg: 0x08 Val: 0x10010000
In clock cycle: 443397
Register Write to Reg: 0x08 Val: 0x00002F78
In clock cycle: 443398
Register Write to Reg: 0x05 Val: 0x0000002A
In clock cycle: 443398
Memory Write to Addr: 0x00002F5C Val: 0x0000002A
In clock cycle: 443399
Memory Write to Addr: 0x1000FFFC Val: 0x0000002A
In clock cycle: 443400
Memory Write to Addr: 0x00002F70 Val: 0x0000002A
In clock cycle: 443401
Memory Write to Addr: 0x00002F6C Val: 0x0000002A
In clock cycle: 443402
Memory Write to Addr: 0x00002F68 Val: 0x0000002A
In clock cycle: 443403
Memory Write to Addr: 0x00002F64 Val: 0x0000002A
In clock cycle: 443404
Memory Write to Addr: 0x00002F60 Val: 0x0000002A
In clock cycle: 443405
Memory Write to Addr: 0x00002F5C Val: 0x0000002A
In clock cycle: 444420
Register Write to Reg: 0x08 Val: 0x10010000
In clock cycle: 444421
Register Write to Reg: 0x08 Val: 0x00002F94
In clock cycle: 444422
Register Write to Reg: 0x05 Val: 0x0000002A
In clock cycle: 444422
Memory Write to Addr: 0x00002F78 Val: 0x0000002A
In clock cycle: 444423
Memory Write to Addr: 0x1000FFFC Val: 0x0000002A
In clock cycle: 444424
Memory Write to Addr: 0x00002F8C Val: 0x0000002A
In clock cycle: 444425
Memory Write to Addr: 0x00002F88 Val: 0x0000002A
In clock cycle: 444426
Memory Write to Addr: 0x00002F84 Val: 0x0000002A
In clock cycle: 444427
Memory Write to Addr: 0x00002F80 Val: 0x0000002A
In clock cycle: 444428
Memory Write to Addr: 0x00002F7C Val: 0x0000002A
In clock cycle: 444429
Memory Write to Addr: 0x00002F78 Val: 0x0000002A
In clock cycle: 445444
Register Write to Reg: 0x08 Val: 0x10010000
In clock cycle: 445445
Register Write to Reg: 0x08 Val: 0x00002FB0
In clock cycle: 445446
Register Write to Reg: 0x05 Val: 0x0000002A
In clock cycle: 445446
Memory Write to Addr: 0x00002F94 Val: 0x0000002A
In clock cycle: 445447
Memory Write to Addr: 0x1000FFFC Val: 0x0000002A
In clock cycle: 445448
Memory Write to Addr: 0x00002FA8 Val: 0x0000002A
In clock cycle: 445449
Memory Write to Addr: 0x00002FA4 Val: 0x0000002A
In clock cycle: 445450
Memory Write to Addr: 0x00002FA0 Val: 0x0000002A
In clock cycle: 445451
Memory Write to Addr: 0x00002F9C Val: 0x0000002A
In clock cycle: 445452
Memory Write to Addr: 0x00002F98 Val: 0x0000002A
In clock cycle: 445453
Memory Write to Addr: 0x00002F94 Val: 0x0000002A
In clock cycle: 446468
Register Write to Reg: 0x08 Val: 0x10010000
In clock cycle: 446469
Register Write to Reg: 0x08 Val: 0x00002FCC
In clock cycle: 446470
Register Write to Reg: 0x05 Val: 0x0000002A
In clock cycle: 446470
Memory Write to Addr: 0x00002FB0 Val: 0x0000002A
In clock cycle: 446471
Memory Write to Addr: 0x1000FFFC Val: 0x0000002A
In clock cycle: 446472
Memory Write to Addr: 0x00002FC4 Val: 0x0000002A
In clock cycle: 446473
Memory Write to Addr: 0x00002FC0 Val: 0x0000002A
In clock cycle: 446474
Memory Write to Addr: 0x00002FBC Val: 0x0000002A
In clock cycle: 446475
Memory Write to Addr: 0x00002FB8 Val: 0x0000002A
In clock cycle: 446476
Memory Write to Addr: 0x00002FB4 Val: 0x0000002A
In clock cycle: 446477
Memory Write to Addr: 0x00002FB0 Val: 0x0000002A
In clock cycle: 447492
Register Write to Reg: 0x08 Val: 0x10010000
In clock cycle: 447493
Register Write to Reg: 0x08 Val: 0x00002FE8
In clock cycle: 447494
Register Write to Reg: 0x05 Val: 0x0000002A
In clock cycle: 447494
Memory Write to Addr: 0x00002FCC Val: 0x0000002A
In clock cycle: 447495
Memory Write to Addr: 0x1000FFFC Val: 0x0000002A
In clock cycle: 447496
Memory Write to Addr: 0x00002FE0 Val: 0x0000002A
In clock cycle: 447497
Memory Write to Addr: 0x00002FDC Val: 0x0000002A
In clock cycle: 447498
Memory Write to Addr: 0x00002FD8 Val: 0x0000002A
In clock cycle: 447499
Memory Write to Addr: 0x00002FD4 Val: 0x0000002A
In clock cycle: 447500
Memory Write to Addr: 0x00002FD0 Val: 0x0000002A
In clock cycle: 447501
Memory Write to Addr: 0x00002FCC Val: 0x0000002A
In clock cycle: 448516
Register Write to Reg: 0x08 Val: 0x10010000
In clock cycle: 448517
Register Write to Reg: 0x08 Val: 0x00003004
In clock cycle: 448518
Register Write to Reg: 0x05 Val: 0x0000002A
In clock cycle: 448518
Memory Write to Addr: 0x00002FE8 Val: 0x0000002A
In clock cycle: 448519
Memory Write to Addr: 0x1000FFFC Val: 0x0000002A
In clock cycle: 448520
Memory Write to Addr: 0x00002FFC Val: 0x0000002A
In clock cycle: 448521
Memory Write to Addr: 0x00002FF8 Val: 0x0000002A
In clock cycle: 448522
Memory Write to Addr: 0x00002FF4 Val: 0x0000002A
In clock cycle: 448523
Memory Write to Addr: 0x00002FF0 Val: 0x0000002A
In clock cycle: 448524
Memory Write to Addr: 0x00002FEC Val: 0x0000002A
In clock cycle: 448525
Memory Write to Addr: 0x00002FE8 Val: 0x0000002A
In clock cycle: 449540
Register Write to Reg: 0x08 Val: 0x10010000
In clock cycle: 449541
Register Write to Reg: 0x08 Val: 0x00003020
In clock cycle: 449542
Register Write to Reg: 0x05 Val: 0x0000002A
In clock cycle: 449542
Memory Write to Addr: 0x00003004 Val: 0x0000002A
In clock cycle: 449543
Memory Write to Addr: 0x1000FFFC Val: 0x0000002A
In clock cycle: 449544
Memory Write to Addr: 0x00003018 Val: 0x0000002A
In clock cycle: 449545
Memory Write to Addr: 0x00003014 Val: 0x0000002A
In clock cycle: 449546
Memory Write to Addr: 0x00003010 Val: 0x0000002A
In clock cycle: 449547
Memory Write to Addr: 0x0000300C Val: 0x0000002A
In clock cycle: 449548
Memory Write to Addr: 0x00003008 Val: 0x0000002A
In clock cycle: 449549
Memory Write to Addr: 0x00003004 Val: 0x0000002A
In clock cycle: 450564
Register Write to Reg: 0x08 Val: 0x10010000
In clock cycle: 450565
Register Write to Reg: 0x08 Val: 0x0000303C
In clock cycle: 450566
Register Write to Reg: 0x05 Val: 0x0000002A
In clock cycle: 450566
Memory Write to Addr: 0x00003020 Val: 0x0000002A
In clock cycle: 450567
Memory Write to Addr: 0x1000FFFC Val: 0x0000002A
In clock cycle: 450568
Memory Write to Addr: 0x00003034 Val: 0x0000002A
In clock cycle: 450569
Memory Write to Addr: 0x00003030 Val: 0x0000002A
In clock cycle: 450570
Memory Write to Addr: 0x0000302C Val: 0x0000002A
In clock cycle: 450571
Memory Write to Addr: 0x00003028 Val: 0x0000002A
In clock cycle: 450572
Memory Write to Addr: 0x00003024 Val: 0x0000002A
In clock cycle: 450573
Memory Write to Addr: 0x00003020 Val: 0x0000002A
In clock cycle: 451588
Register Write to Reg: 0x08 Val: 0x10010000
In clock cycle: 451589
Register Write to Reg: 0x08 Val: 0x00003058
In clock cycle: 451590
Register Write to Reg: 0x05 Val: 0x0000002A
In clock cycle: 451590
Memory Write to Addr: 0x0000303C Val: 0x0000002A
In clock cycle: 451591
Memory Write to Addr: 0x1000FFFC Val: 0x0000002A
In clock cycle: 451592
Memory Write to Addr: 0x00003050 Val: 0x0000002A
In clock cycle: 451593
Memory Write to Addr: 0x0000304C Val: 0x0000002A
In clock cycle: 451594
Memory Write to Addr: 0x00003048 Val: 0x0000002A
In clock cycle: 451595
Memory Write to Addr: 0x00003044 Val: 0x0000002A
In clock cycle: 451596
Memory Write to Addr: 0x00003040 Val: 0x0000002A
In clock cycle: 451597
Memory Write to Addr: 0x0000303C Val: 0x0000002A
In clock cycle: 452612
Register Write to Reg: 0x08 Val: 0x10010000
In clock cycle: 452613
Register Write to Reg: 0x08 Val: 0x00003074
In clock cycle: 452614
Register Write to Reg: 0x05 Val: 0x0000002A
In clock cycle: 452614
Memory Write to Addr: 0x00003058 Val: 0x0000002A
In clock cycle: 452615
Memory Write to Addr: 0x1000FFFC Val: 0x0000002A
In clock cycle: 452616
Memory Write to Addr: 0x0000306C Val: 0x0000002A
In clock cycle: 452617
Memory Write to Addr: 0x00003068 Val: 0x0000002A
In clock cycle: 452618
Memory Write to Addr: 0x00003064 Val: 0x0000002A
In clock cycle: 452619
Memory Write to Addr: 0x00003060 Val: 0x0000002A
In clock cycle: 452620
Memory Write to Addr: 0x0000305C Val: 0x0000002A
In clock cycle: 452621
Memory Write to Addr: 0x00003058 Val: 0x0000002A
In clock cycle: 453636
Register Write to Reg: 0x08 Val: 0x10010000
In clock cycle: 453637
Register Write to Reg: 0x08 Val: 0x00003090
In clock cycle: 453638
Register Write to Reg: 0x05 Val: 0x0000002A
In clock cycle: 453638
Memory Write to Addr: 0x00003074 Val: 0x0000002A
In clock cycle: 453639
Memory Write to Addr: 0x1000FFFC Val: 0x0000002A
In clock cycle: 453640
Memory Write to Addr: 0x00003088 Val: 0x0000002A
In clock cycle: 453641
Memory Write to Addr: 0x00003084 Val: 0x0000002A
In clock cycle: 453642
Memory Write to Addr: 0x00003080 Val: 0x0000002A
In clock cycle: 453643
Memory Write to Addr: 0x0000307C Val: 0x0000002A
In clock cycle: 453644
Memory Write to Addr: 0x00003078 Val: 0x0000002A
In clock cycle: 453645
Memory Write to Addr: 0x00003074 Val: 0x0000002A
In clock cycle: 454660
Register Write to Reg: 0x08 Val: 0x10010000
In clock cycle: 454661
Register Write to Reg: 0x08 Val: 0x000030AC
In clock cycle: 454662
Register Write to Reg: 0x05 Val: 0x0000002A
In clock cycle: 454662
Memory Write to Addr: 0x00003090 Val: 0x0000002A
In clock cycle: 454663
Memory Write to Addr: 0x1000FFFC Val: 0x0000002A
In clock cycle: 454664
Memory Write to Addr: 0x000030A4 Val: 0x0000002A
In clock cycle: 454665
Memory Write to Addr: 0x000030A0 Val: 0x0000002A
In clock cycle: 454666
Memory Write to Addr: 0x0000309C Val: 0x0000002A
In clock cycle: 454667
Memory Write to Addr: 0x00003098 Val: 0x0000002A
In clock cycle: 454668
Memory Write to Addr: 0x00003094 Val: 0x0000002A
In clock cycle: 454669
Memory Write to Addr: 0x00003090 Val: 0x0000002A
In clock cycle: 455684
Register Write to Reg: 0x08 Val: 0x10010000
In clock cycle: 455685
Register Write to Reg: 0x08 Val: 0x000030C8
In clock cycle: 455686
Register Write to Reg: 0x05 Val: 0x0000002A
In clock cycle: 455686
Memory Write to Addr: 0x000030AC Val: 0x0000002A
In clock cycle: 455687
Memory Write to Addr: 0x1000FFFC Val: 0x0000002A
In clock cycle: 455688
Memory Write to Addr: 0x000030C0 Val: 0x0000002A
In clock cycle: 455689
Memory Write to Addr: 0x000030BC Val: 0x0000002A
In clock cycle: 455690
Memory Write to Addr: 0x000030B8 Val: 0x0000002A
In clock cycle: 455691
Memory Write to Addr: 0x000030B4 Val: 0x0000002A
In clock cycle: 455692
Memory Write to Addr: 0x000030B0 Val: 0x0000002A
In clock cycle: 455693
Memory Write to Addr: 0x000030AC Val: 0x0000002A
In clock cycle: 456708
Register Write to Reg: 0x08 Val: 0x10010000
In clock cycle: 456709
Register Write to Reg: 0x08 Val: 0x000030E4
In clock cycle: 456710
Register Write to Reg: 0x05 Val: 0x0000002A
In clock cycle: 456710
Memory Write to Addr: 0x000030C8 Val: 0x0000002A
In clock cycle: 456711
Memory Write to Addr: 0x1000FFFC Val: 0x0000002A
In clock cycle: 456712
Memory Write to Addr: 0x000030DC Val: 0x0000002A
In clock cycle: 456713
Memory Write to Addr: 0x000030D8 Val: 0x0000002A
In clock cycle: 456714
Memory Write to Addr: 0x000030D4 Val: 0x0000002A
In clock cycle: 456715
Memory Write to Addr: 0x000030D0 Val: 0x0000002A
In clock cycle: 456716
Memory Write to Addr: 0x000030CC Val: 0x0000002A
In clock cycle: 456717
Memory Write to Addr: 0x000030C8 Val: 0x0000002A
In clock cycle: 457732
Register Write to Reg: 0x08 Val: 0x10010000
In clock cycle: 457733
Register Write to Reg: 0x08 Val: 0x00003100
In clock cycle: 457734
Register Write to Reg: 0x05 Val: 0x0000002A
In clock cycle: 457734
Memory Write to Addr: 0x000030E4 Val: 0x0000002A
In clock cycle: 457735
Memory Write to Addr: 0x1000FFFC Val: 0x0000002A
In clock cycle: 457736
Memory Write to Addr: 0x000030F8 Val: 0x0000002A
In clock cycle: 457737
Memory Write to Addr: 0x000030F4 Val: 0x0000002A
In clock cycle: 457738
Memory Write to Addr: 0x000030F0 Val: 0x0000002A
In clock cycle: 457739
Memory Write to Addr: 0x000030EC Val: 0x0000002A
In clock cycle: 457740
Memory Write to Addr: 0x000030E8 Val: 0x0000002A
In clock cycle: 457741
Memory Write to Addr: 0x000030E4 Val: 0x0000002A
In clock cycle: 458756
Register Write to Reg: 0x08 Val: 0x10010000
In clock cycle: 458757
Register Write to Reg: 0x08 Val: 0x0000311C
In clock cycle: 458758
Register Write to Reg: 0x05 Val: 0x0000002A
In clock cycle: 458758
Memory Write to Addr: 0x00003100 Val: 0x0000002A
In clock cycle: 458759
Memory Write to Addr: 0x1000FFFC Val: 0x0000002A
In clock cycle: 458760
Memory Write to Addr: 0x00003114 Val: 0x0000002A
In clock cycle: 458761
Memory Write to Addr: 0x00003110 Val: 0x0000002A
In clock cycle: 458762
Memory Write to Addr: 0x0000310C Val: 0x0000002A
In clock cycle: 458763
Memory Write to Addr: 0x00003108 Val: 0x0000002A
In clock cycle: 458764
Memory Write to Addr: 0x00003104 Val: 0x0000002A
In clock cycle: 458765
Memory Write to Addr: 0x00003100 Val: 0x0000002A
In clock cycle: 459780
Register Write to Reg: 0x08 Val: 0x10010000
In clock cycle: 459781
Register Write to Reg: 0x08 Val: 0x00003138
In clock cycle: 459782
Register Write to Reg: 0x05 Val: 0x0000002A
In clock cycle: 459782
Memory Write to Addr: 0x0000311C Val: 0x0000002A
In clock cycle: 459783
Memory Write to Addr: 0x1000FFFC Val: 0x0000002A
In clock cycle: 459784
Memory Write to Addr: 0x00003130 Val: 0x0000002A
In clock cycle: 459785
Memory Write to Addr: 0x0000312C Val: 0x0000002A
In clock cycle: 459786
Memory Write to Addr: 0x00003128 Val: 0x0000002A
In clock cycle: 459787
Memory Write to Addr: 0x00003124 Val: 0x0000002A
In clock cycle: 459788
Memory Write to Addr: 0x00003120 Val: 0x0000002A
In clock cycle: 459789
Memory Write to Addr: 0x0000311C Val: 0x0000002A
In clock cycle: 460804
Register Write to Reg: 0x08 Val: 0x10010000
In clock cycle: 460805
Register Write to Reg: 0x08 Val: 0x00003154
In clock cycle: 460806
Register Write to Reg: 0x05 Val: 0x0000002A
In clock cycle: 460806
Memory Write to Addr: 0x00003138 Val: 0x0000002A
In clock cycle: 460807
Memory Write to Addr: 0x1000FFFC Val: 0x0000002A
In clock cycle: 460808
Memory Write to Addr: 0x0000314C Val: 0x0000002A
In clock cycle: 460809
Memory Write to Addr: 0x00003148 Val: 0x0000002A
In clock cycle: 460810
Memory Write to Addr: 0x00003144 Val: 0x0000002A
In clock cycle: 460811
Memory Write to Addr: 0x00003140 Val: 0x0000002A
In clock cycle: 460812
Memory Write to Addr: 0x0000313C Val: 0x0000002A
In clock cycle: 460813
Memory Write to Addr: 0x00003138 Val: 0x0000002A
In clock cycle: 461828
Register Write to Reg: 0x08 Val: 0x10010000
In clock cycle: 461829
Register Write to Reg: 0x08 Val: 0x00003170
In clock cycle: 461830
Register Write to Reg: 0x05 Val: 0x0000002A
In clock cycle: 461830
Memory Write to Addr: 0x00003154 Val: 0x0000002A
In clock cycle: 461831
Memory Write to Addr: 0x1000FFFC Val: 0x0000002A
In clock cycle: 461832
Memory Write to Addr: 0x00003168 Val: 0x0000002A
In clock cycle: 461833
Memory Write to Addr: 0x00003164 Val: 0x0000002A
In clock cycle: 461834
Memory Write to Addr: 0x00003160 Val: 0x0000002A
In clock cycle: 461835
Memory Write to Addr: 0x0000315C Val: 0x0000002A
In clock cycle: 461836
Memory Write to Addr: 0x00003158 Val: 0x0000002A
In clock cycle: 461837
Memory Write to Addr: 0x00003154 Val: 0x0000002A
In clock cycle: 462852
Register Write to Reg: 0x08 Val: 0x10010000
In clock cycle: 462853
Register Write to Reg: 0x08 Val: 0x0000318C
In clock cycle: 462854
Register Write to Reg: 0x05 Val: 0x0000002A
In clock cycle: 462854
Memory Write to Addr: 0x00003170 Val: 0x0000002A
In clock cycle: 462855
Memory Write to Addr: 0x1000FFFC Val: 0x0000002A
In clock cycle: 462856
Memory Write to Addr: 0x00003184 Val: 0x0000002A
In clock cycle: 462857
Memory Write to Addr: 0x00003180 Val: 0x0000002A
In clock cycle: 462858
Memory Write to Addr: 0x0000317C Val: 0x0000002A
In clock cycle: 462859
Memory Write to Addr: 0x00003178 Val: 0x0000002A
In clock cycle: 462860
Memory Write to Addr: 0x00003174 Val: 0x0000002A
In clock cycle: 462861
Memory Write to Addr: 0x00003170 Val: 0x0000002A
In clock cycle: 463876
Register Write to Reg: 0x08 Val: 0x10010000
In clock cycle: 463877
Register Write to Reg: 0x08 Val: 0x000031A8
In clock cycle: 463878
Register Write to Reg: 0x05 Val: 0x0000002A
In clock cycle: 463878
Memory Write to Addr: 0x0000318C Val: 0x0000002A
In clock cycle: 463879
Memory Write to Addr: 0x1000FFFC Val: 0x0000002A
In clock cycle: 463880
Memory Write to Addr: 0x000031A0 Val: 0x0000002A
In clock cycle: 463881
Memory Write to Addr: 0x0000319C Val: 0x0000002A
In clock cycle: 463882
Memory Write to Addr: 0x00003198 Val: 0x0000002A
In clock cycle: 463883
Memory Write to Addr: 0x00003194 Val: 0x0000002A
In clock cycle: 463884
Memory Write to Addr: 0x00003190 Val: 0x0000002A
In clock cycle: 463885
Memory Write to Addr: 0x0000318C Val: 0x0000002A
In clock cycle: 464900
Register Write to Reg: 0x08 Val: 0x10010000
In clock cycle: 464901
Register Write to Reg: 0x08 Val: 0x000031C4
In clock cycle: 464902
Register Write to Reg: 0x05 Val: 0x0000002A
In clock cycle: 464902
Memory Write to Addr: 0x000031A8 Val: 0x0000002A
In clock cycle: 464903
Memory Write to Addr: 0x1000FFFC Val: 0x0000002A
In clock cycle: 464904
Memory Write to Addr: 0x000031BC Val: 0x0000002A
In clock cycle: 464905
Memory Write to Addr: 0x000031B8 Val: 0x0000002A
In clock cycle: 464906
Memory Write to Addr: 0x000031B4 Val: 0x0000002A
In clock cycle: 464907
Memory Write to Addr: 0x000031B0 Val: 0x0000002A
In clock cycle: 464908
Memory Write to Addr: 0x000031AC Val: 0x0000002A
In clock cycle: 464909
Memory Write to Addr: 0x000031A8 Val: 0x0000002A
In clock cycle: 465924
Register Write to Reg: 0x08 Val: 0x10010000
In clock cycle: 465925
Register Write to Reg: 0x08 Val: 0x000031E0
In clock cycle: 465926
Register Write to Reg: 0x05 Val: 0x0000002A
In clock cycle: 465926
Memory Write to Addr: 0x000031C4 Val: 0x0000002A
In clock cycle: 465927
Memory Write to Addr: 0x1000FFFC Val: 0x0000002A
In clock cycle: 465928
Memory Write to Addr: 0x000031D8 Val: 0x0000002A
In clock cycle: 465929
Memory Write to Addr: 0x000031D4 Val: 0x0000002A
In clock cycle: 465930
Memory Write to Addr: 0x000031D0 Val: 0x0000002A
In clock cycle: 465931
Memory Write to Addr: 0x000031CC Val: 0x0000002A
In clock cycle: 465932
Memory Write to Addr: 0x000031C8 Val: 0x0000002A
In clock cycle: 465933
Memory Write to Addr: 0x000031C4 Val: 0x0000002A
In clock cycle: 466948
Register Write to Reg: 0x08 Val: 0x10010000
In clock cycle: 466949
Register Write to Reg: 0x08 Val: 0x000031FC
In clock cycle: 466950
Register Write to Reg: 0x05 Val: 0x0000002A
In clock cycle: 466950
Memory Write to Addr: 0x000031E0 Val: 0x0000002A
In clock cycle: 466951
Memory Write to Addr: 0x1000FFFC Val: 0x0000002A
In clock cycle: 466952
Memory Write to Addr: 0x000031F4 Val: 0x0000002A
In clock cycle: 466953
Memory Write to Addr: 0x000031F0 Val: 0x0000002A
In clock cycle: 466954
Memory Write to Addr: 0x000031EC Val: 0x0000002A
In clock cycle: 466955
Memory Write to Addr: 0x000031E8 Val: 0x0000002A
In clock cycle: 466956
Memory Write to Addr: 0x000031E4 Val: 0x0000002A
In clock cycle: 466957
Memory Write to Addr: 0x000031E0 Val: 0x0000002A
In clock cycle: 467972
Register Write to Reg: 0x08 Val: 0x10010000
In clock cycle: 467973
Register Write to Reg: 0x08 Val: 0x00003218
In clock cycle: 467974
Register Write to Reg: 0x05 Val: 0x0000002A
In clock cycle: 467974
Memory Write to Addr: 0x000031FC Val: 0x0000002A
In clock cycle: 467975
Memory Write to Addr: 0x1000FFFC Val: 0x0000002A
In clock cycle: 467976
Memory Write to Addr: 0x00003210 Val: 0x0000002A
In clock cycle: 467977
Memory Write to Addr: 0x0000320C Val: 0x0000002A
In clock cycle: 467978
Memory Write to Addr: 0x00003208 Val: 0x0000002A
In clock cycle: 467979
Memory Write to Addr: 0x00003204 Val: 0x0000002A
In clock cycle: 467980
Memory Write to Addr: 0x00003200 Val: 0x0000002A
In clock cycle: 467981
Memory Write to Addr: 0x000031FC Val: 0x0000002A
In clock cycle: 468996
Register Write to Reg: 0x08 Val: 0x10010000
In clock cycle: 468997
Register Write to Reg: 0x08 Val: 0x00003234
In clock cycle: 468998
Register Write to Reg: 0x05 Val: 0x0000002A
In clock cycle: 468998
Memory Write to Addr: 0x00003218 Val: 0x0000002A
In clock cycle: 468999
Memory Write to Addr: 0x1000FFFC Val: 0x0000002A
In clock cycle: 469000
Memory Write to Addr: 0x0000322C Val: 0x0000002A
In clock cycle: 469001
Memory Write to Addr: 0x00003228 Val: 0x0000002A
In clock cycle: 469002
Memory Write to Addr: 0x00003224 Val: 0x0000002A
In clock cycle: 469003
Memory Write to Addr: 0x00003220 Val: 0x0000002A
In clock cycle: 469004
Memory Write to Addr: 0x0000321C Val: 0x0000002A
In clock cycle: 469005
Memory Write to Addr: 0x00003218 Val: 0x0000002A
In clock cycle: 470020
Register Write to Reg: 0x08 Val: 0x10010000
In clock cycle: 470021
Register Write to Reg: 0x08 Val: 0x00003250
In clock cycle: 470022
Register Write to Reg: 0x05 Val: 0x0000002A
In clock cycle: 470022
Memory Write to Addr: 0x00003234 Val: 0x0000002A
In clock cycle: 470023
Memory Write to Addr: 0x1000FFFC Val: 0x0000002A
In clock cycle: 470024
Memory Write to Addr: 0x00003248 Val: 0x0000002A
In clock cycle: 470025
Memory Write to Addr: 0x00003244 Val: 0x0000002A
In clock cycle: 470026
Memory Write to Addr: 0x00003240 Val: 0x0000002A
In clock cycle: 470027
Memory Write to Addr: 0x0000323C Val: 0x0000002A
In clock cycle: 470028
Memory Write to Addr: 0x00003238 Val: 0x0000002A
In clock cycle: 470029
Memory Write to Addr: 0x00003234 Val: 0x0000002A
In clock cycle: 471044
Register Write to Reg: 0x08 Val: 0x10010000
In clock cycle: 471045
Register Write to Reg: 0x08 Val: 0x0000326C
In clock cycle: 471046
Register Write to Reg: 0x05 Val: 0x0000002A
In clock cycle: 471046
Memory Write to Addr: 0x00003250 Val: 0x0000002A
In clock cycle: 471047
Memory Write to Addr: 0x1000FFFC Val: 0x0000002A
In clock cycle: 471048
Memory Write to Addr: 0x00003264 Val: 0x0000002A
In clock cycle: 471049
Memory Write to Addr: 0x00003260 Val: 0x0000002A
In clock cycle: 471050
Memory Write to Addr: 0x0000325C Val: 0x0000002A
In clock cycle: 471051
Memory Write to Addr: 0x00003258 Val: 0x0000002A
In clock cycle: 471052
Memory Write to Addr: 0x00003254 Val: 0x0000002A
In clock cycle: 471053
Memory Write to Addr: 0x00003250 Val: 0x0000002A
In clock cycle: 472068
Register Write to Reg: 0x08 Val: 0x10010000
In clock cycle: 472069
Register Write to Reg: 0x08 Val: 0x00003288
In clock cycle: 472070
Register Write to Reg: 0x05 Val: 0x0000002A
In clock cycle: 472070
Memory Write to Addr: 0x0000326C Val: 0x0000002A
In clock cycle: 472071
Memory Write to Addr: 0x1000FFFC Val: 0x0000002A
In clock cycle: 472072
Memory Write to Addr: 0x00003280 Val: 0x0000002A
In clock cycle: 472073
Memory Write to Addr: 0x0000327C Val: 0x0000002A
In clock cycle: 472074
Memory Write to Addr: 0x00003278 Val: 0x0000002A
In clock cycle: 472075
Memory Write to Addr: 0x00003274 Val: 0x0000002A
In clock cycle: 472076
Memory Write to Addr: 0x00003270 Val: 0x0000002A
In clock cycle: 472077
Memory Write to Addr: 0x0000326C Val: 0x0000002A
In clock cycle: 473092
Register Write to Reg: 0x08 Val: 0x10010000
In clock cycle: 473093
Register Write to Reg: 0x08 Val: 0x000032A4
In clock cycle: 473094
Register Write to Reg: 0x05 Val: 0x0000002A
In clock cycle: 473094
Memory Write to Addr: 0x00003288 Val: 0x0000002A
In clock cycle: 473095
Memory Write to Addr: 0x1000FFFC Val: 0x0000002A
In clock cycle: 473096
Memory Write to Addr: 0x0000329C Val: 0x0000002A
In clock cycle: 473097
Memory Write to Addr: 0x00003298 Val: 0x0000002A
In clock cycle: 473098
Memory Write to Addr: 0x00003294 Val: 0x0000002A
In clock cycle: 473099
Memory Write to Addr: 0x00003290 Val: 0x0000002A
In clock cycle: 473100
Memory Write to Addr: 0x0000328C Val: 0x0000002A
In clock cycle: 473101
Memory Write to Addr: 0x00003288 Val: 0x0000002A
In clock cycle: 474116
Register Write to Reg: 0x08 Val: 0x10010000
In clock cycle: 474117
Register Write to Reg: 0x08 Val: 0x000032C0
In clock cycle: 474118
Register Write to Reg: 0x05 Val: 0x0000002A
In clock cycle: 474118
Memory Write to Addr: 0x000032A4 Val: 0x0000002A
In clock cycle: 474119
Memory Write to Addr: 0x1000FFFC Val: 0x0000002A
In clock cycle: 474120
Memory Write to Addr: 0x000032B8 Val: 0x0000002A
In clock cycle: 474121
Memory Write to Addr: 0x000032B4 Val: 0x0000002A
In clock cycle: 474122
Memory Write to Addr: 0x000032B0 Val: 0x0000002A
In clock cycle: 474123
Memory Write to Addr: 0x000032AC Val: 0x0000002A
In clock cycle: 474124
Memory Write to Addr: 0x000032A8 Val: 0x0000002A
In clock cycle: 474125
Memory Write to Addr: 0x000032A4 Val: 0x0000002A
In clock cycle: 475140
Register Write to Reg: 0x08 Val: 0x10010000
In clock cycle: 475141
Register Write to Reg: 0x08 Val: 0x000032DC
In clock cycle: 475142
Register Write to Reg: 0x05 Val: 0x0000002A
In clock cycle: 475142
Memory Write to Addr: 0x000032C0 Val: 0x0000002A
In clock cycle: 475143
Memory Write to Addr: 0x1000FFFC Val: 0x0000002A
In clock cycle: 475144
Memory Write to Addr: 0x000032D4 Val: 0x0000002A
In clock cycle: 475145
Memory Write to Addr: 0x000032D0 Val: 0x0000002A
In clock cycle: 475146
Memory Write to Addr: 0x000032CC Val: 0x0000002A
In clock cycle: 475147
Memory Write to Addr: 0x000032C8 Val: 0x0000002A
In clock cycle: 475148
Memory Write to Addr: 0x000032C4 Val: 0x0000002A
In clock cycle: 475149
Memory Write to Addr: 0x000032C0 Val: 0x0000002A
In clock cycle: 476164
Register Write to Reg: 0x08 Val: 0x10010000
In clock cycle: 476165
Register Write to Reg: 0x08 Val: 0x000032F8
In clock cycle: 476166
Register Write to Reg: 0x05 Val: 0x0000002A
In clock cycle: 476166
Memory Write to Addr: 0x000032DC Val: 0x0000002A
In clock cycle: 476167
Memory Write to Addr: 0x1000FFFC Val: 0x0000002A
In clock cycle: 476168
Memory Write to Addr: 0x000032F0 Val: 0x0000002A
In clock cycle: 476169
Memory Write to Addr: 0x000032EC Val: 0x0000002A
In clock cycle: 476170
Memory Write to Addr: 0x000032E8 Val: 0x0000002A
In clock cycle: 476171
Memory Write to Addr: 0x000032E4 Val: 0x0000002A
In clock cycle: 476172
Memory Write to Addr: 0x000032E0 Val: 0x0000002A
In clock cycle: 476173
Memory Write to Addr: 0x000032DC Val: 0x0000002A
In clock cycle: 477188
Register Write to Reg: 0x08 Val: 0x10010000
In clock cycle: 477189
Register Write to Reg: 0x08 Val: 0x00003314
In clock cycle: 477190
Register Write to Reg: 0x05 Val: 0x0000002A
In clock cycle: 477190
Memory Write to Addr: 0x000032F8 Val: 0x0000002A
In clock cycle: 477191
Memory Write to Addr: 0x1000FFFC Val: 0x0000002A
In clock cycle: 477192
Memory Write to Addr: 0x0000330C Val: 0x0000002A
In clock cycle: 477193
Memory Write to Addr: 0x00003308 Val: 0x0000002A
In clock cycle: 477194
Memory Write to Addr: 0x00003304 Val: 0x0000002A
In clock cycle: 477195
Memory Write to Addr: 0x00003300 Val: 0x0000002A
In clock cycle: 477196
Memory Write to Addr: 0x000032FC Val: 0x0000002A
In clock cycle: 477197
Memory Write to Addr: 0x000032F8 Val: 0x0000002A
In clock cycle: 478212
Register Write to Reg: 0x08 Val: 0x10010000
In clock cycle: 478213
Register Write to Reg: 0x08 Val: 0x00003330
In clock cycle: 478214
Register Write to Reg: 0x05 Val: 0x0000002A
In clock cycle: 478214
Memory Write to Addr: 0x00003314 Val: 0x0000002A
In clock cycle: 478215
Memory Write to Addr: 0x1000FFFC Val: 0x0000002A
In clock cycle: 478216
Memory Write to Addr: 0x00003328 Val: 0x0000002A
In clock cycle: 478217
Memory Write to Addr: 0x00003324 Val: 0x0000002A
In clock cycle: 478218
Memory Write to Addr: 0x00003320 Val: 0x0000002A
In clock cycle: 478219
Memory Write to Addr: 0x0000331C Val: 0x0000002A
In clock cycle: 478220
Memory Write to Addr: 0x00003318 Val: 0x0000002A
In clock cycle: 478221
Memory Write to Addr: 0x00003314 Val: 0x0000002A
In clock cycle: 479236
Register Write to Reg: 0x08 Val: 0x10010000
In clock cycle: 479237
Register Write to Reg: 0x08 Val: 0x0000334C
In clock cycle: 479238
Register Write to Reg: 0x05 Val: 0x0000002A
In clock cycle: 479238
Memory Write to Addr: 0x00003330 Val: 0x0000002A
In clock cycle: 479239
Memory Write to Addr: 0x1000FFFC Val: 0x0000002A
In clock cycle: 479240
Memory Write to Addr: 0x00003344 Val: 0x0000002A
In clock cycle: 479241
Memory Write to Addr: 0x00003340 Val: 0x0000002A
In clock cycle: 479242
Memory Write to Addr: 0x0000333C Val: 0x0000002A
In clock cycle: 479243
Memory Write to Addr: 0x00003338 Val: 0x0000002A
In clock cycle: 479244
Memory Write to Addr: 0x00003334 Val: 0x0000002A
In clock cycle: 479245
Memory Write to Addr: 0x00003330 Val: 0x0000002A
In clock cycle: 480260
Register Write to Reg: 0x08 Val: 0x10010000
In clock cycle: 480261
Register Write to Reg: 0x08 Val: 0x00003368
In clock cycle: 480262
Register Write to Reg: 0x05 Val: 0x0000002A
In clock cycle: 480262
Memory Write to Addr: 0x0000334C Val: 0x0000002A
In clock cycle: 480263
Memory Write to Addr: 0x1000FFFC Val: 0x0000002A
In clock cycle: 480264
Memory Write to Addr: 0x00003360 Val: 0x0000002A
In clock cycle: 480265
Memory Write to Addr: 0x0000335C Val: 0x0000002A
In clock cycle: 480266
Memory Write to Addr: 0x00003358 Val: 0x0000002A
In clock cycle: 480267
Memory Write to Addr: 0x00003354 Val: 0x0000002A
In clock cycle: 480268
Memory Write to Addr: 0x00003350 Val: 0x0000002A
In clock cycle: 480269
Memory Write to Addr: 0x0000334C Val: 0x0000002A
In clock cycle: 481284
Register Write to Reg: 0x08 Val: 0x10010000
In clock cycle: 481285
Register Write to Reg: 0x08 Val: 0x00003384
In clock cycle: 481286
Register Write to Reg: 0x05 Val: 0x0000002A
In clock cycle: 481286
Memory Write to Addr: 0x00003368 Val: 0x0000002A
In clock cycle: 481287
Memory Write to Addr: 0x1000FFFC Val: 0x0000002A
In clock cycle: 481288
Memory Write to Addr: 0x0000337C Val: 0x0000002A
In clock cycle: 481289
Memory Write to Addr: 0x00003378 Val: 0x0000002A
In clock cycle: 481290
Memory Write to Addr: 0x00003374 Val: 0x0000002A
In clock cycle: 481291
Memory Write to Addr: 0x00003370 Val: 0x0000002A
In clock cycle: 481292
Memory Write to Addr: 0x0000336C Val: 0x0000002A
In clock cycle: 481293
Memory Write to Addr: 0x00003368 Val: 0x0000002A
In clock cycle: 482308
Register Write to Reg: 0x08 Val: 0x10010000
In clock cycle: 482309
Register Write to Reg: 0x08 Val: 0x000033A0
In clock cycle: 482310
Register Write to Reg: 0x05 Val: 0x0000002A
In clock cycle: 482310
Memory Write to Addr: 0x00003384 Val: 0x0000002A
In clock cycle: 482311
Memory Write to Addr: 0x1000FFFC Val: 0x0000002A
In clock cycle: 482312
Memory Write to Addr: 0x00003398 Val: 0x0000002A
In clock cycle: 482313
Memory Write to Addr: 0x00003394 Val: 0x0000002A
In clock cycle: 482314
Memory Write to Addr: 0x00003390 Val: 0x0000002A
In clock cycle: 482315
Memory Write to Addr: 0x0000338C Val: 0x0000002A
In clock cycle: 482316
Memory Write to Addr: 0x00003388 Val: 0x0000002A
In clock cycle: 482317
Memory Write to Addr: 0x00003384 Val: 0x0000002A
In clock cycle: 483332
Register Write to Reg: 0x08 Val: 0x10010000
In clock cycle: 483333
Register Write to Reg: 0x08 Val: 0x000033BC
In clock cycle: 483334
Register Write to Reg: 0x05 Val: 0x0000002A
In clock cycle: 483334
Memory Write to Addr: 0x000033A0 Val: 0x0000002A
In clock cycle: 483335
Memory Write to Addr: 0x1000FFFC Val: 0x0000002A
In clock cycle: 483336
Memory Write to Addr: 0x000033B4 Val: 0x0000002A
In clock cycle: 483337
Memory Write to Addr: 0x000033B0 Val: 0x0000002A
In clock cycle: 483338
Memory Write to Addr: 0x000033AC Val: 0x0000002A
In clock cycle: 483339
Memory Write to Addr: 0x000033A8 Val: 0x0000002A
In clock cycle: 483340
Memory Write to Addr: 0x000033A4 Val: 0x0000002A
In clock cycle: 483341
Memory Write to Addr: 0x000033A0 Val: 0x0000002A
In clock cycle: 484356
Register Write to Reg: 0x08 Val: 0x10010000
In clock cycle: 484357
Register Write to Reg: 0x08 Val: 0x000033D8
In clock cycle: 484358
Register Write to Reg: 0x05 Val: 0x0000002A
In clock cycle: 484358
Memory Write to Addr: 0x000033BC Val: 0x0000002A
In clock cycle: 484359
Memory Write to Addr: 0x1000FFFC Val: 0x0000002A
In clock cycle: 484360
Memory Write to Addr: 0x000033D0 Val: 0x0000002A
In clock cycle: 484361
Memory Write to Addr: 0x000033CC Val: 0x0000002A
In clock cycle: 484362
Memory Write to Addr: 0x000033C8 Val: 0x0000002A
In clock cycle: 484363
Memory Write to Addr: 0x000033C4 Val: 0x0000002A
In clock cycle: 484364
Memory Write to Addr: 0x000033C0 Val: 0x0000002A
In clock cycle: 484365
Memory Write to Addr: 0x000033BC Val: 0x0000002A
In clock cycle: 485380
Register Write to Reg: 0x08 Val: 0x10010000
In clock cycle: 485381
Register Write to Reg: 0x08 Val: 0x000033F4
In clock cycle: 485382
Register Write to Reg: 0x05 Val: 0x0000002A
In clock cycle: 485382
Memory Write to Addr: 0x000033D8 Val: 0x0000002A
In clock cycle: 485383
Memory Write to Addr: 0x1000FFFC Val: 0x0000002A
In clock cycle: 485384
Memory Write to Addr: 0x000033EC Val: 0x0000002A
In clock cycle: 485385
Memory Write to Addr: 0x000033E8 Val: 0x0000002A
In clock cycle: 485386
Memory Write to Addr: 0x000033E4 Val: 0x0000002A
In clock cycle: 485387
Memory Write to Addr: 0x000033E0 Val: 0x0000002A
In clock cycle: 485388
Memory Write to Addr: 0x000033DC Val: 0x0000002A
In clock cycle: 485389
Memory Write to Addr: 0x000033D8 Val: 0x0000002A
In clock cycle: 486404
Register Write to Reg: 0x08 Val: 0x10010000
In clock cycle: 486405
Register Write to Reg: 0x08 Val: 0x00003410
In clock cycle: 486406
Register Write to Reg: 0x05 Val: 0x0000002A
In clock cycle: 486406
Memory Write to Addr: 0x000033F4 Val: 0x0000002A
In clock cycle: 486407
Memory Write to Addr: 0x1000FFFC Val: 0x0000002A
In clock cycle: 486408
Memory Write to Addr: 0x00003408 Val: 0x0000002A
In clock cycle: 486409
Memory Write to Addr: 0x00003404 Val: 0x0000002A
In clock cycle: 486410
Memory Write to Addr: 0x00003400 Val: 0x0000002A
In clock cycle: 486411
Memory Write to Addr: 0x000033FC Val: 0x0000002A
In clock cycle: 486412
Memory Write to Addr: 0x000033F8 Val: 0x0000002A
In clock cycle: 486413
Memory Write to Addr: 0x000033F4 Val: 0x0000002A
In clock cycle: 487428
Register Write to Reg: 0x08 Val: 0x10010000
In clock cycle: 487429
Register Write to Reg: 0x08 Val: 0x0000342C
In clock cycle: 487430
Register Write to Reg: 0x05 Val: 0x0000002A
In clock cycle: 487430
Memory Write to Addr: 0x00003410 Val: 0x0000002A
In clock cycle: 487431
Memory Write to Addr: 0x1000FFFC Val: 0x0000002A
In clock cycle: 487432
Memory Write to Addr: 0x00003424 Val: 0x0000002A
In clock cycle: 487433
Memory Write to Addr: 0x00003420 Val: 0x0000002A
In clock cycle: 487434
Memory Write to Addr: 0x0000341C Val: 0x0000002A
In clock cycle: 487435
Memory Write to Addr: 0x00003418 Val: 0x0000002A
In clock cycle: 487436
Memory Write to Addr: 0x00003414 Val: 0x0000002A
In clock cycle: 487437
Memory Write to Addr: 0x00003410 Val: 0x0000002A
In clock cycle: 488452
Register Write to Reg: 0x08 Val: 0x10010000
In clock cycle: 488453
Register Write to Reg: 0x08 Val: 0x00003448
In clock cycle: 488454
Register Write to Reg: 0x05 Val: 0x0000002A
In clock cycle: 488454
Memory Write to Addr: 0x0000342C Val: 0x0000002A
In clock cycle: 488455
Memory Write to Addr: 0x1000FFFC Val: 0x0000002A
In clock cycle: 488456
Memory Write to Addr: 0x00003440 Val: 0x0000002A
In clock cycle: 488457
Memory Write to Addr: 0x0000343C Val: 0x0000002A
In clock cycle: 488458
Memory Write to Addr: 0x00003438 Val: 0x0000002A
In clock cycle: 488459
Memory Write to Addr: 0x00003434 Val: 0x0000002A
In clock cycle: 488460
Memory Write to Addr: 0x00003430 Val: 0x0000002A
In clock cycle: 488461
Memory Write to Addr: 0x0000342C Val: 0x0000002A
In clock cycle: 489476
Register Write to Reg: 0x08 Val: 0x10010000
In clock cycle: 489477
Register Write to Reg: 0x08 Val: 0x00003464
In clock cycle: 489478
Register Write to Reg: 0x05 Val: 0x0000002A
In clock cycle: 489478
Memory Write to Addr: 0x00003448 Val: 0x0000002A
In clock cycle: 489479
Memory Write to Addr: 0x1000FFFC Val: 0x0000002A
In clock cycle: 489480
Memory Write to Addr: 0x0000345C Val: 0x0000002A
In clock cycle: 489481
Memory Write to Addr: 0x00003458 Val: 0x0000002A
In clock cycle: 489482
Memory Write to Addr: 0x00003454 Val: 0x0000002A
In clock cycle: 489483
Memory Write to Addr: 0x00003450 Val: 0x0000002A
In clock cycle: 489484
Memory Write to Addr: 0x0000344C Val: 0x0000002A
In clock cycle: 489485
Memory Write to Addr: 0x00003448 Val: 0x0000002A
In clock cycle: 490500
Register Write to Reg: 0x08 Val: 0x10010000
In clock cycle: 490501
Register Write to Reg: 0x08 Val: 0x00003480
In clock cycle: 490502
Register Write to Reg: 0x05 Val: 0x0000002A
In clock cycle: 490502
Memory Write to Addr: 0x00003464 Val: 0x0000002A
In clock cycle: 490503
Memory Write to Addr: 0x1000FFFC Val: 0x0000002A
In clock cycle: 490504
Memory Write to Addr: 0x00003478 Val: 0x0000002A
In clock cycle: 490505
Memory Write to Addr: 0x00003474 Val: 0x0000002A
In clock cycle: 490506
Memory Write to Addr: 0x00003470 Val: 0x0000002A
In clock cycle: 490507
Memory Write to Addr: 0x0000346C Val: 0x0000002A
In clock cycle: 490508
Memory Write to Addr: 0x00003468 Val: 0x0000002A
In clock cycle: 490509
Memory Write to Addr: 0x00003464 Val: 0x0000002A
In clock cycle: 491524
Register Write to Reg: 0x08 Val: 0x10010000
In clock cycle: 491525
Register Write to Reg: 0x08 Val: 0x0000349C
In clock cycle: 491526
Register Write to Reg: 0x05 Val: 0x0000002A
In clock cycle: 491526
Memory Write to Addr: 0x00003480 Val: 0x0000002A
In clock cycle: 491527
Memory Write to Addr: 0x1000FFFC Val: 0x0000002A
In clock cycle: 491528
Memory Write to Addr: 0x00003494 Val: 0x0000002A
In clock cycle: 491529
Memory Write to Addr: 0x00003490 Val: 0x0000002A
In clock cycle: 491530
Memory Write to Addr: 0x0000348C Val: 0x0000002A
In clock cycle: 491531
Memory Write to Addr: 0x00003488 Val: 0x0000002A
In clock cycle: 491532
Memory Write to Addr: 0x00003484 Val: 0x0000002A
In clock cycle: 491533
Memory Write to Addr: 0x00003480 Val: 0x0000002A
In clock cycle: 492548
Register Write to Reg: 0x08 Val: 0x10010000
In clock cycle: 492549
Register Write to Reg: 0x08 Val: 0x000034B8
In clock cycle: 492550
Register Write to Reg: 0x05 Val: 0x0000002A
In clock cycle: 492550
Memory Write to Addr: 0x0000349C Val: 0x0000002A
In clock cycle: 492551
Memory Write to Addr: 0x1000FFFC Val: 0x0000002A
In clock cycle: 492552
Memory Write to Addr: 0x000034B0 Val: 0x0000002A
In clock cycle: 492553
Memory Write to Addr: 0x000034AC Val: 0x0000002A
In clock cycle: 492554
Memory Write to Addr: 0x000034A8 Val: 0x0000002A
In clock cycle: 492555
Memory Write to Addr: 0x000034A4 Val: 0x0000002A
In clock cycle: 492556
Memory Write to Addr: 0x000034A0 Val: 0x0000002A
In clock cycle: 492557
Memory Write to Addr: 0x0000349C Val: 0x0000002A
In clock cycle: 493572
Register Write to Reg: 0x08 Val: 0x10010000
In clock cycle: 493573
Register Write to Reg: 0x08 Val: 0x000034D4
In clock cycle: 493574
Register Write to Reg: 0x05 Val: 0x0000002A
In clock cycle: 493574
Memory Write to Addr: 0x000034B8 Val: 0x0000002A
In clock cycle: 493575
Memory Write to Addr: 0x1000FFFC Val: 0x0000002A
In clock cycle: 493576
Memory Write to Addr: 0x000034CC Val: 0x0000002A
In clock cycle: 493577
Memory Write to Addr: 0x000034C8 Val: 0x0000002A
In clock cycle: 493578
Memory Write to Addr: 0x000034C4 Val: 0x0000002A
In clock cycle: 493579
Memory Write to Addr: 0x000034C0 Val: 0x0000002A
In clock cycle: 493580
Memory Write to Addr: 0x000034BC Val: 0x0000002A
In clock cycle: 493581
Memory Write to Addr: 0x000034B8 Val: 0x0000002A
In clock cycle: 494596
Register Write to Reg: 0x08 Val: 0x10010000
In clock cycle: 494597
Register Write to Reg: 0x08 Val: 0x000034F0
In clock cycle: 494598
Register Write to Reg: 0x05 Val: 0x0000002A
In clock cycle: 494598
Memory Write to Addr: 0x000034D4 Val: 0x0000002A
In clock cycle: 494599
Memory Write to Addr: 0x1000FFFC Val: 0x0000002A
In clock cycle: 494600
Memory Write to Addr: 0x000034E8 Val: 0x0000002A
In clock cycle: 494601
Memory Write to Addr: 0x000034E4 Val: 0x0000002A
In clock cycle: 494602
Memory Write to Addr: 0x000034E0 Val: 0x0000002A
In clock cycle: 494603
Memory Write to Addr: 0x000034DC Val: 0x0000002A
In clock cycle: 494604
Memory Write to Addr: 0x000034D8 Val: 0x0000002A
In clock cycle: 494605
Memory Write to Addr: 0x000034D4 Val: 0x0000002A
In clock cycle: 495620
Register Write to Reg: 0x08 Val: 0x10010000
In clock cycle: 495621
Register Write to Reg: 0x08 Val: 0x0000350C
In clock cycle: 495622
Register Write to Reg: 0x05 Val: 0x0000002A
In clock cycle: 495622
Memory Write to Addr: 0x000034F0 Val: 0x0000002A
In clock cycle: 495623
Memory Write to Addr: 0x1000FFFC Val: 0x0000002A
In clock cycle: 495624
Memory Write to Addr: 0x00003504 Val: 0x0000002A
In clock cycle: 495625
Memory Write to Addr: 0x00003500 Val: 0x0000002A
In clock cycle: 495626
Memory Write to Addr: 0x000034FC Val: 0x0000002A
In clock cycle: 495627
Memory Write to Addr: 0x000034F8 Val: 0x0000002A
In clock cycle: 495628
Memory Write to Addr: 0x000034F4 Val: 0x0000002A
In clock cycle: 495629
Memory Write to Addr: 0x000034F0 Val: 0x0000002A
In clock cycle: 496644
Register Write to Reg: 0x08 Val: 0x10010000
In clock cycle: 496645
Register Write to Reg: 0x08 Val: 0x00003528
In clock cycle: 496646
Register Write to Reg: 0x05 Val: 0x0000002A
In clock cycle: 496646
Memory Write to Addr: 0x0000350C Val: 0x0000002A
In clock cycle: 496647
Memory Write to Addr: 0x1000FFFC Val: 0x0000002A
In clock cycle: 496648
Memory Write to Addr: 0x00003520 Val: 0x0000002A
In clock cycle: 496649
Memory Write to Addr: 0x0000351C Val: 0x0000002A
In clock cycle: 496650
Memory Write to Addr: 0x00003518 Val: 0x0000002A
In clock cycle: 496651
Memory Write to Addr: 0x00003514 Val: 0x0000002A
In clock cycle: 496652
Memory Write to Addr: 0x00003510 Val: 0x0000002A
In clock cycle: 496653
Memory Write to Addr: 0x0000350C Val: 0x0000002A
In clock cycle: 497668
Register Write to Reg: 0x08 Val: 0x10010000
In clock cycle: 497669
Register Write to Reg: 0x08 Val: 0x00003544
In clock cycle: 497670
Register Write to Reg: 0x05 Val: 0x0000002A
In clock cycle: 497670
Memory Write to Addr: 0x00003528 Val: 0x0000002A
In clock cycle: 497671
Memory Write to Addr: 0x1000FFFC Val: 0x0000002A
In clock cycle: 497672
Memory Write to Addr: 0x0000353C Val: 0x0000002A
In clock cycle: 497673
Memory Write to Addr: 0x00003538 Val: 0x0000002A
In clock cycle: 497674
Memory Write to Addr: 0x00003534 Val: 0x0000002A
In clock cycle: 497675
Memory Write to Addr: 0x00003530 Val: 0x0000002A
In clock cycle: 497676
Memory Write to Addr: 0x0000352C Val: 0x0000002A
In clock cycle: 497677
Memory Write to Addr: 0x00003528 Val: 0x0000002A
In clock cycle: 498692
Register Write to Reg: 0x08 Val: 0x10010000
In clock cycle: 498693
Register Write to Reg: 0x08 Val: 0x00003560
In clock cycle: 498694
Register Write to Reg: 0x05 Val: 0x0000002A
In clock cycle: 498694
Memory Write to Addr: 0x00003544 Val: 0x0000002A
In clock cycle: 498695
Memory Write to Addr: 0x1000FFFC Val: 0x0000002A
In clock cycle: 498696
Memory Write to Addr: 0x00003558 Val: 0x0000002A
In clock cycle: 498697
Memory Write to Addr: 0x00003554 Val: 0x0000002A
In clock cycle: 498698
Memory Write to Addr: 0x00003550 Val: 0x0000002A
In clock cycle: 498699
Memory Write to Addr: 0x0000354C Val: 0x0000002A
In clock cycle: 498700
Memory Write to Addr: 0x00003548 Val: 0x0000002A
In clock cycle: 498701
Memory Write to Addr: 0x00003544 Val: 0x0000002A
In clock cycle: 499716
Register Write to Reg: 0x08 Val: 0x10010000
In clock cycle: 499717
Register Write to Reg: 0x08 Val: 0x0000357C
In clock cycle: 499718
Register Write to Reg: 0x05 Val: 0x0000002A
In clock cycle: 499718
Memory Write to Addr: 0x00003560 Val: 0x0000002A
In clock cycle: 499719
Memory Write to Addr: 0x1000FFFC Val: 0x0000002A
In clock cycle: 499720
Memory Write to Addr: 0x00003574 Val: 0x0000002A
In clock cycle: 499721
Memory Write to Addr: 0x00003570 Val: 0x0000002A
In clock cycle: 499722
Memory Write to Addr: 0x0000356C Val: 0x0000002A
In clock cycle: 499723
Memory Write to Addr: 0x00003568 Val: 0x0000002A
In clock cycle: 499724
Memory Write to Addr: 0x00003564 Val: 0x0000002A
In clock cycle: 499725
Memory Write to Addr: 0x00003560 Val: 0x0000002A
