In clock cycle: 4
Register Write to Reg: 0x01 Val: 0x0000003C
In clock cycle: 5
Register Write to Reg: 0x02 Val: 0x00000078
In clock cycle: 6
Register Write to Reg: 0x01 Val: 0x00000000
In clock cycle: 7
Register Write to Reg: 0x03 Val: 0xFFFFFFC4
In clock cycle: 8
Register Write to Reg: 0x04 Val: 0xFFFFFF88
In clock cycle: 9
Register Write to Reg: 0x03 Val: 0x00000000
In clock cycle: 1028
Register Write to Reg: 0x01 Val: 0x0000003C
In clock cycle: 1029
Register Write to Reg: 0x02 Val: 0x00000078
In clock cycle: 1030
Register Write to Reg: 0x01 Val: 0xFFFFFF88
In clock cycle: 1031
Register Write to Reg: 0x03 Val: 0xFFFFFFC4
In clock cycle: 1032
Register Write to Reg: 0x04 Val: 0xFFFFFF88
In clock cycle: 1033
Register Write to Reg: 0x03 Val: 0x00000078
In clock cycle: 2052
Register Write to Reg: 0x01 Val: 0x0000003C
In clock cycle: 2053
Register Write to Reg: 0x02 Val: 0x00000078
In clock cycle: 2054
Register Write to Reg: 0x01 Val: 0xFFFFFF10
In clock cycle: 2055
Register Write to Reg: 0x03 Val: 0xFFFFFFC4
In clock cycle: 2056
Register Write to Reg: 0x04 Val: 0xFFFFFF88
In clock cycle: 2057
Register Write to Reg: 0x03 Val: 0x000000F0
In clock cycle: 3076
Register Write to Reg: 0x01 Val: 0x0000003C
In clock cycle: 3077
Register Write to Reg: 0x02 Val: 0x00000078
In clock cycle: 3078
Register Write to Reg: 0x01 Val: 0xFFFFFE98
In clock cycle: 3079
Register Write to Reg: 0x03 Val: 0xFFFFFFC4
In clock cycle: 3080
Register Write to Reg: 0x04 Val: 0xFFFFFF88
In clock cycle: 3081
Register Write to Reg: 0x03 Val: 0x00000168
In clock cycle: 4100
Register Write to Reg: 0x01 Val: 0x0000003C
In clock cycle: 4101
Register Write to Reg: 0x02 Val: 0x00000078
In clock cycle: 4102
Register Write to Reg: 0x01 Val: 0xFFFFFE20
In clock cycle: 4103
Register Write to Reg: 0x03 Val: 0xFFFFFFC4
In clock cycle: 4104
Register Write to Reg: 0x04 Val: 0xFFFFFF88
In clock cycle: 4105
Register Write to Reg: 0x03 Val: 0x000001E0
In clock cycle: 5124
Register Write to Reg: 0x01 Val: 0x0000003C
In clock cycle: 5125
Register Write to Reg: 0x02 Val: 0x00000078
In clock cycle: 5126
Register Write to Reg: 0x01 Val: 0xFFFFFDA8
In clock cycle: 5127
Register Write to Reg: 0x03 Val: 0xFFFFFFC4
In clock cycle: 5128
Register Write to Reg: 0x04 Val: 0xFFFFFF88
In clock cycle: 5129
Register Write to Reg: 0x03 Val: 0x00000258
In clock cycle: 6148
Register Write to Reg: 0x01 Val: 0x0000003C
In clock cycle: 6149
Register Write to Reg: 0x02 Val: 0x00000078
In clock cycle: 6150
Register Write to Reg: 0x01 Val: 0xFFFFFD30
In clock cycle: 6151
Register Write to Reg: 0x03 Val: 0xFFFFFFC4
In clock cycle: 6152
Register Write to Reg: 0x04 Val: 0xFFFFFF88
In clock cycle: 6153
Register Write to Reg: 0x03 Val: 0x000002D0
In clock cycle: 7172
Register Write to Reg: 0x01 Val: 0x0000003C
In clock cycle: 7173
Register Write to Reg: 0x02 Val: 0x00000078
In clock cycle: 7174
Register Write to Reg: 0x01 Val: 0xFFFFFCB8
In clock cycle: 7175
Register Write to Reg: 0x03 Val: 0xFFFFFFC4
In clock cycle: 7176
Register Write to Reg: 0x04 Val: 0xFFFFFF88
In clock cycle: 7177
Register Write to Reg: 0x03 Val: 0x00000348
In clock cycle: 8196
Register Write to Reg: 0x01 Val: 0x0000003C
In clock cycle: 8197
Register Write to Reg: 0x02 Val: 0x00000078
In clock cycle: 8198
Register Write to Reg: 0x01 Val: 0xFFFFFC40
In clock cycle: 8199
Register Write to Reg: 0x03 Val: 0xFFFFFFC4
In clock cycle: 8200
Register Write to Reg: 0x04 Val: 0xFFFFFF88
In clock cycle: 8201
Register Write to Reg: 0x03 Val: 0x000003C0
In clock cycle: 9220
Register Write to Reg: 0x01 Val: 0x0000003C
In clock cycle: 9221
Register Write to Reg: 0x02 Val: 0x00000078
In clock cycle: 9222
Register Write to Reg: 0x01 Val: 0xFFFFFBC8
In clock cycle: 9223
Register Write to Reg: 0x03 Val: 0xFFFFFFC4
In clock cycle: 9224
Register Write to Reg: 0x04 Val: 0xFFFFFF88
In clock cycle: 9225
Register Write to Reg: 0x03 Val: 0x00000438
In clock cycle: 10244
Register Write to Reg: 0x01 Val: 0x0000003C
In clock cycle: 10245
Register Write to Reg: 0x02 Val: 0x00000078
In clock cycle: 10246
Register Write to Reg: 0x01 Val: 0xFFFFFB50
In clock cycle: 10247
Register Write to Reg: 0x03 Val: 0xFFFFFFC4
In clock cycle: 10248
Register Write to Reg: 0x04 Val: 0xFFFFFF88
In clock cycle: 10249
Register Write to Reg: 0x03 Val: 0x000004B0
In clock cycle: 11268
Register Write to Reg: 0x01 Val: 0x0000003C
In clock cycle: 11269
Register Write to Reg: 0x02 Val: 0x00000078
In clock cycle: 11270
Register Write to Reg: 0x01 Val: 0xFFFFFAD8
In clock cycle: 11271
Register Write to Reg: 0x03 Val: 0xFFFFFFC4
In clock cycle: 11272
Register Write to Reg: 0x04 Val: 0xFFFFFF88
In clock cycle: 11273
Register Write to Reg: 0x03 Val: 0x00000528
In clock cycle: 12292
Register Write to Reg: 0x01 Val: 0x0000003C
In clock cycle: 12293
Register Write to Reg: 0x02 Val: 0x00000078
In clock cycle: 12294
Register Write to Reg: 0x01 Val: 0xFFFFFA60
In clock cycle: 12295
Register Write to Reg: 0x03 Val: 0xFFFFFFC4
In clock cycle: 12296
Register Write to Reg: 0x04 Val: 0xFFFFFF88
In clock cycle: 12297
Register Write to Reg: 0x03 Val: 0x000005A0
In clock cycle: 13316
Register Write to Reg: 0x01 Val: 0x0000003C
In clock cycle: 13317
Register Write to Reg: 0x02 Val: 0x00000078
In clock cycle: 13318
Register Write to Reg: 0x01 Val: 0xFFFFF9E8
In clock cycle: 13319
Register Write to Reg: 0x03 Val: 0xFFFFFFC4
In clock cycle: 13320
Register Write to Reg: 0x04 Val: 0xFFFFFF88
In clock cycle: 13321
Register Write to Reg: 0x03 Val: 0x00000618
In clock cycle: 14340
Register Write to Reg: 0x01 Val: 0x0000003C
In clock cycle: 14341
Register Write to Reg: 0x02 Val: 0x00000078
In clock cycle: 14342
Register Write to Reg: 0x01 Val: 0xFFFFF970
In clock cycle: 14343
Register Write to Reg: 0x03 Val: 0xFFFFFFC4
In clock cycle: 14344
Register Write to Reg: 0x04 Val: 0xFFFFFF88
In clock cycle: 14345
Register Write to Reg: 0x03 Val: 0x00000690
In clock cycle: 15364
Register Write to Reg: 0x01 Val: 0x0000003C
In clock cycle: 15365
Register Write to Reg: 0x02 Val: 0x00000078
In clock cycle: 15366
Register Write to Reg: 0x01 Val: 0xFFFFF8F8
In clock cycle: 15367
Register Write to Reg: 0x03 Val: 0xFFFFFFC4
In clock cycle: 15368
Register Write to Reg: 0x04 Val: 0xFFFFFF88
In clock cycle: 15369
Register Write to Reg: 0x03 Val: 0x00000708
In clock cycle: 16388
Register Write to Reg: 0x01 Val: 0x0000003C
In clock cycle: 16389
Register Write to Reg: 0x02 Val: 0x00000078
In clock cycle: 16390
Register Write to Reg: 0x01 Val: 0xFFFFF880
In clock cycle: 16391
Register Write to Reg: 0x03 Val: 0xFFFFFFC4
In clock cycle: 16392
Register Write to Reg: 0x04 Val: 0xFFFFFF88
In clock cycle: 16393
Register Write to Reg: 0x03 Val: 0x00000780
In clock cycle: 17412
Register Write to Reg: 0x01 Val: 0x0000003C
In clock cycle: 17413
Register Write to Reg: 0x02 Val: 0x00000078
In clock cycle: 17414
Register Write to Reg: 0x01 Val: 0xFFFFF808
In clock cycle: 17415
Register Write to Reg: 0x03 Val: 0xFFFFFFC4
In clock cycle: 17416
Register Write to Reg: 0x04 Val: 0xFFFFFF88
In clock cycle: 17417
Register Write to Reg: 0x03 Val: 0x000007F8
In clock cycle: 18436
Register Write to Reg: 0x01 Val: 0x0000003C
In clock cycle: 18437
Register Write to Reg: 0x02 Val: 0x00000078
In clock cycle: 18438
Register Write to Reg: 0x01 Val: 0xFFFFF790
In clock cycle: 18439
Register Write to Reg: 0x03 Val: 0xFFFFFFC4
In clock cycle: 18440
Register Write to Reg: 0x04 Val: 0xFFFFFF88
In clock cycle: 18441
Register Write to Reg: 0x03 Val: 0x00000870
In clock cycle: 19460
Register Write to Reg: 0x01 Val: 0x0000003C
In clock cycle: 19461
Register Write to Reg: 0x02 Val: 0x00000078
In clock cycle: 19462
Register Write to Reg: 0x01 Val: 0xFFFFF718
In clock cycle: 19463
Register Write to Reg: 0x03 Val: 0xFFFFFFC4
In clock cycle: 19464
Register Write to Reg: 0x04 Val: 0xFFFFFF88
In clock cycle: 19465
Register Write to Reg: 0x03 Val: 0x000008E8
In clock cycle: 20484
Register Write to Reg: 0x01 Val: 0x0000003C
In clock cycle: 20485
Register Write to Reg: 0x02 Val: 0x00000078
In clock cycle: 20486
Register Write to Reg: 0x01 Val: 0xFFFFF6A0
In clock cycle: 20487
Register Write to Reg: 0x03 Val: 0xFFFFFFC4
In clock cycle: 20488
Register Write to Reg: 0x04 Val: 0xFFFFFF88
In clock cycle: 20489
Register Write to Reg: 0x03 Val: 0x00000960
In clock cycle: 21508
Register Write to Reg: 0x01 Val: 0x0000003C
In clock cycle: 21509
Register Write to Reg: 0x02 Val: 0x00000078
In clock cycle: 21510
Register Write to Reg: 0x01 Val: 0xFFFFF628
In clock cycle: 21511
Register Write to Reg: 0x03 Val: 0xFFFFFFC4
In clock cycle: 21512
Register Write to Reg: 0x04 Val: 0xFFFFFF88
In clock cycle: 21513
Register Write to Reg: 0x03 Val: 0x000009D8
In clock cycle: 22532
Register Write to Reg: 0x01 Val: 0x0000003C
In clock cycle: 22533
Register Write to Reg: 0x02 Val: 0x00000078
In clock cycle: 22534
Register Write to Reg: 0x01 Val: 0xFFFFF5B0
In clock cycle: 22535
Register Write to Reg: 0x03 Val: 0xFFFFFFC4
In clock cycle: 22536
Register Write to Reg: 0x04 Val: 0xFFFFFF88
In clock cycle: 22537
Register Write to Reg: 0x03 Val: 0x00000A50
In clock cycle: 23556
Register Write to Reg: 0x01 Val: 0x0000003C
In clock cycle: 23557
Register Write to Reg: 0x02 Val: 0x00000078
In clock cycle: 23558
Register Write to Reg: 0x01 Val: 0xFFFFF538
In clock cycle: 23559
Register Write to Reg: 0x03 Val: 0xFFFFFFC4
In clock cycle: 23560
Register Write to Reg: 0x04 Val: 0xFFFFFF88
In clock cycle: 23561
Register Write to Reg: 0x03 Val: 0x00000AC8
In clock cycle: 24580
Register Write to Reg: 0x01 Val: 0x0000003C
In clock cycle: 24581
Register Write to Reg: 0x02 Val: 0x00000078
In clock cycle: 24582
Register Write to Reg: 0x01 Val: 0xFFFFF4C0
In clock cycle: 24583
Register Write to Reg: 0x03 Val: 0xFFFFFFC4
In clock cycle: 24584
Register Write to Reg: 0x04 Val: 0xFFFFFF88
In clock cycle: 24585
Register Write to Reg: 0x03 Val: 0x00000B40
In clock cycle: 25604
Register Write to Reg: 0x01 Val: 0x0000003C
In clock cycle: 25605
Register Write to Reg: 0x02 Val: 0x00000078
In clock cycle: 25606
Register Write to Reg: 0x01 Val: 0xFFFFF448
In clock cycle: 25607
Register Write to Reg: 0x03 Val: 0xFFFFFFC4
In clock cycle: 25608
Register Write to Reg: 0x04 Val: 0xFFFFFF88
In clock cycle: 25609
Register Write to Reg: 0x03 Val: 0x00000BB8
In clock cycle: 26628
Register Write to Reg: 0x01 Val: 0x0000003C
In clock cycle: 26629
Register Write to Reg: 0x02 Val: 0x00000078
In clock cycle: 26630
Register Write to Reg: 0x01 Val: 0xFFFFF3D0
In clock cycle: 26631
Register Write to Reg: 0x03 Val: 0xFFFFFFC4
In clock cycle: 26632
Register Write to Reg: 0x04 Val: 0xFFFFFF88
In clock cycle: 26633
Register Write to Reg: 0x03 Val: 0x00000C30
In clock cycle: 27652
Register Write to Reg: 0x01 Val: 0x0000003C
In clock cycle: 27653
Register Write to Reg: 0x02 Val: 0x00000078
In clock cycle: 27654
Register Write to Reg: 0x01 Val: 0xFFFFF358
In clock cycle: 27655
Register Write to Reg: 0x03 Val: 0xFFFFFFC4
In clock cycle: 27656
Register Write to Reg: 0x04 Val: 0xFFFFFF88
In clock cycle: 27657
Register Write to Reg: 0x03 Val: 0x00000CA8
In clock cycle: 28676
Register Write to Reg: 0x01 Val: 0x0000003C
In clock cycle: 28677
Register Write to Reg: 0x02 Val: 0x00000078
In clock cycle: 28678
Register Write to Reg: 0x01 Val: 0xFFFFF2E0
In clock cycle: 28679
Register Write to Reg: 0x03 Val: 0xFFFFFFC4
In clock cycle: 28680
Register Write to Reg: 0x04 Val: 0xFFFFFF88
In clock cycle: 28681
Register Write to Reg: 0x03 Val: 0x00000D20
In clock cycle: 29700
Register Write to Reg: 0x01 Val: 0x0000003C
In clock cycle: 29701
Register Write to Reg: 0x02 Val: 0x00000078
In clock cycle: 29702
Register Write to Reg: 0x01 Val: 0xFFFFF268
In clock cycle: 29703
Register Write to Reg: 0x03 Val: 0xFFFFFFC4
In clock cycle: 29704
Register Write to Reg: 0x04 Val: 0xFFFFFF88
In clock cycle: 29705
Register Write to Reg: 0x03 Val: 0x00000D98
In clock cycle: 30724
Register Write to Reg: 0x01 Val: 0x0000003C
In clock cycle: 30725
Register Write to Reg: 0x02 Val: 0x00000078
In clock cycle: 30726
Register Write to Reg: 0x01 Val: 0xFFFFF1F0
In clock cycle: 30727
Register Write to Reg: 0x03 Val: 0xFFFFFFC4
In clock cycle: 30728
Register Write to Reg: 0x04 Val: 0xFFFFFF88
In clock cycle: 30729
Register Write to Reg: 0x03 Val: 0x00000E10
In clock cycle: 31748
Register Write to Reg: 0x01 Val: 0x0000003C
In clock cycle: 31749
Register Write to Reg: 0x02 Val: 0x00000078
In clock cycle: 31750
Register Write to Reg: 0x01 Val: 0xFFFFF178
In clock cycle: 31751
Register Write to Reg: 0x03 Val: 0xFFFFFFC4
In clock cycle: 31752
Register Write to Reg: 0x04 Val: 0xFFFFFF88
In clock cycle: 31753
Register Write to Reg: 0x03 Val: 0x00000E88
In clock cycle: 32772
Register Write to Reg: 0x01 Val: 0x0000003C
In clock cycle: 32773
Register Write to Reg: 0x02 Val: 0x00000078
In clock cycle: 32774
Register Write to Reg: 0x01 Val: 0xFFFFF100
In clock cycle: 32775
Register Write to Reg: 0x03 Val: 0xFFFFFFC4
In clock cycle: 32776
Register Write to Reg: 0x04 Val: 0xFFFFFF88
In clock cycle: 32777
Register Write to Reg: 0x03 Val: 0x00000F00
In clock cycle: 33796
Register Write to Reg: 0x01 Val: 0x0000003C
In clock cycle: 33797
Register Write to Reg: 0x02 Val: 0x00000078
In clock cycle: 33798
Register Write to Reg: 0x01 Val: 0xFFFFF088
In clock cycle: 33799
Register Write to Reg: 0x03 Val: 0xFFFFFFC4
In clock cycle: 33800
Register Write to Reg: 0x04 Val: 0xFFFFFF88
In clock cycle: 33801
Register Write to Reg: 0x03 Val: 0x00000F78
In clock cycle: 34820
Register Write to Reg: 0x01 Val: 0x0000003C
In clock cycle: 34821
Register Write to Reg: 0x02 Val: 0x00000078
In clock cycle: 34822
Register Write to Reg: 0x01 Val: 0xFFFFF010
In clock cycle: 34823
Register Write to Reg: 0x03 Val: 0xFFFFFFC4
In clock cycle: 34824
Register Write to Reg: 0x04 Val: 0xFFFFFF88
In clock cycle: 34825
Register Write to Reg: 0x03 Val: 0x00000FF0
In clock cycle: 35844
Register Write to Reg: 0x01 Val: 0x0000003C
In clock cycle: 35845
Register Write to Reg: 0x02 Val: 0x00000078
In clock cycle: 35846
Register Write to Reg: 0x01 Val: 0xFFFFEF98
In clock cycle: 35847
Register Write to Reg: 0x03 Val: 0xFFFFFFC4
In clock cycle: 35848
Register Write to Reg: 0x04 Val: 0xFFFFFF88
In clock cycle: 35849
Register Write to Reg: 0x03 Val: 0x00001068
In clock cycle: 36868
Register Write to Reg: 0x01 Val: 0x0000003C
In clock cycle: 36869
Register Write to Reg: 0x02 Val: 0x00000078
In clock cycle: 36870
Register Write to Reg: 0x01 Val: 0xFFFFEF20
In clock cycle: 36871
Register Write to Reg: 0x03 Val: 0xFFFFFFC4
In clock cycle: 36872
Register Write to Reg: 0x04 Val: 0xFFFFFF88
In clock cycle: 36873
Register Write to Reg: 0x03 Val: 0x000010E0
In clock cycle: 37892
Register Write to Reg: 0x01 Val: 0x0000003C
In clock cycle: 37893
Register Write to Reg: 0x02 Val: 0x00000078
In clock cycle: 37894
Register Write to Reg: 0x01 Val: 0xFFFFEEA8
In clock cycle: 37895
Register Write to Reg: 0x03 Val: 0xFFFFFFC4
In clock cycle: 37896
Register Write to Reg: 0x04 Val: 0xFFFFFF88
In clock cycle: 37897
Register Write to Reg: 0x03 Val: 0x00001158
In clock cycle: 38916
Register Write to Reg: 0x01 Val: 0x0000003C
In clock cycle: 38917
Register Write to Reg: 0x02 Val: 0x00000078
In clock cycle: 38918
Register Write to Reg: 0x01 Val: 0xFFFFEE30
In clock cycle: 38919
Register Write to Reg: 0x03 Val: 0xFFFFFFC4
In clock cycle: 38920
Register Write to Reg: 0x04 Val: 0xFFFFFF88
In clock cycle: 38921
Register Write to Reg: 0x03 Val: 0x000011D0
In clock cycle: 39940
Register Write to Reg: 0x01 Val: 0x0000003C
In clock cycle: 39941
Register Write to Reg: 0x02 Val: 0x00000078
In clock cycle: 39942
Register Write to Reg: 0x01 Val: 0xFFFFEDB8
In clock cycle: 39943
Register Write to Reg: 0x03 Val: 0xFFFFFFC4
In clock cycle: 39944
Register Write to Reg: 0x04 Val: 0xFFFFFF88
In clock cycle: 39945
Register Write to Reg: 0x03 Val: 0x00001248
In clock cycle: 40964
Register Write to Reg: 0x01 Val: 0x0000003C
In clock cycle: 40965
Register Write to Reg: 0x02 Val: 0x00000078
In clock cycle: 40966
Register Write to Reg: 0x01 Val: 0xFFFFED40
In clock cycle: 40967
Register Write to Reg: 0x03 Val: 0xFFFFFFC4
In clock cycle: 40968
Register Write to Reg: 0x04 Val: 0xFFFFFF88
In clock cycle: 40969
Register Write to Reg: 0x03 Val: 0x000012C0
In clock cycle: 41988
Register Write to Reg: 0x01 Val: 0x0000003C
In clock cycle: 41989
Register Write to Reg: 0x02 Val: 0x00000078
In clock cycle: 41990
Register Write to Reg: 0x01 Val: 0xFFFFECC8
In clock cycle: 41991
Register Write to Reg: 0x03 Val: 0xFFFFFFC4
In clock cycle: 41992
Register Write to Reg: 0x04 Val: 0xFFFFFF88
In clock cycle: 41993
Register Write to Reg: 0x03 Val: 0x00001338
In clock cycle: 43012
Register Write to Reg: 0x01 Val: 0x0000003C
In clock cycle: 43013
Register Write to Reg: 0x02 Val: 0x00000078
In clock cycle: 43014
Register Write to Reg: 0x01 Val: 0xFFFFEC50
In clock cycle: 43015
Register Write to Reg: 0x03 Val: 0xFFFFFFC4
In clock cycle: 43016
Register Write to Reg: 0x04 Val: 0xFFFFFF88
In clock cycle: 43017
Register Write to Reg: 0x03 Val: 0x000013B0
In clock cycle: 44036
Register Write to Reg: 0x01 Val: 0x0000003C
In clock cycle: 44037
Register Write to Reg: 0x02 Val: 0x00000078
In clock cycle: 44038
Register Write to Reg: 0x01 Val: 0xFFFFEBD8
In clock cycle: 44039
Register Write to Reg: 0x03 Val: 0xFFFFFFC4
In clock cycle: 44040
Register Write to Reg: 0x04 Val: 0xFFFFFF88
In clock cycle: 44041
Register Write to Reg: 0x03 Val: 0x00001428
In clock cycle: 45060
Register Write to Reg: 0x01 Val: 0x0000003C
In clock cycle: 45061
Register Write to Reg: 0x02 Val: 0x00000078
In clock cycle: 45062
Register Write to Reg: 0x01 Val: 0xFFFFEB60
In clock cycle: 45063
Register Write to Reg: 0x03 Val: 0xFFFFFFC4
In clock cycle: 45064
Register Write to Reg: 0x04 Val: 0xFFFFFF88
In clock cycle: 45065
Register Write to Reg: 0x03 Val: 0x000014A0
In clock cycle: 46084
Register Write to Reg: 0x01 Val: 0x0000003C
In clock cycle: 46085
Register Write to Reg: 0x02 Val: 0x00000078
In clock cycle: 46086
Register Write to Reg: 0x01 Val: 0xFFFFEAE8
In clock cycle: 46087
Register Write to Reg: 0x03 Val: 0xFFFFFFC4
In clock cycle: 46088
Register Write to Reg: 0x04 Val: 0xFFFFFF88
In clock cycle: 46089
Register Write to Reg: 0x03 Val: 0x00001518
In clock cycle: 47108
Register Write to Reg: 0x01 Val: 0x0000003C
In clock cycle: 47109
Register Write to Reg: 0x02 Val: 0x00000078
In clock cycle: 47110
Register Write to Reg: 0x01 Val: 0xFFFFEA70
In clock cycle: 47111
Register Write to Reg: 0x03 Val: 0xFFFFFFC4
In clock cycle: 47112
Register Write to Reg: 0x04 Val: 0xFFFFFF88
In clock cycle: 47113
Register Write to Reg: 0x03 Val: 0x00001590
In clock cycle: 48132
Register Write to Reg: 0x01 Val: 0x0000003C
In clock cycle: 48133
Register Write to Reg: 0x02 Val: 0x00000078
In clock cycle: 48134
Register Write to Reg: 0x01 Val: 0xFFFFE9F8
In clock cycle: 48135
Register Write to Reg: 0x03 Val: 0xFFFFFFC4
In clock cycle: 48136
Register Write to Reg: 0x04 Val: 0xFFFFFF88
In clock cycle: 48137
Register Write to Reg: 0x03 Val: 0x00001608
In clock cycle: 49156
Register Write to Reg: 0x01 Val: 0x0000003C
In clock cycle: 49157
Register Write to Reg: 0x02 Val: 0x00000078
In clock cycle: 49158
Register Write to Reg: 0x01 Val: 0xFFFFE980
In clock cycle: 49159
Register Write to Reg: 0x03 Val: 0xFFFFFFC4
In clock cycle: 49160
Register Write to Reg: 0x04 Val: 0xFFFFFF88
In clock cycle: 49161
Register Write to Reg: 0x03 Val: 0x00001680
In clock cycle: 50180
Register Write to Reg: 0x01 Val: 0x0000003C
In clock cycle: 50181
Register Write to Reg: 0x02 Val: 0x00000078
In clock cycle: 50182
Register Write to Reg: 0x01 Val: 0xFFFFE908
In clock cycle: 50183
Register Write to Reg: 0x03 Val: 0xFFFFFFC4
In clock cycle: 50184
Register Write to Reg: 0x04 Val: 0xFFFFFF88
In clock cycle: 50185
Register Write to Reg: 0x03 Val: 0x000016F8
In clock cycle: 51204
Register Write to Reg: 0x01 Val: 0x0000003C
In clock cycle: 51205
Register Write to Reg: 0x02 Val: 0x00000078
In clock cycle: 51206
Register Write to Reg: 0x01 Val: 0xFFFFE890
In clock cycle: 51207
Register Write to Reg: 0x03 Val: 0xFFFFFFC4
In clock cycle: 51208
Register Write to Reg: 0x04 Val: 0xFFFFFF88
In clock cycle: 51209
Register Write to Reg: 0x03 Val: 0x00001770
In clock cycle: 52228
Register Write to Reg: 0x01 Val: 0x0000003C
In clock cycle: 52229
Register Write to Reg: 0x02 Val: 0x00000078
In clock cycle: 52230
Register Write to Reg: 0x01 Val: 0xFFFFE818
In clock cycle: 52231
Register Write to Reg: 0x03 Val: 0xFFFFFFC4
In clock cycle: 52232
Register Write to Reg: 0x04 Val: 0xFFFFFF88
In clock cycle: 52233
Register Write to Reg: 0x03 Val: 0x000017E8
In clock cycle: 53252
Register Write to Reg: 0x01 Val: 0x0000003C
In clock cycle: 53253
Register Write to Reg: 0x02 Val: 0x00000078
In clock cycle: 53254
Register Write to Reg: 0x01 Val: 0xFFFFE7A0
In clock cycle: 53255
Register Write to Reg: 0x03 Val: 0xFFFFFFC4
In clock cycle: 53256
Register Write to Reg: 0x04 Val: 0xFFFFFF88
In clock cycle: 53257
Register Write to Reg: 0x03 Val: 0x00001860
In clock cycle: 54276
Register Write to Reg: 0x01 Val: 0x0000003C
In clock cycle: 54277
Register Write to Reg: 0x02 Val: 0x00000078
In clock cycle: 54278
Register Write to Reg: 0x01 Val: 0xFFFFE728
In clock cycle: 54279
Register Write to Reg: 0x03 Val: 0xFFFFFFC4
In clock cycle: 54280
Register Write to Reg: 0x04 Val: 0xFFFFFF88
In clock cycle: 54281
Register Write to Reg: 0x03 Val: 0x000018D8
In clock cycle: 55300
Register Write to Reg: 0x01 Val: 0x0000003C
In clock cycle: 55301
Register Write to Reg: 0x02 Val: 0x00000078
In clock cycle: 55302
Register Write to Reg: 0x01 Val: 0xFFFFE6B0
In clock cycle: 55303
Register Write to Reg: 0x03 Val: 0xFFFFFFC4
In clock cycle: 55304
Register Write to Reg: 0x04 Val: 0xFFFFFF88
In clock cycle: 55305
Register Write to Reg: 0x03 Val: 0x00001950
In clock cycle: 56324
Register Write to Reg: 0x01 Val: 0x0000003C
In clock cycle: 56325
Register Write to Reg: 0x02 Val: 0x00000078
In clock cycle: 56326
Register Write to Reg: 0x01 Val: 0xFFFFE638
In clock cycle: 56327
Register Write to Reg: 0x03 Val: 0xFFFFFFC4
In clock cycle: 56328
Register Write to Reg: 0x04 Val: 0xFFFFFF88
In clock cycle: 56329
Register Write to Reg: 0x03 Val: 0x000019C8
In clock cycle: 57348
Register Write to Reg: 0x01 Val: 0x0000003C
In clock cycle: 57349
Register Write to Reg: 0x02 Val: 0x00000078
In clock cycle: 57350
Register Write to Reg: 0x01 Val: 0xFFFFE5C0
In clock cycle: 57351
Register Write to Reg: 0x03 Val: 0xFFFFFFC4
In clock cycle: 57352
Register Write to Reg: 0x04 Val: 0xFFFFFF88
In clock cycle: 57353
Register Write to Reg: 0x03 Val: 0x00001A40
In clock cycle: 58372
Register Write to Reg: 0x01 Val: 0x0000003C
In clock cycle: 58373
Register Write to Reg: 0x02 Val: 0x00000078
In clock cycle: 58374
Register Write to Reg: 0x01 Val: 0xFFFFE548
In clock cycle: 58375
Register Write to Reg: 0x03 Val: 0xFFFFFFC4
In clock cycle: 58376
Register Write to Reg: 0x04 Val: 0xFFFFFF88
In clock cycle: 58377
Register Write to Reg: 0x03 Val: 0x00001AB8
In clock cycle: 59396
Register Write to Reg: 0x01 Val: 0x0000003C
In clock cycle: 59397
Register Write to Reg: 0x02 Val: 0x00000078
In clock cycle: 59398
Register Write to Reg: 0x01 Val: 0xFFFFE4D0
In clock cycle: 59399
Register Write to Reg: 0x03 Val: 0xFFFFFFC4
In clock cycle: 59400
Register Write to Reg: 0x04 Val: 0xFFFFFF88
In clock cycle: 59401
Register Write to Reg: 0x03 Val: 0x00001B30
In clock cycle: 60420
Register Write to Reg: 0x01 Val: 0x0000003C
In clock cycle: 60421
Register Write to Reg: 0x02 Val: 0x00000078
In clock cycle: 60422
Register Write to Reg: 0x01 Val: 0xFFFFE458
In clock cycle: 60423
Register Write to Reg: 0x03 Val: 0xFFFFFFC4
In clock cycle: 60424
Register Write to Reg: 0x04 Val: 0xFFFFFF88
In clock cycle: 60425
Register Write to Reg: 0x03 Val: 0x00001BA8
In clock cycle: 61444
Register Write to Reg: 0x01 Val: 0x0000003C
In clock cycle: 61445
Register Write to Reg: 0x02 Val: 0x00000078
In clock cycle: 61446
Register Write to Reg: 0x01 Val: 0xFFFFE3E0
In clock cycle: 61447
Register Write to Reg: 0x03 Val: 0xFFFFFFC4
In clock cycle: 61448
Register Write to Reg: 0x04 Val: 0xFFFFFF88
In clock cycle: 61449
Register Write to Reg: 0x03 Val: 0x00001C20
In clock cycle: 62468
Register Write to Reg: 0x01 Val: 0x0000003C
In clock cycle: 62469
Register Write to Reg: 0x02 Val: 0x00000078
In clock cycle: 62470
Register Write to Reg: 0x01 Val: 0xFFFFE368
In clock cycle: 62471
Register Write to Reg: 0x03 Val: 0xFFFFFFC4
In clock cycle: 62472
Register Write to Reg: 0x04 Val: 0xFFFFFF88
In clock cycle: 62473
Register Write to Reg: 0x03 Val: 0x00001C98
In clock cycle: 63492
Register Write to Reg: 0x01 Val: 0x0000003C
In clock cycle: 63493
Register Write to Reg: 0x02 Val: 0x00000078
In clock cycle: 63494
Register Write to Reg: 0x01 Val: 0xFFFFE2F0
In clock cycle: 63495
Register Write to Reg: 0x03 Val: 0xFFFFFFC4
In clock cycle: 63496
Register Write to Reg: 0x04 Val: 0xFFFFFF88
In clock cycle: 63497
Register Write to Reg: 0x03 Val: 0x00001D10
In clock cycle: 64516
Register Write to Reg: 0x01 Val: 0x0000003C
In clock cycle: 64517
Register Write to Reg: 0x02 Val: 0x00000078
In clock cycle: 64518
Register Write to Reg: 0x01 Val: 0xFFFFE278
In clock cycle: 64519
Register Write to Reg: 0x03 Val: 0xFFFFFFC4
In clock cycle: 64520
Register Write to Reg: 0x04 Val: 0xFFFFFF88
In clock cycle: 64521
Register Write to Reg: 0x03 Val: 0x00001D88
In clock cycle: 65540
Register Write to Reg: 0x01 Val: 0x0000003C
In clock cycle: 65541
Register Write to Reg: 0x02 Val: 0x00000078
In clock cycle: 65542
Register Write to Reg: 0x01 Val: 0xFFFFE200
In clock cycle: 65543
Register Write to Reg: 0x03 Val: 0xFFFFFFC4
In clock cycle: 65544
Register Write to Reg: 0x04 Val: 0xFFFFFF88
In clock cycle: 65545
Register Write to Reg: 0x03 Val: 0x00001E00
In clock cycle: 66564
Register Write to Reg: 0x01 Val: 0x0000003C
In clock cycle: 66565
Register Write to Reg: 0x02 Val: 0x00000078
In clock cycle: 66566
Register Write to Reg: 0x01 Val: 0xFFFFE188
In clock cycle: 66567
Register Write to Reg: 0x03 Val: 0xFFFFFFC4
In clock cycle: 66568
Register Write to Reg: 0x04 Val: 0xFFFFFF88
In clock cycle: 66569
Register Write to Reg: 0x03 Val: 0x00001E78
In clock cycle: 67588
Register Write to Reg: 0x01 Val: 0x0000003C
In clock cycle: 67589
Register Write to Reg: 0x02 Val: 0x00000078
In clock cycle: 67590
Register Write to Reg: 0x01 Val: 0xFFFFE110
In clock cycle: 67591
Register Write to Reg: 0x03 Val: 0xFFFFFFC4
In clock cycle: 67592
Register Write to Reg: 0x04 Val: 0xFFFFFF88
In clock cycle: 67593
Register Write to Reg: 0x03 Val: 0x00001EF0
In clock cycle: 68612
Register Write to Reg: 0x01 Val: 0x0000003C
In clock cycle: 68613
Register Write to Reg: 0x02 Val: 0x00000078
In clock cycle: 68614
Register Write to Reg: 0x01 Val: 0xFFFFE098
In clock cycle: 68615
Register Write to Reg: 0x03 Val: 0xFFFFFFC4
In clock cycle: 68616
Register Write to Reg: 0x04 Val: 0xFFFFFF88
In clock cycle: 68617
Register Write to Reg: 0x03 Val: 0x00001F68
In clock cycle: 69636
Register Write to Reg: 0x01 Val: 0x0000003C
In clock cycle: 69637
Register Write to Reg: 0x02 Val: 0x00000078
In clock cycle: 69638
Register Write to Reg: 0x01 Val: 0xFFFFE020
In clock cycle: 69639
Register Write to Reg: 0x03 Val: 0xFFFFFFC4
In clock cycle: 69640
Register Write to Reg: 0x04 Val: 0xFFFFFF88
In clock cycle: 69641
Register Write to Reg: 0x03 Val: 0x00001FE0
In clock cycle: 70660
Register Write to Reg: 0x01 Val: 0x0000003C
In clock cycle: 70661
Register Write to Reg: 0x02 Val: 0x00000078
In clock cycle: 70662
Register Write to Reg: 0x01 Val: 0xFFFFDFA8
In clock cycle: 70663
Register Write to Reg: 0x03 Val: 0xFFFFFFC4
In clock cycle: 70664
Register Write to Reg: 0x04 Val: 0xFFFFFF88
In clock cycle: 70665
Register Write to Reg: 0x03 Val: 0x00002058
In clock cycle: 71684
Register Write to Reg: 0x01 Val: 0x0000003C
In clock cycle: 71685
Register Write to Reg: 0x02 Val: 0x00000078
In clock cycle: 71686
Register Write to Reg: 0x01 Val: 0xFFFFDF30
In clock cycle: 71687
Register Write to Reg: 0x03 Val: 0xFFFFFFC4
In clock cycle: 71688
Register Write to Reg: 0x04 Val: 0xFFFFFF88
In clock cycle: 71689
Register Write to Reg: 0x03 Val: 0x000020D0
In clock cycle: 72708
Register Write to Reg: 0x01 Val: 0x0000003C
In clock cycle: 72709
Register Write to Reg: 0x02 Val: 0x00000078
In clock cycle: 72710
Register Write to Reg: 0x01 Val: 0xFFFFDEB8
In clock cycle: 72711
Register Write to Reg: 0x03 Val: 0xFFFFFFC4
In clock cycle: 72712
Register Write to Reg: 0x04 Val: 0xFFFFFF88
In clock cycle: 72713
Register Write to Reg: 0x03 Val: 0x00002148
In clock cycle: 73732
Register Write to Reg: 0x01 Val: 0x0000003C
In clock cycle: 73733
Register Write to Reg: 0x02 Val: 0x00000078
In clock cycle: 73734
Register Write to Reg: 0x01 Val: 0xFFFFDE40
In clock cycle: 73735
Register Write to Reg: 0x03 Val: 0xFFFFFFC4
In clock cycle: 73736
Register Write to Reg: 0x04 Val: 0xFFFFFF88
In clock cycle: 73737
Register Write to Reg: 0x03 Val: 0x000021C0
In clock cycle: 74756
Register Write to Reg: 0x01 Val: 0x0000003C
In clock cycle: 74757
Register Write to Reg: 0x02 Val: 0x00000078
In clock cycle: 74758
Register Write to Reg: 0x01 Val: 0xFFFFDDC8
In clock cycle: 74759
Register Write to Reg: 0x03 Val: 0xFFFFFFC4
In clock cycle: 74760
Register Write to Reg: 0x04 Val: 0xFFFFFF88
In clock cycle: 74761
Register Write to Reg: 0x03 Val: 0x00002238
In clock cycle: 75780
Register Write to Reg: 0x01 Val: 0x0000003C
In clock cycle: 75781
Register Write to Reg: 0x02 Val: 0x00000078
In clock cycle: 75782
Register Write to Reg: 0x01 Val: 0xFFFFDD50
In clock cycle: 75783
Register Write to Reg: 0x03 Val: 0xFFFFFFC4
In clock cycle: 75784
Register Write to Reg: 0x04 Val: 0xFFFFFF88
In clock cycle: 75785
Register Write to Reg: 0x03 Val: 0x000022B0
In clock cycle: 76804
Register Write to Reg: 0x01 Val: 0x0000003C
In clock cycle: 76805
Register Write to Reg: 0x02 Val: 0x00000078
In clock cycle: 76806
Register Write to Reg: 0x01 Val: 0xFFFFDCD8
In clock cycle: 76807
Register Write to Reg: 0x03 Val: 0xFFFFFFC4
In clock cycle: 76808
Register Write to Reg: 0x04 Val: 0xFFFFFF88
In clock cycle: 76809
Register Write to Reg: 0x03 Val: 0x00002328
In clock cycle: 77828
Register Write to Reg: 0x01 Val: 0x0000003C
In clock cycle: 77829
Register Write to Reg: 0x02 Val: 0x00000078
In clock cycle: 77830
Register Write to Reg: 0x01 Val: 0xFFFFDC60
In clock cycle: 77831
Register Write to Reg: 0x03 Val: 0xFFFFFFC4
In clock cycle: 77832
Register Write to Reg: 0x04 Val: 0xFFFFFF88
In clock cycle: 77833
Register Write to Reg: 0x03 Val: 0x000023A0
In clock cycle: 78852
Register Write to Reg: 0x01 Val: 0x0000003C
In clock cycle: 78853
Register Write to Reg: 0x02 Val: 0x00000078
In clock cycle: 78854
Register Write to Reg: 0x01 Val: 0xFFFFDBE8
In clock cycle: 78855
Register Write to Reg: 0x03 Val: 0xFFFFFFC4
In clock cycle: 78856
Register Write to Reg: 0x04 Val: 0xFFFFFF88
In clock cycle: 78857
Register Write to Reg: 0x03 Val: 0x00002418
In clock cycle: 79876
Register Write to Reg: 0x01 Val: 0x0000003C
In clock cycle: 79877
Register Write to Reg: 0x02 Val: 0x00000078
In clock cycle: 79878
Register Write to Reg: 0x01 Val: 0xFFFFDB70
In clock cycle: 79879
Register Write to Reg: 0x03 Val: 0xFFFFFFC4
In clock cycle: 79880
Register Write to Reg: 0x04 Val: 0xFFFFFF88
In clock cycle: 79881
Register Write to Reg: 0x03 Val: 0x00002490
In clock cycle: 80900
Register Write to Reg: 0x01 Val: 0x0000003C
In clock cycle: 80901
Register Write to Reg: 0x02 Val: 0x00000078
In clock cycle: 80902
Register Write to Reg: 0x01 Val: 0xFFFFDAF8
In clock cycle: 80903
Register Write to Reg: 0x03 Val: 0xFFFFFFC4
In clock cycle: 80904
Register Write to Reg: 0x04 Val: 0xFFFFFF88
In clock cycle: 80905
Register Write to Reg: 0x03 Val: 0x00002508
In clock cycle: 81924
Register Write to Reg: 0x01 Val: 0x0000003C
In clock cycle: 81925
Register Write to Reg: 0x02 Val: 0x00000078
In clock cycle: 81926
Register Write to Reg: 0x01 Val: 0xFFFFDA80
In clock cycle: 81927
Register Write to Reg: 0x03 Val: 0xFFFFFFC4
In clock cycle: 81928
Register Write to Reg: 0x04 Val: 0xFFFFFF88
In clock cycle: 81929
Register Write to Reg: 0x03 Val: 0x00002580
In clock cycle: 82948
Register Write to Reg: 0x01 Val: 0x0000003C
In clock cycle: 82949
Register Write to Reg: 0x02 Val: 0x00000078
In clock cycle: 82950
Register Write to Reg: 0x01 Val: 0xFFFFDA08
In clock cycle: 82951
Register Write to Reg: 0x03 Val: 0xFFFFFFC4
In clock cycle: 82952
Register Write to Reg: 0x04 Val: 0xFFFFFF88
In clock cycle: 82953
Register Write to Reg: 0x03 Val: 0x000025F8
In clock cycle: 83972
Register Write to Reg: 0x01 Val: 0x0000003C
In clock cycle: 83973
Register Write to Reg: 0x02 Val: 0x00000078
In clock cycle: 83974
Register Write to Reg: 0x01 Val: 0xFFFFD990
In clock cycle: 83975
Register Write to Reg: 0x03 Val: 0xFFFFFFC4
In clock cycle: 83976
Register Write to Reg: 0x04 Val: 0xFFFFFF88
In clock cycle: 83977
Register Write to Reg: 0x03 Val: 0x00002670
In clock cycle: 84996
Register Write to Reg: 0x01 Val: 0x0000003C
In clock cycle: 84997
Register Write to Reg: 0x02 Val: 0x00000078
In clock cycle: 84998
Register Write to Reg: 0x01 Val: 0xFFFFD918
In clock cycle: 84999
Register Write to Reg: 0x03 Val: 0xFFFFFFC4
In clock cycle: 85000
Register Write to Reg: 0x04 Val: 0xFFFFFF88
In clock cycle: 85001
Register Write to Reg: 0x03 Val: 0x000026E8
In clock cycle: 86020
Register Write to Reg: 0x01 Val: 0x0000003C
In clock cycle: 86021
Register Write to Reg: 0x02 Val: 0x00000078
In clock cycle: 86022
Register Write to Reg: 0x01 Val: 0xFFFFD8A0
In clock cycle: 86023
Register Write to Reg: 0x03 Val: 0xFFFFFFC4
In clock cycle: 86024
Register Write to Reg: 0x04 Val: 0xFFFFFF88
In clock cycle: 86025
Register Write to Reg: 0x03 Val: 0x00002760
In clock cycle: 87044
Register Write to Reg: 0x01 Val: 0x0000003C
In clock cycle: 87045
Register Write to Reg: 0x02 Val: 0x00000078
In clock cycle: 87046
Register Write to Reg: 0x01 Val: 0xFFFFD828
In clock cycle: 87047
Register Write to Reg: 0x03 Val: 0xFFFFFFC4
In clock cycle: 87048
Register Write to Reg: 0x04 Val: 0xFFFFFF88
In clock cycle: 87049
Register Write to Reg: 0x03 Val: 0x000027D8
In clock cycle: 88068
Register Write to Reg: 0x01 Val: 0x0000003C
In clock cycle: 88069
Register Write to Reg: 0x02 Val: 0x00000078
In clock cycle: 88070
Register Write to Reg: 0x01 Val: 0xFFFFD7B0
In clock cycle: 88071
Register Write to Reg: 0x03 Val: 0xFFFFFFC4
In clock cycle: 88072
Register Write to Reg: 0x04 Val: 0xFFFFFF88
In clock cycle: 88073
Register Write to Reg: 0x03 Val: 0x00002850
In clock cycle: 89092
Register Write to Reg: 0x01 Val: 0x0000003C
In clock cycle: 89093
Register Write to Reg: 0x02 Val: 0x00000078
In clock cycle: 89094
Register Write to Reg: 0x01 Val: 0xFFFFD738
In clock cycle: 89095
Register Write to Reg: 0x03 Val: 0xFFFFFFC4
In clock cycle: 89096
Register Write to Reg: 0x04 Val: 0xFFFFFF88
In clock cycle: 89097
Register Write to Reg: 0x03 Val: 0x000028C8
In clock cycle: 90116
Register Write to Reg: 0x01 Val: 0x0000003C
In clock cycle: 90117
Register Write to Reg: 0x02 Val: 0x00000078
In clock cycle: 90118
Register Write to Reg: 0x01 Val: 0xFFFFD6C0
In clock cycle: 90119
Register Write to Reg: 0x03 Val: 0xFFFFFFC4
In clock cycle: 90120
Register Write to Reg: 0x04 Val: 0xFFFFFF88
In clock cycle: 90121
Register Write to Reg: 0x03 Val: 0x00002940
In clock cycle: 91140
Register Write to Reg: 0x01 Val: 0x0000003C
In clock cycle: 91141
Register Write to Reg: 0x02 Val: 0x00000078
In clock cycle: 91142
Register Write to Reg: 0x01 Val: 0xFFFFD648
In clock cycle: 91143
Register Write to Reg: 0x03 Val: 0xFFFFFFC4
In clock cycle: 91144
Register Write to Reg: 0x04 Val: 0xFFFFFF88
In clock cycle: 91145
Register Write to Reg: 0x03 Val: 0x000029B8
In clock cycle: 92164
Register Write to Reg: 0x01 Val: 0x0000003C
In clock cycle: 92165
Register Write to Reg: 0x02 Val: 0x00000078
In clock cycle: 92166
Register Write to Reg: 0x01 Val: 0xFFFFD5D0
In clock cycle: 92167
Register Write to Reg: 0x03 Val: 0xFFFFFFC4
In clock cycle: 92168
Register Write to Reg: 0x04 Val: 0xFFFFFF88
In clock cycle: 92169
Register Write to Reg: 0x03 Val: 0x00002A30
In clock cycle: 93188
Register Write to Reg: 0x01 Val: 0x0000003C
In clock cycle: 93189
Register Write to Reg: 0x02 Val: 0x00000078
In clock cycle: 93190
Register Write to Reg: 0x01 Val: 0xFFFFD558
In clock cycle: 93191
Register Write to Reg: 0x03 Val: 0xFFFFFFC4
In clock cycle: 93192
Register Write to Reg: 0x04 Val: 0xFFFFFF88
In clock cycle: 93193
Register Write to Reg: 0x03 Val: 0x00002AA8
In clock cycle: 94212
Register Write to Reg: 0x01 Val: 0x0000003C
In clock cycle: 94213
Register Write to Reg: 0x02 Val: 0x00000078
In clock cycle: 94214
Register Write to Reg: 0x01 Val: 0xFFFFD4E0
In clock cycle: 94215
Register Write to Reg: 0x03 Val: 0xFFFFFFC4
In clock cycle: 94216
Register Write to Reg: 0x04 Val: 0xFFFFFF88
In clock cycle: 94217
Register Write to Reg: 0x03 Val: 0x00002B20
In clock cycle: 95236
Register Write to Reg: 0x01 Val: 0x0000003C
In clock cycle: 95237
Register Write to Reg: 0x02 Val: 0x00000078
In clock cycle: 95238
Register Write to Reg: 0x01 Val: 0xFFFFD468
In clock cycle: 95239
Register Write to Reg: 0x03 Val: 0xFFFFFFC4
In clock cycle: 95240
Register Write to Reg: 0x04 Val: 0xFFFFFF88
In clock cycle: 95241
Register Write to Reg: 0x03 Val: 0x00002B98
In clock cycle: 96260
Register Write to Reg: 0x01 Val: 0x0000003C
In clock cycle: 96261
Register Write to Reg: 0x02 Val: 0x00000078
In clock cycle: 96262
Register Write to Reg: 0x01 Val: 0xFFFFD3F0
In clock cycle: 96263
Register Write to Reg: 0x03 Val: 0xFFFFFFC4
In clock cycle: 96264
Register Write to Reg: 0x04 Val: 0xFFFFFF88
In clock cycle: 96265
Register Write to Reg: 0x03 Val: 0x00002C10
In clock cycle: 97284
Register Write to Reg: 0x01 Val: 0x0000003C
In clock cycle: 97285
Register Write to Reg: 0x02 Val: 0x00000078
In clock cycle: 97286
Register Write to Reg: 0x01 Val: 0xFFFFD378
In clock cycle: 97287
Register Write to Reg: 0x03 Val: 0xFFFFFFC4
In clock cycle: 97288
Register Write to Reg: 0x04 Val: 0xFFFFFF88
In clock cycle: 97289
Register Write to Reg: 0x03 Val: 0x00002C88
In clock cycle: 98308
Register Write to Reg: 0x01 Val: 0x0000003C
In clock cycle: 98309
Register Write to Reg: 0x02 Val: 0x00000078
In clock cycle: 98310
Register Write to Reg: 0x01 Val: 0xFFFFD300
In clock cycle: 98311
Register Write to Reg: 0x03 Val: 0xFFFFFFC4
In clock cycle: 98312
Register Write to Reg: 0x04 Val: 0xFFFFFF88
In clock cycle: 98313
Register Write to Reg: 0x03 Val: 0x00002D00
In clock cycle: 99332
Register Write to Reg: 0x01 Val: 0x0000003C
In clock cycle: 99333
Register Write to Reg: 0x02 Val: 0x00000078
In clock cycle: 99334
Register Write to Reg: 0x01 Val: 0xFFFFD288
In clock cycle: 99335
Register Write to Reg: 0x03 Val: 0xFFFFFFC4
In clock cycle: 99336
Register Write to Reg: 0x04 Val: 0xFFFFFF88
In clock cycle: 99337
Register Write to Reg: 0x03 Val: 0x00002D78
In clock cycle: 100356
Register Write to Reg: 0x01 Val: 0x0000003C
In clock cycle: 100357
Register Write to Reg: 0x02 Val: 0x00000078
In clock cycle: 100358
Register Write to Reg: 0x01 Val: 0xFFFFD210
In clock cycle: 100359
Register Write to Reg: 0x03 Val: 0xFFFFFFC4
In clock cycle: 100360
Register Write to Reg: 0x04 Val: 0xFFFFFF88
In clock cycle: 100361
Register Write to Reg: 0x03 Val: 0x00002DF0
In clock cycle: 101380
Register Write to Reg: 0x01 Val: 0x0000003C
In clock cycle: 101381
Register Write to Reg: 0x02 Val: 0x00000078
In clock cycle: 101382
Register Write to Reg: 0x01 Val: 0xFFFFD198
In clock cycle: 101383
Register Write to Reg: 0x03 Val: 0xFFFFFFC4
In clock cycle: 101384
Register Write to Reg: 0x04 Val: 0xFFFFFF88
In clock cycle: 101385
Register Write to Reg: 0x03 Val: 0x00002E68
In clock cycle: 102404
Register Write to Reg: 0x01 Val: 0x0000003C
In clock cycle: 102405
Register Write to Reg: 0x02 Val: 0x00000078
In clock cycle: 102406
Register Write to Reg: 0x01 Val: 0xFFFFD120
In clock cycle: 102407
Register Write to Reg: 0x03 Val: 0xFFFFFFC4
In clock cycle: 102408
Register Write to Reg: 0x04 Val: 0xFFFFFF88
In clock cycle: 102409
Register Write to Reg: 0x03 Val: 0x00002EE0
In clock cycle: 103428
Register Write to Reg: 0x01 Val: 0x0000003C
In clock cycle: 103429
Register Write to Reg: 0x02 Val: 0x00000078
In clock cycle: 103430
Register Write to Reg: 0x01 Val: 0xFFFFD0A8
In clock cycle: 103431
Register Write to Reg: 0x03 Val: 0xFFFFFFC4
In clock cycle: 103432
Register Write to Reg: 0x04 Val: 0xFFFFFF88
In clock cycle: 103433
Register Write to Reg: 0x03 Val: 0x00002F58
In clock cycle: 104452
Register Write to Reg: 0x01 Val: 0x0000003C
In clock cycle: 104453
Register Write to Reg: 0x02 Val: 0x00000078
In clock cycle: 104454
Register Write to Reg: 0x01 Val: 0xFFFFD030
In clock cycle: 104455
Register Write to Reg: 0x03 Val: 0xFFFFFFC4
In clock cycle: 104456
Register Write to Reg: 0x04 Val: 0xFFFFFF88
In clock cycle: 104457
Register Write to Reg: 0x03 Val: 0x00002FD0
In clock cycle: 105476
Register Write to Reg: 0x01 Val: 0x0000003C
In clock cycle: 105477
Register Write to Reg: 0x02 Val: 0x00000078
In clock cycle: 105478
Register Write to Reg: 0x01 Val: 0xFFFFCFB8
In clock cycle: 105479
Register Write to Reg: 0x03 Val: 0xFFFFFFC4
In clock cycle: 105480
Register Write to Reg: 0x04 Val: 0xFFFFFF88
In clock cycle: 105481
Register Write to Reg: 0x03 Val: 0x00003048
In clock cycle: 106500
Register Write to Reg: 0x01 Val: 0x0000003C
In clock cycle: 106501
Register Write to Reg: 0x02 Val: 0x00000078
In clock cycle: 106502
Register Write to Reg: 0x01 Val: 0xFFFFCF40
In clock cycle: 106503
Register Write to Reg: 0x03 Val: 0xFFFFFFC4
In clock cycle: 106504
Register Write to Reg: 0x04 Val: 0xFFFFFF88
In clock cycle: 106505
Register Write to Reg: 0x03 Val: 0x000030C0
In clock cycle: 107524
Register Write to Reg: 0x01 Val: 0x0000003C
In clock cycle: 107525
Register Write to Reg: 0x02 Val: 0x00000078
In clock cycle: 107526
Register Write to Reg: 0x01 Val: 0xFFFFCEC8
In clock cycle: 107527
Register Write to Reg: 0x03 Val: 0xFFFFFFC4
In clock cycle: 107528
Register Write to Reg: 0x04 Val: 0xFFFFFF88
In clock cycle: 107529
Register Write to Reg: 0x03 Val: 0x00003138
In clock cycle: 108548
Register Write to Reg: 0x01 Val: 0x0000003C
In clock cycle: 108549
Register Write to Reg: 0x02 Val: 0x00000078
In clock cycle: 108550
Register Write to Reg: 0x01 Val: 0xFFFFCE50
In clock cycle: 108551
Register Write to Reg: 0x03 Val: 0xFFFFFFC4
In clock cycle: 108552
Register Write to Reg: 0x04 Val: 0xFFFFFF88
In clock cycle: 108553
Register Write to Reg: 0x03 Val: 0x000031B0
In clock cycle: 109572
Register Write to Reg: 0x01 Val: 0x0000003C
In clock cycle: 109573
Register Write to Reg: 0x02 Val: 0x00000078
In clock cycle: 109574
Register Write to Reg: 0x01 Val: 0xFFFFCDD8
In clock cycle: 109575
Register Write to Reg: 0x03 Val: 0xFFFFFFC4
In clock cycle: 109576
Register Write to Reg: 0x04 Val: 0xFFFFFF88
In clock cycle: 109577
Register Write to Reg: 0x03 Val: 0x00003228
In clock cycle: 110596
Register Write to Reg: 0x01 Val: 0x0000003C
In clock cycle: 110597
Register Write to Reg: 0x02 Val: 0x00000078
In clock cycle: 110598
Register Write to Reg: 0x01 Val: 0xFFFFCD60
In clock cycle: 110599
Register Write to Reg: 0x03 Val: 0xFFFFFFC4
In clock cycle: 110600
Register Write to Reg: 0x04 Val: 0xFFFFFF88
In clock cycle: 110601
Register Write to Reg: 0x03 Val: 0x000032A0
In clock cycle: 111620
Register Write to Reg: 0x01 Val: 0x0000003C
In clock cycle: 111621
Register Write to Reg: 0x02 Val: 0x00000078
In clock cycle: 111622
Register Write to Reg: 0x01 Val: 0xFFFFCCE8
In clock cycle: 111623
Register Write to Reg: 0x03 Val: 0xFFFFFFC4
In clock cycle: 111624
Register Write to Reg: 0x04 Val: 0xFFFFFF88
In clock cycle: 111625
Register Write to Reg: 0x03 Val: 0x00003318
In clock cycle: 112644
Register Write to Reg: 0x01 Val: 0x0000003C
In clock cycle: 112645
Register Write to Reg: 0x02 Val: 0x00000078
In clock cycle: 112646
Register Write to Reg: 0x01 Val: 0xFFFFCC70
In clock cycle: 112647
Register Write to Reg: 0x03 Val: 0xFFFFFFC4
In clock cycle: 112648
Register Write to Reg: 0x04 Val: 0xFFFFFF88
In clock cycle: 112649
Register Write to Reg: 0x03 Val: 0x00003390
In clock cycle: 113668
Register Write to Reg: 0x01 Val: 0x0000003C
In clock cycle: 113669
Register Write to Reg: 0x02 Val: 0x00000078
In clock cycle: 113670
Register Write to Reg: 0x01 Val: 0xFFFFCBF8
In clock cycle: 113671
Register Write to Reg: 0x03 Val: 0xFFFFFFC4
In clock cycle: 113672
Register Write to Reg: 0x04 Val: 0xFFFFFF88
In clock cycle: 113673
Register Write to Reg: 0x03 Val: 0x00003408
In clock cycle: 114692
Register Write to Reg: 0x01 Val: 0x0000003C
In clock cycle: 114693
Register Write to Reg: 0x02 Val: 0x00000078
In clock cycle: 114694
Register Write to Reg: 0x01 Val: 0xFFFFCB80
In clock cycle: 114695
Register Write to Reg: 0x03 Val: 0xFFFFFFC4
In clock cycle: 114696
Register Write to Reg: 0x04 Val: 0xFFFFFF88
In clock cycle: 114697
Register Write to Reg: 0x03 Val: 0x00003480
In clock cycle: 115716
Register Write to Reg: 0x01 Val: 0x0000003C
In clock cycle: 115717
Register Write to Reg: 0x02 Val: 0x00000078
In clock cycle: 115718
Register Write to Reg: 0x01 Val: 0xFFFFCB08
In clock cycle: 115719
Register Write to Reg: 0x03 Val: 0xFFFFFFC4
In clock cycle: 115720
Register Write to Reg: 0x04 Val: 0xFFFFFF88
In clock cycle: 115721
Register Write to Reg: 0x03 Val: 0x000034F8
In clock cycle: 116740
Register Write to Reg: 0x01 Val: 0x0000003C
In clock cycle: 116741
Register Write to Reg: 0x02 Val: 0x00000078
In clock cycle: 116742
Register Write to Reg: 0x01 Val: 0xFFFFCA90
In clock cycle: 116743
Register Write to Reg: 0x03 Val: 0xFFFFFFC4
In clock cycle: 116744
Register Write to Reg: 0x04 Val: 0xFFFFFF88
In clock cycle: 116745
Register Write to Reg: 0x03 Val: 0x00003570
In clock cycle: 117764
Register Write to Reg: 0x01 Val: 0x0000003C
In clock cycle: 117765
Register Write to Reg: 0x02 Val: 0x00000078
In clock cycle: 117766
Register Write to Reg: 0x01 Val: 0xFFFFCA18
In clock cycle: 117767
Register Write to Reg: 0x03 Val: 0xFFFFFFC4
In clock cycle: 117768
Register Write to Reg: 0x04 Val: 0xFFFFFF88
In clock cycle: 117769
Register Write to Reg: 0x03 Val: 0x000035E8
In clock cycle: 118788
Register Write to Reg: 0x01 Val: 0x0000003C
In clock cycle: 118789
Register Write to Reg: 0x02 Val: 0x00000078
In clock cycle: 118790
Register Write to Reg: 0x01 Val: 0xFFFFC9A0
In clock cycle: 118791
Register Write to Reg: 0x03 Val: 0xFFFFFFC4
In clock cycle: 118792
Register Write to Reg: 0x04 Val: 0xFFFFFF88
In clock cycle: 118793
Register Write to Reg: 0x03 Val: 0x00003660
In clock cycle: 119812
Register Write to Reg: 0x01 Val: 0x0000003C
In clock cycle: 119813
Register Write to Reg: 0x02 Val: 0x00000078
In clock cycle: 119814
Register Write to Reg: 0x01 Val: 0xFFFFC928
In clock cycle: 119815
Register Write to Reg: 0x03 Val: 0xFFFFFFC4
In clock cycle: 119816
Register Write to Reg: 0x04 Val: 0xFFFFFF88
In clock cycle: 119817
Register Write to Reg: 0x03 Val: 0x000036D8
In clock cycle: 120836
Register Write to Reg: 0x01 Val: 0x0000003C
In clock cycle: 120837
Register Write to Reg: 0x02 Val: 0x00000078
In clock cycle: 120838
Register Write to Reg: 0x01 Val: 0xFFFFC8B0
In clock cycle: 120839
Register Write to Reg: 0x03 Val: 0xFFFFFFC4
In clock cycle: 120840
Register Write to Reg: 0x04 Val: 0xFFFFFF88
In clock cycle: 120841
Register Write to Reg: 0x03 Val: 0x00003750
In clock cycle: 121860
Register Write to Reg: 0x01 Val: 0x0000003C
In clock cycle: 121861
Register Write to Reg: 0x02 Val: 0x00000078
In clock cycle: 121862
Register Write to Reg: 0x01 Val: 0xFFFFC838
In clock cycle: 121863
Register Write to Reg: 0x03 Val: 0xFFFFFFC4
In clock cycle: 121864
Register Write to Reg: 0x04 Val: 0xFFFFFF88
In clock cycle: 121865
Register Write to Reg: 0x03 Val: 0x000037C8
In clock cycle: 122884
Register Write to Reg: 0x01 Val: 0x0000003C
In clock cycle: 122885
Register Write to Reg: 0x02 Val: 0x00000078
In clock cycle: 122886
Register Write to Reg: 0x01 Val: 0xFFFFC7C0
In clock cycle: 122887
Register Write to Reg: 0x03 Val: 0xFFFFFFC4
In clock cycle: 122888
Register Write to Reg: 0x04 Val: 0xFFFFFF88
In clock cycle: 122889
Register Write to Reg: 0x03 Val: 0x00003840
In clock cycle: 123908
Register Write to Reg: 0x01 Val: 0x0000003C
In clock cycle: 123909
Register Write to Reg: 0x02 Val: 0x00000078
In clock cycle: 123910
Register Write to Reg: 0x01 Val: 0xFFFFC748
In clock cycle: 123911
Register Write to Reg: 0x03 Val: 0xFFFFFFC4
In clock cycle: 123912
Register Write to Reg: 0x04 Val: 0xFFFFFF88
In clock cycle: 123913
Register Write to Reg: 0x03 Val: 0x000038B8
In clock cycle: 124932
Register Write to Reg: 0x01 Val: 0x0000003C
In clock cycle: 124933
Register Write to Reg: 0x02 Val: 0x00000078
In clock cycle: 124934
Register Write to Reg: 0x01 Val: 0xFFFFC6D0
In clock cycle: 124935
Register Write to Reg: 0x03 Val: 0xFFFFFFC4
In clock cycle: 124936
Register Write to Reg: 0x04 Val: 0xFFFFFF88
In clock cycle: 124937
Register Write to Reg: 0x03 Val: 0x00003930
In clock cycle: 125956
Register Write to Reg: 0x01 Val: 0x0000003C
In clock cycle: 125957
Register Write to Reg: 0x02 Val: 0x00000078
In clock cycle: 125958
Register Write to Reg: 0x01 Val: 0xFFFFC658
In clock cycle: 125959
Register Write to Reg: 0x03 Val: 0xFFFFFFC4
In clock cycle: 125960
Register Write to Reg: 0x04 Val: 0xFFFFFF88
In clock cycle: 125961
Register Write to Reg: 0x03 Val: 0x000039A8
In clock cycle: 126980
Register Write to Reg: 0x01 Val: 0x0000003C
In clock cycle: 126981
Register Write to Reg: 0x02 Val: 0x00000078
In clock cycle: 126982
Register Write to Reg: 0x01 Val: 0xFFFFC5E0
In clock cycle: 126983
Register Write to Reg: 0x03 Val: 0xFFFFFFC4
In clock cycle: 126984
Register Write to Reg: 0x04 Val: 0xFFFFFF88
In clock cycle: 126985
Register Write to Reg: 0x03 Val: 0x00003A20
In clock cycle: 128004
Register Write to Reg: 0x01 Val: 0x0000003C
In clock cycle: 128005
Register Write to Reg: 0x02 Val: 0x00000078
In clock cycle: 128006
Register Write to Reg: 0x01 Val: 0xFFFFC568
In clock cycle: 128007
Register Write to Reg: 0x03 Val: 0xFFFFFFC4
In clock cycle: 128008
Register Write to Reg: 0x04 Val: 0xFFFFFF88
In clock cycle: 128009
Register Write to Reg: 0x03 Val: 0x00003A98
In clock cycle: 129028
Register Write to Reg: 0x01 Val: 0x0000003C
In clock cycle: 129029
Register Write to Reg: 0x02 Val: 0x00000078
In clock cycle: 129030
Register Write to Reg: 0x01 Val: 0xFFFFC4F0
In clock cycle: 129031
Register Write to Reg: 0x03 Val: 0xFFFFFFC4
In clock cycle: 129032
Register Write to Reg: 0x04 Val: 0xFFFFFF88
In clock cycle: 129033
Register Write to Reg: 0x03 Val: 0x00003B10
In clock cycle: 130052
Register Write to Reg: 0x01 Val: 0x0000003C
In clock cycle: 130053
Register Write to Reg: 0x02 Val: 0x00000078
In clock cycle: 130054
Register Write to Reg: 0x01 Val: 0xFFFFC478
In clock cycle: 130055
Register Write to Reg: 0x03 Val: 0xFFFFFFC4
In clock cycle: 130056
Register Write to Reg: 0x04 Val: 0xFFFFFF88
In clock cycle: 130057
Register Write to Reg: 0x03 Val: 0x00003B88
In clock cycle: 131076
Register Write to Reg: 0x01 Val: 0x0000003C
In clock cycle: 131077
Register Write to Reg: 0x02 Val: 0x00000078
In clock cycle: 131078
Register Write to Reg: 0x01 Val: 0xFFFFC400
In clock cycle: 131079
Register Write to Reg: 0x03 Val: 0xFFFFFFC4
In clock cycle: 131080
Register Write to Reg: 0x04 Val: 0xFFFFFF88
In clock cycle: 131081
Register Write to Reg: 0x03 Val: 0x00003C00
In clock cycle: 132100
Register Write to Reg: 0x01 Val: 0x0000003C
In clock cycle: 132101
Register Write to Reg: 0x02 Val: 0x00000078
In clock cycle: 132102
Register Write to Reg: 0x01 Val: 0xFFFFC388
In clock cycle: 132103
Register Write to Reg: 0x03 Val: 0xFFFFFFC4
In clock cycle: 132104
Register Write to Reg: 0x04 Val: 0xFFFFFF88
In clock cycle: 132105
Register Write to Reg: 0x03 Val: 0x00003C78
In clock cycle: 133124
Register Write to Reg: 0x01 Val: 0x0000003C
In clock cycle: 133125
Register Write to Reg: 0x02 Val: 0x00000078
In clock cycle: 133126
Register Write to Reg: 0x01 Val: 0xFFFFC310
In clock cycle: 133127
Register Write to Reg: 0x03 Val: 0xFFFFFFC4
In clock cycle: 133128
Register Write to Reg: 0x04 Val: 0xFFFFFF88
In clock cycle: 133129
Register Write to Reg: 0x03 Val: 0x00003CF0
In clock cycle: 134148
Register Write to Reg: 0x01 Val: 0x0000003C
In clock cycle: 134149
Register Write to Reg: 0x02 Val: 0x00000078
In clock cycle: 134150
Register Write to Reg: 0x01 Val: 0xFFFFC298
In clock cycle: 134151
Register Write to Reg: 0x03 Val: 0xFFFFFFC4
In clock cycle: 134152
Register Write to Reg: 0x04 Val: 0xFFFFFF88
In clock cycle: 134153
Register Write to Reg: 0x03 Val: 0x00003D68
In clock cycle: 135172
Register Write to Reg: 0x01 Val: 0x0000003C
In clock cycle: 135173
Register Write to Reg: 0x02 Val: 0x00000078
In clock cycle: 135174
Register Write to Reg: 0x01 Val: 0xFFFFC220
In clock cycle: 135175
Register Write to Reg: 0x03 Val: 0xFFFFFFC4
In clock cycle: 135176
Register Write to Reg: 0x04 Val: 0xFFFFFF88
In clock cycle: 135177
Register Write to Reg: 0x03 Val: 0x00003DE0
In clock cycle: 136196
Register Write to Reg: 0x01 Val: 0x0000003C
In clock cycle: 136197
Register Write to Reg: 0x02 Val: 0x00000078
In clock cycle: 136198
Register Write to Reg: 0x01 Val: 0xFFFFC1A8
In clock cycle: 136199
Register Write to Reg: 0x03 Val: 0xFFFFFFC4
In clock cycle: 136200
Register Write to Reg: 0x04 Val: 0xFFFFFF88
In clock cycle: 136201
Register Write to Reg: 0x03 Val: 0x00003E58
In clock cycle: 137220
Register Write to Reg: 0x01 Val: 0x0000003C
In clock cycle: 137221
Register Write to Reg: 0x02 Val: 0x00000078
In clock cycle: 137222
Register Write to Reg: 0x01 Val: 0xFFFFC130
In clock cycle: 137223
Register Write to Reg: 0x03 Val: 0xFFFFFFC4
In clock cycle: 137224
Register Write to Reg: 0x04 Val: 0xFFFFFF88
In clock cycle: 137225
Register Write to Reg: 0x03 Val: 0x00003ED0
In clock cycle: 138244
Register Write to Reg: 0x01 Val: 0x0000003C
In clock cycle: 138245
Register Write to Reg: 0x02 Val: 0x00000078
In clock cycle: 138246
Register Write to Reg: 0x01 Val: 0xFFFFC0B8
In clock cycle: 138247
Register Write to Reg: 0x03 Val: 0xFFFFFFC4
In clock cycle: 138248
Register Write to Reg: 0x04 Val: 0xFFFFFF88
In clock cycle: 138249
Register Write to Reg: 0x03 Val: 0x00003F48
In clock cycle: 139268
Register Write to Reg: 0x01 Val: 0x0000003C
In clock cycle: 139269
Register Write to Reg: 0x02 Val: 0x00000078
In clock cycle: 139270
Register Write to Reg: 0x01 Val: 0xFFFFC040
In clock cycle: 139271
Register Write to Reg: 0x03 Val: 0xFFFFFFC4
In clock cycle: 139272
Register Write to Reg: 0x04 Val: 0xFFFFFF88
In clock cycle: 139273
Register Write to Reg: 0x03 Val: 0x00003FC0
In clock cycle: 140292
Register Write to Reg: 0x01 Val: 0x0000003C
In clock cycle: 140293
Register Write to Reg: 0x02 Val: 0x00000078
In clock cycle: 140294
Register Write to Reg: 0x01 Val: 0xFFFFBFC8
In clock cycle: 140295
Register Write to Reg: 0x03 Val: 0xFFFFFFC4
In clock cycle: 140296
Register Write to Reg: 0x04 Val: 0xFFFFFF88
In clock cycle: 140297
Register Write to Reg: 0x03 Val: 0x00004038
In clock cycle: 141316
Register Write to Reg: 0x01 Val: 0x0000003C
In clock cycle: 141317
Register Write to Reg: 0x02 Val: 0x00000078
In clock cycle: 141318
Register Write to Reg: 0x01 Val: 0xFFFFBF50
In clock cycle: 141319
Register Write to Reg: 0x03 Val: 0xFFFFFFC4
In clock cycle: 141320
Register Write to Reg: 0x04 Val: 0xFFFFFF88
In clock cycle: 141321
Register Write to Reg: 0x03 Val: 0x000040B0
In clock cycle: 142340
Register Write to Reg: 0x01 Val: 0x0000003C
In clock cycle: 142341
Register Write to Reg: 0x02 Val: 0x00000078
In clock cycle: 142342
Register Write to Reg: 0x01 Val: 0xFFFFBED8
In clock cycle: 142343
Register Write to Reg: 0x03 Val: 0xFFFFFFC4
In clock cycle: 142344
Register Write to Reg: 0x04 Val: 0xFFFFFF88
In clock cycle: 142345
Register Write to Reg: 0x03 Val: 0x00004128
In clock cycle: 143364
Register Write to Reg: 0x01 Val: 0x0000003C
In clock cycle: 143365
Register Write to Reg: 0x02 Val: 0x00000078
In clock cycle: 143366
Register Write to Reg: 0x01 Val: 0xFFFFBE60
In clock cycle: 143367
Register Write to Reg: 0x03 Val: 0xFFFFFFC4
In clock cycle: 143368
Register Write to Reg: 0x04 Val: 0xFFFFFF88
In clock cycle: 143369
Register Write to Reg: 0x03 Val: 0x000041A0
In clock cycle: 144388
Register Write to Reg: 0x01 Val: 0x0000003C
In clock cycle: 144389
Register Write to Reg: 0x02 Val: 0x00000078
In clock cycle: 144390
Register Write to Reg: 0x01 Val: 0xFFFFBDE8
In clock cycle: 144391
Register Write to Reg: 0x03 Val: 0xFFFFFFC4
In clock cycle: 144392
Register Write to Reg: 0x04 Val: 0xFFFFFF88
In clock cycle: 144393
Register Write to Reg: 0x03 Val: 0x00004218
In clock cycle: 145412
Register Write to Reg: 0x01 Val: 0x0000003C
In clock cycle: 145413
Register Write to Reg: 0x02 Val: 0x00000078
In clock cycle: 145414
Register Write to Reg: 0x01 Val: 0xFFFFBD70
In clock cycle: 145415
Register Write to Reg: 0x03 Val: 0xFFFFFFC4
In clock cycle: 145416
Register Write to Reg: 0x04 Val: 0xFFFFFF88
In clock cycle: 145417
Register Write to Reg: 0x03 Val: 0x00004290
In clock cycle: 146436
Register Write to Reg: 0x01 Val: 0x0000003C
In clock cycle: 146437
Register Write to Reg: 0x02 Val: 0x00000078
In clock cycle: 146438
Register Write to Reg: 0x01 Val: 0xFFFFBCF8
In clock cycle: 146439
Register Write to Reg: 0x03 Val: 0xFFFFFFC4
In clock cycle: 146440
Register Write to Reg: 0x04 Val: 0xFFFFFF88
In clock cycle: 146441
Register Write to Reg: 0x03 Val: 0x00004308
In clock cycle: 147460
Register Write to Reg: 0x01 Val: 0x0000003C
In clock cycle: 147461
Register Write to Reg: 0x02 Val: 0x00000078
In clock cycle: 147462
Register Write to Reg: 0x01 Val: 0xFFFFBC80
In clock cycle: 147463
Register Write to Reg: 0x03 Val: 0xFFFFFFC4
In clock cycle: 147464
Register Write to Reg: 0x04 Val: 0xFFFFFF88
In clock cycle: 147465
Register Write to Reg: 0x03 Val: 0x00004380
In clock cycle: 148484
Register Write to Reg: 0x01 Val: 0x0000003C
In clock cycle: 148485
Register Write to Reg: 0x02 Val: 0x00000078
In clock cycle: 148486
Register Write to Reg: 0x01 Val: 0xFFFFBC08
In clock cycle: 148487
Register Write to Reg: 0x03 Val: 0xFFFFFFC4
In clock cycle: 148488
Register Write to Reg: 0x04 Val: 0xFFFFFF88
In clock cycle: 148489
Register Write to Reg: 0x03 Val: 0x000043F8
In clock cycle: 149508
Register Write to Reg: 0x01 Val: 0x0000003C
In clock cycle: 149509
Register Write to Reg: 0x02 Val: 0x00000078
In clock cycle: 149510
Register Write to Reg: 0x01 Val: 0xFFFFBB90
In clock cycle: 149511
Register Write to Reg: 0x03 Val: 0xFFFFFFC4
In clock cycle: 149512
Register Write to Reg: 0x04 Val: 0xFFFFFF88
In clock cycle: 149513
Register Write to Reg: 0x03 Val: 0x00004470
In clock cycle: 150532
Register Write to Reg: 0x01 Val: 0x0000003C
In clock cycle: 150533
Register Write to Reg: 0x02 Val: 0x00000078
In clock cycle: 150534
Register Write to Reg: 0x01 Val: 0xFFFFBB18
In clock cycle: 150535
Register Write to Reg: 0x03 Val: 0xFFFFFFC4
In clock cycle: 150536
Register Write to Reg: 0x04 Val: 0xFFFFFF88
In clock cycle: 150537
Register Write to Reg: 0x03 Val: 0x000044E8
In clock cycle: 151556
Register Write to Reg: 0x01 Val: 0x0000003C
In clock cycle: 151557
Register Write to Reg: 0x02 Val: 0x00000078
In clock cycle: 151558
Register Write to Reg: 0x01 Val: 0xFFFFBAA0
In clock cycle: 151559
Register Write to Reg: 0x03 Val: 0xFFFFFFC4
In clock cycle: 151560
Register Write to Reg: 0x04 Val: 0xFFFFFF88
In clock cycle: 151561
Register Write to Reg: 0x03 Val: 0x00004560
In clock cycle: 152580
Register Write to Reg: 0x01 Val: 0x0000003C
In clock cycle: 152581
Register Write to Reg: 0x02 Val: 0x00000078
In clock cycle: 152582
Register Write to Reg: 0x01 Val: 0xFFFFBA28
In clock cycle: 152583
Register Write to Reg: 0x03 Val: 0xFFFFFFC4
In clock cycle: 152584
Register Write to Reg: 0x04 Val: 0xFFFFFF88
In clock cycle: 152585
Register Write to Reg: 0x03 Val: 0x000045D8
In clock cycle: 153604
Register Write to Reg: 0x01 Val: 0x0000003C
In clock cycle: 153605
Register Write to Reg: 0x02 Val: 0x00000078
In clock cycle: 153606
Register Write to Reg: 0x01 Val: 0xFFFFB9B0
In clock cycle: 153607
Register Write to Reg: 0x03 Val: 0xFFFFFFC4
In clock cycle: 153608
Register Write to Reg: 0x04 Val: 0xFFFFFF88
In clock cycle: 153609
Register Write to Reg: 0x03 Val: 0x00004650
In clock cycle: 154628
Register Write to Reg: 0x01 Val: 0x0000003C
In clock cycle: 154629
Register Write to Reg: 0x02 Val: 0x00000078
In clock cycle: 154630
Register Write to Reg: 0x01 Val: 0xFFFFB938
In clock cycle: 154631
Register Write to Reg: 0x03 Val: 0xFFFFFFC4
In clock cycle: 154632
Register Write to Reg: 0x04 Val: 0xFFFFFF88
In clock cycle: 154633
Register Write to Reg: 0x03 Val: 0x000046C8
In clock cycle: 155652
Register Write to Reg: 0x01 Val: 0x0000003C
In clock cycle: 155653
Register Write to Reg: 0x02 Val: 0x00000078
In clock cycle: 155654
Register Write to Reg: 0x01 Val: 0xFFFFB8C0
In clock cycle: 155655
Register Write to Reg: 0x03 Val: 0xFFFFFFC4
In clock cycle: 155656
Register Write to Reg: 0x04 Val: 0xFFFFFF88
In clock cycle: 155657
Register Write to Reg: 0x03 Val: 0x00004740
In clock cycle: 156676
Register Write to Reg: 0x01 Val: 0x0000003C
In clock cycle: 156677
Register Write to Reg: 0x02 Val: 0x00000078
In clock cycle: 156678
Register Write to Reg: 0x01 Val: 0xFFFFB848
In clock cycle: 156679
Register Write to Reg: 0x03 Val: 0xFFFFFFC4
In clock cycle: 156680
Register Write to Reg: 0x04 Val: 0xFFFFFF88
In clock cycle: 156681
Register Write to Reg: 0x03 Val: 0x000047B8
In clock cycle: 157700
Register Write to Reg: 0x01 Val: 0x0000003C
In clock cycle: 157701
Register Write to Reg: 0x02 Val: 0x00000078
In clock cycle: 157702
Register Write to Reg: 0x01 Val: 0xFFFFB7D0
In clock cycle: 157703
Register Write to Reg: 0x03 Val: 0xFFFFFFC4
In clock cycle: 157704
Register Write to Reg: 0x04 Val: 0xFFFFFF88
In clock cycle: 157705
Register Write to Reg: 0x03 Val: 0x00004830
In clock cycle: 158724
Register Write to Reg: 0x01 Val: 0x0000003C
In clock cycle: 158725
Register Write to Reg: 0x02 Val: 0x00000078
In clock cycle: 158726
Register Write to Reg: 0x01 Val: 0xFFFFB758
In clock cycle: 158727
Register Write to Reg: 0x03 Val: 0xFFFFFFC4
In clock cycle: 158728
Register Write to Reg: 0x04 Val: 0xFFFFFF88
In clock cycle: 158729
Register Write to Reg: 0x03 Val: 0x000048A8
In clock cycle: 159748
Register Write to Reg: 0x01 Val: 0x0000003C
In clock cycle: 159749
Register Write to Reg: 0x02 Val: 0x00000078
In clock cycle: 159750
Register Write to Reg: 0x01 Val: 0xFFFFB6E0
In clock cycle: 159751
Register Write to Reg: 0x03 Val: 0xFFFFFFC4
In clock cycle: 159752
Register Write to Reg: 0x04 Val: 0xFFFFFF88
In clock cycle: 159753
Register Write to Reg: 0x03 Val: 0x00004920
In clock cycle: 160772
Register Write to Reg: 0x01 Val: 0x0000003C
In clock cycle: 160773
Register Write to Reg: 0x02 Val: 0x00000078
In clock cycle: 160774
Register Write to Reg: 0x01 Val: 0xFFFFB668
In clock cycle: 160775
Register Write to Reg: 0x03 Val: 0xFFFFFFC4
In clock cycle: 160776
Register Write to Reg: 0x04 Val: 0xFFFFFF88
In clock cycle: 160777
Register Write to Reg: 0x03 Val: 0x00004998
In clock cycle: 161796
Register Write to Reg: 0x01 Val: 0x0000003C
In clock cycle: 161797
Register Write to Reg: 0x02 Val: 0x00000078
In clock cycle: 161798
Register Write to Reg: 0x01 Val: 0xFFFFB5F0
In clock cycle: 161799
Register Write to Reg: 0x03 Val: 0xFFFFFFC4
In clock cycle: 161800
Register Write to Reg: 0x04 Val: 0xFFFFFF88
In clock cycle: 161801
Register Write to Reg: 0x03 Val: 0x00004A10
In clock cycle: 162820
Register Write to Reg: 0x01 Val: 0x0000003C
In clock cycle: 162821
Register Write to Reg: 0x02 Val: 0x00000078
In clock cycle: 162822
Register Write to Reg: 0x01 Val: 0xFFFFB578
In clock cycle: 162823
Register Write to Reg: 0x03 Val: 0xFFFFFFC4
In clock cycle: 162824
Register Write to Reg: 0x04 Val: 0xFFFFFF88
In clock cycle: 162825
Register Write to Reg: 0x03 Val: 0x00004A88
In clock cycle: 163844
Register Write to Reg: 0x01 Val: 0x0000003C
In clock cycle: 163845
Register Write to Reg: 0x02 Val: 0x00000078
In clock cycle: 163846
Register Write to Reg: 0x01 Val: 0xFFFFB500
In clock cycle: 163847
Register Write to Reg: 0x03 Val: 0xFFFFFFC4
In clock cycle: 163848
Register Write to Reg: 0x04 Val: 0xFFFFFF88
In clock cycle: 163849
Register Write to Reg: 0x03 Val: 0x00004B00
In clock cycle: 164868
Register Write to Reg: 0x01 Val: 0x0000003C
In clock cycle: 164869
Register Write to Reg: 0x02 Val: 0x00000078
In clock cycle: 164870
Register Write to Reg: 0x01 Val: 0xFFFFB488
In clock cycle: 164871
Register Write to Reg: 0x03 Val: 0xFFFFFFC4
In clock cycle: 164872
Register Write to Reg: 0x04 Val: 0xFFFFFF88
In clock cycle: 164873
Register Write to Reg: 0x03 Val: 0x00004B78
In clock cycle: 165892
Register Write to Reg: 0x01 Val: 0x0000003C
In clock cycle: 165893
Register Write to Reg: 0x02 Val: 0x00000078
In clock cycle: 165894
Register Write to Reg: 0x01 Val: 0xFFFFB410
In clock cycle: 165895
Register Write to Reg: 0x03 Val: 0xFFFFFFC4
In clock cycle: 165896
Register Write to Reg: 0x04 Val: 0xFFFFFF88
In clock cycle: 165897
Register Write to Reg: 0x03 Val: 0x00004BF0
In clock cycle: 166916
Register Write to Reg: 0x01 Val: 0x0000003C
In clock cycle: 166917
Register Write to Reg: 0x02 Val: 0x00000078
In clock cycle: 166918
Register Write to Reg: 0x01 Val: 0xFFFFB398
In clock cycle: 166919
Register Write to Reg: 0x03 Val: 0xFFFFFFC4
In clock cycle: 166920
Register Write to Reg: 0x04 Val: 0xFFFFFF88
In clock cycle: 166921
Register Write to Reg: 0x03 Val: 0x00004C68
In clock cycle: 167940
Register Write to Reg: 0x01 Val: 0x0000003C
In clock cycle: 167941
Register Write to Reg: 0x02 Val: 0x00000078
In clock cycle: 167942
Register Write to Reg: 0x01 Val: 0xFFFFB320
In clock cycle: 167943
Register Write to Reg: 0x03 Val: 0xFFFFFFC4
In clock cycle: 167944
Register Write to Reg: 0x04 Val: 0xFFFFFF88
In clock cycle: 167945
Register Write to Reg: 0x03 Val: 0x00004CE0
In clock cycle: 168964
Register Write to Reg: 0x01 Val: 0x0000003C
In clock cycle: 168965
Register Write to Reg: 0x02 Val: 0x00000078
In clock cycle: 168966
Register Write to Reg: 0x01 Val: 0xFFFFB2A8
In clock cycle: 168967
Register Write to Reg: 0x03 Val: 0xFFFFFFC4
In clock cycle: 168968
Register Write to Reg: 0x04 Val: 0xFFFFFF88
In clock cycle: 168969
Register Write to Reg: 0x03 Val: 0x00004D58
In clock cycle: 169988
Register Write to Reg: 0x01 Val: 0x0000003C
In clock cycle: 169989
Register Write to Reg: 0x02 Val: 0x00000078
In clock cycle: 169990
Register Write to Reg: 0x01 Val: 0xFFFFB230
In clock cycle: 169991
Register Write to Reg: 0x03 Val: 0xFFFFFFC4
In clock cycle: 169992
Register Write to Reg: 0x04 Val: 0xFFFFFF88
In clock cycle: 169993
Register Write to Reg: 0x03 Val: 0x00004DD0
In clock cycle: 171012
Register Write to Reg: 0x01 Val: 0x0000003C
In clock cycle: 171013
Register Write to Reg: 0x02 Val: 0x00000078
In clock cycle: 171014
Register Write to Reg: 0x01 Val: 0xFFFFB1B8
In clock cycle: 171015
Register Write to Reg: 0x03 Val: 0xFFFFFFC4
In clock cycle: 171016
Register Write to Reg: 0x04 Val: 0xFFFFFF88
In clock cycle: 171017
Register Write to Reg: 0x03 Val: 0x00004E48
In clock cycle: 172036
Register Write to Reg: 0x01 Val: 0x0000003C
In clock cycle: 172037
Register Write to Reg: 0x02 Val: 0x00000078
In clock cycle: 172038
Register Write to Reg: 0x01 Val: 0xFFFFB140
In clock cycle: 172039
Register Write to Reg: 0x03 Val: 0xFFFFFFC4
In clock cycle: 172040
Register Write to Reg: 0x04 Val: 0xFFFFFF88
In clock cycle: 172041
Register Write to Reg: 0x03 Val: 0x00004EC0
In clock cycle: 173060
Register Write to Reg: 0x01 Val: 0x0000003C
In clock cycle: 173061
Register Write to Reg: 0x02 Val: 0x00000078
In clock cycle: 173062
Register Write to Reg: 0x01 Val: 0xFFFFB0C8
In clock cycle: 173063
Register Write to Reg: 0x03 Val: 0xFFFFFFC4
In clock cycle: 173064
Register Write to Reg: 0x04 Val: 0xFFFFFF88
In clock cycle: 173065
Register Write to Reg: 0x03 Val: 0x00004F38
In clock cycle: 174084
Register Write to Reg: 0x01 Val: 0x0000003C
In clock cycle: 174085
Register Write to Reg: 0x02 Val: 0x00000078
In clock cycle: 174086
Register Write to Reg: 0x01 Val: 0xFFFFB050
In clock cycle: 174087
Register Write to Reg: 0x03 Val: 0xFFFFFFC4
In clock cycle: 174088
Register Write to Reg: 0x04 Val: 0xFFFFFF88
In clock cycle: 174089
Register Write to Reg: 0x03 Val: 0x00004FB0
In clock cycle: 175108
Register Write to Reg: 0x01 Val: 0x0000003C
In clock cycle: 175109
Register Write to Reg: 0x02 Val: 0x00000078
In clock cycle: 175110
Register Write to Reg: 0x01 Val: 0xFFFFAFD8
In clock cycle: 175111
Register Write to Reg: 0x03 Val: 0xFFFFFFC4
In clock cycle: 175112
Register Write to Reg: 0x04 Val: 0xFFFFFF88
In clock cycle: 175113
Register Write to Reg: 0x03 Val: 0x00005028
In clock cycle: 176132
Register Write to Reg: 0x01 Val: 0x0000003C
In clock cycle: 176133
Register Write to Reg: 0x02 Val: 0x00000078
In clock cycle: 176134
Register Write to Reg: 0x01 Val: 0xFFFFAF60
In clock cycle: 176135
Register Write to Reg: 0x03 Val: 0xFFFFFFC4
In clock cycle: 176136
Register Write to Reg: 0x04 Val: 0xFFFFFF88
In clock cycle: 176137
Register Write to Reg: 0x03 Val: 0x000050A0
In clock cycle: 177156
Register Write to Reg: 0x01 Val: 0x0000003C
In clock cycle: 177157
Register Write to Reg: 0x02 Val: 0x00000078
In clock cycle: 177158
Register Write to Reg: 0x01 Val: 0xFFFFAEE8
In clock cycle: 177159
Register Write to Reg: 0x03 Val: 0xFFFFFFC4
In clock cycle: 177160
Register Write to Reg: 0x04 Val: 0xFFFFFF88
In clock cycle: 177161
Register Write to Reg: 0x03 Val: 0x00005118
In clock cycle: 178180
Register Write to Reg: 0x01 Val: 0x0000003C
In clock cycle: 178181
Register Write to Reg: 0x02 Val: 0x00000078
In clock cycle: 178182
Register Write to Reg: 0x01 Val: 0xFFFFAE70
In clock cycle: 178183
Register Write to Reg: 0x03 Val: 0xFFFFFFC4
In clock cycle: 178184
Register Write to Reg: 0x04 Val: 0xFFFFFF88
In clock cycle: 178185
Register Write to Reg: 0x03 Val: 0x00005190
In clock cycle: 179204
Register Write to Reg: 0x01 Val: 0x0000003C
In clock cycle: 179205
Register Write to Reg: 0x02 Val: 0x00000078
In clock cycle: 179206
Register Write to Reg: 0x01 Val: 0xFFFFADF8
In clock cycle: 179207
Register Write to Reg: 0x03 Val: 0xFFFFFFC4
In clock cycle: 179208
Register Write to Reg: 0x04 Val: 0xFFFFFF88
In clock cycle: 179209
Register Write to Reg: 0x03 Val: 0x00005208
In clock cycle: 180228
Register Write to Reg: 0x01 Val: 0x0000003C
In clock cycle: 180229
Register Write to Reg: 0x02 Val: 0x00000078
In clock cycle: 180230
Register Write to Reg: 0x01 Val: 0xFFFFAD80
In clock cycle: 180231
Register Write to Reg: 0x03 Val: 0xFFFFFFC4
In clock cycle: 180232
Register Write to Reg: 0x04 Val: 0xFFFFFF88
In clock cycle: 180233
Register Write to Reg: 0x03 Val: 0x00005280
In clock cycle: 181252
Register Write to Reg: 0x01 Val: 0x0000003C
In clock cycle: 181253
Register Write to Reg: 0x02 Val: 0x00000078
In clock cycle: 181254
Register Write to Reg: 0x01 Val: 0xFFFFAD08
In clock cycle: 181255
Register Write to Reg: 0x03 Val: 0xFFFFFFC4
In clock cycle: 181256
Register Write to Reg: 0x04 Val: 0xFFFFFF88
In clock cycle: 181257
Register Write to Reg: 0x03 Val: 0x000052F8
In clock cycle: 182276
Register Write to Reg: 0x01 Val: 0x0000003C
In clock cycle: 182277
Register Write to Reg: 0x02 Val: 0x00000078
In clock cycle: 182278
Register Write to Reg: 0x01 Val: 0xFFFFAC90
In clock cycle: 182279
Register Write to Reg: 0x03 Val: 0xFFFFFFC4
In clock cycle: 182280
Register Write to Reg: 0x04 Val: 0xFFFFFF88
In clock cycle: 182281
Register Write to Reg: 0x03 Val: 0x00005370
In clock cycle: 183300
Register Write to Reg: 0x01 Val: 0x0000003C
In clock cycle: 183301
Register Write to Reg: 0x02 Val: 0x00000078
In clock cycle: 183302
Register Write to Reg: 0x01 Val: 0xFFFFAC18
In clock cycle: 183303
Register Write to Reg: 0x03 Val: 0xFFFFFFC4
In clock cycle: 183304
Register Write to Reg: 0x04 Val: 0xFFFFFF88
In clock cycle: 183305
Register Write to Reg: 0x03 Val: 0x000053E8
In clock cycle: 184324
Register Write to Reg: 0x01 Val: 0x0000003C
In clock cycle: 184325
Register Write to Reg: 0x02 Val: 0x00000078
In clock cycle: 184326
Register Write to Reg: 0x01 Val: 0xFFFFABA0
In clock cycle: 184327
Register Write to Reg: 0x03 Val: 0xFFFFFFC4
In clock cycle: 184328
Register Write to Reg: 0x04 Val: 0xFFFFFF88
In clock cycle: 184329
Register Write to Reg: 0x03 Val: 0x00005460
In clock cycle: 185348
Register Write to Reg: 0x01 Val: 0x0000003C
In clock cycle: 185349
Register Write to Reg: 0x02 Val: 0x00000078
In clock cycle: 185350
Register Write to Reg: 0x01 Val: 0xFFFFAB28
In clock cycle: 185351
Register Write to Reg: 0x03 Val: 0xFFFFFFC4
In clock cycle: 185352
Register Write to Reg: 0x04 Val: 0xFFFFFF88
In clock cycle: 185353
Register Write to Reg: 0x03 Val: 0x000054D8
In clock cycle: 186372
Register Write to Reg: 0x01 Val: 0x0000003C
In clock cycle: 186373
Register Write to Reg: 0x02 Val: 0x00000078
In clock cycle: 186374
Register Write to Reg: 0x01 Val: 0xFFFFAAB0
In clock cycle: 186375
Register Write to Reg: 0x03 Val: 0xFFFFFFC4
In clock cycle: 186376
Register Write to Reg: 0x04 Val: 0xFFFFFF88
In clock cycle: 186377
Register Write to Reg: 0x03 Val: 0x00005550
In clock cycle: 187396
Register Write to Reg: 0x01 Val: 0x0000003C
In clock cycle: 187397
Register Write to Reg: 0x02 Val: 0x00000078
In clock cycle: 187398
Register Write to Reg: 0x01 Val: 0xFFFFAA38
In clock cycle: 187399
Register Write to Reg: 0x03 Val: 0xFFFFFFC4
In clock cycle: 187400
Register Write to Reg: 0x04 Val: 0xFFFFFF88
In clock cycle: 187401
Register Write to Reg: 0x03 Val: 0x000055C8
In clock cycle: 188420
Register Write to Reg: 0x01 Val: 0x0000003C
In clock cycle: 188421
Register Write to Reg: 0x02 Val: 0x00000078
In clock cycle: 188422
Register Write to Reg: 0x01 Val: 0xFFFFA9C0
In clock cycle: 188423
Register Write to Reg: 0x03 Val: 0xFFFFFFC4
In clock cycle: 188424
Register Write to Reg: 0x04 Val: 0xFFFFFF88
In clock cycle: 188425
Register Write to Reg: 0x03 Val: 0x00005640
In clock cycle: 189444
Register Write to Reg: 0x01 Val: 0x0000003C
In clock cycle: 189445
Register Write to Reg: 0x02 Val: 0x00000078
In clock cycle: 189446
Register Write to Reg: 0x01 Val: 0xFFFFA948
In clock cycle: 189447
Register Write to Reg: 0x03 Val: 0xFFFFFFC4
In clock cycle: 189448
Register Write to Reg: 0x04 Val: 0xFFFFFF88
In clock cycle: 189449
Register Write to Reg: 0x03 Val: 0x000056B8
In clock cycle: 190468
Register Write to Reg: 0x01 Val: 0x0000003C
In clock cycle: 190469
Register Write to Reg: 0x02 Val: 0x00000078
In clock cycle: 190470
Register Write to Reg: 0x01 Val: 0xFFFFA8D0
In clock cycle: 190471
Register Write to Reg: 0x03 Val: 0xFFFFFFC4
In clock cycle: 190472
Register Write to Reg: 0x04 Val: 0xFFFFFF88
In clock cycle: 190473
Register Write to Reg: 0x03 Val: 0x00005730
In clock cycle: 191492
Register Write to Reg: 0x01 Val: 0x0000003C
In clock cycle: 191493
Register Write to Reg: 0x02 Val: 0x00000078
In clock cycle: 191494
Register Write to Reg: 0x01 Val: 0xFFFFA858
In clock cycle: 191495
Register Write to Reg: 0x03 Val: 0xFFFFFFC4
In clock cycle: 191496
Register Write to Reg: 0x04 Val: 0xFFFFFF88
In clock cycle: 191497
Register Write to Reg: 0x03 Val: 0x000057A8
In clock cycle: 192516
Register Write to Reg: 0x01 Val: 0x0000003C
In clock cycle: 192517
Register Write to Reg: 0x02 Val: 0x00000078
In clock cycle: 192518
Register Write to Reg: 0x01 Val: 0xFFFFA7E0
In clock cycle: 192519
Register Write to Reg: 0x03 Val: 0xFFFFFFC4
In clock cycle: 192520
Register Write to Reg: 0x04 Val: 0xFFFFFF88
In clock cycle: 192521
Register Write to Reg: 0x03 Val: 0x00005820
In clock cycle: 193540
Register Write to Reg: 0x01 Val: 0x0000003C
In clock cycle: 193541
Register Write to Reg: 0x02 Val: 0x00000078
In clock cycle: 193542
Register Write to Reg: 0x01 Val: 0xFFFFA768
In clock cycle: 193543
Register Write to Reg: 0x03 Val: 0xFFFFFFC4
In clock cycle: 193544
Register Write to Reg: 0x04 Val: 0xFFFFFF88
In clock cycle: 193545
Register Write to Reg: 0x03 Val: 0x00005898
In clock cycle: 194564
Register Write to Reg: 0x01 Val: 0x0000003C
In clock cycle: 194565
Register Write to Reg: 0x02 Val: 0x00000078
In clock cycle: 194566
Register Write to Reg: 0x01 Val: 0xFFFFA6F0
In clock cycle: 194567
Register Write to Reg: 0x03 Val: 0xFFFFFFC4
In clock cycle: 194568
Register Write to Reg: 0x04 Val: 0xFFFFFF88
In clock cycle: 194569
Register Write to Reg: 0x03 Val: 0x00005910
In clock cycle: 195588
Register Write to Reg: 0x01 Val: 0x0000003C
In clock cycle: 195589
Register Write to Reg: 0x02 Val: 0x00000078
In clock cycle: 195590
Register Write to Reg: 0x01 Val: 0xFFFFA678
In clock cycle: 195591
Register Write to Reg: 0x03 Val: 0xFFFFFFC4
In clock cycle: 195592
Register Write to Reg: 0x04 Val: 0xFFFFFF88
In clock cycle: 195593
Register Write to Reg: 0x03 Val: 0x00005988
In clock cycle: 196612
Register Write to Reg: 0x01 Val: 0x0000003C
In clock cycle: 196613
Register Write to Reg: 0x02 Val: 0x00000078
In clock cycle: 196614
Register Write to Reg: 0x01 Val: 0xFFFFA600
In clock cycle: 196615
Register Write to Reg: 0x03 Val: 0xFFFFFFC4
In clock cycle: 196616
Register Write to Reg: 0x04 Val: 0xFFFFFF88
In clock cycle: 196617
Register Write to Reg: 0x03 Val: 0x00005A00
In clock cycle: 197636
Register Write to Reg: 0x01 Val: 0x0000003C
In clock cycle: 197637
Register Write to Reg: 0x02 Val: 0x00000078
In clock cycle: 197638
Register Write to Reg: 0x01 Val: 0xFFFFA588
In clock cycle: 197639
Register Write to Reg: 0x03 Val: 0xFFFFFFC4
In clock cycle: 197640
Register Write to Reg: 0x04 Val: 0xFFFFFF88
In clock cycle: 197641
Register Write to Reg: 0x03 Val: 0x00005A78
In clock cycle: 198660
Register Write to Reg: 0x01 Val: 0x0000003C
In clock cycle: 198661
Register Write to Reg: 0x02 Val: 0x00000078
In clock cycle: 198662
Register Write to Reg: 0x01 Val: 0xFFFFA510
In clock cycle: 198663
Register Write to Reg: 0x03 Val: 0xFFFFFFC4
In clock cycle: 198664
Register Write to Reg: 0x04 Val: 0xFFFFFF88
In clock cycle: 198665
Register Write to Reg: 0x03 Val: 0x00005AF0
In clock cycle: 199684
Register Write to Reg: 0x01 Val: 0x0000003C
In clock cycle: 199685
Register Write to Reg: 0x02 Val: 0x00000078
In clock cycle: 199686
Register Write to Reg: 0x01 Val: 0xFFFFA498
In clock cycle: 199687
Register Write to Reg: 0x03 Val: 0xFFFFFFC4
In clock cycle: 199688
Register Write to Reg: 0x04 Val: 0xFFFFFF88
In clock cycle: 199689
Register Write to Reg: 0x03 Val: 0x00005B68
In clock cycle: 200708
Register Write to Reg: 0x01 Val: 0x0000003C
In clock cycle: 200709
Register Write to Reg: 0x02 Val: 0x00000078
In clock cycle: 200710
Register Write to Reg: 0x01 Val: 0xFFFFA420
In clock cycle: 200711
Register Write to Reg: 0x03 Val: 0xFFFFFFC4
In clock cycle: 200712
Register Write to Reg: 0x04 Val: 0xFFFFFF88
In clock cycle: 200713
Register Write to Reg: 0x03 Val: 0x00005BE0
In clock cycle: 201732
Register Write to Reg: 0x01 Val: 0x0000003C
In clock cycle: 201733
Register Write to Reg: 0x02 Val: 0x00000078
In clock cycle: 201734
Register Write to Reg: 0x01 Val: 0xFFFFA3A8
In clock cycle: 201735
Register Write to Reg: 0x03 Val: 0xFFFFFFC4
In clock cycle: 201736
Register Write to Reg: 0x04 Val: 0xFFFFFF88
In clock cycle: 201737
Register Write to Reg: 0x03 Val: 0x00005C58
In clock cycle: 202756
Register Write to Reg: 0x01 Val: 0x0000003C
In clock cycle: 202757
Register Write to Reg: 0x02 Val: 0x00000078
In clock cycle: 202758
Register Write to Reg: 0x01 Val: 0xFFFFA330
In clock cycle: 202759
Register Write to Reg: 0x03 Val: 0xFFFFFFC4
In clock cycle: 202760
Register Write to Reg: 0x04 Val: 0xFFFFFF88
In clock cycle: 202761
Register Write to Reg: 0x03 Val: 0x00005CD0
In clock cycle: 203780
Register Write to Reg: 0x01 Val: 0x0000003C
In clock cycle: 203781
Register Write to Reg: 0x02 Val: 0x00000078
In clock cycle: 203782
Register Write to Reg: 0x01 Val: 0xFFFFA2B8
In clock cycle: 203783
Register Write to Reg: 0x03 Val: 0xFFFFFFC4
In clock cycle: 203784
Register Write to Reg: 0x04 Val: 0xFFFFFF88
In clock cycle: 203785
Register Write to Reg: 0x03 Val: 0x00005D48
In clock cycle: 204804
Register Write to Reg: 0x01 Val: 0x0000003C
In clock cycle: 204805
Register Write to Reg: 0x02 Val: 0x00000078
In clock cycle: 204806
Register Write to Reg: 0x01 Val: 0xFFFFA240
In clock cycle: 204807
Register Write to Reg: 0x03 Val: 0xFFFFFFC4
In clock cycle: 204808
Register Write to Reg: 0x04 Val: 0xFFFFFF88
In clock cycle: 204809
Register Write to Reg: 0x03 Val: 0x00005DC0
In clock cycle: 205828
Register Write to Reg: 0x01 Val: 0x0000003C
In clock cycle: 205829
Register Write to Reg: 0x02 Val: 0x00000078
In clock cycle: 205830
Register Write to Reg: 0x01 Val: 0xFFFFA1C8
In clock cycle: 205831
Register Write to Reg: 0x03 Val: 0xFFFFFFC4
In clock cycle: 205832
Register Write to Reg: 0x04 Val: 0xFFFFFF88
In clock cycle: 205833
Register Write to Reg: 0x03 Val: 0x00005E38
In clock cycle: 206852
Register Write to Reg: 0x01 Val: 0x0000003C
In clock cycle: 206853
Register Write to Reg: 0x02 Val: 0x00000078
In clock cycle: 206854
Register Write to Reg: 0x01 Val: 0xFFFFA150
In clock cycle: 206855
Register Write to Reg: 0x03 Val: 0xFFFFFFC4
In clock cycle: 206856
Register Write to Reg: 0x04 Val: 0xFFFFFF88
In clock cycle: 206857
Register Write to Reg: 0x03 Val: 0x00005EB0
In clock cycle: 207876
Register Write to Reg: 0x01 Val: 0x0000003C
In clock cycle: 207877
Register Write to Reg: 0x02 Val: 0x00000078
In clock cycle: 207878
Register Write to Reg: 0x01 Val: 0xFFFFA0D8
In clock cycle: 207879
Register Write to Reg: 0x03 Val: 0xFFFFFFC4
In clock cycle: 207880
Register Write to Reg: 0x04 Val: 0xFFFFFF88
In clock cycle: 207881
Register Write to Reg: 0x03 Val: 0x00005F28
In clock cycle: 208900
Register Write to Reg: 0x01 Val: 0x0000003C
In clock cycle: 208901
Register Write to Reg: 0x02 Val: 0x00000078
In clock cycle: 208902
Register Write to Reg: 0x01 Val: 0xFFFFA060
In clock cycle: 208903
Register Write to Reg: 0x03 Val: 0xFFFFFFC4
In clock cycle: 208904
Register Write to Reg: 0x04 Val: 0xFFFFFF88
In clock cycle: 208905
Register Write to Reg: 0x03 Val: 0x00005FA0
In clock cycle: 209924
Register Write to Reg: 0x01 Val: 0x0000003C
In clock cycle: 209925
Register Write to Reg: 0x02 Val: 0x00000078
In clock cycle: 209926
Register Write to Reg: 0x01 Val: 0xFFFF9FE8
In clock cycle: 209927
Register Write to Reg: 0x03 Val: 0xFFFFFFC4
In clock cycle: 209928
Register Write to Reg: 0x04 Val: 0xFFFFFF88
In clock cycle: 209929
Register Write to Reg: 0x03 Val: 0x00006018
In clock cycle: 210948
Register Write to Reg: 0x01 Val: 0x0000003C
In clock cycle: 210949
Register Write to Reg: 0x02 Val: 0x00000078
In clock cycle: 210950
Register Write to Reg: 0x01 Val: 0xFFFF9F70
In clock cycle: 210951
Register Write to Reg: 0x03 Val: 0xFFFFFFC4
In clock cycle: 210952
Register Write to Reg: 0x04 Val: 0xFFFFFF88
In clock cycle: 210953
Register Write to Reg: 0x03 Val: 0x00006090
In clock cycle: 211972
Register Write to Reg: 0x01 Val: 0x0000003C
In clock cycle: 211973
Register Write to Reg: 0x02 Val: 0x00000078
In clock cycle: 211974
Register Write to Reg: 0x01 Val: 0xFFFF9EF8
In clock cycle: 211975
Register Write to Reg: 0x03 Val: 0xFFFFFFC4
In clock cycle: 211976
Register Write to Reg: 0x04 Val: 0xFFFFFF88
In clock cycle: 211977
Register Write to Reg: 0x03 Val: 0x00006108
In clock cycle: 212996
Register Write to Reg: 0x01 Val: 0x0000003C
In clock cycle: 212997
Register Write to Reg: 0x02 Val: 0x00000078
In clock cycle: 212998
Register Write to Reg: 0x01 Val: 0xFFFF9E80
In clock cycle: 212999
Register Write to Reg: 0x03 Val: 0xFFFFFFC4
In clock cycle: 213000
Register Write to Reg: 0x04 Val: 0xFFFFFF88
In clock cycle: 213001
Register Write to Reg: 0x03 Val: 0x00006180
In clock cycle: 214020
Register Write to Reg: 0x01 Val: 0x0000003C
In clock cycle: 214021
Register Write to Reg: 0x02 Val: 0x00000078
In clock cycle: 214022
Register Write to Reg: 0x01 Val: 0xFFFF9E08
In clock cycle: 214023
Register Write to Reg: 0x03 Val: 0xFFFFFFC4
In clock cycle: 214024
Register Write to Reg: 0x04 Val: 0xFFFFFF88
In clock cycle: 214025
Register Write to Reg: 0x03 Val: 0x000061F8
In clock cycle: 215044
Register Write to Reg: 0x01 Val: 0x0000003C
In clock cycle: 215045
Register Write to Reg: 0x02 Val: 0x00000078
In clock cycle: 215046
Register Write to Reg: 0x01 Val: 0xFFFF9D90
In clock cycle: 215047
Register Write to Reg: 0x03 Val: 0xFFFFFFC4
In clock cycle: 215048
Register Write to Reg: 0x04 Val: 0xFFFFFF88
In clock cycle: 215049
Register Write to Reg: 0x03 Val: 0x00006270
In clock cycle: 216068
Register Write to Reg: 0x01 Val: 0x0000003C
In clock cycle: 216069
Register Write to Reg: 0x02 Val: 0x00000078
In clock cycle: 216070
Register Write to Reg: 0x01 Val: 0xFFFF9D18
In clock cycle: 216071
Register Write to Reg: 0x03 Val: 0xFFFFFFC4
In clock cycle: 216072
Register Write to Reg: 0x04 Val: 0xFFFFFF88
In clock cycle: 216073
Register Write to Reg: 0x03 Val: 0x000062E8
In clock cycle: 217092
Register Write to Reg: 0x01 Val: 0x0000003C
In clock cycle: 217093
Register Write to Reg: 0x02 Val: 0x00000078
In clock cycle: 217094
Register Write to Reg: 0x01 Val: 0xFFFF9CA0
In clock cycle: 217095
Register Write to Reg: 0x03 Val: 0xFFFFFFC4
In clock cycle: 217096
Register Write to Reg: 0x04 Val: 0xFFFFFF88
In clock cycle: 217097
Register Write to Reg: 0x03 Val: 0x00006360
In clock cycle: 218116
Register Write to Reg: 0x01 Val: 0x0000003C
In clock cycle: 218117
Register Write to Reg: 0x02 Val: 0x00000078
In clock cycle: 218118
Register Write to Reg: 0x01 Val: 0xFFFF9C28
In clock cycle: 218119
Register Write to Reg: 0x03 Val: 0xFFFFFFC4
In clock cycle: 218120
Register Write to Reg: 0x04 Val: 0xFFFFFF88
In clock cycle: 218121
Register Write to Reg: 0x03 Val: 0x000063D8
In clock cycle: 219140
Register Write to Reg: 0x01 Val: 0x0000003C
In clock cycle: 219141
Register Write to Reg: 0x02 Val: 0x00000078
In clock cycle: 219142
Register Write to Reg: 0x01 Val: 0xFFFF9BB0
In clock cycle: 219143
Register Write to Reg: 0x03 Val: 0xFFFFFFC4
In clock cycle: 219144
Register Write to Reg: 0x04 Val: 0xFFFFFF88
In clock cycle: 219145
Register Write to Reg: 0x03 Val: 0x00006450
In clock cycle: 220164
Register Write to Reg: 0x01 Val: 0x0000003C
In clock cycle: 220165
Register Write to Reg: 0x02 Val: 0x00000078
In clock cycle: 220166
Register Write to Reg: 0x01 Val: 0xFFFF9B38
In clock cycle: 220167
Register Write to Reg: 0x03 Val: 0xFFFFFFC4
In clock cycle: 220168
Register Write to Reg: 0x04 Val: 0xFFFFFF88
In clock cycle: 220169
Register Write to Reg: 0x03 Val: 0x000064C8
In clock cycle: 221188
Register Write to Reg: 0x01 Val: 0x0000003C
In clock cycle: 221189
Register Write to Reg: 0x02 Val: 0x00000078
In clock cycle: 221190
Register Write to Reg: 0x01 Val: 0xFFFF9AC0
In clock cycle: 221191
Register Write to Reg: 0x03 Val: 0xFFFFFFC4
In clock cycle: 221192
Register Write to Reg: 0x04 Val: 0xFFFFFF88
In clock cycle: 221193
Register Write to Reg: 0x03 Val: 0x00006540
In clock cycle: 222212
Register Write to Reg: 0x01 Val: 0x0000003C
In clock cycle: 222213
Register Write to Reg: 0x02 Val: 0x00000078
In clock cycle: 222214
Register Write to Reg: 0x01 Val: 0xFFFF9A48
In clock cycle: 222215
Register Write to Reg: 0x03 Val: 0xFFFFFFC4
In clock cycle: 222216
Register Write to Reg: 0x04 Val: 0xFFFFFF88
In clock cycle: 222217
Register Write to Reg: 0x03 Val: 0x000065B8
In clock cycle: 223236
Register Write to Reg: 0x01 Val: 0x0000003C
In clock cycle: 223237
Register Write to Reg: 0x02 Val: 0x00000078
In clock cycle: 223238
Register Write to Reg: 0x01 Val: 0xFFFF99D0
In clock cycle: 223239
Register Write to Reg: 0x03 Val: 0xFFFFFFC4
In clock cycle: 223240
Register Write to Reg: 0x04 Val: 0xFFFFFF88
In clock cycle: 223241
Register Write to Reg: 0x03 Val: 0x00006630
In clock cycle: 224260
Register Write to Reg: 0x01 Val: 0x0000003C
In clock cycle: 224261
Register Write to Reg: 0x02 Val: 0x00000078
In clock cycle: 224262
Register Write to Reg: 0x01 Val: 0xFFFF9958
In clock cycle: 224263
Register Write to Reg: 0x03 Val: 0xFFFFFFC4
In clock cycle: 224264
Register Write to Reg: 0x04 Val: 0xFFFFFF88
In clock cycle: 224265
Register Write to Reg: 0x03 Val: 0x000066A8
In clock cycle: 225284
Register Write to Reg: 0x01 Val: 0x0000003C
In clock cycle: 225285
Register Write to Reg: 0x02 Val: 0x00000078
In clock cycle: 225286
Register Write to Reg: 0x01 Val: 0xFFFF98E0
In clock cycle: 225287
Register Write to Reg: 0x03 Val: 0xFFFFFFC4
In clock cycle: 225288
Register Write to Reg: 0x04 Val: 0xFFFFFF88
In clock cycle: 225289
Register Write to Reg: 0x03 Val: 0x00006720
In clock cycle: 226308
Register Write to Reg: 0x01 Val: 0x0000003C
In clock cycle: 226309
Register Write to Reg: 0x02 Val: 0x00000078
In clock cycle: 226310
Register Write to Reg: 0x01 Val: 0xFFFF9868
In clock cycle: 226311
Register Write to Reg: 0x03 Val: 0xFFFFFFC4
In clock cycle: 226312
Register Write to Reg: 0x04 Val: 0xFFFFFF88
In clock cycle: 226313
Register Write to Reg: 0x03 Val: 0x00006798
In clock cycle: 227332
Register Write to Reg: 0x01 Val: 0x0000003C
In clock cycle: 227333
Register Write to Reg: 0x02 Val: 0x00000078
In clock cycle: 227334
Register Write to Reg: 0x01 Val: 0xFFFF97F0
In clock cycle: 227335
Register Write to Reg: 0x03 Val: 0xFFFFFFC4
In clock cycle: 227336
Register Write to Reg: 0x04 Val: 0xFFFFFF88
In clock cycle: 227337
Register Write to Reg: 0x03 Val: 0x00006810
In clock cycle: 228356
Register Write to Reg: 0x01 Val: 0x0000003C
In clock cycle: 228357
Register Write to Reg: 0x02 Val: 0x00000078
In clock cycle: 228358
Register Write to Reg: 0x01 Val: 0xFFFF9778
In clock cycle: 228359
Register Write to Reg: 0x03 Val: 0xFFFFFFC4
In clock cycle: 228360
Register Write to Reg: 0x04 Val: 0xFFFFFF88
In clock cycle: 228361
Register Write to Reg: 0x03 Val: 0x00006888
In clock cycle: 229380
Register Write to Reg: 0x01 Val: 0x0000003C
In clock cycle: 229381
Register Write to Reg: 0x02 Val: 0x00000078
In clock cycle: 229382
Register Write to Reg: 0x01 Val: 0xFFFF9700
In clock cycle: 229383
Register Write to Reg: 0x03 Val: 0xFFFFFFC4
In clock cycle: 229384
Register Write to Reg: 0x04 Val: 0xFFFFFF88
In clock cycle: 229385
Register Write to Reg: 0x03 Val: 0x00006900
In clock cycle: 230404
Register Write to Reg: 0x01 Val: 0x0000003C
In clock cycle: 230405
Register Write to Reg: 0x02 Val: 0x00000078
In clock cycle: 230406
Register Write to Reg: 0x01 Val: 0xFFFF9688
In clock cycle: 230407
Register Write to Reg: 0x03 Val: 0xFFFFFFC4
In clock cycle: 230408
Register Write to Reg: 0x04 Val: 0xFFFFFF88
In clock cycle: 230409
Register Write to Reg: 0x03 Val: 0x00006978
In clock cycle: 231428
Register Write to Reg: 0x01 Val: 0x0000003C
In clock cycle: 231429
Register Write to Reg: 0x02 Val: 0x00000078
In clock cycle: 231430
Register Write to Reg: 0x01 Val: 0xFFFF9610
In clock cycle: 231431
Register Write to Reg: 0x03 Val: 0xFFFFFFC4
In clock cycle: 231432
Register Write to Reg: 0x04 Val: 0xFFFFFF88
In clock cycle: 231433
Register Write to Reg: 0x03 Val: 0x000069F0
In clock cycle: 232452
Register Write to Reg: 0x01 Val: 0x0000003C
In clock cycle: 232453
Register Write to Reg: 0x02 Val: 0x00000078
In clock cycle: 232454
Register Write to Reg: 0x01 Val: 0xFFFF9598
In clock cycle: 232455
Register Write to Reg: 0x03 Val: 0xFFFFFFC4
In clock cycle: 232456
Register Write to Reg: 0x04 Val: 0xFFFFFF88
In clock cycle: 232457
Register Write to Reg: 0x03 Val: 0x00006A68
In clock cycle: 233476
Register Write to Reg: 0x01 Val: 0x0000003C
In clock cycle: 233477
Register Write to Reg: 0x02 Val: 0x00000078
In clock cycle: 233478
Register Write to Reg: 0x01 Val: 0xFFFF9520
In clock cycle: 233479
Register Write to Reg: 0x03 Val: 0xFFFFFFC4
In clock cycle: 233480
Register Write to Reg: 0x04 Val: 0xFFFFFF88
In clock cycle: 233481
Register Write to Reg: 0x03 Val: 0x00006AE0
In clock cycle: 234500
Register Write to Reg: 0x01 Val: 0x0000003C
In clock cycle: 234501
Register Write to Reg: 0x02 Val: 0x00000078
In clock cycle: 234502
Register Write to Reg: 0x01 Val: 0xFFFF94A8
In clock cycle: 234503
Register Write to Reg: 0x03 Val: 0xFFFFFFC4
In clock cycle: 234504
Register Write to Reg: 0x04 Val: 0xFFFFFF88
In clock cycle: 234505
Register Write to Reg: 0x03 Val: 0x00006B58
In clock cycle: 235524
Register Write to Reg: 0x01 Val: 0x0000003C
In clock cycle: 235525
Register Write to Reg: 0x02 Val: 0x00000078
In clock cycle: 235526
Register Write to Reg: 0x01 Val: 0xFFFF9430
In clock cycle: 235527
Register Write to Reg: 0x03 Val: 0xFFFFFFC4
In clock cycle: 235528
Register Write to Reg: 0x04 Val: 0xFFFFFF88
In clock cycle: 235529
Register Write to Reg: 0x03 Val: 0x00006BD0
In clock cycle: 236548
Register Write to Reg: 0x01 Val: 0x0000003C
In clock cycle: 236549
Register Write to Reg: 0x02 Val: 0x00000078
In clock cycle: 236550
Register Write to Reg: 0x01 Val: 0xFFFF93B8
In clock cycle: 236551
Register Write to Reg: 0x03 Val: 0xFFFFFFC4
In clock cycle: 236552
Register Write to Reg: 0x04 Val: 0xFFFFFF88
In clock cycle: 236553
Register Write to Reg: 0x03 Val: 0x00006C48
In clock cycle: 237572
Register Write to Reg: 0x01 Val: 0x0000003C
In clock cycle: 237573
Register Write to Reg: 0x02 Val: 0x00000078
In clock cycle: 237574
Register Write to Reg: 0x01 Val: 0xFFFF9340
In clock cycle: 237575
Register Write to Reg: 0x03 Val: 0xFFFFFFC4
In clock cycle: 237576
Register Write to Reg: 0x04 Val: 0xFFFFFF88
In clock cycle: 237577
Register Write to Reg: 0x03 Val: 0x00006CC0
In clock cycle: 238596
Register Write to Reg: 0x01 Val: 0x0000003C
In clock cycle: 238597
Register Write to Reg: 0x02 Val: 0x00000078
In clock cycle: 238598
Register Write to Reg: 0x01 Val: 0xFFFF92C8
In clock cycle: 238599
Register Write to Reg: 0x03 Val: 0xFFFFFFC4
In clock cycle: 238600
Register Write to Reg: 0x04 Val: 0xFFFFFF88
In clock cycle: 238601
Register Write to Reg: 0x03 Val: 0x00006D38
In clock cycle: 239620
Register Write to Reg: 0x01 Val: 0x0000003C
In clock cycle: 239621
Register Write to Reg: 0x02 Val: 0x00000078
In clock cycle: 239622
Register Write to Reg: 0x01 Val: 0xFFFF9250
In clock cycle: 239623
Register Write to Reg: 0x03 Val: 0xFFFFFFC4
In clock cycle: 239624
Register Write to Reg: 0x04 Val: 0xFFFFFF88
In clock cycle: 239625
Register Write to Reg: 0x03 Val: 0x00006DB0
In clock cycle: 240644
Register Write to Reg: 0x01 Val: 0x0000003C
In clock cycle: 240645
Register Write to Reg: 0x02 Val: 0x00000078
In clock cycle: 240646
Register Write to Reg: 0x01 Val: 0xFFFF91D8
In clock cycle: 240647
Register Write to Reg: 0x03 Val: 0xFFFFFFC4
In clock cycle: 240648
Register Write to Reg: 0x04 Val: 0xFFFFFF88
In clock cycle: 240649
Register Write to Reg: 0x03 Val: 0x00006E28
In clock cycle: 241668
Register Write to Reg: 0x01 Val: 0x0000003C
In clock cycle: 241669
Register Write to Reg: 0x02 Val: 0x00000078
In clock cycle: 241670
Register Write to Reg: 0x01 Val: 0xFFFF9160
In clock cycle: 241671
Register Write to Reg: 0x03 Val: 0xFFFFFFC4
In clock cycle: 241672
Register Write to Reg: 0x04 Val: 0xFFFFFF88
In clock cycle: 241673
Register Write to Reg: 0x03 Val: 0x00006EA0
In clock cycle: 242692
Register Write to Reg: 0x01 Val: 0x0000003C
In clock cycle: 242693
Register Write to Reg: 0x02 Val: 0x00000078
In clock cycle: 242694
Register Write to Reg: 0x01 Val: 0xFFFF90E8
In clock cycle: 242695
Register Write to Reg: 0x03 Val: 0xFFFFFFC4
In clock cycle: 242696
Register Write to Reg: 0x04 Val: 0xFFFFFF88
In clock cycle: 242697
Register Write to Reg: 0x03 Val: 0x00006F18
In clock cycle: 243716
Register Write to Reg: 0x01 Val: 0x0000003C
In clock cycle: 243717
Register Write to Reg: 0x02 Val: 0x00000078
In clock cycle: 243718
Register Write to Reg: 0x01 Val: 0xFFFF9070
In clock cycle: 243719
Register Write to Reg: 0x03 Val: 0xFFFFFFC4
In clock cycle: 243720
Register Write to Reg: 0x04 Val: 0xFFFFFF88
In clock cycle: 243721
Register Write to Reg: 0x03 Val: 0x00006F90
In clock cycle: 244740
Register Write to Reg: 0x01 Val: 0x0000003C
In clock cycle: 244741
Register Write to Reg: 0x02 Val: 0x00000078
In clock cycle: 244742
Register Write to Reg: 0x01 Val: 0xFFFF8FF8
In clock cycle: 244743
Register Write to Reg: 0x03 Val: 0xFFFFFFC4
In clock cycle: 244744
Register Write to Reg: 0x04 Val: 0xFFFFFF88
In clock cycle: 244745
Register Write to Reg: 0x03 Val: 0x00007008
In clock cycle: 245764
Register Write to Reg: 0x01 Val: 0x0000003C
In clock cycle: 245765
Register Write to Reg: 0x02 Val: 0x00000078
In clock cycle: 245766
Register Write to Reg: 0x01 Val: 0xFFFF8F80
In clock cycle: 245767
Register Write to Reg: 0x03 Val: 0xFFFFFFC4
In clock cycle: 245768
Register Write to Reg: 0x04 Val: 0xFFFFFF88
In clock cycle: 245769
Register Write to Reg: 0x03 Val: 0x00007080
In clock cycle: 246788
Register Write to Reg: 0x01 Val: 0x0000003C
In clock cycle: 246789
Register Write to Reg: 0x02 Val: 0x00000078
In clock cycle: 246790
Register Write to Reg: 0x01 Val: 0xFFFF8F08
In clock cycle: 246791
Register Write to Reg: 0x03 Val: 0xFFFFFFC4
In clock cycle: 246792
Register Write to Reg: 0x04 Val: 0xFFFFFF88
In clock cycle: 246793
Register Write to Reg: 0x03 Val: 0x000070F8
In clock cycle: 247812
Register Write to Reg: 0x01 Val: 0x0000003C
In clock cycle: 247813
Register Write to Reg: 0x02 Val: 0x00000078
In clock cycle: 247814
Register Write to Reg: 0x01 Val: 0xFFFF8E90
In clock cycle: 247815
Register Write to Reg: 0x03 Val: 0xFFFFFFC4
In clock cycle: 247816
Register Write to Reg: 0x04 Val: 0xFFFFFF88
In clock cycle: 247817
Register Write to Reg: 0x03 Val: 0x00007170
In clock cycle: 248836
Register Write to Reg: 0x01 Val: 0x0000003C
In clock cycle: 248837
Register Write to Reg: 0x02 Val: 0x00000078
In clock cycle: 248838
Register Write to Reg: 0x01 Val: 0xFFFF8E18
In clock cycle: 248839
Register Write to Reg: 0x03 Val: 0xFFFFFFC4
In clock cycle: 248840
Register Write to Reg: 0x04 Val: 0xFFFFFF88
In clock cycle: 248841
Register Write to Reg: 0x03 Val: 0x000071E8
In clock cycle: 249860
Register Write to Reg: 0x01 Val: 0x0000003C
In clock cycle: 249861
Register Write to Reg: 0x02 Val: 0x00000078
In clock cycle: 249862
Register Write to Reg: 0x01 Val: 0xFFFF8DA0
In clock cycle: 249863
Register Write to Reg: 0x03 Val: 0xFFFFFFC4
In clock cycle: 249864
Register Write to Reg: 0x04 Val: 0xFFFFFF88
In clock cycle: 249865
Register Write to Reg: 0x03 Val: 0x00007260
In clock cycle: 250884
Register Write to Reg: 0x01 Val: 0x0000003C
In clock cycle: 250885
Register Write to Reg: 0x02 Val: 0x00000078
In clock cycle: 250886
Register Write to Reg: 0x01 Val: 0xFFFF8D28
In clock cycle: 250887
Register Write to Reg: 0x03 Val: 0xFFFFFFC4
In clock cycle: 250888
Register Write to Reg: 0x04 Val: 0xFFFFFF88
In clock cycle: 250889
Register Write to Reg: 0x03 Val: 0x000072D8
In clock cycle: 251908
Register Write to Reg: 0x01 Val: 0x0000003C
In clock cycle: 251909
Register Write to Reg: 0x02 Val: 0x00000078
In clock cycle: 251910
Register Write to Reg: 0x01 Val: 0xFFFF8CB0
In clock cycle: 251911
Register Write to Reg: 0x03 Val: 0xFFFFFFC4
In clock cycle: 251912
Register Write to Reg: 0x04 Val: 0xFFFFFF88
In clock cycle: 251913
Register Write to Reg: 0x03 Val: 0x00007350
In clock cycle: 252932
Register Write to Reg: 0x01 Val: 0x0000003C
In clock cycle: 252933
Register Write to Reg: 0x02 Val: 0x00000078
In clock cycle: 252934
Register Write to Reg: 0x01 Val: 0xFFFF8C38
In clock cycle: 252935
Register Write to Reg: 0x03 Val: 0xFFFFFFC4
In clock cycle: 252936
Register Write to Reg: 0x04 Val: 0xFFFFFF88
In clock cycle: 252937
Register Write to Reg: 0x03 Val: 0x000073C8
In clock cycle: 253956
Register Write to Reg: 0x01 Val: 0x0000003C
In clock cycle: 253957
Register Write to Reg: 0x02 Val: 0x00000078
In clock cycle: 253958
Register Write to Reg: 0x01 Val: 0xFFFF8BC0
In clock cycle: 253959
Register Write to Reg: 0x03 Val: 0xFFFFFFC4
In clock cycle: 253960
Register Write to Reg: 0x04 Val: 0xFFFFFF88
In clock cycle: 253961
Register Write to Reg: 0x03 Val: 0x00007440
In clock cycle: 254980
Register Write to Reg: 0x01 Val: 0x0000003C
In clock cycle: 254981
Register Write to Reg: 0x02 Val: 0x00000078
In clock cycle: 254982
Register Write to Reg: 0x01 Val: 0xFFFF8B48
In clock cycle: 254983
Register Write to Reg: 0x03 Val: 0xFFFFFFC4
In clock cycle: 254984
Register Write to Reg: 0x04 Val: 0xFFFFFF88
In clock cycle: 254985
Register Write to Reg: 0x03 Val: 0x000074B8
In clock cycle: 256004
Register Write to Reg: 0x01 Val: 0x0000003C
In clock cycle: 256005
Register Write to Reg: 0x02 Val: 0x00000078
In clock cycle: 256006
Register Write to Reg: 0x01 Val: 0xFFFF8AD0
In clock cycle: 256007
Register Write to Reg: 0x03 Val: 0xFFFFFFC4
In clock cycle: 256008
Register Write to Reg: 0x04 Val: 0xFFFFFF88
In clock cycle: 256009
Register Write to Reg: 0x03 Val: 0x00007530
In clock cycle: 257028
Register Write to Reg: 0x01 Val: 0x0000003C
In clock cycle: 257029
Register Write to Reg: 0x02 Val: 0x00000078
In clock cycle: 257030
Register Write to Reg: 0x01 Val: 0xFFFF8A58
In clock cycle: 257031
Register Write to Reg: 0x03 Val: 0xFFFFFFC4
In clock cycle: 257032
Register Write to Reg: 0x04 Val: 0xFFFFFF88
In clock cycle: 257033
Register Write to Reg: 0x03 Val: 0x000075A8
In clock cycle: 258052
Register Write to Reg: 0x01 Val: 0x0000003C
In clock cycle: 258053
Register Write to Reg: 0x02 Val: 0x00000078
In clock cycle: 258054
Register Write to Reg: 0x01 Val: 0xFFFF89E0
In clock cycle: 258055
Register Write to Reg: 0x03 Val: 0xFFFFFFC4
In clock cycle: 258056
Register Write to Reg: 0x04 Val: 0xFFFFFF88
In clock cycle: 258057
Register Write to Reg: 0x03 Val: 0x00007620
In clock cycle: 259076
Register Write to Reg: 0x01 Val: 0x0000003C
In clock cycle: 259077
Register Write to Reg: 0x02 Val: 0x00000078
In clock cycle: 259078
Register Write to Reg: 0x01 Val: 0xFFFF8968
In clock cycle: 259079
Register Write to Reg: 0x03 Val: 0xFFFFFFC4
In clock cycle: 259080
Register Write to Reg: 0x04 Val: 0xFFFFFF88
In clock cycle: 259081
Register Write to Reg: 0x03 Val: 0x00007698
In clock cycle: 260100
Register Write to Reg: 0x01 Val: 0x0000003C
In clock cycle: 260101
Register Write to Reg: 0x02 Val: 0x00000078
In clock cycle: 260102
Register Write to Reg: 0x01 Val: 0xFFFF88F0
In clock cycle: 260103
Register Write to Reg: 0x03 Val: 0xFFFFFFC4
In clock cycle: 260104
Register Write to Reg: 0x04 Val: 0xFFFFFF88
In clock cycle: 260105
Register Write to Reg: 0x03 Val: 0x00007710
In clock cycle: 261124
Register Write to Reg: 0x01 Val: 0x0000003C
In clock cycle: 261125
Register Write to Reg: 0x02 Val: 0x00000078
In clock cycle: 261126
Register Write to Reg: 0x01 Val: 0xFFFF8878
In clock cycle: 261127
Register Write to Reg: 0x03 Val: 0xFFFFFFC4
In clock cycle: 261128
Register Write to Reg: 0x04 Val: 0xFFFFFF88
In clock cycle: 261129
Register Write to Reg: 0x03 Val: 0x00007788
In clock cycle: 262148
Register Write to Reg: 0x01 Val: 0x0000003C
In clock cycle: 262149
Register Write to Reg: 0x02 Val: 0x00000078
In clock cycle: 262150
Register Write to Reg: 0x01 Val: 0xFFFF8800
In clock cycle: 262151
Register Write to Reg: 0x03 Val: 0xFFFFFFC4
In clock cycle: 262152
Register Write to Reg: 0x04 Val: 0xFFFFFF88
In clock cycle: 262153
Register Write to Reg: 0x03 Val: 0x00007800
In clock cycle: 263172
Register Write to Reg: 0x01 Val: 0x0000003C
In clock cycle: 263173
Register Write to Reg: 0x02 Val: 0x00000078
In clock cycle: 263174
Register Write to Reg: 0x01 Val: 0xFFFF8788
In clock cycle: 263175
Register Write to Reg: 0x03 Val: 0xFFFFFFC4
In clock cycle: 263176
Register Write to Reg: 0x04 Val: 0xFFFFFF88
In clock cycle: 263177
Register Write to Reg: 0x03 Val: 0x00007878
In clock cycle: 264196
Register Write to Reg: 0x01 Val: 0x0000003C
In clock cycle: 264197
Register Write to Reg: 0x02 Val: 0x00000078
In clock cycle: 264198
Register Write to Reg: 0x01 Val: 0xFFFF8710
In clock cycle: 264199
Register Write to Reg: 0x03 Val: 0xFFFFFFC4
In clock cycle: 264200
Register Write to Reg: 0x04 Val: 0xFFFFFF88
In clock cycle: 264201
Register Write to Reg: 0x03 Val: 0x000078F0
In clock cycle: 265220
Register Write to Reg: 0x01 Val: 0x0000003C
In clock cycle: 265221
Register Write to Reg: 0x02 Val: 0x00000078
In clock cycle: 265222
Register Write to Reg: 0x01 Val: 0xFFFF8698
In clock cycle: 265223
Register Write to Reg: 0x03 Val: 0xFFFFFFC4
In clock cycle: 265224
Register Write to Reg: 0x04 Val: 0xFFFFFF88
In clock cycle: 265225
Register Write to Reg: 0x03 Val: 0x00007968
In clock cycle: 266244
Register Write to Reg: 0x01 Val: 0x0000003C
In clock cycle: 266245
Register Write to Reg: 0x02 Val: 0x00000078
In clock cycle: 266246
Register Write to Reg: 0x01 Val: 0xFFFF8620
In clock cycle: 266247
Register Write to Reg: 0x03 Val: 0xFFFFFFC4
In clock cycle: 266248
Register Write to Reg: 0x04 Val: 0xFFFFFF88
In clock cycle: 266249
Register Write to Reg: 0x03 Val: 0x000079E0
In clock cycle: 267268
Register Write to Reg: 0x01 Val: 0x0000003C
In clock cycle: 267269
Register Write to Reg: 0x02 Val: 0x00000078
In clock cycle: 267270
Register Write to Reg: 0x01 Val: 0xFFFF85A8
In clock cycle: 267271
Register Write to Reg: 0x03 Val: 0xFFFFFFC4
In clock cycle: 267272
Register Write to Reg: 0x04 Val: 0xFFFFFF88
In clock cycle: 267273
Register Write to Reg: 0x03 Val: 0x00007A58
In clock cycle: 268292
Register Write to Reg: 0x01 Val: 0x0000003C
In clock cycle: 268293
Register Write to Reg: 0x02 Val: 0x00000078
In clock cycle: 268294
Register Write to Reg: 0x01 Val: 0xFFFF8530
In clock cycle: 268295
Register Write to Reg: 0x03 Val: 0xFFFFFFC4
In clock cycle: 268296
Register Write to Reg: 0x04 Val: 0xFFFFFF88
In clock cycle: 268297
Register Write to Reg: 0x03 Val: 0x00007AD0
In clock cycle: 269316
Register Write to Reg: 0x01 Val: 0x0000003C
In clock cycle: 269317
Register Write to Reg: 0x02 Val: 0x00000078
In clock cycle: 269318
Register Write to Reg: 0x01 Val: 0xFFFF84B8
In clock cycle: 269319
Register Write to Reg: 0x03 Val: 0xFFFFFFC4
In clock cycle: 269320
Register Write to Reg: 0x04 Val: 0xFFFFFF88
In clock cycle: 269321
Register Write to Reg: 0x03 Val: 0x00007B48
In clock cycle: 270340
Register Write to Reg: 0x01 Val: 0x0000003C
In clock cycle: 270341
Register Write to Reg: 0x02 Val: 0x00000078
In clock cycle: 270342
Register Write to Reg: 0x01 Val: 0xFFFF8440
In clock cycle: 270343
Register Write to Reg: 0x03 Val: 0xFFFFFFC4
In clock cycle: 270344
Register Write to Reg: 0x04 Val: 0xFFFFFF88
In clock cycle: 270345
Register Write to Reg: 0x03 Val: 0x00007BC0
In clock cycle: 271364
Register Write to Reg: 0x01 Val: 0x0000003C
In clock cycle: 271365
Register Write to Reg: 0x02 Val: 0x00000078
In clock cycle: 271366
Register Write to Reg: 0x01 Val: 0xFFFF83C8
In clock cycle: 271367
Register Write to Reg: 0x03 Val: 0xFFFFFFC4
In clock cycle: 271368
Register Write to Reg: 0x04 Val: 0xFFFFFF88
In clock cycle: 271369
Register Write to Reg: 0x03 Val: 0x00007C38
In clock cycle: 272388
Register Write to Reg: 0x01 Val: 0x0000003C
In clock cycle: 272389
Register Write to Reg: 0x02 Val: 0x00000078
In clock cycle: 272390
Register Write to Reg: 0x01 Val: 0xFFFF8350
In clock cycle: 272391
Register Write to Reg: 0x03 Val: 0xFFFFFFC4
In clock cycle: 272392
Register Write to Reg: 0x04 Val: 0xFFFFFF88
In clock cycle: 272393
Register Write to Reg: 0x03 Val: 0x00007CB0
In clock cycle: 273412
Register Write to Reg: 0x01 Val: 0x0000003C
In clock cycle: 273413
Register Write to Reg: 0x02 Val: 0x00000078
In clock cycle: 273414
Register Write to Reg: 0x01 Val: 0xFFFF82D8
In clock cycle: 273415
Register Write to Reg: 0x03 Val: 0xFFFFFFC4
In clock cycle: 273416
Register Write to Reg: 0x04 Val: 0xFFFFFF88
In clock cycle: 273417
Register Write to Reg: 0x03 Val: 0x00007D28
In clock cycle: 274436
Register Write to Reg: 0x01 Val: 0x0000003C
In clock cycle: 274437
Register Write to Reg: 0x02 Val: 0x00000078
In clock cycle: 274438
Register Write to Reg: 0x01 Val: 0xFFFF8260
In clock cycle: 274439
Register Write to Reg: 0x03 Val: 0xFFFFFFC4
In clock cycle: 274440
Register Write to Reg: 0x04 Val: 0xFFFFFF88
In clock cycle: 274441
Register Write to Reg: 0x03 Val: 0x00007DA0
In clock cycle: 275460
Register Write to Reg: 0x01 Val: 0x0000003C
In clock cycle: 275461
Register Write to Reg: 0x02 Val: 0x00000078
In clock cycle: 275462
Register Write to Reg: 0x01 Val: 0xFFFF81E8
In clock cycle: 275463
Register Write to Reg: 0x03 Val: 0xFFFFFFC4
In clock cycle: 275464
Register Write to Reg: 0x04 Val: 0xFFFFFF88
In clock cycle: 275465
Register Write to Reg: 0x03 Val: 0x00007E18
In clock cycle: 276484
Register Write to Reg: 0x01 Val: 0x0000003C
In clock cycle: 276485
Register Write to Reg: 0x02 Val: 0x00000078
In clock cycle: 276486
Register Write to Reg: 0x01 Val: 0xFFFF8170
In clock cycle: 276487
Register Write to Reg: 0x03 Val: 0xFFFFFFC4
In clock cycle: 276488
Register Write to Reg: 0x04 Val: 0xFFFFFF88
In clock cycle: 276489
Register Write to Reg: 0x03 Val: 0x00007E90
In clock cycle: 277508
Register Write to Reg: 0x01 Val: 0x0000003C
In clock cycle: 277509
Register Write to Reg: 0x02 Val: 0x00000078
In clock cycle: 277510
Register Write to Reg: 0x01 Val: 0xFFFF80F8
In clock cycle: 277511
Register Write to Reg: 0x03 Val: 0xFFFFFFC4
In clock cycle: 277512
Register Write to Reg: 0x04 Val: 0xFFFFFF88
In clock cycle: 277513
Register Write to Reg: 0x03 Val: 0x00007F08
In clock cycle: 278532
Register Write to Reg: 0x01 Val: 0x0000003C
In clock cycle: 278533
Register Write to Reg: 0x02 Val: 0x00000078
In clock cycle: 278534
Register Write to Reg: 0x01 Val: 0xFFFF8080
In clock cycle: 278535
Register Write to Reg: 0x03 Val: 0xFFFFFFC4
In clock cycle: 278536
Register Write to Reg: 0x04 Val: 0xFFFFFF88
In clock cycle: 278537
Register Write to Reg: 0x03 Val: 0x00007F80
In clock cycle: 279556
Register Write to Reg: 0x01 Val: 0x0000003C
In clock cycle: 279557
Register Write to Reg: 0x02 Val: 0x00000078
In clock cycle: 279558
Register Write to Reg: 0x01 Val: 0xFFFF8008
In clock cycle: 279559
Register Write to Reg: 0x03 Val: 0xFFFFFFC4
In clock cycle: 279560
Register Write to Reg: 0x04 Val: 0xFFFFFF88
In clock cycle: 279561
Register Write to Reg: 0x03 Val: 0x00007FF8
In clock cycle: 280580
Register Write to Reg: 0x01 Val: 0x0000003C
In clock cycle: 280581
Register Write to Reg: 0x02 Val: 0x00000078
In clock cycle: 280582
Register Write to Reg: 0x01 Val: 0xFFFF7F90
In clock cycle: 280583
Register Write to Reg: 0x03 Val: 0xFFFFFFC4
In clock cycle: 280584
Register Write to Reg: 0x04 Val: 0xFFFFFF88
In clock cycle: 280585
Register Write to Reg: 0x03 Val: 0x00008070
In clock cycle: 281604
Register Write to Reg: 0x01 Val: 0x0000003C
In clock cycle: 281605
Register Write to Reg: 0x02 Val: 0x00000078
In clock cycle: 281606
Register Write to Reg: 0x01 Val: 0xFFFF7F18
In clock cycle: 281607
Register Write to Reg: 0x03 Val: 0xFFFFFFC4
In clock cycle: 281608
Register Write to Reg: 0x04 Val: 0xFFFFFF88
In clock cycle: 281609
Register Write to Reg: 0x03 Val: 0x000080E8
In clock cycle: 282628
Register Write to Reg: 0x01 Val: 0x0000003C
In clock cycle: 282629
Register Write to Reg: 0x02 Val: 0x00000078
In clock cycle: 282630
Register Write to Reg: 0x01 Val: 0xFFFF7EA0
In clock cycle: 282631
Register Write to Reg: 0x03 Val: 0xFFFFFFC4
In clock cycle: 282632
Register Write to Reg: 0x04 Val: 0xFFFFFF88
In clock cycle: 282633
Register Write to Reg: 0x03 Val: 0x00008160
In clock cycle: 283652
Register Write to Reg: 0x01 Val: 0x0000003C
In clock cycle: 283653
Register Write to Reg: 0x02 Val: 0x00000078
In clock cycle: 283654
Register Write to Reg: 0x01 Val: 0xFFFF7E28
In clock cycle: 283655
Register Write to Reg: 0x03 Val: 0xFFFFFFC4
In clock cycle: 283656
Register Write to Reg: 0x04 Val: 0xFFFFFF88
In clock cycle: 283657
Register Write to Reg: 0x03 Val: 0x000081D8
In clock cycle: 284676
Register Write to Reg: 0x01 Val: 0x0000003C
In clock cycle: 284677
Register Write to Reg: 0x02 Val: 0x00000078
In clock cycle: 284678
Register Write to Reg: 0x01 Val: 0xFFFF7DB0
In clock cycle: 284679
Register Write to Reg: 0x03 Val: 0xFFFFFFC4
In clock cycle: 284680
Register Write to Reg: 0x04 Val: 0xFFFFFF88
In clock cycle: 284681
Register Write to Reg: 0x03 Val: 0x00008250
In clock cycle: 285700
Register Write to Reg: 0x01 Val: 0x0000003C
In clock cycle: 285701
Register Write to Reg: 0x02 Val: 0x00000078
In clock cycle: 285702
Register Write to Reg: 0x01 Val: 0xFFFF7D38
In clock cycle: 285703
Register Write to Reg: 0x03 Val: 0xFFFFFFC4
In clock cycle: 285704
Register Write to Reg: 0x04 Val: 0xFFFFFF88
In clock cycle: 285705
Register Write to Reg: 0x03 Val: 0x000082C8
In clock cycle: 286724
Register Write to Reg: 0x01 Val: 0x0000003C
In clock cycle: 286725
Register Write to Reg: 0x02 Val: 0x00000078
In clock cycle: 286726
Register Write to Reg: 0x01 Val: 0xFFFF7CC0
In clock cycle: 286727
Register Write to Reg: 0x03 Val: 0xFFFFFFC4
In clock cycle: 286728
Register Write to Reg: 0x04 Val: 0xFFFFFF88
In clock cycle: 286729
Register Write to Reg: 0x03 Val: 0x00008340
In clock cycle: 287748
Register Write to Reg: 0x01 Val: 0x0000003C
In clock cycle: 287749
Register Write to Reg: 0x02 Val: 0x00000078
In clock cycle: 287750
Register Write to Reg: 0x01 Val: 0xFFFF7C48
In clock cycle: 287751
Register Write to Reg: 0x03 Val: 0xFFFFFFC4
In clock cycle: 287752
Register Write to Reg: 0x04 Val: 0xFFFFFF88
In clock cycle: 287753
Register Write to Reg: 0x03 Val: 0x000083B8
In clock cycle: 288772
Register Write to Reg: 0x01 Val: 0x0000003C
In clock cycle: 288773
Register Write to Reg: 0x02 Val: 0x00000078
In clock cycle: 288774
Register Write to Reg: 0x01 Val: 0xFFFF7BD0
In clock cycle: 288775
Register Write to Reg: 0x03 Val: 0xFFFFFFC4
In clock cycle: 288776
Register Write to Reg: 0x04 Val: 0xFFFFFF88
In clock cycle: 288777
Register Write to Reg: 0x03 Val: 0x00008430
In clock cycle: 289796
Register Write to Reg: 0x01 Val: 0x0000003C
In clock cycle: 289797
Register Write to Reg: 0x02 Val: 0x00000078
In clock cycle: 289798
Register Write to Reg: 0x01 Val: 0xFFFF7B58
In clock cycle: 289799
Register Write to Reg: 0x03 Val: 0xFFFFFFC4
In clock cycle: 289800
Register Write to Reg: 0x04 Val: 0xFFFFFF88
In clock cycle: 289801
Register Write to Reg: 0x03 Val: 0x000084A8
In clock cycle: 290820
Register Write to Reg: 0x01 Val: 0x0000003C
In clock cycle: 290821
Register Write to Reg: 0x02 Val: 0x00000078
In clock cycle: 290822
Register Write to Reg: 0x01 Val: 0xFFFF7AE0
In clock cycle: 290823
Register Write to Reg: 0x03 Val: 0xFFFFFFC4
In clock cycle: 290824
Register Write to Reg: 0x04 Val: 0xFFFFFF88
In clock cycle: 290825
Register Write to Reg: 0x03 Val: 0x00008520
In clock cycle: 291844
Register Write to Reg: 0x01 Val: 0x0000003C
In clock cycle: 291845
Register Write to Reg: 0x02 Val: 0x00000078
In clock cycle: 291846
Register Write to Reg: 0x01 Val: 0xFFFF7A68
In clock cycle: 291847
Register Write to Reg: 0x03 Val: 0xFFFFFFC4
In clock cycle: 291848
Register Write to Reg: 0x04 Val: 0xFFFFFF88
In clock cycle: 291849
Register Write to Reg: 0x03 Val: 0x00008598
In clock cycle: 292868
Register Write to Reg: 0x01 Val: 0x0000003C
In clock cycle: 292869
Register Write to Reg: 0x02 Val: 0x00000078
In clock cycle: 292870
Register Write to Reg: 0x01 Val: 0xFFFF79F0
In clock cycle: 292871
Register Write to Reg: 0x03 Val: 0xFFFFFFC4
In clock cycle: 292872
Register Write to Reg: 0x04 Val: 0xFFFFFF88
In clock cycle: 292873
Register Write to Reg: 0x03 Val: 0x00008610
In clock cycle: 293892
Register Write to Reg: 0x01 Val: 0x0000003C
In clock cycle: 293893
Register Write to Reg: 0x02 Val: 0x00000078
In clock cycle: 293894
Register Write to Reg: 0x01 Val: 0xFFFF7978
In clock cycle: 293895
Register Write to Reg: 0x03 Val: 0xFFFFFFC4
In clock cycle: 293896
Register Write to Reg: 0x04 Val: 0xFFFFFF88
In clock cycle: 293897
Register Write to Reg: 0x03 Val: 0x00008688
In clock cycle: 294916
Register Write to Reg: 0x01 Val: 0x0000003C
In clock cycle: 294917
Register Write to Reg: 0x02 Val: 0x00000078
In clock cycle: 294918
Register Write to Reg: 0x01 Val: 0xFFFF7900
In clock cycle: 294919
Register Write to Reg: 0x03 Val: 0xFFFFFFC4
In clock cycle: 294920
Register Write to Reg: 0x04 Val: 0xFFFFFF88
In clock cycle: 294921
Register Write to Reg: 0x03 Val: 0x00008700
In clock cycle: 295940
Register Write to Reg: 0x01 Val: 0x0000003C
In clock cycle: 295941
Register Write to Reg: 0x02 Val: 0x00000078
In clock cycle: 295942
Register Write to Reg: 0x01 Val: 0xFFFF7888
In clock cycle: 295943
Register Write to Reg: 0x03 Val: 0xFFFFFFC4
In clock cycle: 295944
Register Write to Reg: 0x04 Val: 0xFFFFFF88
In clock cycle: 295945
Register Write to Reg: 0x03 Val: 0x00008778
In clock cycle: 296964
Register Write to Reg: 0x01 Val: 0x0000003C
In clock cycle: 296965
Register Write to Reg: 0x02 Val: 0x00000078
In clock cycle: 296966
Register Write to Reg: 0x01 Val: 0xFFFF7810
In clock cycle: 296967
Register Write to Reg: 0x03 Val: 0xFFFFFFC4
In clock cycle: 296968
Register Write to Reg: 0x04 Val: 0xFFFFFF88
In clock cycle: 296969
Register Write to Reg: 0x03 Val: 0x000087F0
In clock cycle: 297988
Register Write to Reg: 0x01 Val: 0x0000003C
In clock cycle: 297989
Register Write to Reg: 0x02 Val: 0x00000078
In clock cycle: 297990
Register Write to Reg: 0x01 Val: 0xFFFF7798
In clock cycle: 297991
Register Write to Reg: 0x03 Val: 0xFFFFFFC4
In clock cycle: 297992
Register Write to Reg: 0x04 Val: 0xFFFFFF88
In clock cycle: 297993
Register Write to Reg: 0x03 Val: 0x00008868
In clock cycle: 299012
Register Write to Reg: 0x01 Val: 0x0000003C
In clock cycle: 299013
Register Write to Reg: 0x02 Val: 0x00000078
In clock cycle: 299014
Register Write to Reg: 0x01 Val: 0xFFFF7720
In clock cycle: 299015
Register Write to Reg: 0x03 Val: 0xFFFFFFC4
In clock cycle: 299016
Register Write to Reg: 0x04 Val: 0xFFFFFF88
In clock cycle: 299017
Register Write to Reg: 0x03 Val: 0x000088E0
In clock cycle: 300036
Register Write to Reg: 0x01 Val: 0x0000003C
In clock cycle: 300037
Register Write to Reg: 0x02 Val: 0x00000078
In clock cycle: 300038
Register Write to Reg: 0x01 Val: 0xFFFF76A8
In clock cycle: 300039
Register Write to Reg: 0x03 Val: 0xFFFFFFC4
In clock cycle: 300040
Register Write to Reg: 0x04 Val: 0xFFFFFF88
In clock cycle: 300041
Register Write to Reg: 0x03 Val: 0x00008958
In clock cycle: 301060
Register Write to Reg: 0x01 Val: 0x0000003C
In clock cycle: 301061
Register Write to Reg: 0x02 Val: 0x00000078
In clock cycle: 301062
Register Write to Reg: 0x01 Val: 0xFFFF7630
In clock cycle: 301063
Register Write to Reg: 0x03 Val: 0xFFFFFFC4
In clock cycle: 301064
Register Write to Reg: 0x04 Val: 0xFFFFFF88
In clock cycle: 301065
Register Write to Reg: 0x03 Val: 0x000089D0
In clock cycle: 302084
Register Write to Reg: 0x01 Val: 0x0000003C
In clock cycle: 302085
Register Write to Reg: 0x02 Val: 0x00000078
In clock cycle: 302086
Register Write to Reg: 0x01 Val: 0xFFFF75B8
In clock cycle: 302087
Register Write to Reg: 0x03 Val: 0xFFFFFFC4
In clock cycle: 302088
Register Write to Reg: 0x04 Val: 0xFFFFFF88
In clock cycle: 302089
Register Write to Reg: 0x03 Val: 0x00008A48
In clock cycle: 303108
Register Write to Reg: 0x01 Val: 0x0000003C
In clock cycle: 303109
Register Write to Reg: 0x02 Val: 0x00000078
In clock cycle: 303110
Register Write to Reg: 0x01 Val: 0xFFFF7540
In clock cycle: 303111
Register Write to Reg: 0x03 Val: 0xFFFFFFC4
In clock cycle: 303112
Register Write to Reg: 0x04 Val: 0xFFFFFF88
In clock cycle: 303113
Register Write to Reg: 0x03 Val: 0x00008AC0
In clock cycle: 304132
Register Write to Reg: 0x01 Val: 0x0000003C
In clock cycle: 304133
Register Write to Reg: 0x02 Val: 0x00000078
In clock cycle: 304134
Register Write to Reg: 0x01 Val: 0xFFFF74C8
In clock cycle: 304135
Register Write to Reg: 0x03 Val: 0xFFFFFFC4
In clock cycle: 304136
Register Write to Reg: 0x04 Val: 0xFFFFFF88
In clock cycle: 304137
Register Write to Reg: 0x03 Val: 0x00008B38
In clock cycle: 305156
Register Write to Reg: 0x01 Val: 0x0000003C
In clock cycle: 305157
Register Write to Reg: 0x02 Val: 0x00000078
In clock cycle: 305158
Register Write to Reg: 0x01 Val: 0xFFFF7450
In clock cycle: 305159
Register Write to Reg: 0x03 Val: 0xFFFFFFC4
In clock cycle: 305160
Register Write to Reg: 0x04 Val: 0xFFFFFF88
In clock cycle: 305161
Register Write to Reg: 0x03 Val: 0x00008BB0
In clock cycle: 306180
Register Write to Reg: 0x01 Val: 0x0000003C
In clock cycle: 306181
Register Write to Reg: 0x02 Val: 0x00000078
In clock cycle: 306182
Register Write to Reg: 0x01 Val: 0xFFFF73D8
In clock cycle: 306183
Register Write to Reg: 0x03 Val: 0xFFFFFFC4
In clock cycle: 306184
Register Write to Reg: 0x04 Val: 0xFFFFFF88
In clock cycle: 306185
Register Write to Reg: 0x03 Val: 0x00008C28
In clock cycle: 307204
Register Write to Reg: 0x01 Val: 0x0000003C
In clock cycle: 307205
Register Write to Reg: 0x02 Val: 0x00000078
In clock cycle: 307206
Register Write to Reg: 0x01 Val: 0xFFFF7360
In clock cycle: 307207
Register Write to Reg: 0x03 Val: 0xFFFFFFC4
In clock cycle: 307208
Register Write to Reg: 0x04 Val: 0xFFFFFF88
In clock cycle: 307209
Register Write to Reg: 0x03 Val: 0x00008CA0
In clock cycle: 308228
Register Write to Reg: 0x01 Val: 0x0000003C
In clock cycle: 308229
Register Write to Reg: 0x02 Val: 0x00000078
In clock cycle: 308230
Register Write to Reg: 0x01 Val: 0xFFFF72E8
In clock cycle: 308231
Register Write to Reg: 0x03 Val: 0xFFFFFFC4
In clock cycle: 308232
Register Write to Reg: 0x04 Val: 0xFFFFFF88
In clock cycle: 308233
Register Write to Reg: 0x03 Val: 0x00008D18
In clock cycle: 309252
Register Write to Reg: 0x01 Val: 0x0000003C
In clock cycle: 309253
Register Write to Reg: 0x02 Val: 0x00000078
In clock cycle: 309254
Register Write to Reg: 0x01 Val: 0xFFFF7270
In clock cycle: 309255
Register Write to Reg: 0x03 Val: 0xFFFFFFC4
In clock cycle: 309256
Register Write to Reg: 0x04 Val: 0xFFFFFF88
In clock cycle: 309257
Register Write to Reg: 0x03 Val: 0x00008D90
In clock cycle: 310276
Register Write to Reg: 0x01 Val: 0x0000003C
In clock cycle: 310277
Register Write to Reg: 0x02 Val: 0x00000078
In clock cycle: 310278
Register Write to Reg: 0x01 Val: 0xFFFF71F8
In clock cycle: 310279
Register Write to Reg: 0x03 Val: 0xFFFFFFC4
In clock cycle: 310280
Register Write to Reg: 0x04 Val: 0xFFFFFF88
In clock cycle: 310281
Register Write to Reg: 0x03 Val: 0x00008E08
In clock cycle: 311300
Register Write to Reg: 0x01 Val: 0x0000003C
In clock cycle: 311301
Register Write to Reg: 0x02 Val: 0x00000078
In clock cycle: 311302
Register Write to Reg: 0x01 Val: 0xFFFF7180
In clock cycle: 311303
Register Write to Reg: 0x03 Val: 0xFFFFFFC4
In clock cycle: 311304
Register Write to Reg: 0x04 Val: 0xFFFFFF88
In clock cycle: 311305
Register Write to Reg: 0x03 Val: 0x00008E80
In clock cycle: 312324
Register Write to Reg: 0x01 Val: 0x0000003C
In clock cycle: 312325
Register Write to Reg: 0x02 Val: 0x00000078
In clock cycle: 312326
Register Write to Reg: 0x01 Val: 0xFFFF7108
In clock cycle: 312327
Register Write to Reg: 0x03 Val: 0xFFFFFFC4
In clock cycle: 312328
Register Write to Reg: 0x04 Val: 0xFFFFFF88
In clock cycle: 312329
Register Write to Reg: 0x03 Val: 0x00008EF8
In clock cycle: 313348
Register Write to Reg: 0x01 Val: 0x0000003C
In clock cycle: 313349
Register Write to Reg: 0x02 Val: 0x00000078
In clock cycle: 313350
Register Write to Reg: 0x01 Val: 0xFFFF7090
In clock cycle: 313351
Register Write to Reg: 0x03 Val: 0xFFFFFFC4
In clock cycle: 313352
Register Write to Reg: 0x04 Val: 0xFFFFFF88
In clock cycle: 313353
Register Write to Reg: 0x03 Val: 0x00008F70
In clock cycle: 314372
Register Write to Reg: 0x01 Val: 0x0000003C
In clock cycle: 314373
Register Write to Reg: 0x02 Val: 0x00000078
In clock cycle: 314374
Register Write to Reg: 0x01 Val: 0xFFFF7018
In clock cycle: 314375
Register Write to Reg: 0x03 Val: 0xFFFFFFC4
In clock cycle: 314376
Register Write to Reg: 0x04 Val: 0xFFFFFF88
In clock cycle: 314377
Register Write to Reg: 0x03 Val: 0x00008FE8
In clock cycle: 315396
Register Write to Reg: 0x01 Val: 0x0000003C
In clock cycle: 315397
Register Write to Reg: 0x02 Val: 0x00000078
In clock cycle: 315398
Register Write to Reg: 0x01 Val: 0xFFFF6FA0
In clock cycle: 315399
Register Write to Reg: 0x03 Val: 0xFFFFFFC4
In clock cycle: 315400
Register Write to Reg: 0x04 Val: 0xFFFFFF88
In clock cycle: 315401
Register Write to Reg: 0x03 Val: 0x00009060
In clock cycle: 316420
Register Write to Reg: 0x01 Val: 0x0000003C
In clock cycle: 316421
Register Write to Reg: 0x02 Val: 0x00000078
In clock cycle: 316422
Register Write to Reg: 0x01 Val: 0xFFFF6F28
In clock cycle: 316423
Register Write to Reg: 0x03 Val: 0xFFFFFFC4
In clock cycle: 316424
Register Write to Reg: 0x04 Val: 0xFFFFFF88
In clock cycle: 316425
Register Write to Reg: 0x03 Val: 0x000090D8
In clock cycle: 317444
Register Write to Reg: 0x01 Val: 0x0000003C
In clock cycle: 317445
Register Write to Reg: 0x02 Val: 0x00000078
In clock cycle: 317446
Register Write to Reg: 0x01 Val: 0xFFFF6EB0
In clock cycle: 317447
Register Write to Reg: 0x03 Val: 0xFFFFFFC4
In clock cycle: 317448
Register Write to Reg: 0x04 Val: 0xFFFFFF88
In clock cycle: 317449
Register Write to Reg: 0x03 Val: 0x00009150
In clock cycle: 318468
Register Write to Reg: 0x01 Val: 0x0000003C
In clock cycle: 318469
Register Write to Reg: 0x02 Val: 0x00000078
In clock cycle: 318470
Register Write to Reg: 0x01 Val: 0xFFFF6E38
In clock cycle: 318471
Register Write to Reg: 0x03 Val: 0xFFFFFFC4
In clock cycle: 318472
Register Write to Reg: 0x04 Val: 0xFFFFFF88
In clock cycle: 318473
Register Write to Reg: 0x03 Val: 0x000091C8
In clock cycle: 319492
Register Write to Reg: 0x01 Val: 0x0000003C
In clock cycle: 319493
Register Write to Reg: 0x02 Val: 0x00000078
In clock cycle: 319494
Register Write to Reg: 0x01 Val: 0xFFFF6DC0
In clock cycle: 319495
Register Write to Reg: 0x03 Val: 0xFFFFFFC4
In clock cycle: 319496
Register Write to Reg: 0x04 Val: 0xFFFFFF88
In clock cycle: 319497
Register Write to Reg: 0x03 Val: 0x00009240
In clock cycle: 320516
Register Write to Reg: 0x01 Val: 0x0000003C
In clock cycle: 320517
Register Write to Reg: 0x02 Val: 0x00000078
In clock cycle: 320518
Register Write to Reg: 0x01 Val: 0xFFFF6D48
In clock cycle: 320519
Register Write to Reg: 0x03 Val: 0xFFFFFFC4
In clock cycle: 320520
Register Write to Reg: 0x04 Val: 0xFFFFFF88
In clock cycle: 320521
Register Write to Reg: 0x03 Val: 0x000092B8
In clock cycle: 321540
Register Write to Reg: 0x01 Val: 0x0000003C
In clock cycle: 321541
Register Write to Reg: 0x02 Val: 0x00000078
In clock cycle: 321542
Register Write to Reg: 0x01 Val: 0xFFFF6CD0
In clock cycle: 321543
Register Write to Reg: 0x03 Val: 0xFFFFFFC4
In clock cycle: 321544
Register Write to Reg: 0x04 Val: 0xFFFFFF88
In clock cycle: 321545
Register Write to Reg: 0x03 Val: 0x00009330
In clock cycle: 322564
Register Write to Reg: 0x01 Val: 0x0000003C
In clock cycle: 322565
Register Write to Reg: 0x02 Val: 0x00000078
In clock cycle: 322566
Register Write to Reg: 0x01 Val: 0xFFFF6C58
In clock cycle: 322567
Register Write to Reg: 0x03 Val: 0xFFFFFFC4
In clock cycle: 322568
Register Write to Reg: 0x04 Val: 0xFFFFFF88
In clock cycle: 322569
Register Write to Reg: 0x03 Val: 0x000093A8
In clock cycle: 323588
Register Write to Reg: 0x01 Val: 0x0000003C
In clock cycle: 323589
Register Write to Reg: 0x02 Val: 0x00000078
In clock cycle: 323590
Register Write to Reg: 0x01 Val: 0xFFFF6BE0
In clock cycle: 323591
Register Write to Reg: 0x03 Val: 0xFFFFFFC4
In clock cycle: 323592
Register Write to Reg: 0x04 Val: 0xFFFFFF88
In clock cycle: 323593
Register Write to Reg: 0x03 Val: 0x00009420
In clock cycle: 324612
Register Write to Reg: 0x01 Val: 0x0000003C
In clock cycle: 324613
Register Write to Reg: 0x02 Val: 0x00000078
In clock cycle: 324614
Register Write to Reg: 0x01 Val: 0xFFFF6B68
In clock cycle: 324615
Register Write to Reg: 0x03 Val: 0xFFFFFFC4
In clock cycle: 324616
Register Write to Reg: 0x04 Val: 0xFFFFFF88
In clock cycle: 324617
Register Write to Reg: 0x03 Val: 0x00009498
In clock cycle: 325636
Register Write to Reg: 0x01 Val: 0x0000003C
In clock cycle: 325637
Register Write to Reg: 0x02 Val: 0x00000078
In clock cycle: 325638
Register Write to Reg: 0x01 Val: 0xFFFF6AF0
In clock cycle: 325639
Register Write to Reg: 0x03 Val: 0xFFFFFFC4
In clock cycle: 325640
Register Write to Reg: 0x04 Val: 0xFFFFFF88
In clock cycle: 325641
Register Write to Reg: 0x03 Val: 0x00009510
In clock cycle: 326660
Register Write to Reg: 0x01 Val: 0x0000003C
In clock cycle: 326661
Register Write to Reg: 0x02 Val: 0x00000078
In clock cycle: 326662
Register Write to Reg: 0x01 Val: 0xFFFF6A78
In clock cycle: 326663
Register Write to Reg: 0x03 Val: 0xFFFFFFC4
In clock cycle: 326664
Register Write to Reg: 0x04 Val: 0xFFFFFF88
In clock cycle: 326665
Register Write to Reg: 0x03 Val: 0x00009588
In clock cycle: 327684
Register Write to Reg: 0x01 Val: 0x0000003C
In clock cycle: 327685
Register Write to Reg: 0x02 Val: 0x00000078
In clock cycle: 327686
Register Write to Reg: 0x01 Val: 0xFFFF6A00
In clock cycle: 327687
Register Write to Reg: 0x03 Val: 0xFFFFFFC4
In clock cycle: 327688
Register Write to Reg: 0x04 Val: 0xFFFFFF88
In clock cycle: 327689
Register Write to Reg: 0x03 Val: 0x00009600
In clock cycle: 328708
Register Write to Reg: 0x01 Val: 0x0000003C
In clock cycle: 328709
Register Write to Reg: 0x02 Val: 0x00000078
In clock cycle: 328710
Register Write to Reg: 0x01 Val: 0xFFFF6988
In clock cycle: 328711
Register Write to Reg: 0x03 Val: 0xFFFFFFC4
In clock cycle: 328712
Register Write to Reg: 0x04 Val: 0xFFFFFF88
In clock cycle: 328713
Register Write to Reg: 0x03 Val: 0x00009678
In clock cycle: 329732
Register Write to Reg: 0x01 Val: 0x0000003C
In clock cycle: 329733
Register Write to Reg: 0x02 Val: 0x00000078
In clock cycle: 329734
Register Write to Reg: 0x01 Val: 0xFFFF6910
In clock cycle: 329735
Register Write to Reg: 0x03 Val: 0xFFFFFFC4
In clock cycle: 329736
Register Write to Reg: 0x04 Val: 0xFFFFFF88
In clock cycle: 329737
Register Write to Reg: 0x03 Val: 0x000096F0
In clock cycle: 330756
Register Write to Reg: 0x01 Val: 0x0000003C
In clock cycle: 330757
Register Write to Reg: 0x02 Val: 0x00000078
In clock cycle: 330758
Register Write to Reg: 0x01 Val: 0xFFFF6898
In clock cycle: 330759
Register Write to Reg: 0x03 Val: 0xFFFFFFC4
In clock cycle: 330760
Register Write to Reg: 0x04 Val: 0xFFFFFF88
In clock cycle: 330761
Register Write to Reg: 0x03 Val: 0x00009768
In clock cycle: 331780
Register Write to Reg: 0x01 Val: 0x0000003C
In clock cycle: 331781
Register Write to Reg: 0x02 Val: 0x00000078
In clock cycle: 331782
Register Write to Reg: 0x01 Val: 0xFFFF6820
In clock cycle: 331783
Register Write to Reg: 0x03 Val: 0xFFFFFFC4
In clock cycle: 331784
Register Write to Reg: 0x04 Val: 0xFFFFFF88
In clock cycle: 331785
Register Write to Reg: 0x03 Val: 0x000097E0
In clock cycle: 332804
Register Write to Reg: 0x01 Val: 0x0000003C
In clock cycle: 332805
Register Write to Reg: 0x02 Val: 0x00000078
In clock cycle: 332806
Register Write to Reg: 0x01 Val: 0xFFFF67A8
In clock cycle: 332807
Register Write to Reg: 0x03 Val: 0xFFFFFFC4
In clock cycle: 332808
Register Write to Reg: 0x04 Val: 0xFFFFFF88
In clock cycle: 332809
Register Write to Reg: 0x03 Val: 0x00009858
In clock cycle: 333828
Register Write to Reg: 0x01 Val: 0x0000003C
In clock cycle: 333829
Register Write to Reg: 0x02 Val: 0x00000078
In clock cycle: 333830
Register Write to Reg: 0x01 Val: 0xFFFF6730
In clock cycle: 333831
Register Write to Reg: 0x03 Val: 0xFFFFFFC4
In clock cycle: 333832
Register Write to Reg: 0x04 Val: 0xFFFFFF88
In clock cycle: 333833
Register Write to Reg: 0x03 Val: 0x000098D0
In clock cycle: 334852
Register Write to Reg: 0x01 Val: 0x0000003C
In clock cycle: 334853
Register Write to Reg: 0x02 Val: 0x00000078
In clock cycle: 334854
Register Write to Reg: 0x01 Val: 0xFFFF66B8
In clock cycle: 334855
Register Write to Reg: 0x03 Val: 0xFFFFFFC4
In clock cycle: 334856
Register Write to Reg: 0x04 Val: 0xFFFFFF88
In clock cycle: 334857
Register Write to Reg: 0x03 Val: 0x00009948
In clock cycle: 335876
Register Write to Reg: 0x01 Val: 0x0000003C
In clock cycle: 335877
Register Write to Reg: 0x02 Val: 0x00000078
In clock cycle: 335878
Register Write to Reg: 0x01 Val: 0xFFFF6640
In clock cycle: 335879
Register Write to Reg: 0x03 Val: 0xFFFFFFC4
In clock cycle: 335880
Register Write to Reg: 0x04 Val: 0xFFFFFF88
In clock cycle: 335881
Register Write to Reg: 0x03 Val: 0x000099C0
In clock cycle: 336900
Register Write to Reg: 0x01 Val: 0x0000003C
In clock cycle: 336901
Register Write to Reg: 0x02 Val: 0x00000078
In clock cycle: 336902
Register Write to Reg: 0x01 Val: 0xFFFF65C8
In clock cycle: 336903
Register Write to Reg: 0x03 Val: 0xFFFFFFC4
In clock cycle: 336904
Register Write to Reg: 0x04 Val: 0xFFFFFF88
In clock cycle: 336905
Register Write to Reg: 0x03 Val: 0x00009A38
In clock cycle: 337924
Register Write to Reg: 0x01 Val: 0x0000003C
In clock cycle: 337925
Register Write to Reg: 0x02 Val: 0x00000078
In clock cycle: 337926
Register Write to Reg: 0x01 Val: 0xFFFF6550
In clock cycle: 337927
Register Write to Reg: 0x03 Val: 0xFFFFFFC4
In clock cycle: 337928
Register Write to Reg: 0x04 Val: 0xFFFFFF88
In clock cycle: 337929
Register Write to Reg: 0x03 Val: 0x00009AB0
In clock cycle: 338948
Register Write to Reg: 0x01 Val: 0x0000003C
In clock cycle: 338949
Register Write to Reg: 0x02 Val: 0x00000078
In clock cycle: 338950
Register Write to Reg: 0x01 Val: 0xFFFF64D8
In clock cycle: 338951
Register Write to Reg: 0x03 Val: 0xFFFFFFC4
In clock cycle: 338952
Register Write to Reg: 0x04 Val: 0xFFFFFF88
In clock cycle: 338953
Register Write to Reg: 0x03 Val: 0x00009B28
In clock cycle: 339972
Register Write to Reg: 0x01 Val: 0x0000003C
In clock cycle: 339973
Register Write to Reg: 0x02 Val: 0x00000078
In clock cycle: 339974
Register Write to Reg: 0x01 Val: 0xFFFF6460
In clock cycle: 339975
Register Write to Reg: 0x03 Val: 0xFFFFFFC4
In clock cycle: 339976
Register Write to Reg: 0x04 Val: 0xFFFFFF88
In clock cycle: 339977
Register Write to Reg: 0x03 Val: 0x00009BA0
In clock cycle: 340996
Register Write to Reg: 0x01 Val: 0x0000003C
In clock cycle: 340997
Register Write to Reg: 0x02 Val: 0x00000078
In clock cycle: 340998
Register Write to Reg: 0x01 Val: 0xFFFF63E8
In clock cycle: 340999
Register Write to Reg: 0x03 Val: 0xFFFFFFC4
In clock cycle: 341000
Register Write to Reg: 0x04 Val: 0xFFFFFF88
In clock cycle: 341001
Register Write to Reg: 0x03 Val: 0x00009C18
In clock cycle: 342020
Register Write to Reg: 0x01 Val: 0x0000003C
In clock cycle: 342021
Register Write to Reg: 0x02 Val: 0x00000078
In clock cycle: 342022
Register Write to Reg: 0x01 Val: 0xFFFF6370
In clock cycle: 342023
Register Write to Reg: 0x03 Val: 0xFFFFFFC4
In clock cycle: 342024
Register Write to Reg: 0x04 Val: 0xFFFFFF88
In clock cycle: 342025
Register Write to Reg: 0x03 Val: 0x00009C90
In clock cycle: 343044
Register Write to Reg: 0x01 Val: 0x0000003C
In clock cycle: 343045
Register Write to Reg: 0x02 Val: 0x00000078
In clock cycle: 343046
Register Write to Reg: 0x01 Val: 0xFFFF62F8
In clock cycle: 343047
Register Write to Reg: 0x03 Val: 0xFFFFFFC4
In clock cycle: 343048
Register Write to Reg: 0x04 Val: 0xFFFFFF88
In clock cycle: 343049
Register Write to Reg: 0x03 Val: 0x00009D08
In clock cycle: 344068
Register Write to Reg: 0x01 Val: 0x0000003C
In clock cycle: 344069
Register Write to Reg: 0x02 Val: 0x00000078
In clock cycle: 344070
Register Write to Reg: 0x01 Val: 0xFFFF6280
In clock cycle: 344071
Register Write to Reg: 0x03 Val: 0xFFFFFFC4
In clock cycle: 344072
Register Write to Reg: 0x04 Val: 0xFFFFFF88
In clock cycle: 344073
Register Write to Reg: 0x03 Val: 0x00009D80
In clock cycle: 345092
Register Write to Reg: 0x01 Val: 0x0000003C
In clock cycle: 345093
Register Write to Reg: 0x02 Val: 0x00000078
In clock cycle: 345094
Register Write to Reg: 0x01 Val: 0xFFFF6208
In clock cycle: 345095
Register Write to Reg: 0x03 Val: 0xFFFFFFC4
In clock cycle: 345096
Register Write to Reg: 0x04 Val: 0xFFFFFF88
In clock cycle: 345097
Register Write to Reg: 0x03 Val: 0x00009DF8
In clock cycle: 346116
Register Write to Reg: 0x01 Val: 0x0000003C
In clock cycle: 346117
Register Write to Reg: 0x02 Val: 0x00000078
In clock cycle: 346118
Register Write to Reg: 0x01 Val: 0xFFFF6190
In clock cycle: 346119
Register Write to Reg: 0x03 Val: 0xFFFFFFC4
In clock cycle: 346120
Register Write to Reg: 0x04 Val: 0xFFFFFF88
In clock cycle: 346121
Register Write to Reg: 0x03 Val: 0x00009E70
In clock cycle: 347140
Register Write to Reg: 0x01 Val: 0x0000003C
In clock cycle: 347141
Register Write to Reg: 0x02 Val: 0x00000078
In clock cycle: 347142
Register Write to Reg: 0x01 Val: 0xFFFF6118
In clock cycle: 347143
Register Write to Reg: 0x03 Val: 0xFFFFFFC4
In clock cycle: 347144
Register Write to Reg: 0x04 Val: 0xFFFFFF88
In clock cycle: 347145
Register Write to Reg: 0x03 Val: 0x00009EE8
In clock cycle: 348164
Register Write to Reg: 0x01 Val: 0x0000003C
In clock cycle: 348165
Register Write to Reg: 0x02 Val: 0x00000078
In clock cycle: 348166
Register Write to Reg: 0x01 Val: 0xFFFF60A0
In clock cycle: 348167
Register Write to Reg: 0x03 Val: 0xFFFFFFC4
In clock cycle: 348168
Register Write to Reg: 0x04 Val: 0xFFFFFF88
In clock cycle: 348169
Register Write to Reg: 0x03 Val: 0x00009F60
In clock cycle: 349188
Register Write to Reg: 0x01 Val: 0x0000003C
In clock cycle: 349189
Register Write to Reg: 0x02 Val: 0x00000078
In clock cycle: 349190
Register Write to Reg: 0x01 Val: 0xFFFF6028
In clock cycle: 349191
Register Write to Reg: 0x03 Val: 0xFFFFFFC4
In clock cycle: 349192
Register Write to Reg: 0x04 Val: 0xFFFFFF88
In clock cycle: 349193
Register Write to Reg: 0x03 Val: 0x00009FD8
In clock cycle: 350212
Register Write to Reg: 0x01 Val: 0x0000003C
In clock cycle: 350213
Register Write to Reg: 0x02 Val: 0x00000078
In clock cycle: 350214
Register Write to Reg: 0x01 Val: 0xFFFF5FB0
In clock cycle: 350215
Register Write to Reg: 0x03 Val: 0xFFFFFFC4
In clock cycle: 350216
Register Write to Reg: 0x04 Val: 0xFFFFFF88
In clock cycle: 350217
Register Write to Reg: 0x03 Val: 0x0000A050
In clock cycle: 351236
Register Write to Reg: 0x01 Val: 0x0000003C
In clock cycle: 351237
Register Write to Reg: 0x02 Val: 0x00000078
In clock cycle: 351238
Register Write to Reg: 0x01 Val: 0xFFFF5F38
In clock cycle: 351239
Register Write to Reg: 0x03 Val: 0xFFFFFFC4
In clock cycle: 351240
Register Write to Reg: 0x04 Val: 0xFFFFFF88
In clock cycle: 351241
Register Write to Reg: 0x03 Val: 0x0000A0C8
In clock cycle: 352260
Register Write to Reg: 0x01 Val: 0x0000003C
In clock cycle: 352261
Register Write to Reg: 0x02 Val: 0x00000078
In clock cycle: 352262
Register Write to Reg: 0x01 Val: 0xFFFF5EC0
In clock cycle: 352263
Register Write to Reg: 0x03 Val: 0xFFFFFFC4
In clock cycle: 352264
Register Write to Reg: 0x04 Val: 0xFFFFFF88
In clock cycle: 352265
Register Write to Reg: 0x03 Val: 0x0000A140
In clock cycle: 353284
Register Write to Reg: 0x01 Val: 0x0000003C
In clock cycle: 353285
Register Write to Reg: 0x02 Val: 0x00000078
In clock cycle: 353286
Register Write to Reg: 0x01 Val: 0xFFFF5E48
In clock cycle: 353287
Register Write to Reg: 0x03 Val: 0xFFFFFFC4
In clock cycle: 353288
Register Write to Reg: 0x04 Val: 0xFFFFFF88
In clock cycle: 353289
Register Write to Reg: 0x03 Val: 0x0000A1B8
In clock cycle: 354308
Register Write to Reg: 0x01 Val: 0x0000003C
In clock cycle: 354309
Register Write to Reg: 0x02 Val: 0x00000078
In clock cycle: 354310
Register Write to Reg: 0x01 Val: 0xFFFF5DD0
In clock cycle: 354311
Register Write to Reg: 0x03 Val: 0xFFFFFFC4
In clock cycle: 354312
Register Write to Reg: 0x04 Val: 0xFFFFFF88
In clock cycle: 354313
Register Write to Reg: 0x03 Val: 0x0000A230
In clock cycle: 355332
Register Write to Reg: 0x01 Val: 0x0000003C
In clock cycle: 355333
Register Write to Reg: 0x02 Val: 0x00000078
In clock cycle: 355334
Register Write to Reg: 0x01 Val: 0xFFFF5D58
In clock cycle: 355335
Register Write to Reg: 0x03 Val: 0xFFFFFFC4
In clock cycle: 355336
Register Write to Reg: 0x04 Val: 0xFFFFFF88
In clock cycle: 355337
Register Write to Reg: 0x03 Val: 0x0000A2A8
In clock cycle: 356356
Register Write to Reg: 0x01 Val: 0x0000003C
In clock cycle: 356357
Register Write to Reg: 0x02 Val: 0x00000078
In clock cycle: 356358
Register Write to Reg: 0x01 Val: 0xFFFF5CE0
In clock cycle: 356359
Register Write to Reg: 0x03 Val: 0xFFFFFFC4
In clock cycle: 356360
Register Write to Reg: 0x04 Val: 0xFFFFFF88
In clock cycle: 356361
Register Write to Reg: 0x03 Val: 0x0000A320
In clock cycle: 357380
Register Write to Reg: 0x01 Val: 0x0000003C
In clock cycle: 357381
Register Write to Reg: 0x02 Val: 0x00000078
In clock cycle: 357382
Register Write to Reg: 0x01 Val: 0xFFFF5C68
In clock cycle: 357383
Register Write to Reg: 0x03 Val: 0xFFFFFFC4
In clock cycle: 357384
Register Write to Reg: 0x04 Val: 0xFFFFFF88
In clock cycle: 357385
Register Write to Reg: 0x03 Val: 0x0000A398
In clock cycle: 358404
Register Write to Reg: 0x01 Val: 0x0000003C
In clock cycle: 358405
Register Write to Reg: 0x02 Val: 0x00000078
In clock cycle: 358406
Register Write to Reg: 0x01 Val: 0xFFFF5BF0
In clock cycle: 358407
Register Write to Reg: 0x03 Val: 0xFFFFFFC4
In clock cycle: 358408
Register Write to Reg: 0x04 Val: 0xFFFFFF88
In clock cycle: 358409
Register Write to Reg: 0x03 Val: 0x0000A410
In clock cycle: 359428
Register Write to Reg: 0x01 Val: 0x0000003C
In clock cycle: 359429
Register Write to Reg: 0x02 Val: 0x00000078
In clock cycle: 359430
Register Write to Reg: 0x01 Val: 0xFFFF5B78
In clock cycle: 359431
Register Write to Reg: 0x03 Val: 0xFFFFFFC4
In clock cycle: 359432
Register Write to Reg: 0x04 Val: 0xFFFFFF88
In clock cycle: 359433
Register Write to Reg: 0x03 Val: 0x0000A488
In clock cycle: 360452
Register Write to Reg: 0x01 Val: 0x0000003C
In clock cycle: 360453
Register Write to Reg: 0x02 Val: 0x00000078
In clock cycle: 360454
Register Write to Reg: 0x01 Val: 0xFFFF5B00
In clock cycle: 360455
Register Write to Reg: 0x03 Val: 0xFFFFFFC4
In clock cycle: 360456
Register Write to Reg: 0x04 Val: 0xFFFFFF88
In clock cycle: 360457
Register Write to Reg: 0x03 Val: 0x0000A500
In clock cycle: 361476
Register Write to Reg: 0x01 Val: 0x0000003C
In clock cycle: 361477
Register Write to Reg: 0x02 Val: 0x00000078
In clock cycle: 361478
Register Write to Reg: 0x01 Val: 0xFFFF5A88
In clock cycle: 361479
Register Write to Reg: 0x03 Val: 0xFFFFFFC4
In clock cycle: 361480
Register Write to Reg: 0x04 Val: 0xFFFFFF88
In clock cycle: 361481
Register Write to Reg: 0x03 Val: 0x0000A578
In clock cycle: 362500
Register Write to Reg: 0x01 Val: 0x0000003C
In clock cycle: 362501
Register Write to Reg: 0x02 Val: 0x00000078
In clock cycle: 362502
Register Write to Reg: 0x01 Val: 0xFFFF5A10
In clock cycle: 362503
Register Write to Reg: 0x03 Val: 0xFFFFFFC4
In clock cycle: 362504
Register Write to Reg: 0x04 Val: 0xFFFFFF88
In clock cycle: 362505
Register Write to Reg: 0x03 Val: 0x0000A5F0
In clock cycle: 363524
Register Write to Reg: 0x01 Val: 0x0000003C
In clock cycle: 363525
Register Write to Reg: 0x02 Val: 0x00000078
In clock cycle: 363526
Register Write to Reg: 0x01 Val: 0xFFFF5998
In clock cycle: 363527
Register Write to Reg: 0x03 Val: 0xFFFFFFC4
In clock cycle: 363528
Register Write to Reg: 0x04 Val: 0xFFFFFF88
In clock cycle: 363529
Register Write to Reg: 0x03 Val: 0x0000A668
In clock cycle: 364548
Register Write to Reg: 0x01 Val: 0x0000003C
In clock cycle: 364549
Register Write to Reg: 0x02 Val: 0x00000078
In clock cycle: 364550
Register Write to Reg: 0x01 Val: 0xFFFF5920
In clock cycle: 364551
Register Write to Reg: 0x03 Val: 0xFFFFFFC4
In clock cycle: 364552
Register Write to Reg: 0x04 Val: 0xFFFFFF88
In clock cycle: 364553
Register Write to Reg: 0x03 Val: 0x0000A6E0
In clock cycle: 365572
Register Write to Reg: 0x01 Val: 0x0000003C
In clock cycle: 365573
Register Write to Reg: 0x02 Val: 0x00000078
In clock cycle: 365574
Register Write to Reg: 0x01 Val: 0xFFFF58A8
In clock cycle: 365575
Register Write to Reg: 0x03 Val: 0xFFFFFFC4
In clock cycle: 365576
Register Write to Reg: 0x04 Val: 0xFFFFFF88
In clock cycle: 365577
Register Write to Reg: 0x03 Val: 0x0000A758
In clock cycle: 366596
Register Write to Reg: 0x01 Val: 0x0000003C
In clock cycle: 366597
Register Write to Reg: 0x02 Val: 0x00000078
In clock cycle: 366598
Register Write to Reg: 0x01 Val: 0xFFFF5830
In clock cycle: 366599
Register Write to Reg: 0x03 Val: 0xFFFFFFC4
In clock cycle: 366600
Register Write to Reg: 0x04 Val: 0xFFFFFF88
In clock cycle: 366601
Register Write to Reg: 0x03 Val: 0x0000A7D0
In clock cycle: 367620
Register Write to Reg: 0x01 Val: 0x0000003C
In clock cycle: 367621
Register Write to Reg: 0x02 Val: 0x00000078
In clock cycle: 367622
Register Write to Reg: 0x01 Val: 0xFFFF57B8
In clock cycle: 367623
Register Write to Reg: 0x03 Val: 0xFFFFFFC4
In clock cycle: 367624
Register Write to Reg: 0x04 Val: 0xFFFFFF88
In clock cycle: 367625
Register Write to Reg: 0x03 Val: 0x0000A848
In clock cycle: 368644
Register Write to Reg: 0x01 Val: 0x0000003C
In clock cycle: 368645
Register Write to Reg: 0x02 Val: 0x00000078
In clock cycle: 368646
Register Write to Reg: 0x01 Val: 0xFFFF5740
In clock cycle: 368647
Register Write to Reg: 0x03 Val: 0xFFFFFFC4
In clock cycle: 368648
Register Write to Reg: 0x04 Val: 0xFFFFFF88
In clock cycle: 368649
Register Write to Reg: 0x03 Val: 0x0000A8C0
In clock cycle: 369668
Register Write to Reg: 0x01 Val: 0x0000003C
In clock cycle: 369669
Register Write to Reg: 0x02 Val: 0x00000078
In clock cycle: 369670
Register Write to Reg: 0x01 Val: 0xFFFF56C8
In clock cycle: 369671
Register Write to Reg: 0x03 Val: 0xFFFFFFC4
In clock cycle: 369672
Register Write to Reg: 0x04 Val: 0xFFFFFF88
In clock cycle: 369673
Register Write to Reg: 0x03 Val: 0x0000A938
In clock cycle: 370692
Register Write to Reg: 0x01 Val: 0x0000003C
In clock cycle: 370693
Register Write to Reg: 0x02 Val: 0x00000078
In clock cycle: 370694
Register Write to Reg: 0x01 Val: 0xFFFF5650
In clock cycle: 370695
Register Write to Reg: 0x03 Val: 0xFFFFFFC4
In clock cycle: 370696
Register Write to Reg: 0x04 Val: 0xFFFFFF88
In clock cycle: 370697
Register Write to Reg: 0x03 Val: 0x0000A9B0
In clock cycle: 371716
Register Write to Reg: 0x01 Val: 0x0000003C
In clock cycle: 371717
Register Write to Reg: 0x02 Val: 0x00000078
In clock cycle: 371718
Register Write to Reg: 0x01 Val: 0xFFFF55D8
In clock cycle: 371719
Register Write to Reg: 0x03 Val: 0xFFFFFFC4
In clock cycle: 371720
Register Write to Reg: 0x04 Val: 0xFFFFFF88
In clock cycle: 371721
Register Write to Reg: 0x03 Val: 0x0000AA28
In clock cycle: 372740
Register Write to Reg: 0x01 Val: 0x0000003C
In clock cycle: 372741
Register Write to Reg: 0x02 Val: 0x00000078
In clock cycle: 372742
Register Write to Reg: 0x01 Val: 0xFFFF5560
In clock cycle: 372743
Register Write to Reg: 0x03 Val: 0xFFFFFFC4
In clock cycle: 372744
Register Write to Reg: 0x04 Val: 0xFFFFFF88
In clock cycle: 372745
Register Write to Reg: 0x03 Val: 0x0000AAA0
In clock cycle: 373764
Register Write to Reg: 0x01 Val: 0x0000003C
In clock cycle: 373765
Register Write to Reg: 0x02 Val: 0x00000078
In clock cycle: 373766
Register Write to Reg: 0x01 Val: 0xFFFF54E8
In clock cycle: 373767
Register Write to Reg: 0x03 Val: 0xFFFFFFC4
In clock cycle: 373768
Register Write to Reg: 0x04 Val: 0xFFFFFF88
In clock cycle: 373769
Register Write to Reg: 0x03 Val: 0x0000AB18
In clock cycle: 374788
Register Write to Reg: 0x01 Val: 0x0000003C
In clock cycle: 374789
Register Write to Reg: 0x02 Val: 0x00000078
In clock cycle: 374790
Register Write to Reg: 0x01 Val: 0xFFFF5470
In clock cycle: 374791
Register Write to Reg: 0x03 Val: 0xFFFFFFC4
In clock cycle: 374792
Register Write to Reg: 0x04 Val: 0xFFFFFF88
In clock cycle: 374793
Register Write to Reg: 0x03 Val: 0x0000AB90
In clock cycle: 375812
Register Write to Reg: 0x01 Val: 0x0000003C
In clock cycle: 375813
Register Write to Reg: 0x02 Val: 0x00000078
In clock cycle: 375814
Register Write to Reg: 0x01 Val: 0xFFFF53F8
In clock cycle: 375815
Register Write to Reg: 0x03 Val: 0xFFFFFFC4
In clock cycle: 375816
Register Write to Reg: 0x04 Val: 0xFFFFFF88
In clock cycle: 375817
Register Write to Reg: 0x03 Val: 0x0000AC08
In clock cycle: 376836
Register Write to Reg: 0x01 Val: 0x0000003C
In clock cycle: 376837
Register Write to Reg: 0x02 Val: 0x00000078
In clock cycle: 376838
Register Write to Reg: 0x01 Val: 0xFFFF5380
In clock cycle: 376839
Register Write to Reg: 0x03 Val: 0xFFFFFFC4
In clock cycle: 376840
Register Write to Reg: 0x04 Val: 0xFFFFFF88
In clock cycle: 376841
Register Write to Reg: 0x03 Val: 0x0000AC80
In clock cycle: 377860
Register Write to Reg: 0x01 Val: 0x0000003C
In clock cycle: 377861
Register Write to Reg: 0x02 Val: 0x00000078
In clock cycle: 377862
Register Write to Reg: 0x01 Val: 0xFFFF5308
In clock cycle: 377863
Register Write to Reg: 0x03 Val: 0xFFFFFFC4
In clock cycle: 377864
Register Write to Reg: 0x04 Val: 0xFFFFFF88
In clock cycle: 377865
Register Write to Reg: 0x03 Val: 0x0000ACF8
In clock cycle: 378884
Register Write to Reg: 0x01 Val: 0x0000003C
In clock cycle: 378885
Register Write to Reg: 0x02 Val: 0x00000078
In clock cycle: 378886
Register Write to Reg: 0x01 Val: 0xFFFF5290
In clock cycle: 378887
Register Write to Reg: 0x03 Val: 0xFFFFFFC4
In clock cycle: 378888
Register Write to Reg: 0x04 Val: 0xFFFFFF88
In clock cycle: 378889
Register Write to Reg: 0x03 Val: 0x0000AD70
In clock cycle: 379908
Register Write to Reg: 0x01 Val: 0x0000003C
In clock cycle: 379909
Register Write to Reg: 0x02 Val: 0x00000078
In clock cycle: 379910
Register Write to Reg: 0x01 Val: 0xFFFF5218
In clock cycle: 379911
Register Write to Reg: 0x03 Val: 0xFFFFFFC4
In clock cycle: 379912
Register Write to Reg: 0x04 Val: 0xFFFFFF88
In clock cycle: 379913
Register Write to Reg: 0x03 Val: 0x0000ADE8
In clock cycle: 380932
Register Write to Reg: 0x01 Val: 0x0000003C
In clock cycle: 380933
Register Write to Reg: 0x02 Val: 0x00000078
In clock cycle: 380934
Register Write to Reg: 0x01 Val: 0xFFFF51A0
In clock cycle: 380935
Register Write to Reg: 0x03 Val: 0xFFFFFFC4
In clock cycle: 380936
Register Write to Reg: 0x04 Val: 0xFFFFFF88
In clock cycle: 380937
Register Write to Reg: 0x03 Val: 0x0000AE60
In clock cycle: 381956
Register Write to Reg: 0x01 Val: 0x0000003C
In clock cycle: 381957
Register Write to Reg: 0x02 Val: 0x00000078
In clock cycle: 381958
Register Write to Reg: 0x01 Val: 0xFFFF5128
In clock cycle: 381959
Register Write to Reg: 0x03 Val: 0xFFFFFFC4
In clock cycle: 381960
Register Write to Reg: 0x04 Val: 0xFFFFFF88
In clock cycle: 381961
Register Write to Reg: 0x03 Val: 0x0000AED8
In clock cycle: 382980
Register Write to Reg: 0x01 Val: 0x0000003C
In clock cycle: 382981
Register Write to Reg: 0x02 Val: 0x00000078
In clock cycle: 382982
Register Write to Reg: 0x01 Val: 0xFFFF50B0
In clock cycle: 382983
Register Write to Reg: 0x03 Val: 0xFFFFFFC4
In clock cycle: 382984
Register Write to Reg: 0x04 Val: 0xFFFFFF88
In clock cycle: 382985
Register Write to Reg: 0x03 Val: 0x0000AF50
In clock cycle: 384004
Register Write to Reg: 0x01 Val: 0x0000003C
In clock cycle: 384005
Register Write to Reg: 0x02 Val: 0x00000078
In clock cycle: 384006
Register Write to Reg: 0x01 Val: 0xFFFF5038
In clock cycle: 384007
Register Write to Reg: 0x03 Val: 0xFFFFFFC4
In clock cycle: 384008
Register Write to Reg: 0x04 Val: 0xFFFFFF88
In clock cycle: 384009
Register Write to Reg: 0x03 Val: 0x0000AFC8
In clock cycle: 385028
Register Write to Reg: 0x01 Val: 0x0000003C
In clock cycle: 385029
Register Write to Reg: 0x02 Val: 0x00000078
In clock cycle: 385030
Register Write to Reg: 0x01 Val: 0xFFFF4FC0
In clock cycle: 385031
Register Write to Reg: 0x03 Val: 0xFFFFFFC4
In clock cycle: 385032
Register Write to Reg: 0x04 Val: 0xFFFFFF88
In clock cycle: 385033
Register Write to Reg: 0x03 Val: 0x0000B040
In clock cycle: 386052
Register Write to Reg: 0x01 Val: 0x0000003C
In clock cycle: 386053
Register Write to Reg: 0x02 Val: 0x00000078
In clock cycle: 386054
Register Write to Reg: 0x01 Val: 0xFFFF4F48
In clock cycle: 386055
Register Write to Reg: 0x03 Val: 0xFFFFFFC4
In clock cycle: 386056
Register Write to Reg: 0x04 Val: 0xFFFFFF88
In clock cycle: 386057
Register Write to Reg: 0x03 Val: 0x0000B0B8
In clock cycle: 387076
Register Write to Reg: 0x01 Val: 0x0000003C
In clock cycle: 387077
Register Write to Reg: 0x02 Val: 0x00000078
In clock cycle: 387078
Register Write to Reg: 0x01 Val: 0xFFFF4ED0
In clock cycle: 387079
Register Write to Reg: 0x03 Val: 0xFFFFFFC4
In clock cycle: 387080
Register Write to Reg: 0x04 Val: 0xFFFFFF88
In clock cycle: 387081
Register Write to Reg: 0x03 Val: 0x0000B130
In clock cycle: 388100
Register Write to Reg: 0x01 Val: 0x0000003C
In clock cycle: 388101
Register Write to Reg: 0x02 Val: 0x00000078
In clock cycle: 388102
Register Write to Reg: 0x01 Val: 0xFFFF4E58
In clock cycle: 388103
Register Write to Reg: 0x03 Val: 0xFFFFFFC4
In clock cycle: 388104
Register Write to Reg: 0x04 Val: 0xFFFFFF88
In clock cycle: 388105
Register Write to Reg: 0x03 Val: 0x0000B1A8
In clock cycle: 389124
Register Write to Reg: 0x01 Val: 0x0000003C
In clock cycle: 389125
Register Write to Reg: 0x02 Val: 0x00000078
In clock cycle: 389126
Register Write to Reg: 0x01 Val: 0xFFFF4DE0
In clock cycle: 389127
Register Write to Reg: 0x03 Val: 0xFFFFFFC4
In clock cycle: 389128
Register Write to Reg: 0x04 Val: 0xFFFFFF88
In clock cycle: 389129
Register Write to Reg: 0x03 Val: 0x0000B220
In clock cycle: 390148
Register Write to Reg: 0x01 Val: 0x0000003C
In clock cycle: 390149
Register Write to Reg: 0x02 Val: 0x00000078
In clock cycle: 390150
Register Write to Reg: 0x01 Val: 0xFFFF4D68
In clock cycle: 390151
Register Write to Reg: 0x03 Val: 0xFFFFFFC4
In clock cycle: 390152
Register Write to Reg: 0x04 Val: 0xFFFFFF88
In clock cycle: 390153
Register Write to Reg: 0x03 Val: 0x0000B298
In clock cycle: 391172
Register Write to Reg: 0x01 Val: 0x0000003C
In clock cycle: 391173
Register Write to Reg: 0x02 Val: 0x00000078
In clock cycle: 391174
Register Write to Reg: 0x01 Val: 0xFFFF4CF0
In clock cycle: 391175
Register Write to Reg: 0x03 Val: 0xFFFFFFC4
In clock cycle: 391176
Register Write to Reg: 0x04 Val: 0xFFFFFF88
In clock cycle: 391177
Register Write to Reg: 0x03 Val: 0x0000B310
In clock cycle: 392196
Register Write to Reg: 0x01 Val: 0x0000003C
In clock cycle: 392197
Register Write to Reg: 0x02 Val: 0x00000078
In clock cycle: 392198
Register Write to Reg: 0x01 Val: 0xFFFF4C78
In clock cycle: 392199
Register Write to Reg: 0x03 Val: 0xFFFFFFC4
In clock cycle: 392200
Register Write to Reg: 0x04 Val: 0xFFFFFF88
In clock cycle: 392201
Register Write to Reg: 0x03 Val: 0x0000B388
In clock cycle: 393220
Register Write to Reg: 0x01 Val: 0x0000003C
In clock cycle: 393221
Register Write to Reg: 0x02 Val: 0x00000078
In clock cycle: 393222
Register Write to Reg: 0x01 Val: 0xFFFF4C00
In clock cycle: 393223
Register Write to Reg: 0x03 Val: 0xFFFFFFC4
In clock cycle: 393224
Register Write to Reg: 0x04 Val: 0xFFFFFF88
In clock cycle: 393225
Register Write to Reg: 0x03 Val: 0x0000B400
In clock cycle: 394244
Register Write to Reg: 0x01 Val: 0x0000003C
In clock cycle: 394245
Register Write to Reg: 0x02 Val: 0x00000078
In clock cycle: 394246
Register Write to Reg: 0x01 Val: 0xFFFF4B88
In clock cycle: 394247
Register Write to Reg: 0x03 Val: 0xFFFFFFC4
In clock cycle: 394248
Register Write to Reg: 0x04 Val: 0xFFFFFF88
In clock cycle: 394249
Register Write to Reg: 0x03 Val: 0x0000B478
In clock cycle: 395268
Register Write to Reg: 0x01 Val: 0x0000003C
In clock cycle: 395269
Register Write to Reg: 0x02 Val: 0x00000078
In clock cycle: 395270
Register Write to Reg: 0x01 Val: 0xFFFF4B10
In clock cycle: 395271
Register Write to Reg: 0x03 Val: 0xFFFFFFC4
In clock cycle: 395272
Register Write to Reg: 0x04 Val: 0xFFFFFF88
In clock cycle: 395273
Register Write to Reg: 0x03 Val: 0x0000B4F0
In clock cycle: 396292
Register Write to Reg: 0x01 Val: 0x0000003C
In clock cycle: 396293
Register Write to Reg: 0x02 Val: 0x00000078
In clock cycle: 396294
Register Write to Reg: 0x01 Val: 0xFFFF4A98
In clock cycle: 396295
Register Write to Reg: 0x03 Val: 0xFFFFFFC4
In clock cycle: 396296
Register Write to Reg: 0x04 Val: 0xFFFFFF88
In clock cycle: 396297
Register Write to Reg: 0x03 Val: 0x0000B568
In clock cycle: 397316
Register Write to Reg: 0x01 Val: 0x0000003C
In clock cycle: 397317
Register Write to Reg: 0x02 Val: 0x00000078
In clock cycle: 397318
Register Write to Reg: 0x01 Val: 0xFFFF4A20
In clock cycle: 397319
Register Write to Reg: 0x03 Val: 0xFFFFFFC4
In clock cycle: 397320
Register Write to Reg: 0x04 Val: 0xFFFFFF88
In clock cycle: 397321
Register Write to Reg: 0x03 Val: 0x0000B5E0
In clock cycle: 398340
Register Write to Reg: 0x01 Val: 0x0000003C
In clock cycle: 398341
Register Write to Reg: 0x02 Val: 0x00000078
In clock cycle: 398342
Register Write to Reg: 0x01 Val: 0xFFFF49A8
In clock cycle: 398343
Register Write to Reg: 0x03 Val: 0xFFFFFFC4
In clock cycle: 398344
Register Write to Reg: 0x04 Val: 0xFFFFFF88
In clock cycle: 398345
Register Write to Reg: 0x03 Val: 0x0000B658
In clock cycle: 399364
Register Write to Reg: 0x01 Val: 0x0000003C
In clock cycle: 399365
Register Write to Reg: 0x02 Val: 0x00000078
In clock cycle: 399366
Register Write to Reg: 0x01 Val: 0xFFFF4930
In clock cycle: 399367
Register Write to Reg: 0x03 Val: 0xFFFFFFC4
In clock cycle: 399368
Register Write to Reg: 0x04 Val: 0xFFFFFF88
In clock cycle: 399369
Register Write to Reg: 0x03 Val: 0x0000B6D0
In clock cycle: 400388
Register Write to Reg: 0x01 Val: 0x0000003C
In clock cycle: 400389
Register Write to Reg: 0x02 Val: 0x00000078
In clock cycle: 400390
Register Write to Reg: 0x01 Val: 0xFFFF48B8
In clock cycle: 400391
Register Write to Reg: 0x03 Val: 0xFFFFFFC4
In clock cycle: 400392
Register Write to Reg: 0x04 Val: 0xFFFFFF88
In clock cycle: 400393
Register Write to Reg: 0x03 Val: 0x0000B748
In clock cycle: 401412
Register Write to Reg: 0x01 Val: 0x0000003C
In clock cycle: 401413
Register Write to Reg: 0x02 Val: 0x00000078
In clock cycle: 401414
Register Write to Reg: 0x01 Val: 0xFFFF4840
In clock cycle: 401415
Register Write to Reg: 0x03 Val: 0xFFFFFFC4
In clock cycle: 401416
Register Write to Reg: 0x04 Val: 0xFFFFFF88
In clock cycle: 401417
Register Write to Reg: 0x03 Val: 0x0000B7C0
In clock cycle: 402436
Register Write to Reg: 0x01 Val: 0x0000003C
In clock cycle: 402437
Register Write to Reg: 0x02 Val: 0x00000078
In clock cycle: 402438
Register Write to Reg: 0x01 Val: 0xFFFF47C8
In clock cycle: 402439
Register Write to Reg: 0x03 Val: 0xFFFFFFC4
In clock cycle: 402440
Register Write to Reg: 0x04 Val: 0xFFFFFF88
In clock cycle: 402441
Register Write to Reg: 0x03 Val: 0x0000B838
In clock cycle: 403460
Register Write to Reg: 0x01 Val: 0x0000003C
In clock cycle: 403461
Register Write to Reg: 0x02 Val: 0x00000078
In clock cycle: 403462
Register Write to Reg: 0x01 Val: 0xFFFF4750
In clock cycle: 403463
Register Write to Reg: 0x03 Val: 0xFFFFFFC4
In clock cycle: 403464
Register Write to Reg: 0x04 Val: 0xFFFFFF88
In clock cycle: 403465
Register Write to Reg: 0x03 Val: 0x0000B8B0
In clock cycle: 404484
Register Write to Reg: 0x01 Val: 0x0000003C
In clock cycle: 404485
Register Write to Reg: 0x02 Val: 0x00000078
In clock cycle: 404486
Register Write to Reg: 0x01 Val: 0xFFFF46D8
In clock cycle: 404487
Register Write to Reg: 0x03 Val: 0xFFFFFFC4
In clock cycle: 404488
Register Write to Reg: 0x04 Val: 0xFFFFFF88
In clock cycle: 404489
Register Write to Reg: 0x03 Val: 0x0000B928
In clock cycle: 405508
Register Write to Reg: 0x01 Val: 0x0000003C
In clock cycle: 405509
Register Write to Reg: 0x02 Val: 0x00000078
In clock cycle: 405510
Register Write to Reg: 0x01 Val: 0xFFFF4660
In clock cycle: 405511
Register Write to Reg: 0x03 Val: 0xFFFFFFC4
In clock cycle: 405512
Register Write to Reg: 0x04 Val: 0xFFFFFF88
In clock cycle: 405513
Register Write to Reg: 0x03 Val: 0x0000B9A0
In clock cycle: 406532
Register Write to Reg: 0x01 Val: 0x0000003C
In clock cycle: 406533
Register Write to Reg: 0x02 Val: 0x00000078
In clock cycle: 406534
Register Write to Reg: 0x01 Val: 0xFFFF45E8
In clock cycle: 406535
Register Write to Reg: 0x03 Val: 0xFFFFFFC4
In clock cycle: 406536
Register Write to Reg: 0x04 Val: 0xFFFFFF88
In clock cycle: 406537
Register Write to Reg: 0x03 Val: 0x0000BA18
In clock cycle: 407556
Register Write to Reg: 0x01 Val: 0x0000003C
In clock cycle: 407557
Register Write to Reg: 0x02 Val: 0x00000078
In clock cycle: 407558
Register Write to Reg: 0x01 Val: 0xFFFF4570
In clock cycle: 407559
Register Write to Reg: 0x03 Val: 0xFFFFFFC4
In clock cycle: 407560
Register Write to Reg: 0x04 Val: 0xFFFFFF88
In clock cycle: 407561
Register Write to Reg: 0x03 Val: 0x0000BA90
In clock cycle: 408580
Register Write to Reg: 0x01 Val: 0x0000003C
In clock cycle: 408581
Register Write to Reg: 0x02 Val: 0x00000078
In clock cycle: 408582
Register Write to Reg: 0x01 Val: 0xFFFF44F8
In clock cycle: 408583
Register Write to Reg: 0x03 Val: 0xFFFFFFC4
In clock cycle: 408584
Register Write to Reg: 0x04 Val: 0xFFFFFF88
In clock cycle: 408585
Register Write to Reg: 0x03 Val: 0x0000BB08
In clock cycle: 409604
Register Write to Reg: 0x01 Val: 0x0000003C
In clock cycle: 409605
Register Write to Reg: 0x02 Val: 0x00000078
In clock cycle: 409606
Register Write to Reg: 0x01 Val: 0xFFFF4480
In clock cycle: 409607
Register Write to Reg: 0x03 Val: 0xFFFFFFC4
In clock cycle: 409608
Register Write to Reg: 0x04 Val: 0xFFFFFF88
In clock cycle: 409609
Register Write to Reg: 0x03 Val: 0x0000BB80
In clock cycle: 410628
Register Write to Reg: 0x01 Val: 0x0000003C
In clock cycle: 410629
Register Write to Reg: 0x02 Val: 0x00000078
In clock cycle: 410630
Register Write to Reg: 0x01 Val: 0xFFFF4408
In clock cycle: 410631
Register Write to Reg: 0x03 Val: 0xFFFFFFC4
In clock cycle: 410632
Register Write to Reg: 0x04 Val: 0xFFFFFF88
In clock cycle: 410633
Register Write to Reg: 0x03 Val: 0x0000BBF8
In clock cycle: 411652
Register Write to Reg: 0x01 Val: 0x0000003C
In clock cycle: 411653
Register Write to Reg: 0x02 Val: 0x00000078
In clock cycle: 411654
Register Write to Reg: 0x01 Val: 0xFFFF4390
In clock cycle: 411655
Register Write to Reg: 0x03 Val: 0xFFFFFFC4
In clock cycle: 411656
Register Write to Reg: 0x04 Val: 0xFFFFFF88
In clock cycle: 411657
Register Write to Reg: 0x03 Val: 0x0000BC70
In clock cycle: 412676
Register Write to Reg: 0x01 Val: 0x0000003C
In clock cycle: 412677
Register Write to Reg: 0x02 Val: 0x00000078
In clock cycle: 412678
Register Write to Reg: 0x01 Val: 0xFFFF4318
In clock cycle: 412679
Register Write to Reg: 0x03 Val: 0xFFFFFFC4
In clock cycle: 412680
Register Write to Reg: 0x04 Val: 0xFFFFFF88
In clock cycle: 412681
Register Write to Reg: 0x03 Val: 0x0000BCE8
In clock cycle: 413700
Register Write to Reg: 0x01 Val: 0x0000003C
In clock cycle: 413701
Register Write to Reg: 0x02 Val: 0x00000078
In clock cycle: 413702
Register Write to Reg: 0x01 Val: 0xFFFF42A0
In clock cycle: 413703
Register Write to Reg: 0x03 Val: 0xFFFFFFC4
In clock cycle: 413704
Register Write to Reg: 0x04 Val: 0xFFFFFF88
In clock cycle: 413705
Register Write to Reg: 0x03 Val: 0x0000BD60
In clock cycle: 414724
Register Write to Reg: 0x01 Val: 0x0000003C
In clock cycle: 414725
Register Write to Reg: 0x02 Val: 0x00000078
In clock cycle: 414726
Register Write to Reg: 0x01 Val: 0xFFFF4228
In clock cycle: 414727
Register Write to Reg: 0x03 Val: 0xFFFFFFC4
In clock cycle: 414728
Register Write to Reg: 0x04 Val: 0xFFFFFF88
In clock cycle: 414729
Register Write to Reg: 0x03 Val: 0x0000BDD8
In clock cycle: 415748
Register Write to Reg: 0x01 Val: 0x0000003C
In clock cycle: 415749
Register Write to Reg: 0x02 Val: 0x00000078
In clock cycle: 415750
Register Write to Reg: 0x01 Val: 0xFFFF41B0
In clock cycle: 415751
Register Write to Reg: 0x03 Val: 0xFFFFFFC4
In clock cycle: 415752
Register Write to Reg: 0x04 Val: 0xFFFFFF88
In clock cycle: 415753
Register Write to Reg: 0x03 Val: 0x0000BE50
In clock cycle: 416772
Register Write to Reg: 0x01 Val: 0x0000003C
In clock cycle: 416773
Register Write to Reg: 0x02 Val: 0x00000078
In clock cycle: 416774
Register Write to Reg: 0x01 Val: 0xFFFF4138
In clock cycle: 416775
Register Write to Reg: 0x03 Val: 0xFFFFFFC4
In clock cycle: 416776
Register Write to Reg: 0x04 Val: 0xFFFFFF88
In clock cycle: 416777
Register Write to Reg: 0x03 Val: 0x0000BEC8
In clock cycle: 417796
Register Write to Reg: 0x01 Val: 0x0000003C
In clock cycle: 417797
Register Write to Reg: 0x02 Val: 0x00000078
In clock cycle: 417798
Register Write to Reg: 0x01 Val: 0xFFFF40C0
In clock cycle: 417799
Register Write to Reg: 0x03 Val: 0xFFFFFFC4
In clock cycle: 417800
Register Write to Reg: 0x04 Val: 0xFFFFFF88
In clock cycle: 417801
Register Write to Reg: 0x03 Val: 0x0000BF40
In clock cycle: 418820
Register Write to Reg: 0x01 Val: 0x0000003C
In clock cycle: 418821
Register Write to Reg: 0x02 Val: 0x00000078
In clock cycle: 418822
Register Write to Reg: 0x01 Val: 0xFFFF4048
In clock cycle: 418823
Register Write to Reg: 0x03 Val: 0xFFFFFFC4
In clock cycle: 418824
Register Write to Reg: 0x04 Val: 0xFFFFFF88
In clock cycle: 418825
Register Write to Reg: 0x03 Val: 0x0000BFB8
In clock cycle: 419844
Register Write to Reg: 0x01 Val: 0x0000003C
In clock cycle: 419845
Register Write to Reg: 0x02 Val: 0x00000078
In clock cycle: 419846
Register Write to Reg: 0x01 Val: 0xFFFF3FD0
In clock cycle: 419847
Register Write to Reg: 0x03 Val: 0xFFFFFFC4
In clock cycle: 419848
Register Write to Reg: 0x04 Val: 0xFFFFFF88
In clock cycle: 419849
Register Write to Reg: 0x03 Val: 0x0000C030
In clock cycle: 420868
Register Write to Reg: 0x01 Val: 0x0000003C
In clock cycle: 420869
Register Write to Reg: 0x02 Val: 0x00000078
In clock cycle: 420870
Register Write to Reg: 0x01 Val: 0xFFFF3F58
In clock cycle: 420871
Register Write to Reg: 0x03 Val: 0xFFFFFFC4
In clock cycle: 420872
Register Write to Reg: 0x04 Val: 0xFFFFFF88
In clock cycle: 420873
Register Write to Reg: 0x03 Val: 0x0000C0A8
In clock cycle: 421892
Register Write to Reg: 0x01 Val: 0x0000003C
In clock cycle: 421893
Register Write to Reg: 0x02 Val: 0x00000078
In clock cycle: 421894
Register Write to Reg: 0x01 Val: 0xFFFF3EE0
In clock cycle: 421895
Register Write to Reg: 0x03 Val: 0xFFFFFFC4
In clock cycle: 421896
Register Write to Reg: 0x04 Val: 0xFFFFFF88
In clock cycle: 421897
Register Write to Reg: 0x03 Val: 0x0000C120
In clock cycle: 422916
Register Write to Reg: 0x01 Val: 0x0000003C
In clock cycle: 422917
Register Write to Reg: 0x02 Val: 0x00000078
In clock cycle: 422918
Register Write to Reg: 0x01 Val: 0xFFFF3E68
In clock cycle: 422919
Register Write to Reg: 0x03 Val: 0xFFFFFFC4
In clock cycle: 422920
Register Write to Reg: 0x04 Val: 0xFFFFFF88
In clock cycle: 422921
Register Write to Reg: 0x03 Val: 0x0000C198
In clock cycle: 423940
Register Write to Reg: 0x01 Val: 0x0000003C
In clock cycle: 423941
Register Write to Reg: 0x02 Val: 0x00000078
In clock cycle: 423942
Register Write to Reg: 0x01 Val: 0xFFFF3DF0
In clock cycle: 423943
Register Write to Reg: 0x03 Val: 0xFFFFFFC4
In clock cycle: 423944
Register Write to Reg: 0x04 Val: 0xFFFFFF88
In clock cycle: 423945
Register Write to Reg: 0x03 Val: 0x0000C210
In clock cycle: 424964
Register Write to Reg: 0x01 Val: 0x0000003C
In clock cycle: 424965
Register Write to Reg: 0x02 Val: 0x00000078
In clock cycle: 424966
Register Write to Reg: 0x01 Val: 0xFFFF3D78
In clock cycle: 424967
Register Write to Reg: 0x03 Val: 0xFFFFFFC4
In clock cycle: 424968
Register Write to Reg: 0x04 Val: 0xFFFFFF88
In clock cycle: 424969
Register Write to Reg: 0x03 Val: 0x0000C288
In clock cycle: 425988
Register Write to Reg: 0x01 Val: 0x0000003C
In clock cycle: 425989
Register Write to Reg: 0x02 Val: 0x00000078
In clock cycle: 425990
Register Write to Reg: 0x01 Val: 0xFFFF3D00
In clock cycle: 425991
Register Write to Reg: 0x03 Val: 0xFFFFFFC4
In clock cycle: 425992
Register Write to Reg: 0x04 Val: 0xFFFFFF88
In clock cycle: 425993
Register Write to Reg: 0x03 Val: 0x0000C300
In clock cycle: 427012
Register Write to Reg: 0x01 Val: 0x0000003C
In clock cycle: 427013
Register Write to Reg: 0x02 Val: 0x00000078
In clock cycle: 427014
Register Write to Reg: 0x01 Val: 0xFFFF3C88
In clock cycle: 427015
Register Write to Reg: 0x03 Val: 0xFFFFFFC4
In clock cycle: 427016
Register Write to Reg: 0x04 Val: 0xFFFFFF88
In clock cycle: 427017
Register Write to Reg: 0x03 Val: 0x0000C378
In clock cycle: 428036
Register Write to Reg: 0x01 Val: 0x0000003C
In clock cycle: 428037
Register Write to Reg: 0x02 Val: 0x00000078
In clock cycle: 428038
Register Write to Reg: 0x01 Val: 0xFFFF3C10
In clock cycle: 428039
Register Write to Reg: 0x03 Val: 0xFFFFFFC4
In clock cycle: 428040
Register Write to Reg: 0x04 Val: 0xFFFFFF88
In clock cycle: 428041
Register Write to Reg: 0x03 Val: 0x0000C3F0
In clock cycle: 429060
Register Write to Reg: 0x01 Val: 0x0000003C
In clock cycle: 429061
Register Write to Reg: 0x02 Val: 0x00000078
In clock cycle: 429062
Register Write to Reg: 0x01 Val: 0xFFFF3B98
In clock cycle: 429063
Register Write to Reg: 0x03 Val: 0xFFFFFFC4
In clock cycle: 429064
Register Write to Reg: 0x04 Val: 0xFFFFFF88
In clock cycle: 429065
Register Write to Reg: 0x03 Val: 0x0000C468
In clock cycle: 430084
Register Write to Reg: 0x01 Val: 0x0000003C
In clock cycle: 430085
Register Write to Reg: 0x02 Val: 0x00000078
In clock cycle: 430086
Register Write to Reg: 0x01 Val: 0xFFFF3B20
In clock cycle: 430087
Register Write to Reg: 0x03 Val: 0xFFFFFFC4
In clock cycle: 430088
Register Write to Reg: 0x04 Val: 0xFFFFFF88
In clock cycle: 430089
Register Write to Reg: 0x03 Val: 0x0000C4E0
In clock cycle: 431108
Register Write to Reg: 0x01 Val: 0x0000003C
In clock cycle: 431109
Register Write to Reg: 0x02 Val: 0x00000078
In clock cycle: 431110
Register Write to Reg: 0x01 Val: 0xFFFF3AA8
In clock cycle: 431111
Register Write to Reg: 0x03 Val: 0xFFFFFFC4
In clock cycle: 431112
Register Write to Reg: 0x04 Val: 0xFFFFFF88
In clock cycle: 431113
Register Write to Reg: 0x03 Val: 0x0000C558
In clock cycle: 432132
Register Write to Reg: 0x01 Val: 0x0000003C
In clock cycle: 432133
Register Write to Reg: 0x02 Val: 0x00000078
In clock cycle: 432134
Register Write to Reg: 0x01 Val: 0xFFFF3A30
In clock cycle: 432135
Register Write to Reg: 0x03 Val: 0xFFFFFFC4
In clock cycle: 432136
Register Write to Reg: 0x04 Val: 0xFFFFFF88
In clock cycle: 432137
Register Write to Reg: 0x03 Val: 0x0000C5D0
In clock cycle: 433156
Register Write to Reg: 0x01 Val: 0x0000003C
In clock cycle: 433157
Register Write to Reg: 0x02 Val: 0x00000078
In clock cycle: 433158
Register Write to Reg: 0x01 Val: 0xFFFF39B8
In clock cycle: 433159
Register Write to Reg: 0x03 Val: 0xFFFFFFC4
In clock cycle: 433160
Register Write to Reg: 0x04 Val: 0xFFFFFF88
In clock cycle: 433161
Register Write to Reg: 0x03 Val: 0x0000C648
In clock cycle: 434180
Register Write to Reg: 0x01 Val: 0x0000003C
In clock cycle: 434181
Register Write to Reg: 0x02 Val: 0x00000078
In clock cycle: 434182
Register Write to Reg: 0x01 Val: 0xFFFF3940
In clock cycle: 434183
Register Write to Reg: 0x03 Val: 0xFFFFFFC4
In clock cycle: 434184
Register Write to Reg: 0x04 Val: 0xFFFFFF88
In clock cycle: 434185
Register Write to Reg: 0x03 Val: 0x0000C6C0
In clock cycle: 435204
Register Write to Reg: 0x01 Val: 0x0000003C
In clock cycle: 435205
Register Write to Reg: 0x02 Val: 0x00000078
In clock cycle: 435206
Register Write to Reg: 0x01 Val: 0xFFFF38C8
In clock cycle: 435207
Register Write to Reg: 0x03 Val: 0xFFFFFFC4
In clock cycle: 435208
Register Write to Reg: 0x04 Val: 0xFFFFFF88
In clock cycle: 435209
Register Write to Reg: 0x03 Val: 0x0000C738
In clock cycle: 436228
Register Write to Reg: 0x01 Val: 0x0000003C
In clock cycle: 436229
Register Write to Reg: 0x02 Val: 0x00000078
In clock cycle: 436230
Register Write to Reg: 0x01 Val: 0xFFFF3850
In clock cycle: 436231
Register Write to Reg: 0x03 Val: 0xFFFFFFC4
In clock cycle: 436232
Register Write to Reg: 0x04 Val: 0xFFFFFF88
In clock cycle: 436233
Register Write to Reg: 0x03 Val: 0x0000C7B0
In clock cycle: 437252
Register Write to Reg: 0x01 Val: 0x0000003C
In clock cycle: 437253
Register Write to Reg: 0x02 Val: 0x00000078
In clock cycle: 437254
Register Write to Reg: 0x01 Val: 0xFFFF37D8
In clock cycle: 437255
Register Write to Reg: 0x03 Val: 0xFFFFFFC4
In clock cycle: 437256
Register Write to Reg: 0x04 Val: 0xFFFFFF88
In clock cycle: 437257
Register Write to Reg: 0x03 Val: 0x0000C828
In clock cycle: 438276
Register Write to Reg: 0x01 Val: 0x0000003C
In clock cycle: 438277
Register Write to Reg: 0x02 Val: 0x00000078
In clock cycle: 438278
Register Write to Reg: 0x01 Val: 0xFFFF3760
In clock cycle: 438279
Register Write to Reg: 0x03 Val: 0xFFFFFFC4
In clock cycle: 438280
Register Write to Reg: 0x04 Val: 0xFFFFFF88
In clock cycle: 438281
Register Write to Reg: 0x03 Val: 0x0000C8A0
In clock cycle: 439300
Register Write to Reg: 0x01 Val: 0x0000003C
In clock cycle: 439301
Register Write to Reg: 0x02 Val: 0x00000078
In clock cycle: 439302
Register Write to Reg: 0x01 Val: 0xFFFF36E8
In clock cycle: 439303
Register Write to Reg: 0x03 Val: 0xFFFFFFC4
In clock cycle: 439304
Register Write to Reg: 0x04 Val: 0xFFFFFF88
In clock cycle: 439305
Register Write to Reg: 0x03 Val: 0x0000C918
In clock cycle: 440324
Register Write to Reg: 0x01 Val: 0x0000003C
In clock cycle: 440325
Register Write to Reg: 0x02 Val: 0x00000078
In clock cycle: 440326
Register Write to Reg: 0x01 Val: 0xFFFF3670
In clock cycle: 440327
Register Write to Reg: 0x03 Val: 0xFFFFFFC4
In clock cycle: 440328
Register Write to Reg: 0x04 Val: 0xFFFFFF88
In clock cycle: 440329
Register Write to Reg: 0x03 Val: 0x0000C990
In clock cycle: 441348
Register Write to Reg: 0x01 Val: 0x0000003C
In clock cycle: 441349
Register Write to Reg: 0x02 Val: 0x00000078
In clock cycle: 441350
Register Write to Reg: 0x01 Val: 0xFFFF35F8
In clock cycle: 441351
Register Write to Reg: 0x03 Val: 0xFFFFFFC4
In clock cycle: 441352
Register Write to Reg: 0x04 Val: 0xFFFFFF88
In clock cycle: 441353
Register Write to Reg: 0x03 Val: 0x0000CA08
In clock cycle: 442372
Register Write to Reg: 0x01 Val: 0x0000003C
In clock cycle: 442373
Register Write to Reg: 0x02 Val: 0x00000078
In clock cycle: 442374
Register Write to Reg: 0x01 Val: 0xFFFF3580
In clock cycle: 442375
Register Write to Reg: 0x03 Val: 0xFFFFFFC4
In clock cycle: 442376
Register Write to Reg: 0x04 Val: 0xFFFFFF88
In clock cycle: 442377
Register Write to Reg: 0x03 Val: 0x0000CA80
In clock cycle: 443396
Register Write to Reg: 0x01 Val: 0x0000003C
In clock cycle: 443397
Register Write to Reg: 0x02 Val: 0x00000078
In clock cycle: 443398
Register Write to Reg: 0x01 Val: 0xFFFF3508
In clock cycle: 443399
Register Write to Reg: 0x03 Val: 0xFFFFFFC4
In clock cycle: 443400
Register Write to Reg: 0x04 Val: 0xFFFFFF88
In clock cycle: 443401
Register Write to Reg: 0x03 Val: 0x0000CAF8
In clock cycle: 444420
Register Write to Reg: 0x01 Val: 0x0000003C
In clock cycle: 444421
Register Write to Reg: 0x02 Val: 0x00000078
In clock cycle: 444422
Register Write to Reg: 0x01 Val: 0xFFFF3490
In clock cycle: 444423
Register Write to Reg: 0x03 Val: 0xFFFFFFC4
In clock cycle: 444424
Register Write to Reg: 0x04 Val: 0xFFFFFF88
In clock cycle: 444425
Register Write to Reg: 0x03 Val: 0x0000CB70
In clock cycle: 445444
Register Write to Reg: 0x01 Val: 0x0000003C
In clock cycle: 445445
Register Write to Reg: 0x02 Val: 0x00000078
In clock cycle: 445446
Register Write to Reg: 0x01 Val: 0xFFFF3418
In clock cycle: 445447
Register Write to Reg: 0x03 Val: 0xFFFFFFC4
In clock cycle: 445448
Register Write to Reg: 0x04 Val: 0xFFFFFF88
In clock cycle: 445449
Register Write to Reg: 0x03 Val: 0x0000CBE8
In clock cycle: 446468
Register Write to Reg: 0x01 Val: 0x0000003C
In clock cycle: 446469
Register Write to Reg: 0x02 Val: 0x00000078
In clock cycle: 446470
Register Write to Reg: 0x01 Val: 0xFFFF33A0
In clock cycle: 446471
Register Write to Reg: 0x03 Val: 0xFFFFFFC4
In clock cycle: 446472
Register Write to Reg: 0x04 Val: 0xFFFFFF88
In clock cycle: 446473
Register Write to Reg: 0x03 Val: 0x0000CC60
In clock cycle: 447492
Register Write to Reg: 0x01 Val: 0x0000003C
In clock cycle: 447493
Register Write to Reg: 0x02 Val: 0x00000078
In clock cycle: 447494
Register Write to Reg: 0x01 Val: 0xFFFF3328
In clock cycle: 447495
Register Write to Reg: 0x03 Val: 0xFFFFFFC4
In clock cycle: 447496
Register Write to Reg: 0x04 Val: 0xFFFFFF88
In clock cycle: 447497
Register Write to Reg: 0x03 Val: 0x0000CCD8
In clock cycle: 448516
Register Write to Reg: 0x01 Val: 0x0000003C
In clock cycle: 448517
Register Write to Reg: 0x02 Val: 0x00000078
In clock cycle: 448518
Register Write to Reg: 0x01 Val: 0xFFFF32B0
In clock cycle: 448519
Register Write to Reg: 0x03 Val: 0xFFFFFFC4
In clock cycle: 448520
Register Write to Reg: 0x04 Val: 0xFFFFFF88
In clock cycle: 448521
Register Write to Reg: 0x03 Val: 0x0000CD50
In clock cycle: 449540
Register Write to Reg: 0x01 Val: 0x0000003C
In clock cycle: 449541
Register Write to Reg: 0x02 Val: 0x00000078
In clock cycle: 449542
Register Write to Reg: 0x01 Val: 0xFFFF3238
In clock cycle: 449543
Register Write to Reg: 0x03 Val: 0xFFFFFFC4
In clock cycle: 449544
Register Write to Reg: 0x04 Val: 0xFFFFFF88
In clock cycle: 449545
Register Write to Reg: 0x03 Val: 0x0000CDC8
In clock cycle: 450564
Register Write to Reg: 0x01 Val: 0x0000003C
In clock cycle: 450565
Register Write to Reg: 0x02 Val: 0x00000078
In clock cycle: 450566
Register Write to Reg: 0x01 Val: 0xFFFF31C0
In clock cycle: 450567
Register Write to Reg: 0x03 Val: 0xFFFFFFC4
In clock cycle: 450568
Register Write to Reg: 0x04 Val: 0xFFFFFF88
In clock cycle: 450569
Register Write to Reg: 0x03 Val: 0x0000CE40
In clock cycle: 451588
Register Write to Reg: 0x01 Val: 0x0000003C
In clock cycle: 451589
Register Write to Reg: 0x02 Val: 0x00000078
In clock cycle: 451590
Register Write to Reg: 0x01 Val: 0xFFFF3148
In clock cycle: 451591
Register Write to Reg: 0x03 Val: 0xFFFFFFC4
In clock cycle: 451592
Register Write to Reg: 0x04 Val: 0xFFFFFF88
In clock cycle: 451593
Register Write to Reg: 0x03 Val: 0x0000CEB8
In clock cycle: 452612
Register Write to Reg: 0x01 Val: 0x0000003C
In clock cycle: 452613
Register Write to Reg: 0x02 Val: 0x00000078
In clock cycle: 452614
Register Write to Reg: 0x01 Val: 0xFFFF30D0
In clock cycle: 452615
Register Write to Reg: 0x03 Val: 0xFFFFFFC4
In clock cycle: 452616
Register Write to Reg: 0x04 Val: 0xFFFFFF88
In clock cycle: 452617
Register Write to Reg: 0x03 Val: 0x0000CF30
In clock cycle: 453636
Register Write to Reg: 0x01 Val: 0x0000003C
In clock cycle: 453637
Register Write to Reg: 0x02 Val: 0x00000078
In clock cycle: 453638
Register Write to Reg: 0x01 Val: 0xFFFF3058
In clock cycle: 453639
Register Write to Reg: 0x03 Val: 0xFFFFFFC4
In clock cycle: 453640
Register Write to Reg: 0x04 Val: 0xFFFFFF88
In clock cycle: 453641
Register Write to Reg: 0x03 Val: 0x0000CFA8
In clock cycle: 454660
Register Write to Reg: 0x01 Val: 0x0000003C
In clock cycle: 454661
Register Write to Reg: 0x02 Val: 0x00000078
In clock cycle: 454662
Register Write to Reg: 0x01 Val: 0xFFFF2FE0
In clock cycle: 454663
Register Write to Reg: 0x03 Val: 0xFFFFFFC4
In clock cycle: 454664
Register Write to Reg: 0x04 Val: 0xFFFFFF88
In clock cycle: 454665
Register Write to Reg: 0x03 Val: 0x0000D020
In clock cycle: 455684
Register Write to Reg: 0x01 Val: 0x0000003C
In clock cycle: 455685
Register Write to Reg: 0x02 Val: 0x00000078
In clock cycle: 455686
Register Write to Reg: 0x01 Val: 0xFFFF2F68
In clock cycle: 455687
Register Write to Reg: 0x03 Val: 0xFFFFFFC4
In clock cycle: 455688
Register Write to Reg: 0x04 Val: 0xFFFFFF88
In clock cycle: 455689
Register Write to Reg: 0x03 Val: 0x0000D098
In clock cycle: 456708
Register Write to Reg: 0x01 Val: 0x0000003C
In clock cycle: 456709
Register Write to Reg: 0x02 Val: 0x00000078
In clock cycle: 456710
Register Write to Reg: 0x01 Val: 0xFFFF2EF0
In clock cycle: 456711
Register Write to Reg: 0x03 Val: 0xFFFFFFC4
In clock cycle: 456712
Register Write to Reg: 0x04 Val: 0xFFFFFF88
In clock cycle: 456713
Register Write to Reg: 0x03 Val: 0x0000D110
In clock cycle: 457732
Register Write to Reg: 0x01 Val: 0x0000003C
In clock cycle: 457733
Register Write to Reg: 0x02 Val: 0x00000078
In clock cycle: 457734
Register Write to Reg: 0x01 Val: 0xFFFF2E78
In clock cycle: 457735
Register Write to Reg: 0x03 Val: 0xFFFFFFC4
In clock cycle: 457736
Register Write to Reg: 0x04 Val: 0xFFFFFF88
In clock cycle: 457737
Register Write to Reg: 0x03 Val: 0x0000D188
In clock cycle: 458756
Register Write to Reg: 0x01 Val: 0x0000003C
In clock cycle: 458757
Register Write to Reg: 0x02 Val: 0x00000078
In clock cycle: 458758
Register Write to Reg: 0x01 Val: 0xFFFF2E00
In clock cycle: 458759
Register Write to Reg: 0x03 Val: 0xFFFFFFC4
In clock cycle: 458760
Register Write to Reg: 0x04 Val: 0xFFFFFF88
In clock cycle: 458761
Register Write to Reg: 0x03 Val: 0x0000D200
In clock cycle: 459780
Register Write to Reg: 0x01 Val: 0x0000003C
In clock cycle: 459781
Register Write to Reg: 0x02 Val: 0x00000078
In clock cycle: 459782
Register Write to Reg: 0x01 Val: 0xFFFF2D88
In clock cycle: 459783
Register Write to Reg: 0x03 Val: 0xFFFFFFC4
In clock cycle: 459784
Register Write to Reg: 0x04 Val: 0xFFFFFF88
In clock cycle: 459785
Register Write to Reg: 0x03 Val: 0x0000D278
In clock cycle: 460804
Register Write to Reg: 0x01 Val: 0x0000003C
In clock cycle: 460805
Register Write to Reg: 0x02 Val: 0x00000078
In clock cycle: 460806
Register Write to Reg: 0x01 Val: 0xFFFF2D10
In clock cycle: 460807
Register Write to Reg: 0x03 Val: 0xFFFFFFC4
In clock cycle: 460808
Register Write to Reg: 0x04 Val: 0xFFFFFF88
In clock cycle: 460809
Register Write to Reg: 0x03 Val: 0x0000D2F0
In clock cycle: 461828
Register Write to Reg: 0x01 Val: 0x0000003C
In clock cycle: 461829
Register Write to Reg: 0x02 Val: 0x00000078
In clock cycle: 461830
Register Write to Reg: 0x01 Val: 0xFFFF2C98
In clock cycle: 461831
Register Write to Reg: 0x03 Val: 0xFFFFFFC4
In clock cycle: 461832
Register Write to Reg: 0x04 Val: 0xFFFFFF88
In clock cycle: 461833
Register Write to Reg: 0x03 Val: 0x0000D368
In clock cycle: 462852
Register Write to Reg: 0x01 Val: 0x0000003C
In clock cycle: 462853
Register Write to Reg: 0x02 Val: 0x00000078
In clock cycle: 462854
Register Write to Reg: 0x01 Val: 0xFFFF2C20
In clock cycle: 462855
Register Write to Reg: 0x03 Val: 0xFFFFFFC4
In clock cycle: 462856
Register Write to Reg: 0x04 Val: 0xFFFFFF88
In clock cycle: 462857
Register Write to Reg: 0x03 Val: 0x0000D3E0
In clock cycle: 463876
Register Write to Reg: 0x01 Val: 0x0000003C
In clock cycle: 463877
Register Write to Reg: 0x02 Val: 0x00000078
In clock cycle: 463878
Register Write to Reg: 0x01 Val: 0xFFFF2BA8
In clock cycle: 463879
Register Write to Reg: 0x03 Val: 0xFFFFFFC4
In clock cycle: 463880
Register Write to Reg: 0x04 Val: 0xFFFFFF88
In clock cycle: 463881
Register Write to Reg: 0x03 Val: 0x0000D458
In clock cycle: 464900
Register Write to Reg: 0x01 Val: 0x0000003C
In clock cycle: 464901
Register Write to Reg: 0x02 Val: 0x00000078
In clock cycle: 464902
Register Write to Reg: 0x01 Val: 0xFFFF2B30
In clock cycle: 464903
Register Write to Reg: 0x03 Val: 0xFFFFFFC4
In clock cycle: 464904
Register Write to Reg: 0x04 Val: 0xFFFFFF88
In clock cycle: 464905
Register Write to Reg: 0x03 Val: 0x0000D4D0
In clock cycle: 465924
Register Write to Reg: 0x01 Val: 0x0000003C
In clock cycle: 465925
Register Write to Reg: 0x02 Val: 0x00000078
In clock cycle: 465926
Register Write to Reg: 0x01 Val: 0xFFFF2AB8
In clock cycle: 465927
Register Write to Reg: 0x03 Val: 0xFFFFFFC4
In clock cycle: 465928
Register Write to Reg: 0x04 Val: 0xFFFFFF88
In clock cycle: 465929
Register Write to Reg: 0x03 Val: 0x0000D548
In clock cycle: 466948
Register Write to Reg: 0x01 Val: 0x0000003C
In clock cycle: 466949
Register Write to Reg: 0x02 Val: 0x00000078
In clock cycle: 466950
Register Write to Reg: 0x01 Val: 0xFFFF2A40
In clock cycle: 466951
Register Write to Reg: 0x03 Val: 0xFFFFFFC4
In clock cycle: 466952
Register Write to Reg: 0x04 Val: 0xFFFFFF88
In clock cycle: 466953
Register Write to Reg: 0x03 Val: 0x0000D5C0
In clock cycle: 467972
Register Write to Reg: 0x01 Val: 0x0000003C
In clock cycle: 467973
Register Write to Reg: 0x02 Val: 0x00000078
In clock cycle: 467974
Register Write to Reg: 0x01 Val: 0xFFFF29C8
In clock cycle: 467975
Register Write to Reg: 0x03 Val: 0xFFFFFFC4
In clock cycle: 467976
Register Write to Reg: 0x04 Val: 0xFFFFFF88
In clock cycle: 467977
Register Write to Reg: 0x03 Val: 0x0000D638
In clock cycle: 468996
Register Write to Reg: 0x01 Val: 0x0000003C
In clock cycle: 468997
Register Write to Reg: 0x02 Val: 0x00000078
In clock cycle: 468998
Register Write to Reg: 0x01 Val: 0xFFFF2950
In clock cycle: 468999
Register Write to Reg: 0x03 Val: 0xFFFFFFC4
In clock cycle: 469000
Register Write to Reg: 0x04 Val: 0xFFFFFF88
In clock cycle: 469001
Register Write to Reg: 0x03 Val: 0x0000D6B0
In clock cycle: 470020
Register Write to Reg: 0x01 Val: 0x0000003C
In clock cycle: 470021
Register Write to Reg: 0x02 Val: 0x00000078
In clock cycle: 470022
Register Write to Reg: 0x01 Val: 0xFFFF28D8
In clock cycle: 470023
Register Write to Reg: 0x03 Val: 0xFFFFFFC4
In clock cycle: 470024
Register Write to Reg: 0x04 Val: 0xFFFFFF88
In clock cycle: 470025
Register Write to Reg: 0x03 Val: 0x0000D728
In clock cycle: 471044
Register Write to Reg: 0x01 Val: 0x0000003C
In clock cycle: 471045
Register Write to Reg: 0x02 Val: 0x00000078
In clock cycle: 471046
Register Write to Reg: 0x01 Val: 0xFFFF2860
In clock cycle: 471047
Register Write to Reg: 0x03 Val: 0xFFFFFFC4
In clock cycle: 471048
Register Write to Reg: 0x04 Val: 0xFFFFFF88
In clock cycle: 471049
Register Write to Reg: 0x03 Val: 0x0000D7A0
In clock cycle: 472068
Register Write to Reg: 0x01 Val: 0x0000003C
In clock cycle: 472069
Register Write to Reg: 0x02 Val: 0x00000078
In clock cycle: 472070
Register Write to Reg: 0x01 Val: 0xFFFF27E8
In clock cycle: 472071
Register Write to Reg: 0x03 Val: 0xFFFFFFC4
In clock cycle: 472072
Register Write to Reg: 0x04 Val: 0xFFFFFF88
In clock cycle: 472073
Register Write to Reg: 0x03 Val: 0x0000D818
In clock cycle: 473092
Register Write to Reg: 0x01 Val: 0x0000003C
In clock cycle: 473093
Register Write to Reg: 0x02 Val: 0x00000078
In clock cycle: 473094
Register Write to Reg: 0x01 Val: 0xFFFF2770
In clock cycle: 473095
Register Write to Reg: 0x03 Val: 0xFFFFFFC4
In clock cycle: 473096
Register Write to Reg: 0x04 Val: 0xFFFFFF88
In clock cycle: 473097
Register Write to Reg: 0x03 Val: 0x0000D890
In clock cycle: 474116
Register Write to Reg: 0x01 Val: 0x0000003C
In clock cycle: 474117
Register Write to Reg: 0x02 Val: 0x00000078
In clock cycle: 474118
Register Write to Reg: 0x01 Val: 0xFFFF26F8
In clock cycle: 474119
Register Write to Reg: 0x03 Val: 0xFFFFFFC4
In clock cycle: 474120
Register Write to Reg: 0x04 Val: 0xFFFFFF88
In clock cycle: 474121
Register Write to Reg: 0x03 Val: 0x0000D908
In clock cycle: 475140
Register Write to Reg: 0x01 Val: 0x0000003C
In clock cycle: 475141
Register Write to Reg: 0x02 Val: 0x00000078
In clock cycle: 475142
Register Write to Reg: 0x01 Val: 0xFFFF2680
In clock cycle: 475143
Register Write to Reg: 0x03 Val: 0xFFFFFFC4
In clock cycle: 475144
Register Write to Reg: 0x04 Val: 0xFFFFFF88
In clock cycle: 475145
Register Write to Reg: 0x03 Val: 0x0000D980
In clock cycle: 476164
Register Write to Reg: 0x01 Val: 0x0000003C
In clock cycle: 476165
Register Write to Reg: 0x02 Val: 0x00000078
In clock cycle: 476166
Register Write to Reg: 0x01 Val: 0xFFFF2608
In clock cycle: 476167
Register Write to Reg: 0x03 Val: 0xFFFFFFC4
In clock cycle: 476168
Register Write to Reg: 0x04 Val: 0xFFFFFF88
In clock cycle: 476169
Register Write to Reg: 0x03 Val: 0x0000D9F8
In clock cycle: 477188
Register Write to Reg: 0x01 Val: 0x0000003C
In clock cycle: 477189
Register Write to Reg: 0x02 Val: 0x00000078
In clock cycle: 477190
Register Write to Reg: 0x01 Val: 0xFFFF2590
In clock cycle: 477191
Register Write to Reg: 0x03 Val: 0xFFFFFFC4
In clock cycle: 477192
Register Write to Reg: 0x04 Val: 0xFFFFFF88
In clock cycle: 477193
Register Write to Reg: 0x03 Val: 0x0000DA70
In clock cycle: 478212
Register Write to Reg: 0x01 Val: 0x0000003C
In clock cycle: 478213
Register Write to Reg: 0x02 Val: 0x00000078
In clock cycle: 478214
Register Write to Reg: 0x01 Val: 0xFFFF2518
In clock cycle: 478215
Register Write to Reg: 0x03 Val: 0xFFFFFFC4
In clock cycle: 478216
Register Write to Reg: 0x04 Val: 0xFFFFFF88
In clock cycle: 478217
Register Write to Reg: 0x03 Val: 0x0000DAE8
In clock cycle: 479236
Register Write to Reg: 0x01 Val: 0x0000003C
In clock cycle: 479237
Register Write to Reg: 0x02 Val: 0x00000078
In clock cycle: 479238
Register Write to Reg: 0x01 Val: 0xFFFF24A0
In clock cycle: 479239
Register Write to Reg: 0x03 Val: 0xFFFFFFC4
In clock cycle: 479240
Register Write to Reg: 0x04 Val: 0xFFFFFF88
In clock cycle: 479241
Register Write to Reg: 0x03 Val: 0x0000DB60
In clock cycle: 480260
Register Write to Reg: 0x01 Val: 0x0000003C
In clock cycle: 480261
Register Write to Reg: 0x02 Val: 0x00000078
In clock cycle: 480262
Register Write to Reg: 0x01 Val: 0xFFFF2428
In clock cycle: 480263
Register Write to Reg: 0x03 Val: 0xFFFFFFC4
In clock cycle: 480264
Register Write to Reg: 0x04 Val: 0xFFFFFF88
In clock cycle: 480265
Register Write to Reg: 0x03 Val: 0x0000DBD8
In clock cycle: 481284
Register Write to Reg: 0x01 Val: 0x0000003C
In clock cycle: 481285
Register Write to Reg: 0x02 Val: 0x00000078
In clock cycle: 481286
Register Write to Reg: 0x01 Val: 0xFFFF23B0
In clock cycle: 481287
Register Write to Reg: 0x03 Val: 0xFFFFFFC4
In clock cycle: 481288
Register Write to Reg: 0x04 Val: 0xFFFFFF88
In clock cycle: 481289
Register Write to Reg: 0x03 Val: 0x0000DC50
In clock cycle: 482308
Register Write to Reg: 0x01 Val: 0x0000003C
In clock cycle: 482309
Register Write to Reg: 0x02 Val: 0x00000078
In clock cycle: 482310
Register Write to Reg: 0x01 Val: 0xFFFF2338
In clock cycle: 482311
Register Write to Reg: 0x03 Val: 0xFFFFFFC4
In clock cycle: 482312
Register Write to Reg: 0x04 Val: 0xFFFFFF88
In clock cycle: 482313
Register Write to Reg: 0x03 Val: 0x0000DCC8
In clock cycle: 483332
Register Write to Reg: 0x01 Val: 0x0000003C
In clock cycle: 483333
Register Write to Reg: 0x02 Val: 0x00000078
In clock cycle: 483334
Register Write to Reg: 0x01 Val: 0xFFFF22C0
In clock cycle: 483335
Register Write to Reg: 0x03 Val: 0xFFFFFFC4
In clock cycle: 483336
Register Write to Reg: 0x04 Val: 0xFFFFFF88
In clock cycle: 483337
Register Write to Reg: 0x03 Val: 0x0000DD40
In clock cycle: 484356
Register Write to Reg: 0x01 Val: 0x0000003C
In clock cycle: 484357
Register Write to Reg: 0x02 Val: 0x00000078
In clock cycle: 484358
Register Write to Reg: 0x01 Val: 0xFFFF2248
In clock cycle: 484359
Register Write to Reg: 0x03 Val: 0xFFFFFFC4
In clock cycle: 484360
Register Write to Reg: 0x04 Val: 0xFFFFFF88
In clock cycle: 484361
Register Write to Reg: 0x03 Val: 0x0000DDB8
In clock cycle: 485380
Register Write to Reg: 0x01 Val: 0x0000003C
In clock cycle: 485381
Register Write to Reg: 0x02 Val: 0x00000078
In clock cycle: 485382
Register Write to Reg: 0x01 Val: 0xFFFF21D0
In clock cycle: 485383
Register Write to Reg: 0x03 Val: 0xFFFFFFC4
In clock cycle: 485384
Register Write to Reg: 0x04 Val: 0xFFFFFF88
In clock cycle: 485385
Register Write to Reg: 0x03 Val: 0x0000DE30
In clock cycle: 486404
Register Write to Reg: 0x01 Val: 0x0000003C
In clock cycle: 486405
Register Write to Reg: 0x02 Val: 0x00000078
In clock cycle: 486406
Register Write to Reg: 0x01 Val: 0xFFFF2158
In clock cycle: 486407
Register Write to Reg: 0x03 Val: 0xFFFFFFC4
In clock cycle: 486408
Register Write to Reg: 0x04 Val: 0xFFFFFF88
In clock cycle: 486409
Register Write to Reg: 0x03 Val: 0x0000DEA8
In clock cycle: 487428
Register Write to Reg: 0x01 Val: 0x0000003C
In clock cycle: 487429
Register Write to Reg: 0x02 Val: 0x00000078
In clock cycle: 487430
Register Write to Reg: 0x01 Val: 0xFFFF20E0
In clock cycle: 487431
Register Write to Reg: 0x03 Val: 0xFFFFFFC4
In clock cycle: 487432
Register Write to Reg: 0x04 Val: 0xFFFFFF88
In clock cycle: 487433
Register Write to Reg: 0x03 Val: 0x0000DF20
In clock cycle: 488452
Register Write to Reg: 0x01 Val: 0x0000003C
In clock cycle: 488453
Register Write to Reg: 0x02 Val: 0x00000078
In clock cycle: 488454
Register Write to Reg: 0x01 Val: 0xFFFF2068
In clock cycle: 488455
Register Write to Reg: 0x03 Val: 0xFFFFFFC4
In clock cycle: 488456
Register Write to Reg: 0x04 Val: 0xFFFFFF88
In clock cycle: 488457
Register Write to Reg: 0x03 Val: 0x0000DF98
In clock cycle: 489476
Register Write to Reg: 0x01 Val: 0x0000003C
In clock cycle: 489477
Register Write to Reg: 0x02 Val: 0x00000078
In clock cycle: 489478
Register Write to Reg: 0x01 Val: 0xFFFF1FF0
In clock cycle: 489479
Register Write to Reg: 0x03 Val: 0xFFFFFFC4
In clock cycle: 489480
Register Write to Reg: 0x04 Val: 0xFFFFFF88
In clock cycle: 489481
Register Write to Reg: 0x03 Val: 0x0000E010
In clock cycle: 490500
Register Write to Reg: 0x01 Val: 0x0000003C
In clock cycle: 490501
Register Write to Reg: 0x02 Val: 0x00000078
In clock cycle: 490502
Register Write to Reg: 0x01 Val: 0xFFFF1F78
In clock cycle: 490503
Register Write to Reg: 0x03 Val: 0xFFFFFFC4
In clock cycle: 490504
Register Write to Reg: 0x04 Val: 0xFFFFFF88
In clock cycle: 490505
Register Write to Reg: 0x03 Val: 0x0000E088
In clock cycle: 491524
Register Write to Reg: 0x01 Val: 0x0000003C
In clock cycle: 491525
Register Write to Reg: 0x02 Val: 0x00000078
In clock cycle: 491526
Register Write to Reg: 0x01 Val: 0xFFFF1F00
In clock cycle: 491527
Register Write to Reg: 0x03 Val: 0xFFFFFFC4
In clock cycle: 491528
Register Write to Reg: 0x04 Val: 0xFFFFFF88
In clock cycle: 491529
Register Write to Reg: 0x03 Val: 0x0000E100
In clock cycle: 492548
Register Write to Reg: 0x01 Val: 0x0000003C
In clock cycle: 492549
Register Write to Reg: 0x02 Val: 0x00000078
In clock cycle: 492550
Register Write to Reg: 0x01 Val: 0xFFFF1E88
In clock cycle: 492551
Register Write to Reg: 0x03 Val: 0xFFFFFFC4
In clock cycle: 492552
Register Write to Reg: 0x04 Val: 0xFFFFFF88
In clock cycle: 492553
Register Write to Reg: 0x03 Val: 0x0000E178
In clock cycle: 493572
Register Write to Reg: 0x01 Val: 0x0000003C
In clock cycle: 493573
Register Write to Reg: 0x02 Val: 0x00000078
In clock cycle: 493574
Register Write to Reg: 0x01 Val: 0xFFFF1E10
In clock cycle: 493575
Register Write to Reg: 0x03 Val: 0xFFFFFFC4
In clock cycle: 493576
Register Write to Reg: 0x04 Val: 0xFFFFFF88
In clock cycle: 493577
Register Write to Reg: 0x03 Val: 0x0000E1F0
In clock cycle: 494596
Register Write to Reg: 0x01 Val: 0x0000003C
In clock cycle: 494597
Register Write to Reg: 0x02 Val: 0x00000078
In clock cycle: 494598
Register Write to Reg: 0x01 Val: 0xFFFF1D98
In clock cycle: 494599
Register Write to Reg: 0x03 Val: 0xFFFFFFC4
In clock cycle: 494600
Register Write to Reg: 0x04 Val: 0xFFFFFF88
In clock cycle: 494601
Register Write to Reg: 0x03 Val: 0x0000E268
In clock cycle: 495620
Register Write to Reg: 0x01 Val: 0x0000003C
In clock cycle: 495621
Register Write to Reg: 0x02 Val: 0x00000078
In clock cycle: 495622
Register Write to Reg: 0x01 Val: 0xFFFF1D20
In clock cycle: 495623
Register Write to Reg: 0x03 Val: 0xFFFFFFC4
In clock cycle: 495624
Register Write to Reg: 0x04 Val: 0xFFFFFF88
In clock cycle: 495625
Register Write to Reg: 0x03 Val: 0x0000E2E0
In clock cycle: 496644
Register Write to Reg: 0x01 Val: 0x0000003C
In clock cycle: 496645
Register Write to Reg: 0x02 Val: 0x00000078
In clock cycle: 496646
Register Write to Reg: 0x01 Val: 0xFFFF1CA8
In clock cycle: 496647
Register Write to Reg: 0x03 Val: 0xFFFFFFC4
In clock cycle: 496648
Register Write to Reg: 0x04 Val: 0xFFFFFF88
In clock cycle: 496649
Register Write to Reg: 0x03 Val: 0x0000E358
In clock cycle: 497668
Register Write to Reg: 0x01 Val: 0x0000003C
In clock cycle: 497669
Register Write to Reg: 0x02 Val: 0x00000078
In clock cycle: 497670
Register Write to Reg: 0x01 Val: 0xFFFF1C30
In clock cycle: 497671
Register Write to Reg: 0x03 Val: 0xFFFFFFC4
In clock cycle: 497672
Register Write to Reg: 0x04 Val: 0xFFFFFF88
In clock cycle: 497673
Register Write to Reg: 0x03 Val: 0x0000E3D0
In clock cycle: 498692
Register Write to Reg: 0x01 Val: 0x0000003C
In clock cycle: 498693
Register Write to Reg: 0x02 Val: 0x00000078
In clock cycle: 498694
Register Write to Reg: 0x01 Val: 0xFFFF1BB8
In clock cycle: 498695
Register Write to Reg: 0x03 Val: 0xFFFFFFC4
In clock cycle: 498696
Register Write to Reg: 0x04 Val: 0xFFFFFF88
In clock cycle: 498697
Register Write to Reg: 0x03 Val: 0x0000E448
In clock cycle: 499716
Register Write to Reg: 0x01 Val: 0x0000003C
In clock cycle: 499717
Register Write to Reg: 0x02 Val: 0x00000078
In clock cycle: 499718
Register Write to Reg: 0x01 Val: 0xFFFF1B40
In clock cycle: 499719
Register Write to Reg: 0x03 Val: 0xFFFFFFC4
In clock cycle: 499720
Register Write to Reg: 0x04 Val: 0xFFFFFF88
In clock cycle: 499721
Register Write to Reg: 0x03 Val: 0x0000E4C0
