In clock cycle: 4
Register Write to Reg: 0x01 Val: 0x00000005
In clock cycle: 5
Register Write to Reg: 0x02 Val: 0x00000005
In clock cycle: 7
Register Write to Reg: 0x03 Val: 0xFFFFFFFF
In clock cycle: 8
Register Write to Reg: 0x04 Val: 0x00000003
In clock cycle: 9
Register Write to Reg: 0x05 Val: 0x00000009
In clock cycle: 11
Register Write to Reg: 0x06 Val: 0x00000001
In clock cycle: 1023
Register Write to Reg: 0x01 Val: 0x00000005
In clock cycle: 1024
Register Write to Reg: 0x02 Val: 0x00000005
In clock cycle: 1026
Register Write to Reg: 0x03 Val: 0xFFFFFFFF
In clock cycle: 1027
Register Write to Reg: 0x04 Val: 0x00000003
In clock cycle: 1028
Register Write to Reg: 0x05 Val: 0x00000009
In clock cycle: 1030
Register Write to Reg: 0x06 Val: 0x00000001
In clock cycle: 1031
Register Write to Reg: 0x07 Val: 0x0000002A
In clock cycle: 1033
Register Write to Reg: 0x08 Val: 0xFFFFFFFF
In clock cycle: 1034
Register Write to Reg: 0x09 Val: 0x00000001
In clock cycle: 2047
Register Write to Reg: 0x01 Val: 0x00000005
In clock cycle: 2048
Register Write to Reg: 0x02 Val: 0x00000005
In clock cycle: 2050
Register Write to Reg: 0x03 Val: 0xFFFFFFFF
In clock cycle: 2051
Register Write to Reg: 0x04 Val: 0x00000003
In clock cycle: 2052
Register Write to Reg: 0x05 Val: 0x00000009
In clock cycle: 2054
Register Write to Reg: 0x06 Val: 0x00000001
In clock cycle: 2055
Register Write to Reg: 0x07 Val: 0x0000002A
In clock cycle: 2057
Register Write to Reg: 0x08 Val: 0xFFFFFFFF
In clock cycle: 2058
Register Write to Reg: 0x09 Val: 0x00000001
In clock cycle: 3071
Register Write to Reg: 0x01 Val: 0x00000005
In clock cycle: 3072
Register Write to Reg: 0x02 Val: 0x00000005
In clock cycle: 3074
Register Write to Reg: 0x03 Val: 0xFFFFFFFF
In clock cycle: 3075
Register Write to Reg: 0x04 Val: 0x00000003
In clock cycle: 3076
Register Write to Reg: 0x05 Val: 0x00000009
In clock cycle: 3078
Register Write to Reg: 0x06 Val: 0x00000001
In clock cycle: 3079
Register Write to Reg: 0x07 Val: 0x0000002A
In clock cycle: 3081
Register Write to Reg: 0x08 Val: 0xFFFFFFFF
In clock cycle: 3082
Register Write to Reg: 0x09 Val: 0x00000001
In clock cycle: 4095
Register Write to Reg: 0x01 Val: 0x00000005
In clock cycle: 4096
Register Write to Reg: 0x02 Val: 0x00000005
In clock cycle: 4098
Register Write to Reg: 0x03 Val: 0xFFFFFFFF
In clock cycle: 4099
Register Write to Reg: 0x04 Val: 0x00000003
In clock cycle: 4100
Register Write to Reg: 0x05 Val: 0x00000009
In clock cycle: 4102
Register Write to Reg: 0x06 Val: 0x00000001
In clock cycle: 4103
Register Write to Reg: 0x07 Val: 0x0000002A
In clock cycle: 4105
Register Write to Reg: 0x08 Val: 0xFFFFFFFF
In clock cycle: 4106
Register Write to Reg: 0x09 Val: 0x00000001
In clock cycle: 5119
Register Write to Reg: 0x01 Val: 0x00000005
In clock cycle: 5120
Register Write to Reg: 0x02 Val: 0x00000005
In clock cycle: 5122
Register Write to Reg: 0x03 Val: 0xFFFFFFFF
In clock cycle: 5123
Register Write to Reg: 0x04 Val: 0x00000003
In clock cycle: 5124
Register Write to Reg: 0x05 Val: 0x00000009
In clock cycle: 5126
Register Write to Reg: 0x06 Val: 0x00000001
In clock cycle: 5127
Register Write to Reg: 0x07 Val: 0x0000002A
In clock cycle: 5129
Register Write to Reg: 0x08 Val: 0xFFFFFFFF
In clock cycle: 5130
Register Write to Reg: 0x09 Val: 0x00000001
In clock cycle: 6143
Register Write to Reg: 0x01 Val: 0x00000005
In clock cycle: 6144
Register Write to Reg: 0x02 Val: 0x00000005
In clock cycle: 6146
Register Write to Reg: 0x03 Val: 0xFFFFFFFF
In clock cycle: 6147
Register Write to Reg: 0x04 Val: 0x00000003
In clock cycle: 6148
Register Write to Reg: 0x05 Val: 0x00000009
In clock cycle: 6150
Register Write to Reg: 0x06 Val: 0x00000001
In clock cycle: 6151
Register Write to Reg: 0x07 Val: 0x0000002A
In clock cycle: 6153
Register Write to Reg: 0x08 Val: 0xFFFFFFFF
In clock cycle: 6154
Register Write to Reg: 0x09 Val: 0x00000001
In clock cycle: 7167
Register Write to Reg: 0x01 Val: 0x00000005
In clock cycle: 7168
Register Write to Reg: 0x02 Val: 0x00000005
In clock cycle: 7170
Register Write to Reg: 0x03 Val: 0xFFFFFFFF
In clock cycle: 7171
Register Write to Reg: 0x04 Val: 0x00000003
In clock cycle: 7172
Register Write to Reg: 0x05 Val: 0x00000009
In clock cycle: 7174
Register Write to Reg: 0x06 Val: 0x00000001
In clock cycle: 7175
Register Write to Reg: 0x07 Val: 0x0000002A
In clock cycle: 7177
Register Write to Reg: 0x08 Val: 0xFFFFFFFF
In clock cycle: 7178
Register Write to Reg: 0x09 Val: 0x00000001
In clock cycle: 8191
Register Write to Reg: 0x01 Val: 0x00000005
In clock cycle: 8192
Register Write to Reg: 0x02 Val: 0x00000005
In clock cycle: 8194
Register Write to Reg: 0x03 Val: 0xFFFFFFFF
In clock cycle: 8195
Register Write to Reg: 0x04 Val: 0x00000003
In clock cycle: 8196
Register Write to Reg: 0x05 Val: 0x00000009
In clock cycle: 8198
Register Write to Reg: 0x06 Val: 0x00000001
In clock cycle: 8199
Register Write to Reg: 0x07 Val: 0x0000002A
In clock cycle: 8201
Register Write to Reg: 0x08 Val: 0xFFFFFFFF
In clock cycle: 8202
Register Write to Reg: 0x09 Val: 0x00000001
In clock cycle: 9215
Register Write to Reg: 0x01 Val: 0x00000005
In clock cycle: 9216
Register Write to Reg: 0x02 Val: 0x00000005
In clock cycle: 9218
Register Write to Reg: 0x03 Val: 0xFFFFFFFF
In clock cycle: 9219
Register Write to Reg: 0x04 Val: 0x00000003
In clock cycle: 9220
Register Write to Reg: 0x05 Val: 0x00000009
In clock cycle: 9222
Register Write to Reg: 0x06 Val: 0x00000001
In clock cycle: 9223
Register Write to Reg: 0x07 Val: 0x0000002A
In clock cycle: 9225
Register Write to Reg: 0x08 Val: 0xFFFFFFFF
In clock cycle: 9226
Register Write to Reg: 0x09 Val: 0x00000001
In clock cycle: 10239
Register Write to Reg: 0x01 Val: 0x00000005
In clock cycle: 10240
Register Write to Reg: 0x02 Val: 0x00000005
In clock cycle: 10242
Register Write to Reg: 0x03 Val: 0xFFFFFFFF
In clock cycle: 10243
Register Write to Reg: 0x04 Val: 0x00000003
In clock cycle: 10244
Register Write to Reg: 0x05 Val: 0x00000009
In clock cycle: 10246
Register Write to Reg: 0x06 Val: 0x00000001
In clock cycle: 10247
Register Write to Reg: 0x07 Val: 0x0000002A
In clock cycle: 10249
Register Write to Reg: 0x08 Val: 0xFFFFFFFF
In clock cycle: 10250
Register Write to Reg: 0x09 Val: 0x00000001
In clock cycle: 11263
Register Write to Reg: 0x01 Val: 0x00000005
In clock cycle: 11264
Register Write to Reg: 0x02 Val: 0x00000005
In clock cycle: 11266
Register Write to Reg: 0x03 Val: 0xFFFFFFFF
In clock cycle: 11267
Register Write to Reg: 0x04 Val: 0x00000003
In clock cycle: 11268
Register Write to Reg: 0x05 Val: 0x00000009
In clock cycle: 11270
Register Write to Reg: 0x06 Val: 0x00000001
In clock cycle: 11271
Register Write to Reg: 0x07 Val: 0x0000002A
In clock cycle: 11273
Register Write to Reg: 0x08 Val: 0xFFFFFFFF
In clock cycle: 11274
Register Write to Reg: 0x09 Val: 0x00000001
In clock cycle: 12287
Register Write to Reg: 0x01 Val: 0x00000005
In clock cycle: 12288
Register Write to Reg: 0x02 Val: 0x00000005
In clock cycle: 12290
Register Write to Reg: 0x03 Val: 0xFFFFFFFF
In clock cycle: 12291
Register Write to Reg: 0x04 Val: 0x00000003
In clock cycle: 12292
Register Write to Reg: 0x05 Val: 0x00000009
In clock cycle: 12294
Register Write to Reg: 0x06 Val: 0x00000001
In clock cycle: 12295
Register Write to Reg: 0x07 Val: 0x0000002A
In clock cycle: 12297
Register Write to Reg: 0x08 Val: 0xFFFFFFFF
In clock cycle: 12298
Register Write to Reg: 0x09 Val: 0x00000001
In clock cycle: 13311
Register Write to Reg: 0x01 Val: 0x00000005
In clock cycle: 13312
Register Write to Reg: 0x02 Val: 0x00000005
In clock cycle: 13314
Register Write to Reg: 0x03 Val: 0xFFFFFFFF
In clock cycle: 13315
Register Write to Reg: 0x04 Val: 0x00000003
In clock cycle: 13316
Register Write to Reg: 0x05 Val: 0x00000009
In clock cycle: 13318
Register Write to Reg: 0x06 Val: 0x00000001
In clock cycle: 13319
Register Write to Reg: 0x07 Val: 0x0000002A
In clock cycle: 13321
Register Write to Reg: 0x08 Val: 0xFFFFFFFF
In clock cycle: 13322
Register Write to Reg: 0x09 Val: 0x00000001
In clock cycle: 14335
Register Write to Reg: 0x01 Val: 0x00000005
In clock cycle: 14336
Register Write to Reg: 0x02 Val: 0x00000005
In clock cycle: 14338
Register Write to Reg: 0x03 Val: 0xFFFFFFFF
In clock cycle: 14339
Register Write to Reg: 0x04 Val: 0x00000003
In clock cycle: 14340
Register Write to Reg: 0x05 Val: 0x00000009
In clock cycle: 14342
Register Write to Reg: 0x06 Val: 0x00000001
In clock cycle: 14343
Register Write to Reg: 0x07 Val: 0x0000002A
In clock cycle: 14345
Register Write to Reg: 0x08 Val: 0xFFFFFFFF
In clock cycle: 14346
Register Write to Reg: 0x09 Val: 0x00000001
In clock cycle: 15359
Register Write to Reg: 0x01 Val: 0x00000005
In clock cycle: 15360
Register Write to Reg: 0x02 Val: 0x00000005
In clock cycle: 15362
Register Write to Reg: 0x03 Val: 0xFFFFFFFF
In clock cycle: 15363
Register Write to Reg: 0x04 Val: 0x00000003
In clock cycle: 15364
Register Write to Reg: 0x05 Val: 0x00000009
In clock cycle: 15366
Register Write to Reg: 0x06 Val: 0x00000001
In clock cycle: 15367
Register Write to Reg: 0x07 Val: 0x0000002A
In clock cycle: 15369
Register Write to Reg: 0x08 Val: 0xFFFFFFFF
In clock cycle: 15370
Register Write to Reg: 0x09 Val: 0x00000001
In clock cycle: 16383
Register Write to Reg: 0x01 Val: 0x00000005
In clock cycle: 16384
Register Write to Reg: 0x02 Val: 0x00000005
In clock cycle: 16386
Register Write to Reg: 0x03 Val: 0xFFFFFFFF
In clock cycle: 16387
Register Write to Reg: 0x04 Val: 0x00000003
In clock cycle: 16388
Register Write to Reg: 0x05 Val: 0x00000009
In clock cycle: 16390
Register Write to Reg: 0x06 Val: 0x00000001
In clock cycle: 16391
Register Write to Reg: 0x07 Val: 0x0000002A
In clock cycle: 16393
Register Write to Reg: 0x08 Val: 0xFFFFFFFF
In clock cycle: 16394
Register Write to Reg: 0x09 Val: 0x00000001
In clock cycle: 17407
Register Write to Reg: 0x01 Val: 0x00000005
In clock cycle: 17408
Register Write to Reg: 0x02 Val: 0x00000005
In clock cycle: 17410
Register Write to Reg: 0x03 Val: 0xFFFFFFFF
In clock cycle: 17411
Register Write to Reg: 0x04 Val: 0x00000003
In clock cycle: 17412
Register Write to Reg: 0x05 Val: 0x00000009
In clock cycle: 17414
Register Write to Reg: 0x06 Val: 0x00000001
In clock cycle: 17415
Register Write to Reg: 0x07 Val: 0x0000002A
In clock cycle: 17417
Register Write to Reg: 0x08 Val: 0xFFFFFFFF
In clock cycle: 17418
Register Write to Reg: 0x09 Val: 0x00000001
In clock cycle: 18431
Register Write to Reg: 0x01 Val: 0x00000005
In clock cycle: 18432
Register Write to Reg: 0x02 Val: 0x00000005
In clock cycle: 18434
Register Write to Reg: 0x03 Val: 0xFFFFFFFF
In clock cycle: 18435
Register Write to Reg: 0x04 Val: 0x00000003
In clock cycle: 18436
Register Write to Reg: 0x05 Val: 0x00000009
In clock cycle: 18438
Register Write to Reg: 0x06 Val: 0x00000001
In clock cycle: 18439
Register Write to Reg: 0x07 Val: 0x0000002A
In clock cycle: 18441
Register Write to Reg: 0x08 Val: 0xFFFFFFFF
In clock cycle: 18442
Register Write to Reg: 0x09 Val: 0x00000001
In clock cycle: 19455
Register Write to Reg: 0x01 Val: 0x00000005
In clock cycle: 19456
Register Write to Reg: 0x02 Val: 0x00000005
In clock cycle: 19458
Register Write to Reg: 0x03 Val: 0xFFFFFFFF
In clock cycle: 19459
Register Write to Reg: 0x04 Val: 0x00000003
In clock cycle: 19460
Register Write to Reg: 0x05 Val: 0x00000009
In clock cycle: 19462
Register Write to Reg: 0x06 Val: 0x00000001
In clock cycle: 19463
Register Write to Reg: 0x07 Val: 0x0000002A
In clock cycle: 19465
Register Write to Reg: 0x08 Val: 0xFFFFFFFF
In clock cycle: 19466
Register Write to Reg: 0x09 Val: 0x00000001
In clock cycle: 20479
Register Write to Reg: 0x01 Val: 0x00000005
In clock cycle: 20480
Register Write to Reg: 0x02 Val: 0x00000005
In clock cycle: 20482
Register Write to Reg: 0x03 Val: 0xFFFFFFFF
In clock cycle: 20483
Register Write to Reg: 0x04 Val: 0x00000003
In clock cycle: 20484
Register Write to Reg: 0x05 Val: 0x00000009
In clock cycle: 20486
Register Write to Reg: 0x06 Val: 0x00000001
In clock cycle: 20487
Register Write to Reg: 0x07 Val: 0x0000002A
In clock cycle: 20489
Register Write to Reg: 0x08 Val: 0xFFFFFFFF
In clock cycle: 20490
Register Write to Reg: 0x09 Val: 0x00000001
In clock cycle: 21503
Register Write to Reg: 0x01 Val: 0x00000005
In clock cycle: 21504
Register Write to Reg: 0x02 Val: 0x00000005
In clock cycle: 21506
Register Write to Reg: 0x03 Val: 0xFFFFFFFF
In clock cycle: 21507
Register Write to Reg: 0x04 Val: 0x00000003
In clock cycle: 21508
Register Write to Reg: 0x05 Val: 0x00000009
In clock cycle: 21510
Register Write to Reg: 0x06 Val: 0x00000001
In clock cycle: 21511
Register Write to Reg: 0x07 Val: 0x0000002A
In clock cycle: 21513
Register Write to Reg: 0x08 Val: 0xFFFFFFFF
In clock cycle: 21514
Register Write to Reg: 0x09 Val: 0x00000001
In clock cycle: 22527
Register Write to Reg: 0x01 Val: 0x00000005
In clock cycle: 22528
Register Write to Reg: 0x02 Val: 0x00000005
In clock cycle: 22530
Register Write to Reg: 0x03 Val: 0xFFFFFFFF
In clock cycle: 22531
Register Write to Reg: 0x04 Val: 0x00000003
In clock cycle: 22532
Register Write to Reg: 0x05 Val: 0x00000009
In clock cycle: 22534
Register Write to Reg: 0x06 Val: 0x00000001
In clock cycle: 22535
Register Write to Reg: 0x07 Val: 0x0000002A
In clock cycle: 22537
Register Write to Reg: 0x08 Val: 0xFFFFFFFF
In clock cycle: 22538
Register Write to Reg: 0x09 Val: 0x00000001
In clock cycle: 23551
Register Write to Reg: 0x01 Val: 0x00000005
In clock cycle: 23552
Register Write to Reg: 0x02 Val: 0x00000005
In clock cycle: 23554
Register Write to Reg: 0x03 Val: 0xFFFFFFFF
In clock cycle: 23555
Register Write to Reg: 0x04 Val: 0x00000003
In clock cycle: 23556
Register Write to Reg: 0x05 Val: 0x00000009
In clock cycle: 23558
Register Write to Reg: 0x06 Val: 0x00000001
In clock cycle: 23559
Register Write to Reg: 0x07 Val: 0x0000002A
In clock cycle: 23561
Register Write to Reg: 0x08 Val: 0xFFFFFFFF
In clock cycle: 23562
Register Write to Reg: 0x09 Val: 0x00000001
In clock cycle: 24575
Register Write to Reg: 0x01 Val: 0x00000005
In clock cycle: 24576
Register Write to Reg: 0x02 Val: 0x00000005
In clock cycle: 24578
Register Write to Reg: 0x03 Val: 0xFFFFFFFF
In clock cycle: 24579
Register Write to Reg: 0x04 Val: 0x00000003
In clock cycle: 24580
Register Write to Reg: 0x05 Val: 0x00000009
In clock cycle: 24582
Register Write to Reg: 0x06 Val: 0x00000001
In clock cycle: 24583
Register Write to Reg: 0x07 Val: 0x0000002A
In clock cycle: 24585
Register Write to Reg: 0x08 Val: 0xFFFFFFFF
In clock cycle: 24586
Register Write to Reg: 0x09 Val: 0x00000001
In clock cycle: 25599
Register Write to Reg: 0x01 Val: 0x00000005
In clock cycle: 25600
Register Write to Reg: 0x02 Val: 0x00000005
In clock cycle: 25602
Register Write to Reg: 0x03 Val: 0xFFFFFFFF
In clock cycle: 25603
Register Write to Reg: 0x04 Val: 0x00000003
In clock cycle: 25604
Register Write to Reg: 0x05 Val: 0x00000009
In clock cycle: 25606
Register Write to Reg: 0x06 Val: 0x00000001
In clock cycle: 25607
Register Write to Reg: 0x07 Val: 0x0000002A
In clock cycle: 25609
Register Write to Reg: 0x08 Val: 0xFFFFFFFF
In clock cycle: 25610
Register Write to Reg: 0x09 Val: 0x00000001
In clock cycle: 26623
Register Write to Reg: 0x01 Val: 0x00000005
In clock cycle: 26624
Register Write to Reg: 0x02 Val: 0x00000005
In clock cycle: 26626
Register Write to Reg: 0x03 Val: 0xFFFFFFFF
In clock cycle: 26627
Register Write to Reg: 0x04 Val: 0x00000003
In clock cycle: 26628
Register Write to Reg: 0x05 Val: 0x00000009
In clock cycle: 26630
Register Write to Reg: 0x06 Val: 0x00000001
In clock cycle: 26631
Register Write to Reg: 0x07 Val: 0x0000002A
In clock cycle: 26633
Register Write to Reg: 0x08 Val: 0xFFFFFFFF
In clock cycle: 26634
Register Write to Reg: 0x09 Val: 0x00000001
In clock cycle: 27647
Register Write to Reg: 0x01 Val: 0x00000005
In clock cycle: 27648
Register Write to Reg: 0x02 Val: 0x00000005
In clock cycle: 27650
Register Write to Reg: 0x03 Val: 0xFFFFFFFF
In clock cycle: 27651
Register Write to Reg: 0x04 Val: 0x00000003
In clock cycle: 27652
Register Write to Reg: 0x05 Val: 0x00000009
In clock cycle: 27654
Register Write to Reg: 0x06 Val: 0x00000001
In clock cycle: 27655
Register Write to Reg: 0x07 Val: 0x0000002A
In clock cycle: 27657
Register Write to Reg: 0x08 Val: 0xFFFFFFFF
In clock cycle: 27658
Register Write to Reg: 0x09 Val: 0x00000001
In clock cycle: 28671
Register Write to Reg: 0x01 Val: 0x00000005
In clock cycle: 28672
Register Write to Reg: 0x02 Val: 0x00000005
In clock cycle: 28674
Register Write to Reg: 0x03 Val: 0xFFFFFFFF
In clock cycle: 28675
Register Write to Reg: 0x04 Val: 0x00000003
In clock cycle: 28676
Register Write to Reg: 0x05 Val: 0x00000009
In clock cycle: 28678
Register Write to Reg: 0x06 Val: 0x00000001
In clock cycle: 28679
Register Write to Reg: 0x07 Val: 0x0000002A
In clock cycle: 28681
Register Write to Reg: 0x08 Val: 0xFFFFFFFF
In clock cycle: 28682
Register Write to Reg: 0x09 Val: 0x00000001
In clock cycle: 29695
Register Write to Reg: 0x01 Val: 0x00000005
In clock cycle: 29696
Register Write to Reg: 0x02 Val: 0x00000005
In clock cycle: 29698
Register Write to Reg: 0x03 Val: 0xFFFFFFFF
In clock cycle: 29699
Register Write to Reg: 0x04 Val: 0x00000003
In clock cycle: 29700
Register Write to Reg: 0x05 Val: 0x00000009
In clock cycle: 29702
Register Write to Reg: 0x06 Val: 0x00000001
In clock cycle: 29703
Register Write to Reg: 0x07 Val: 0x0000002A
In clock cycle: 29705
Register Write to Reg: 0x08 Val: 0xFFFFFFFF
In clock cycle: 29706
Register Write to Reg: 0x09 Val: 0x00000001
In clock cycle: 30719
Register Write to Reg: 0x01 Val: 0x00000005
In clock cycle: 30720
Register Write to Reg: 0x02 Val: 0x00000005
In clock cycle: 30722
Register Write to Reg: 0x03 Val: 0xFFFFFFFF
In clock cycle: 30723
Register Write to Reg: 0x04 Val: 0x00000003
In clock cycle: 30724
Register Write to Reg: 0x05 Val: 0x00000009
In clock cycle: 30726
Register Write to Reg: 0x06 Val: 0x00000001
In clock cycle: 30727
Register Write to Reg: 0x07 Val: 0x0000002A
In clock cycle: 30729
Register Write to Reg: 0x08 Val: 0xFFFFFFFF
In clock cycle: 30730
Register Write to Reg: 0x09 Val: 0x00000001
In clock cycle: 31743
Register Write to Reg: 0x01 Val: 0x00000005
In clock cycle: 31744
Register Write to Reg: 0x02 Val: 0x00000005
In clock cycle: 31746
Register Write to Reg: 0x03 Val: 0xFFFFFFFF
In clock cycle: 31747
Register Write to Reg: 0x04 Val: 0x00000003
In clock cycle: 31748
Register Write to Reg: 0x05 Val: 0x00000009
In clock cycle: 31750
Register Write to Reg: 0x06 Val: 0x00000001
In clock cycle: 31751
Register Write to Reg: 0x07 Val: 0x0000002A
In clock cycle: 31753
Register Write to Reg: 0x08 Val: 0xFFFFFFFF
In clock cycle: 31754
Register Write to Reg: 0x09 Val: 0x00000001
In clock cycle: 32767
Register Write to Reg: 0x01 Val: 0x00000005
In clock cycle: 32768
Register Write to Reg: 0x02 Val: 0x00000005
In clock cycle: 32770
Register Write to Reg: 0x03 Val: 0xFFFFFFFF
In clock cycle: 32771
Register Write to Reg: 0x04 Val: 0x00000003
In clock cycle: 32772
Register Write to Reg: 0x05 Val: 0x00000009
In clock cycle: 32774
Register Write to Reg: 0x06 Val: 0x00000001
In clock cycle: 32775
Register Write to Reg: 0x07 Val: 0x0000002A
In clock cycle: 32777
Register Write to Reg: 0x08 Val: 0xFFFFFFFF
In clock cycle: 32778
Register Write to Reg: 0x09 Val: 0x00000001
In clock cycle: 33791
Register Write to Reg: 0x01 Val: 0x00000005
In clock cycle: 33792
Register Write to Reg: 0x02 Val: 0x00000005
In clock cycle: 33794
Register Write to Reg: 0x03 Val: 0xFFFFFFFF
In clock cycle: 33795
Register Write to Reg: 0x04 Val: 0x00000003
In clock cycle: 33796
Register Write to Reg: 0x05 Val: 0x00000009
In clock cycle: 33798
Register Write to Reg: 0x06 Val: 0x00000001
In clock cycle: 33799
Register Write to Reg: 0x07 Val: 0x0000002A
In clock cycle: 33801
Register Write to Reg: 0x08 Val: 0xFFFFFFFF
In clock cycle: 33802
Register Write to Reg: 0x09 Val: 0x00000001
In clock cycle: 34815
Register Write to Reg: 0x01 Val: 0x00000005
In clock cycle: 34816
Register Write to Reg: 0x02 Val: 0x00000005
In clock cycle: 34818
Register Write to Reg: 0x03 Val: 0xFFFFFFFF
In clock cycle: 34819
Register Write to Reg: 0x04 Val: 0x00000003
In clock cycle: 34820
Register Write to Reg: 0x05 Val: 0x00000009
In clock cycle: 34822
Register Write to Reg: 0x06 Val: 0x00000001
In clock cycle: 34823
Register Write to Reg: 0x07 Val: 0x0000002A
In clock cycle: 34825
Register Write to Reg: 0x08 Val: 0xFFFFFFFF
In clock cycle: 34826
Register Write to Reg: 0x09 Val: 0x00000001
In clock cycle: 35839
Register Write to Reg: 0x01 Val: 0x00000005
In clock cycle: 35840
Register Write to Reg: 0x02 Val: 0x00000005
In clock cycle: 35842
Register Write to Reg: 0x03 Val: 0xFFFFFFFF
In clock cycle: 35843
Register Write to Reg: 0x04 Val: 0x00000003
In clock cycle: 35844
Register Write to Reg: 0x05 Val: 0x00000009
In clock cycle: 35846
Register Write to Reg: 0x06 Val: 0x00000001
In clock cycle: 35847
Register Write to Reg: 0x07 Val: 0x0000002A
In clock cycle: 35849
Register Write to Reg: 0x08 Val: 0xFFFFFFFF
In clock cycle: 35850
Register Write to Reg: 0x09 Val: 0x00000001
In clock cycle: 36863
Register Write to Reg: 0x01 Val: 0x00000005
In clock cycle: 36864
Register Write to Reg: 0x02 Val: 0x00000005
In clock cycle: 36866
Register Write to Reg: 0x03 Val: 0xFFFFFFFF
In clock cycle: 36867
Register Write to Reg: 0x04 Val: 0x00000003
In clock cycle: 36868
Register Write to Reg: 0x05 Val: 0x00000009
In clock cycle: 36870
Register Write to Reg: 0x06 Val: 0x00000001
In clock cycle: 36871
Register Write to Reg: 0x07 Val: 0x0000002A
In clock cycle: 36873
Register Write to Reg: 0x08 Val: 0xFFFFFFFF
In clock cycle: 36874
Register Write to Reg: 0x09 Val: 0x00000001
In clock cycle: 37887
Register Write to Reg: 0x01 Val: 0x00000005
In clock cycle: 37888
Register Write to Reg: 0x02 Val: 0x00000005
In clock cycle: 37890
Register Write to Reg: 0x03 Val: 0xFFFFFFFF
In clock cycle: 37891
Register Write to Reg: 0x04 Val: 0x00000003
In clock cycle: 37892
Register Write to Reg: 0x05 Val: 0x00000009
In clock cycle: 37894
Register Write to Reg: 0x06 Val: 0x00000001
In clock cycle: 37895
Register Write to Reg: 0x07 Val: 0x0000002A
In clock cycle: 37897
Register Write to Reg: 0x08 Val: 0xFFFFFFFF
In clock cycle: 37898
Register Write to Reg: 0x09 Val: 0x00000001
In clock cycle: 38911
Register Write to Reg: 0x01 Val: 0x00000005
In clock cycle: 38912
Register Write to Reg: 0x02 Val: 0x00000005
In clock cycle: 38914
Register Write to Reg: 0x03 Val: 0xFFFFFFFF
In clock cycle: 38915
Register Write to Reg: 0x04 Val: 0x00000003
In clock cycle: 38916
Register Write to Reg: 0x05 Val: 0x00000009
In clock cycle: 38918
Register Write to Reg: 0x06 Val: 0x00000001
In clock cycle: 38919
Register Write to Reg: 0x07 Val: 0x0000002A
In clock cycle: 38921
Register Write to Reg: 0x08 Val: 0xFFFFFFFF
In clock cycle: 38922
Register Write to Reg: 0x09 Val: 0x00000001
In clock cycle: 39935
Register Write to Reg: 0x01 Val: 0x00000005
In clock cycle: 39936
Register Write to Reg: 0x02 Val: 0x00000005
In clock cycle: 39938
Register Write to Reg: 0x03 Val: 0xFFFFFFFF
In clock cycle: 39939
Register Write to Reg: 0x04 Val: 0x00000003
In clock cycle: 39940
Register Write to Reg: 0x05 Val: 0x00000009
In clock cycle: 39942
Register Write to Reg: 0x06 Val: 0x00000001
In clock cycle: 39943
Register Write to Reg: 0x07 Val: 0x0000002A
In clock cycle: 39945
Register Write to Reg: 0x08 Val: 0xFFFFFFFF
In clock cycle: 39946
Register Write to Reg: 0x09 Val: 0x00000001
In clock cycle: 40959
Register Write to Reg: 0x01 Val: 0x00000005
In clock cycle: 40960
Register Write to Reg: 0x02 Val: 0x00000005
In clock cycle: 40962
Register Write to Reg: 0x03 Val: 0xFFFFFFFF
In clock cycle: 40963
Register Write to Reg: 0x04 Val: 0x00000003
In clock cycle: 40964
Register Write to Reg: 0x05 Val: 0x00000009
In clock cycle: 40966
Register Write to Reg: 0x06 Val: 0x00000001
In clock cycle: 40967
Register Write to Reg: 0x07 Val: 0x0000002A
In clock cycle: 40969
Register Write to Reg: 0x08 Val: 0xFFFFFFFF
In clock cycle: 40970
Register Write to Reg: 0x09 Val: 0x00000001
In clock cycle: 41983
Register Write to Reg: 0x01 Val: 0x00000005
In clock cycle: 41984
Register Write to Reg: 0x02 Val: 0x00000005
In clock cycle: 41986
Register Write to Reg: 0x03 Val: 0xFFFFFFFF
In clock cycle: 41987
Register Write to Reg: 0x04 Val: 0x00000003
In clock cycle: 41988
Register Write to Reg: 0x05 Val: 0x00000009
In clock cycle: 41990
Register Write to Reg: 0x06 Val: 0x00000001
In clock cycle: 41991
Register Write to Reg: 0x07 Val: 0x0000002A
In clock cycle: 41993
Register Write to Reg: 0x08 Val: 0xFFFFFFFF
In clock cycle: 41994
Register Write to Reg: 0x09 Val: 0x00000001
In clock cycle: 43007
Register Write to Reg: 0x01 Val: 0x00000005
In clock cycle: 43008
Register Write to Reg: 0x02 Val: 0x00000005
In clock cycle: 43010
Register Write to Reg: 0x03 Val: 0xFFFFFFFF
In clock cycle: 43011
Register Write to Reg: 0x04 Val: 0x00000003
In clock cycle: 43012
Register Write to Reg: 0x05 Val: 0x00000009
In clock cycle: 43014
Register Write to Reg: 0x06 Val: 0x00000001
In clock cycle: 43015
Register Write to Reg: 0x07 Val: 0x0000002A
In clock cycle: 43017
Register Write to Reg: 0x08 Val: 0xFFFFFFFF
In clock cycle: 43018
Register Write to Reg: 0x09 Val: 0x00000001
In clock cycle: 44031
Register Write to Reg: 0x01 Val: 0x00000005
In clock cycle: 44032
Register Write to Reg: 0x02 Val: 0x00000005
In clock cycle: 44034
Register Write to Reg: 0x03 Val: 0xFFFFFFFF
In clock cycle: 44035
Register Write to Reg: 0x04 Val: 0x00000003
In clock cycle: 44036
Register Write to Reg: 0x05 Val: 0x00000009
In clock cycle: 44038
Register Write to Reg: 0x06 Val: 0x00000001
In clock cycle: 44039
Register Write to Reg: 0x07 Val: 0x0000002A
In clock cycle: 44041
Register Write to Reg: 0x08 Val: 0xFFFFFFFF
In clock cycle: 44042
Register Write to Reg: 0x09 Val: 0x00000001
In clock cycle: 45055
Register Write to Reg: 0x01 Val: 0x00000005
In clock cycle: 45056
Register Write to Reg: 0x02 Val: 0x00000005
In clock cycle: 45058
Register Write to Reg: 0x03 Val: 0xFFFFFFFF
In clock cycle: 45059
Register Write to Reg: 0x04 Val: 0x00000003
In clock cycle: 45060
Register Write to Reg: 0x05 Val: 0x00000009
In clock cycle: 45062
Register Write to Reg: 0x06 Val: 0x00000001
In clock cycle: 45063
Register Write to Reg: 0x07 Val: 0x0000002A
In clock cycle: 45065
Register Write to Reg: 0x08 Val: 0xFFFFFFFF
In clock cycle: 45066
Register Write to Reg: 0x09 Val: 0x00000001
In clock cycle: 46079
Register Write to Reg: 0x01 Val: 0x00000005
In clock cycle: 46080
Register Write to Reg: 0x02 Val: 0x00000005
In clock cycle: 46082
Register Write to Reg: 0x03 Val: 0xFFFFFFFF
In clock cycle: 46083
Register Write to Reg: 0x04 Val: 0x00000003
In clock cycle: 46084
Register Write to Reg: 0x05 Val: 0x00000009
In clock cycle: 46086
Register Write to Reg: 0x06 Val: 0x00000001
In clock cycle: 46087
Register Write to Reg: 0x07 Val: 0x0000002A
In clock cycle: 46089
Register Write to Reg: 0x08 Val: 0xFFFFFFFF
In clock cycle: 46090
Register Write to Reg: 0x09 Val: 0x00000001
In clock cycle: 47103
Register Write to Reg: 0x01 Val: 0x00000005
In clock cycle: 47104
Register Write to Reg: 0x02 Val: 0x00000005
In clock cycle: 47106
Register Write to Reg: 0x03 Val: 0xFFFFFFFF
In clock cycle: 47107
Register Write to Reg: 0x04 Val: 0x00000003
In clock cycle: 47108
Register Write to Reg: 0x05 Val: 0x00000009
In clock cycle: 47110
Register Write to Reg: 0x06 Val: 0x00000001
In clock cycle: 47111
Register Write to Reg: 0x07 Val: 0x0000002A
In clock cycle: 47113
Register Write to Reg: 0x08 Val: 0xFFFFFFFF
In clock cycle: 47114
Register Write to Reg: 0x09 Val: 0x00000001
In clock cycle: 48127
Register Write to Reg: 0x01 Val: 0x00000005
In clock cycle: 48128
Register Write to Reg: 0x02 Val: 0x00000005
In clock cycle: 48130
Register Write to Reg: 0x03 Val: 0xFFFFFFFF
In clock cycle: 48131
Register Write to Reg: 0x04 Val: 0x00000003
In clock cycle: 48132
Register Write to Reg: 0x05 Val: 0x00000009
In clock cycle: 48134
Register Write to Reg: 0x06 Val: 0x00000001
In clock cycle: 48135
Register Write to Reg: 0x07 Val: 0x0000002A
In clock cycle: 48137
Register Write to Reg: 0x08 Val: 0xFFFFFFFF
In clock cycle: 48138
Register Write to Reg: 0x09 Val: 0x00000001
In clock cycle: 49151
Register Write to Reg: 0x01 Val: 0x00000005
In clock cycle: 49152
Register Write to Reg: 0x02 Val: 0x00000005
In clock cycle: 49154
Register Write to Reg: 0x03 Val: 0xFFFFFFFF
In clock cycle: 49155
Register Write to Reg: 0x04 Val: 0x00000003
In clock cycle: 49156
Register Write to Reg: 0x05 Val: 0x00000009
In clock cycle: 49158
Register Write to Reg: 0x06 Val: 0x00000001
In clock cycle: 49159
Register Write to Reg: 0x07 Val: 0x0000002A
In clock cycle: 49161
Register Write to Reg: 0x08 Val: 0xFFFFFFFF
In clock cycle: 49162
Register Write to Reg: 0x09 Val: 0x00000001
In clock cycle: 50175
Register Write to Reg: 0x01 Val: 0x00000005
In clock cycle: 50176
Register Write to Reg: 0x02 Val: 0x00000005
In clock cycle: 50178
Register Write to Reg: 0x03 Val: 0xFFFFFFFF
In clock cycle: 50179
Register Write to Reg: 0x04 Val: 0x00000003
In clock cycle: 50180
Register Write to Reg: 0x05 Val: 0x00000009
In clock cycle: 50182
Register Write to Reg: 0x06 Val: 0x00000001
In clock cycle: 50183
Register Write to Reg: 0x07 Val: 0x0000002A
In clock cycle: 50185
Register Write to Reg: 0x08 Val: 0xFFFFFFFF
In clock cycle: 50186
Register Write to Reg: 0x09 Val: 0x00000001
In clock cycle: 51199
Register Write to Reg: 0x01 Val: 0x00000005
In clock cycle: 51200
Register Write to Reg: 0x02 Val: 0x00000005
In clock cycle: 51202
Register Write to Reg: 0x03 Val: 0xFFFFFFFF
In clock cycle: 51203
Register Write to Reg: 0x04 Val: 0x00000003
In clock cycle: 51204
Register Write to Reg: 0x05 Val: 0x00000009
In clock cycle: 51206
Register Write to Reg: 0x06 Val: 0x00000001
In clock cycle: 51207
Register Write to Reg: 0x07 Val: 0x0000002A
In clock cycle: 51209
Register Write to Reg: 0x08 Val: 0xFFFFFFFF
In clock cycle: 51210
Register Write to Reg: 0x09 Val: 0x00000001
In clock cycle: 52223
Register Write to Reg: 0x01 Val: 0x00000005
In clock cycle: 52224
Register Write to Reg: 0x02 Val: 0x00000005
In clock cycle: 52226
Register Write to Reg: 0x03 Val: 0xFFFFFFFF
In clock cycle: 52227
Register Write to Reg: 0x04 Val: 0x00000003
In clock cycle: 52228
Register Write to Reg: 0x05 Val: 0x00000009
In clock cycle: 52230
Register Write to Reg: 0x06 Val: 0x00000001
In clock cycle: 52231
Register Write to Reg: 0x07 Val: 0x0000002A
In clock cycle: 52233
Register Write to Reg: 0x08 Val: 0xFFFFFFFF
In clock cycle: 52234
Register Write to Reg: 0x09 Val: 0x00000001
In clock cycle: 53247
Register Write to Reg: 0x01 Val: 0x00000005
In clock cycle: 53248
Register Write to Reg: 0x02 Val: 0x00000005
In clock cycle: 53250
Register Write to Reg: 0x03 Val: 0xFFFFFFFF
In clock cycle: 53251
Register Write to Reg: 0x04 Val: 0x00000003
In clock cycle: 53252
Register Write to Reg: 0x05 Val: 0x00000009
In clock cycle: 53254
Register Write to Reg: 0x06 Val: 0x00000001
In clock cycle: 53255
Register Write to Reg: 0x07 Val: 0x0000002A
In clock cycle: 53257
Register Write to Reg: 0x08 Val: 0xFFFFFFFF
In clock cycle: 53258
Register Write to Reg: 0x09 Val: 0x00000001
In clock cycle: 54271
Register Write to Reg: 0x01 Val: 0x00000005
In clock cycle: 54272
Register Write to Reg: 0x02 Val: 0x00000005
In clock cycle: 54274
Register Write to Reg: 0x03 Val: 0xFFFFFFFF
In clock cycle: 54275
Register Write to Reg: 0x04 Val: 0x00000003
In clock cycle: 54276
Register Write to Reg: 0x05 Val: 0x00000009
In clock cycle: 54278
Register Write to Reg: 0x06 Val: 0x00000001
In clock cycle: 54279
Register Write to Reg: 0x07 Val: 0x0000002A
In clock cycle: 54281
Register Write to Reg: 0x08 Val: 0xFFFFFFFF
In clock cycle: 54282
Register Write to Reg: 0x09 Val: 0x00000001
In clock cycle: 55295
Register Write to Reg: 0x01 Val: 0x00000005
In clock cycle: 55296
Register Write to Reg: 0x02 Val: 0x00000005
In clock cycle: 55298
Register Write to Reg: 0x03 Val: 0xFFFFFFFF
In clock cycle: 55299
Register Write to Reg: 0x04 Val: 0x00000003
In clock cycle: 55300
Register Write to Reg: 0x05 Val: 0x00000009
In clock cycle: 55302
Register Write to Reg: 0x06 Val: 0x00000001
In clock cycle: 55303
Register Write to Reg: 0x07 Val: 0x0000002A
In clock cycle: 55305
Register Write to Reg: 0x08 Val: 0xFFFFFFFF
In clock cycle: 55306
Register Write to Reg: 0x09 Val: 0x00000001
In clock cycle: 56319
Register Write to Reg: 0x01 Val: 0x00000005
In clock cycle: 56320
Register Write to Reg: 0x02 Val: 0x00000005
In clock cycle: 56322
Register Write to Reg: 0x03 Val: 0xFFFFFFFF
In clock cycle: 56323
Register Write to Reg: 0x04 Val: 0x00000003
In clock cycle: 56324
Register Write to Reg: 0x05 Val: 0x00000009
In clock cycle: 56326
Register Write to Reg: 0x06 Val: 0x00000001
In clock cycle: 56327
Register Write to Reg: 0x07 Val: 0x0000002A
In clock cycle: 56329
Register Write to Reg: 0x08 Val: 0xFFFFFFFF
In clock cycle: 56330
Register Write to Reg: 0x09 Val: 0x00000001
In clock cycle: 57343
Register Write to Reg: 0x01 Val: 0x00000005
In clock cycle: 57344
Register Write to Reg: 0x02 Val: 0x00000005
In clock cycle: 57346
Register Write to Reg: 0x03 Val: 0xFFFFFFFF
In clock cycle: 57347
Register Write to Reg: 0x04 Val: 0x00000003
In clock cycle: 57348
Register Write to Reg: 0x05 Val: 0x00000009
In clock cycle: 57350
Register Write to Reg: 0x06 Val: 0x00000001
In clock cycle: 57351
Register Write to Reg: 0x07 Val: 0x0000002A
In clock cycle: 57353
Register Write to Reg: 0x08 Val: 0xFFFFFFFF
In clock cycle: 57354
Register Write to Reg: 0x09 Val: 0x00000001
In clock cycle: 58367
Register Write to Reg: 0x01 Val: 0x00000005
In clock cycle: 58368
Register Write to Reg: 0x02 Val: 0x00000005
In clock cycle: 58370
Register Write to Reg: 0x03 Val: 0xFFFFFFFF
In clock cycle: 58371
Register Write to Reg: 0x04 Val: 0x00000003
In clock cycle: 58372
Register Write to Reg: 0x05 Val: 0x00000009
In clock cycle: 58374
Register Write to Reg: 0x06 Val: 0x00000001
In clock cycle: 58375
Register Write to Reg: 0x07 Val: 0x0000002A
In clock cycle: 58377
Register Write to Reg: 0x08 Val: 0xFFFFFFFF
In clock cycle: 58378
Register Write to Reg: 0x09 Val: 0x00000001
In clock cycle: 59391
Register Write to Reg: 0x01 Val: 0x00000005
In clock cycle: 59392
Register Write to Reg: 0x02 Val: 0x00000005
In clock cycle: 59394
Register Write to Reg: 0x03 Val: 0xFFFFFFFF
In clock cycle: 59395
Register Write to Reg: 0x04 Val: 0x00000003
In clock cycle: 59396
Register Write to Reg: 0x05 Val: 0x00000009
In clock cycle: 59398
Register Write to Reg: 0x06 Val: 0x00000001
In clock cycle: 59399
Register Write to Reg: 0x07 Val: 0x0000002A
In clock cycle: 59401
Register Write to Reg: 0x08 Val: 0xFFFFFFFF
In clock cycle: 59402
Register Write to Reg: 0x09 Val: 0x00000001
In clock cycle: 60415
Register Write to Reg: 0x01 Val: 0x00000005
In clock cycle: 60416
Register Write to Reg: 0x02 Val: 0x00000005
In clock cycle: 60418
Register Write to Reg: 0x03 Val: 0xFFFFFFFF
In clock cycle: 60419
Register Write to Reg: 0x04 Val: 0x00000003
In clock cycle: 60420
Register Write to Reg: 0x05 Val: 0x00000009
In clock cycle: 60422
Register Write to Reg: 0x06 Val: 0x00000001
In clock cycle: 60423
Register Write to Reg: 0x07 Val: 0x0000002A
In clock cycle: 60425
Register Write to Reg: 0x08 Val: 0xFFFFFFFF
In clock cycle: 60426
Register Write to Reg: 0x09 Val: 0x00000001
In clock cycle: 61439
Register Write to Reg: 0x01 Val: 0x00000005
In clock cycle: 61440
Register Write to Reg: 0x02 Val: 0x00000005
In clock cycle: 61442
Register Write to Reg: 0x03 Val: 0xFFFFFFFF
In clock cycle: 61443
Register Write to Reg: 0x04 Val: 0x00000003
In clock cycle: 61444
Register Write to Reg: 0x05 Val: 0x00000009
In clock cycle: 61446
Register Write to Reg: 0x06 Val: 0x00000001
In clock cycle: 61447
Register Write to Reg: 0x07 Val: 0x0000002A
In clock cycle: 61449
Register Write to Reg: 0x08 Val: 0xFFFFFFFF
In clock cycle: 61450
Register Write to Reg: 0x09 Val: 0x00000001
In clock cycle: 62463
Register Write to Reg: 0x01 Val: 0x00000005
In clock cycle: 62464
Register Write to Reg: 0x02 Val: 0x00000005
In clock cycle: 62466
Register Write to Reg: 0x03 Val: 0xFFFFFFFF
In clock cycle: 62467
Register Write to Reg: 0x04 Val: 0x00000003
In clock cycle: 62468
Register Write to Reg: 0x05 Val: 0x00000009
In clock cycle: 62470
Register Write to Reg: 0x06 Val: 0x00000001
In clock cycle: 62471
Register Write to Reg: 0x07 Val: 0x0000002A
In clock cycle: 62473
Register Write to Reg: 0x08 Val: 0xFFFFFFFF
In clock cycle: 62474
Register Write to Reg: 0x09 Val: 0x00000001
In clock cycle: 63487
Register Write to Reg: 0x01 Val: 0x00000005
In clock cycle: 63488
Register Write to Reg: 0x02 Val: 0x00000005
In clock cycle: 63490
Register Write to Reg: 0x03 Val: 0xFFFFFFFF
In clock cycle: 63491
Register Write to Reg: 0x04 Val: 0x00000003
In clock cycle: 63492
Register Write to Reg: 0x05 Val: 0x00000009
In clock cycle: 63494
Register Write to Reg: 0x06 Val: 0x00000001
In clock cycle: 63495
Register Write to Reg: 0x07 Val: 0x0000002A
In clock cycle: 63497
Register Write to Reg: 0x08 Val: 0xFFFFFFFF
In clock cycle: 63498
Register Write to Reg: 0x09 Val: 0x00000001
In clock cycle: 64511
Register Write to Reg: 0x01 Val: 0x00000005
In clock cycle: 64512
Register Write to Reg: 0x02 Val: 0x00000005
In clock cycle: 64514
Register Write to Reg: 0x03 Val: 0xFFFFFFFF
In clock cycle: 64515
Register Write to Reg: 0x04 Val: 0x00000003
In clock cycle: 64516
Register Write to Reg: 0x05 Val: 0x00000009
In clock cycle: 64518
Register Write to Reg: 0x06 Val: 0x00000001
In clock cycle: 64519
Register Write to Reg: 0x07 Val: 0x0000002A
In clock cycle: 64521
Register Write to Reg: 0x08 Val: 0xFFFFFFFF
In clock cycle: 64522
Register Write to Reg: 0x09 Val: 0x00000001
In clock cycle: 65535
Register Write to Reg: 0x01 Val: 0x00000005
In clock cycle: 65536
Register Write to Reg: 0x02 Val: 0x00000005
In clock cycle: 65538
Register Write to Reg: 0x03 Val: 0xFFFFFFFF
In clock cycle: 65539
Register Write to Reg: 0x04 Val: 0x00000003
In clock cycle: 65540
Register Write to Reg: 0x05 Val: 0x00000009
In clock cycle: 65542
Register Write to Reg: 0x06 Val: 0x00000001
In clock cycle: 65543
Register Write to Reg: 0x07 Val: 0x0000002A
In clock cycle: 65545
Register Write to Reg: 0x08 Val: 0xFFFFFFFF
In clock cycle: 65546
Register Write to Reg: 0x09 Val: 0x00000001
In clock cycle: 66559
Register Write to Reg: 0x01 Val: 0x00000005
In clock cycle: 66560
Register Write to Reg: 0x02 Val: 0x00000005
In clock cycle: 66562
Register Write to Reg: 0x03 Val: 0xFFFFFFFF
In clock cycle: 66563
Register Write to Reg: 0x04 Val: 0x00000003
In clock cycle: 66564
Register Write to Reg: 0x05 Val: 0x00000009
In clock cycle: 66566
Register Write to Reg: 0x06 Val: 0x00000001
In clock cycle: 66567
Register Write to Reg: 0x07 Val: 0x0000002A
In clock cycle: 66569
Register Write to Reg: 0x08 Val: 0xFFFFFFFF
In clock cycle: 66570
Register Write to Reg: 0x09 Val: 0x00000001
In clock cycle: 67583
Register Write to Reg: 0x01 Val: 0x00000005
In clock cycle: 67584
Register Write to Reg: 0x02 Val: 0x00000005
In clock cycle: 67586
Register Write to Reg: 0x03 Val: 0xFFFFFFFF
In clock cycle: 67587
Register Write to Reg: 0x04 Val: 0x00000003
In clock cycle: 67588
Register Write to Reg: 0x05 Val: 0x00000009
In clock cycle: 67590
Register Write to Reg: 0x06 Val: 0x00000001
In clock cycle: 67591
Register Write to Reg: 0x07 Val: 0x0000002A
In clock cycle: 67593
Register Write to Reg: 0x08 Val: 0xFFFFFFFF
In clock cycle: 67594
Register Write to Reg: 0x09 Val: 0x00000001
In clock cycle: 68607
Register Write to Reg: 0x01 Val: 0x00000005
In clock cycle: 68608
Register Write to Reg: 0x02 Val: 0x00000005
In clock cycle: 68610
Register Write to Reg: 0x03 Val: 0xFFFFFFFF
In clock cycle: 68611
Register Write to Reg: 0x04 Val: 0x00000003
In clock cycle: 68612
Register Write to Reg: 0x05 Val: 0x00000009
In clock cycle: 68614
Register Write to Reg: 0x06 Val: 0x00000001
In clock cycle: 68615
Register Write to Reg: 0x07 Val: 0x0000002A
In clock cycle: 68617
Register Write to Reg: 0x08 Val: 0xFFFFFFFF
In clock cycle: 68618
Register Write to Reg: 0x09 Val: 0x00000001
In clock cycle: 69631
Register Write to Reg: 0x01 Val: 0x00000005
In clock cycle: 69632
Register Write to Reg: 0x02 Val: 0x00000005
In clock cycle: 69634
Register Write to Reg: 0x03 Val: 0xFFFFFFFF
In clock cycle: 69635
Register Write to Reg: 0x04 Val: 0x00000003
In clock cycle: 69636
Register Write to Reg: 0x05 Val: 0x00000009
In clock cycle: 69638
Register Write to Reg: 0x06 Val: 0x00000001
In clock cycle: 69639
Register Write to Reg: 0x07 Val: 0x0000002A
In clock cycle: 69641
Register Write to Reg: 0x08 Val: 0xFFFFFFFF
In clock cycle: 69642
Register Write to Reg: 0x09 Val: 0x00000001
In clock cycle: 70655
Register Write to Reg: 0x01 Val: 0x00000005
In clock cycle: 70656
Register Write to Reg: 0x02 Val: 0x00000005
In clock cycle: 70658
Register Write to Reg: 0x03 Val: 0xFFFFFFFF
In clock cycle: 70659
Register Write to Reg: 0x04 Val: 0x00000003
In clock cycle: 70660
Register Write to Reg: 0x05 Val: 0x00000009
In clock cycle: 70662
Register Write to Reg: 0x06 Val: 0x00000001
In clock cycle: 70663
Register Write to Reg: 0x07 Val: 0x0000002A
In clock cycle: 70665
Register Write to Reg: 0x08 Val: 0xFFFFFFFF
In clock cycle: 70666
Register Write to Reg: 0x09 Val: 0x00000001
In clock cycle: 71679
Register Write to Reg: 0x01 Val: 0x00000005
In clock cycle: 71680
Register Write to Reg: 0x02 Val: 0x00000005
In clock cycle: 71682
Register Write to Reg: 0x03 Val: 0xFFFFFFFF
In clock cycle: 71683
Register Write to Reg: 0x04 Val: 0x00000003
In clock cycle: 71684
Register Write to Reg: 0x05 Val: 0x00000009
In clock cycle: 71686
Register Write to Reg: 0x06 Val: 0x00000001
In clock cycle: 71687
Register Write to Reg: 0x07 Val: 0x0000002A
In clock cycle: 71689
Register Write to Reg: 0x08 Val: 0xFFFFFFFF
In clock cycle: 71690
Register Write to Reg: 0x09 Val: 0x00000001
In clock cycle: 72703
Register Write to Reg: 0x01 Val: 0x00000005
In clock cycle: 72704
Register Write to Reg: 0x02 Val: 0x00000005
In clock cycle: 72706
Register Write to Reg: 0x03 Val: 0xFFFFFFFF
In clock cycle: 72707
Register Write to Reg: 0x04 Val: 0x00000003
In clock cycle: 72708
Register Write to Reg: 0x05 Val: 0x00000009
In clock cycle: 72710
Register Write to Reg: 0x06 Val: 0x00000001
In clock cycle: 72711
Register Write to Reg: 0x07 Val: 0x0000002A
In clock cycle: 72713
Register Write to Reg: 0x08 Val: 0xFFFFFFFF
In clock cycle: 72714
Register Write to Reg: 0x09 Val: 0x00000001
In clock cycle: 73727
Register Write to Reg: 0x01 Val: 0x00000005
In clock cycle: 73728
Register Write to Reg: 0x02 Val: 0x00000005
In clock cycle: 73730
Register Write to Reg: 0x03 Val: 0xFFFFFFFF
In clock cycle: 73731
Register Write to Reg: 0x04 Val: 0x00000003
In clock cycle: 73732
Register Write to Reg: 0x05 Val: 0x00000009
In clock cycle: 73734
Register Write to Reg: 0x06 Val: 0x00000001
In clock cycle: 73735
Register Write to Reg: 0x07 Val: 0x0000002A
In clock cycle: 73737
Register Write to Reg: 0x08 Val: 0xFFFFFFFF
In clock cycle: 73738
Register Write to Reg: 0x09 Val: 0x00000001
In clock cycle: 74751
Register Write to Reg: 0x01 Val: 0x00000005
In clock cycle: 74752
Register Write to Reg: 0x02 Val: 0x00000005
In clock cycle: 74754
Register Write to Reg: 0x03 Val: 0xFFFFFFFF
In clock cycle: 74755
Register Write to Reg: 0x04 Val: 0x00000003
In clock cycle: 74756
Register Write to Reg: 0x05 Val: 0x00000009
In clock cycle: 74758
Register Write to Reg: 0x06 Val: 0x00000001
In clock cycle: 74759
Register Write to Reg: 0x07 Val: 0x0000002A
In clock cycle: 74761
Register Write to Reg: 0x08 Val: 0xFFFFFFFF
In clock cycle: 74762
Register Write to Reg: 0x09 Val: 0x00000001
In clock cycle: 75775
Register Write to Reg: 0x01 Val: 0x00000005
In clock cycle: 75776
Register Write to Reg: 0x02 Val: 0x00000005
In clock cycle: 75778
Register Write to Reg: 0x03 Val: 0xFFFFFFFF
In clock cycle: 75779
Register Write to Reg: 0x04 Val: 0x00000003
In clock cycle: 75780
Register Write to Reg: 0x05 Val: 0x00000009
In clock cycle: 75782
Register Write to Reg: 0x06 Val: 0x00000001
In clock cycle: 75783
Register Write to Reg: 0x07 Val: 0x0000002A
In clock cycle: 75785
Register Write to Reg: 0x08 Val: 0xFFFFFFFF
In clock cycle: 75786
Register Write to Reg: 0x09 Val: 0x00000001
In clock cycle: 76799
Register Write to Reg: 0x01 Val: 0x00000005
In clock cycle: 76800
Register Write to Reg: 0x02 Val: 0x00000005
In clock cycle: 76802
Register Write to Reg: 0x03 Val: 0xFFFFFFFF
In clock cycle: 76803
Register Write to Reg: 0x04 Val: 0x00000003
In clock cycle: 76804
Register Write to Reg: 0x05 Val: 0x00000009
In clock cycle: 76806
Register Write to Reg: 0x06 Val: 0x00000001
In clock cycle: 76807
Register Write to Reg: 0x07 Val: 0x0000002A
In clock cycle: 76809
Register Write to Reg: 0x08 Val: 0xFFFFFFFF
In clock cycle: 76810
Register Write to Reg: 0x09 Val: 0x00000001
In clock cycle: 77823
Register Write to Reg: 0x01 Val: 0x00000005
In clock cycle: 77824
Register Write to Reg: 0x02 Val: 0x00000005
In clock cycle: 77826
Register Write to Reg: 0x03 Val: 0xFFFFFFFF
In clock cycle: 77827
Register Write to Reg: 0x04 Val: 0x00000003
In clock cycle: 77828
Register Write to Reg: 0x05 Val: 0x00000009
In clock cycle: 77830
Register Write to Reg: 0x06 Val: 0x00000001
In clock cycle: 77831
Register Write to Reg: 0x07 Val: 0x0000002A
In clock cycle: 77833
Register Write to Reg: 0x08 Val: 0xFFFFFFFF
In clock cycle: 77834
Register Write to Reg: 0x09 Val: 0x00000001
In clock cycle: 78847
Register Write to Reg: 0x01 Val: 0x00000005
In clock cycle: 78848
Register Write to Reg: 0x02 Val: 0x00000005
In clock cycle: 78850
Register Write to Reg: 0x03 Val: 0xFFFFFFFF
In clock cycle: 78851
Register Write to Reg: 0x04 Val: 0x00000003
In clock cycle: 78852
Register Write to Reg: 0x05 Val: 0x00000009
In clock cycle: 78854
Register Write to Reg: 0x06 Val: 0x00000001
In clock cycle: 78855
Register Write to Reg: 0x07 Val: 0x0000002A
In clock cycle: 78857
Register Write to Reg: 0x08 Val: 0xFFFFFFFF
In clock cycle: 78858
Register Write to Reg: 0x09 Val: 0x00000001
In clock cycle: 79871
Register Write to Reg: 0x01 Val: 0x00000005
In clock cycle: 79872
Register Write to Reg: 0x02 Val: 0x00000005
In clock cycle: 79874
Register Write to Reg: 0x03 Val: 0xFFFFFFFF
In clock cycle: 79875
Register Write to Reg: 0x04 Val: 0x00000003
In clock cycle: 79876
Register Write to Reg: 0x05 Val: 0x00000009
In clock cycle: 79878
Register Write to Reg: 0x06 Val: 0x00000001
In clock cycle: 79879
Register Write to Reg: 0x07 Val: 0x0000002A
In clock cycle: 79881
Register Write to Reg: 0x08 Val: 0xFFFFFFFF
In clock cycle: 79882
Register Write to Reg: 0x09 Val: 0x00000001
In clock cycle: 80895
Register Write to Reg: 0x01 Val: 0x00000005
In clock cycle: 80896
Register Write to Reg: 0x02 Val: 0x00000005
In clock cycle: 80898
Register Write to Reg: 0x03 Val: 0xFFFFFFFF
In clock cycle: 80899
Register Write to Reg: 0x04 Val: 0x00000003
In clock cycle: 80900
Register Write to Reg: 0x05 Val: 0x00000009
In clock cycle: 80902
Register Write to Reg: 0x06 Val: 0x00000001
In clock cycle: 80903
Register Write to Reg: 0x07 Val: 0x0000002A
In clock cycle: 80905
Register Write to Reg: 0x08 Val: 0xFFFFFFFF
In clock cycle: 80906
Register Write to Reg: 0x09 Val: 0x00000001
In clock cycle: 81919
Register Write to Reg: 0x01 Val: 0x00000005
In clock cycle: 81920
Register Write to Reg: 0x02 Val: 0x00000005
In clock cycle: 81922
Register Write to Reg: 0x03 Val: 0xFFFFFFFF
In clock cycle: 81923
Register Write to Reg: 0x04 Val: 0x00000003
In clock cycle: 81924
Register Write to Reg: 0x05 Val: 0x00000009
In clock cycle: 81926
Register Write to Reg: 0x06 Val: 0x00000001
In clock cycle: 81927
Register Write to Reg: 0x07 Val: 0x0000002A
In clock cycle: 81929
Register Write to Reg: 0x08 Val: 0xFFFFFFFF
In clock cycle: 81930
Register Write to Reg: 0x09 Val: 0x00000001
In clock cycle: 82943
Register Write to Reg: 0x01 Val: 0x00000005
In clock cycle: 82944
Register Write to Reg: 0x02 Val: 0x00000005
In clock cycle: 82946
Register Write to Reg: 0x03 Val: 0xFFFFFFFF
In clock cycle: 82947
Register Write to Reg: 0x04 Val: 0x00000003
In clock cycle: 82948
Register Write to Reg: 0x05 Val: 0x00000009
In clock cycle: 82950
Register Write to Reg: 0x06 Val: 0x00000001
In clock cycle: 82951
Register Write to Reg: 0x07 Val: 0x0000002A
In clock cycle: 82953
Register Write to Reg: 0x08 Val: 0xFFFFFFFF
In clock cycle: 82954
Register Write to Reg: 0x09 Val: 0x00000001
In clock cycle: 83967
Register Write to Reg: 0x01 Val: 0x00000005
In clock cycle: 83968
Register Write to Reg: 0x02 Val: 0x00000005
In clock cycle: 83970
Register Write to Reg: 0x03 Val: 0xFFFFFFFF
In clock cycle: 83971
Register Write to Reg: 0x04 Val: 0x00000003
In clock cycle: 83972
Register Write to Reg: 0x05 Val: 0x00000009
In clock cycle: 83974
Register Write to Reg: 0x06 Val: 0x00000001
In clock cycle: 83975
Register Write to Reg: 0x07 Val: 0x0000002A
In clock cycle: 83977
Register Write to Reg: 0x08 Val: 0xFFFFFFFF
In clock cycle: 83978
Register Write to Reg: 0x09 Val: 0x00000001
In clock cycle: 84991
Register Write to Reg: 0x01 Val: 0x00000005
In clock cycle: 84992
Register Write to Reg: 0x02 Val: 0x00000005
In clock cycle: 84994
Register Write to Reg: 0x03 Val: 0xFFFFFFFF
In clock cycle: 84995
Register Write to Reg: 0x04 Val: 0x00000003
In clock cycle: 84996
Register Write to Reg: 0x05 Val: 0x00000009
In clock cycle: 84998
Register Write to Reg: 0x06 Val: 0x00000001
In clock cycle: 84999
Register Write to Reg: 0x07 Val: 0x0000002A
In clock cycle: 85001
Register Write to Reg: 0x08 Val: 0xFFFFFFFF
In clock cycle: 85002
Register Write to Reg: 0x09 Val: 0x00000001
In clock cycle: 86015
Register Write to Reg: 0x01 Val: 0x00000005
In clock cycle: 86016
Register Write to Reg: 0x02 Val: 0x00000005
In clock cycle: 86018
Register Write to Reg: 0x03 Val: 0xFFFFFFFF
In clock cycle: 86019
Register Write to Reg: 0x04 Val: 0x00000003
In clock cycle: 86020
Register Write to Reg: 0x05 Val: 0x00000009
In clock cycle: 86022
Register Write to Reg: 0x06 Val: 0x00000001
In clock cycle: 86023
Register Write to Reg: 0x07 Val: 0x0000002A
In clock cycle: 86025
Register Write to Reg: 0x08 Val: 0xFFFFFFFF
In clock cycle: 86026
Register Write to Reg: 0x09 Val: 0x00000001
In clock cycle: 87039
Register Write to Reg: 0x01 Val: 0x00000005
In clock cycle: 87040
Register Write to Reg: 0x02 Val: 0x00000005
In clock cycle: 87042
Register Write to Reg: 0x03 Val: 0xFFFFFFFF
In clock cycle: 87043
Register Write to Reg: 0x04 Val: 0x00000003
In clock cycle: 87044
Register Write to Reg: 0x05 Val: 0x00000009
In clock cycle: 87046
Register Write to Reg: 0x06 Val: 0x00000001
In clock cycle: 87047
Register Write to Reg: 0x07 Val: 0x0000002A
In clock cycle: 87049
Register Write to Reg: 0x08 Val: 0xFFFFFFFF
In clock cycle: 87050
Register Write to Reg: 0x09 Val: 0x00000001
In clock cycle: 88063
Register Write to Reg: 0x01 Val: 0x00000005
In clock cycle: 88064
Register Write to Reg: 0x02 Val: 0x00000005
In clock cycle: 88066
Register Write to Reg: 0x03 Val: 0xFFFFFFFF
In clock cycle: 88067
Register Write to Reg: 0x04 Val: 0x00000003
In clock cycle: 88068
Register Write to Reg: 0x05 Val: 0x00000009
In clock cycle: 88070
Register Write to Reg: 0x06 Val: 0x00000001
In clock cycle: 88071
Register Write to Reg: 0x07 Val: 0x0000002A
In clock cycle: 88073
Register Write to Reg: 0x08 Val: 0xFFFFFFFF
In clock cycle: 88074
Register Write to Reg: 0x09 Val: 0x00000001
In clock cycle: 89087
Register Write to Reg: 0x01 Val: 0x00000005
In clock cycle: 89088
Register Write to Reg: 0x02 Val: 0x00000005
In clock cycle: 89090
Register Write to Reg: 0x03 Val: 0xFFFFFFFF
In clock cycle: 89091
Register Write to Reg: 0x04 Val: 0x00000003
In clock cycle: 89092
Register Write to Reg: 0x05 Val: 0x00000009
In clock cycle: 89094
Register Write to Reg: 0x06 Val: 0x00000001
In clock cycle: 89095
Register Write to Reg: 0x07 Val: 0x0000002A
In clock cycle: 89097
Register Write to Reg: 0x08 Val: 0xFFFFFFFF
In clock cycle: 89098
Register Write to Reg: 0x09 Val: 0x00000001
In clock cycle: 90111
Register Write to Reg: 0x01 Val: 0x00000005
In clock cycle: 90112
Register Write to Reg: 0x02 Val: 0x00000005
In clock cycle: 90114
Register Write to Reg: 0x03 Val: 0xFFFFFFFF
In clock cycle: 90115
Register Write to Reg: 0x04 Val: 0x00000003
In clock cycle: 90116
Register Write to Reg: 0x05 Val: 0x00000009
In clock cycle: 90118
Register Write to Reg: 0x06 Val: 0x00000001
In clock cycle: 90119
Register Write to Reg: 0x07 Val: 0x0000002A
In clock cycle: 90121
Register Write to Reg: 0x08 Val: 0xFFFFFFFF
In clock cycle: 90122
Register Write to Reg: 0x09 Val: 0x00000001
In clock cycle: 91135
Register Write to Reg: 0x01 Val: 0x00000005
In clock cycle: 91136
Register Write to Reg: 0x02 Val: 0x00000005
In clock cycle: 91138
Register Write to Reg: 0x03 Val: 0xFFFFFFFF
In clock cycle: 91139
Register Write to Reg: 0x04 Val: 0x00000003
In clock cycle: 91140
Register Write to Reg: 0x05 Val: 0x00000009
In clock cycle: 91142
Register Write to Reg: 0x06 Val: 0x00000001
In clock cycle: 91143
Register Write to Reg: 0x07 Val: 0x0000002A
In clock cycle: 91145
Register Write to Reg: 0x08 Val: 0xFFFFFFFF
In clock cycle: 91146
Register Write to Reg: 0x09 Val: 0x00000001
In clock cycle: 92159
Register Write to Reg: 0x01 Val: 0x00000005
In clock cycle: 92160
Register Write to Reg: 0x02 Val: 0x00000005
In clock cycle: 92162
Register Write to Reg: 0x03 Val: 0xFFFFFFFF
In clock cycle: 92163
Register Write to Reg: 0x04 Val: 0x00000003
In clock cycle: 92164
Register Write to Reg: 0x05 Val: 0x00000009
In clock cycle: 92166
Register Write to Reg: 0x06 Val: 0x00000001
In clock cycle: 92167
Register Write to Reg: 0x07 Val: 0x0000002A
In clock cycle: 92169
Register Write to Reg: 0x08 Val: 0xFFFFFFFF
In clock cycle: 92170
Register Write to Reg: 0x09 Val: 0x00000001
In clock cycle: 93183
Register Write to Reg: 0x01 Val: 0x00000005
In clock cycle: 93184
Register Write to Reg: 0x02 Val: 0x00000005
In clock cycle: 93186
Register Write to Reg: 0x03 Val: 0xFFFFFFFF
In clock cycle: 93187
Register Write to Reg: 0x04 Val: 0x00000003
In clock cycle: 93188
Register Write to Reg: 0x05 Val: 0x00000009
In clock cycle: 93190
Register Write to Reg: 0x06 Val: 0x00000001
In clock cycle: 93191
Register Write to Reg: 0x07 Val: 0x0000002A
In clock cycle: 93193
Register Write to Reg: 0x08 Val: 0xFFFFFFFF
In clock cycle: 93194
Register Write to Reg: 0x09 Val: 0x00000001
In clock cycle: 94207
Register Write to Reg: 0x01 Val: 0x00000005
In clock cycle: 94208
Register Write to Reg: 0x02 Val: 0x00000005
In clock cycle: 94210
Register Write to Reg: 0x03 Val: 0xFFFFFFFF
In clock cycle: 94211
Register Write to Reg: 0x04 Val: 0x00000003
In clock cycle: 94212
Register Write to Reg: 0x05 Val: 0x00000009
In clock cycle: 94214
Register Write to Reg: 0x06 Val: 0x00000001
In clock cycle: 94215
Register Write to Reg: 0x07 Val: 0x0000002A
In clock cycle: 94217
Register Write to Reg: 0x08 Val: 0xFFFFFFFF
In clock cycle: 94218
Register Write to Reg: 0x09 Val: 0x00000001
In clock cycle: 95231
Register Write to Reg: 0x01 Val: 0x00000005
In clock cycle: 95232
Register Write to Reg: 0x02 Val: 0x00000005
In clock cycle: 95234
Register Write to Reg: 0x03 Val: 0xFFFFFFFF
In clock cycle: 95235
Register Write to Reg: 0x04 Val: 0x00000003
In clock cycle: 95236
Register Write to Reg: 0x05 Val: 0x00000009
In clock cycle: 95238
Register Write to Reg: 0x06 Val: 0x00000001
In clock cycle: 95239
Register Write to Reg: 0x07 Val: 0x0000002A
In clock cycle: 95241
Register Write to Reg: 0x08 Val: 0xFFFFFFFF
In clock cycle: 95242
Register Write to Reg: 0x09 Val: 0x00000001
In clock cycle: 96255
Register Write to Reg: 0x01 Val: 0x00000005
In clock cycle: 96256
Register Write to Reg: 0x02 Val: 0x00000005
In clock cycle: 96258
Register Write to Reg: 0x03 Val: 0xFFFFFFFF
In clock cycle: 96259
Register Write to Reg: 0x04 Val: 0x00000003
In clock cycle: 96260
Register Write to Reg: 0x05 Val: 0x00000009
In clock cycle: 96262
Register Write to Reg: 0x06 Val: 0x00000001
In clock cycle: 96263
Register Write to Reg: 0x07 Val: 0x0000002A
In clock cycle: 96265
Register Write to Reg: 0x08 Val: 0xFFFFFFFF
In clock cycle: 96266
Register Write to Reg: 0x09 Val: 0x00000001
In clock cycle: 97279
Register Write to Reg: 0x01 Val: 0x00000005
In clock cycle: 97280
Register Write to Reg: 0x02 Val: 0x00000005
In clock cycle: 97282
Register Write to Reg: 0x03 Val: 0xFFFFFFFF
In clock cycle: 97283
Register Write to Reg: 0x04 Val: 0x00000003
In clock cycle: 97284
Register Write to Reg: 0x05 Val: 0x00000009
In clock cycle: 97286
Register Write to Reg: 0x06 Val: 0x00000001
In clock cycle: 97287
Register Write to Reg: 0x07 Val: 0x0000002A
In clock cycle: 97289
Register Write to Reg: 0x08 Val: 0xFFFFFFFF
In clock cycle: 97290
Register Write to Reg: 0x09 Val: 0x00000001
In clock cycle: 98303
Register Write to Reg: 0x01 Val: 0x00000005
In clock cycle: 98304
Register Write to Reg: 0x02 Val: 0x00000005
In clock cycle: 98306
Register Write to Reg: 0x03 Val: 0xFFFFFFFF
In clock cycle: 98307
Register Write to Reg: 0x04 Val: 0x00000003
In clock cycle: 98308
Register Write to Reg: 0x05 Val: 0x00000009
In clock cycle: 98310
Register Write to Reg: 0x06 Val: 0x00000001
In clock cycle: 98311
Register Write to Reg: 0x07 Val: 0x0000002A
In clock cycle: 98313
Register Write to Reg: 0x08 Val: 0xFFFFFFFF
In clock cycle: 98314
Register Write to Reg: 0x09 Val: 0x00000001
In clock cycle: 99327
Register Write to Reg: 0x01 Val: 0x00000005
In clock cycle: 99328
Register Write to Reg: 0x02 Val: 0x00000005
In clock cycle: 99330
Register Write to Reg: 0x03 Val: 0xFFFFFFFF
In clock cycle: 99331
Register Write to Reg: 0x04 Val: 0x00000003
In clock cycle: 99332
Register Write to Reg: 0x05 Val: 0x00000009
In clock cycle: 99334
Register Write to Reg: 0x06 Val: 0x00000001
In clock cycle: 99335
Register Write to Reg: 0x07 Val: 0x0000002A
In clock cycle: 99337
Register Write to Reg: 0x08 Val: 0xFFFFFFFF
In clock cycle: 99338
Register Write to Reg: 0x09 Val: 0x00000001
In clock cycle: 100351
Register Write to Reg: 0x01 Val: 0x00000005
In clock cycle: 100352
Register Write to Reg: 0x02 Val: 0x00000005
In clock cycle: 100354
Register Write to Reg: 0x03 Val: 0xFFFFFFFF
In clock cycle: 100355
Register Write to Reg: 0x04 Val: 0x00000003
In clock cycle: 100356
Register Write to Reg: 0x05 Val: 0x00000009
In clock cycle: 100358
Register Write to Reg: 0x06 Val: 0x00000001
In clock cycle: 100359
Register Write to Reg: 0x07 Val: 0x0000002A
In clock cycle: 100361
Register Write to Reg: 0x08 Val: 0xFFFFFFFF
In clock cycle: 100362
Register Write to Reg: 0x09 Val: 0x00000001
In clock cycle: 101375
Register Write to Reg: 0x01 Val: 0x00000005
In clock cycle: 101376
Register Write to Reg: 0x02 Val: 0x00000005
In clock cycle: 101378
Register Write to Reg: 0x03 Val: 0xFFFFFFFF
In clock cycle: 101379
Register Write to Reg: 0x04 Val: 0x00000003
In clock cycle: 101380
Register Write to Reg: 0x05 Val: 0x00000009
In clock cycle: 101382
Register Write to Reg: 0x06 Val: 0x00000001
In clock cycle: 101383
Register Write to Reg: 0x07 Val: 0x0000002A
In clock cycle: 101385
Register Write to Reg: 0x08 Val: 0xFFFFFFFF
In clock cycle: 101386
Register Write to Reg: 0x09 Val: 0x00000001
In clock cycle: 102399
Register Write to Reg: 0x01 Val: 0x00000005
In clock cycle: 102400
Register Write to Reg: 0x02 Val: 0x00000005
In clock cycle: 102402
Register Write to Reg: 0x03 Val: 0xFFFFFFFF
In clock cycle: 102403
Register Write to Reg: 0x04 Val: 0x00000003
In clock cycle: 102404
Register Write to Reg: 0x05 Val: 0x00000009
In clock cycle: 102406
Register Write to Reg: 0x06 Val: 0x00000001
In clock cycle: 102407
Register Write to Reg: 0x07 Val: 0x0000002A
In clock cycle: 102409
Register Write to Reg: 0x08 Val: 0xFFFFFFFF
In clock cycle: 102410
Register Write to Reg: 0x09 Val: 0x00000001
In clock cycle: 103423
Register Write to Reg: 0x01 Val: 0x00000005
In clock cycle: 103424
Register Write to Reg: 0x02 Val: 0x00000005
In clock cycle: 103426
Register Write to Reg: 0x03 Val: 0xFFFFFFFF
In clock cycle: 103427
Register Write to Reg: 0x04 Val: 0x00000003
In clock cycle: 103428
Register Write to Reg: 0x05 Val: 0x00000009
In clock cycle: 103430
Register Write to Reg: 0x06 Val: 0x00000001
In clock cycle: 103431
Register Write to Reg: 0x07 Val: 0x0000002A
In clock cycle: 103433
Register Write to Reg: 0x08 Val: 0xFFFFFFFF
In clock cycle: 103434
Register Write to Reg: 0x09 Val: 0x00000001
In clock cycle: 104447
Register Write to Reg: 0x01 Val: 0x00000005
In clock cycle: 104448
Register Write to Reg: 0x02 Val: 0x00000005
In clock cycle: 104450
Register Write to Reg: 0x03 Val: 0xFFFFFFFF
In clock cycle: 104451
Register Write to Reg: 0x04 Val: 0x00000003
In clock cycle: 104452
Register Write to Reg: 0x05 Val: 0x00000009
In clock cycle: 104454
Register Write to Reg: 0x06 Val: 0x00000001
In clock cycle: 104455
Register Write to Reg: 0x07 Val: 0x0000002A
In clock cycle: 104457
Register Write to Reg: 0x08 Val: 0xFFFFFFFF
In clock cycle: 104458
Register Write to Reg: 0x09 Val: 0x00000001
In clock cycle: 105471
Register Write to Reg: 0x01 Val: 0x00000005
In clock cycle: 105472
Register Write to Reg: 0x02 Val: 0x00000005
In clock cycle: 105474
Register Write to Reg: 0x03 Val: 0xFFFFFFFF
In clock cycle: 105475
Register Write to Reg: 0x04 Val: 0x00000003
In clock cycle: 105476
Register Write to Reg: 0x05 Val: 0x00000009
In clock cycle: 105478
Register Write to Reg: 0x06 Val: 0x00000001
In clock cycle: 105479
Register Write to Reg: 0x07 Val: 0x0000002A
In clock cycle: 105481
Register Write to Reg: 0x08 Val: 0xFFFFFFFF
In clock cycle: 105482
Register Write to Reg: 0x09 Val: 0x00000001
In clock cycle: 106495
Register Write to Reg: 0x01 Val: 0x00000005
In clock cycle: 106496
Register Write to Reg: 0x02 Val: 0x00000005
In clock cycle: 106498
Register Write to Reg: 0x03 Val: 0xFFFFFFFF
In clock cycle: 106499
Register Write to Reg: 0x04 Val: 0x00000003
In clock cycle: 106500
Register Write to Reg: 0x05 Val: 0x00000009
In clock cycle: 106502
Register Write to Reg: 0x06 Val: 0x00000001
In clock cycle: 106503
Register Write to Reg: 0x07 Val: 0x0000002A
In clock cycle: 106505
Register Write to Reg: 0x08 Val: 0xFFFFFFFF
In clock cycle: 106506
Register Write to Reg: 0x09 Val: 0x00000001
In clock cycle: 107519
Register Write to Reg: 0x01 Val: 0x00000005
In clock cycle: 107520
Register Write to Reg: 0x02 Val: 0x00000005
In clock cycle: 107522
Register Write to Reg: 0x03 Val: 0xFFFFFFFF
In clock cycle: 107523
Register Write to Reg: 0x04 Val: 0x00000003
In clock cycle: 107524
Register Write to Reg: 0x05 Val: 0x00000009
In clock cycle: 107526
Register Write to Reg: 0x06 Val: 0x00000001
In clock cycle: 107527
Register Write to Reg: 0x07 Val: 0x0000002A
In clock cycle: 107529
Register Write to Reg: 0x08 Val: 0xFFFFFFFF
In clock cycle: 107530
Register Write to Reg: 0x09 Val: 0x00000001
In clock cycle: 108543
Register Write to Reg: 0x01 Val: 0x00000005
In clock cycle: 108544
Register Write to Reg: 0x02 Val: 0x00000005
In clock cycle: 108546
Register Write to Reg: 0x03 Val: 0xFFFFFFFF
In clock cycle: 108547
Register Write to Reg: 0x04 Val: 0x00000003
In clock cycle: 108548
Register Write to Reg: 0x05 Val: 0x00000009
In clock cycle: 108550
Register Write to Reg: 0x06 Val: 0x00000001
In clock cycle: 108551
Register Write to Reg: 0x07 Val: 0x0000002A
In clock cycle: 108553
Register Write to Reg: 0x08 Val: 0xFFFFFFFF
In clock cycle: 108554
Register Write to Reg: 0x09 Val: 0x00000001
In clock cycle: 109567
Register Write to Reg: 0x01 Val: 0x00000005
In clock cycle: 109568
Register Write to Reg: 0x02 Val: 0x00000005
In clock cycle: 109570
Register Write to Reg: 0x03 Val: 0xFFFFFFFF
In clock cycle: 109571
Register Write to Reg: 0x04 Val: 0x00000003
In clock cycle: 109572
Register Write to Reg: 0x05 Val: 0x00000009
In clock cycle: 109574
Register Write to Reg: 0x06 Val: 0x00000001
In clock cycle: 109575
Register Write to Reg: 0x07 Val: 0x0000002A
In clock cycle: 109577
Register Write to Reg: 0x08 Val: 0xFFFFFFFF
In clock cycle: 109578
Register Write to Reg: 0x09 Val: 0x00000001
In clock cycle: 110591
Register Write to Reg: 0x01 Val: 0x00000005
In clock cycle: 110592
Register Write to Reg: 0x02 Val: 0x00000005
In clock cycle: 110594
Register Write to Reg: 0x03 Val: 0xFFFFFFFF
In clock cycle: 110595
Register Write to Reg: 0x04 Val: 0x00000003
In clock cycle: 110596
Register Write to Reg: 0x05 Val: 0x00000009
In clock cycle: 110598
Register Write to Reg: 0x06 Val: 0x00000001
In clock cycle: 110599
Register Write to Reg: 0x07 Val: 0x0000002A
In clock cycle: 110601
Register Write to Reg: 0x08 Val: 0xFFFFFFFF
In clock cycle: 110602
Register Write to Reg: 0x09 Val: 0x00000001
In clock cycle: 111615
Register Write to Reg: 0x01 Val: 0x00000005
In clock cycle: 111616
Register Write to Reg: 0x02 Val: 0x00000005
In clock cycle: 111618
Register Write to Reg: 0x03 Val: 0xFFFFFFFF
In clock cycle: 111619
Register Write to Reg: 0x04 Val: 0x00000003
In clock cycle: 111620
Register Write to Reg: 0x05 Val: 0x00000009
In clock cycle: 111622
Register Write to Reg: 0x06 Val: 0x00000001
In clock cycle: 111623
Register Write to Reg: 0x07 Val: 0x0000002A
In clock cycle: 111625
Register Write to Reg: 0x08 Val: 0xFFFFFFFF
In clock cycle: 111626
Register Write to Reg: 0x09 Val: 0x00000001
In clock cycle: 112639
Register Write to Reg: 0x01 Val: 0x00000005
In clock cycle: 112640
Register Write to Reg: 0x02 Val: 0x00000005
In clock cycle: 112642
Register Write to Reg: 0x03 Val: 0xFFFFFFFF
In clock cycle: 112643
Register Write to Reg: 0x04 Val: 0x00000003
In clock cycle: 112644
Register Write to Reg: 0x05 Val: 0x00000009
In clock cycle: 112646
Register Write to Reg: 0x06 Val: 0x00000001
In clock cycle: 112647
Register Write to Reg: 0x07 Val: 0x0000002A
In clock cycle: 112649
Register Write to Reg: 0x08 Val: 0xFFFFFFFF
In clock cycle: 112650
Register Write to Reg: 0x09 Val: 0x00000001
In clock cycle: 113663
Register Write to Reg: 0x01 Val: 0x00000005
In clock cycle: 113664
Register Write to Reg: 0x02 Val: 0x00000005
In clock cycle: 113666
Register Write to Reg: 0x03 Val: 0xFFFFFFFF
In clock cycle: 113667
Register Write to Reg: 0x04 Val: 0x00000003
In clock cycle: 113668
Register Write to Reg: 0x05 Val: 0x00000009
In clock cycle: 113670
Register Write to Reg: 0x06 Val: 0x00000001
In clock cycle: 113671
Register Write to Reg: 0x07 Val: 0x0000002A
In clock cycle: 113673
Register Write to Reg: 0x08 Val: 0xFFFFFFFF
In clock cycle: 113674
Register Write to Reg: 0x09 Val: 0x00000001
In clock cycle: 114687
Register Write to Reg: 0x01 Val: 0x00000005
In clock cycle: 114688
Register Write to Reg: 0x02 Val: 0x00000005
In clock cycle: 114690
Register Write to Reg: 0x03 Val: 0xFFFFFFFF
In clock cycle: 114691
Register Write to Reg: 0x04 Val: 0x00000003
In clock cycle: 114692
Register Write to Reg: 0x05 Val: 0x00000009
In clock cycle: 114694
Register Write to Reg: 0x06 Val: 0x00000001
In clock cycle: 114695
Register Write to Reg: 0x07 Val: 0x0000002A
In clock cycle: 114697
Register Write to Reg: 0x08 Val: 0xFFFFFFFF
In clock cycle: 114698
Register Write to Reg: 0x09 Val: 0x00000001
In clock cycle: 115711
Register Write to Reg: 0x01 Val: 0x00000005
In clock cycle: 115712
Register Write to Reg: 0x02 Val: 0x00000005
In clock cycle: 115714
Register Write to Reg: 0x03 Val: 0xFFFFFFFF
In clock cycle: 115715
Register Write to Reg: 0x04 Val: 0x00000003
In clock cycle: 115716
Register Write to Reg: 0x05 Val: 0x00000009
In clock cycle: 115718
Register Write to Reg: 0x06 Val: 0x00000001
In clock cycle: 115719
Register Write to Reg: 0x07 Val: 0x0000002A
In clock cycle: 115721
Register Write to Reg: 0x08 Val: 0xFFFFFFFF
In clock cycle: 115722
Register Write to Reg: 0x09 Val: 0x00000001
In clock cycle: 116735
Register Write to Reg: 0x01 Val: 0x00000005
In clock cycle: 116736
Register Write to Reg: 0x02 Val: 0x00000005
In clock cycle: 116738
Register Write to Reg: 0x03 Val: 0xFFFFFFFF
In clock cycle: 116739
Register Write to Reg: 0x04 Val: 0x00000003
In clock cycle: 116740
Register Write to Reg: 0x05 Val: 0x00000009
In clock cycle: 116742
Register Write to Reg: 0x06 Val: 0x00000001
In clock cycle: 116743
Register Write to Reg: 0x07 Val: 0x0000002A
In clock cycle: 116745
Register Write to Reg: 0x08 Val: 0xFFFFFFFF
In clock cycle: 116746
Register Write to Reg: 0x09 Val: 0x00000001
In clock cycle: 117759
Register Write to Reg: 0x01 Val: 0x00000005
In clock cycle: 117760
Register Write to Reg: 0x02 Val: 0x00000005
In clock cycle: 117762
Register Write to Reg: 0x03 Val: 0xFFFFFFFF
In clock cycle: 117763
Register Write to Reg: 0x04 Val: 0x00000003
In clock cycle: 117764
Register Write to Reg: 0x05 Val: 0x00000009
In clock cycle: 117766
Register Write to Reg: 0x06 Val: 0x00000001
In clock cycle: 117767
Register Write to Reg: 0x07 Val: 0x0000002A
In clock cycle: 117769
Register Write to Reg: 0x08 Val: 0xFFFFFFFF
In clock cycle: 117770
Register Write to Reg: 0x09 Val: 0x00000001
In clock cycle: 118783
Register Write to Reg: 0x01 Val: 0x00000005
In clock cycle: 118784
Register Write to Reg: 0x02 Val: 0x00000005
In clock cycle: 118786
Register Write to Reg: 0x03 Val: 0xFFFFFFFF
In clock cycle: 118787
Register Write to Reg: 0x04 Val: 0x00000003
In clock cycle: 118788
Register Write to Reg: 0x05 Val: 0x00000009
In clock cycle: 118790
Register Write to Reg: 0x06 Val: 0x00000001
In clock cycle: 118791
Register Write to Reg: 0x07 Val: 0x0000002A
In clock cycle: 118793
Register Write to Reg: 0x08 Val: 0xFFFFFFFF
In clock cycle: 118794
Register Write to Reg: 0x09 Val: 0x00000001
In clock cycle: 119807
Register Write to Reg: 0x01 Val: 0x00000005
In clock cycle: 119808
Register Write to Reg: 0x02 Val: 0x00000005
In clock cycle: 119810
Register Write to Reg: 0x03 Val: 0xFFFFFFFF
In clock cycle: 119811
Register Write to Reg: 0x04 Val: 0x00000003
In clock cycle: 119812
Register Write to Reg: 0x05 Val: 0x00000009
In clock cycle: 119814
Register Write to Reg: 0x06 Val: 0x00000001
In clock cycle: 119815
Register Write to Reg: 0x07 Val: 0x0000002A
In clock cycle: 119817
Register Write to Reg: 0x08 Val: 0xFFFFFFFF
In clock cycle: 119818
Register Write to Reg: 0x09 Val: 0x00000001
In clock cycle: 120831
Register Write to Reg: 0x01 Val: 0x00000005
In clock cycle: 120832
Register Write to Reg: 0x02 Val: 0x00000005
In clock cycle: 120834
Register Write to Reg: 0x03 Val: 0xFFFFFFFF
In clock cycle: 120835
Register Write to Reg: 0x04 Val: 0x00000003
In clock cycle: 120836
Register Write to Reg: 0x05 Val: 0x00000009
In clock cycle: 120838
Register Write to Reg: 0x06 Val: 0x00000001
In clock cycle: 120839
Register Write to Reg: 0x07 Val: 0x0000002A
In clock cycle: 120841
Register Write to Reg: 0x08 Val: 0xFFFFFFFF
In clock cycle: 120842
Register Write to Reg: 0x09 Val: 0x00000001
In clock cycle: 121855
Register Write to Reg: 0x01 Val: 0x00000005
In clock cycle: 121856
Register Write to Reg: 0x02 Val: 0x00000005
In clock cycle: 121858
Register Write to Reg: 0x03 Val: 0xFFFFFFFF
In clock cycle: 121859
Register Write to Reg: 0x04 Val: 0x00000003
In clock cycle: 121860
Register Write to Reg: 0x05 Val: 0x00000009
In clock cycle: 121862
Register Write to Reg: 0x06 Val: 0x00000001
In clock cycle: 121863
Register Write to Reg: 0x07 Val: 0x0000002A
In clock cycle: 121865
Register Write to Reg: 0x08 Val: 0xFFFFFFFF
In clock cycle: 121866
Register Write to Reg: 0x09 Val: 0x00000001
In clock cycle: 122879
Register Write to Reg: 0x01 Val: 0x00000005
In clock cycle: 122880
Register Write to Reg: 0x02 Val: 0x00000005
In clock cycle: 122882
Register Write to Reg: 0x03 Val: 0xFFFFFFFF
In clock cycle: 122883
Register Write to Reg: 0x04 Val: 0x00000003
In clock cycle: 122884
Register Write to Reg: 0x05 Val: 0x00000009
In clock cycle: 122886
Register Write to Reg: 0x06 Val: 0x00000001
In clock cycle: 122887
Register Write to Reg: 0x07 Val: 0x0000002A
In clock cycle: 122889
Register Write to Reg: 0x08 Val: 0xFFFFFFFF
In clock cycle: 122890
Register Write to Reg: 0x09 Val: 0x00000001
In clock cycle: 123903
Register Write to Reg: 0x01 Val: 0x00000005
In clock cycle: 123904
Register Write to Reg: 0x02 Val: 0x00000005
In clock cycle: 123906
Register Write to Reg: 0x03 Val: 0xFFFFFFFF
In clock cycle: 123907
Register Write to Reg: 0x04 Val: 0x00000003
In clock cycle: 123908
Register Write to Reg: 0x05 Val: 0x00000009
In clock cycle: 123910
Register Write to Reg: 0x06 Val: 0x00000001
In clock cycle: 123911
Register Write to Reg: 0x07 Val: 0x0000002A
In clock cycle: 123913
Register Write to Reg: 0x08 Val: 0xFFFFFFFF
In clock cycle: 123914
Register Write to Reg: 0x09 Val: 0x00000001
In clock cycle: 124927
Register Write to Reg: 0x01 Val: 0x00000005
In clock cycle: 124928
Register Write to Reg: 0x02 Val: 0x00000005
In clock cycle: 124930
Register Write to Reg: 0x03 Val: 0xFFFFFFFF
In clock cycle: 124931
Register Write to Reg: 0x04 Val: 0x00000003
In clock cycle: 124932
Register Write to Reg: 0x05 Val: 0x00000009
In clock cycle: 124934
Register Write to Reg: 0x06 Val: 0x00000001
In clock cycle: 124935
Register Write to Reg: 0x07 Val: 0x0000002A
In clock cycle: 124937
Register Write to Reg: 0x08 Val: 0xFFFFFFFF
In clock cycle: 124938
Register Write to Reg: 0x09 Val: 0x00000001
In clock cycle: 125951
Register Write to Reg: 0x01 Val: 0x00000005
In clock cycle: 125952
Register Write to Reg: 0x02 Val: 0x00000005
In clock cycle: 125954
Register Write to Reg: 0x03 Val: 0xFFFFFFFF
In clock cycle: 125955
Register Write to Reg: 0x04 Val: 0x00000003
In clock cycle: 125956
Register Write to Reg: 0x05 Val: 0x00000009
In clock cycle: 125958
Register Write to Reg: 0x06 Val: 0x00000001
In clock cycle: 125959
Register Write to Reg: 0x07 Val: 0x0000002A
In clock cycle: 125961
Register Write to Reg: 0x08 Val: 0xFFFFFFFF
In clock cycle: 125962
Register Write to Reg: 0x09 Val: 0x00000001
In clock cycle: 126975
Register Write to Reg: 0x01 Val: 0x00000005
In clock cycle: 126976
Register Write to Reg: 0x02 Val: 0x00000005
In clock cycle: 126978
Register Write to Reg: 0x03 Val: 0xFFFFFFFF
In clock cycle: 126979
Register Write to Reg: 0x04 Val: 0x00000003
In clock cycle: 126980
Register Write to Reg: 0x05 Val: 0x00000009
In clock cycle: 126982
Register Write to Reg: 0x06 Val: 0x00000001
In clock cycle: 126983
Register Write to Reg: 0x07 Val: 0x0000002A
In clock cycle: 126985
Register Write to Reg: 0x08 Val: 0xFFFFFFFF
In clock cycle: 126986
Register Write to Reg: 0x09 Val: 0x00000001
In clock cycle: 127999
Register Write to Reg: 0x01 Val: 0x00000005
In clock cycle: 128000
Register Write to Reg: 0x02 Val: 0x00000005
In clock cycle: 128002
Register Write to Reg: 0x03 Val: 0xFFFFFFFF
In clock cycle: 128003
Register Write to Reg: 0x04 Val: 0x00000003
In clock cycle: 128004
Register Write to Reg: 0x05 Val: 0x00000009
In clock cycle: 128006
Register Write to Reg: 0x06 Val: 0x00000001
In clock cycle: 128007
Register Write to Reg: 0x07 Val: 0x0000002A
In clock cycle: 128009
Register Write to Reg: 0x08 Val: 0xFFFFFFFF
In clock cycle: 128010
Register Write to Reg: 0x09 Val: 0x00000001
In clock cycle: 129023
Register Write to Reg: 0x01 Val: 0x00000005
In clock cycle: 129024
Register Write to Reg: 0x02 Val: 0x00000005
In clock cycle: 129026
Register Write to Reg: 0x03 Val: 0xFFFFFFFF
In clock cycle: 129027
Register Write to Reg: 0x04 Val: 0x00000003
In clock cycle: 129028
Register Write to Reg: 0x05 Val: 0x00000009
In clock cycle: 129030
Register Write to Reg: 0x06 Val: 0x00000001
In clock cycle: 129031
Register Write to Reg: 0x07 Val: 0x0000002A
In clock cycle: 129033
Register Write to Reg: 0x08 Val: 0xFFFFFFFF
In clock cycle: 129034
Register Write to Reg: 0x09 Val: 0x00000001
In clock cycle: 130047
Register Write to Reg: 0x01 Val: 0x00000005
In clock cycle: 130048
Register Write to Reg: 0x02 Val: 0x00000005
In clock cycle: 130050
Register Write to Reg: 0x03 Val: 0xFFFFFFFF
In clock cycle: 130051
Register Write to Reg: 0x04 Val: 0x00000003
In clock cycle: 130052
Register Write to Reg: 0x05 Val: 0x00000009
In clock cycle: 130054
Register Write to Reg: 0x06 Val: 0x00000001
In clock cycle: 130055
Register Write to Reg: 0x07 Val: 0x0000002A
In clock cycle: 130057
Register Write to Reg: 0x08 Val: 0xFFFFFFFF
In clock cycle: 130058
Register Write to Reg: 0x09 Val: 0x00000001
In clock cycle: 131071
Register Write to Reg: 0x01 Val: 0x00000005
In clock cycle: 131072
Register Write to Reg: 0x02 Val: 0x00000005
In clock cycle: 131074
Register Write to Reg: 0x03 Val: 0xFFFFFFFF
In clock cycle: 131075
Register Write to Reg: 0x04 Val: 0x00000003
In clock cycle: 131076
Register Write to Reg: 0x05 Val: 0x00000009
In clock cycle: 131078
Register Write to Reg: 0x06 Val: 0x00000001
In clock cycle: 131079
Register Write to Reg: 0x07 Val: 0x0000002A
In clock cycle: 131081
Register Write to Reg: 0x08 Val: 0xFFFFFFFF
In clock cycle: 131082
Register Write to Reg: 0x09 Val: 0x00000001
In clock cycle: 132095
Register Write to Reg: 0x01 Val: 0x00000005
In clock cycle: 132096
Register Write to Reg: 0x02 Val: 0x00000005
In clock cycle: 132098
Register Write to Reg: 0x03 Val: 0xFFFFFFFF
In clock cycle: 132099
Register Write to Reg: 0x04 Val: 0x00000003
In clock cycle: 132100
Register Write to Reg: 0x05 Val: 0x00000009
In clock cycle: 132102
Register Write to Reg: 0x06 Val: 0x00000001
In clock cycle: 132103
Register Write to Reg: 0x07 Val: 0x0000002A
In clock cycle: 132105
Register Write to Reg: 0x08 Val: 0xFFFFFFFF
In clock cycle: 132106
Register Write to Reg: 0x09 Val: 0x00000001
In clock cycle: 133119
Register Write to Reg: 0x01 Val: 0x00000005
In clock cycle: 133120
Register Write to Reg: 0x02 Val: 0x00000005
In clock cycle: 133122
Register Write to Reg: 0x03 Val: 0xFFFFFFFF
In clock cycle: 133123
Register Write to Reg: 0x04 Val: 0x00000003
In clock cycle: 133124
Register Write to Reg: 0x05 Val: 0x00000009
In clock cycle: 133126
Register Write to Reg: 0x06 Val: 0x00000001
In clock cycle: 133127
Register Write to Reg: 0x07 Val: 0x0000002A
In clock cycle: 133129
Register Write to Reg: 0x08 Val: 0xFFFFFFFF
In clock cycle: 133130
Register Write to Reg: 0x09 Val: 0x00000001
In clock cycle: 134143
Register Write to Reg: 0x01 Val: 0x00000005
In clock cycle: 134144
Register Write to Reg: 0x02 Val: 0x00000005
In clock cycle: 134146
Register Write to Reg: 0x03 Val: 0xFFFFFFFF
In clock cycle: 134147
Register Write to Reg: 0x04 Val: 0x00000003
In clock cycle: 134148
Register Write to Reg: 0x05 Val: 0x00000009
In clock cycle: 134150
Register Write to Reg: 0x06 Val: 0x00000001
In clock cycle: 134151
Register Write to Reg: 0x07 Val: 0x0000002A
In clock cycle: 134153
Register Write to Reg: 0x08 Val: 0xFFFFFFFF
In clock cycle: 134154
Register Write to Reg: 0x09 Val: 0x00000001
In clock cycle: 135167
Register Write to Reg: 0x01 Val: 0x00000005
In clock cycle: 135168
Register Write to Reg: 0x02 Val: 0x00000005
In clock cycle: 135170
Register Write to Reg: 0x03 Val: 0xFFFFFFFF
In clock cycle: 135171
Register Write to Reg: 0x04 Val: 0x00000003
In clock cycle: 135172
Register Write to Reg: 0x05 Val: 0x00000009
In clock cycle: 135174
Register Write to Reg: 0x06 Val: 0x00000001
In clock cycle: 135175
Register Write to Reg: 0x07 Val: 0x0000002A
In clock cycle: 135177
Register Write to Reg: 0x08 Val: 0xFFFFFFFF
In clock cycle: 135178
Register Write to Reg: 0x09 Val: 0x00000001
In clock cycle: 136191
Register Write to Reg: 0x01 Val: 0x00000005
In clock cycle: 136192
Register Write to Reg: 0x02 Val: 0x00000005
In clock cycle: 136194
Register Write to Reg: 0x03 Val: 0xFFFFFFFF
In clock cycle: 136195
Register Write to Reg: 0x04 Val: 0x00000003
In clock cycle: 136196
Register Write to Reg: 0x05 Val: 0x00000009
In clock cycle: 136198
Register Write to Reg: 0x06 Val: 0x00000001
In clock cycle: 136199
Register Write to Reg: 0x07 Val: 0x0000002A
In clock cycle: 136201
Register Write to Reg: 0x08 Val: 0xFFFFFFFF
In clock cycle: 136202
Register Write to Reg: 0x09 Val: 0x00000001
In clock cycle: 137215
Register Write to Reg: 0x01 Val: 0x00000005
In clock cycle: 137216
Register Write to Reg: 0x02 Val: 0x00000005
In clock cycle: 137218
Register Write to Reg: 0x03 Val: 0xFFFFFFFF
In clock cycle: 137219
Register Write to Reg: 0x04 Val: 0x00000003
In clock cycle: 137220
Register Write to Reg: 0x05 Val: 0x00000009
In clock cycle: 137222
Register Write to Reg: 0x06 Val: 0x00000001
In clock cycle: 137223
Register Write to Reg: 0x07 Val: 0x0000002A
In clock cycle: 137225
Register Write to Reg: 0x08 Val: 0xFFFFFFFF
In clock cycle: 137226
Register Write to Reg: 0x09 Val: 0x00000001
In clock cycle: 138239
Register Write to Reg: 0x01 Val: 0x00000005
In clock cycle: 138240
Register Write to Reg: 0x02 Val: 0x00000005
In clock cycle: 138242
Register Write to Reg: 0x03 Val: 0xFFFFFFFF
In clock cycle: 138243
Register Write to Reg: 0x04 Val: 0x00000003
In clock cycle: 138244
Register Write to Reg: 0x05 Val: 0x00000009
In clock cycle: 138246
Register Write to Reg: 0x06 Val: 0x00000001
In clock cycle: 138247
Register Write to Reg: 0x07 Val: 0x0000002A
In clock cycle: 138249
Register Write to Reg: 0x08 Val: 0xFFFFFFFF
In clock cycle: 138250
Register Write to Reg: 0x09 Val: 0x00000001
In clock cycle: 139263
Register Write to Reg: 0x01 Val: 0x00000005
In clock cycle: 139264
Register Write to Reg: 0x02 Val: 0x00000005
In clock cycle: 139266
Register Write to Reg: 0x03 Val: 0xFFFFFFFF
In clock cycle: 139267
Register Write to Reg: 0x04 Val: 0x00000003
In clock cycle: 139268
Register Write to Reg: 0x05 Val: 0x00000009
In clock cycle: 139270
Register Write to Reg: 0x06 Val: 0x00000001
In clock cycle: 139271
Register Write to Reg: 0x07 Val: 0x0000002A
In clock cycle: 139273
Register Write to Reg: 0x08 Val: 0xFFFFFFFF
In clock cycle: 139274
Register Write to Reg: 0x09 Val: 0x00000001
In clock cycle: 140287
Register Write to Reg: 0x01 Val: 0x00000005
In clock cycle: 140288
Register Write to Reg: 0x02 Val: 0x00000005
In clock cycle: 140290
Register Write to Reg: 0x03 Val: 0xFFFFFFFF
In clock cycle: 140291
Register Write to Reg: 0x04 Val: 0x00000003
In clock cycle: 140292
Register Write to Reg: 0x05 Val: 0x00000009
In clock cycle: 140294
Register Write to Reg: 0x06 Val: 0x00000001
In clock cycle: 140295
Register Write to Reg: 0x07 Val: 0x0000002A
In clock cycle: 140297
Register Write to Reg: 0x08 Val: 0xFFFFFFFF
In clock cycle: 140298
Register Write to Reg: 0x09 Val: 0x00000001
In clock cycle: 141311
Register Write to Reg: 0x01 Val: 0x00000005
In clock cycle: 141312
Register Write to Reg: 0x02 Val: 0x00000005
In clock cycle: 141314
Register Write to Reg: 0x03 Val: 0xFFFFFFFF
In clock cycle: 141315
Register Write to Reg: 0x04 Val: 0x00000003
In clock cycle: 141316
Register Write to Reg: 0x05 Val: 0x00000009
In clock cycle: 141318
Register Write to Reg: 0x06 Val: 0x00000001
In clock cycle: 141319
Register Write to Reg: 0x07 Val: 0x0000002A
In clock cycle: 141321
Register Write to Reg: 0x08 Val: 0xFFFFFFFF
In clock cycle: 141322
Register Write to Reg: 0x09 Val: 0x00000001
In clock cycle: 142335
Register Write to Reg: 0x01 Val: 0x00000005
In clock cycle: 142336
Register Write to Reg: 0x02 Val: 0x00000005
In clock cycle: 142338
Register Write to Reg: 0x03 Val: 0xFFFFFFFF
In clock cycle: 142339
Register Write to Reg: 0x04 Val: 0x00000003
In clock cycle: 142340
Register Write to Reg: 0x05 Val: 0x00000009
In clock cycle: 142342
Register Write to Reg: 0x06 Val: 0x00000001
In clock cycle: 142343
Register Write to Reg: 0x07 Val: 0x0000002A
In clock cycle: 142345
Register Write to Reg: 0x08 Val: 0xFFFFFFFF
In clock cycle: 142346
Register Write to Reg: 0x09 Val: 0x00000001
In clock cycle: 143359
Register Write to Reg: 0x01 Val: 0x00000005
In clock cycle: 143360
Register Write to Reg: 0x02 Val: 0x00000005
In clock cycle: 143362
Register Write to Reg: 0x03 Val: 0xFFFFFFFF
In clock cycle: 143363
Register Write to Reg: 0x04 Val: 0x00000003
In clock cycle: 143364
Register Write to Reg: 0x05 Val: 0x00000009
In clock cycle: 143366
Register Write to Reg: 0x06 Val: 0x00000001
In clock cycle: 143367
Register Write to Reg: 0x07 Val: 0x0000002A
In clock cycle: 143369
Register Write to Reg: 0x08 Val: 0xFFFFFFFF
In clock cycle: 143370
Register Write to Reg: 0x09 Val: 0x00000001
In clock cycle: 144383
Register Write to Reg: 0x01 Val: 0x00000005
In clock cycle: 144384
Register Write to Reg: 0x02 Val: 0x00000005
In clock cycle: 144386
Register Write to Reg: 0x03 Val: 0xFFFFFFFF
In clock cycle: 144387
Register Write to Reg: 0x04 Val: 0x00000003
In clock cycle: 144388
Register Write to Reg: 0x05 Val: 0x00000009
In clock cycle: 144390
Register Write to Reg: 0x06 Val: 0x00000001
In clock cycle: 144391
Register Write to Reg: 0x07 Val: 0x0000002A
In clock cycle: 144393
Register Write to Reg: 0x08 Val: 0xFFFFFFFF
In clock cycle: 144394
Register Write to Reg: 0x09 Val: 0x00000001
In clock cycle: 145407
Register Write to Reg: 0x01 Val: 0x00000005
In clock cycle: 145408
Register Write to Reg: 0x02 Val: 0x00000005
In clock cycle: 145410
Register Write to Reg: 0x03 Val: 0xFFFFFFFF
In clock cycle: 145411
Register Write to Reg: 0x04 Val: 0x00000003
In clock cycle: 145412
Register Write to Reg: 0x05 Val: 0x00000009
In clock cycle: 145414
Register Write to Reg: 0x06 Val: 0x00000001
In clock cycle: 145415
Register Write to Reg: 0x07 Val: 0x0000002A
In clock cycle: 145417
Register Write to Reg: 0x08 Val: 0xFFFFFFFF
In clock cycle: 145418
Register Write to Reg: 0x09 Val: 0x00000001
In clock cycle: 146431
Register Write to Reg: 0x01 Val: 0x00000005
In clock cycle: 146432
Register Write to Reg: 0x02 Val: 0x00000005
In clock cycle: 146434
Register Write to Reg: 0x03 Val: 0xFFFFFFFF
In clock cycle: 146435
Register Write to Reg: 0x04 Val: 0x00000003
In clock cycle: 146436
Register Write to Reg: 0x05 Val: 0x00000009
In clock cycle: 146438
Register Write to Reg: 0x06 Val: 0x00000001
In clock cycle: 146439
Register Write to Reg: 0x07 Val: 0x0000002A
In clock cycle: 146441
Register Write to Reg: 0x08 Val: 0xFFFFFFFF
In clock cycle: 146442
Register Write to Reg: 0x09 Val: 0x00000001
In clock cycle: 147455
Register Write to Reg: 0x01 Val: 0x00000005
In clock cycle: 147456
Register Write to Reg: 0x02 Val: 0x00000005
In clock cycle: 147458
Register Write to Reg: 0x03 Val: 0xFFFFFFFF
In clock cycle: 147459
Register Write to Reg: 0x04 Val: 0x00000003
In clock cycle: 147460
Register Write to Reg: 0x05 Val: 0x00000009
In clock cycle: 147462
Register Write to Reg: 0x06 Val: 0x00000001
In clock cycle: 147463
Register Write to Reg: 0x07 Val: 0x0000002A
In clock cycle: 147465
Register Write to Reg: 0x08 Val: 0xFFFFFFFF
In clock cycle: 147466
Register Write to Reg: 0x09 Val: 0x00000001
In clock cycle: 148479
Register Write to Reg: 0x01 Val: 0x00000005
In clock cycle: 148480
Register Write to Reg: 0x02 Val: 0x00000005
In clock cycle: 148482
Register Write to Reg: 0x03 Val: 0xFFFFFFFF
In clock cycle: 148483
Register Write to Reg: 0x04 Val: 0x00000003
In clock cycle: 148484
Register Write to Reg: 0x05 Val: 0x00000009
In clock cycle: 148486
Register Write to Reg: 0x06 Val: 0x00000001
In clock cycle: 148487
Register Write to Reg: 0x07 Val: 0x0000002A
In clock cycle: 148489
Register Write to Reg: 0x08 Val: 0xFFFFFFFF
In clock cycle: 148490
Register Write to Reg: 0x09 Val: 0x00000001
In clock cycle: 149503
Register Write to Reg: 0x01 Val: 0x00000005
In clock cycle: 149504
Register Write to Reg: 0x02 Val: 0x00000005
In clock cycle: 149506
Register Write to Reg: 0x03 Val: 0xFFFFFFFF
In clock cycle: 149507
Register Write to Reg: 0x04 Val: 0x00000003
In clock cycle: 149508
Register Write to Reg: 0x05 Val: 0x00000009
In clock cycle: 149510
Register Write to Reg: 0x06 Val: 0x00000001
In clock cycle: 149511
Register Write to Reg: 0x07 Val: 0x0000002A
In clock cycle: 149513
Register Write to Reg: 0x08 Val: 0xFFFFFFFF
In clock cycle: 149514
Register Write to Reg: 0x09 Val: 0x00000001
In clock cycle: 150527
Register Write to Reg: 0x01 Val: 0x00000005
In clock cycle: 150528
Register Write to Reg: 0x02 Val: 0x00000005
In clock cycle: 150530
Register Write to Reg: 0x03 Val: 0xFFFFFFFF
In clock cycle: 150531
Register Write to Reg: 0x04 Val: 0x00000003
In clock cycle: 150532
Register Write to Reg: 0x05 Val: 0x00000009
In clock cycle: 150534
Register Write to Reg: 0x06 Val: 0x00000001
In clock cycle: 150535
Register Write to Reg: 0x07 Val: 0x0000002A
In clock cycle: 150537
Register Write to Reg: 0x08 Val: 0xFFFFFFFF
In clock cycle: 150538
Register Write to Reg: 0x09 Val: 0x00000001
In clock cycle: 151551
Register Write to Reg: 0x01 Val: 0x00000005
In clock cycle: 151552
Register Write to Reg: 0x02 Val: 0x00000005
In clock cycle: 151554
Register Write to Reg: 0x03 Val: 0xFFFFFFFF
In clock cycle: 151555
Register Write to Reg: 0x04 Val: 0x00000003
In clock cycle: 151556
Register Write to Reg: 0x05 Val: 0x00000009
In clock cycle: 151558
Register Write to Reg: 0x06 Val: 0x00000001
In clock cycle: 151559
Register Write to Reg: 0x07 Val: 0x0000002A
In clock cycle: 151561
Register Write to Reg: 0x08 Val: 0xFFFFFFFF
In clock cycle: 151562
Register Write to Reg: 0x09 Val: 0x00000001
In clock cycle: 152575
Register Write to Reg: 0x01 Val: 0x00000005
In clock cycle: 152576
Register Write to Reg: 0x02 Val: 0x00000005
In clock cycle: 152578
Register Write to Reg: 0x03 Val: 0xFFFFFFFF
In clock cycle: 152579
Register Write to Reg: 0x04 Val: 0x00000003
In clock cycle: 152580
Register Write to Reg: 0x05 Val: 0x00000009
In clock cycle: 152582
Register Write to Reg: 0x06 Val: 0x00000001
In clock cycle: 152583
Register Write to Reg: 0x07 Val: 0x0000002A
In clock cycle: 152585
Register Write to Reg: 0x08 Val: 0xFFFFFFFF
In clock cycle: 152586
Register Write to Reg: 0x09 Val: 0x00000001
In clock cycle: 153599
Register Write to Reg: 0x01 Val: 0x00000005
In clock cycle: 153600
Register Write to Reg: 0x02 Val: 0x00000005
In clock cycle: 153602
Register Write to Reg: 0x03 Val: 0xFFFFFFFF
In clock cycle: 153603
Register Write to Reg: 0x04 Val: 0x00000003
In clock cycle: 153604
Register Write to Reg: 0x05 Val: 0x00000009
In clock cycle: 153606
Register Write to Reg: 0x06 Val: 0x00000001
In clock cycle: 153607
Register Write to Reg: 0x07 Val: 0x0000002A
In clock cycle: 153609
Register Write to Reg: 0x08 Val: 0xFFFFFFFF
In clock cycle: 153610
Register Write to Reg: 0x09 Val: 0x00000001
In clock cycle: 154623
Register Write to Reg: 0x01 Val: 0x00000005
In clock cycle: 154624
Register Write to Reg: 0x02 Val: 0x00000005
In clock cycle: 154626
Register Write to Reg: 0x03 Val: 0xFFFFFFFF
In clock cycle: 154627
Register Write to Reg: 0x04 Val: 0x00000003
In clock cycle: 154628
Register Write to Reg: 0x05 Val: 0x00000009
In clock cycle: 154630
Register Write to Reg: 0x06 Val: 0x00000001
In clock cycle: 154631
Register Write to Reg: 0x07 Val: 0x0000002A
In clock cycle: 154633
Register Write to Reg: 0x08 Val: 0xFFFFFFFF
In clock cycle: 154634
Register Write to Reg: 0x09 Val: 0x00000001
In clock cycle: 155647
Register Write to Reg: 0x01 Val: 0x00000005
In clock cycle: 155648
Register Write to Reg: 0x02 Val: 0x00000005
In clock cycle: 155650
Register Write to Reg: 0x03 Val: 0xFFFFFFFF
In clock cycle: 155651
Register Write to Reg: 0x04 Val: 0x00000003
In clock cycle: 155652
Register Write to Reg: 0x05 Val: 0x00000009
In clock cycle: 155654
Register Write to Reg: 0x06 Val: 0x00000001
In clock cycle: 155655
Register Write to Reg: 0x07 Val: 0x0000002A
In clock cycle: 155657
Register Write to Reg: 0x08 Val: 0xFFFFFFFF
In clock cycle: 155658
Register Write to Reg: 0x09 Val: 0x00000001
In clock cycle: 156671
Register Write to Reg: 0x01 Val: 0x00000005
In clock cycle: 156672
Register Write to Reg: 0x02 Val: 0x00000005
In clock cycle: 156674
Register Write to Reg: 0x03 Val: 0xFFFFFFFF
In clock cycle: 156675
Register Write to Reg: 0x04 Val: 0x00000003
In clock cycle: 156676
Register Write to Reg: 0x05 Val: 0x00000009
In clock cycle: 156678
Register Write to Reg: 0x06 Val: 0x00000001
In clock cycle: 156679
Register Write to Reg: 0x07 Val: 0x0000002A
In clock cycle: 156681
Register Write to Reg: 0x08 Val: 0xFFFFFFFF
In clock cycle: 156682
Register Write to Reg: 0x09 Val: 0x00000001
In clock cycle: 157695
Register Write to Reg: 0x01 Val: 0x00000005
In clock cycle: 157696
Register Write to Reg: 0x02 Val: 0x00000005
In clock cycle: 157698
Register Write to Reg: 0x03 Val: 0xFFFFFFFF
In clock cycle: 157699
Register Write to Reg: 0x04 Val: 0x00000003
In clock cycle: 157700
Register Write to Reg: 0x05 Val: 0x00000009
In clock cycle: 157702
Register Write to Reg: 0x06 Val: 0x00000001
In clock cycle: 157703
Register Write to Reg: 0x07 Val: 0x0000002A
In clock cycle: 157705
Register Write to Reg: 0x08 Val: 0xFFFFFFFF
In clock cycle: 157706
Register Write to Reg: 0x09 Val: 0x00000001
In clock cycle: 158719
Register Write to Reg: 0x01 Val: 0x00000005
In clock cycle: 158720
Register Write to Reg: 0x02 Val: 0x00000005
In clock cycle: 158722
Register Write to Reg: 0x03 Val: 0xFFFFFFFF
In clock cycle: 158723
Register Write to Reg: 0x04 Val: 0x00000003
In clock cycle: 158724
Register Write to Reg: 0x05 Val: 0x00000009
In clock cycle: 158726
Register Write to Reg: 0x06 Val: 0x00000001
In clock cycle: 158727
Register Write to Reg: 0x07 Val: 0x0000002A
In clock cycle: 158729
Register Write to Reg: 0x08 Val: 0xFFFFFFFF
In clock cycle: 158730
Register Write to Reg: 0x09 Val: 0x00000001
In clock cycle: 159743
Register Write to Reg: 0x01 Val: 0x00000005
In clock cycle: 159744
Register Write to Reg: 0x02 Val: 0x00000005
In clock cycle: 159746
Register Write to Reg: 0x03 Val: 0xFFFFFFFF
In clock cycle: 159747
Register Write to Reg: 0x04 Val: 0x00000003
In clock cycle: 159748
Register Write to Reg: 0x05 Val: 0x00000009
In clock cycle: 159750
Register Write to Reg: 0x06 Val: 0x00000001
In clock cycle: 159751
Register Write to Reg: 0x07 Val: 0x0000002A
In clock cycle: 159753
Register Write to Reg: 0x08 Val: 0xFFFFFFFF
In clock cycle: 159754
Register Write to Reg: 0x09 Val: 0x00000001
In clock cycle: 160767
Register Write to Reg: 0x01 Val: 0x00000005
In clock cycle: 160768
Register Write to Reg: 0x02 Val: 0x00000005
In clock cycle: 160770
Register Write to Reg: 0x03 Val: 0xFFFFFFFF
In clock cycle: 160771
Register Write to Reg: 0x04 Val: 0x00000003
In clock cycle: 160772
Register Write to Reg: 0x05 Val: 0x00000009
In clock cycle: 160774
Register Write to Reg: 0x06 Val: 0x00000001
In clock cycle: 160775
Register Write to Reg: 0x07 Val: 0x0000002A
In clock cycle: 160777
Register Write to Reg: 0x08 Val: 0xFFFFFFFF
In clock cycle: 160778
Register Write to Reg: 0x09 Val: 0x00000001
In clock cycle: 161791
Register Write to Reg: 0x01 Val: 0x00000005
In clock cycle: 161792
Register Write to Reg: 0x02 Val: 0x00000005
In clock cycle: 161794
Register Write to Reg: 0x03 Val: 0xFFFFFFFF
In clock cycle: 161795
Register Write to Reg: 0x04 Val: 0x00000003
In clock cycle: 161796
Register Write to Reg: 0x05 Val: 0x00000009
In clock cycle: 161798
Register Write to Reg: 0x06 Val: 0x00000001
In clock cycle: 161799
Register Write to Reg: 0x07 Val: 0x0000002A
In clock cycle: 161801
Register Write to Reg: 0x08 Val: 0xFFFFFFFF
In clock cycle: 161802
Register Write to Reg: 0x09 Val: 0x00000001
In clock cycle: 162815
Register Write to Reg: 0x01 Val: 0x00000005
In clock cycle: 162816
Register Write to Reg: 0x02 Val: 0x00000005
In clock cycle: 162818
Register Write to Reg: 0x03 Val: 0xFFFFFFFF
In clock cycle: 162819
Register Write to Reg: 0x04 Val: 0x00000003
In clock cycle: 162820
Register Write to Reg: 0x05 Val: 0x00000009
In clock cycle: 162822
Register Write to Reg: 0x06 Val: 0x00000001
In clock cycle: 162823
Register Write to Reg: 0x07 Val: 0x0000002A
In clock cycle: 162825
Register Write to Reg: 0x08 Val: 0xFFFFFFFF
In clock cycle: 162826
Register Write to Reg: 0x09 Val: 0x00000001
In clock cycle: 163839
Register Write to Reg: 0x01 Val: 0x00000005
In clock cycle: 163840
Register Write to Reg: 0x02 Val: 0x00000005
In clock cycle: 163842
Register Write to Reg: 0x03 Val: 0xFFFFFFFF
In clock cycle: 163843
Register Write to Reg: 0x04 Val: 0x00000003
In clock cycle: 163844
Register Write to Reg: 0x05 Val: 0x00000009
In clock cycle: 163846
Register Write to Reg: 0x06 Val: 0x00000001
In clock cycle: 163847
Register Write to Reg: 0x07 Val: 0x0000002A
In clock cycle: 163849
Register Write to Reg: 0x08 Val: 0xFFFFFFFF
In clock cycle: 163850
Register Write to Reg: 0x09 Val: 0x00000001
In clock cycle: 164863
Register Write to Reg: 0x01 Val: 0x00000005
In clock cycle: 164864
Register Write to Reg: 0x02 Val: 0x00000005
In clock cycle: 164866
Register Write to Reg: 0x03 Val: 0xFFFFFFFF
In clock cycle: 164867
Register Write to Reg: 0x04 Val: 0x00000003
In clock cycle: 164868
Register Write to Reg: 0x05 Val: 0x00000009
In clock cycle: 164870
Register Write to Reg: 0x06 Val: 0x00000001
In clock cycle: 164871
Register Write to Reg: 0x07 Val: 0x0000002A
In clock cycle: 164873
Register Write to Reg: 0x08 Val: 0xFFFFFFFF
In clock cycle: 164874
Register Write to Reg: 0x09 Val: 0x00000001
In clock cycle: 165887
Register Write to Reg: 0x01 Val: 0x00000005
In clock cycle: 165888
Register Write to Reg: 0x02 Val: 0x00000005
In clock cycle: 165890
Register Write to Reg: 0x03 Val: 0xFFFFFFFF
In clock cycle: 165891
Register Write to Reg: 0x04 Val: 0x00000003
In clock cycle: 165892
Register Write to Reg: 0x05 Val: 0x00000009
In clock cycle: 165894
Register Write to Reg: 0x06 Val: 0x00000001
In clock cycle: 165895
Register Write to Reg: 0x07 Val: 0x0000002A
In clock cycle: 165897
Register Write to Reg: 0x08 Val: 0xFFFFFFFF
In clock cycle: 165898
Register Write to Reg: 0x09 Val: 0x00000001
In clock cycle: 166911
Register Write to Reg: 0x01 Val: 0x00000005
In clock cycle: 166912
Register Write to Reg: 0x02 Val: 0x00000005
In clock cycle: 166914
Register Write to Reg: 0x03 Val: 0xFFFFFFFF
In clock cycle: 166915
Register Write to Reg: 0x04 Val: 0x00000003
In clock cycle: 166916
Register Write to Reg: 0x05 Val: 0x00000009
In clock cycle: 166918
Register Write to Reg: 0x06 Val: 0x00000001
In clock cycle: 166919
Register Write to Reg: 0x07 Val: 0x0000002A
In clock cycle: 166921
Register Write to Reg: 0x08 Val: 0xFFFFFFFF
In clock cycle: 166922
Register Write to Reg: 0x09 Val: 0x00000001
In clock cycle: 167935
Register Write to Reg: 0x01 Val: 0x00000005
In clock cycle: 167936
Register Write to Reg: 0x02 Val: 0x00000005
In clock cycle: 167938
Register Write to Reg: 0x03 Val: 0xFFFFFFFF
In clock cycle: 167939
Register Write to Reg: 0x04 Val: 0x00000003
In clock cycle: 167940
Register Write to Reg: 0x05 Val: 0x00000009
In clock cycle: 167942
Register Write to Reg: 0x06 Val: 0x00000001
In clock cycle: 167943
Register Write to Reg: 0x07 Val: 0x0000002A
In clock cycle: 167945
Register Write to Reg: 0x08 Val: 0xFFFFFFFF
In clock cycle: 167946
Register Write to Reg: 0x09 Val: 0x00000001
In clock cycle: 168959
Register Write to Reg: 0x01 Val: 0x00000005
In clock cycle: 168960
Register Write to Reg: 0x02 Val: 0x00000005
In clock cycle: 168962
Register Write to Reg: 0x03 Val: 0xFFFFFFFF
In clock cycle: 168963
Register Write to Reg: 0x04 Val: 0x00000003
In clock cycle: 168964
Register Write to Reg: 0x05 Val: 0x00000009
In clock cycle: 168966
Register Write to Reg: 0x06 Val: 0x00000001
In clock cycle: 168967
Register Write to Reg: 0x07 Val: 0x0000002A
In clock cycle: 168969
Register Write to Reg: 0x08 Val: 0xFFFFFFFF
In clock cycle: 168970
Register Write to Reg: 0x09 Val: 0x00000001
In clock cycle: 169983
Register Write to Reg: 0x01 Val: 0x00000005
In clock cycle: 169984
Register Write to Reg: 0x02 Val: 0x00000005
In clock cycle: 169986
Register Write to Reg: 0x03 Val: 0xFFFFFFFF
In clock cycle: 169987
Register Write to Reg: 0x04 Val: 0x00000003
In clock cycle: 169988
Register Write to Reg: 0x05 Val: 0x00000009
In clock cycle: 169990
Register Write to Reg: 0x06 Val: 0x00000001
In clock cycle: 169991
Register Write to Reg: 0x07 Val: 0x0000002A
In clock cycle: 169993
Register Write to Reg: 0x08 Val: 0xFFFFFFFF
In clock cycle: 169994
Register Write to Reg: 0x09 Val: 0x00000001
In clock cycle: 171007
Register Write to Reg: 0x01 Val: 0x00000005
In clock cycle: 171008
Register Write to Reg: 0x02 Val: 0x00000005
In clock cycle: 171010
Register Write to Reg: 0x03 Val: 0xFFFFFFFF
In clock cycle: 171011
Register Write to Reg: 0x04 Val: 0x00000003
In clock cycle: 171012
Register Write to Reg: 0x05 Val: 0x00000009
In clock cycle: 171014
Register Write to Reg: 0x06 Val: 0x00000001
In clock cycle: 171015
Register Write to Reg: 0x07 Val: 0x0000002A
In clock cycle: 171017
Register Write to Reg: 0x08 Val: 0xFFFFFFFF
In clock cycle: 171018
Register Write to Reg: 0x09 Val: 0x00000001
In clock cycle: 172031
Register Write to Reg: 0x01 Val: 0x00000005
In clock cycle: 172032
Register Write to Reg: 0x02 Val: 0x00000005
In clock cycle: 172034
Register Write to Reg: 0x03 Val: 0xFFFFFFFF
In clock cycle: 172035
Register Write to Reg: 0x04 Val: 0x00000003
In clock cycle: 172036
Register Write to Reg: 0x05 Val: 0x00000009
In clock cycle: 172038
Register Write to Reg: 0x06 Val: 0x00000001
In clock cycle: 172039
Register Write to Reg: 0x07 Val: 0x0000002A
In clock cycle: 172041
Register Write to Reg: 0x08 Val: 0xFFFFFFFF
In clock cycle: 172042
Register Write to Reg: 0x09 Val: 0x00000001
In clock cycle: 173055
Register Write to Reg: 0x01 Val: 0x00000005
In clock cycle: 173056
Register Write to Reg: 0x02 Val: 0x00000005
In clock cycle: 173058
Register Write to Reg: 0x03 Val: 0xFFFFFFFF
In clock cycle: 173059
Register Write to Reg: 0x04 Val: 0x00000003
In clock cycle: 173060
Register Write to Reg: 0x05 Val: 0x00000009
In clock cycle: 173062
Register Write to Reg: 0x06 Val: 0x00000001
In clock cycle: 173063
Register Write to Reg: 0x07 Val: 0x0000002A
In clock cycle: 173065
Register Write to Reg: 0x08 Val: 0xFFFFFFFF
In clock cycle: 173066
Register Write to Reg: 0x09 Val: 0x00000001
In clock cycle: 174079
Register Write to Reg: 0x01 Val: 0x00000005
In clock cycle: 174080
Register Write to Reg: 0x02 Val: 0x00000005
In clock cycle: 174082
Register Write to Reg: 0x03 Val: 0xFFFFFFFF
In clock cycle: 174083
Register Write to Reg: 0x04 Val: 0x00000003
In clock cycle: 174084
Register Write to Reg: 0x05 Val: 0x00000009
In clock cycle: 174086
Register Write to Reg: 0x06 Val: 0x00000001
In clock cycle: 174087
Register Write to Reg: 0x07 Val: 0x0000002A
In clock cycle: 174089
Register Write to Reg: 0x08 Val: 0xFFFFFFFF
In clock cycle: 174090
Register Write to Reg: 0x09 Val: 0x00000001
In clock cycle: 175103
Register Write to Reg: 0x01 Val: 0x00000005
In clock cycle: 175104
Register Write to Reg: 0x02 Val: 0x00000005
In clock cycle: 175106
Register Write to Reg: 0x03 Val: 0xFFFFFFFF
In clock cycle: 175107
Register Write to Reg: 0x04 Val: 0x00000003
In clock cycle: 175108
Register Write to Reg: 0x05 Val: 0x00000009
In clock cycle: 175110
Register Write to Reg: 0x06 Val: 0x00000001
In clock cycle: 175111
Register Write to Reg: 0x07 Val: 0x0000002A
In clock cycle: 175113
Register Write to Reg: 0x08 Val: 0xFFFFFFFF
In clock cycle: 175114
Register Write to Reg: 0x09 Val: 0x00000001
In clock cycle: 176127
Register Write to Reg: 0x01 Val: 0x00000005
In clock cycle: 176128
Register Write to Reg: 0x02 Val: 0x00000005
In clock cycle: 176130
Register Write to Reg: 0x03 Val: 0xFFFFFFFF
In clock cycle: 176131
Register Write to Reg: 0x04 Val: 0x00000003
In clock cycle: 176132
Register Write to Reg: 0x05 Val: 0x00000009
In clock cycle: 176134
Register Write to Reg: 0x06 Val: 0x00000001
In clock cycle: 176135
Register Write to Reg: 0x07 Val: 0x0000002A
In clock cycle: 176137
Register Write to Reg: 0x08 Val: 0xFFFFFFFF
In clock cycle: 176138
Register Write to Reg: 0x09 Val: 0x00000001
In clock cycle: 177151
Register Write to Reg: 0x01 Val: 0x00000005
In clock cycle: 177152
Register Write to Reg: 0x02 Val: 0x00000005
In clock cycle: 177154
Register Write to Reg: 0x03 Val: 0xFFFFFFFF
In clock cycle: 177155
Register Write to Reg: 0x04 Val: 0x00000003
In clock cycle: 177156
Register Write to Reg: 0x05 Val: 0x00000009
In clock cycle: 177158
Register Write to Reg: 0x06 Val: 0x00000001
In clock cycle: 177159
Register Write to Reg: 0x07 Val: 0x0000002A
In clock cycle: 177161
Register Write to Reg: 0x08 Val: 0xFFFFFFFF
In clock cycle: 177162
Register Write to Reg: 0x09 Val: 0x00000001
In clock cycle: 178175
Register Write to Reg: 0x01 Val: 0x00000005
In clock cycle: 178176
Register Write to Reg: 0x02 Val: 0x00000005
In clock cycle: 178178
Register Write to Reg: 0x03 Val: 0xFFFFFFFF
In clock cycle: 178179
Register Write to Reg: 0x04 Val: 0x00000003
In clock cycle: 178180
Register Write to Reg: 0x05 Val: 0x00000009
In clock cycle: 178182
Register Write to Reg: 0x06 Val: 0x00000001
In clock cycle: 178183
Register Write to Reg: 0x07 Val: 0x0000002A
In clock cycle: 178185
Register Write to Reg: 0x08 Val: 0xFFFFFFFF
In clock cycle: 178186
Register Write to Reg: 0x09 Val: 0x00000001
In clock cycle: 179199
Register Write to Reg: 0x01 Val: 0x00000005
In clock cycle: 179200
Register Write to Reg: 0x02 Val: 0x00000005
In clock cycle: 179202
Register Write to Reg: 0x03 Val: 0xFFFFFFFF
In clock cycle: 179203
Register Write to Reg: 0x04 Val: 0x00000003
In clock cycle: 179204
Register Write to Reg: 0x05 Val: 0x00000009
In clock cycle: 179206
Register Write to Reg: 0x06 Val: 0x00000001
In clock cycle: 179207
Register Write to Reg: 0x07 Val: 0x0000002A
In clock cycle: 179209
Register Write to Reg: 0x08 Val: 0xFFFFFFFF
In clock cycle: 179210
Register Write to Reg: 0x09 Val: 0x00000001
In clock cycle: 180223
Register Write to Reg: 0x01 Val: 0x00000005
In clock cycle: 180224
Register Write to Reg: 0x02 Val: 0x00000005
In clock cycle: 180226
Register Write to Reg: 0x03 Val: 0xFFFFFFFF
In clock cycle: 180227
Register Write to Reg: 0x04 Val: 0x00000003
In clock cycle: 180228
Register Write to Reg: 0x05 Val: 0x00000009
In clock cycle: 180230
Register Write to Reg: 0x06 Val: 0x00000001
In clock cycle: 180231
Register Write to Reg: 0x07 Val: 0x0000002A
In clock cycle: 180233
Register Write to Reg: 0x08 Val: 0xFFFFFFFF
In clock cycle: 180234
Register Write to Reg: 0x09 Val: 0x00000001
In clock cycle: 181247
Register Write to Reg: 0x01 Val: 0x00000005
In clock cycle: 181248
Register Write to Reg: 0x02 Val: 0x00000005
In clock cycle: 181250
Register Write to Reg: 0x03 Val: 0xFFFFFFFF
In clock cycle: 181251
Register Write to Reg: 0x04 Val: 0x00000003
In clock cycle: 181252
Register Write to Reg: 0x05 Val: 0x00000009
In clock cycle: 181254
Register Write to Reg: 0x06 Val: 0x00000001
In clock cycle: 181255
Register Write to Reg: 0x07 Val: 0x0000002A
In clock cycle: 181257
Register Write to Reg: 0x08 Val: 0xFFFFFFFF
In clock cycle: 181258
Register Write to Reg: 0x09 Val: 0x00000001
In clock cycle: 182271
Register Write to Reg: 0x01 Val: 0x00000005
In clock cycle: 182272
Register Write to Reg: 0x02 Val: 0x00000005
In clock cycle: 182274
Register Write to Reg: 0x03 Val: 0xFFFFFFFF
In clock cycle: 182275
Register Write to Reg: 0x04 Val: 0x00000003
In clock cycle: 182276
Register Write to Reg: 0x05 Val: 0x00000009
In clock cycle: 182278
Register Write to Reg: 0x06 Val: 0x00000001
In clock cycle: 182279
Register Write to Reg: 0x07 Val: 0x0000002A
In clock cycle: 182281
Register Write to Reg: 0x08 Val: 0xFFFFFFFF
In clock cycle: 182282
Register Write to Reg: 0x09 Val: 0x00000001
In clock cycle: 183295
Register Write to Reg: 0x01 Val: 0x00000005
In clock cycle: 183296
Register Write to Reg: 0x02 Val: 0x00000005
In clock cycle: 183298
Register Write to Reg: 0x03 Val: 0xFFFFFFFF
In clock cycle: 183299
Register Write to Reg: 0x04 Val: 0x00000003
In clock cycle: 183300
Register Write to Reg: 0x05 Val: 0x00000009
In clock cycle: 183302
Register Write to Reg: 0x06 Val: 0x00000001
In clock cycle: 183303
Register Write to Reg: 0x07 Val: 0x0000002A
In clock cycle: 183305
Register Write to Reg: 0x08 Val: 0xFFFFFFFF
In clock cycle: 183306
Register Write to Reg: 0x09 Val: 0x00000001
In clock cycle: 184319
Register Write to Reg: 0x01 Val: 0x00000005
In clock cycle: 184320
Register Write to Reg: 0x02 Val: 0x00000005
In clock cycle: 184322
Register Write to Reg: 0x03 Val: 0xFFFFFFFF
In clock cycle: 184323
Register Write to Reg: 0x04 Val: 0x00000003
In clock cycle: 184324
Register Write to Reg: 0x05 Val: 0x00000009
In clock cycle: 184326
Register Write to Reg: 0x06 Val: 0x00000001
In clock cycle: 184327
Register Write to Reg: 0x07 Val: 0x0000002A
In clock cycle: 184329
Register Write to Reg: 0x08 Val: 0xFFFFFFFF
In clock cycle: 184330
Register Write to Reg: 0x09 Val: 0x00000001
In clock cycle: 185343
Register Write to Reg: 0x01 Val: 0x00000005
In clock cycle: 185344
Register Write to Reg: 0x02 Val: 0x00000005
In clock cycle: 185346
Register Write to Reg: 0x03 Val: 0xFFFFFFFF
In clock cycle: 185347
Register Write to Reg: 0x04 Val: 0x00000003
In clock cycle: 185348
Register Write to Reg: 0x05 Val: 0x00000009
In clock cycle: 185350
Register Write to Reg: 0x06 Val: 0x00000001
In clock cycle: 185351
Register Write to Reg: 0x07 Val: 0x0000002A
In clock cycle: 185353
Register Write to Reg: 0x08 Val: 0xFFFFFFFF
In clock cycle: 185354
Register Write to Reg: 0x09 Val: 0x00000001
In clock cycle: 186367
Register Write to Reg: 0x01 Val: 0x00000005
In clock cycle: 186368
Register Write to Reg: 0x02 Val: 0x00000005
In clock cycle: 186370
Register Write to Reg: 0x03 Val: 0xFFFFFFFF
In clock cycle: 186371
Register Write to Reg: 0x04 Val: 0x00000003
In clock cycle: 186372
Register Write to Reg: 0x05 Val: 0x00000009
In clock cycle: 186374
Register Write to Reg: 0x06 Val: 0x00000001
In clock cycle: 186375
Register Write to Reg: 0x07 Val: 0x0000002A
In clock cycle: 186377
Register Write to Reg: 0x08 Val: 0xFFFFFFFF
In clock cycle: 186378
Register Write to Reg: 0x09 Val: 0x00000001
In clock cycle: 187391
Register Write to Reg: 0x01 Val: 0x00000005
In clock cycle: 187392
Register Write to Reg: 0x02 Val: 0x00000005
In clock cycle: 187394
Register Write to Reg: 0x03 Val: 0xFFFFFFFF
In clock cycle: 187395
Register Write to Reg: 0x04 Val: 0x00000003
In clock cycle: 187396
Register Write to Reg: 0x05 Val: 0x00000009
In clock cycle: 187398
Register Write to Reg: 0x06 Val: 0x00000001
In clock cycle: 187399
Register Write to Reg: 0x07 Val: 0x0000002A
In clock cycle: 187401
Register Write to Reg: 0x08 Val: 0xFFFFFFFF
In clock cycle: 187402
Register Write to Reg: 0x09 Val: 0x00000001
In clock cycle: 188415
Register Write to Reg: 0x01 Val: 0x00000005
In clock cycle: 188416
Register Write to Reg: 0x02 Val: 0x00000005
In clock cycle: 188418
Register Write to Reg: 0x03 Val: 0xFFFFFFFF
In clock cycle: 188419
Register Write to Reg: 0x04 Val: 0x00000003
In clock cycle: 188420
Register Write to Reg: 0x05 Val: 0x00000009
In clock cycle: 188422
Register Write to Reg: 0x06 Val: 0x00000001
In clock cycle: 188423
Register Write to Reg: 0x07 Val: 0x0000002A
In clock cycle: 188425
Register Write to Reg: 0x08 Val: 0xFFFFFFFF
In clock cycle: 188426
Register Write to Reg: 0x09 Val: 0x00000001
In clock cycle: 189439
Register Write to Reg: 0x01 Val: 0x00000005
In clock cycle: 189440
Register Write to Reg: 0x02 Val: 0x00000005
In clock cycle: 189442
Register Write to Reg: 0x03 Val: 0xFFFFFFFF
In clock cycle: 189443
Register Write to Reg: 0x04 Val: 0x00000003
In clock cycle: 189444
Register Write to Reg: 0x05 Val: 0x00000009
In clock cycle: 189446
Register Write to Reg: 0x06 Val: 0x00000001
In clock cycle: 189447
Register Write to Reg: 0x07 Val: 0x0000002A
In clock cycle: 189449
Register Write to Reg: 0x08 Val: 0xFFFFFFFF
In clock cycle: 189450
Register Write to Reg: 0x09 Val: 0x00000001
In clock cycle: 190463
Register Write to Reg: 0x01 Val: 0x00000005
In clock cycle: 190464
Register Write to Reg: 0x02 Val: 0x00000005
In clock cycle: 190466
Register Write to Reg: 0x03 Val: 0xFFFFFFFF
In clock cycle: 190467
Register Write to Reg: 0x04 Val: 0x00000003
In clock cycle: 190468
Register Write to Reg: 0x05 Val: 0x00000009
In clock cycle: 190470
Register Write to Reg: 0x06 Val: 0x00000001
In clock cycle: 190471
Register Write to Reg: 0x07 Val: 0x0000002A
In clock cycle: 190473
Register Write to Reg: 0x08 Val: 0xFFFFFFFF
In clock cycle: 190474
Register Write to Reg: 0x09 Val: 0x00000001
In clock cycle: 191487
Register Write to Reg: 0x01 Val: 0x00000005
In clock cycle: 191488
Register Write to Reg: 0x02 Val: 0x00000005
In clock cycle: 191490
Register Write to Reg: 0x03 Val: 0xFFFFFFFF
In clock cycle: 191491
Register Write to Reg: 0x04 Val: 0x00000003
In clock cycle: 191492
Register Write to Reg: 0x05 Val: 0x00000009
In clock cycle: 191494
Register Write to Reg: 0x06 Val: 0x00000001
In clock cycle: 191495
Register Write to Reg: 0x07 Val: 0x0000002A
In clock cycle: 191497
Register Write to Reg: 0x08 Val: 0xFFFFFFFF
In clock cycle: 191498
Register Write to Reg: 0x09 Val: 0x00000001
In clock cycle: 192511
Register Write to Reg: 0x01 Val: 0x00000005
In clock cycle: 192512
Register Write to Reg: 0x02 Val: 0x00000005
In clock cycle: 192514
Register Write to Reg: 0x03 Val: 0xFFFFFFFF
In clock cycle: 192515
Register Write to Reg: 0x04 Val: 0x00000003
In clock cycle: 192516
Register Write to Reg: 0x05 Val: 0x00000009
In clock cycle: 192518
Register Write to Reg: 0x06 Val: 0x00000001
In clock cycle: 192519
Register Write to Reg: 0x07 Val: 0x0000002A
In clock cycle: 192521
Register Write to Reg: 0x08 Val: 0xFFFFFFFF
In clock cycle: 192522
Register Write to Reg: 0x09 Val: 0x00000001
In clock cycle: 193535
Register Write to Reg: 0x01 Val: 0x00000005
In clock cycle: 193536
Register Write to Reg: 0x02 Val: 0x00000005
In clock cycle: 193538
Register Write to Reg: 0x03 Val: 0xFFFFFFFF
In clock cycle: 193539
Register Write to Reg: 0x04 Val: 0x00000003
In clock cycle: 193540
Register Write to Reg: 0x05 Val: 0x00000009
In clock cycle: 193542
Register Write to Reg: 0x06 Val: 0x00000001
In clock cycle: 193543
Register Write to Reg: 0x07 Val: 0x0000002A
In clock cycle: 193545
Register Write to Reg: 0x08 Val: 0xFFFFFFFF
In clock cycle: 193546
Register Write to Reg: 0x09 Val: 0x00000001
In clock cycle: 194559
Register Write to Reg: 0x01 Val: 0x00000005
In clock cycle: 194560
Register Write to Reg: 0x02 Val: 0x00000005
In clock cycle: 194562
Register Write to Reg: 0x03 Val: 0xFFFFFFFF
In clock cycle: 194563
Register Write to Reg: 0x04 Val: 0x00000003
In clock cycle: 194564
Register Write to Reg: 0x05 Val: 0x00000009
In clock cycle: 194566
Register Write to Reg: 0x06 Val: 0x00000001
In clock cycle: 194567
Register Write to Reg: 0x07 Val: 0x0000002A
In clock cycle: 194569
Register Write to Reg: 0x08 Val: 0xFFFFFFFF
In clock cycle: 194570
Register Write to Reg: 0x09 Val: 0x00000001
In clock cycle: 195583
Register Write to Reg: 0x01 Val: 0x00000005
In clock cycle: 195584
Register Write to Reg: 0x02 Val: 0x00000005
In clock cycle: 195586
Register Write to Reg: 0x03 Val: 0xFFFFFFFF
In clock cycle: 195587
Register Write to Reg: 0x04 Val: 0x00000003
In clock cycle: 195588
Register Write to Reg: 0x05 Val: 0x00000009
In clock cycle: 195590
Register Write to Reg: 0x06 Val: 0x00000001
In clock cycle: 195591
Register Write to Reg: 0x07 Val: 0x0000002A
In clock cycle: 195593
Register Write to Reg: 0x08 Val: 0xFFFFFFFF
In clock cycle: 195594
Register Write to Reg: 0x09 Val: 0x00000001
In clock cycle: 196607
Register Write to Reg: 0x01 Val: 0x00000005
In clock cycle: 196608
Register Write to Reg: 0x02 Val: 0x00000005
In clock cycle: 196610
Register Write to Reg: 0x03 Val: 0xFFFFFFFF
In clock cycle: 196611
Register Write to Reg: 0x04 Val: 0x00000003
In clock cycle: 196612
Register Write to Reg: 0x05 Val: 0x00000009
In clock cycle: 196614
Register Write to Reg: 0x06 Val: 0x00000001
In clock cycle: 196615
Register Write to Reg: 0x07 Val: 0x0000002A
In clock cycle: 196617
Register Write to Reg: 0x08 Val: 0xFFFFFFFF
In clock cycle: 196618
Register Write to Reg: 0x09 Val: 0x00000001
In clock cycle: 197631
Register Write to Reg: 0x01 Val: 0x00000005
In clock cycle: 197632
Register Write to Reg: 0x02 Val: 0x00000005
In clock cycle: 197634
Register Write to Reg: 0x03 Val: 0xFFFFFFFF
In clock cycle: 197635
Register Write to Reg: 0x04 Val: 0x00000003
In clock cycle: 197636
Register Write to Reg: 0x05 Val: 0x00000009
In clock cycle: 197638
Register Write to Reg: 0x06 Val: 0x00000001
In clock cycle: 197639
Register Write to Reg: 0x07 Val: 0x0000002A
In clock cycle: 197641
Register Write to Reg: 0x08 Val: 0xFFFFFFFF
In clock cycle: 197642
Register Write to Reg: 0x09 Val: 0x00000001
In clock cycle: 198655
Register Write to Reg: 0x01 Val: 0x00000005
In clock cycle: 198656
Register Write to Reg: 0x02 Val: 0x00000005
In clock cycle: 198658
Register Write to Reg: 0x03 Val: 0xFFFFFFFF
In clock cycle: 198659
Register Write to Reg: 0x04 Val: 0x00000003
In clock cycle: 198660
Register Write to Reg: 0x05 Val: 0x00000009
In clock cycle: 198662
Register Write to Reg: 0x06 Val: 0x00000001
In clock cycle: 198663
Register Write to Reg: 0x07 Val: 0x0000002A
In clock cycle: 198665
Register Write to Reg: 0x08 Val: 0xFFFFFFFF
In clock cycle: 198666
Register Write to Reg: 0x09 Val: 0x00000001
In clock cycle: 199679
Register Write to Reg: 0x01 Val: 0x00000005
In clock cycle: 199680
Register Write to Reg: 0x02 Val: 0x00000005
In clock cycle: 199682
Register Write to Reg: 0x03 Val: 0xFFFFFFFF
In clock cycle: 199683
Register Write to Reg: 0x04 Val: 0x00000003
In clock cycle: 199684
Register Write to Reg: 0x05 Val: 0x00000009
In clock cycle: 199686
Register Write to Reg: 0x06 Val: 0x00000001
In clock cycle: 199687
Register Write to Reg: 0x07 Val: 0x0000002A
In clock cycle: 199689
Register Write to Reg: 0x08 Val: 0xFFFFFFFF
In clock cycle: 199690
Register Write to Reg: 0x09 Val: 0x00000001
In clock cycle: 200703
Register Write to Reg: 0x01 Val: 0x00000005
In clock cycle: 200704
Register Write to Reg: 0x02 Val: 0x00000005
In clock cycle: 200706
Register Write to Reg: 0x03 Val: 0xFFFFFFFF
In clock cycle: 200707
Register Write to Reg: 0x04 Val: 0x00000003
In clock cycle: 200708
Register Write to Reg: 0x05 Val: 0x00000009
In clock cycle: 200710
Register Write to Reg: 0x06 Val: 0x00000001
In clock cycle: 200711
Register Write to Reg: 0x07 Val: 0x0000002A
In clock cycle: 200713
Register Write to Reg: 0x08 Val: 0xFFFFFFFF
In clock cycle: 200714
Register Write to Reg: 0x09 Val: 0x00000001
In clock cycle: 201727
Register Write to Reg: 0x01 Val: 0x00000005
In clock cycle: 201728
Register Write to Reg: 0x02 Val: 0x00000005
In clock cycle: 201730
Register Write to Reg: 0x03 Val: 0xFFFFFFFF
In clock cycle: 201731
Register Write to Reg: 0x04 Val: 0x00000003
In clock cycle: 201732
Register Write to Reg: 0x05 Val: 0x00000009
In clock cycle: 201734
Register Write to Reg: 0x06 Val: 0x00000001
In clock cycle: 201735
Register Write to Reg: 0x07 Val: 0x0000002A
In clock cycle: 201737
Register Write to Reg: 0x08 Val: 0xFFFFFFFF
In clock cycle: 201738
Register Write to Reg: 0x09 Val: 0x00000001
In clock cycle: 202751
Register Write to Reg: 0x01 Val: 0x00000005
In clock cycle: 202752
Register Write to Reg: 0x02 Val: 0x00000005
In clock cycle: 202754
Register Write to Reg: 0x03 Val: 0xFFFFFFFF
In clock cycle: 202755
Register Write to Reg: 0x04 Val: 0x00000003
In clock cycle: 202756
Register Write to Reg: 0x05 Val: 0x00000009
In clock cycle: 202758
Register Write to Reg: 0x06 Val: 0x00000001
In clock cycle: 202759
Register Write to Reg: 0x07 Val: 0x0000002A
In clock cycle: 202761
Register Write to Reg: 0x08 Val: 0xFFFFFFFF
In clock cycle: 202762
Register Write to Reg: 0x09 Val: 0x00000001
In clock cycle: 203775
Register Write to Reg: 0x01 Val: 0x00000005
In clock cycle: 203776
Register Write to Reg: 0x02 Val: 0x00000005
In clock cycle: 203778
Register Write to Reg: 0x03 Val: 0xFFFFFFFF
In clock cycle: 203779
Register Write to Reg: 0x04 Val: 0x00000003
In clock cycle: 203780
Register Write to Reg: 0x05 Val: 0x00000009
In clock cycle: 203782
Register Write to Reg: 0x06 Val: 0x00000001
In clock cycle: 203783
Register Write to Reg: 0x07 Val: 0x0000002A
In clock cycle: 203785
Register Write to Reg: 0x08 Val: 0xFFFFFFFF
In clock cycle: 203786
Register Write to Reg: 0x09 Val: 0x00000001
In clock cycle: 204799
Register Write to Reg: 0x01 Val: 0x00000005
In clock cycle: 204800
Register Write to Reg: 0x02 Val: 0x00000005
In clock cycle: 204802
Register Write to Reg: 0x03 Val: 0xFFFFFFFF
In clock cycle: 204803
Register Write to Reg: 0x04 Val: 0x00000003
In clock cycle: 204804
Register Write to Reg: 0x05 Val: 0x00000009
In clock cycle: 204806
Register Write to Reg: 0x06 Val: 0x00000001
In clock cycle: 204807
Register Write to Reg: 0x07 Val: 0x0000002A
In clock cycle: 204809
Register Write to Reg: 0x08 Val: 0xFFFFFFFF
In clock cycle: 204810
Register Write to Reg: 0x09 Val: 0x00000001
In clock cycle: 205823
Register Write to Reg: 0x01 Val: 0x00000005
In clock cycle: 205824
Register Write to Reg: 0x02 Val: 0x00000005
In clock cycle: 205826
Register Write to Reg: 0x03 Val: 0xFFFFFFFF
In clock cycle: 205827
Register Write to Reg: 0x04 Val: 0x00000003
In clock cycle: 205828
Register Write to Reg: 0x05 Val: 0x00000009
In clock cycle: 205830
Register Write to Reg: 0x06 Val: 0x00000001
In clock cycle: 205831
Register Write to Reg: 0x07 Val: 0x0000002A
In clock cycle: 205833
Register Write to Reg: 0x08 Val: 0xFFFFFFFF
In clock cycle: 205834
Register Write to Reg: 0x09 Val: 0x00000001
In clock cycle: 206847
Register Write to Reg: 0x01 Val: 0x00000005
In clock cycle: 206848
Register Write to Reg: 0x02 Val: 0x00000005
In clock cycle: 206850
Register Write to Reg: 0x03 Val: 0xFFFFFFFF
In clock cycle: 206851
Register Write to Reg: 0x04 Val: 0x00000003
In clock cycle: 206852
Register Write to Reg: 0x05 Val: 0x00000009
In clock cycle: 206854
Register Write to Reg: 0x06 Val: 0x00000001
In clock cycle: 206855
Register Write to Reg: 0x07 Val: 0x0000002A
In clock cycle: 206857
Register Write to Reg: 0x08 Val: 0xFFFFFFFF
In clock cycle: 206858
Register Write to Reg: 0x09 Val: 0x00000001
In clock cycle: 207871
Register Write to Reg: 0x01 Val: 0x00000005
In clock cycle: 207872
Register Write to Reg: 0x02 Val: 0x00000005
In clock cycle: 207874
Register Write to Reg: 0x03 Val: 0xFFFFFFFF
In clock cycle: 207875
Register Write to Reg: 0x04 Val: 0x00000003
In clock cycle: 207876
Register Write to Reg: 0x05 Val: 0x00000009
In clock cycle: 207878
Register Write to Reg: 0x06 Val: 0x00000001
In clock cycle: 207879
Register Write to Reg: 0x07 Val: 0x0000002A
In clock cycle: 207881
Register Write to Reg: 0x08 Val: 0xFFFFFFFF
In clock cycle: 207882
Register Write to Reg: 0x09 Val: 0x00000001
In clock cycle: 208895
Register Write to Reg: 0x01 Val: 0x00000005
In clock cycle: 208896
Register Write to Reg: 0x02 Val: 0x00000005
In clock cycle: 208898
Register Write to Reg: 0x03 Val: 0xFFFFFFFF
In clock cycle: 208899
Register Write to Reg: 0x04 Val: 0x00000003
In clock cycle: 208900
Register Write to Reg: 0x05 Val: 0x00000009
In clock cycle: 208902
Register Write to Reg: 0x06 Val: 0x00000001
In clock cycle: 208903
Register Write to Reg: 0x07 Val: 0x0000002A
In clock cycle: 208905
Register Write to Reg: 0x08 Val: 0xFFFFFFFF
In clock cycle: 208906
Register Write to Reg: 0x09 Val: 0x00000001
In clock cycle: 209919
Register Write to Reg: 0x01 Val: 0x00000005
In clock cycle: 209920
Register Write to Reg: 0x02 Val: 0x00000005
In clock cycle: 209922
Register Write to Reg: 0x03 Val: 0xFFFFFFFF
In clock cycle: 209923
Register Write to Reg: 0x04 Val: 0x00000003
In clock cycle: 209924
Register Write to Reg: 0x05 Val: 0x00000009
In clock cycle: 209926
Register Write to Reg: 0x06 Val: 0x00000001
In clock cycle: 209927
Register Write to Reg: 0x07 Val: 0x0000002A
In clock cycle: 209929
Register Write to Reg: 0x08 Val: 0xFFFFFFFF
In clock cycle: 209930
Register Write to Reg: 0x09 Val: 0x00000001
In clock cycle: 210943
Register Write to Reg: 0x01 Val: 0x00000005
In clock cycle: 210944
Register Write to Reg: 0x02 Val: 0x00000005
In clock cycle: 210946
Register Write to Reg: 0x03 Val: 0xFFFFFFFF
In clock cycle: 210947
Register Write to Reg: 0x04 Val: 0x00000003
In clock cycle: 210948
Register Write to Reg: 0x05 Val: 0x00000009
In clock cycle: 210950
Register Write to Reg: 0x06 Val: 0x00000001
In clock cycle: 210951
Register Write to Reg: 0x07 Val: 0x0000002A
In clock cycle: 210953
Register Write to Reg: 0x08 Val: 0xFFFFFFFF
In clock cycle: 210954
Register Write to Reg: 0x09 Val: 0x00000001
In clock cycle: 211967
Register Write to Reg: 0x01 Val: 0x00000005
In clock cycle: 211968
Register Write to Reg: 0x02 Val: 0x00000005
In clock cycle: 211970
Register Write to Reg: 0x03 Val: 0xFFFFFFFF
In clock cycle: 211971
Register Write to Reg: 0x04 Val: 0x00000003
In clock cycle: 211972
Register Write to Reg: 0x05 Val: 0x00000009
In clock cycle: 211974
Register Write to Reg: 0x06 Val: 0x00000001
In clock cycle: 211975
Register Write to Reg: 0x07 Val: 0x0000002A
In clock cycle: 211977
Register Write to Reg: 0x08 Val: 0xFFFFFFFF
In clock cycle: 211978
Register Write to Reg: 0x09 Val: 0x00000001
In clock cycle: 212991
Register Write to Reg: 0x01 Val: 0x00000005
In clock cycle: 212992
Register Write to Reg: 0x02 Val: 0x00000005
In clock cycle: 212994
Register Write to Reg: 0x03 Val: 0xFFFFFFFF
In clock cycle: 212995
Register Write to Reg: 0x04 Val: 0x00000003
In clock cycle: 212996
Register Write to Reg: 0x05 Val: 0x00000009
In clock cycle: 212998
Register Write to Reg: 0x06 Val: 0x00000001
In clock cycle: 212999
Register Write to Reg: 0x07 Val: 0x0000002A
In clock cycle: 213001
Register Write to Reg: 0x08 Val: 0xFFFFFFFF
In clock cycle: 213002
Register Write to Reg: 0x09 Val: 0x00000001
In clock cycle: 214015
Register Write to Reg: 0x01 Val: 0x00000005
In clock cycle: 214016
Register Write to Reg: 0x02 Val: 0x00000005
In clock cycle: 214018
Register Write to Reg: 0x03 Val: 0xFFFFFFFF
In clock cycle: 214019
Register Write to Reg: 0x04 Val: 0x00000003
In clock cycle: 214020
Register Write to Reg: 0x05 Val: 0x00000009
In clock cycle: 214022
Register Write to Reg: 0x06 Val: 0x00000001
In clock cycle: 214023
Register Write to Reg: 0x07 Val: 0x0000002A
In clock cycle: 214025
Register Write to Reg: 0x08 Val: 0xFFFFFFFF
In clock cycle: 214026
Register Write to Reg: 0x09 Val: 0x00000001
In clock cycle: 215039
Register Write to Reg: 0x01 Val: 0x00000005
In clock cycle: 215040
Register Write to Reg: 0x02 Val: 0x00000005
In clock cycle: 215042
Register Write to Reg: 0x03 Val: 0xFFFFFFFF
In clock cycle: 215043
Register Write to Reg: 0x04 Val: 0x00000003
In clock cycle: 215044
Register Write to Reg: 0x05 Val: 0x00000009
In clock cycle: 215046
Register Write to Reg: 0x06 Val: 0x00000001
In clock cycle: 215047
Register Write to Reg: 0x07 Val: 0x0000002A
In clock cycle: 215049
Register Write to Reg: 0x08 Val: 0xFFFFFFFF
In clock cycle: 215050
Register Write to Reg: 0x09 Val: 0x00000001
In clock cycle: 216063
Register Write to Reg: 0x01 Val: 0x00000005
In clock cycle: 216064
Register Write to Reg: 0x02 Val: 0x00000005
In clock cycle: 216066
Register Write to Reg: 0x03 Val: 0xFFFFFFFF
In clock cycle: 216067
Register Write to Reg: 0x04 Val: 0x00000003
In clock cycle: 216068
Register Write to Reg: 0x05 Val: 0x00000009
In clock cycle: 216070
Register Write to Reg: 0x06 Val: 0x00000001
In clock cycle: 216071
Register Write to Reg: 0x07 Val: 0x0000002A
In clock cycle: 216073
Register Write to Reg: 0x08 Val: 0xFFFFFFFF
In clock cycle: 216074
Register Write to Reg: 0x09 Val: 0x00000001
In clock cycle: 217087
Register Write to Reg: 0x01 Val: 0x00000005
In clock cycle: 217088
Register Write to Reg: 0x02 Val: 0x00000005
In clock cycle: 217090
Register Write to Reg: 0x03 Val: 0xFFFFFFFF
In clock cycle: 217091
Register Write to Reg: 0x04 Val: 0x00000003
In clock cycle: 217092
Register Write to Reg: 0x05 Val: 0x00000009
In clock cycle: 217094
Register Write to Reg: 0x06 Val: 0x00000001
In clock cycle: 217095
Register Write to Reg: 0x07 Val: 0x0000002A
In clock cycle: 217097
Register Write to Reg: 0x08 Val: 0xFFFFFFFF
In clock cycle: 217098
Register Write to Reg: 0x09 Val: 0x00000001
In clock cycle: 218111
Register Write to Reg: 0x01 Val: 0x00000005
In clock cycle: 218112
Register Write to Reg: 0x02 Val: 0x00000005
In clock cycle: 218114
Register Write to Reg: 0x03 Val: 0xFFFFFFFF
In clock cycle: 218115
Register Write to Reg: 0x04 Val: 0x00000003
In clock cycle: 218116
Register Write to Reg: 0x05 Val: 0x00000009
In clock cycle: 218118
Register Write to Reg: 0x06 Val: 0x00000001
In clock cycle: 218119
Register Write to Reg: 0x07 Val: 0x0000002A
In clock cycle: 218121
Register Write to Reg: 0x08 Val: 0xFFFFFFFF
In clock cycle: 218122
Register Write to Reg: 0x09 Val: 0x00000001
In clock cycle: 219135
Register Write to Reg: 0x01 Val: 0x00000005
In clock cycle: 219136
Register Write to Reg: 0x02 Val: 0x00000005
In clock cycle: 219138
Register Write to Reg: 0x03 Val: 0xFFFFFFFF
In clock cycle: 219139
Register Write to Reg: 0x04 Val: 0x00000003
In clock cycle: 219140
Register Write to Reg: 0x05 Val: 0x00000009
In clock cycle: 219142
Register Write to Reg: 0x06 Val: 0x00000001
In clock cycle: 219143
Register Write to Reg: 0x07 Val: 0x0000002A
In clock cycle: 219145
Register Write to Reg: 0x08 Val: 0xFFFFFFFF
In clock cycle: 219146
Register Write to Reg: 0x09 Val: 0x00000001
In clock cycle: 220159
Register Write to Reg: 0x01 Val: 0x00000005
In clock cycle: 220160
Register Write to Reg: 0x02 Val: 0x00000005
In clock cycle: 220162
Register Write to Reg: 0x03 Val: 0xFFFFFFFF
In clock cycle: 220163
Register Write to Reg: 0x04 Val: 0x00000003
In clock cycle: 220164
Register Write to Reg: 0x05 Val: 0x00000009
In clock cycle: 220166
Register Write to Reg: 0x06 Val: 0x00000001
In clock cycle: 220167
Register Write to Reg: 0x07 Val: 0x0000002A
In clock cycle: 220169
Register Write to Reg: 0x08 Val: 0xFFFFFFFF
In clock cycle: 220170
Register Write to Reg: 0x09 Val: 0x00000001
In clock cycle: 221183
Register Write to Reg: 0x01 Val: 0x00000005
In clock cycle: 221184
Register Write to Reg: 0x02 Val: 0x00000005
In clock cycle: 221186
Register Write to Reg: 0x03 Val: 0xFFFFFFFF
In clock cycle: 221187
Register Write to Reg: 0x04 Val: 0x00000003
In clock cycle: 221188
Register Write to Reg: 0x05 Val: 0x00000009
In clock cycle: 221190
Register Write to Reg: 0x06 Val: 0x00000001
In clock cycle: 221191
Register Write to Reg: 0x07 Val: 0x0000002A
In clock cycle: 221193
Register Write to Reg: 0x08 Val: 0xFFFFFFFF
In clock cycle: 221194
Register Write to Reg: 0x09 Val: 0x00000001
In clock cycle: 222207
Register Write to Reg: 0x01 Val: 0x00000005
In clock cycle: 222208
Register Write to Reg: 0x02 Val: 0x00000005
In clock cycle: 222210
Register Write to Reg: 0x03 Val: 0xFFFFFFFF
In clock cycle: 222211
Register Write to Reg: 0x04 Val: 0x00000003
In clock cycle: 222212
Register Write to Reg: 0x05 Val: 0x00000009
In clock cycle: 222214
Register Write to Reg: 0x06 Val: 0x00000001
In clock cycle: 222215
Register Write to Reg: 0x07 Val: 0x0000002A
In clock cycle: 222217
Register Write to Reg: 0x08 Val: 0xFFFFFFFF
In clock cycle: 222218
Register Write to Reg: 0x09 Val: 0x00000001
In clock cycle: 223231
Register Write to Reg: 0x01 Val: 0x00000005
In clock cycle: 223232
Register Write to Reg: 0x02 Val: 0x00000005
In clock cycle: 223234
Register Write to Reg: 0x03 Val: 0xFFFFFFFF
In clock cycle: 223235
Register Write to Reg: 0x04 Val: 0x00000003
In clock cycle: 223236
Register Write to Reg: 0x05 Val: 0x00000009
In clock cycle: 223238
Register Write to Reg: 0x06 Val: 0x00000001
In clock cycle: 223239
Register Write to Reg: 0x07 Val: 0x0000002A
In clock cycle: 223241
Register Write to Reg: 0x08 Val: 0xFFFFFFFF
In clock cycle: 223242
Register Write to Reg: 0x09 Val: 0x00000001
In clock cycle: 224255
Register Write to Reg: 0x01 Val: 0x00000005
In clock cycle: 224256
Register Write to Reg: 0x02 Val: 0x00000005
In clock cycle: 224258
Register Write to Reg: 0x03 Val: 0xFFFFFFFF
In clock cycle: 224259
Register Write to Reg: 0x04 Val: 0x00000003
In clock cycle: 224260
Register Write to Reg: 0x05 Val: 0x00000009
In clock cycle: 224262
Register Write to Reg: 0x06 Val: 0x00000001
In clock cycle: 224263
Register Write to Reg: 0x07 Val: 0x0000002A
In clock cycle: 224265
Register Write to Reg: 0x08 Val: 0xFFFFFFFF
In clock cycle: 224266
Register Write to Reg: 0x09 Val: 0x00000001
In clock cycle: 225279
Register Write to Reg: 0x01 Val: 0x00000005
In clock cycle: 225280
Register Write to Reg: 0x02 Val: 0x00000005
In clock cycle: 225282
Register Write to Reg: 0x03 Val: 0xFFFFFFFF
In clock cycle: 225283
Register Write to Reg: 0x04 Val: 0x00000003
In clock cycle: 225284
Register Write to Reg: 0x05 Val: 0x00000009
In clock cycle: 225286
Register Write to Reg: 0x06 Val: 0x00000001
In clock cycle: 225287
Register Write to Reg: 0x07 Val: 0x0000002A
In clock cycle: 225289
Register Write to Reg: 0x08 Val: 0xFFFFFFFF
In clock cycle: 225290
Register Write to Reg: 0x09 Val: 0x00000001
In clock cycle: 226303
Register Write to Reg: 0x01 Val: 0x00000005
In clock cycle: 226304
Register Write to Reg: 0x02 Val: 0x00000005
In clock cycle: 226306
Register Write to Reg: 0x03 Val: 0xFFFFFFFF
In clock cycle: 226307
Register Write to Reg: 0x04 Val: 0x00000003
In clock cycle: 226308
Register Write to Reg: 0x05 Val: 0x00000009
In clock cycle: 226310
Register Write to Reg: 0x06 Val: 0x00000001
In clock cycle: 226311
Register Write to Reg: 0x07 Val: 0x0000002A
In clock cycle: 226313
Register Write to Reg: 0x08 Val: 0xFFFFFFFF
In clock cycle: 226314
Register Write to Reg: 0x09 Val: 0x00000001
In clock cycle: 227327
Register Write to Reg: 0x01 Val: 0x00000005
In clock cycle: 227328
Register Write to Reg: 0x02 Val: 0x00000005
In clock cycle: 227330
Register Write to Reg: 0x03 Val: 0xFFFFFFFF
In clock cycle: 227331
Register Write to Reg: 0x04 Val: 0x00000003
In clock cycle: 227332
Register Write to Reg: 0x05 Val: 0x00000009
In clock cycle: 227334
Register Write to Reg: 0x06 Val: 0x00000001
In clock cycle: 227335
Register Write to Reg: 0x07 Val: 0x0000002A
In clock cycle: 227337
Register Write to Reg: 0x08 Val: 0xFFFFFFFF
In clock cycle: 227338
Register Write to Reg: 0x09 Val: 0x00000001
In clock cycle: 228351
Register Write to Reg: 0x01 Val: 0x00000005
In clock cycle: 228352
Register Write to Reg: 0x02 Val: 0x00000005
In clock cycle: 228354
Register Write to Reg: 0x03 Val: 0xFFFFFFFF
In clock cycle: 228355
Register Write to Reg: 0x04 Val: 0x00000003
In clock cycle: 228356
Register Write to Reg: 0x05 Val: 0x00000009
In clock cycle: 228358
Register Write to Reg: 0x06 Val: 0x00000001
In clock cycle: 228359
Register Write to Reg: 0x07 Val: 0x0000002A
In clock cycle: 228361
Register Write to Reg: 0x08 Val: 0xFFFFFFFF
In clock cycle: 228362
Register Write to Reg: 0x09 Val: 0x00000001
In clock cycle: 229375
Register Write to Reg: 0x01 Val: 0x00000005
In clock cycle: 229376
Register Write to Reg: 0x02 Val: 0x00000005
In clock cycle: 229378
Register Write to Reg: 0x03 Val: 0xFFFFFFFF
In clock cycle: 229379
Register Write to Reg: 0x04 Val: 0x00000003
In clock cycle: 229380
Register Write to Reg: 0x05 Val: 0x00000009
In clock cycle: 229382
Register Write to Reg: 0x06 Val: 0x00000001
In clock cycle: 229383
Register Write to Reg: 0x07 Val: 0x0000002A
In clock cycle: 229385
Register Write to Reg: 0x08 Val: 0xFFFFFFFF
In clock cycle: 229386
Register Write to Reg: 0x09 Val: 0x00000001
In clock cycle: 230399
Register Write to Reg: 0x01 Val: 0x00000005
In clock cycle: 230400
Register Write to Reg: 0x02 Val: 0x00000005
In clock cycle: 230402
Register Write to Reg: 0x03 Val: 0xFFFFFFFF
In clock cycle: 230403
Register Write to Reg: 0x04 Val: 0x00000003
In clock cycle: 230404
Register Write to Reg: 0x05 Val: 0x00000009
In clock cycle: 230406
Register Write to Reg: 0x06 Val: 0x00000001
In clock cycle: 230407
Register Write to Reg: 0x07 Val: 0x0000002A
In clock cycle: 230409
Register Write to Reg: 0x08 Val: 0xFFFFFFFF
In clock cycle: 230410
Register Write to Reg: 0x09 Val: 0x00000001
In clock cycle: 231423
Register Write to Reg: 0x01 Val: 0x00000005
In clock cycle: 231424
Register Write to Reg: 0x02 Val: 0x00000005
In clock cycle: 231426
Register Write to Reg: 0x03 Val: 0xFFFFFFFF
In clock cycle: 231427
Register Write to Reg: 0x04 Val: 0x00000003
In clock cycle: 231428
Register Write to Reg: 0x05 Val: 0x00000009
In clock cycle: 231430
Register Write to Reg: 0x06 Val: 0x00000001
In clock cycle: 231431
Register Write to Reg: 0x07 Val: 0x0000002A
In clock cycle: 231433
Register Write to Reg: 0x08 Val: 0xFFFFFFFF
In clock cycle: 231434
Register Write to Reg: 0x09 Val: 0x00000001
In clock cycle: 232447
Register Write to Reg: 0x01 Val: 0x00000005
In clock cycle: 232448
Register Write to Reg: 0x02 Val: 0x00000005
In clock cycle: 232450
Register Write to Reg: 0x03 Val: 0xFFFFFFFF
In clock cycle: 232451
Register Write to Reg: 0x04 Val: 0x00000003
In clock cycle: 232452
Register Write to Reg: 0x05 Val: 0x00000009
In clock cycle: 232454
Register Write to Reg: 0x06 Val: 0x00000001
In clock cycle: 232455
Register Write to Reg: 0x07 Val: 0x0000002A
In clock cycle: 232457
Register Write to Reg: 0x08 Val: 0xFFFFFFFF
In clock cycle: 232458
Register Write to Reg: 0x09 Val: 0x00000001
In clock cycle: 233471
Register Write to Reg: 0x01 Val: 0x00000005
In clock cycle: 233472
Register Write to Reg: 0x02 Val: 0x00000005
In clock cycle: 233474
Register Write to Reg: 0x03 Val: 0xFFFFFFFF
In clock cycle: 233475
Register Write to Reg: 0x04 Val: 0x00000003
In clock cycle: 233476
Register Write to Reg: 0x05 Val: 0x00000009
In clock cycle: 233478
Register Write to Reg: 0x06 Val: 0x00000001
In clock cycle: 233479
Register Write to Reg: 0x07 Val: 0x0000002A
In clock cycle: 233481
Register Write to Reg: 0x08 Val: 0xFFFFFFFF
In clock cycle: 233482
Register Write to Reg: 0x09 Val: 0x00000001
In clock cycle: 234495
Register Write to Reg: 0x01 Val: 0x00000005
In clock cycle: 234496
Register Write to Reg: 0x02 Val: 0x00000005
In clock cycle: 234498
Register Write to Reg: 0x03 Val: 0xFFFFFFFF
In clock cycle: 234499
Register Write to Reg: 0x04 Val: 0x00000003
In clock cycle: 234500
Register Write to Reg: 0x05 Val: 0x00000009
In clock cycle: 234502
Register Write to Reg: 0x06 Val: 0x00000001
In clock cycle: 234503
Register Write to Reg: 0x07 Val: 0x0000002A
In clock cycle: 234505
Register Write to Reg: 0x08 Val: 0xFFFFFFFF
In clock cycle: 234506
Register Write to Reg: 0x09 Val: 0x00000001
In clock cycle: 235519
Register Write to Reg: 0x01 Val: 0x00000005
In clock cycle: 235520
Register Write to Reg: 0x02 Val: 0x00000005
In clock cycle: 235522
Register Write to Reg: 0x03 Val: 0xFFFFFFFF
In clock cycle: 235523
Register Write to Reg: 0x04 Val: 0x00000003
In clock cycle: 235524
Register Write to Reg: 0x05 Val: 0x00000009
In clock cycle: 235526
Register Write to Reg: 0x06 Val: 0x00000001
In clock cycle: 235527
Register Write to Reg: 0x07 Val: 0x0000002A
In clock cycle: 235529
Register Write to Reg: 0x08 Val: 0xFFFFFFFF
In clock cycle: 235530
Register Write to Reg: 0x09 Val: 0x00000001
In clock cycle: 236543
Register Write to Reg: 0x01 Val: 0x00000005
In clock cycle: 236544
Register Write to Reg: 0x02 Val: 0x00000005
In clock cycle: 236546
Register Write to Reg: 0x03 Val: 0xFFFFFFFF
In clock cycle: 236547
Register Write to Reg: 0x04 Val: 0x00000003
In clock cycle: 236548
Register Write to Reg: 0x05 Val: 0x00000009
In clock cycle: 236550
Register Write to Reg: 0x06 Val: 0x00000001
In clock cycle: 236551
Register Write to Reg: 0x07 Val: 0x0000002A
In clock cycle: 236553
Register Write to Reg: 0x08 Val: 0xFFFFFFFF
In clock cycle: 236554
Register Write to Reg: 0x09 Val: 0x00000001
In clock cycle: 237567
Register Write to Reg: 0x01 Val: 0x00000005
In clock cycle: 237568
Register Write to Reg: 0x02 Val: 0x00000005
In clock cycle: 237570
Register Write to Reg: 0x03 Val: 0xFFFFFFFF
In clock cycle: 237571
Register Write to Reg: 0x04 Val: 0x00000003
In clock cycle: 237572
Register Write to Reg: 0x05 Val: 0x00000009
In clock cycle: 237574
Register Write to Reg: 0x06 Val: 0x00000001
In clock cycle: 237575
Register Write to Reg: 0x07 Val: 0x0000002A
In clock cycle: 237577
Register Write to Reg: 0x08 Val: 0xFFFFFFFF
In clock cycle: 237578
Register Write to Reg: 0x09 Val: 0x00000001
In clock cycle: 238591
Register Write to Reg: 0x01 Val: 0x00000005
In clock cycle: 238592
Register Write to Reg: 0x02 Val: 0x00000005
In clock cycle: 238594
Register Write to Reg: 0x03 Val: 0xFFFFFFFF
In clock cycle: 238595
Register Write to Reg: 0x04 Val: 0x00000003
In clock cycle: 238596
Register Write to Reg: 0x05 Val: 0x00000009
In clock cycle: 238598
Register Write to Reg: 0x06 Val: 0x00000001
In clock cycle: 238599
Register Write to Reg: 0x07 Val: 0x0000002A
In clock cycle: 238601
Register Write to Reg: 0x08 Val: 0xFFFFFFFF
In clock cycle: 238602
Register Write to Reg: 0x09 Val: 0x00000001
In clock cycle: 239615
Register Write to Reg: 0x01 Val: 0x00000005
In clock cycle: 239616
Register Write to Reg: 0x02 Val: 0x00000005
In clock cycle: 239618
Register Write to Reg: 0x03 Val: 0xFFFFFFFF
In clock cycle: 239619
Register Write to Reg: 0x04 Val: 0x00000003
In clock cycle: 239620
Register Write to Reg: 0x05 Val: 0x00000009
In clock cycle: 239622
Register Write to Reg: 0x06 Val: 0x00000001
In clock cycle: 239623
Register Write to Reg: 0x07 Val: 0x0000002A
In clock cycle: 239625
Register Write to Reg: 0x08 Val: 0xFFFFFFFF
In clock cycle: 239626
Register Write to Reg: 0x09 Val: 0x00000001
In clock cycle: 240639
Register Write to Reg: 0x01 Val: 0x00000005
In clock cycle: 240640
Register Write to Reg: 0x02 Val: 0x00000005
In clock cycle: 240642
Register Write to Reg: 0x03 Val: 0xFFFFFFFF
In clock cycle: 240643
Register Write to Reg: 0x04 Val: 0x00000003
In clock cycle: 240644
Register Write to Reg: 0x05 Val: 0x00000009
In clock cycle: 240646
Register Write to Reg: 0x06 Val: 0x00000001
In clock cycle: 240647
Register Write to Reg: 0x07 Val: 0x0000002A
In clock cycle: 240649
Register Write to Reg: 0x08 Val: 0xFFFFFFFF
In clock cycle: 240650
Register Write to Reg: 0x09 Val: 0x00000001
In clock cycle: 241663
Register Write to Reg: 0x01 Val: 0x00000005
In clock cycle: 241664
Register Write to Reg: 0x02 Val: 0x00000005
In clock cycle: 241666
Register Write to Reg: 0x03 Val: 0xFFFFFFFF
In clock cycle: 241667
Register Write to Reg: 0x04 Val: 0x00000003
In clock cycle: 241668
Register Write to Reg: 0x05 Val: 0x00000009
In clock cycle: 241670
Register Write to Reg: 0x06 Val: 0x00000001
In clock cycle: 241671
Register Write to Reg: 0x07 Val: 0x0000002A
In clock cycle: 241673
Register Write to Reg: 0x08 Val: 0xFFFFFFFF
In clock cycle: 241674
Register Write to Reg: 0x09 Val: 0x00000001
In clock cycle: 242687
Register Write to Reg: 0x01 Val: 0x00000005
In clock cycle: 242688
Register Write to Reg: 0x02 Val: 0x00000005
In clock cycle: 242690
Register Write to Reg: 0x03 Val: 0xFFFFFFFF
In clock cycle: 242691
Register Write to Reg: 0x04 Val: 0x00000003
In clock cycle: 242692
Register Write to Reg: 0x05 Val: 0x00000009
In clock cycle: 242694
Register Write to Reg: 0x06 Val: 0x00000001
In clock cycle: 242695
Register Write to Reg: 0x07 Val: 0x0000002A
In clock cycle: 242697
Register Write to Reg: 0x08 Val: 0xFFFFFFFF
In clock cycle: 242698
Register Write to Reg: 0x09 Val: 0x00000001
In clock cycle: 243711
Register Write to Reg: 0x01 Val: 0x00000005
In clock cycle: 243712
Register Write to Reg: 0x02 Val: 0x00000005
In clock cycle: 243714
Register Write to Reg: 0x03 Val: 0xFFFFFFFF
In clock cycle: 243715
Register Write to Reg: 0x04 Val: 0x00000003
In clock cycle: 243716
Register Write to Reg: 0x05 Val: 0x00000009
In clock cycle: 243718
Register Write to Reg: 0x06 Val: 0x00000001
In clock cycle: 243719
Register Write to Reg: 0x07 Val: 0x0000002A
In clock cycle: 243721
Register Write to Reg: 0x08 Val: 0xFFFFFFFF
In clock cycle: 243722
Register Write to Reg: 0x09 Val: 0x00000001
In clock cycle: 244735
Register Write to Reg: 0x01 Val: 0x00000005
In clock cycle: 244736
Register Write to Reg: 0x02 Val: 0x00000005
In clock cycle: 244738
Register Write to Reg: 0x03 Val: 0xFFFFFFFF
In clock cycle: 244739
Register Write to Reg: 0x04 Val: 0x00000003
In clock cycle: 244740
Register Write to Reg: 0x05 Val: 0x00000009
In clock cycle: 244742
Register Write to Reg: 0x06 Val: 0x00000001
In clock cycle: 244743
Register Write to Reg: 0x07 Val: 0x0000002A
In clock cycle: 244745
Register Write to Reg: 0x08 Val: 0xFFFFFFFF
In clock cycle: 244746
Register Write to Reg: 0x09 Val: 0x00000001
In clock cycle: 245759
Register Write to Reg: 0x01 Val: 0x00000005
In clock cycle: 245760
Register Write to Reg: 0x02 Val: 0x00000005
In clock cycle: 245762
Register Write to Reg: 0x03 Val: 0xFFFFFFFF
In clock cycle: 245763
Register Write to Reg: 0x04 Val: 0x00000003
In clock cycle: 245764
Register Write to Reg: 0x05 Val: 0x00000009
In clock cycle: 245766
Register Write to Reg: 0x06 Val: 0x00000001
In clock cycle: 245767
Register Write to Reg: 0x07 Val: 0x0000002A
In clock cycle: 245769
Register Write to Reg: 0x08 Val: 0xFFFFFFFF
In clock cycle: 245770
Register Write to Reg: 0x09 Val: 0x00000001
In clock cycle: 246783
Register Write to Reg: 0x01 Val: 0x00000005
In clock cycle: 246784
Register Write to Reg: 0x02 Val: 0x00000005
In clock cycle: 246786
Register Write to Reg: 0x03 Val: 0xFFFFFFFF
In clock cycle: 246787
Register Write to Reg: 0x04 Val: 0x00000003
In clock cycle: 246788
Register Write to Reg: 0x05 Val: 0x00000009
In clock cycle: 246790
Register Write to Reg: 0x06 Val: 0x00000001
In clock cycle: 246791
Register Write to Reg: 0x07 Val: 0x0000002A
In clock cycle: 246793
Register Write to Reg: 0x08 Val: 0xFFFFFFFF
In clock cycle: 246794
Register Write to Reg: 0x09 Val: 0x00000001
In clock cycle: 247807
Register Write to Reg: 0x01 Val: 0x00000005
In clock cycle: 247808
Register Write to Reg: 0x02 Val: 0x00000005
In clock cycle: 247810
Register Write to Reg: 0x03 Val: 0xFFFFFFFF
In clock cycle: 247811
Register Write to Reg: 0x04 Val: 0x00000003
In clock cycle: 247812
Register Write to Reg: 0x05 Val: 0x00000009
In clock cycle: 247814
Register Write to Reg: 0x06 Val: 0x00000001
In clock cycle: 247815
Register Write to Reg: 0x07 Val: 0x0000002A
In clock cycle: 247817
Register Write to Reg: 0x08 Val: 0xFFFFFFFF
In clock cycle: 247818
Register Write to Reg: 0x09 Val: 0x00000001
In clock cycle: 248831
Register Write to Reg: 0x01 Val: 0x00000005
In clock cycle: 248832
Register Write to Reg: 0x02 Val: 0x00000005
In clock cycle: 248834
Register Write to Reg: 0x03 Val: 0xFFFFFFFF
In clock cycle: 248835
Register Write to Reg: 0x04 Val: 0x00000003
In clock cycle: 248836
Register Write to Reg: 0x05 Val: 0x00000009
In clock cycle: 248838
Register Write to Reg: 0x06 Val: 0x00000001
In clock cycle: 248839
Register Write to Reg: 0x07 Val: 0x0000002A
In clock cycle: 248841
Register Write to Reg: 0x08 Val: 0xFFFFFFFF
In clock cycle: 248842
Register Write to Reg: 0x09 Val: 0x00000001
In clock cycle: 249855
Register Write to Reg: 0x01 Val: 0x00000005
In clock cycle: 249856
Register Write to Reg: 0x02 Val: 0x00000005
In clock cycle: 249858
Register Write to Reg: 0x03 Val: 0xFFFFFFFF
In clock cycle: 249859
Register Write to Reg: 0x04 Val: 0x00000003
In clock cycle: 249860
Register Write to Reg: 0x05 Val: 0x00000009
In clock cycle: 249862
Register Write to Reg: 0x06 Val: 0x00000001
In clock cycle: 249863
Register Write to Reg: 0x07 Val: 0x0000002A
In clock cycle: 249865
Register Write to Reg: 0x08 Val: 0xFFFFFFFF
In clock cycle: 249866
Register Write to Reg: 0x09 Val: 0x00000001
In clock cycle: 250879
Register Write to Reg: 0x01 Val: 0x00000005
In clock cycle: 250880
Register Write to Reg: 0x02 Val: 0x00000005
In clock cycle: 250882
Register Write to Reg: 0x03 Val: 0xFFFFFFFF
In clock cycle: 250883
Register Write to Reg: 0x04 Val: 0x00000003
In clock cycle: 250884
Register Write to Reg: 0x05 Val: 0x00000009
In clock cycle: 250886
Register Write to Reg: 0x06 Val: 0x00000001
In clock cycle: 250887
Register Write to Reg: 0x07 Val: 0x0000002A
In clock cycle: 250889
Register Write to Reg: 0x08 Val: 0xFFFFFFFF
In clock cycle: 250890
Register Write to Reg: 0x09 Val: 0x00000001
In clock cycle: 251903
Register Write to Reg: 0x01 Val: 0x00000005
In clock cycle: 251904
Register Write to Reg: 0x02 Val: 0x00000005
In clock cycle: 251906
Register Write to Reg: 0x03 Val: 0xFFFFFFFF
In clock cycle: 251907
Register Write to Reg: 0x04 Val: 0x00000003
In clock cycle: 251908
Register Write to Reg: 0x05 Val: 0x00000009
In clock cycle: 251910
Register Write to Reg: 0x06 Val: 0x00000001
In clock cycle: 251911
Register Write to Reg: 0x07 Val: 0x0000002A
In clock cycle: 251913
Register Write to Reg: 0x08 Val: 0xFFFFFFFF
In clock cycle: 251914
Register Write to Reg: 0x09 Val: 0x00000001
In clock cycle: 252927
Register Write to Reg: 0x01 Val: 0x00000005
In clock cycle: 252928
Register Write to Reg: 0x02 Val: 0x00000005
In clock cycle: 252930
Register Write to Reg: 0x03 Val: 0xFFFFFFFF
In clock cycle: 252931
Register Write to Reg: 0x04 Val: 0x00000003
In clock cycle: 252932
Register Write to Reg: 0x05 Val: 0x00000009
In clock cycle: 252934
Register Write to Reg: 0x06 Val: 0x00000001
In clock cycle: 252935
Register Write to Reg: 0x07 Val: 0x0000002A
In clock cycle: 252937
Register Write to Reg: 0x08 Val: 0xFFFFFFFF
In clock cycle: 252938
Register Write to Reg: 0x09 Val: 0x00000001
In clock cycle: 253951
Register Write to Reg: 0x01 Val: 0x00000005
In clock cycle: 253952
Register Write to Reg: 0x02 Val: 0x00000005
In clock cycle: 253954
Register Write to Reg: 0x03 Val: 0xFFFFFFFF
In clock cycle: 253955
Register Write to Reg: 0x04 Val: 0x00000003
In clock cycle: 253956
Register Write to Reg: 0x05 Val: 0x00000009
In clock cycle: 253958
Register Write to Reg: 0x06 Val: 0x00000001
In clock cycle: 253959
Register Write to Reg: 0x07 Val: 0x0000002A
In clock cycle: 253961
Register Write to Reg: 0x08 Val: 0xFFFFFFFF
In clock cycle: 253962
Register Write to Reg: 0x09 Val: 0x00000001
In clock cycle: 254975
Register Write to Reg: 0x01 Val: 0x00000005
In clock cycle: 254976
Register Write to Reg: 0x02 Val: 0x00000005
In clock cycle: 254978
Register Write to Reg: 0x03 Val: 0xFFFFFFFF
In clock cycle: 254979
Register Write to Reg: 0x04 Val: 0x00000003
In clock cycle: 254980
Register Write to Reg: 0x05 Val: 0x00000009
In clock cycle: 254982
Register Write to Reg: 0x06 Val: 0x00000001
In clock cycle: 254983
Register Write to Reg: 0x07 Val: 0x0000002A
In clock cycle: 254985
Register Write to Reg: 0x08 Val: 0xFFFFFFFF
In clock cycle: 254986
Register Write to Reg: 0x09 Val: 0x00000001
In clock cycle: 255999
Register Write to Reg: 0x01 Val: 0x00000005
In clock cycle: 256000
Register Write to Reg: 0x02 Val: 0x00000005
In clock cycle: 256002
Register Write to Reg: 0x03 Val: 0xFFFFFFFF
In clock cycle: 256003
Register Write to Reg: 0x04 Val: 0x00000003
In clock cycle: 256004
Register Write to Reg: 0x05 Val: 0x00000009
In clock cycle: 256006
Register Write to Reg: 0x06 Val: 0x00000001
In clock cycle: 256007
Register Write to Reg: 0x07 Val: 0x0000002A
In clock cycle: 256009
Register Write to Reg: 0x08 Val: 0xFFFFFFFF
In clock cycle: 256010
Register Write to Reg: 0x09 Val: 0x00000001
In clock cycle: 257023
Register Write to Reg: 0x01 Val: 0x00000005
In clock cycle: 257024
Register Write to Reg: 0x02 Val: 0x00000005
In clock cycle: 257026
Register Write to Reg: 0x03 Val: 0xFFFFFFFF
In clock cycle: 257027
Register Write to Reg: 0x04 Val: 0x00000003
In clock cycle: 257028
Register Write to Reg: 0x05 Val: 0x00000009
In clock cycle: 257030
Register Write to Reg: 0x06 Val: 0x00000001
In clock cycle: 257031
Register Write to Reg: 0x07 Val: 0x0000002A
In clock cycle: 257033
Register Write to Reg: 0x08 Val: 0xFFFFFFFF
In clock cycle: 257034
Register Write to Reg: 0x09 Val: 0x00000001
In clock cycle: 258047
Register Write to Reg: 0x01 Val: 0x00000005
In clock cycle: 258048
Register Write to Reg: 0x02 Val: 0x00000005
In clock cycle: 258050
Register Write to Reg: 0x03 Val: 0xFFFFFFFF
In clock cycle: 258051
Register Write to Reg: 0x04 Val: 0x00000003
In clock cycle: 258052
Register Write to Reg: 0x05 Val: 0x00000009
In clock cycle: 258054
Register Write to Reg: 0x06 Val: 0x00000001
In clock cycle: 258055
Register Write to Reg: 0x07 Val: 0x0000002A
In clock cycle: 258057
Register Write to Reg: 0x08 Val: 0xFFFFFFFF
In clock cycle: 258058
Register Write to Reg: 0x09 Val: 0x00000001
In clock cycle: 259071
Register Write to Reg: 0x01 Val: 0x00000005
In clock cycle: 259072
Register Write to Reg: 0x02 Val: 0x00000005
In clock cycle: 259074
Register Write to Reg: 0x03 Val: 0xFFFFFFFF
In clock cycle: 259075
Register Write to Reg: 0x04 Val: 0x00000003
In clock cycle: 259076
Register Write to Reg: 0x05 Val: 0x00000009
In clock cycle: 259078
Register Write to Reg: 0x06 Val: 0x00000001
In clock cycle: 259079
Register Write to Reg: 0x07 Val: 0x0000002A
In clock cycle: 259081
Register Write to Reg: 0x08 Val: 0xFFFFFFFF
In clock cycle: 259082
Register Write to Reg: 0x09 Val: 0x00000001
In clock cycle: 260095
Register Write to Reg: 0x01 Val: 0x00000005
In clock cycle: 260096
Register Write to Reg: 0x02 Val: 0x00000005
In clock cycle: 260098
Register Write to Reg: 0x03 Val: 0xFFFFFFFF
In clock cycle: 260099
Register Write to Reg: 0x04 Val: 0x00000003
In clock cycle: 260100
Register Write to Reg: 0x05 Val: 0x00000009
In clock cycle: 260102
Register Write to Reg: 0x06 Val: 0x00000001
In clock cycle: 260103
Register Write to Reg: 0x07 Val: 0x0000002A
In clock cycle: 260105
Register Write to Reg: 0x08 Val: 0xFFFFFFFF
In clock cycle: 260106
Register Write to Reg: 0x09 Val: 0x00000001
In clock cycle: 261119
Register Write to Reg: 0x01 Val: 0x00000005
In clock cycle: 261120
Register Write to Reg: 0x02 Val: 0x00000005
In clock cycle: 261122
Register Write to Reg: 0x03 Val: 0xFFFFFFFF
In clock cycle: 261123
Register Write to Reg: 0x04 Val: 0x00000003
In clock cycle: 261124
Register Write to Reg: 0x05 Val: 0x00000009
In clock cycle: 261126
Register Write to Reg: 0x06 Val: 0x00000001
In clock cycle: 261127
Register Write to Reg: 0x07 Val: 0x0000002A
In clock cycle: 261129
Register Write to Reg: 0x08 Val: 0xFFFFFFFF
In clock cycle: 261130
Register Write to Reg: 0x09 Val: 0x00000001
In clock cycle: 262143
Register Write to Reg: 0x01 Val: 0x00000005
In clock cycle: 262144
Register Write to Reg: 0x02 Val: 0x00000005
In clock cycle: 262146
Register Write to Reg: 0x03 Val: 0xFFFFFFFF
In clock cycle: 262147
Register Write to Reg: 0x04 Val: 0x00000003
In clock cycle: 262148
Register Write to Reg: 0x05 Val: 0x00000009
In clock cycle: 262150
Register Write to Reg: 0x06 Val: 0x00000001
In clock cycle: 262151
Register Write to Reg: 0x07 Val: 0x0000002A
In clock cycle: 262153
Register Write to Reg: 0x08 Val: 0xFFFFFFFF
In clock cycle: 262154
Register Write to Reg: 0x09 Val: 0x00000001
In clock cycle: 263167
Register Write to Reg: 0x01 Val: 0x00000005
In clock cycle: 263168
Register Write to Reg: 0x02 Val: 0x00000005
In clock cycle: 263170
Register Write to Reg: 0x03 Val: 0xFFFFFFFF
In clock cycle: 263171
Register Write to Reg: 0x04 Val: 0x00000003
In clock cycle: 263172
Register Write to Reg: 0x05 Val: 0x00000009
In clock cycle: 263174
Register Write to Reg: 0x06 Val: 0x00000001
In clock cycle: 263175
Register Write to Reg: 0x07 Val: 0x0000002A
In clock cycle: 263177
Register Write to Reg: 0x08 Val: 0xFFFFFFFF
In clock cycle: 263178
Register Write to Reg: 0x09 Val: 0x00000001
In clock cycle: 264191
Register Write to Reg: 0x01 Val: 0x00000005
In clock cycle: 264192
Register Write to Reg: 0x02 Val: 0x00000005
In clock cycle: 264194
Register Write to Reg: 0x03 Val: 0xFFFFFFFF
In clock cycle: 264195
Register Write to Reg: 0x04 Val: 0x00000003
In clock cycle: 264196
Register Write to Reg: 0x05 Val: 0x00000009
In clock cycle: 264198
Register Write to Reg: 0x06 Val: 0x00000001
In clock cycle: 264199
Register Write to Reg: 0x07 Val: 0x0000002A
In clock cycle: 264201
Register Write to Reg: 0x08 Val: 0xFFFFFFFF
In clock cycle: 264202
Register Write to Reg: 0x09 Val: 0x00000001
In clock cycle: 265215
Register Write to Reg: 0x01 Val: 0x00000005
In clock cycle: 265216
Register Write to Reg: 0x02 Val: 0x00000005
In clock cycle: 265218
Register Write to Reg: 0x03 Val: 0xFFFFFFFF
In clock cycle: 265219
Register Write to Reg: 0x04 Val: 0x00000003
In clock cycle: 265220
Register Write to Reg: 0x05 Val: 0x00000009
In clock cycle: 265222
Register Write to Reg: 0x06 Val: 0x00000001
In clock cycle: 265223
Register Write to Reg: 0x07 Val: 0x0000002A
In clock cycle: 265225
Register Write to Reg: 0x08 Val: 0xFFFFFFFF
In clock cycle: 265226
Register Write to Reg: 0x09 Val: 0x00000001
In clock cycle: 266239
Register Write to Reg: 0x01 Val: 0x00000005
In clock cycle: 266240
Register Write to Reg: 0x02 Val: 0x00000005
In clock cycle: 266242
Register Write to Reg: 0x03 Val: 0xFFFFFFFF
In clock cycle: 266243
Register Write to Reg: 0x04 Val: 0x00000003
In clock cycle: 266244
Register Write to Reg: 0x05 Val: 0x00000009
In clock cycle: 266246
Register Write to Reg: 0x06 Val: 0x00000001
In clock cycle: 266247
Register Write to Reg: 0x07 Val: 0x0000002A
In clock cycle: 266249
Register Write to Reg: 0x08 Val: 0xFFFFFFFF
In clock cycle: 266250
Register Write to Reg: 0x09 Val: 0x00000001
In clock cycle: 267263
Register Write to Reg: 0x01 Val: 0x00000005
In clock cycle: 267264
Register Write to Reg: 0x02 Val: 0x00000005
In clock cycle: 267266
Register Write to Reg: 0x03 Val: 0xFFFFFFFF
In clock cycle: 267267
Register Write to Reg: 0x04 Val: 0x00000003
In clock cycle: 267268
Register Write to Reg: 0x05 Val: 0x00000009
In clock cycle: 267270
Register Write to Reg: 0x06 Val: 0x00000001
In clock cycle: 267271
Register Write to Reg: 0x07 Val: 0x0000002A
In clock cycle: 267273
Register Write to Reg: 0x08 Val: 0xFFFFFFFF
In clock cycle: 267274
Register Write to Reg: 0x09 Val: 0x00000001
In clock cycle: 268287
Register Write to Reg: 0x01 Val: 0x00000005
In clock cycle: 268288
Register Write to Reg: 0x02 Val: 0x00000005
In clock cycle: 268290
Register Write to Reg: 0x03 Val: 0xFFFFFFFF
In clock cycle: 268291
Register Write to Reg: 0x04 Val: 0x00000003
In clock cycle: 268292
Register Write to Reg: 0x05 Val: 0x00000009
In clock cycle: 268294
Register Write to Reg: 0x06 Val: 0x00000001
In clock cycle: 268295
Register Write to Reg: 0x07 Val: 0x0000002A
In clock cycle: 268297
Register Write to Reg: 0x08 Val: 0xFFFFFFFF
In clock cycle: 268298
Register Write to Reg: 0x09 Val: 0x00000001
In clock cycle: 269311
Register Write to Reg: 0x01 Val: 0x00000005
In clock cycle: 269312
Register Write to Reg: 0x02 Val: 0x00000005
In clock cycle: 269314
Register Write to Reg: 0x03 Val: 0xFFFFFFFF
In clock cycle: 269315
Register Write to Reg: 0x04 Val: 0x00000003
In clock cycle: 269316
Register Write to Reg: 0x05 Val: 0x00000009
In clock cycle: 269318
Register Write to Reg: 0x06 Val: 0x00000001
In clock cycle: 269319
Register Write to Reg: 0x07 Val: 0x0000002A
In clock cycle: 269321
Register Write to Reg: 0x08 Val: 0xFFFFFFFF
In clock cycle: 269322
Register Write to Reg: 0x09 Val: 0x00000001
In clock cycle: 270335
Register Write to Reg: 0x01 Val: 0x00000005
In clock cycle: 270336
Register Write to Reg: 0x02 Val: 0x00000005
In clock cycle: 270338
Register Write to Reg: 0x03 Val: 0xFFFFFFFF
In clock cycle: 270339
Register Write to Reg: 0x04 Val: 0x00000003
In clock cycle: 270340
Register Write to Reg: 0x05 Val: 0x00000009
In clock cycle: 270342
Register Write to Reg: 0x06 Val: 0x00000001
In clock cycle: 270343
Register Write to Reg: 0x07 Val: 0x0000002A
In clock cycle: 270345
Register Write to Reg: 0x08 Val: 0xFFFFFFFF
In clock cycle: 270346
Register Write to Reg: 0x09 Val: 0x00000001
In clock cycle: 271359
Register Write to Reg: 0x01 Val: 0x00000005
In clock cycle: 271360
Register Write to Reg: 0x02 Val: 0x00000005
In clock cycle: 271362
Register Write to Reg: 0x03 Val: 0xFFFFFFFF
In clock cycle: 271363
Register Write to Reg: 0x04 Val: 0x00000003
In clock cycle: 271364
Register Write to Reg: 0x05 Val: 0x00000009
In clock cycle: 271366
Register Write to Reg: 0x06 Val: 0x00000001
In clock cycle: 271367
Register Write to Reg: 0x07 Val: 0x0000002A
In clock cycle: 271369
Register Write to Reg: 0x08 Val: 0xFFFFFFFF
In clock cycle: 271370
Register Write to Reg: 0x09 Val: 0x00000001
In clock cycle: 272383
Register Write to Reg: 0x01 Val: 0x00000005
In clock cycle: 272384
Register Write to Reg: 0x02 Val: 0x00000005
In clock cycle: 272386
Register Write to Reg: 0x03 Val: 0xFFFFFFFF
In clock cycle: 272387
Register Write to Reg: 0x04 Val: 0x00000003
In clock cycle: 272388
Register Write to Reg: 0x05 Val: 0x00000009
In clock cycle: 272390
Register Write to Reg: 0x06 Val: 0x00000001
In clock cycle: 272391
Register Write to Reg: 0x07 Val: 0x0000002A
In clock cycle: 272393
Register Write to Reg: 0x08 Val: 0xFFFFFFFF
In clock cycle: 272394
Register Write to Reg: 0x09 Val: 0x00000001
In clock cycle: 273407
Register Write to Reg: 0x01 Val: 0x00000005
In clock cycle: 273408
Register Write to Reg: 0x02 Val: 0x00000005
In clock cycle: 273410
Register Write to Reg: 0x03 Val: 0xFFFFFFFF
In clock cycle: 273411
Register Write to Reg: 0x04 Val: 0x00000003
In clock cycle: 273412
Register Write to Reg: 0x05 Val: 0x00000009
In clock cycle: 273414
Register Write to Reg: 0x06 Val: 0x00000001
In clock cycle: 273415
Register Write to Reg: 0x07 Val: 0x0000002A
In clock cycle: 273417
Register Write to Reg: 0x08 Val: 0xFFFFFFFF
In clock cycle: 273418
Register Write to Reg: 0x09 Val: 0x00000001
In clock cycle: 274431
Register Write to Reg: 0x01 Val: 0x00000005
In clock cycle: 274432
Register Write to Reg: 0x02 Val: 0x00000005
In clock cycle: 274434
Register Write to Reg: 0x03 Val: 0xFFFFFFFF
In clock cycle: 274435
Register Write to Reg: 0x04 Val: 0x00000003
In clock cycle: 274436
Register Write to Reg: 0x05 Val: 0x00000009
In clock cycle: 274438
Register Write to Reg: 0x06 Val: 0x00000001
In clock cycle: 274439
Register Write to Reg: 0x07 Val: 0x0000002A
In clock cycle: 274441
Register Write to Reg: 0x08 Val: 0xFFFFFFFF
In clock cycle: 274442
Register Write to Reg: 0x09 Val: 0x00000001
In clock cycle: 275455
Register Write to Reg: 0x01 Val: 0x00000005
In clock cycle: 275456
Register Write to Reg: 0x02 Val: 0x00000005
In clock cycle: 275458
Register Write to Reg: 0x03 Val: 0xFFFFFFFF
In clock cycle: 275459
Register Write to Reg: 0x04 Val: 0x00000003
In clock cycle: 275460
Register Write to Reg: 0x05 Val: 0x00000009
In clock cycle: 275462
Register Write to Reg: 0x06 Val: 0x00000001
In clock cycle: 275463
Register Write to Reg: 0x07 Val: 0x0000002A
In clock cycle: 275465
Register Write to Reg: 0x08 Val: 0xFFFFFFFF
In clock cycle: 275466
Register Write to Reg: 0x09 Val: 0x00000001
In clock cycle: 276479
Register Write to Reg: 0x01 Val: 0x00000005
In clock cycle: 276480
Register Write to Reg: 0x02 Val: 0x00000005
In clock cycle: 276482
Register Write to Reg: 0x03 Val: 0xFFFFFFFF
In clock cycle: 276483
Register Write to Reg: 0x04 Val: 0x00000003
In clock cycle: 276484
Register Write to Reg: 0x05 Val: 0x00000009
In clock cycle: 276486
Register Write to Reg: 0x06 Val: 0x00000001
In clock cycle: 276487
Register Write to Reg: 0x07 Val: 0x0000002A
In clock cycle: 276489
Register Write to Reg: 0x08 Val: 0xFFFFFFFF
In clock cycle: 276490
Register Write to Reg: 0x09 Val: 0x00000001
In clock cycle: 277503
Register Write to Reg: 0x01 Val: 0x00000005
In clock cycle: 277504
Register Write to Reg: 0x02 Val: 0x00000005
In clock cycle: 277506
Register Write to Reg: 0x03 Val: 0xFFFFFFFF
In clock cycle: 277507
Register Write to Reg: 0x04 Val: 0x00000003
In clock cycle: 277508
Register Write to Reg: 0x05 Val: 0x00000009
In clock cycle: 277510
Register Write to Reg: 0x06 Val: 0x00000001
In clock cycle: 277511
Register Write to Reg: 0x07 Val: 0x0000002A
In clock cycle: 277513
Register Write to Reg: 0x08 Val: 0xFFFFFFFF
In clock cycle: 277514
Register Write to Reg: 0x09 Val: 0x00000001
In clock cycle: 278527
Register Write to Reg: 0x01 Val: 0x00000005
In clock cycle: 278528
Register Write to Reg: 0x02 Val: 0x00000005
In clock cycle: 278530
Register Write to Reg: 0x03 Val: 0xFFFFFFFF
In clock cycle: 278531
Register Write to Reg: 0x04 Val: 0x00000003
In clock cycle: 278532
Register Write to Reg: 0x05 Val: 0x00000009
In clock cycle: 278534
Register Write to Reg: 0x06 Val: 0x00000001
In clock cycle: 278535
Register Write to Reg: 0x07 Val: 0x0000002A
In clock cycle: 278537
Register Write to Reg: 0x08 Val: 0xFFFFFFFF
In clock cycle: 278538
Register Write to Reg: 0x09 Val: 0x00000001
In clock cycle: 279551
Register Write to Reg: 0x01 Val: 0x00000005
In clock cycle: 279552
Register Write to Reg: 0x02 Val: 0x00000005
In clock cycle: 279554
Register Write to Reg: 0x03 Val: 0xFFFFFFFF
In clock cycle: 279555
Register Write to Reg: 0x04 Val: 0x00000003
In clock cycle: 279556
Register Write to Reg: 0x05 Val: 0x00000009
In clock cycle: 279558
Register Write to Reg: 0x06 Val: 0x00000001
In clock cycle: 279559
Register Write to Reg: 0x07 Val: 0x0000002A
In clock cycle: 279561
Register Write to Reg: 0x08 Val: 0xFFFFFFFF
In clock cycle: 279562
Register Write to Reg: 0x09 Val: 0x00000001
In clock cycle: 280575
Register Write to Reg: 0x01 Val: 0x00000005
In clock cycle: 280576
Register Write to Reg: 0x02 Val: 0x00000005
In clock cycle: 280578
Register Write to Reg: 0x03 Val: 0xFFFFFFFF
In clock cycle: 280579
Register Write to Reg: 0x04 Val: 0x00000003
In clock cycle: 280580
Register Write to Reg: 0x05 Val: 0x00000009
In clock cycle: 280582
Register Write to Reg: 0x06 Val: 0x00000001
In clock cycle: 280583
Register Write to Reg: 0x07 Val: 0x0000002A
In clock cycle: 280585
Register Write to Reg: 0x08 Val: 0xFFFFFFFF
In clock cycle: 280586
Register Write to Reg: 0x09 Val: 0x00000001
In clock cycle: 281599
Register Write to Reg: 0x01 Val: 0x00000005
In clock cycle: 281600
Register Write to Reg: 0x02 Val: 0x00000005
In clock cycle: 281602
Register Write to Reg: 0x03 Val: 0xFFFFFFFF
In clock cycle: 281603
Register Write to Reg: 0x04 Val: 0x00000003
In clock cycle: 281604
Register Write to Reg: 0x05 Val: 0x00000009
In clock cycle: 281606
Register Write to Reg: 0x06 Val: 0x00000001
In clock cycle: 281607
Register Write to Reg: 0x07 Val: 0x0000002A
In clock cycle: 281609
Register Write to Reg: 0x08 Val: 0xFFFFFFFF
In clock cycle: 281610
Register Write to Reg: 0x09 Val: 0x00000001
In clock cycle: 282623
Register Write to Reg: 0x01 Val: 0x00000005
In clock cycle: 282624
Register Write to Reg: 0x02 Val: 0x00000005
In clock cycle: 282626
Register Write to Reg: 0x03 Val: 0xFFFFFFFF
In clock cycle: 282627
Register Write to Reg: 0x04 Val: 0x00000003
In clock cycle: 282628
Register Write to Reg: 0x05 Val: 0x00000009
In clock cycle: 282630
Register Write to Reg: 0x06 Val: 0x00000001
In clock cycle: 282631
Register Write to Reg: 0x07 Val: 0x0000002A
In clock cycle: 282633
Register Write to Reg: 0x08 Val: 0xFFFFFFFF
In clock cycle: 282634
Register Write to Reg: 0x09 Val: 0x00000001
In clock cycle: 283647
Register Write to Reg: 0x01 Val: 0x00000005
In clock cycle: 283648
Register Write to Reg: 0x02 Val: 0x00000005
In clock cycle: 283650
Register Write to Reg: 0x03 Val: 0xFFFFFFFF
In clock cycle: 283651
Register Write to Reg: 0x04 Val: 0x00000003
In clock cycle: 283652
Register Write to Reg: 0x05 Val: 0x00000009
In clock cycle: 283654
Register Write to Reg: 0x06 Val: 0x00000001
In clock cycle: 283655
Register Write to Reg: 0x07 Val: 0x0000002A
In clock cycle: 283657
Register Write to Reg: 0x08 Val: 0xFFFFFFFF
In clock cycle: 283658
Register Write to Reg: 0x09 Val: 0x00000001
In clock cycle: 284671
Register Write to Reg: 0x01 Val: 0x00000005
In clock cycle: 284672
Register Write to Reg: 0x02 Val: 0x00000005
In clock cycle: 284674
Register Write to Reg: 0x03 Val: 0xFFFFFFFF
In clock cycle: 284675
Register Write to Reg: 0x04 Val: 0x00000003
In clock cycle: 284676
Register Write to Reg: 0x05 Val: 0x00000009
In clock cycle: 284678
Register Write to Reg: 0x06 Val: 0x00000001
In clock cycle: 284679
Register Write to Reg: 0x07 Val: 0x0000002A
In clock cycle: 284681
Register Write to Reg: 0x08 Val: 0xFFFFFFFF
In clock cycle: 284682
Register Write to Reg: 0x09 Val: 0x00000001
In clock cycle: 285695
Register Write to Reg: 0x01 Val: 0x00000005
In clock cycle: 285696
Register Write to Reg: 0x02 Val: 0x00000005
In clock cycle: 285698
Register Write to Reg: 0x03 Val: 0xFFFFFFFF
In clock cycle: 285699
Register Write to Reg: 0x04 Val: 0x00000003
In clock cycle: 285700
Register Write to Reg: 0x05 Val: 0x00000009
In clock cycle: 285702
Register Write to Reg: 0x06 Val: 0x00000001
In clock cycle: 285703
Register Write to Reg: 0x07 Val: 0x0000002A
In clock cycle: 285705
Register Write to Reg: 0x08 Val: 0xFFFFFFFF
In clock cycle: 285706
Register Write to Reg: 0x09 Val: 0x00000001
In clock cycle: 286719
Register Write to Reg: 0x01 Val: 0x00000005
In clock cycle: 286720
Register Write to Reg: 0x02 Val: 0x00000005
In clock cycle: 286722
Register Write to Reg: 0x03 Val: 0xFFFFFFFF
In clock cycle: 286723
Register Write to Reg: 0x04 Val: 0x00000003
In clock cycle: 286724
Register Write to Reg: 0x05 Val: 0x00000009
In clock cycle: 286726
Register Write to Reg: 0x06 Val: 0x00000001
In clock cycle: 286727
Register Write to Reg: 0x07 Val: 0x0000002A
In clock cycle: 286729
Register Write to Reg: 0x08 Val: 0xFFFFFFFF
In clock cycle: 286730
Register Write to Reg: 0x09 Val: 0x00000001
In clock cycle: 287743
Register Write to Reg: 0x01 Val: 0x00000005
In clock cycle: 287744
Register Write to Reg: 0x02 Val: 0x00000005
In clock cycle: 287746
Register Write to Reg: 0x03 Val: 0xFFFFFFFF
In clock cycle: 287747
Register Write to Reg: 0x04 Val: 0x00000003
In clock cycle: 287748
Register Write to Reg: 0x05 Val: 0x00000009
In clock cycle: 287750
Register Write to Reg: 0x06 Val: 0x00000001
In clock cycle: 287751
Register Write to Reg: 0x07 Val: 0x0000002A
In clock cycle: 287753
Register Write to Reg: 0x08 Val: 0xFFFFFFFF
In clock cycle: 287754
Register Write to Reg: 0x09 Val: 0x00000001
In clock cycle: 288767
Register Write to Reg: 0x01 Val: 0x00000005
In clock cycle: 288768
Register Write to Reg: 0x02 Val: 0x00000005
In clock cycle: 288770
Register Write to Reg: 0x03 Val: 0xFFFFFFFF
In clock cycle: 288771
Register Write to Reg: 0x04 Val: 0x00000003
In clock cycle: 288772
Register Write to Reg: 0x05 Val: 0x00000009
In clock cycle: 288774
Register Write to Reg: 0x06 Val: 0x00000001
In clock cycle: 288775
Register Write to Reg: 0x07 Val: 0x0000002A
In clock cycle: 288777
Register Write to Reg: 0x08 Val: 0xFFFFFFFF
In clock cycle: 288778
Register Write to Reg: 0x09 Val: 0x00000001
In clock cycle: 289791
Register Write to Reg: 0x01 Val: 0x00000005
In clock cycle: 289792
Register Write to Reg: 0x02 Val: 0x00000005
In clock cycle: 289794
Register Write to Reg: 0x03 Val: 0xFFFFFFFF
In clock cycle: 289795
Register Write to Reg: 0x04 Val: 0x00000003
In clock cycle: 289796
Register Write to Reg: 0x05 Val: 0x00000009
In clock cycle: 289798
Register Write to Reg: 0x06 Val: 0x00000001
In clock cycle: 289799
Register Write to Reg: 0x07 Val: 0x0000002A
In clock cycle: 289801
Register Write to Reg: 0x08 Val: 0xFFFFFFFF
In clock cycle: 289802
Register Write to Reg: 0x09 Val: 0x00000001
In clock cycle: 290815
Register Write to Reg: 0x01 Val: 0x00000005
In clock cycle: 290816
Register Write to Reg: 0x02 Val: 0x00000005
In clock cycle: 290818
Register Write to Reg: 0x03 Val: 0xFFFFFFFF
In clock cycle: 290819
Register Write to Reg: 0x04 Val: 0x00000003
In clock cycle: 290820
Register Write to Reg: 0x05 Val: 0x00000009
In clock cycle: 290822
Register Write to Reg: 0x06 Val: 0x00000001
In clock cycle: 290823
Register Write to Reg: 0x07 Val: 0x0000002A
In clock cycle: 290825
Register Write to Reg: 0x08 Val: 0xFFFFFFFF
In clock cycle: 290826
Register Write to Reg: 0x09 Val: 0x00000001
In clock cycle: 291839
Register Write to Reg: 0x01 Val: 0x00000005
In clock cycle: 291840
Register Write to Reg: 0x02 Val: 0x00000005
In clock cycle: 291842
Register Write to Reg: 0x03 Val: 0xFFFFFFFF
In clock cycle: 291843
Register Write to Reg: 0x04 Val: 0x00000003
In clock cycle: 291844
Register Write to Reg: 0x05 Val: 0x00000009
In clock cycle: 291846
Register Write to Reg: 0x06 Val: 0x00000001
In clock cycle: 291847
Register Write to Reg: 0x07 Val: 0x0000002A
In clock cycle: 291849
Register Write to Reg: 0x08 Val: 0xFFFFFFFF
In clock cycle: 291850
Register Write to Reg: 0x09 Val: 0x00000001
In clock cycle: 292863
Register Write to Reg: 0x01 Val: 0x00000005
In clock cycle: 292864
Register Write to Reg: 0x02 Val: 0x00000005
In clock cycle: 292866
Register Write to Reg: 0x03 Val: 0xFFFFFFFF
In clock cycle: 292867
Register Write to Reg: 0x04 Val: 0x00000003
In clock cycle: 292868
Register Write to Reg: 0x05 Val: 0x00000009
In clock cycle: 292870
Register Write to Reg: 0x06 Val: 0x00000001
In clock cycle: 292871
Register Write to Reg: 0x07 Val: 0x0000002A
In clock cycle: 292873
Register Write to Reg: 0x08 Val: 0xFFFFFFFF
In clock cycle: 292874
Register Write to Reg: 0x09 Val: 0x00000001
In clock cycle: 293887
Register Write to Reg: 0x01 Val: 0x00000005
In clock cycle: 293888
Register Write to Reg: 0x02 Val: 0x00000005
In clock cycle: 293890
Register Write to Reg: 0x03 Val: 0xFFFFFFFF
In clock cycle: 293891
Register Write to Reg: 0x04 Val: 0x00000003
In clock cycle: 293892
Register Write to Reg: 0x05 Val: 0x00000009
In clock cycle: 293894
Register Write to Reg: 0x06 Val: 0x00000001
In clock cycle: 293895
Register Write to Reg: 0x07 Val: 0x0000002A
In clock cycle: 293897
Register Write to Reg: 0x08 Val: 0xFFFFFFFF
In clock cycle: 293898
Register Write to Reg: 0x09 Val: 0x00000001
In clock cycle: 294911
Register Write to Reg: 0x01 Val: 0x00000005
In clock cycle: 294912
Register Write to Reg: 0x02 Val: 0x00000005
In clock cycle: 294914
Register Write to Reg: 0x03 Val: 0xFFFFFFFF
In clock cycle: 294915
Register Write to Reg: 0x04 Val: 0x00000003
In clock cycle: 294916
Register Write to Reg: 0x05 Val: 0x00000009
In clock cycle: 294918
Register Write to Reg: 0x06 Val: 0x00000001
In clock cycle: 294919
Register Write to Reg: 0x07 Val: 0x0000002A
In clock cycle: 294921
Register Write to Reg: 0x08 Val: 0xFFFFFFFF
In clock cycle: 294922
Register Write to Reg: 0x09 Val: 0x00000001
In clock cycle: 295935
Register Write to Reg: 0x01 Val: 0x00000005
In clock cycle: 295936
Register Write to Reg: 0x02 Val: 0x00000005
In clock cycle: 295938
Register Write to Reg: 0x03 Val: 0xFFFFFFFF
In clock cycle: 295939
Register Write to Reg: 0x04 Val: 0x00000003
In clock cycle: 295940
Register Write to Reg: 0x05 Val: 0x00000009
In clock cycle: 295942
Register Write to Reg: 0x06 Val: 0x00000001
In clock cycle: 295943
Register Write to Reg: 0x07 Val: 0x0000002A
In clock cycle: 295945
Register Write to Reg: 0x08 Val: 0xFFFFFFFF
In clock cycle: 295946
Register Write to Reg: 0x09 Val: 0x00000001
In clock cycle: 296959
Register Write to Reg: 0x01 Val: 0x00000005
In clock cycle: 296960
Register Write to Reg: 0x02 Val: 0x00000005
In clock cycle: 296962
Register Write to Reg: 0x03 Val: 0xFFFFFFFF
In clock cycle: 296963
Register Write to Reg: 0x04 Val: 0x00000003
In clock cycle: 296964
Register Write to Reg: 0x05 Val: 0x00000009
In clock cycle: 296966
Register Write to Reg: 0x06 Val: 0x00000001
In clock cycle: 296967
Register Write to Reg: 0x07 Val: 0x0000002A
In clock cycle: 296969
Register Write to Reg: 0x08 Val: 0xFFFFFFFF
In clock cycle: 296970
Register Write to Reg: 0x09 Val: 0x00000001
In clock cycle: 297983
Register Write to Reg: 0x01 Val: 0x00000005
In clock cycle: 297984
Register Write to Reg: 0x02 Val: 0x00000005
In clock cycle: 297986
Register Write to Reg: 0x03 Val: 0xFFFFFFFF
In clock cycle: 297987
Register Write to Reg: 0x04 Val: 0x00000003
In clock cycle: 297988
Register Write to Reg: 0x05 Val: 0x00000009
In clock cycle: 297990
Register Write to Reg: 0x06 Val: 0x00000001
In clock cycle: 297991
Register Write to Reg: 0x07 Val: 0x0000002A
In clock cycle: 297993
Register Write to Reg: 0x08 Val: 0xFFFFFFFF
In clock cycle: 297994
Register Write to Reg: 0x09 Val: 0x00000001
In clock cycle: 299007
Register Write to Reg: 0x01 Val: 0x00000005
In clock cycle: 299008
Register Write to Reg: 0x02 Val: 0x00000005
In clock cycle: 299010
Register Write to Reg: 0x03 Val: 0xFFFFFFFF
In clock cycle: 299011
Register Write to Reg: 0x04 Val: 0x00000003
In clock cycle: 299012
Register Write to Reg: 0x05 Val: 0x00000009
In clock cycle: 299014
Register Write to Reg: 0x06 Val: 0x00000001
In clock cycle: 299015
Register Write to Reg: 0x07 Val: 0x0000002A
In clock cycle: 299017
Register Write to Reg: 0x08 Val: 0xFFFFFFFF
In clock cycle: 299018
Register Write to Reg: 0x09 Val: 0x00000001
In clock cycle: 300031
Register Write to Reg: 0x01 Val: 0x00000005
In clock cycle: 300032
Register Write to Reg: 0x02 Val: 0x00000005
In clock cycle: 300034
Register Write to Reg: 0x03 Val: 0xFFFFFFFF
In clock cycle: 300035
Register Write to Reg: 0x04 Val: 0x00000003
In clock cycle: 300036
Register Write to Reg: 0x05 Val: 0x00000009
In clock cycle: 300038
Register Write to Reg: 0x06 Val: 0x00000001
In clock cycle: 300039
Register Write to Reg: 0x07 Val: 0x0000002A
In clock cycle: 300041
Register Write to Reg: 0x08 Val: 0xFFFFFFFF
In clock cycle: 300042
Register Write to Reg: 0x09 Val: 0x00000001
In clock cycle: 301055
Register Write to Reg: 0x01 Val: 0x00000005
In clock cycle: 301056
Register Write to Reg: 0x02 Val: 0x00000005
In clock cycle: 301058
Register Write to Reg: 0x03 Val: 0xFFFFFFFF
In clock cycle: 301059
Register Write to Reg: 0x04 Val: 0x00000003
In clock cycle: 301060
Register Write to Reg: 0x05 Val: 0x00000009
In clock cycle: 301062
Register Write to Reg: 0x06 Val: 0x00000001
In clock cycle: 301063
Register Write to Reg: 0x07 Val: 0x0000002A
In clock cycle: 301065
Register Write to Reg: 0x08 Val: 0xFFFFFFFF
In clock cycle: 301066
Register Write to Reg: 0x09 Val: 0x00000001
In clock cycle: 302079
Register Write to Reg: 0x01 Val: 0x00000005
In clock cycle: 302080
Register Write to Reg: 0x02 Val: 0x00000005
In clock cycle: 302082
Register Write to Reg: 0x03 Val: 0xFFFFFFFF
In clock cycle: 302083
Register Write to Reg: 0x04 Val: 0x00000003
In clock cycle: 302084
Register Write to Reg: 0x05 Val: 0x00000009
In clock cycle: 302086
Register Write to Reg: 0x06 Val: 0x00000001
In clock cycle: 302087
Register Write to Reg: 0x07 Val: 0x0000002A
In clock cycle: 302089
Register Write to Reg: 0x08 Val: 0xFFFFFFFF
In clock cycle: 302090
Register Write to Reg: 0x09 Val: 0x00000001
In clock cycle: 303103
Register Write to Reg: 0x01 Val: 0x00000005
In clock cycle: 303104
Register Write to Reg: 0x02 Val: 0x00000005
In clock cycle: 303106
Register Write to Reg: 0x03 Val: 0xFFFFFFFF
In clock cycle: 303107
Register Write to Reg: 0x04 Val: 0x00000003
In clock cycle: 303108
Register Write to Reg: 0x05 Val: 0x00000009
In clock cycle: 303110
Register Write to Reg: 0x06 Val: 0x00000001
In clock cycle: 303111
Register Write to Reg: 0x07 Val: 0x0000002A
In clock cycle: 303113
Register Write to Reg: 0x08 Val: 0xFFFFFFFF
In clock cycle: 303114
Register Write to Reg: 0x09 Val: 0x00000001
In clock cycle: 304127
Register Write to Reg: 0x01 Val: 0x00000005
In clock cycle: 304128
Register Write to Reg: 0x02 Val: 0x00000005
In clock cycle: 304130
Register Write to Reg: 0x03 Val: 0xFFFFFFFF
In clock cycle: 304131
Register Write to Reg: 0x04 Val: 0x00000003
In clock cycle: 304132
Register Write to Reg: 0x05 Val: 0x00000009
In clock cycle: 304134
Register Write to Reg: 0x06 Val: 0x00000001
In clock cycle: 304135
Register Write to Reg: 0x07 Val: 0x0000002A
In clock cycle: 304137
Register Write to Reg: 0x08 Val: 0xFFFFFFFF
In clock cycle: 304138
Register Write to Reg: 0x09 Val: 0x00000001
In clock cycle: 305151
Register Write to Reg: 0x01 Val: 0x00000005
In clock cycle: 305152
Register Write to Reg: 0x02 Val: 0x00000005
In clock cycle: 305154
Register Write to Reg: 0x03 Val: 0xFFFFFFFF
In clock cycle: 305155
Register Write to Reg: 0x04 Val: 0x00000003
In clock cycle: 305156
Register Write to Reg: 0x05 Val: 0x00000009
In clock cycle: 305158
Register Write to Reg: 0x06 Val: 0x00000001
In clock cycle: 305159
Register Write to Reg: 0x07 Val: 0x0000002A
In clock cycle: 305161
Register Write to Reg: 0x08 Val: 0xFFFFFFFF
In clock cycle: 305162
Register Write to Reg: 0x09 Val: 0x00000001
In clock cycle: 306175
Register Write to Reg: 0x01 Val: 0x00000005
In clock cycle: 306176
Register Write to Reg: 0x02 Val: 0x00000005
In clock cycle: 306178
Register Write to Reg: 0x03 Val: 0xFFFFFFFF
In clock cycle: 306179
Register Write to Reg: 0x04 Val: 0x00000003
In clock cycle: 306180
Register Write to Reg: 0x05 Val: 0x00000009
In clock cycle: 306182
Register Write to Reg: 0x06 Val: 0x00000001
In clock cycle: 306183
Register Write to Reg: 0x07 Val: 0x0000002A
In clock cycle: 306185
Register Write to Reg: 0x08 Val: 0xFFFFFFFF
In clock cycle: 306186
Register Write to Reg: 0x09 Val: 0x00000001
In clock cycle: 307199
Register Write to Reg: 0x01 Val: 0x00000005
In clock cycle: 307200
Register Write to Reg: 0x02 Val: 0x00000005
In clock cycle: 307202
Register Write to Reg: 0x03 Val: 0xFFFFFFFF
In clock cycle: 307203
Register Write to Reg: 0x04 Val: 0x00000003
In clock cycle: 307204
Register Write to Reg: 0x05 Val: 0x00000009
In clock cycle: 307206
Register Write to Reg: 0x06 Val: 0x00000001
In clock cycle: 307207
Register Write to Reg: 0x07 Val: 0x0000002A
In clock cycle: 307209
Register Write to Reg: 0x08 Val: 0xFFFFFFFF
In clock cycle: 307210
Register Write to Reg: 0x09 Val: 0x00000001
In clock cycle: 308223
Register Write to Reg: 0x01 Val: 0x00000005
In clock cycle: 308224
Register Write to Reg: 0x02 Val: 0x00000005
In clock cycle: 308226
Register Write to Reg: 0x03 Val: 0xFFFFFFFF
In clock cycle: 308227
Register Write to Reg: 0x04 Val: 0x00000003
In clock cycle: 308228
Register Write to Reg: 0x05 Val: 0x00000009
In clock cycle: 308230
Register Write to Reg: 0x06 Val: 0x00000001
In clock cycle: 308231
Register Write to Reg: 0x07 Val: 0x0000002A
In clock cycle: 308233
Register Write to Reg: 0x08 Val: 0xFFFFFFFF
In clock cycle: 308234
Register Write to Reg: 0x09 Val: 0x00000001
In clock cycle: 309247
Register Write to Reg: 0x01 Val: 0x00000005
In clock cycle: 309248
Register Write to Reg: 0x02 Val: 0x00000005
In clock cycle: 309250
Register Write to Reg: 0x03 Val: 0xFFFFFFFF
In clock cycle: 309251
Register Write to Reg: 0x04 Val: 0x00000003
In clock cycle: 309252
Register Write to Reg: 0x05 Val: 0x00000009
In clock cycle: 309254
Register Write to Reg: 0x06 Val: 0x00000001
In clock cycle: 309255
Register Write to Reg: 0x07 Val: 0x0000002A
In clock cycle: 309257
Register Write to Reg: 0x08 Val: 0xFFFFFFFF
In clock cycle: 309258
Register Write to Reg: 0x09 Val: 0x00000001
In clock cycle: 310271
Register Write to Reg: 0x01 Val: 0x00000005
In clock cycle: 310272
Register Write to Reg: 0x02 Val: 0x00000005
In clock cycle: 310274
Register Write to Reg: 0x03 Val: 0xFFFFFFFF
In clock cycle: 310275
Register Write to Reg: 0x04 Val: 0x00000003
In clock cycle: 310276
Register Write to Reg: 0x05 Val: 0x00000009
In clock cycle: 310278
Register Write to Reg: 0x06 Val: 0x00000001
In clock cycle: 310279
Register Write to Reg: 0x07 Val: 0x0000002A
In clock cycle: 310281
Register Write to Reg: 0x08 Val: 0xFFFFFFFF
In clock cycle: 310282
Register Write to Reg: 0x09 Val: 0x00000001
In clock cycle: 311295
Register Write to Reg: 0x01 Val: 0x00000005
In clock cycle: 311296
Register Write to Reg: 0x02 Val: 0x00000005
In clock cycle: 311298
Register Write to Reg: 0x03 Val: 0xFFFFFFFF
In clock cycle: 311299
Register Write to Reg: 0x04 Val: 0x00000003
In clock cycle: 311300
Register Write to Reg: 0x05 Val: 0x00000009
In clock cycle: 311302
Register Write to Reg: 0x06 Val: 0x00000001
In clock cycle: 311303
Register Write to Reg: 0x07 Val: 0x0000002A
In clock cycle: 311305
Register Write to Reg: 0x08 Val: 0xFFFFFFFF
In clock cycle: 311306
Register Write to Reg: 0x09 Val: 0x00000001
In clock cycle: 312319
Register Write to Reg: 0x01 Val: 0x00000005
In clock cycle: 312320
Register Write to Reg: 0x02 Val: 0x00000005
In clock cycle: 312322
Register Write to Reg: 0x03 Val: 0xFFFFFFFF
In clock cycle: 312323
Register Write to Reg: 0x04 Val: 0x00000003
In clock cycle: 312324
Register Write to Reg: 0x05 Val: 0x00000009
In clock cycle: 312326
Register Write to Reg: 0x06 Val: 0x00000001
In clock cycle: 312327
Register Write to Reg: 0x07 Val: 0x0000002A
In clock cycle: 312329
Register Write to Reg: 0x08 Val: 0xFFFFFFFF
In clock cycle: 312330
Register Write to Reg: 0x09 Val: 0x00000001
In clock cycle: 313343
Register Write to Reg: 0x01 Val: 0x00000005
In clock cycle: 313344
Register Write to Reg: 0x02 Val: 0x00000005
In clock cycle: 313346
Register Write to Reg: 0x03 Val: 0xFFFFFFFF
In clock cycle: 313347
Register Write to Reg: 0x04 Val: 0x00000003
In clock cycle: 313348
Register Write to Reg: 0x05 Val: 0x00000009
In clock cycle: 313350
Register Write to Reg: 0x06 Val: 0x00000001
In clock cycle: 313351
Register Write to Reg: 0x07 Val: 0x0000002A
In clock cycle: 313353
Register Write to Reg: 0x08 Val: 0xFFFFFFFF
In clock cycle: 313354
Register Write to Reg: 0x09 Val: 0x00000001
In clock cycle: 314367
Register Write to Reg: 0x01 Val: 0x00000005
In clock cycle: 314368
Register Write to Reg: 0x02 Val: 0x00000005
In clock cycle: 314370
Register Write to Reg: 0x03 Val: 0xFFFFFFFF
In clock cycle: 314371
Register Write to Reg: 0x04 Val: 0x00000003
In clock cycle: 314372
Register Write to Reg: 0x05 Val: 0x00000009
In clock cycle: 314374
Register Write to Reg: 0x06 Val: 0x00000001
In clock cycle: 314375
Register Write to Reg: 0x07 Val: 0x0000002A
In clock cycle: 314377
Register Write to Reg: 0x08 Val: 0xFFFFFFFF
In clock cycle: 314378
Register Write to Reg: 0x09 Val: 0x00000001
In clock cycle: 315391
Register Write to Reg: 0x01 Val: 0x00000005
In clock cycle: 315392
Register Write to Reg: 0x02 Val: 0x00000005
In clock cycle: 315394
Register Write to Reg: 0x03 Val: 0xFFFFFFFF
In clock cycle: 315395
Register Write to Reg: 0x04 Val: 0x00000003
In clock cycle: 315396
Register Write to Reg: 0x05 Val: 0x00000009
In clock cycle: 315398
Register Write to Reg: 0x06 Val: 0x00000001
In clock cycle: 315399
Register Write to Reg: 0x07 Val: 0x0000002A
In clock cycle: 315401
Register Write to Reg: 0x08 Val: 0xFFFFFFFF
In clock cycle: 315402
Register Write to Reg: 0x09 Val: 0x00000001
In clock cycle: 316415
Register Write to Reg: 0x01 Val: 0x00000005
In clock cycle: 316416
Register Write to Reg: 0x02 Val: 0x00000005
In clock cycle: 316418
Register Write to Reg: 0x03 Val: 0xFFFFFFFF
In clock cycle: 316419
Register Write to Reg: 0x04 Val: 0x00000003
In clock cycle: 316420
Register Write to Reg: 0x05 Val: 0x00000009
In clock cycle: 316422
Register Write to Reg: 0x06 Val: 0x00000001
In clock cycle: 316423
Register Write to Reg: 0x07 Val: 0x0000002A
In clock cycle: 316425
Register Write to Reg: 0x08 Val: 0xFFFFFFFF
In clock cycle: 316426
Register Write to Reg: 0x09 Val: 0x00000001
In clock cycle: 317439
Register Write to Reg: 0x01 Val: 0x00000005
In clock cycle: 317440
Register Write to Reg: 0x02 Val: 0x00000005
In clock cycle: 317442
Register Write to Reg: 0x03 Val: 0xFFFFFFFF
In clock cycle: 317443
Register Write to Reg: 0x04 Val: 0x00000003
In clock cycle: 317444
Register Write to Reg: 0x05 Val: 0x00000009
In clock cycle: 317446
Register Write to Reg: 0x06 Val: 0x00000001
In clock cycle: 317447
Register Write to Reg: 0x07 Val: 0x0000002A
In clock cycle: 317449
Register Write to Reg: 0x08 Val: 0xFFFFFFFF
In clock cycle: 317450
Register Write to Reg: 0x09 Val: 0x00000001
In clock cycle: 318463
Register Write to Reg: 0x01 Val: 0x00000005
In clock cycle: 318464
Register Write to Reg: 0x02 Val: 0x00000005
In clock cycle: 318466
Register Write to Reg: 0x03 Val: 0xFFFFFFFF
In clock cycle: 318467
Register Write to Reg: 0x04 Val: 0x00000003
In clock cycle: 318468
Register Write to Reg: 0x05 Val: 0x00000009
In clock cycle: 318470
Register Write to Reg: 0x06 Val: 0x00000001
In clock cycle: 318471
Register Write to Reg: 0x07 Val: 0x0000002A
In clock cycle: 318473
Register Write to Reg: 0x08 Val: 0xFFFFFFFF
In clock cycle: 318474
Register Write to Reg: 0x09 Val: 0x00000001
In clock cycle: 319487
Register Write to Reg: 0x01 Val: 0x00000005
In clock cycle: 319488
Register Write to Reg: 0x02 Val: 0x00000005
In clock cycle: 319490
Register Write to Reg: 0x03 Val: 0xFFFFFFFF
In clock cycle: 319491
Register Write to Reg: 0x04 Val: 0x00000003
In clock cycle: 319492
Register Write to Reg: 0x05 Val: 0x00000009
In clock cycle: 319494
Register Write to Reg: 0x06 Val: 0x00000001
In clock cycle: 319495
Register Write to Reg: 0x07 Val: 0x0000002A
In clock cycle: 319497
Register Write to Reg: 0x08 Val: 0xFFFFFFFF
In clock cycle: 319498
Register Write to Reg: 0x09 Val: 0x00000001
In clock cycle: 320511
Register Write to Reg: 0x01 Val: 0x00000005
In clock cycle: 320512
Register Write to Reg: 0x02 Val: 0x00000005
In clock cycle: 320514
Register Write to Reg: 0x03 Val: 0xFFFFFFFF
In clock cycle: 320515
Register Write to Reg: 0x04 Val: 0x00000003
In clock cycle: 320516
Register Write to Reg: 0x05 Val: 0x00000009
In clock cycle: 320518
Register Write to Reg: 0x06 Val: 0x00000001
In clock cycle: 320519
Register Write to Reg: 0x07 Val: 0x0000002A
In clock cycle: 320521
Register Write to Reg: 0x08 Val: 0xFFFFFFFF
In clock cycle: 320522
Register Write to Reg: 0x09 Val: 0x00000001
In clock cycle: 321535
Register Write to Reg: 0x01 Val: 0x00000005
In clock cycle: 321536
Register Write to Reg: 0x02 Val: 0x00000005
In clock cycle: 321538
Register Write to Reg: 0x03 Val: 0xFFFFFFFF
In clock cycle: 321539
Register Write to Reg: 0x04 Val: 0x00000003
In clock cycle: 321540
Register Write to Reg: 0x05 Val: 0x00000009
In clock cycle: 321542
Register Write to Reg: 0x06 Val: 0x00000001
In clock cycle: 321543
Register Write to Reg: 0x07 Val: 0x0000002A
In clock cycle: 321545
Register Write to Reg: 0x08 Val: 0xFFFFFFFF
In clock cycle: 321546
Register Write to Reg: 0x09 Val: 0x00000001
In clock cycle: 322559
Register Write to Reg: 0x01 Val: 0x00000005
In clock cycle: 322560
Register Write to Reg: 0x02 Val: 0x00000005
In clock cycle: 322562
Register Write to Reg: 0x03 Val: 0xFFFFFFFF
In clock cycle: 322563
Register Write to Reg: 0x04 Val: 0x00000003
In clock cycle: 322564
Register Write to Reg: 0x05 Val: 0x00000009
In clock cycle: 322566
Register Write to Reg: 0x06 Val: 0x00000001
In clock cycle: 322567
Register Write to Reg: 0x07 Val: 0x0000002A
In clock cycle: 322569
Register Write to Reg: 0x08 Val: 0xFFFFFFFF
In clock cycle: 322570
Register Write to Reg: 0x09 Val: 0x00000001
In clock cycle: 323583
Register Write to Reg: 0x01 Val: 0x00000005
In clock cycle: 323584
Register Write to Reg: 0x02 Val: 0x00000005
In clock cycle: 323586
Register Write to Reg: 0x03 Val: 0xFFFFFFFF
In clock cycle: 323587
Register Write to Reg: 0x04 Val: 0x00000003
In clock cycle: 323588
Register Write to Reg: 0x05 Val: 0x00000009
In clock cycle: 323590
Register Write to Reg: 0x06 Val: 0x00000001
In clock cycle: 323591
Register Write to Reg: 0x07 Val: 0x0000002A
In clock cycle: 323593
Register Write to Reg: 0x08 Val: 0xFFFFFFFF
In clock cycle: 323594
Register Write to Reg: 0x09 Val: 0x00000001
In clock cycle: 324607
Register Write to Reg: 0x01 Val: 0x00000005
In clock cycle: 324608
Register Write to Reg: 0x02 Val: 0x00000005
In clock cycle: 324610
Register Write to Reg: 0x03 Val: 0xFFFFFFFF
In clock cycle: 324611
Register Write to Reg: 0x04 Val: 0x00000003
In clock cycle: 324612
Register Write to Reg: 0x05 Val: 0x00000009
In clock cycle: 324614
Register Write to Reg: 0x06 Val: 0x00000001
In clock cycle: 324615
Register Write to Reg: 0x07 Val: 0x0000002A
In clock cycle: 324617
Register Write to Reg: 0x08 Val: 0xFFFFFFFF
In clock cycle: 324618
Register Write to Reg: 0x09 Val: 0x00000001
In clock cycle: 325631
Register Write to Reg: 0x01 Val: 0x00000005
In clock cycle: 325632
Register Write to Reg: 0x02 Val: 0x00000005
In clock cycle: 325634
Register Write to Reg: 0x03 Val: 0xFFFFFFFF
In clock cycle: 325635
Register Write to Reg: 0x04 Val: 0x00000003
In clock cycle: 325636
Register Write to Reg: 0x05 Val: 0x00000009
In clock cycle: 325638
Register Write to Reg: 0x06 Val: 0x00000001
In clock cycle: 325639
Register Write to Reg: 0x07 Val: 0x0000002A
In clock cycle: 325641
Register Write to Reg: 0x08 Val: 0xFFFFFFFF
In clock cycle: 325642
Register Write to Reg: 0x09 Val: 0x00000001
In clock cycle: 326655
Register Write to Reg: 0x01 Val: 0x00000005
In clock cycle: 326656
Register Write to Reg: 0x02 Val: 0x00000005
In clock cycle: 326658
Register Write to Reg: 0x03 Val: 0xFFFFFFFF
In clock cycle: 326659
Register Write to Reg: 0x04 Val: 0x00000003
In clock cycle: 326660
Register Write to Reg: 0x05 Val: 0x00000009
In clock cycle: 326662
Register Write to Reg: 0x06 Val: 0x00000001
In clock cycle: 326663
Register Write to Reg: 0x07 Val: 0x0000002A
In clock cycle: 326665
Register Write to Reg: 0x08 Val: 0xFFFFFFFF
In clock cycle: 326666
Register Write to Reg: 0x09 Val: 0x00000001
In clock cycle: 327679
Register Write to Reg: 0x01 Val: 0x00000005
In clock cycle: 327680
Register Write to Reg: 0x02 Val: 0x00000005
In clock cycle: 327682
Register Write to Reg: 0x03 Val: 0xFFFFFFFF
In clock cycle: 327683
Register Write to Reg: 0x04 Val: 0x00000003
In clock cycle: 327684
Register Write to Reg: 0x05 Val: 0x00000009
In clock cycle: 327686
Register Write to Reg: 0x06 Val: 0x00000001
In clock cycle: 327687
Register Write to Reg: 0x07 Val: 0x0000002A
In clock cycle: 327689
Register Write to Reg: 0x08 Val: 0xFFFFFFFF
In clock cycle: 327690
Register Write to Reg: 0x09 Val: 0x00000001
In clock cycle: 328703
Register Write to Reg: 0x01 Val: 0x00000005
In clock cycle: 328704
Register Write to Reg: 0x02 Val: 0x00000005
In clock cycle: 328706
Register Write to Reg: 0x03 Val: 0xFFFFFFFF
In clock cycle: 328707
Register Write to Reg: 0x04 Val: 0x00000003
In clock cycle: 328708
Register Write to Reg: 0x05 Val: 0x00000009
In clock cycle: 328710
Register Write to Reg: 0x06 Val: 0x00000001
In clock cycle: 328711
Register Write to Reg: 0x07 Val: 0x0000002A
In clock cycle: 328713
Register Write to Reg: 0x08 Val: 0xFFFFFFFF
In clock cycle: 328714
Register Write to Reg: 0x09 Val: 0x00000001
In clock cycle: 329727
Register Write to Reg: 0x01 Val: 0x00000005
In clock cycle: 329728
Register Write to Reg: 0x02 Val: 0x00000005
In clock cycle: 329730
Register Write to Reg: 0x03 Val: 0xFFFFFFFF
In clock cycle: 329731
Register Write to Reg: 0x04 Val: 0x00000003
In clock cycle: 329732
Register Write to Reg: 0x05 Val: 0x00000009
In clock cycle: 329734
Register Write to Reg: 0x06 Val: 0x00000001
In clock cycle: 329735
Register Write to Reg: 0x07 Val: 0x0000002A
In clock cycle: 329737
Register Write to Reg: 0x08 Val: 0xFFFFFFFF
In clock cycle: 329738
Register Write to Reg: 0x09 Val: 0x00000001
In clock cycle: 330751
Register Write to Reg: 0x01 Val: 0x00000005
In clock cycle: 330752
Register Write to Reg: 0x02 Val: 0x00000005
In clock cycle: 330754
Register Write to Reg: 0x03 Val: 0xFFFFFFFF
In clock cycle: 330755
Register Write to Reg: 0x04 Val: 0x00000003
In clock cycle: 330756
Register Write to Reg: 0x05 Val: 0x00000009
In clock cycle: 330758
Register Write to Reg: 0x06 Val: 0x00000001
In clock cycle: 330759
Register Write to Reg: 0x07 Val: 0x0000002A
In clock cycle: 330761
Register Write to Reg: 0x08 Val: 0xFFFFFFFF
In clock cycle: 330762
Register Write to Reg: 0x09 Val: 0x00000001
In clock cycle: 331775
Register Write to Reg: 0x01 Val: 0x00000005
In clock cycle: 331776
Register Write to Reg: 0x02 Val: 0x00000005
In clock cycle: 331778
Register Write to Reg: 0x03 Val: 0xFFFFFFFF
In clock cycle: 331779
Register Write to Reg: 0x04 Val: 0x00000003
In clock cycle: 331780
Register Write to Reg: 0x05 Val: 0x00000009
In clock cycle: 331782
Register Write to Reg: 0x06 Val: 0x00000001
In clock cycle: 331783
Register Write to Reg: 0x07 Val: 0x0000002A
In clock cycle: 331785
Register Write to Reg: 0x08 Val: 0xFFFFFFFF
In clock cycle: 331786
Register Write to Reg: 0x09 Val: 0x00000001
In clock cycle: 332799
Register Write to Reg: 0x01 Val: 0x00000005
In clock cycle: 332800
Register Write to Reg: 0x02 Val: 0x00000005
In clock cycle: 332802
Register Write to Reg: 0x03 Val: 0xFFFFFFFF
In clock cycle: 332803
Register Write to Reg: 0x04 Val: 0x00000003
In clock cycle: 332804
Register Write to Reg: 0x05 Val: 0x00000009
In clock cycle: 332806
Register Write to Reg: 0x06 Val: 0x00000001
In clock cycle: 332807
Register Write to Reg: 0x07 Val: 0x0000002A
In clock cycle: 332809
Register Write to Reg: 0x08 Val: 0xFFFFFFFF
In clock cycle: 332810
Register Write to Reg: 0x09 Val: 0x00000001
In clock cycle: 333823
Register Write to Reg: 0x01 Val: 0x00000005
In clock cycle: 333824
Register Write to Reg: 0x02 Val: 0x00000005
In clock cycle: 333826
Register Write to Reg: 0x03 Val: 0xFFFFFFFF
In clock cycle: 333827
Register Write to Reg: 0x04 Val: 0x00000003
In clock cycle: 333828
Register Write to Reg: 0x05 Val: 0x00000009
In clock cycle: 333830
Register Write to Reg: 0x06 Val: 0x00000001
In clock cycle: 333831
Register Write to Reg: 0x07 Val: 0x0000002A
In clock cycle: 333833
Register Write to Reg: 0x08 Val: 0xFFFFFFFF
In clock cycle: 333834
Register Write to Reg: 0x09 Val: 0x00000001
In clock cycle: 334847
Register Write to Reg: 0x01 Val: 0x00000005
In clock cycle: 334848
Register Write to Reg: 0x02 Val: 0x00000005
In clock cycle: 334850
Register Write to Reg: 0x03 Val: 0xFFFFFFFF
In clock cycle: 334851
Register Write to Reg: 0x04 Val: 0x00000003
In clock cycle: 334852
Register Write to Reg: 0x05 Val: 0x00000009
In clock cycle: 334854
Register Write to Reg: 0x06 Val: 0x00000001
In clock cycle: 334855
Register Write to Reg: 0x07 Val: 0x0000002A
In clock cycle: 334857
Register Write to Reg: 0x08 Val: 0xFFFFFFFF
In clock cycle: 334858
Register Write to Reg: 0x09 Val: 0x00000001
In clock cycle: 335871
Register Write to Reg: 0x01 Val: 0x00000005
In clock cycle: 335872
Register Write to Reg: 0x02 Val: 0x00000005
In clock cycle: 335874
Register Write to Reg: 0x03 Val: 0xFFFFFFFF
In clock cycle: 335875
Register Write to Reg: 0x04 Val: 0x00000003
In clock cycle: 335876
Register Write to Reg: 0x05 Val: 0x00000009
In clock cycle: 335878
Register Write to Reg: 0x06 Val: 0x00000001
In clock cycle: 335879
Register Write to Reg: 0x07 Val: 0x0000002A
In clock cycle: 335881
Register Write to Reg: 0x08 Val: 0xFFFFFFFF
In clock cycle: 335882
Register Write to Reg: 0x09 Val: 0x00000001
In clock cycle: 336895
Register Write to Reg: 0x01 Val: 0x00000005
In clock cycle: 336896
Register Write to Reg: 0x02 Val: 0x00000005
In clock cycle: 336898
Register Write to Reg: 0x03 Val: 0xFFFFFFFF
In clock cycle: 336899
Register Write to Reg: 0x04 Val: 0x00000003
In clock cycle: 336900
Register Write to Reg: 0x05 Val: 0x00000009
In clock cycle: 336902
Register Write to Reg: 0x06 Val: 0x00000001
In clock cycle: 336903
Register Write to Reg: 0x07 Val: 0x0000002A
In clock cycle: 336905
Register Write to Reg: 0x08 Val: 0xFFFFFFFF
In clock cycle: 336906
Register Write to Reg: 0x09 Val: 0x00000001
In clock cycle: 337919
Register Write to Reg: 0x01 Val: 0x00000005
In clock cycle: 337920
Register Write to Reg: 0x02 Val: 0x00000005
In clock cycle: 337922
Register Write to Reg: 0x03 Val: 0xFFFFFFFF
In clock cycle: 337923
Register Write to Reg: 0x04 Val: 0x00000003
In clock cycle: 337924
Register Write to Reg: 0x05 Val: 0x00000009
In clock cycle: 337926
Register Write to Reg: 0x06 Val: 0x00000001
In clock cycle: 337927
Register Write to Reg: 0x07 Val: 0x0000002A
In clock cycle: 337929
Register Write to Reg: 0x08 Val: 0xFFFFFFFF
In clock cycle: 337930
Register Write to Reg: 0x09 Val: 0x00000001
In clock cycle: 338943
Register Write to Reg: 0x01 Val: 0x00000005
In clock cycle: 338944
Register Write to Reg: 0x02 Val: 0x00000005
In clock cycle: 338946
Register Write to Reg: 0x03 Val: 0xFFFFFFFF
In clock cycle: 338947
Register Write to Reg: 0x04 Val: 0x00000003
In clock cycle: 338948
Register Write to Reg: 0x05 Val: 0x00000009
In clock cycle: 338950
Register Write to Reg: 0x06 Val: 0x00000001
In clock cycle: 338951
Register Write to Reg: 0x07 Val: 0x0000002A
In clock cycle: 338953
Register Write to Reg: 0x08 Val: 0xFFFFFFFF
In clock cycle: 338954
Register Write to Reg: 0x09 Val: 0x00000001
In clock cycle: 339967
Register Write to Reg: 0x01 Val: 0x00000005
In clock cycle: 339968
Register Write to Reg: 0x02 Val: 0x00000005
In clock cycle: 339970
Register Write to Reg: 0x03 Val: 0xFFFFFFFF
In clock cycle: 339971
Register Write to Reg: 0x04 Val: 0x00000003
In clock cycle: 339972
Register Write to Reg: 0x05 Val: 0x00000009
In clock cycle: 339974
Register Write to Reg: 0x06 Val: 0x00000001
In clock cycle: 339975
Register Write to Reg: 0x07 Val: 0x0000002A
In clock cycle: 339977
Register Write to Reg: 0x08 Val: 0xFFFFFFFF
In clock cycle: 339978
Register Write to Reg: 0x09 Val: 0x00000001
In clock cycle: 340991
Register Write to Reg: 0x01 Val: 0x00000005
In clock cycle: 340992
Register Write to Reg: 0x02 Val: 0x00000005
In clock cycle: 340994
Register Write to Reg: 0x03 Val: 0xFFFFFFFF
In clock cycle: 340995
Register Write to Reg: 0x04 Val: 0x00000003
In clock cycle: 340996
Register Write to Reg: 0x05 Val: 0x00000009
In clock cycle: 340998
Register Write to Reg: 0x06 Val: 0x00000001
In clock cycle: 340999
Register Write to Reg: 0x07 Val: 0x0000002A
In clock cycle: 341001
Register Write to Reg: 0x08 Val: 0xFFFFFFFF
In clock cycle: 341002
Register Write to Reg: 0x09 Val: 0x00000001
In clock cycle: 342015
Register Write to Reg: 0x01 Val: 0x00000005
In clock cycle: 342016
Register Write to Reg: 0x02 Val: 0x00000005
In clock cycle: 342018
Register Write to Reg: 0x03 Val: 0xFFFFFFFF
In clock cycle: 342019
Register Write to Reg: 0x04 Val: 0x00000003
In clock cycle: 342020
Register Write to Reg: 0x05 Val: 0x00000009
In clock cycle: 342022
Register Write to Reg: 0x06 Val: 0x00000001
In clock cycle: 342023
Register Write to Reg: 0x07 Val: 0x0000002A
In clock cycle: 342025
Register Write to Reg: 0x08 Val: 0xFFFFFFFF
In clock cycle: 342026
Register Write to Reg: 0x09 Val: 0x00000001
In clock cycle: 343039
Register Write to Reg: 0x01 Val: 0x00000005
In clock cycle: 343040
Register Write to Reg: 0x02 Val: 0x00000005
In clock cycle: 343042
Register Write to Reg: 0x03 Val: 0xFFFFFFFF
In clock cycle: 343043
Register Write to Reg: 0x04 Val: 0x00000003
In clock cycle: 343044
Register Write to Reg: 0x05 Val: 0x00000009
In clock cycle: 343046
Register Write to Reg: 0x06 Val: 0x00000001
In clock cycle: 343047
Register Write to Reg: 0x07 Val: 0x0000002A
In clock cycle: 343049
Register Write to Reg: 0x08 Val: 0xFFFFFFFF
In clock cycle: 343050
Register Write to Reg: 0x09 Val: 0x00000001
In clock cycle: 344063
Register Write to Reg: 0x01 Val: 0x00000005
In clock cycle: 344064
Register Write to Reg: 0x02 Val: 0x00000005
In clock cycle: 344066
Register Write to Reg: 0x03 Val: 0xFFFFFFFF
In clock cycle: 344067
Register Write to Reg: 0x04 Val: 0x00000003
In clock cycle: 344068
Register Write to Reg: 0x05 Val: 0x00000009
In clock cycle: 344070
Register Write to Reg: 0x06 Val: 0x00000001
In clock cycle: 344071
Register Write to Reg: 0x07 Val: 0x0000002A
In clock cycle: 344073
Register Write to Reg: 0x08 Val: 0xFFFFFFFF
In clock cycle: 344074
Register Write to Reg: 0x09 Val: 0x00000001
In clock cycle: 345087
Register Write to Reg: 0x01 Val: 0x00000005
In clock cycle: 345088
Register Write to Reg: 0x02 Val: 0x00000005
In clock cycle: 345090
Register Write to Reg: 0x03 Val: 0xFFFFFFFF
In clock cycle: 345091
Register Write to Reg: 0x04 Val: 0x00000003
In clock cycle: 345092
Register Write to Reg: 0x05 Val: 0x00000009
In clock cycle: 345094
Register Write to Reg: 0x06 Val: 0x00000001
In clock cycle: 345095
Register Write to Reg: 0x07 Val: 0x0000002A
In clock cycle: 345097
Register Write to Reg: 0x08 Val: 0xFFFFFFFF
In clock cycle: 345098
Register Write to Reg: 0x09 Val: 0x00000001
In clock cycle: 346111
Register Write to Reg: 0x01 Val: 0x00000005
In clock cycle: 346112
Register Write to Reg: 0x02 Val: 0x00000005
In clock cycle: 346114
Register Write to Reg: 0x03 Val: 0xFFFFFFFF
In clock cycle: 346115
Register Write to Reg: 0x04 Val: 0x00000003
In clock cycle: 346116
Register Write to Reg: 0x05 Val: 0x00000009
In clock cycle: 346118
Register Write to Reg: 0x06 Val: 0x00000001
In clock cycle: 346119
Register Write to Reg: 0x07 Val: 0x0000002A
In clock cycle: 346121
Register Write to Reg: 0x08 Val: 0xFFFFFFFF
In clock cycle: 346122
Register Write to Reg: 0x09 Val: 0x00000001
In clock cycle: 347135
Register Write to Reg: 0x01 Val: 0x00000005
In clock cycle: 347136
Register Write to Reg: 0x02 Val: 0x00000005
In clock cycle: 347138
Register Write to Reg: 0x03 Val: 0xFFFFFFFF
In clock cycle: 347139
Register Write to Reg: 0x04 Val: 0x00000003
In clock cycle: 347140
Register Write to Reg: 0x05 Val: 0x00000009
In clock cycle: 347142
Register Write to Reg: 0x06 Val: 0x00000001
In clock cycle: 347143
Register Write to Reg: 0x07 Val: 0x0000002A
In clock cycle: 347145
Register Write to Reg: 0x08 Val: 0xFFFFFFFF
In clock cycle: 347146
Register Write to Reg: 0x09 Val: 0x00000001
In clock cycle: 348159
Register Write to Reg: 0x01 Val: 0x00000005
In clock cycle: 348160
Register Write to Reg: 0x02 Val: 0x00000005
In clock cycle: 348162
Register Write to Reg: 0x03 Val: 0xFFFFFFFF
In clock cycle: 348163
Register Write to Reg: 0x04 Val: 0x00000003
In clock cycle: 348164
Register Write to Reg: 0x05 Val: 0x00000009
In clock cycle: 348166
Register Write to Reg: 0x06 Val: 0x00000001
In clock cycle: 348167
Register Write to Reg: 0x07 Val: 0x0000002A
In clock cycle: 348169
Register Write to Reg: 0x08 Val: 0xFFFFFFFF
In clock cycle: 348170
Register Write to Reg: 0x09 Val: 0x00000001
In clock cycle: 349183
Register Write to Reg: 0x01 Val: 0x00000005
In clock cycle: 349184
Register Write to Reg: 0x02 Val: 0x00000005
In clock cycle: 349186
Register Write to Reg: 0x03 Val: 0xFFFFFFFF
In clock cycle: 349187
Register Write to Reg: 0x04 Val: 0x00000003
In clock cycle: 349188
Register Write to Reg: 0x05 Val: 0x00000009
In clock cycle: 349190
Register Write to Reg: 0x06 Val: 0x00000001
In clock cycle: 349191
Register Write to Reg: 0x07 Val: 0x0000002A
In clock cycle: 349193
Register Write to Reg: 0x08 Val: 0xFFFFFFFF
In clock cycle: 349194
Register Write to Reg: 0x09 Val: 0x00000001
In clock cycle: 350207
Register Write to Reg: 0x01 Val: 0x00000005
In clock cycle: 350208
Register Write to Reg: 0x02 Val: 0x00000005
In clock cycle: 350210
Register Write to Reg: 0x03 Val: 0xFFFFFFFF
In clock cycle: 350211
Register Write to Reg: 0x04 Val: 0x00000003
In clock cycle: 350212
Register Write to Reg: 0x05 Val: 0x00000009
In clock cycle: 350214
Register Write to Reg: 0x06 Val: 0x00000001
In clock cycle: 350215
Register Write to Reg: 0x07 Val: 0x0000002A
In clock cycle: 350217
Register Write to Reg: 0x08 Val: 0xFFFFFFFF
In clock cycle: 350218
Register Write to Reg: 0x09 Val: 0x00000001
In clock cycle: 351231
Register Write to Reg: 0x01 Val: 0x00000005
In clock cycle: 351232
Register Write to Reg: 0x02 Val: 0x00000005
In clock cycle: 351234
Register Write to Reg: 0x03 Val: 0xFFFFFFFF
In clock cycle: 351235
Register Write to Reg: 0x04 Val: 0x00000003
In clock cycle: 351236
Register Write to Reg: 0x05 Val: 0x00000009
In clock cycle: 351238
Register Write to Reg: 0x06 Val: 0x00000001
In clock cycle: 351239
Register Write to Reg: 0x07 Val: 0x0000002A
In clock cycle: 351241
Register Write to Reg: 0x08 Val: 0xFFFFFFFF
In clock cycle: 351242
Register Write to Reg: 0x09 Val: 0x00000001
In clock cycle: 352255
Register Write to Reg: 0x01 Val: 0x00000005
In clock cycle: 352256
Register Write to Reg: 0x02 Val: 0x00000005
In clock cycle: 352258
Register Write to Reg: 0x03 Val: 0xFFFFFFFF
In clock cycle: 352259
Register Write to Reg: 0x04 Val: 0x00000003
In clock cycle: 352260
Register Write to Reg: 0x05 Val: 0x00000009
In clock cycle: 352262
Register Write to Reg: 0x06 Val: 0x00000001
In clock cycle: 352263
Register Write to Reg: 0x07 Val: 0x0000002A
In clock cycle: 352265
Register Write to Reg: 0x08 Val: 0xFFFFFFFF
In clock cycle: 352266
Register Write to Reg: 0x09 Val: 0x00000001
In clock cycle: 353279
Register Write to Reg: 0x01 Val: 0x00000005
In clock cycle: 353280
Register Write to Reg: 0x02 Val: 0x00000005
In clock cycle: 353282
Register Write to Reg: 0x03 Val: 0xFFFFFFFF
In clock cycle: 353283
Register Write to Reg: 0x04 Val: 0x00000003
In clock cycle: 353284
Register Write to Reg: 0x05 Val: 0x00000009
In clock cycle: 353286
Register Write to Reg: 0x06 Val: 0x00000001
In clock cycle: 353287
Register Write to Reg: 0x07 Val: 0x0000002A
In clock cycle: 353289
Register Write to Reg: 0x08 Val: 0xFFFFFFFF
In clock cycle: 353290
Register Write to Reg: 0x09 Val: 0x00000001
In clock cycle: 354303
Register Write to Reg: 0x01 Val: 0x00000005
In clock cycle: 354304
Register Write to Reg: 0x02 Val: 0x00000005
In clock cycle: 354306
Register Write to Reg: 0x03 Val: 0xFFFFFFFF
In clock cycle: 354307
Register Write to Reg: 0x04 Val: 0x00000003
In clock cycle: 354308
Register Write to Reg: 0x05 Val: 0x00000009
In clock cycle: 354310
Register Write to Reg: 0x06 Val: 0x00000001
In clock cycle: 354311
Register Write to Reg: 0x07 Val: 0x0000002A
In clock cycle: 354313
Register Write to Reg: 0x08 Val: 0xFFFFFFFF
In clock cycle: 354314
Register Write to Reg: 0x09 Val: 0x00000001
In clock cycle: 355327
Register Write to Reg: 0x01 Val: 0x00000005
In clock cycle: 355328
Register Write to Reg: 0x02 Val: 0x00000005
In clock cycle: 355330
Register Write to Reg: 0x03 Val: 0xFFFFFFFF
In clock cycle: 355331
Register Write to Reg: 0x04 Val: 0x00000003
In clock cycle: 355332
Register Write to Reg: 0x05 Val: 0x00000009
In clock cycle: 355334
Register Write to Reg: 0x06 Val: 0x00000001
In clock cycle: 355335
Register Write to Reg: 0x07 Val: 0x0000002A
In clock cycle: 355337
Register Write to Reg: 0x08 Val: 0xFFFFFFFF
In clock cycle: 355338
Register Write to Reg: 0x09 Val: 0x00000001
In clock cycle: 356351
Register Write to Reg: 0x01 Val: 0x00000005
In clock cycle: 356352
Register Write to Reg: 0x02 Val: 0x00000005
In clock cycle: 356354
Register Write to Reg: 0x03 Val: 0xFFFFFFFF
In clock cycle: 356355
Register Write to Reg: 0x04 Val: 0x00000003
In clock cycle: 356356
Register Write to Reg: 0x05 Val: 0x00000009
In clock cycle: 356358
Register Write to Reg: 0x06 Val: 0x00000001
In clock cycle: 356359
Register Write to Reg: 0x07 Val: 0x0000002A
In clock cycle: 356361
Register Write to Reg: 0x08 Val: 0xFFFFFFFF
In clock cycle: 356362
Register Write to Reg: 0x09 Val: 0x00000001
In clock cycle: 357375
Register Write to Reg: 0x01 Val: 0x00000005
In clock cycle: 357376
Register Write to Reg: 0x02 Val: 0x00000005
In clock cycle: 357378
Register Write to Reg: 0x03 Val: 0xFFFFFFFF
In clock cycle: 357379
Register Write to Reg: 0x04 Val: 0x00000003
In clock cycle: 357380
Register Write to Reg: 0x05 Val: 0x00000009
In clock cycle: 357382
Register Write to Reg: 0x06 Val: 0x00000001
In clock cycle: 357383
Register Write to Reg: 0x07 Val: 0x0000002A
In clock cycle: 357385
Register Write to Reg: 0x08 Val: 0xFFFFFFFF
In clock cycle: 357386
Register Write to Reg: 0x09 Val: 0x00000001
In clock cycle: 358399
Register Write to Reg: 0x01 Val: 0x00000005
In clock cycle: 358400
Register Write to Reg: 0x02 Val: 0x00000005
In clock cycle: 358402
Register Write to Reg: 0x03 Val: 0xFFFFFFFF
In clock cycle: 358403
Register Write to Reg: 0x04 Val: 0x00000003
In clock cycle: 358404
Register Write to Reg: 0x05 Val: 0x00000009
In clock cycle: 358406
Register Write to Reg: 0x06 Val: 0x00000001
In clock cycle: 358407
Register Write to Reg: 0x07 Val: 0x0000002A
In clock cycle: 358409
Register Write to Reg: 0x08 Val: 0xFFFFFFFF
In clock cycle: 358410
Register Write to Reg: 0x09 Val: 0x00000001
In clock cycle: 359423
Register Write to Reg: 0x01 Val: 0x00000005
In clock cycle: 359424
Register Write to Reg: 0x02 Val: 0x00000005
In clock cycle: 359426
Register Write to Reg: 0x03 Val: 0xFFFFFFFF
In clock cycle: 359427
Register Write to Reg: 0x04 Val: 0x00000003
In clock cycle: 359428
Register Write to Reg: 0x05 Val: 0x00000009
In clock cycle: 359430
Register Write to Reg: 0x06 Val: 0x00000001
In clock cycle: 359431
Register Write to Reg: 0x07 Val: 0x0000002A
In clock cycle: 359433
Register Write to Reg: 0x08 Val: 0xFFFFFFFF
In clock cycle: 359434
Register Write to Reg: 0x09 Val: 0x00000001
In clock cycle: 360447
Register Write to Reg: 0x01 Val: 0x00000005
In clock cycle: 360448
Register Write to Reg: 0x02 Val: 0x00000005
In clock cycle: 360450
Register Write to Reg: 0x03 Val: 0xFFFFFFFF
In clock cycle: 360451
Register Write to Reg: 0x04 Val: 0x00000003
In clock cycle: 360452
Register Write to Reg: 0x05 Val: 0x00000009
In clock cycle: 360454
Register Write to Reg: 0x06 Val: 0x00000001
In clock cycle: 360455
Register Write to Reg: 0x07 Val: 0x0000002A
In clock cycle: 360457
Register Write to Reg: 0x08 Val: 0xFFFFFFFF
In clock cycle: 360458
Register Write to Reg: 0x09 Val: 0x00000001
In clock cycle: 361471
Register Write to Reg: 0x01 Val: 0x00000005
In clock cycle: 361472
Register Write to Reg: 0x02 Val: 0x00000005
In clock cycle: 361474
Register Write to Reg: 0x03 Val: 0xFFFFFFFF
In clock cycle: 361475
Register Write to Reg: 0x04 Val: 0x00000003
In clock cycle: 361476
Register Write to Reg: 0x05 Val: 0x00000009
In clock cycle: 361478
Register Write to Reg: 0x06 Val: 0x00000001
In clock cycle: 361479
Register Write to Reg: 0x07 Val: 0x0000002A
In clock cycle: 361481
Register Write to Reg: 0x08 Val: 0xFFFFFFFF
In clock cycle: 361482
Register Write to Reg: 0x09 Val: 0x00000001
In clock cycle: 362495
Register Write to Reg: 0x01 Val: 0x00000005
In clock cycle: 362496
Register Write to Reg: 0x02 Val: 0x00000005
In clock cycle: 362498
Register Write to Reg: 0x03 Val: 0xFFFFFFFF
In clock cycle: 362499
Register Write to Reg: 0x04 Val: 0x00000003
In clock cycle: 362500
Register Write to Reg: 0x05 Val: 0x00000009
In clock cycle: 362502
Register Write to Reg: 0x06 Val: 0x00000001
In clock cycle: 362503
Register Write to Reg: 0x07 Val: 0x0000002A
In clock cycle: 362505
Register Write to Reg: 0x08 Val: 0xFFFFFFFF
In clock cycle: 362506
Register Write to Reg: 0x09 Val: 0x00000001
In clock cycle: 363519
Register Write to Reg: 0x01 Val: 0x00000005
In clock cycle: 363520
Register Write to Reg: 0x02 Val: 0x00000005
In clock cycle: 363522
Register Write to Reg: 0x03 Val: 0xFFFFFFFF
In clock cycle: 363523
Register Write to Reg: 0x04 Val: 0x00000003
In clock cycle: 363524
Register Write to Reg: 0x05 Val: 0x00000009
In clock cycle: 363526
Register Write to Reg: 0x06 Val: 0x00000001
In clock cycle: 363527
Register Write to Reg: 0x07 Val: 0x0000002A
In clock cycle: 363529
Register Write to Reg: 0x08 Val: 0xFFFFFFFF
In clock cycle: 363530
Register Write to Reg: 0x09 Val: 0x00000001
In clock cycle: 364543
Register Write to Reg: 0x01 Val: 0x00000005
In clock cycle: 364544
Register Write to Reg: 0x02 Val: 0x00000005
In clock cycle: 364546
Register Write to Reg: 0x03 Val: 0xFFFFFFFF
In clock cycle: 364547
Register Write to Reg: 0x04 Val: 0x00000003
In clock cycle: 364548
Register Write to Reg: 0x05 Val: 0x00000009
In clock cycle: 364550
Register Write to Reg: 0x06 Val: 0x00000001
In clock cycle: 364551
Register Write to Reg: 0x07 Val: 0x0000002A
In clock cycle: 364553
Register Write to Reg: 0x08 Val: 0xFFFFFFFF
In clock cycle: 364554
Register Write to Reg: 0x09 Val: 0x00000001
In clock cycle: 365567
Register Write to Reg: 0x01 Val: 0x00000005
In clock cycle: 365568
Register Write to Reg: 0x02 Val: 0x00000005
In clock cycle: 365570
Register Write to Reg: 0x03 Val: 0xFFFFFFFF
In clock cycle: 365571
Register Write to Reg: 0x04 Val: 0x00000003
In clock cycle: 365572
Register Write to Reg: 0x05 Val: 0x00000009
In clock cycle: 365574
Register Write to Reg: 0x06 Val: 0x00000001
In clock cycle: 365575
Register Write to Reg: 0x07 Val: 0x0000002A
In clock cycle: 365577
Register Write to Reg: 0x08 Val: 0xFFFFFFFF
In clock cycle: 365578
Register Write to Reg: 0x09 Val: 0x00000001
In clock cycle: 366591
Register Write to Reg: 0x01 Val: 0x00000005
In clock cycle: 366592
Register Write to Reg: 0x02 Val: 0x00000005
In clock cycle: 366594
Register Write to Reg: 0x03 Val: 0xFFFFFFFF
In clock cycle: 366595
Register Write to Reg: 0x04 Val: 0x00000003
In clock cycle: 366596
Register Write to Reg: 0x05 Val: 0x00000009
In clock cycle: 366598
Register Write to Reg: 0x06 Val: 0x00000001
In clock cycle: 366599
Register Write to Reg: 0x07 Val: 0x0000002A
In clock cycle: 366601
Register Write to Reg: 0x08 Val: 0xFFFFFFFF
In clock cycle: 366602
Register Write to Reg: 0x09 Val: 0x00000001
In clock cycle: 367615
Register Write to Reg: 0x01 Val: 0x00000005
In clock cycle: 367616
Register Write to Reg: 0x02 Val: 0x00000005
In clock cycle: 367618
Register Write to Reg: 0x03 Val: 0xFFFFFFFF
In clock cycle: 367619
Register Write to Reg: 0x04 Val: 0x00000003
In clock cycle: 367620
Register Write to Reg: 0x05 Val: 0x00000009
In clock cycle: 367622
Register Write to Reg: 0x06 Val: 0x00000001
In clock cycle: 367623
Register Write to Reg: 0x07 Val: 0x0000002A
In clock cycle: 367625
Register Write to Reg: 0x08 Val: 0xFFFFFFFF
In clock cycle: 367626
Register Write to Reg: 0x09 Val: 0x00000001
In clock cycle: 368639
Register Write to Reg: 0x01 Val: 0x00000005
In clock cycle: 368640
Register Write to Reg: 0x02 Val: 0x00000005
In clock cycle: 368642
Register Write to Reg: 0x03 Val: 0xFFFFFFFF
In clock cycle: 368643
Register Write to Reg: 0x04 Val: 0x00000003
In clock cycle: 368644
Register Write to Reg: 0x05 Val: 0x00000009
In clock cycle: 368646
Register Write to Reg: 0x06 Val: 0x00000001
In clock cycle: 368647
Register Write to Reg: 0x07 Val: 0x0000002A
In clock cycle: 368649
Register Write to Reg: 0x08 Val: 0xFFFFFFFF
In clock cycle: 368650
Register Write to Reg: 0x09 Val: 0x00000001
In clock cycle: 369663
Register Write to Reg: 0x01 Val: 0x00000005
In clock cycle: 369664
Register Write to Reg: 0x02 Val: 0x00000005
In clock cycle: 369666
Register Write to Reg: 0x03 Val: 0xFFFFFFFF
In clock cycle: 369667
Register Write to Reg: 0x04 Val: 0x00000003
In clock cycle: 369668
Register Write to Reg: 0x05 Val: 0x00000009
In clock cycle: 369670
Register Write to Reg: 0x06 Val: 0x00000001
In clock cycle: 369671
Register Write to Reg: 0x07 Val: 0x0000002A
In clock cycle: 369673
Register Write to Reg: 0x08 Val: 0xFFFFFFFF
In clock cycle: 369674
Register Write to Reg: 0x09 Val: 0x00000001
In clock cycle: 370687
Register Write to Reg: 0x01 Val: 0x00000005
In clock cycle: 370688
Register Write to Reg: 0x02 Val: 0x00000005
In clock cycle: 370690
Register Write to Reg: 0x03 Val: 0xFFFFFFFF
In clock cycle: 370691
Register Write to Reg: 0x04 Val: 0x00000003
In clock cycle: 370692
Register Write to Reg: 0x05 Val: 0x00000009
In clock cycle: 370694
Register Write to Reg: 0x06 Val: 0x00000001
In clock cycle: 370695
Register Write to Reg: 0x07 Val: 0x0000002A
In clock cycle: 370697
Register Write to Reg: 0x08 Val: 0xFFFFFFFF
In clock cycle: 370698
Register Write to Reg: 0x09 Val: 0x00000001
In clock cycle: 371711
Register Write to Reg: 0x01 Val: 0x00000005
In clock cycle: 371712
Register Write to Reg: 0x02 Val: 0x00000005
In clock cycle: 371714
Register Write to Reg: 0x03 Val: 0xFFFFFFFF
In clock cycle: 371715
Register Write to Reg: 0x04 Val: 0x00000003
In clock cycle: 371716
Register Write to Reg: 0x05 Val: 0x00000009
In clock cycle: 371718
Register Write to Reg: 0x06 Val: 0x00000001
In clock cycle: 371719
Register Write to Reg: 0x07 Val: 0x0000002A
In clock cycle: 371721
Register Write to Reg: 0x08 Val: 0xFFFFFFFF
In clock cycle: 371722
Register Write to Reg: 0x09 Val: 0x00000001
In clock cycle: 372735
Register Write to Reg: 0x01 Val: 0x00000005
In clock cycle: 372736
Register Write to Reg: 0x02 Val: 0x00000005
In clock cycle: 372738
Register Write to Reg: 0x03 Val: 0xFFFFFFFF
In clock cycle: 372739
Register Write to Reg: 0x04 Val: 0x00000003
In clock cycle: 372740
Register Write to Reg: 0x05 Val: 0x00000009
In clock cycle: 372742
Register Write to Reg: 0x06 Val: 0x00000001
In clock cycle: 372743
Register Write to Reg: 0x07 Val: 0x0000002A
In clock cycle: 372745
Register Write to Reg: 0x08 Val: 0xFFFFFFFF
In clock cycle: 372746
Register Write to Reg: 0x09 Val: 0x00000001
In clock cycle: 373759
Register Write to Reg: 0x01 Val: 0x00000005
In clock cycle: 373760
Register Write to Reg: 0x02 Val: 0x00000005
In clock cycle: 373762
Register Write to Reg: 0x03 Val: 0xFFFFFFFF
In clock cycle: 373763
Register Write to Reg: 0x04 Val: 0x00000003
In clock cycle: 373764
Register Write to Reg: 0x05 Val: 0x00000009
In clock cycle: 373766
Register Write to Reg: 0x06 Val: 0x00000001
In clock cycle: 373767
Register Write to Reg: 0x07 Val: 0x0000002A
In clock cycle: 373769
Register Write to Reg: 0x08 Val: 0xFFFFFFFF
In clock cycle: 373770
Register Write to Reg: 0x09 Val: 0x00000001
In clock cycle: 374783
Register Write to Reg: 0x01 Val: 0x00000005
In clock cycle: 374784
Register Write to Reg: 0x02 Val: 0x00000005
In clock cycle: 374786
Register Write to Reg: 0x03 Val: 0xFFFFFFFF
In clock cycle: 374787
Register Write to Reg: 0x04 Val: 0x00000003
In clock cycle: 374788
Register Write to Reg: 0x05 Val: 0x00000009
In clock cycle: 374790
Register Write to Reg: 0x06 Val: 0x00000001
In clock cycle: 374791
Register Write to Reg: 0x07 Val: 0x0000002A
In clock cycle: 374793
Register Write to Reg: 0x08 Val: 0xFFFFFFFF
In clock cycle: 374794
Register Write to Reg: 0x09 Val: 0x00000001
In clock cycle: 375807
Register Write to Reg: 0x01 Val: 0x00000005
In clock cycle: 375808
Register Write to Reg: 0x02 Val: 0x00000005
In clock cycle: 375810
Register Write to Reg: 0x03 Val: 0xFFFFFFFF
In clock cycle: 375811
Register Write to Reg: 0x04 Val: 0x00000003
In clock cycle: 375812
Register Write to Reg: 0x05 Val: 0x00000009
In clock cycle: 375814
Register Write to Reg: 0x06 Val: 0x00000001
In clock cycle: 375815
Register Write to Reg: 0x07 Val: 0x0000002A
In clock cycle: 375817
Register Write to Reg: 0x08 Val: 0xFFFFFFFF
In clock cycle: 375818
Register Write to Reg: 0x09 Val: 0x00000001
In clock cycle: 376831
Register Write to Reg: 0x01 Val: 0x00000005
In clock cycle: 376832
Register Write to Reg: 0x02 Val: 0x00000005
In clock cycle: 376834
Register Write to Reg: 0x03 Val: 0xFFFFFFFF
In clock cycle: 376835
Register Write to Reg: 0x04 Val: 0x00000003
In clock cycle: 376836
Register Write to Reg: 0x05 Val: 0x00000009
In clock cycle: 376838
Register Write to Reg: 0x06 Val: 0x00000001
In clock cycle: 376839
Register Write to Reg: 0x07 Val: 0x0000002A
In clock cycle: 376841
Register Write to Reg: 0x08 Val: 0xFFFFFFFF
In clock cycle: 376842
Register Write to Reg: 0x09 Val: 0x00000001
In clock cycle: 377855
Register Write to Reg: 0x01 Val: 0x00000005
In clock cycle: 377856
Register Write to Reg: 0x02 Val: 0x00000005
In clock cycle: 377858
Register Write to Reg: 0x03 Val: 0xFFFFFFFF
In clock cycle: 377859
Register Write to Reg: 0x04 Val: 0x00000003
In clock cycle: 377860
Register Write to Reg: 0x05 Val: 0x00000009
In clock cycle: 377862
Register Write to Reg: 0x06 Val: 0x00000001
In clock cycle: 377863
Register Write to Reg: 0x07 Val: 0x0000002A
In clock cycle: 377865
Register Write to Reg: 0x08 Val: 0xFFFFFFFF
In clock cycle: 377866
Register Write to Reg: 0x09 Val: 0x00000001
In clock cycle: 378879
Register Write to Reg: 0x01 Val: 0x00000005
In clock cycle: 378880
Register Write to Reg: 0x02 Val: 0x00000005
In clock cycle: 378882
Register Write to Reg: 0x03 Val: 0xFFFFFFFF
In clock cycle: 378883
Register Write to Reg: 0x04 Val: 0x00000003
In clock cycle: 378884
Register Write to Reg: 0x05 Val: 0x00000009
In clock cycle: 378886
Register Write to Reg: 0x06 Val: 0x00000001
In clock cycle: 378887
Register Write to Reg: 0x07 Val: 0x0000002A
In clock cycle: 378889
Register Write to Reg: 0x08 Val: 0xFFFFFFFF
In clock cycle: 378890
Register Write to Reg: 0x09 Val: 0x00000001
In clock cycle: 379903
Register Write to Reg: 0x01 Val: 0x00000005
In clock cycle: 379904
Register Write to Reg: 0x02 Val: 0x00000005
In clock cycle: 379906
Register Write to Reg: 0x03 Val: 0xFFFFFFFF
In clock cycle: 379907
Register Write to Reg: 0x04 Val: 0x00000003
In clock cycle: 379908
Register Write to Reg: 0x05 Val: 0x00000009
In clock cycle: 379910
Register Write to Reg: 0x06 Val: 0x00000001
In clock cycle: 379911
Register Write to Reg: 0x07 Val: 0x0000002A
In clock cycle: 379913
Register Write to Reg: 0x08 Val: 0xFFFFFFFF
In clock cycle: 379914
Register Write to Reg: 0x09 Val: 0x00000001
In clock cycle: 380927
Register Write to Reg: 0x01 Val: 0x00000005
In clock cycle: 380928
Register Write to Reg: 0x02 Val: 0x00000005
In clock cycle: 380930
Register Write to Reg: 0x03 Val: 0xFFFFFFFF
In clock cycle: 380931
Register Write to Reg: 0x04 Val: 0x00000003
In clock cycle: 380932
Register Write to Reg: 0x05 Val: 0x00000009
In clock cycle: 380934
Register Write to Reg: 0x06 Val: 0x00000001
In clock cycle: 380935
Register Write to Reg: 0x07 Val: 0x0000002A
In clock cycle: 380937
Register Write to Reg: 0x08 Val: 0xFFFFFFFF
In clock cycle: 380938
Register Write to Reg: 0x09 Val: 0x00000001
In clock cycle: 381951
Register Write to Reg: 0x01 Val: 0x00000005
In clock cycle: 381952
Register Write to Reg: 0x02 Val: 0x00000005
In clock cycle: 381954
Register Write to Reg: 0x03 Val: 0xFFFFFFFF
In clock cycle: 381955
Register Write to Reg: 0x04 Val: 0x00000003
In clock cycle: 381956
Register Write to Reg: 0x05 Val: 0x00000009
In clock cycle: 381958
Register Write to Reg: 0x06 Val: 0x00000001
In clock cycle: 381959
Register Write to Reg: 0x07 Val: 0x0000002A
In clock cycle: 381961
Register Write to Reg: 0x08 Val: 0xFFFFFFFF
In clock cycle: 381962
Register Write to Reg: 0x09 Val: 0x00000001
In clock cycle: 382975
Register Write to Reg: 0x01 Val: 0x00000005
In clock cycle: 382976
Register Write to Reg: 0x02 Val: 0x00000005
In clock cycle: 382978
Register Write to Reg: 0x03 Val: 0xFFFFFFFF
In clock cycle: 382979
Register Write to Reg: 0x04 Val: 0x00000003
In clock cycle: 382980
Register Write to Reg: 0x05 Val: 0x00000009
In clock cycle: 382982
Register Write to Reg: 0x06 Val: 0x00000001
In clock cycle: 382983
Register Write to Reg: 0x07 Val: 0x0000002A
In clock cycle: 382985
Register Write to Reg: 0x08 Val: 0xFFFFFFFF
In clock cycle: 382986
Register Write to Reg: 0x09 Val: 0x00000001
In clock cycle: 383999
Register Write to Reg: 0x01 Val: 0x00000005
In clock cycle: 384000
Register Write to Reg: 0x02 Val: 0x00000005
In clock cycle: 384002
Register Write to Reg: 0x03 Val: 0xFFFFFFFF
In clock cycle: 384003
Register Write to Reg: 0x04 Val: 0x00000003
In clock cycle: 384004
Register Write to Reg: 0x05 Val: 0x00000009
In clock cycle: 384006
Register Write to Reg: 0x06 Val: 0x00000001
In clock cycle: 384007
Register Write to Reg: 0x07 Val: 0x0000002A
In clock cycle: 384009
Register Write to Reg: 0x08 Val: 0xFFFFFFFF
In clock cycle: 384010
Register Write to Reg: 0x09 Val: 0x00000001
In clock cycle: 385023
Register Write to Reg: 0x01 Val: 0x00000005
In clock cycle: 385024
Register Write to Reg: 0x02 Val: 0x00000005
In clock cycle: 385026
Register Write to Reg: 0x03 Val: 0xFFFFFFFF
In clock cycle: 385027
Register Write to Reg: 0x04 Val: 0x00000003
In clock cycle: 385028
Register Write to Reg: 0x05 Val: 0x00000009
In clock cycle: 385030
Register Write to Reg: 0x06 Val: 0x00000001
In clock cycle: 385031
Register Write to Reg: 0x07 Val: 0x0000002A
In clock cycle: 385033
Register Write to Reg: 0x08 Val: 0xFFFFFFFF
In clock cycle: 385034
Register Write to Reg: 0x09 Val: 0x00000001
In clock cycle: 386047
Register Write to Reg: 0x01 Val: 0x00000005
In clock cycle: 386048
Register Write to Reg: 0x02 Val: 0x00000005
In clock cycle: 386050
Register Write to Reg: 0x03 Val: 0xFFFFFFFF
In clock cycle: 386051
Register Write to Reg: 0x04 Val: 0x00000003
In clock cycle: 386052
Register Write to Reg: 0x05 Val: 0x00000009
In clock cycle: 386054
Register Write to Reg: 0x06 Val: 0x00000001
In clock cycle: 386055
Register Write to Reg: 0x07 Val: 0x0000002A
In clock cycle: 386057
Register Write to Reg: 0x08 Val: 0xFFFFFFFF
In clock cycle: 386058
Register Write to Reg: 0x09 Val: 0x00000001
In clock cycle: 387071
Register Write to Reg: 0x01 Val: 0x00000005
In clock cycle: 387072
Register Write to Reg: 0x02 Val: 0x00000005
In clock cycle: 387074
Register Write to Reg: 0x03 Val: 0xFFFFFFFF
In clock cycle: 387075
Register Write to Reg: 0x04 Val: 0x00000003
In clock cycle: 387076
Register Write to Reg: 0x05 Val: 0x00000009
In clock cycle: 387078
Register Write to Reg: 0x06 Val: 0x00000001
In clock cycle: 387079
Register Write to Reg: 0x07 Val: 0x0000002A
In clock cycle: 387081
Register Write to Reg: 0x08 Val: 0xFFFFFFFF
In clock cycle: 387082
Register Write to Reg: 0x09 Val: 0x00000001
In clock cycle: 388095
Register Write to Reg: 0x01 Val: 0x00000005
In clock cycle: 388096
Register Write to Reg: 0x02 Val: 0x00000005
In clock cycle: 388098
Register Write to Reg: 0x03 Val: 0xFFFFFFFF
In clock cycle: 388099
Register Write to Reg: 0x04 Val: 0x00000003
In clock cycle: 388100
Register Write to Reg: 0x05 Val: 0x00000009
In clock cycle: 388102
Register Write to Reg: 0x06 Val: 0x00000001
In clock cycle: 388103
Register Write to Reg: 0x07 Val: 0x0000002A
In clock cycle: 388105
Register Write to Reg: 0x08 Val: 0xFFFFFFFF
In clock cycle: 388106
Register Write to Reg: 0x09 Val: 0x00000001
In clock cycle: 389119
Register Write to Reg: 0x01 Val: 0x00000005
In clock cycle: 389120
Register Write to Reg: 0x02 Val: 0x00000005
In clock cycle: 389122
Register Write to Reg: 0x03 Val: 0xFFFFFFFF
In clock cycle: 389123
Register Write to Reg: 0x04 Val: 0x00000003
In clock cycle: 389124
Register Write to Reg: 0x05 Val: 0x00000009
In clock cycle: 389126
Register Write to Reg: 0x06 Val: 0x00000001
In clock cycle: 389127
Register Write to Reg: 0x07 Val: 0x0000002A
In clock cycle: 389129
Register Write to Reg: 0x08 Val: 0xFFFFFFFF
In clock cycle: 389130
Register Write to Reg: 0x09 Val: 0x00000001
In clock cycle: 390143
Register Write to Reg: 0x01 Val: 0x00000005
In clock cycle: 390144
Register Write to Reg: 0x02 Val: 0x00000005
In clock cycle: 390146
Register Write to Reg: 0x03 Val: 0xFFFFFFFF
In clock cycle: 390147
Register Write to Reg: 0x04 Val: 0x00000003
In clock cycle: 390148
Register Write to Reg: 0x05 Val: 0x00000009
In clock cycle: 390150
Register Write to Reg: 0x06 Val: 0x00000001
In clock cycle: 390151
Register Write to Reg: 0x07 Val: 0x0000002A
In clock cycle: 390153
Register Write to Reg: 0x08 Val: 0xFFFFFFFF
In clock cycle: 390154
Register Write to Reg: 0x09 Val: 0x00000001
In clock cycle: 391167
Register Write to Reg: 0x01 Val: 0x00000005
In clock cycle: 391168
Register Write to Reg: 0x02 Val: 0x00000005
In clock cycle: 391170
Register Write to Reg: 0x03 Val: 0xFFFFFFFF
In clock cycle: 391171
Register Write to Reg: 0x04 Val: 0x00000003
In clock cycle: 391172
Register Write to Reg: 0x05 Val: 0x00000009
In clock cycle: 391174
Register Write to Reg: 0x06 Val: 0x00000001
In clock cycle: 391175
Register Write to Reg: 0x07 Val: 0x0000002A
In clock cycle: 391177
Register Write to Reg: 0x08 Val: 0xFFFFFFFF
In clock cycle: 391178
Register Write to Reg: 0x09 Val: 0x00000001
In clock cycle: 392191
Register Write to Reg: 0x01 Val: 0x00000005
In clock cycle: 392192
Register Write to Reg: 0x02 Val: 0x00000005
In clock cycle: 392194
Register Write to Reg: 0x03 Val: 0xFFFFFFFF
In clock cycle: 392195
Register Write to Reg: 0x04 Val: 0x00000003
In clock cycle: 392196
Register Write to Reg: 0x05 Val: 0x00000009
In clock cycle: 392198
Register Write to Reg: 0x06 Val: 0x00000001
In clock cycle: 392199
Register Write to Reg: 0x07 Val: 0x0000002A
In clock cycle: 392201
Register Write to Reg: 0x08 Val: 0xFFFFFFFF
In clock cycle: 392202
Register Write to Reg: 0x09 Val: 0x00000001
In clock cycle: 393215
Register Write to Reg: 0x01 Val: 0x00000005
In clock cycle: 393216
Register Write to Reg: 0x02 Val: 0x00000005
In clock cycle: 393218
Register Write to Reg: 0x03 Val: 0xFFFFFFFF
In clock cycle: 393219
Register Write to Reg: 0x04 Val: 0x00000003
In clock cycle: 393220
Register Write to Reg: 0x05 Val: 0x00000009
In clock cycle: 393222
Register Write to Reg: 0x06 Val: 0x00000001
In clock cycle: 393223
Register Write to Reg: 0x07 Val: 0x0000002A
In clock cycle: 393225
Register Write to Reg: 0x08 Val: 0xFFFFFFFF
In clock cycle: 393226
Register Write to Reg: 0x09 Val: 0x00000001
In clock cycle: 394239
Register Write to Reg: 0x01 Val: 0x00000005
In clock cycle: 394240
Register Write to Reg: 0x02 Val: 0x00000005
In clock cycle: 394242
Register Write to Reg: 0x03 Val: 0xFFFFFFFF
In clock cycle: 394243
Register Write to Reg: 0x04 Val: 0x00000003
In clock cycle: 394244
Register Write to Reg: 0x05 Val: 0x00000009
In clock cycle: 394246
Register Write to Reg: 0x06 Val: 0x00000001
In clock cycle: 394247
Register Write to Reg: 0x07 Val: 0x0000002A
In clock cycle: 394249
Register Write to Reg: 0x08 Val: 0xFFFFFFFF
In clock cycle: 394250
Register Write to Reg: 0x09 Val: 0x00000001
In clock cycle: 395263
Register Write to Reg: 0x01 Val: 0x00000005
In clock cycle: 395264
Register Write to Reg: 0x02 Val: 0x00000005
In clock cycle: 395266
Register Write to Reg: 0x03 Val: 0xFFFFFFFF
In clock cycle: 395267
Register Write to Reg: 0x04 Val: 0x00000003
In clock cycle: 395268
Register Write to Reg: 0x05 Val: 0x00000009
In clock cycle: 395270
Register Write to Reg: 0x06 Val: 0x00000001
In clock cycle: 395271
Register Write to Reg: 0x07 Val: 0x0000002A
In clock cycle: 395273
Register Write to Reg: 0x08 Val: 0xFFFFFFFF
In clock cycle: 395274
Register Write to Reg: 0x09 Val: 0x00000001
In clock cycle: 396287
Register Write to Reg: 0x01 Val: 0x00000005
In clock cycle: 396288
Register Write to Reg: 0x02 Val: 0x00000005
In clock cycle: 396290
Register Write to Reg: 0x03 Val: 0xFFFFFFFF
In clock cycle: 396291
Register Write to Reg: 0x04 Val: 0x00000003
In clock cycle: 396292
Register Write to Reg: 0x05 Val: 0x00000009
In clock cycle: 396294
Register Write to Reg: 0x06 Val: 0x00000001
In clock cycle: 396295
Register Write to Reg: 0x07 Val: 0x0000002A
In clock cycle: 396297
Register Write to Reg: 0x08 Val: 0xFFFFFFFF
In clock cycle: 396298
Register Write to Reg: 0x09 Val: 0x00000001
In clock cycle: 397311
Register Write to Reg: 0x01 Val: 0x00000005
In clock cycle: 397312
Register Write to Reg: 0x02 Val: 0x00000005
In clock cycle: 397314
Register Write to Reg: 0x03 Val: 0xFFFFFFFF
In clock cycle: 397315
Register Write to Reg: 0x04 Val: 0x00000003
In clock cycle: 397316
Register Write to Reg: 0x05 Val: 0x00000009
In clock cycle: 397318
Register Write to Reg: 0x06 Val: 0x00000001
In clock cycle: 397319
Register Write to Reg: 0x07 Val: 0x0000002A
In clock cycle: 397321
Register Write to Reg: 0x08 Val: 0xFFFFFFFF
In clock cycle: 397322
Register Write to Reg: 0x09 Val: 0x00000001
In clock cycle: 398335
Register Write to Reg: 0x01 Val: 0x00000005
In clock cycle: 398336
Register Write to Reg: 0x02 Val: 0x00000005
In clock cycle: 398338
Register Write to Reg: 0x03 Val: 0xFFFFFFFF
In clock cycle: 398339
Register Write to Reg: 0x04 Val: 0x00000003
In clock cycle: 398340
Register Write to Reg: 0x05 Val: 0x00000009
In clock cycle: 398342
Register Write to Reg: 0x06 Val: 0x00000001
In clock cycle: 398343
Register Write to Reg: 0x07 Val: 0x0000002A
In clock cycle: 398345
Register Write to Reg: 0x08 Val: 0xFFFFFFFF
In clock cycle: 398346
Register Write to Reg: 0x09 Val: 0x00000001
In clock cycle: 399359
Register Write to Reg: 0x01 Val: 0x00000005
In clock cycle: 399360
Register Write to Reg: 0x02 Val: 0x00000005
In clock cycle: 399362
Register Write to Reg: 0x03 Val: 0xFFFFFFFF
In clock cycle: 399363
Register Write to Reg: 0x04 Val: 0x00000003
In clock cycle: 399364
Register Write to Reg: 0x05 Val: 0x00000009
In clock cycle: 399366
Register Write to Reg: 0x06 Val: 0x00000001
In clock cycle: 399367
Register Write to Reg: 0x07 Val: 0x0000002A
In clock cycle: 399369
Register Write to Reg: 0x08 Val: 0xFFFFFFFF
In clock cycle: 399370
Register Write to Reg: 0x09 Val: 0x00000001
In clock cycle: 400383
Register Write to Reg: 0x01 Val: 0x00000005
In clock cycle: 400384
Register Write to Reg: 0x02 Val: 0x00000005
In clock cycle: 400386
Register Write to Reg: 0x03 Val: 0xFFFFFFFF
In clock cycle: 400387
Register Write to Reg: 0x04 Val: 0x00000003
In clock cycle: 400388
Register Write to Reg: 0x05 Val: 0x00000009
In clock cycle: 400390
Register Write to Reg: 0x06 Val: 0x00000001
In clock cycle: 400391
Register Write to Reg: 0x07 Val: 0x0000002A
In clock cycle: 400393
Register Write to Reg: 0x08 Val: 0xFFFFFFFF
In clock cycle: 400394
Register Write to Reg: 0x09 Val: 0x00000001
In clock cycle: 401407
Register Write to Reg: 0x01 Val: 0x00000005
In clock cycle: 401408
Register Write to Reg: 0x02 Val: 0x00000005
In clock cycle: 401410
Register Write to Reg: 0x03 Val: 0xFFFFFFFF
In clock cycle: 401411
Register Write to Reg: 0x04 Val: 0x00000003
In clock cycle: 401412
Register Write to Reg: 0x05 Val: 0x00000009
In clock cycle: 401414
Register Write to Reg: 0x06 Val: 0x00000001
In clock cycle: 401415
Register Write to Reg: 0x07 Val: 0x0000002A
In clock cycle: 401417
Register Write to Reg: 0x08 Val: 0xFFFFFFFF
In clock cycle: 401418
Register Write to Reg: 0x09 Val: 0x00000001
In clock cycle: 402431
Register Write to Reg: 0x01 Val: 0x00000005
In clock cycle: 402432
Register Write to Reg: 0x02 Val: 0x00000005
In clock cycle: 402434
Register Write to Reg: 0x03 Val: 0xFFFFFFFF
In clock cycle: 402435
Register Write to Reg: 0x04 Val: 0x00000003
In clock cycle: 402436
Register Write to Reg: 0x05 Val: 0x00000009
In clock cycle: 402438
Register Write to Reg: 0x06 Val: 0x00000001
In clock cycle: 402439
Register Write to Reg: 0x07 Val: 0x0000002A
In clock cycle: 402441
Register Write to Reg: 0x08 Val: 0xFFFFFFFF
In clock cycle: 402442
Register Write to Reg: 0x09 Val: 0x00000001
In clock cycle: 403455
Register Write to Reg: 0x01 Val: 0x00000005
In clock cycle: 403456
Register Write to Reg: 0x02 Val: 0x00000005
In clock cycle: 403458
Register Write to Reg: 0x03 Val: 0xFFFFFFFF
In clock cycle: 403459
Register Write to Reg: 0x04 Val: 0x00000003
In clock cycle: 403460
Register Write to Reg: 0x05 Val: 0x00000009
In clock cycle: 403462
Register Write to Reg: 0x06 Val: 0x00000001
In clock cycle: 403463
Register Write to Reg: 0x07 Val: 0x0000002A
In clock cycle: 403465
Register Write to Reg: 0x08 Val: 0xFFFFFFFF
In clock cycle: 403466
Register Write to Reg: 0x09 Val: 0x00000001
In clock cycle: 404479
Register Write to Reg: 0x01 Val: 0x00000005
In clock cycle: 404480
Register Write to Reg: 0x02 Val: 0x00000005
In clock cycle: 404482
Register Write to Reg: 0x03 Val: 0xFFFFFFFF
In clock cycle: 404483
Register Write to Reg: 0x04 Val: 0x00000003
In clock cycle: 404484
Register Write to Reg: 0x05 Val: 0x00000009
In clock cycle: 404486
Register Write to Reg: 0x06 Val: 0x00000001
In clock cycle: 404487
Register Write to Reg: 0x07 Val: 0x0000002A
In clock cycle: 404489
Register Write to Reg: 0x08 Val: 0xFFFFFFFF
In clock cycle: 404490
Register Write to Reg: 0x09 Val: 0x00000001
In clock cycle: 405503
Register Write to Reg: 0x01 Val: 0x00000005
In clock cycle: 405504
Register Write to Reg: 0x02 Val: 0x00000005
In clock cycle: 405506
Register Write to Reg: 0x03 Val: 0xFFFFFFFF
In clock cycle: 405507
Register Write to Reg: 0x04 Val: 0x00000003
In clock cycle: 405508
Register Write to Reg: 0x05 Val: 0x00000009
In clock cycle: 405510
Register Write to Reg: 0x06 Val: 0x00000001
In clock cycle: 405511
Register Write to Reg: 0x07 Val: 0x0000002A
In clock cycle: 405513
Register Write to Reg: 0x08 Val: 0xFFFFFFFF
In clock cycle: 405514
Register Write to Reg: 0x09 Val: 0x00000001
In clock cycle: 406527
Register Write to Reg: 0x01 Val: 0x00000005
In clock cycle: 406528
Register Write to Reg: 0x02 Val: 0x00000005
In clock cycle: 406530
Register Write to Reg: 0x03 Val: 0xFFFFFFFF
In clock cycle: 406531
Register Write to Reg: 0x04 Val: 0x00000003
In clock cycle: 406532
Register Write to Reg: 0x05 Val: 0x00000009
In clock cycle: 406534
Register Write to Reg: 0x06 Val: 0x00000001
In clock cycle: 406535
Register Write to Reg: 0x07 Val: 0x0000002A
In clock cycle: 406537
Register Write to Reg: 0x08 Val: 0xFFFFFFFF
In clock cycle: 406538
Register Write to Reg: 0x09 Val: 0x00000001
In clock cycle: 407551
Register Write to Reg: 0x01 Val: 0x00000005
In clock cycle: 407552
Register Write to Reg: 0x02 Val: 0x00000005
In clock cycle: 407554
Register Write to Reg: 0x03 Val: 0xFFFFFFFF
In clock cycle: 407555
Register Write to Reg: 0x04 Val: 0x00000003
In clock cycle: 407556
Register Write to Reg: 0x05 Val: 0x00000009
In clock cycle: 407558
Register Write to Reg: 0x06 Val: 0x00000001
In clock cycle: 407559
Register Write to Reg: 0x07 Val: 0x0000002A
In clock cycle: 407561
Register Write to Reg: 0x08 Val: 0xFFFFFFFF
In clock cycle: 407562
Register Write to Reg: 0x09 Val: 0x00000001
In clock cycle: 408575
Register Write to Reg: 0x01 Val: 0x00000005
In clock cycle: 408576
Register Write to Reg: 0x02 Val: 0x00000005
In clock cycle: 408578
Register Write to Reg: 0x03 Val: 0xFFFFFFFF
In clock cycle: 408579
Register Write to Reg: 0x04 Val: 0x00000003
In clock cycle: 408580
Register Write to Reg: 0x05 Val: 0x00000009
In clock cycle: 408582
Register Write to Reg: 0x06 Val: 0x00000001
In clock cycle: 408583
Register Write to Reg: 0x07 Val: 0x0000002A
In clock cycle: 408585
Register Write to Reg: 0x08 Val: 0xFFFFFFFF
In clock cycle: 408586
Register Write to Reg: 0x09 Val: 0x00000001
In clock cycle: 409599
Register Write to Reg: 0x01 Val: 0x00000005
In clock cycle: 409600
Register Write to Reg: 0x02 Val: 0x00000005
In clock cycle: 409602
Register Write to Reg: 0x03 Val: 0xFFFFFFFF
In clock cycle: 409603
Register Write to Reg: 0x04 Val: 0x00000003
In clock cycle: 409604
Register Write to Reg: 0x05 Val: 0x00000009
In clock cycle: 409606
Register Write to Reg: 0x06 Val: 0x00000001
In clock cycle: 409607
Register Write to Reg: 0x07 Val: 0x0000002A
In clock cycle: 409609
Register Write to Reg: 0x08 Val: 0xFFFFFFFF
In clock cycle: 409610
Register Write to Reg: 0x09 Val: 0x00000001
In clock cycle: 410623
Register Write to Reg: 0x01 Val: 0x00000005
In clock cycle: 410624
Register Write to Reg: 0x02 Val: 0x00000005
In clock cycle: 410626
Register Write to Reg: 0x03 Val: 0xFFFFFFFF
In clock cycle: 410627
Register Write to Reg: 0x04 Val: 0x00000003
In clock cycle: 410628
Register Write to Reg: 0x05 Val: 0x00000009
In clock cycle: 410630
Register Write to Reg: 0x06 Val: 0x00000001
In clock cycle: 410631
Register Write to Reg: 0x07 Val: 0x0000002A
In clock cycle: 410633
Register Write to Reg: 0x08 Val: 0xFFFFFFFF
In clock cycle: 410634
Register Write to Reg: 0x09 Val: 0x00000001
In clock cycle: 411647
Register Write to Reg: 0x01 Val: 0x00000005
In clock cycle: 411648
Register Write to Reg: 0x02 Val: 0x00000005
In clock cycle: 411650
Register Write to Reg: 0x03 Val: 0xFFFFFFFF
In clock cycle: 411651
Register Write to Reg: 0x04 Val: 0x00000003
In clock cycle: 411652
Register Write to Reg: 0x05 Val: 0x00000009
In clock cycle: 411654
Register Write to Reg: 0x06 Val: 0x00000001
In clock cycle: 411655
Register Write to Reg: 0x07 Val: 0x0000002A
In clock cycle: 411657
Register Write to Reg: 0x08 Val: 0xFFFFFFFF
In clock cycle: 411658
Register Write to Reg: 0x09 Val: 0x00000001
In clock cycle: 412671
Register Write to Reg: 0x01 Val: 0x00000005
In clock cycle: 412672
Register Write to Reg: 0x02 Val: 0x00000005
In clock cycle: 412674
Register Write to Reg: 0x03 Val: 0xFFFFFFFF
In clock cycle: 412675
Register Write to Reg: 0x04 Val: 0x00000003
In clock cycle: 412676
Register Write to Reg: 0x05 Val: 0x00000009
In clock cycle: 412678
Register Write to Reg: 0x06 Val: 0x00000001
In clock cycle: 412679
Register Write to Reg: 0x07 Val: 0x0000002A
In clock cycle: 412681
Register Write to Reg: 0x08 Val: 0xFFFFFFFF
In clock cycle: 412682
Register Write to Reg: 0x09 Val: 0x00000001
In clock cycle: 413695
Register Write to Reg: 0x01 Val: 0x00000005
In clock cycle: 413696
Register Write to Reg: 0x02 Val: 0x00000005
In clock cycle: 413698
Register Write to Reg: 0x03 Val: 0xFFFFFFFF
In clock cycle: 413699
Register Write to Reg: 0x04 Val: 0x00000003
In clock cycle: 413700
Register Write to Reg: 0x05 Val: 0x00000009
In clock cycle: 413702
Register Write to Reg: 0x06 Val: 0x00000001
In clock cycle: 413703
Register Write to Reg: 0x07 Val: 0x0000002A
In clock cycle: 413705
Register Write to Reg: 0x08 Val: 0xFFFFFFFF
In clock cycle: 413706
Register Write to Reg: 0x09 Val: 0x00000001
In clock cycle: 414719
Register Write to Reg: 0x01 Val: 0x00000005
In clock cycle: 414720
Register Write to Reg: 0x02 Val: 0x00000005
In clock cycle: 414722
Register Write to Reg: 0x03 Val: 0xFFFFFFFF
In clock cycle: 414723
Register Write to Reg: 0x04 Val: 0x00000003
In clock cycle: 414724
Register Write to Reg: 0x05 Val: 0x00000009
In clock cycle: 414726
Register Write to Reg: 0x06 Val: 0x00000001
In clock cycle: 414727
Register Write to Reg: 0x07 Val: 0x0000002A
In clock cycle: 414729
Register Write to Reg: 0x08 Val: 0xFFFFFFFF
In clock cycle: 414730
Register Write to Reg: 0x09 Val: 0x00000001
In clock cycle: 415743
Register Write to Reg: 0x01 Val: 0x00000005
In clock cycle: 415744
Register Write to Reg: 0x02 Val: 0x00000005
In clock cycle: 415746
Register Write to Reg: 0x03 Val: 0xFFFFFFFF
In clock cycle: 415747
Register Write to Reg: 0x04 Val: 0x00000003
In clock cycle: 415748
Register Write to Reg: 0x05 Val: 0x00000009
In clock cycle: 415750
Register Write to Reg: 0x06 Val: 0x00000001
In clock cycle: 415751
Register Write to Reg: 0x07 Val: 0x0000002A
In clock cycle: 415753
Register Write to Reg: 0x08 Val: 0xFFFFFFFF
In clock cycle: 415754
Register Write to Reg: 0x09 Val: 0x00000001
In clock cycle: 416767
Register Write to Reg: 0x01 Val: 0x00000005
In clock cycle: 416768
Register Write to Reg: 0x02 Val: 0x00000005
In clock cycle: 416770
Register Write to Reg: 0x03 Val: 0xFFFFFFFF
In clock cycle: 416771
Register Write to Reg: 0x04 Val: 0x00000003
In clock cycle: 416772
Register Write to Reg: 0x05 Val: 0x00000009
In clock cycle: 416774
Register Write to Reg: 0x06 Val: 0x00000001
In clock cycle: 416775
Register Write to Reg: 0x07 Val: 0x0000002A
In clock cycle: 416777
Register Write to Reg: 0x08 Val: 0xFFFFFFFF
In clock cycle: 416778
Register Write to Reg: 0x09 Val: 0x00000001
In clock cycle: 417791
Register Write to Reg: 0x01 Val: 0x00000005
In clock cycle: 417792
Register Write to Reg: 0x02 Val: 0x00000005
In clock cycle: 417794
Register Write to Reg: 0x03 Val: 0xFFFFFFFF
In clock cycle: 417795
Register Write to Reg: 0x04 Val: 0x00000003
In clock cycle: 417796
Register Write to Reg: 0x05 Val: 0x00000009
In clock cycle: 417798
Register Write to Reg: 0x06 Val: 0x00000001
In clock cycle: 417799
Register Write to Reg: 0x07 Val: 0x0000002A
In clock cycle: 417801
Register Write to Reg: 0x08 Val: 0xFFFFFFFF
In clock cycle: 417802
Register Write to Reg: 0x09 Val: 0x00000001
In clock cycle: 418815
Register Write to Reg: 0x01 Val: 0x00000005
In clock cycle: 418816
Register Write to Reg: 0x02 Val: 0x00000005
In clock cycle: 418818
Register Write to Reg: 0x03 Val: 0xFFFFFFFF
In clock cycle: 418819
Register Write to Reg: 0x04 Val: 0x00000003
In clock cycle: 418820
Register Write to Reg: 0x05 Val: 0x00000009
In clock cycle: 418822
Register Write to Reg: 0x06 Val: 0x00000001
In clock cycle: 418823
Register Write to Reg: 0x07 Val: 0x0000002A
In clock cycle: 418825
Register Write to Reg: 0x08 Val: 0xFFFFFFFF
In clock cycle: 418826
Register Write to Reg: 0x09 Val: 0x00000001
In clock cycle: 419839
Register Write to Reg: 0x01 Val: 0x00000005
In clock cycle: 419840
Register Write to Reg: 0x02 Val: 0x00000005
In clock cycle: 419842
Register Write to Reg: 0x03 Val: 0xFFFFFFFF
In clock cycle: 419843
Register Write to Reg: 0x04 Val: 0x00000003
In clock cycle: 419844
Register Write to Reg: 0x05 Val: 0x00000009
In clock cycle: 419846
Register Write to Reg: 0x06 Val: 0x00000001
In clock cycle: 419847
Register Write to Reg: 0x07 Val: 0x0000002A
In clock cycle: 419849
Register Write to Reg: 0x08 Val: 0xFFFFFFFF
In clock cycle: 419850
Register Write to Reg: 0x09 Val: 0x00000001
In clock cycle: 420863
Register Write to Reg: 0x01 Val: 0x00000005
In clock cycle: 420864
Register Write to Reg: 0x02 Val: 0x00000005
In clock cycle: 420866
Register Write to Reg: 0x03 Val: 0xFFFFFFFF
In clock cycle: 420867
Register Write to Reg: 0x04 Val: 0x00000003
In clock cycle: 420868
Register Write to Reg: 0x05 Val: 0x00000009
In clock cycle: 420870
Register Write to Reg: 0x06 Val: 0x00000001
In clock cycle: 420871
Register Write to Reg: 0x07 Val: 0x0000002A
In clock cycle: 420873
Register Write to Reg: 0x08 Val: 0xFFFFFFFF
In clock cycle: 420874
Register Write to Reg: 0x09 Val: 0x00000001
In clock cycle: 421887
Register Write to Reg: 0x01 Val: 0x00000005
In clock cycle: 421888
Register Write to Reg: 0x02 Val: 0x00000005
In clock cycle: 421890
Register Write to Reg: 0x03 Val: 0xFFFFFFFF
In clock cycle: 421891
Register Write to Reg: 0x04 Val: 0x00000003
In clock cycle: 421892
Register Write to Reg: 0x05 Val: 0x00000009
In clock cycle: 421894
Register Write to Reg: 0x06 Val: 0x00000001
In clock cycle: 421895
Register Write to Reg: 0x07 Val: 0x0000002A
In clock cycle: 421897
Register Write to Reg: 0x08 Val: 0xFFFFFFFF
In clock cycle: 421898
Register Write to Reg: 0x09 Val: 0x00000001
In clock cycle: 422911
Register Write to Reg: 0x01 Val: 0x00000005
In clock cycle: 422912
Register Write to Reg: 0x02 Val: 0x00000005
In clock cycle: 422914
Register Write to Reg: 0x03 Val: 0xFFFFFFFF
In clock cycle: 422915
Register Write to Reg: 0x04 Val: 0x00000003
In clock cycle: 422916
Register Write to Reg: 0x05 Val: 0x00000009
In clock cycle: 422918
Register Write to Reg: 0x06 Val: 0x00000001
In clock cycle: 422919
Register Write to Reg: 0x07 Val: 0x0000002A
In clock cycle: 422921
Register Write to Reg: 0x08 Val: 0xFFFFFFFF
In clock cycle: 422922
Register Write to Reg: 0x09 Val: 0x00000001
In clock cycle: 423935
Register Write to Reg: 0x01 Val: 0x00000005
In clock cycle: 423936
Register Write to Reg: 0x02 Val: 0x00000005
In clock cycle: 423938
Register Write to Reg: 0x03 Val: 0xFFFFFFFF
In clock cycle: 423939
Register Write to Reg: 0x04 Val: 0x00000003
In clock cycle: 423940
Register Write to Reg: 0x05 Val: 0x00000009
In clock cycle: 423942
Register Write to Reg: 0x06 Val: 0x00000001
In clock cycle: 423943
Register Write to Reg: 0x07 Val: 0x0000002A
In clock cycle: 423945
Register Write to Reg: 0x08 Val: 0xFFFFFFFF
In clock cycle: 423946
Register Write to Reg: 0x09 Val: 0x00000001
In clock cycle: 424959
Register Write to Reg: 0x01 Val: 0x00000005
In clock cycle: 424960
Register Write to Reg: 0x02 Val: 0x00000005
In clock cycle: 424962
Register Write to Reg: 0x03 Val: 0xFFFFFFFF
In clock cycle: 424963
Register Write to Reg: 0x04 Val: 0x00000003
In clock cycle: 424964
Register Write to Reg: 0x05 Val: 0x00000009
In clock cycle: 424966
Register Write to Reg: 0x06 Val: 0x00000001
In clock cycle: 424967
Register Write to Reg: 0x07 Val: 0x0000002A
In clock cycle: 424969
Register Write to Reg: 0x08 Val: 0xFFFFFFFF
In clock cycle: 424970
Register Write to Reg: 0x09 Val: 0x00000001
In clock cycle: 425983
Register Write to Reg: 0x01 Val: 0x00000005
In clock cycle: 425984
Register Write to Reg: 0x02 Val: 0x00000005
In clock cycle: 425986
Register Write to Reg: 0x03 Val: 0xFFFFFFFF
In clock cycle: 425987
Register Write to Reg: 0x04 Val: 0x00000003
In clock cycle: 425988
Register Write to Reg: 0x05 Val: 0x00000009
In clock cycle: 425990
Register Write to Reg: 0x06 Val: 0x00000001
In clock cycle: 425991
Register Write to Reg: 0x07 Val: 0x0000002A
In clock cycle: 425993
Register Write to Reg: 0x08 Val: 0xFFFFFFFF
In clock cycle: 425994
Register Write to Reg: 0x09 Val: 0x00000001
In clock cycle: 427007
Register Write to Reg: 0x01 Val: 0x00000005
In clock cycle: 427008
Register Write to Reg: 0x02 Val: 0x00000005
In clock cycle: 427010
Register Write to Reg: 0x03 Val: 0xFFFFFFFF
In clock cycle: 427011
Register Write to Reg: 0x04 Val: 0x00000003
In clock cycle: 427012
Register Write to Reg: 0x05 Val: 0x00000009
In clock cycle: 427014
Register Write to Reg: 0x06 Val: 0x00000001
In clock cycle: 427015
Register Write to Reg: 0x07 Val: 0x0000002A
In clock cycle: 427017
Register Write to Reg: 0x08 Val: 0xFFFFFFFF
In clock cycle: 427018
Register Write to Reg: 0x09 Val: 0x00000001
In clock cycle: 428031
Register Write to Reg: 0x01 Val: 0x00000005
In clock cycle: 428032
Register Write to Reg: 0x02 Val: 0x00000005
In clock cycle: 428034
Register Write to Reg: 0x03 Val: 0xFFFFFFFF
In clock cycle: 428035
Register Write to Reg: 0x04 Val: 0x00000003
In clock cycle: 428036
Register Write to Reg: 0x05 Val: 0x00000009
In clock cycle: 428038
Register Write to Reg: 0x06 Val: 0x00000001
In clock cycle: 428039
Register Write to Reg: 0x07 Val: 0x0000002A
In clock cycle: 428041
Register Write to Reg: 0x08 Val: 0xFFFFFFFF
In clock cycle: 428042
Register Write to Reg: 0x09 Val: 0x00000001
In clock cycle: 429055
Register Write to Reg: 0x01 Val: 0x00000005
In clock cycle: 429056
Register Write to Reg: 0x02 Val: 0x00000005
In clock cycle: 429058
Register Write to Reg: 0x03 Val: 0xFFFFFFFF
In clock cycle: 429059
Register Write to Reg: 0x04 Val: 0x00000003
In clock cycle: 429060
Register Write to Reg: 0x05 Val: 0x00000009
In clock cycle: 429062
Register Write to Reg: 0x06 Val: 0x00000001
In clock cycle: 429063
Register Write to Reg: 0x07 Val: 0x0000002A
In clock cycle: 429065
Register Write to Reg: 0x08 Val: 0xFFFFFFFF
In clock cycle: 429066
Register Write to Reg: 0x09 Val: 0x00000001
In clock cycle: 430079
Register Write to Reg: 0x01 Val: 0x00000005
In clock cycle: 430080
Register Write to Reg: 0x02 Val: 0x00000005
In clock cycle: 430082
Register Write to Reg: 0x03 Val: 0xFFFFFFFF
In clock cycle: 430083
Register Write to Reg: 0x04 Val: 0x00000003
In clock cycle: 430084
Register Write to Reg: 0x05 Val: 0x00000009
In clock cycle: 430086
Register Write to Reg: 0x06 Val: 0x00000001
In clock cycle: 430087
Register Write to Reg: 0x07 Val: 0x0000002A
In clock cycle: 430089
Register Write to Reg: 0x08 Val: 0xFFFFFFFF
In clock cycle: 430090
Register Write to Reg: 0x09 Val: 0x00000001
In clock cycle: 431103
Register Write to Reg: 0x01 Val: 0x00000005
In clock cycle: 431104
Register Write to Reg: 0x02 Val: 0x00000005
In clock cycle: 431106
Register Write to Reg: 0x03 Val: 0xFFFFFFFF
In clock cycle: 431107
Register Write to Reg: 0x04 Val: 0x00000003
In clock cycle: 431108
Register Write to Reg: 0x05 Val: 0x00000009
In clock cycle: 431110
Register Write to Reg: 0x06 Val: 0x00000001
In clock cycle: 431111
Register Write to Reg: 0x07 Val: 0x0000002A
In clock cycle: 431113
Register Write to Reg: 0x08 Val: 0xFFFFFFFF
In clock cycle: 431114
Register Write to Reg: 0x09 Val: 0x00000001
In clock cycle: 432127
Register Write to Reg: 0x01 Val: 0x00000005
In clock cycle: 432128
Register Write to Reg: 0x02 Val: 0x00000005
In clock cycle: 432130
Register Write to Reg: 0x03 Val: 0xFFFFFFFF
In clock cycle: 432131
Register Write to Reg: 0x04 Val: 0x00000003
In clock cycle: 432132
Register Write to Reg: 0x05 Val: 0x00000009
In clock cycle: 432134
Register Write to Reg: 0x06 Val: 0x00000001
In clock cycle: 432135
Register Write to Reg: 0x07 Val: 0x0000002A
In clock cycle: 432137
Register Write to Reg: 0x08 Val: 0xFFFFFFFF
In clock cycle: 432138
Register Write to Reg: 0x09 Val: 0x00000001
In clock cycle: 433151
Register Write to Reg: 0x01 Val: 0x00000005
In clock cycle: 433152
Register Write to Reg: 0x02 Val: 0x00000005
In clock cycle: 433154
Register Write to Reg: 0x03 Val: 0xFFFFFFFF
In clock cycle: 433155
Register Write to Reg: 0x04 Val: 0x00000003
In clock cycle: 433156
Register Write to Reg: 0x05 Val: 0x00000009
In clock cycle: 433158
Register Write to Reg: 0x06 Val: 0x00000001
In clock cycle: 433159
Register Write to Reg: 0x07 Val: 0x0000002A
In clock cycle: 433161
Register Write to Reg: 0x08 Val: 0xFFFFFFFF
In clock cycle: 433162
Register Write to Reg: 0x09 Val: 0x00000001
In clock cycle: 434175
Register Write to Reg: 0x01 Val: 0x00000005
In clock cycle: 434176
Register Write to Reg: 0x02 Val: 0x00000005
In clock cycle: 434178
Register Write to Reg: 0x03 Val: 0xFFFFFFFF
In clock cycle: 434179
Register Write to Reg: 0x04 Val: 0x00000003
In clock cycle: 434180
Register Write to Reg: 0x05 Val: 0x00000009
In clock cycle: 434182
Register Write to Reg: 0x06 Val: 0x00000001
In clock cycle: 434183
Register Write to Reg: 0x07 Val: 0x0000002A
In clock cycle: 434185
Register Write to Reg: 0x08 Val: 0xFFFFFFFF
In clock cycle: 434186
Register Write to Reg: 0x09 Val: 0x00000001
In clock cycle: 435199
Register Write to Reg: 0x01 Val: 0x00000005
In clock cycle: 435200
Register Write to Reg: 0x02 Val: 0x00000005
In clock cycle: 435202
Register Write to Reg: 0x03 Val: 0xFFFFFFFF
In clock cycle: 435203
Register Write to Reg: 0x04 Val: 0x00000003
In clock cycle: 435204
Register Write to Reg: 0x05 Val: 0x00000009
In clock cycle: 435206
Register Write to Reg: 0x06 Val: 0x00000001
In clock cycle: 435207
Register Write to Reg: 0x07 Val: 0x0000002A
In clock cycle: 435209
Register Write to Reg: 0x08 Val: 0xFFFFFFFF
In clock cycle: 435210
Register Write to Reg: 0x09 Val: 0x00000001
In clock cycle: 436223
Register Write to Reg: 0x01 Val: 0x00000005
In clock cycle: 436224
Register Write to Reg: 0x02 Val: 0x00000005
In clock cycle: 436226
Register Write to Reg: 0x03 Val: 0xFFFFFFFF
In clock cycle: 436227
Register Write to Reg: 0x04 Val: 0x00000003
In clock cycle: 436228
Register Write to Reg: 0x05 Val: 0x00000009
In clock cycle: 436230
Register Write to Reg: 0x06 Val: 0x00000001
In clock cycle: 436231
Register Write to Reg: 0x07 Val: 0x0000002A
In clock cycle: 436233
Register Write to Reg: 0x08 Val: 0xFFFFFFFF
In clock cycle: 436234
Register Write to Reg: 0x09 Val: 0x00000001
In clock cycle: 437247
Register Write to Reg: 0x01 Val: 0x00000005
In clock cycle: 437248
Register Write to Reg: 0x02 Val: 0x00000005
In clock cycle: 437250
Register Write to Reg: 0x03 Val: 0xFFFFFFFF
In clock cycle: 437251
Register Write to Reg: 0x04 Val: 0x00000003
In clock cycle: 437252
Register Write to Reg: 0x05 Val: 0x00000009
In clock cycle: 437254
Register Write to Reg: 0x06 Val: 0x00000001
In clock cycle: 437255
Register Write to Reg: 0x07 Val: 0x0000002A
In clock cycle: 437257
Register Write to Reg: 0x08 Val: 0xFFFFFFFF
In clock cycle: 437258
Register Write to Reg: 0x09 Val: 0x00000001
In clock cycle: 438271
Register Write to Reg: 0x01 Val: 0x00000005
In clock cycle: 438272
Register Write to Reg: 0x02 Val: 0x00000005
In clock cycle: 438274
Register Write to Reg: 0x03 Val: 0xFFFFFFFF
In clock cycle: 438275
Register Write to Reg: 0x04 Val: 0x00000003
In clock cycle: 438276
Register Write to Reg: 0x05 Val: 0x00000009
In clock cycle: 438278
Register Write to Reg: 0x06 Val: 0x00000001
In clock cycle: 438279
Register Write to Reg: 0x07 Val: 0x0000002A
In clock cycle: 438281
Register Write to Reg: 0x08 Val: 0xFFFFFFFF
In clock cycle: 438282
Register Write to Reg: 0x09 Val: 0x00000001
In clock cycle: 439295
Register Write to Reg: 0x01 Val: 0x00000005
In clock cycle: 439296
Register Write to Reg: 0x02 Val: 0x00000005
In clock cycle: 439298
Register Write to Reg: 0x03 Val: 0xFFFFFFFF
In clock cycle: 439299
Register Write to Reg: 0x04 Val: 0x00000003
In clock cycle: 439300
Register Write to Reg: 0x05 Val: 0x00000009
In clock cycle: 439302
Register Write to Reg: 0x06 Val: 0x00000001
In clock cycle: 439303
Register Write to Reg: 0x07 Val: 0x0000002A
In clock cycle: 439305
Register Write to Reg: 0x08 Val: 0xFFFFFFFF
In clock cycle: 439306
Register Write to Reg: 0x09 Val: 0x00000001
In clock cycle: 440319
Register Write to Reg: 0x01 Val: 0x00000005
In clock cycle: 440320
Register Write to Reg: 0x02 Val: 0x00000005
In clock cycle: 440322
Register Write to Reg: 0x03 Val: 0xFFFFFFFF
In clock cycle: 440323
Register Write to Reg: 0x04 Val: 0x00000003
In clock cycle: 440324
Register Write to Reg: 0x05 Val: 0x00000009
In clock cycle: 440326
Register Write to Reg: 0x06 Val: 0x00000001
In clock cycle: 440327
Register Write to Reg: 0x07 Val: 0x0000002A
In clock cycle: 440329
Register Write to Reg: 0x08 Val: 0xFFFFFFFF
In clock cycle: 440330
Register Write to Reg: 0x09 Val: 0x00000001
In clock cycle: 441343
Register Write to Reg: 0x01 Val: 0x00000005
In clock cycle: 441344
Register Write to Reg: 0x02 Val: 0x00000005
In clock cycle: 441346
Register Write to Reg: 0x03 Val: 0xFFFFFFFF
In clock cycle: 441347
Register Write to Reg: 0x04 Val: 0x00000003
In clock cycle: 441348
Register Write to Reg: 0x05 Val: 0x00000009
In clock cycle: 441350
Register Write to Reg: 0x06 Val: 0x00000001
In clock cycle: 441351
Register Write to Reg: 0x07 Val: 0x0000002A
In clock cycle: 441353
Register Write to Reg: 0x08 Val: 0xFFFFFFFF
In clock cycle: 441354
Register Write to Reg: 0x09 Val: 0x00000001
In clock cycle: 442367
Register Write to Reg: 0x01 Val: 0x00000005
In clock cycle: 442368
Register Write to Reg: 0x02 Val: 0x00000005
In clock cycle: 442370
Register Write to Reg: 0x03 Val: 0xFFFFFFFF
In clock cycle: 442371
Register Write to Reg: 0x04 Val: 0x00000003
In clock cycle: 442372
Register Write to Reg: 0x05 Val: 0x00000009
In clock cycle: 442374
Register Write to Reg: 0x06 Val: 0x00000001
In clock cycle: 442375
Register Write to Reg: 0x07 Val: 0x0000002A
In clock cycle: 442377
Register Write to Reg: 0x08 Val: 0xFFFFFFFF
In clock cycle: 442378
Register Write to Reg: 0x09 Val: 0x00000001
In clock cycle: 443391
Register Write to Reg: 0x01 Val: 0x00000005
In clock cycle: 443392
Register Write to Reg: 0x02 Val: 0x00000005
In clock cycle: 443394
Register Write to Reg: 0x03 Val: 0xFFFFFFFF
In clock cycle: 443395
Register Write to Reg: 0x04 Val: 0x00000003
In clock cycle: 443396
Register Write to Reg: 0x05 Val: 0x00000009
In clock cycle: 443398
Register Write to Reg: 0x06 Val: 0x00000001
In clock cycle: 443399
Register Write to Reg: 0x07 Val: 0x0000002A
In clock cycle: 443401
Register Write to Reg: 0x08 Val: 0xFFFFFFFF
In clock cycle: 443402
Register Write to Reg: 0x09 Val: 0x00000001
In clock cycle: 444415
Register Write to Reg: 0x01 Val: 0x00000005
In clock cycle: 444416
Register Write to Reg: 0x02 Val: 0x00000005
In clock cycle: 444418
Register Write to Reg: 0x03 Val: 0xFFFFFFFF
In clock cycle: 444419
Register Write to Reg: 0x04 Val: 0x00000003
In clock cycle: 444420
Register Write to Reg: 0x05 Val: 0x00000009
In clock cycle: 444422
Register Write to Reg: 0x06 Val: 0x00000001
In clock cycle: 444423
Register Write to Reg: 0x07 Val: 0x0000002A
In clock cycle: 444425
Register Write to Reg: 0x08 Val: 0xFFFFFFFF
In clock cycle: 444426
Register Write to Reg: 0x09 Val: 0x00000001
In clock cycle: 445439
Register Write to Reg: 0x01 Val: 0x00000005
In clock cycle: 445440
Register Write to Reg: 0x02 Val: 0x00000005
In clock cycle: 445442
Register Write to Reg: 0x03 Val: 0xFFFFFFFF
In clock cycle: 445443
Register Write to Reg: 0x04 Val: 0x00000003
In clock cycle: 445444
Register Write to Reg: 0x05 Val: 0x00000009
In clock cycle: 445446
Register Write to Reg: 0x06 Val: 0x00000001
In clock cycle: 445447
Register Write to Reg: 0x07 Val: 0x0000002A
In clock cycle: 445449
Register Write to Reg: 0x08 Val: 0xFFFFFFFF
In clock cycle: 445450
Register Write to Reg: 0x09 Val: 0x00000001
In clock cycle: 446463
Register Write to Reg: 0x01 Val: 0x00000005
In clock cycle: 446464
Register Write to Reg: 0x02 Val: 0x00000005
In clock cycle: 446466
Register Write to Reg: 0x03 Val: 0xFFFFFFFF
In clock cycle: 446467
Register Write to Reg: 0x04 Val: 0x00000003
In clock cycle: 446468
Register Write to Reg: 0x05 Val: 0x00000009
In clock cycle: 446470
Register Write to Reg: 0x06 Val: 0x00000001
In clock cycle: 446471
Register Write to Reg: 0x07 Val: 0x0000002A
In clock cycle: 446473
Register Write to Reg: 0x08 Val: 0xFFFFFFFF
In clock cycle: 446474
Register Write to Reg: 0x09 Val: 0x00000001
In clock cycle: 447487
Register Write to Reg: 0x01 Val: 0x00000005
In clock cycle: 447488
Register Write to Reg: 0x02 Val: 0x00000005
In clock cycle: 447490
Register Write to Reg: 0x03 Val: 0xFFFFFFFF
In clock cycle: 447491
Register Write to Reg: 0x04 Val: 0x00000003
In clock cycle: 447492
Register Write to Reg: 0x05 Val: 0x00000009
In clock cycle: 447494
Register Write to Reg: 0x06 Val: 0x00000001
In clock cycle: 447495
Register Write to Reg: 0x07 Val: 0x0000002A
In clock cycle: 447497
Register Write to Reg: 0x08 Val: 0xFFFFFFFF
In clock cycle: 447498
Register Write to Reg: 0x09 Val: 0x00000001
In clock cycle: 448511
Register Write to Reg: 0x01 Val: 0x00000005
In clock cycle: 448512
Register Write to Reg: 0x02 Val: 0x00000005
In clock cycle: 448514
Register Write to Reg: 0x03 Val: 0xFFFFFFFF
In clock cycle: 448515
Register Write to Reg: 0x04 Val: 0x00000003
In clock cycle: 448516
Register Write to Reg: 0x05 Val: 0x00000009
In clock cycle: 448518
Register Write to Reg: 0x06 Val: 0x00000001
In clock cycle: 448519
Register Write to Reg: 0x07 Val: 0x0000002A
In clock cycle: 448521
Register Write to Reg: 0x08 Val: 0xFFFFFFFF
In clock cycle: 448522
Register Write to Reg: 0x09 Val: 0x00000001
In clock cycle: 449535
Register Write to Reg: 0x01 Val: 0x00000005
In clock cycle: 449536
Register Write to Reg: 0x02 Val: 0x00000005
In clock cycle: 449538
Register Write to Reg: 0x03 Val: 0xFFFFFFFF
In clock cycle: 449539
Register Write to Reg: 0x04 Val: 0x00000003
In clock cycle: 449540
Register Write to Reg: 0x05 Val: 0x00000009
In clock cycle: 449542
Register Write to Reg: 0x06 Val: 0x00000001
In clock cycle: 449543
Register Write to Reg: 0x07 Val: 0x0000002A
In clock cycle: 449545
Register Write to Reg: 0x08 Val: 0xFFFFFFFF
In clock cycle: 449546
Register Write to Reg: 0x09 Val: 0x00000001
In clock cycle: 450559
Register Write to Reg: 0x01 Val: 0x00000005
In clock cycle: 450560
Register Write to Reg: 0x02 Val: 0x00000005
In clock cycle: 450562
Register Write to Reg: 0x03 Val: 0xFFFFFFFF
In clock cycle: 450563
Register Write to Reg: 0x04 Val: 0x00000003
In clock cycle: 450564
Register Write to Reg: 0x05 Val: 0x00000009
In clock cycle: 450566
Register Write to Reg: 0x06 Val: 0x00000001
In clock cycle: 450567
Register Write to Reg: 0x07 Val: 0x0000002A
In clock cycle: 450569
Register Write to Reg: 0x08 Val: 0xFFFFFFFF
In clock cycle: 450570
Register Write to Reg: 0x09 Val: 0x00000001
In clock cycle: 451583
Register Write to Reg: 0x01 Val: 0x00000005
In clock cycle: 451584
Register Write to Reg: 0x02 Val: 0x00000005
In clock cycle: 451586
Register Write to Reg: 0x03 Val: 0xFFFFFFFF
In clock cycle: 451587
Register Write to Reg: 0x04 Val: 0x00000003
In clock cycle: 451588
Register Write to Reg: 0x05 Val: 0x00000009
In clock cycle: 451590
Register Write to Reg: 0x06 Val: 0x00000001
In clock cycle: 451591
Register Write to Reg: 0x07 Val: 0x0000002A
In clock cycle: 451593
Register Write to Reg: 0x08 Val: 0xFFFFFFFF
In clock cycle: 451594
Register Write to Reg: 0x09 Val: 0x00000001
In clock cycle: 452607
Register Write to Reg: 0x01 Val: 0x00000005
In clock cycle: 452608
Register Write to Reg: 0x02 Val: 0x00000005
In clock cycle: 452610
Register Write to Reg: 0x03 Val: 0xFFFFFFFF
In clock cycle: 452611
Register Write to Reg: 0x04 Val: 0x00000003
In clock cycle: 452612
Register Write to Reg: 0x05 Val: 0x00000009
In clock cycle: 452614
Register Write to Reg: 0x06 Val: 0x00000001
In clock cycle: 452615
Register Write to Reg: 0x07 Val: 0x0000002A
In clock cycle: 452617
Register Write to Reg: 0x08 Val: 0xFFFFFFFF
In clock cycle: 452618
Register Write to Reg: 0x09 Val: 0x00000001
In clock cycle: 453631
Register Write to Reg: 0x01 Val: 0x00000005
In clock cycle: 453632
Register Write to Reg: 0x02 Val: 0x00000005
In clock cycle: 453634
Register Write to Reg: 0x03 Val: 0xFFFFFFFF
In clock cycle: 453635
Register Write to Reg: 0x04 Val: 0x00000003
In clock cycle: 453636
Register Write to Reg: 0x05 Val: 0x00000009
In clock cycle: 453638
Register Write to Reg: 0x06 Val: 0x00000001
In clock cycle: 453639
Register Write to Reg: 0x07 Val: 0x0000002A
In clock cycle: 453641
Register Write to Reg: 0x08 Val: 0xFFFFFFFF
In clock cycle: 453642
Register Write to Reg: 0x09 Val: 0x00000001
In clock cycle: 454655
Register Write to Reg: 0x01 Val: 0x00000005
In clock cycle: 454656
Register Write to Reg: 0x02 Val: 0x00000005
In clock cycle: 454658
Register Write to Reg: 0x03 Val: 0xFFFFFFFF
In clock cycle: 454659
Register Write to Reg: 0x04 Val: 0x00000003
In clock cycle: 454660
Register Write to Reg: 0x05 Val: 0x00000009
In clock cycle: 454662
Register Write to Reg: 0x06 Val: 0x00000001
In clock cycle: 454663
Register Write to Reg: 0x07 Val: 0x0000002A
In clock cycle: 454665
Register Write to Reg: 0x08 Val: 0xFFFFFFFF
In clock cycle: 454666
Register Write to Reg: 0x09 Val: 0x00000001
In clock cycle: 455679
Register Write to Reg: 0x01 Val: 0x00000005
In clock cycle: 455680
Register Write to Reg: 0x02 Val: 0x00000005
In clock cycle: 455682
Register Write to Reg: 0x03 Val: 0xFFFFFFFF
In clock cycle: 455683
Register Write to Reg: 0x04 Val: 0x00000003
In clock cycle: 455684
Register Write to Reg: 0x05 Val: 0x00000009
In clock cycle: 455686
Register Write to Reg: 0x06 Val: 0x00000001
In clock cycle: 455687
Register Write to Reg: 0x07 Val: 0x0000002A
In clock cycle: 455689
Register Write to Reg: 0x08 Val: 0xFFFFFFFF
In clock cycle: 455690
Register Write to Reg: 0x09 Val: 0x00000001
In clock cycle: 456703
Register Write to Reg: 0x01 Val: 0x00000005
In clock cycle: 456704
Register Write to Reg: 0x02 Val: 0x00000005
In clock cycle: 456706
Register Write to Reg: 0x03 Val: 0xFFFFFFFF
In clock cycle: 456707
Register Write to Reg: 0x04 Val: 0x00000003
In clock cycle: 456708
Register Write to Reg: 0x05 Val: 0x00000009
In clock cycle: 456710
Register Write to Reg: 0x06 Val: 0x00000001
In clock cycle: 456711
Register Write to Reg: 0x07 Val: 0x0000002A
In clock cycle: 456713
Register Write to Reg: 0x08 Val: 0xFFFFFFFF
In clock cycle: 456714
Register Write to Reg: 0x09 Val: 0x00000001
In clock cycle: 457727
Register Write to Reg: 0x01 Val: 0x00000005
In clock cycle: 457728
Register Write to Reg: 0x02 Val: 0x00000005
In clock cycle: 457730
Register Write to Reg: 0x03 Val: 0xFFFFFFFF
In clock cycle: 457731
Register Write to Reg: 0x04 Val: 0x00000003
In clock cycle: 457732
Register Write to Reg: 0x05 Val: 0x00000009
In clock cycle: 457734
Register Write to Reg: 0x06 Val: 0x00000001
In clock cycle: 457735
Register Write to Reg: 0x07 Val: 0x0000002A
In clock cycle: 457737
Register Write to Reg: 0x08 Val: 0xFFFFFFFF
In clock cycle: 457738
Register Write to Reg: 0x09 Val: 0x00000001
In clock cycle: 458751
Register Write to Reg: 0x01 Val: 0x00000005
In clock cycle: 458752
Register Write to Reg: 0x02 Val: 0x00000005
In clock cycle: 458754
Register Write to Reg: 0x03 Val: 0xFFFFFFFF
In clock cycle: 458755
Register Write to Reg: 0x04 Val: 0x00000003
In clock cycle: 458756
Register Write to Reg: 0x05 Val: 0x00000009
In clock cycle: 458758
Register Write to Reg: 0x06 Val: 0x00000001
In clock cycle: 458759
Register Write to Reg: 0x07 Val: 0x0000002A
In clock cycle: 458761
Register Write to Reg: 0x08 Val: 0xFFFFFFFF
In clock cycle: 458762
Register Write to Reg: 0x09 Val: 0x00000001
In clock cycle: 459775
Register Write to Reg: 0x01 Val: 0x00000005
In clock cycle: 459776
Register Write to Reg: 0x02 Val: 0x00000005
In clock cycle: 459778
Register Write to Reg: 0x03 Val: 0xFFFFFFFF
In clock cycle: 459779
Register Write to Reg: 0x04 Val: 0x00000003
In clock cycle: 459780
Register Write to Reg: 0x05 Val: 0x00000009
In clock cycle: 459782
Register Write to Reg: 0x06 Val: 0x00000001
In clock cycle: 459783
Register Write to Reg: 0x07 Val: 0x0000002A
In clock cycle: 459785
Register Write to Reg: 0x08 Val: 0xFFFFFFFF
In clock cycle: 459786
Register Write to Reg: 0x09 Val: 0x00000001
In clock cycle: 460799
Register Write to Reg: 0x01 Val: 0x00000005
In clock cycle: 460800
Register Write to Reg: 0x02 Val: 0x00000005
In clock cycle: 460802
Register Write to Reg: 0x03 Val: 0xFFFFFFFF
In clock cycle: 460803
Register Write to Reg: 0x04 Val: 0x00000003
In clock cycle: 460804
Register Write to Reg: 0x05 Val: 0x00000009
In clock cycle: 460806
Register Write to Reg: 0x06 Val: 0x00000001
In clock cycle: 460807
Register Write to Reg: 0x07 Val: 0x0000002A
In clock cycle: 460809
Register Write to Reg: 0x08 Val: 0xFFFFFFFF
In clock cycle: 460810
Register Write to Reg: 0x09 Val: 0x00000001
In clock cycle: 461823
Register Write to Reg: 0x01 Val: 0x00000005
In clock cycle: 461824
Register Write to Reg: 0x02 Val: 0x00000005
In clock cycle: 461826
Register Write to Reg: 0x03 Val: 0xFFFFFFFF
In clock cycle: 461827
Register Write to Reg: 0x04 Val: 0x00000003
In clock cycle: 461828
Register Write to Reg: 0x05 Val: 0x00000009
In clock cycle: 461830
Register Write to Reg: 0x06 Val: 0x00000001
In clock cycle: 461831
Register Write to Reg: 0x07 Val: 0x0000002A
In clock cycle: 461833
Register Write to Reg: 0x08 Val: 0xFFFFFFFF
In clock cycle: 461834
Register Write to Reg: 0x09 Val: 0x00000001
In clock cycle: 462847
Register Write to Reg: 0x01 Val: 0x00000005
In clock cycle: 462848
Register Write to Reg: 0x02 Val: 0x00000005
In clock cycle: 462850
Register Write to Reg: 0x03 Val: 0xFFFFFFFF
In clock cycle: 462851
Register Write to Reg: 0x04 Val: 0x00000003
In clock cycle: 462852
Register Write to Reg: 0x05 Val: 0x00000009
In clock cycle: 462854
Register Write to Reg: 0x06 Val: 0x00000001
In clock cycle: 462855
Register Write to Reg: 0x07 Val: 0x0000002A
In clock cycle: 462857
Register Write to Reg: 0x08 Val: 0xFFFFFFFF
In clock cycle: 462858
Register Write to Reg: 0x09 Val: 0x00000001
In clock cycle: 463871
Register Write to Reg: 0x01 Val: 0x00000005
In clock cycle: 463872
Register Write to Reg: 0x02 Val: 0x00000005
In clock cycle: 463874
Register Write to Reg: 0x03 Val: 0xFFFFFFFF
In clock cycle: 463875
Register Write to Reg: 0x04 Val: 0x00000003
In clock cycle: 463876
Register Write to Reg: 0x05 Val: 0x00000009
In clock cycle: 463878
Register Write to Reg: 0x06 Val: 0x00000001
In clock cycle: 463879
Register Write to Reg: 0x07 Val: 0x0000002A
In clock cycle: 463881
Register Write to Reg: 0x08 Val: 0xFFFFFFFF
In clock cycle: 463882
Register Write to Reg: 0x09 Val: 0x00000001
In clock cycle: 464895
Register Write to Reg: 0x01 Val: 0x00000005
In clock cycle: 464896
Register Write to Reg: 0x02 Val: 0x00000005
In clock cycle: 464898
Register Write to Reg: 0x03 Val: 0xFFFFFFFF
In clock cycle: 464899
Register Write to Reg: 0x04 Val: 0x00000003
In clock cycle: 464900
Register Write to Reg: 0x05 Val: 0x00000009
In clock cycle: 464902
Register Write to Reg: 0x06 Val: 0x00000001
In clock cycle: 464903
Register Write to Reg: 0x07 Val: 0x0000002A
In clock cycle: 464905
Register Write to Reg: 0x08 Val: 0xFFFFFFFF
In clock cycle: 464906
Register Write to Reg: 0x09 Val: 0x00000001
In clock cycle: 465919
Register Write to Reg: 0x01 Val: 0x00000005
In clock cycle: 465920
Register Write to Reg: 0x02 Val: 0x00000005
In clock cycle: 465922
Register Write to Reg: 0x03 Val: 0xFFFFFFFF
In clock cycle: 465923
Register Write to Reg: 0x04 Val: 0x00000003
In clock cycle: 465924
Register Write to Reg: 0x05 Val: 0x00000009
In clock cycle: 465926
Register Write to Reg: 0x06 Val: 0x00000001
In clock cycle: 465927
Register Write to Reg: 0x07 Val: 0x0000002A
In clock cycle: 465929
Register Write to Reg: 0x08 Val: 0xFFFFFFFF
In clock cycle: 465930
Register Write to Reg: 0x09 Val: 0x00000001
In clock cycle: 466943
Register Write to Reg: 0x01 Val: 0x00000005
In clock cycle: 466944
Register Write to Reg: 0x02 Val: 0x00000005
In clock cycle: 466946
Register Write to Reg: 0x03 Val: 0xFFFFFFFF
In clock cycle: 466947
Register Write to Reg: 0x04 Val: 0x00000003
In clock cycle: 466948
Register Write to Reg: 0x05 Val: 0x00000009
In clock cycle: 466950
Register Write to Reg: 0x06 Val: 0x00000001
In clock cycle: 466951
Register Write to Reg: 0x07 Val: 0x0000002A
In clock cycle: 466953
Register Write to Reg: 0x08 Val: 0xFFFFFFFF
In clock cycle: 466954
Register Write to Reg: 0x09 Val: 0x00000001
In clock cycle: 467967
Register Write to Reg: 0x01 Val: 0x00000005
In clock cycle: 467968
Register Write to Reg: 0x02 Val: 0x00000005
In clock cycle: 467970
Register Write to Reg: 0x03 Val: 0xFFFFFFFF
In clock cycle: 467971
Register Write to Reg: 0x04 Val: 0x00000003
In clock cycle: 467972
Register Write to Reg: 0x05 Val: 0x00000009
In clock cycle: 467974
Register Write to Reg: 0x06 Val: 0x00000001
In clock cycle: 467975
Register Write to Reg: 0x07 Val: 0x0000002A
In clock cycle: 467977
Register Write to Reg: 0x08 Val: 0xFFFFFFFF
In clock cycle: 467978
Register Write to Reg: 0x09 Val: 0x00000001
In clock cycle: 468991
Register Write to Reg: 0x01 Val: 0x00000005
In clock cycle: 468992
Register Write to Reg: 0x02 Val: 0x00000005
In clock cycle: 468994
Register Write to Reg: 0x03 Val: 0xFFFFFFFF
In clock cycle: 468995
Register Write to Reg: 0x04 Val: 0x00000003
In clock cycle: 468996
Register Write to Reg: 0x05 Val: 0x00000009
In clock cycle: 468998
Register Write to Reg: 0x06 Val: 0x00000001
In clock cycle: 468999
Register Write to Reg: 0x07 Val: 0x0000002A
In clock cycle: 469001
Register Write to Reg: 0x08 Val: 0xFFFFFFFF
In clock cycle: 469002
Register Write to Reg: 0x09 Val: 0x00000001
In clock cycle: 470015
Register Write to Reg: 0x01 Val: 0x00000005
In clock cycle: 470016
Register Write to Reg: 0x02 Val: 0x00000005
In clock cycle: 470018
Register Write to Reg: 0x03 Val: 0xFFFFFFFF
In clock cycle: 470019
Register Write to Reg: 0x04 Val: 0x00000003
In clock cycle: 470020
Register Write to Reg: 0x05 Val: 0x00000009
In clock cycle: 470022
Register Write to Reg: 0x06 Val: 0x00000001
In clock cycle: 470023
Register Write to Reg: 0x07 Val: 0x0000002A
In clock cycle: 470025
Register Write to Reg: 0x08 Val: 0xFFFFFFFF
In clock cycle: 470026
Register Write to Reg: 0x09 Val: 0x00000001
In clock cycle: 471039
Register Write to Reg: 0x01 Val: 0x00000005
In clock cycle: 471040
Register Write to Reg: 0x02 Val: 0x00000005
In clock cycle: 471042
Register Write to Reg: 0x03 Val: 0xFFFFFFFF
In clock cycle: 471043
Register Write to Reg: 0x04 Val: 0x00000003
In clock cycle: 471044
Register Write to Reg: 0x05 Val: 0x00000009
In clock cycle: 471046
Register Write to Reg: 0x06 Val: 0x00000001
In clock cycle: 471047
Register Write to Reg: 0x07 Val: 0x0000002A
In clock cycle: 471049
Register Write to Reg: 0x08 Val: 0xFFFFFFFF
In clock cycle: 471050
Register Write to Reg: 0x09 Val: 0x00000001
In clock cycle: 472063
Register Write to Reg: 0x01 Val: 0x00000005
In clock cycle: 472064
Register Write to Reg: 0x02 Val: 0x00000005
In clock cycle: 472066
Register Write to Reg: 0x03 Val: 0xFFFFFFFF
In clock cycle: 472067
Register Write to Reg: 0x04 Val: 0x00000003
In clock cycle: 472068
Register Write to Reg: 0x05 Val: 0x00000009
In clock cycle: 472070
Register Write to Reg: 0x06 Val: 0x00000001
In clock cycle: 472071
Register Write to Reg: 0x07 Val: 0x0000002A
In clock cycle: 472073
Register Write to Reg: 0x08 Val: 0xFFFFFFFF
In clock cycle: 472074
Register Write to Reg: 0x09 Val: 0x00000001
In clock cycle: 473087
Register Write to Reg: 0x01 Val: 0x00000005
In clock cycle: 473088
Register Write to Reg: 0x02 Val: 0x00000005
In clock cycle: 473090
Register Write to Reg: 0x03 Val: 0xFFFFFFFF
In clock cycle: 473091
Register Write to Reg: 0x04 Val: 0x00000003
In clock cycle: 473092
Register Write to Reg: 0x05 Val: 0x00000009
In clock cycle: 473094
Register Write to Reg: 0x06 Val: 0x00000001
In clock cycle: 473095
Register Write to Reg: 0x07 Val: 0x0000002A
In clock cycle: 473097
Register Write to Reg: 0x08 Val: 0xFFFFFFFF
In clock cycle: 473098
Register Write to Reg: 0x09 Val: 0x00000001
In clock cycle: 474111
Register Write to Reg: 0x01 Val: 0x00000005
In clock cycle: 474112
Register Write to Reg: 0x02 Val: 0x00000005
In clock cycle: 474114
Register Write to Reg: 0x03 Val: 0xFFFFFFFF
In clock cycle: 474115
Register Write to Reg: 0x04 Val: 0x00000003
In clock cycle: 474116
Register Write to Reg: 0x05 Val: 0x00000009
In clock cycle: 474118
Register Write to Reg: 0x06 Val: 0x00000001
In clock cycle: 474119
Register Write to Reg: 0x07 Val: 0x0000002A
In clock cycle: 474121
Register Write to Reg: 0x08 Val: 0xFFFFFFFF
In clock cycle: 474122
Register Write to Reg: 0x09 Val: 0x00000001
In clock cycle: 475135
Register Write to Reg: 0x01 Val: 0x00000005
In clock cycle: 475136
Register Write to Reg: 0x02 Val: 0x00000005
In clock cycle: 475138
Register Write to Reg: 0x03 Val: 0xFFFFFFFF
In clock cycle: 475139
Register Write to Reg: 0x04 Val: 0x00000003
In clock cycle: 475140
Register Write to Reg: 0x05 Val: 0x00000009
In clock cycle: 475142
Register Write to Reg: 0x06 Val: 0x00000001
In clock cycle: 475143
Register Write to Reg: 0x07 Val: 0x0000002A
In clock cycle: 475145
Register Write to Reg: 0x08 Val: 0xFFFFFFFF
In clock cycle: 475146
Register Write to Reg: 0x09 Val: 0x00000001
In clock cycle: 476159
Register Write to Reg: 0x01 Val: 0x00000005
In clock cycle: 476160
Register Write to Reg: 0x02 Val: 0x00000005
In clock cycle: 476162
Register Write to Reg: 0x03 Val: 0xFFFFFFFF
In clock cycle: 476163
Register Write to Reg: 0x04 Val: 0x00000003
In clock cycle: 476164
Register Write to Reg: 0x05 Val: 0x00000009
In clock cycle: 476166
Register Write to Reg: 0x06 Val: 0x00000001
In clock cycle: 476167
Register Write to Reg: 0x07 Val: 0x0000002A
In clock cycle: 476169
Register Write to Reg: 0x08 Val: 0xFFFFFFFF
In clock cycle: 476170
Register Write to Reg: 0x09 Val: 0x00000001
In clock cycle: 477183
Register Write to Reg: 0x01 Val: 0x00000005
In clock cycle: 477184
Register Write to Reg: 0x02 Val: 0x00000005
In clock cycle: 477186
Register Write to Reg: 0x03 Val: 0xFFFFFFFF
In clock cycle: 477187
Register Write to Reg: 0x04 Val: 0x00000003
In clock cycle: 477188
Register Write to Reg: 0x05 Val: 0x00000009
In clock cycle: 477190
Register Write to Reg: 0x06 Val: 0x00000001
In clock cycle: 477191
Register Write to Reg: 0x07 Val: 0x0000002A
In clock cycle: 477193
Register Write to Reg: 0x08 Val: 0xFFFFFFFF
In clock cycle: 477194
Register Write to Reg: 0x09 Val: 0x00000001
In clock cycle: 478207
Register Write to Reg: 0x01 Val: 0x00000005
In clock cycle: 478208
Register Write to Reg: 0x02 Val: 0x00000005
In clock cycle: 478210
Register Write to Reg: 0x03 Val: 0xFFFFFFFF
In clock cycle: 478211
Register Write to Reg: 0x04 Val: 0x00000003
In clock cycle: 478212
Register Write to Reg: 0x05 Val: 0x00000009
In clock cycle: 478214
Register Write to Reg: 0x06 Val: 0x00000001
In clock cycle: 478215
Register Write to Reg: 0x07 Val: 0x0000002A
In clock cycle: 478217
Register Write to Reg: 0x08 Val: 0xFFFFFFFF
In clock cycle: 478218
Register Write to Reg: 0x09 Val: 0x00000001
In clock cycle: 479231
Register Write to Reg: 0x01 Val: 0x00000005
In clock cycle: 479232
Register Write to Reg: 0x02 Val: 0x00000005
In clock cycle: 479234
Register Write to Reg: 0x03 Val: 0xFFFFFFFF
In clock cycle: 479235
Register Write to Reg: 0x04 Val: 0x00000003
In clock cycle: 479236
Register Write to Reg: 0x05 Val: 0x00000009
In clock cycle: 479238
Register Write to Reg: 0x06 Val: 0x00000001
In clock cycle: 479239
Register Write to Reg: 0x07 Val: 0x0000002A
In clock cycle: 479241
Register Write to Reg: 0x08 Val: 0xFFFFFFFF
In clock cycle: 479242
Register Write to Reg: 0x09 Val: 0x00000001
In clock cycle: 480255
Register Write to Reg: 0x01 Val: 0x00000005
In clock cycle: 480256
Register Write to Reg: 0x02 Val: 0x00000005
In clock cycle: 480258
Register Write to Reg: 0x03 Val: 0xFFFFFFFF
In clock cycle: 480259
Register Write to Reg: 0x04 Val: 0x00000003
In clock cycle: 480260
Register Write to Reg: 0x05 Val: 0x00000009
In clock cycle: 480262
Register Write to Reg: 0x06 Val: 0x00000001
In clock cycle: 480263
Register Write to Reg: 0x07 Val: 0x0000002A
In clock cycle: 480265
Register Write to Reg: 0x08 Val: 0xFFFFFFFF
In clock cycle: 480266
Register Write to Reg: 0x09 Val: 0x00000001
In clock cycle: 481279
Register Write to Reg: 0x01 Val: 0x00000005
In clock cycle: 481280
Register Write to Reg: 0x02 Val: 0x00000005
In clock cycle: 481282
Register Write to Reg: 0x03 Val: 0xFFFFFFFF
In clock cycle: 481283
Register Write to Reg: 0x04 Val: 0x00000003
In clock cycle: 481284
Register Write to Reg: 0x05 Val: 0x00000009
In clock cycle: 481286
Register Write to Reg: 0x06 Val: 0x00000001
In clock cycle: 481287
Register Write to Reg: 0x07 Val: 0x0000002A
In clock cycle: 481289
Register Write to Reg: 0x08 Val: 0xFFFFFFFF
In clock cycle: 481290
Register Write to Reg: 0x09 Val: 0x00000001
In clock cycle: 482303
Register Write to Reg: 0x01 Val: 0x00000005
In clock cycle: 482304
Register Write to Reg: 0x02 Val: 0x00000005
In clock cycle: 482306
Register Write to Reg: 0x03 Val: 0xFFFFFFFF
In clock cycle: 482307
Register Write to Reg: 0x04 Val: 0x00000003
In clock cycle: 482308
Register Write to Reg: 0x05 Val: 0x00000009
In clock cycle: 482310
Register Write to Reg: 0x06 Val: 0x00000001
In clock cycle: 482311
Register Write to Reg: 0x07 Val: 0x0000002A
In clock cycle: 482313
Register Write to Reg: 0x08 Val: 0xFFFFFFFF
In clock cycle: 482314
Register Write to Reg: 0x09 Val: 0x00000001
In clock cycle: 483327
Register Write to Reg: 0x01 Val: 0x00000005
In clock cycle: 483328
Register Write to Reg: 0x02 Val: 0x00000005
In clock cycle: 483330
Register Write to Reg: 0x03 Val: 0xFFFFFFFF
In clock cycle: 483331
Register Write to Reg: 0x04 Val: 0x00000003
In clock cycle: 483332
Register Write to Reg: 0x05 Val: 0x00000009
In clock cycle: 483334
Register Write to Reg: 0x06 Val: 0x00000001
In clock cycle: 483335
Register Write to Reg: 0x07 Val: 0x0000002A
In clock cycle: 483337
Register Write to Reg: 0x08 Val: 0xFFFFFFFF
In clock cycle: 483338
Register Write to Reg: 0x09 Val: 0x00000001
In clock cycle: 484351
Register Write to Reg: 0x01 Val: 0x00000005
In clock cycle: 484352
Register Write to Reg: 0x02 Val: 0x00000005
In clock cycle: 484354
Register Write to Reg: 0x03 Val: 0xFFFFFFFF
In clock cycle: 484355
Register Write to Reg: 0x04 Val: 0x00000003
In clock cycle: 484356
Register Write to Reg: 0x05 Val: 0x00000009
In clock cycle: 484358
Register Write to Reg: 0x06 Val: 0x00000001
In clock cycle: 484359
Register Write to Reg: 0x07 Val: 0x0000002A
In clock cycle: 484361
Register Write to Reg: 0x08 Val: 0xFFFFFFFF
In clock cycle: 484362
Register Write to Reg: 0x09 Val: 0x00000001
In clock cycle: 485375
Register Write to Reg: 0x01 Val: 0x00000005
In clock cycle: 485376
Register Write to Reg: 0x02 Val: 0x00000005
In clock cycle: 485378
Register Write to Reg: 0x03 Val: 0xFFFFFFFF
In clock cycle: 485379
Register Write to Reg: 0x04 Val: 0x00000003
In clock cycle: 485380
Register Write to Reg: 0x05 Val: 0x00000009
In clock cycle: 485382
Register Write to Reg: 0x06 Val: 0x00000001
In clock cycle: 485383
Register Write to Reg: 0x07 Val: 0x0000002A
In clock cycle: 485385
Register Write to Reg: 0x08 Val: 0xFFFFFFFF
In clock cycle: 485386
Register Write to Reg: 0x09 Val: 0x00000001
In clock cycle: 486399
Register Write to Reg: 0x01 Val: 0x00000005
In clock cycle: 486400
Register Write to Reg: 0x02 Val: 0x00000005
In clock cycle: 486402
Register Write to Reg: 0x03 Val: 0xFFFFFFFF
In clock cycle: 486403
Register Write to Reg: 0x04 Val: 0x00000003
In clock cycle: 486404
Register Write to Reg: 0x05 Val: 0x00000009
In clock cycle: 486406
Register Write to Reg: 0x06 Val: 0x00000001
In clock cycle: 486407
Register Write to Reg: 0x07 Val: 0x0000002A
In clock cycle: 486409
Register Write to Reg: 0x08 Val: 0xFFFFFFFF
In clock cycle: 486410
Register Write to Reg: 0x09 Val: 0x00000001
In clock cycle: 487423
Register Write to Reg: 0x01 Val: 0x00000005
In clock cycle: 487424
Register Write to Reg: 0x02 Val: 0x00000005
In clock cycle: 487426
Register Write to Reg: 0x03 Val: 0xFFFFFFFF
In clock cycle: 487427
Register Write to Reg: 0x04 Val: 0x00000003
In clock cycle: 487428
Register Write to Reg: 0x05 Val: 0x00000009
In clock cycle: 487430
Register Write to Reg: 0x06 Val: 0x00000001
In clock cycle: 487431
Register Write to Reg: 0x07 Val: 0x0000002A
In clock cycle: 487433
Register Write to Reg: 0x08 Val: 0xFFFFFFFF
In clock cycle: 487434
Register Write to Reg: 0x09 Val: 0x00000001
In clock cycle: 488447
Register Write to Reg: 0x01 Val: 0x00000005
In clock cycle: 488448
Register Write to Reg: 0x02 Val: 0x00000005
In clock cycle: 488450
Register Write to Reg: 0x03 Val: 0xFFFFFFFF
In clock cycle: 488451
Register Write to Reg: 0x04 Val: 0x00000003
In clock cycle: 488452
Register Write to Reg: 0x05 Val: 0x00000009
In clock cycle: 488454
Register Write to Reg: 0x06 Val: 0x00000001
In clock cycle: 488455
Register Write to Reg: 0x07 Val: 0x0000002A
In clock cycle: 488457
Register Write to Reg: 0x08 Val: 0xFFFFFFFF
In clock cycle: 488458
Register Write to Reg: 0x09 Val: 0x00000001
In clock cycle: 489471
Register Write to Reg: 0x01 Val: 0x00000005
In clock cycle: 489472
Register Write to Reg: 0x02 Val: 0x00000005
In clock cycle: 489474
Register Write to Reg: 0x03 Val: 0xFFFFFFFF
In clock cycle: 489475
Register Write to Reg: 0x04 Val: 0x00000003
In clock cycle: 489476
Register Write to Reg: 0x05 Val: 0x00000009
In clock cycle: 489478
Register Write to Reg: 0x06 Val: 0x00000001
In clock cycle: 489479
Register Write to Reg: 0x07 Val: 0x0000002A
In clock cycle: 489481
Register Write to Reg: 0x08 Val: 0xFFFFFFFF
In clock cycle: 489482
Register Write to Reg: 0x09 Val: 0x00000001
In clock cycle: 490495
Register Write to Reg: 0x01 Val: 0x00000005
In clock cycle: 490496
Register Write to Reg: 0x02 Val: 0x00000005
In clock cycle: 490498
Register Write to Reg: 0x03 Val: 0xFFFFFFFF
In clock cycle: 490499
Register Write to Reg: 0x04 Val: 0x00000003
In clock cycle: 490500
Register Write to Reg: 0x05 Val: 0x00000009
In clock cycle: 490502
Register Write to Reg: 0x06 Val: 0x00000001
In clock cycle: 490503
Register Write to Reg: 0x07 Val: 0x0000002A
In clock cycle: 490505
Register Write to Reg: 0x08 Val: 0xFFFFFFFF
In clock cycle: 490506
Register Write to Reg: 0x09 Val: 0x00000001
In clock cycle: 491519
Register Write to Reg: 0x01 Val: 0x00000005
In clock cycle: 491520
Register Write to Reg: 0x02 Val: 0x00000005
In clock cycle: 491522
Register Write to Reg: 0x03 Val: 0xFFFFFFFF
In clock cycle: 491523
Register Write to Reg: 0x04 Val: 0x00000003
In clock cycle: 491524
Register Write to Reg: 0x05 Val: 0x00000009
In clock cycle: 491526
Register Write to Reg: 0x06 Val: 0x00000001
In clock cycle: 491527
Register Write to Reg: 0x07 Val: 0x0000002A
In clock cycle: 491529
Register Write to Reg: 0x08 Val: 0xFFFFFFFF
In clock cycle: 491530
Register Write to Reg: 0x09 Val: 0x00000001
In clock cycle: 492543
Register Write to Reg: 0x01 Val: 0x00000005
In clock cycle: 492544
Register Write to Reg: 0x02 Val: 0x00000005
In clock cycle: 492546
Register Write to Reg: 0x03 Val: 0xFFFFFFFF
In clock cycle: 492547
Register Write to Reg: 0x04 Val: 0x00000003
In clock cycle: 492548
Register Write to Reg: 0x05 Val: 0x00000009
In clock cycle: 492550
Register Write to Reg: 0x06 Val: 0x00000001
In clock cycle: 492551
Register Write to Reg: 0x07 Val: 0x0000002A
In clock cycle: 492553
Register Write to Reg: 0x08 Val: 0xFFFFFFFF
In clock cycle: 492554
Register Write to Reg: 0x09 Val: 0x00000001
In clock cycle: 493567
Register Write to Reg: 0x01 Val: 0x00000005
In clock cycle: 493568
Register Write to Reg: 0x02 Val: 0x00000005
In clock cycle: 493570
Register Write to Reg: 0x03 Val: 0xFFFFFFFF
In clock cycle: 493571
Register Write to Reg: 0x04 Val: 0x00000003
In clock cycle: 493572
Register Write to Reg: 0x05 Val: 0x00000009
In clock cycle: 493574
Register Write to Reg: 0x06 Val: 0x00000001
In clock cycle: 493575
Register Write to Reg: 0x07 Val: 0x0000002A
In clock cycle: 493577
Register Write to Reg: 0x08 Val: 0xFFFFFFFF
In clock cycle: 493578
Register Write to Reg: 0x09 Val: 0x00000001
In clock cycle: 494591
Register Write to Reg: 0x01 Val: 0x00000005
In clock cycle: 494592
Register Write to Reg: 0x02 Val: 0x00000005
In clock cycle: 494594
Register Write to Reg: 0x03 Val: 0xFFFFFFFF
In clock cycle: 494595
Register Write to Reg: 0x04 Val: 0x00000003
In clock cycle: 494596
Register Write to Reg: 0x05 Val: 0x00000009
In clock cycle: 494598
Register Write to Reg: 0x06 Val: 0x00000001
In clock cycle: 494599
Register Write to Reg: 0x07 Val: 0x0000002A
In clock cycle: 494601
Register Write to Reg: 0x08 Val: 0xFFFFFFFF
In clock cycle: 494602
Register Write to Reg: 0x09 Val: 0x00000001
In clock cycle: 495615
Register Write to Reg: 0x01 Val: 0x00000005
In clock cycle: 495616
Register Write to Reg: 0x02 Val: 0x00000005
In clock cycle: 495618
Register Write to Reg: 0x03 Val: 0xFFFFFFFF
In clock cycle: 495619
Register Write to Reg: 0x04 Val: 0x00000003
In clock cycle: 495620
Register Write to Reg: 0x05 Val: 0x00000009
In clock cycle: 495622
Register Write to Reg: 0x06 Val: 0x00000001
In clock cycle: 495623
Register Write to Reg: 0x07 Val: 0x0000002A
In clock cycle: 495625
Register Write to Reg: 0x08 Val: 0xFFFFFFFF
In clock cycle: 495626
Register Write to Reg: 0x09 Val: 0x00000001
In clock cycle: 496639
Register Write to Reg: 0x01 Val: 0x00000005
In clock cycle: 496640
Register Write to Reg: 0x02 Val: 0x00000005
In clock cycle: 496642
Register Write to Reg: 0x03 Val: 0xFFFFFFFF
In clock cycle: 496643
Register Write to Reg: 0x04 Val: 0x00000003
In clock cycle: 496644
Register Write to Reg: 0x05 Val: 0x00000009
In clock cycle: 496646
Register Write to Reg: 0x06 Val: 0x00000001
In clock cycle: 496647
Register Write to Reg: 0x07 Val: 0x0000002A
In clock cycle: 496649
Register Write to Reg: 0x08 Val: 0xFFFFFFFF
In clock cycle: 496650
Register Write to Reg: 0x09 Val: 0x00000001
In clock cycle: 497663
Register Write to Reg: 0x01 Val: 0x00000005
In clock cycle: 497664
Register Write to Reg: 0x02 Val: 0x00000005
In clock cycle: 497666
Register Write to Reg: 0x03 Val: 0xFFFFFFFF
In clock cycle: 497667
Register Write to Reg: 0x04 Val: 0x00000003
In clock cycle: 497668
Register Write to Reg: 0x05 Val: 0x00000009
In clock cycle: 497670
Register Write to Reg: 0x06 Val: 0x00000001
In clock cycle: 497671
Register Write to Reg: 0x07 Val: 0x0000002A
In clock cycle: 497673
Register Write to Reg: 0x08 Val: 0xFFFFFFFF
In clock cycle: 497674
Register Write to Reg: 0x09 Val: 0x00000001
In clock cycle: 498687
Register Write to Reg: 0x01 Val: 0x00000005
In clock cycle: 498688
Register Write to Reg: 0x02 Val: 0x00000005
In clock cycle: 498690
Register Write to Reg: 0x03 Val: 0xFFFFFFFF
In clock cycle: 498691
Register Write to Reg: 0x04 Val: 0x00000003
In clock cycle: 498692
Register Write to Reg: 0x05 Val: 0x00000009
In clock cycle: 498694
Register Write to Reg: 0x06 Val: 0x00000001
In clock cycle: 498695
Register Write to Reg: 0x07 Val: 0x0000002A
In clock cycle: 498697
Register Write to Reg: 0x08 Val: 0xFFFFFFFF
In clock cycle: 498698
Register Write to Reg: 0x09 Val: 0x00000001
In clock cycle: 499711
Register Write to Reg: 0x01 Val: 0x00000005
In clock cycle: 499712
Register Write to Reg: 0x02 Val: 0x00000005
In clock cycle: 499714
Register Write to Reg: 0x03 Val: 0xFFFFFFFF
In clock cycle: 499715
Register Write to Reg: 0x04 Val: 0x00000003
In clock cycle: 499716
Register Write to Reg: 0x05 Val: 0x00000009
In clock cycle: 499718
Register Write to Reg: 0x06 Val: 0x00000001
In clock cycle: 499719
Register Write to Reg: 0x07 Val: 0x0000002A
In clock cycle: 499721
Register Write to Reg: 0x08 Val: 0xFFFFFFFF
In clock cycle: 499722
Register Write to Reg: 0x09 Val: 0x00000001
