Reading pref.tcl

# 2025.1_2

# vsim -postsimdataflow -debugdb -c -voptargs=""+acc"" tb -do "modelsim_framework.do" -gOUTPUT_TRACE=ms.trace 
# Start time: 15:18:42 on Nov 25,2025
# ** Note: (vsim-8009) Loading existing optimized design _opt
# //  Questa Sim-64
# //  Version 2025.1_2 linux_x86_64 Apr  7 2025
# //
# // Unpublished work. Copyright 2025 Siemens
# //
# // This material contains trade secrets or otherwise confidential information
# // owned by Siemens Industry Software Inc. or its affiliates (collectively,
# // "SISW"), or its licensors. Access to and use of this information is strictly
# // limited as set forth in the Customer's applicable agreements with SISW.
# //
# // This material may not be copied, distributed, or otherwise disclosed outside
# // of the Customer's facilities without the express written permission of SISW,
# // and may not be used in any way not expressly authorized by SISW.
# //
# Loading std.standard
# Loading std.textio(body)
# Loading ieee.std_logic_1164(body)
# Loading ieee.std_logic_textio(body)
# Loading std.env(body)
# Loading work.tb(mixed)#1
# Loading ieee.numeric_std(body)
# Loading work.riscv_types(body)
# Loading work.riscv_processor(structure)#1
# Loading work.mem(rtl)#1
# Loading work.fetch(structural)#1
# Loading work.adder_n(rtl)#1
# Loading work.mux2t1_n(rtl)#1
# Loading work.ifid_reg(behavioral)#1
# Loading work.idex_reg(behavioral)#1
# Loading work.exmem_reg(behavioral)#1
# Loading work.memwb_reg(behavioral)#1
# Loading work.control(dataflow)#1
# Loading work.alu_control(dataflow)#1
# Loading work.regfile(rtl)#1
# Loading work.decoder5t32(dataflow)#1
# Loading work.reg_n(structural)#1
# Loading work.dffg(mixed)#1
# Loading work.mux32_1(rtl)#1
# Loading work.immgen(dataflow)#1
# Loading work.alu(structural)#1
# Loading work.barrelshifter(dataflow)#1
# ** Warning: (vsim-8683) Uninitialized out port /tb/MyRiscv/u_MEMWB/o_Instr(31 downto 7) has no driver.
# This port will contribute value (25'hXXXXXXX) to the signal network.
# ** Warning: (vsim-8683) Uninitialized out port /tb/MyRiscv/u_MEMWB/o_Instr(6 downto 0) has no driver.
# This port will contribute value (7'hXX) to the signal network.
# ** Note: (vsim-8716) Reusing existing debug database vsim.dbg.
# do modelsim_framework.do
# ** Warning: NUMERIC_STD."<": metavalue detected, returning FALSE
#    Time: 0 ns  Iteration: 0  Instance: /tb/MyRiscv
# ** Warning: NUMERIC_STD."<": metavalue detected, returning FALSE
#    Time: 0 ns  Iteration: 0  Instance: /tb/MyRiscv
# ** Warning: NUMERIC_STD.TO_INTEGER: metavalue detected, returning 0
#    Time: 0 ns  Iteration: 0  Instance: /tb/MyRiscv/u_regfile/MUXB
# ** Warning: NUMERIC_STD.TO_INTEGER: metavalue detected, returning 0
#    Time: 0 ns  Iteration: 0  Instance: /tb/MyRiscv/u_regfile/MUXA
# ** Warning: NUMERIC_STD.TO_INTEGER: metavalue detected, returning 0
#    Time: 0 ns  Iteration: 0  Instance: /tb/MyRiscv/DMem
# ** Warning: NUMERIC_STD.TO_INTEGER: metavalue detected, returning 0
#    Time: 0 ns  Iteration: 0  Instance: /tb/MyRiscv/IMem
# ** Warning: NUMERIC_STD.TO_INTEGER: metavalue detected, returning 0
#    Time: 0 ns  Iteration: 1  Instance: /tb/MyRiscv/u_alu/u_shifter
# ** Warning: NUMERIC_STD.TO_INTEGER: metavalue detected, returning 0
#    Time: 0 ns  Iteration: 1  Instance: /tb/MyRiscv/u_regfile/MUXA
# ** Warning: NUMERIC_STD.TO_INTEGER: metavalue detected, returning 0
#    Time: 0 ns  Iteration: 1  Instance: /tb/MyRiscv/u_regfile/MUXB
# ** Warning: NUMERIC_STD."<": metavalue detected, returning FALSE
#    Time: 0 ns  Iteration: 1  Instance: /tb/MyRiscv
# ** Warning: NUMERIC_STD."<": metavalue detected, returning FALSE
#    Time: 0 ns  Iteration: 1  Instance: /tb/MyRiscv
# ** Warning: NUMERIC_STD.TO_INTEGER: metavalue detected, returning 0
#    Time: 220 ns  Iteration: 2  Instance: /tb/MyRiscv/u_regfile/MUXB
# ** Warning: NUMERIC_STD.TO_INTEGER: metavalue detected, returning 0
#    Time: 220 ns  Iteration: 2  Instance: /tb/MyRiscv/u_regfile/MUXA
# ** Warning: NUMERIC_STD.TO_INTEGER: metavalue detected, returning 0
#    Time: 260 ns  Iteration: 5  Instance: /tb/MyRiscv/u_regfile/MUXA
# ** Warning: NUMERIC_STD.TO_INTEGER: metavalue detected, returning 0
#    Time: 260 ns  Iteration: 5  Instance: /tb/MyRiscv/u_regfile/MUXB
# ** Warning: NUMERIC_STD.TO_INTEGER: metavalue detected, returning 0
#    Time: 15320 ns  Iteration: 2  Instance: /tb/MyRiscv/u_regfile/MUXB
# ** Warning: NUMERIC_STD.TO_INTEGER: metavalue detected, returning 0
#    Time: 15320 ns  Iteration: 2  Instance: /tb/MyRiscv/u_regfile/MUXA
# ** Warning: NUMERIC_STD.TO_INTEGER: metavalue detected, returning 0
#    Time: 15360 ns  Iteration: 5  Instance: /tb/MyRiscv/u_regfile/MUXA
# ** Warning: NUMERIC_STD.TO_INTEGER: metavalue detected, returning 0
#    Time: 15360 ns  Iteration: 5  Instance: /tb/MyRiscv/u_regfile/MUXB
# ** Warning: NUMERIC_STD.TO_INTEGER: metavalue detected, returning 0
#    Time: 30420 ns  Iteration: 2  Instance: /tb/MyRiscv/u_regfile/MUXB
# ** Warning: NUMERIC_STD.TO_INTEGER: metavalue detected, returning 0
#    Time: 30420 ns  Iteration: 2  Instance: /tb/MyRiscv/u_regfile/MUXA
# ** Warning: NUMERIC_STD.TO_INTEGER: metavalue detected, returning 0
#    Time: 30460 ns  Iteration: 5  Instance: /tb/MyRiscv/u_regfile/MUXA
# ** Warning: NUMERIC_STD.TO_INTEGER: metavalue detected, returning 0
#    Time: 30460 ns  Iteration: 5  Instance: /tb/MyRiscv/u_regfile/MUXB
# ** Warning: NUMERIC_STD.TO_INTEGER: metavalue detected, returning 0
#    Time: 45520 ns  Iteration: 2  Instance: /tb/MyRiscv/u_regfile/MUXB
# ** Warning: NUMERIC_STD.TO_INTEGER: metavalue detected, returning 0
#    Time: 45520 ns  Iteration: 2  Instance: /tb/MyRiscv/u_regfile/MUXA
# ** Warning: NUMERIC_STD.TO_INTEGER: metavalue detected, returning 0
#    Time: 45560 ns  Iteration: 5  Instance: /tb/MyRiscv/u_regfile/MUXA
# ** Warning: NUMERIC_STD.TO_INTEGER: metavalue detected, returning 0
#    Time: 45560 ns  Iteration: 5  Instance: /tb/MyRiscv/u_regfile/MUXB
# ** Warning: NUMERIC_STD.TO_INTEGER: metavalue detected, returning 0
#    Time: 60620 ns  Iteration: 2  Instance: /tb/MyRiscv/u_regfile/MUXB
# ** Warning: NUMERIC_STD.TO_INTEGER: metavalue detected, returning 0
#    Time: 60620 ns  Iteration: 2  Instance: /tb/MyRiscv/u_regfile/MUXA
# ** Warning: NUMERIC_STD.TO_INTEGER: metavalue detected, returning 0
#    Time: 60660 ns  Iteration: 5  Instance: /tb/MyRiscv/u_regfile/MUXA
# ** Warning: NUMERIC_STD.TO_INTEGER: metavalue detected, returning 0
#    Time: 60660 ns  Iteration: 5  Instance: /tb/MyRiscv/u_regfile/MUXB
# ** Warning: NUMERIC_STD.TO_INTEGER: metavalue detected, returning 0
#    Time: 75720 ns  Iteration: 2  Instance: /tb/MyRiscv/u_regfile/MUXB
# ** Warning: NUMERIC_STD.TO_INTEGER: metavalue detected, returning 0
#    Time: 75720 ns  Iteration: 2  Instance: /tb/MyRiscv/u_regfile/MUXA
# ** Warning: NUMERIC_STD.TO_INTEGER: metavalue detected, returning 0
#    Time: 75760 ns  Iteration: 5  Instance: /tb/MyRiscv/u_regfile/MUXA
# ** Warning: NUMERIC_STD.TO_INTEGER: metavalue detected, returning 0
#    Time: 75760 ns  Iteration: 5  Instance: /tb/MyRiscv/u_regfile/MUXB
# ** Warning: NUMERIC_STD.TO_INTEGER: metavalue detected, returning 0
#    Time: 90820 ns  Iteration: 2  Instance: /tb/MyRiscv/u_regfile/MUXB
# ** Warning: NUMERIC_STD.TO_INTEGER: metavalue detected, returning 0
#    Time: 90820 ns  Iteration: 2  Instance: /tb/MyRiscv/u_regfile/MUXA
# ** Warning: NUMERIC_STD.TO_INTEGER: metavalue detected, returning 0
#    Time: 90860 ns  Iteration: 5  Instance: /tb/MyRiscv/u_regfile/MUXA
# ** Warning: NUMERIC_STD.TO_INTEGER: metavalue detected, returning 0
#    Time: 90860 ns  Iteration: 5  Instance: /tb/MyRiscv/u_regfile/MUXB
# ** Warning: NUMERIC_STD.TO_INTEGER: metavalue detected, returning 0
#    Time: 105920 ns  Iteration: 2  Instance: /tb/MyRiscv/u_regfile/MUXB
# ** Warning: NUMERIC_STD.TO_INTEGER: metavalue detected, returning 0
#    Time: 105920 ns  Iteration: 2  Instance: /tb/MyRiscv/u_regfile/MUXA
# ** Warning: NUMERIC_STD.TO_INTEGER: metavalue detected, returning 0
#    Time: 105960 ns  Iteration: 5  Instance: /tb/MyRiscv/u_regfile/MUXA
# ** Warning: NUMERIC_STD.TO_INTEGER: metavalue detected, returning 0
#    Time: 105960 ns  Iteration: 5  Instance: /tb/MyRiscv/u_regfile/MUXB
# ** Warning: NUMERIC_STD.TO_INTEGER: metavalue detected, returning 0
#    Time: 121020 ns  Iteration: 2  Instance: /tb/MyRiscv/u_regfile/MUXB
# ** Warning: NUMERIC_STD.TO_INTEGER: metavalue detected, returning 0
#    Time: 121020 ns  Iteration: 2  Instance: /tb/MyRiscv/u_regfile/MUXA
# ** Warning: NUMERIC_STD.TO_INTEGER: metavalue detected, returning 0
#    Time: 121060 ns  Iteration: 5  Instance: /tb/MyRiscv/u_regfile/MUXA
# ** Warning: NUMERIC_STD.TO_INTEGER: metavalue detected, returning 0
#    Time: 121060 ns  Iteration: 5  Instance: /tb/MyRiscv/u_regfile/MUXB
# ** Warning: NUMERIC_STD.TO_INTEGER: metavalue detected, returning 0
#    Time: 136120 ns  Iteration: 2  Instance: /tb/MyRiscv/u_regfile/MUXB
# ** Warning: NUMERIC_STD.TO_INTEGER: metavalue detected, returning 0
#    Time: 136120 ns  Iteration: 2  Instance: /tb/MyRiscv/u_regfile/MUXA
# ** Warning: NUMERIC_STD.TO_INTEGER: metavalue detected, returning 0
#    Time: 136160 ns  Iteration: 5  Instance: /tb/MyRiscv/u_regfile/MUXA
# ** Warning: NUMERIC_STD.TO_INTEGER: metavalue detected, returning 0
#    Time: 136160 ns  Iteration: 5  Instance: /tb/MyRiscv/u_regfile/MUXB
# ** Warning: NUMERIC_STD.TO_INTEGER: metavalue detected, returning 0
#    Time: 151220 ns  Iteration: 2  Instance: /tb/MyRiscv/u_regfile/MUXB
# ** Warning: NUMERIC_STD.TO_INTEGER: metavalue detected, returning 0
#    Time: 151220 ns  Iteration: 2  Instance: /tb/MyRiscv/u_regfile/MUXA
# ** Warning: NUMERIC_STD.TO_INTEGER: metavalue detected, returning 0
#    Time: 151260 ns  Iteration: 5  Instance: /tb/MyRiscv/u_regfile/MUXA
# ** Warning: NUMERIC_STD.TO_INTEGER: metavalue detected, returning 0
#    Time: 151260 ns  Iteration: 5  Instance: /tb/MyRiscv/u_regfile/MUXB
# ** Warning: NUMERIC_STD.TO_INTEGER: metavalue detected, returning 0
#    Time: 166320 ns  Iteration: 2  Instance: /tb/MyRiscv/u_regfile/MUXB
# ** Warning: NUMERIC_STD.TO_INTEGER: metavalue detected, returning 0
#    Time: 166320 ns  Iteration: 2  Instance: /tb/MyRiscv/u_regfile/MUXA
# ** Warning: NUMERIC_STD.TO_INTEGER: metavalue detected, returning 0
#    Time: 166360 ns  Iteration: 5  Instance: /tb/MyRiscv/u_regfile/MUXA
# ** Warning: NUMERIC_STD.TO_INTEGER: metavalue detected, returning 0
#    Time: 166360 ns  Iteration: 5  Instance: /tb/MyRiscv/u_regfile/MUXB
# ** Warning: NUMERIC_STD.TO_INTEGER: metavalue detected, returning 0
#    Time: 181420 ns  Iteration: 2  Instance: /tb/MyRiscv/u_regfile/MUXB
# ** Warning: NUMERIC_STD.TO_INTEGER: metavalue detected, returning 0
#    Time: 181420 ns  Iteration: 2  Instance: /tb/MyRiscv/u_regfile/MUXA
# ** Warning: NUMERIC_STD.TO_INTEGER: metavalue detected, returning 0
#    Time: 181460 ns  Iteration: 5  Instance: /tb/MyRiscv/u_regfile/MUXA
# ** Warning: NUMERIC_STD.TO_INTEGER: metavalue detected, returning 0
#    Time: 181460 ns  Iteration: 5  Instance: /tb/MyRiscv/u_regfile/MUXB
# ** Warning: NUMERIC_STD.TO_INTEGER: metavalue detected, returning 0
#    Time: 196520 ns  Iteration: 2  Instance: /tb/MyRiscv/u_regfile/MUXB
# ** Warning: NUMERIC_STD.TO_INTEGER: metavalue detected, returning 0
#    Time: 196520 ns  Iteration: 2  Instance: /tb/MyRiscv/u_regfile/MUXA
# ** Warning: NUMERIC_STD.TO_INTEGER: metavalue detected, returning 0
#    Time: 196560 ns  Iteration: 5  Instance: /tb/MyRiscv/u_regfile/MUXA
# ** Warning: NUMERIC_STD.TO_INTEGER: metavalue detected, returning 0
#    Time: 196560 ns  Iteration: 5  Instance: /tb/MyRiscv/u_regfile/MUXB
# ** Warning: NUMERIC_STD.TO_INTEGER: metavalue detected, returning 0
#    Time: 211620 ns  Iteration: 2  Instance: /tb/MyRiscv/u_regfile/MUXB
# ** Warning: NUMERIC_STD.TO_INTEGER: metavalue detected, returning 0
#    Time: 211620 ns  Iteration: 2  Instance: /tb/MyRiscv/u_regfile/MUXA
# ** Warning: NUMERIC_STD.TO_INTEGER: metavalue detected, returning 0
#    Time: 211660 ns  Iteration: 5  Instance: /tb/MyRiscv/u_regfile/MUXA
# ** Warning: NUMERIC_STD.TO_INTEGER: metavalue detected, returning 0
#    Time: 211660 ns  Iteration: 5  Instance: /tb/MyRiscv/u_regfile/MUXB
# ** Warning: NUMERIC_STD.TO_INTEGER: metavalue detected, returning 0
#    Time: 226720 ns  Iteration: 2  Instance: /tb/MyRiscv/u_regfile/MUXB
# ** Warning: NUMERIC_STD.TO_INTEGER: metavalue detected, returning 0
#    Time: 226720 ns  Iteration: 2  Instance: /tb/MyRiscv/u_regfile/MUXA
# ** Warning: NUMERIC_STD.TO_INTEGER: metavalue detected, returning 0
#    Time: 226760 ns  Iteration: 5  Instance: /tb/MyRiscv/u_regfile/MUXA
# ** Warning: NUMERIC_STD.TO_INTEGER: metavalue detected, returning 0
#    Time: 226760 ns  Iteration: 5  Instance: /tb/MyRiscv/u_regfile/MUXB
# ** Warning: NUMERIC_STD.TO_INTEGER: metavalue detected, returning 0
#    Time: 241820 ns  Iteration: 2  Instance: /tb/MyRiscv/u_regfile/MUXB
# ** Warning: NUMERIC_STD.TO_INTEGER: metavalue detected, returning 0
#    Time: 241820 ns  Iteration: 2  Instance: /tb/MyRiscv/u_regfile/MUXA
# ** Warning: NUMERIC_STD.TO_INTEGER: metavalue detected, returning 0
#    Time: 241860 ns  Iteration: 5  Instance: /tb/MyRiscv/u_regfile/MUXA
# ** Warning: NUMERIC_STD.TO_INTEGER: metavalue detected, returning 0
#    Time: 241860 ns  Iteration: 5  Instance: /tb/MyRiscv/u_regfile/MUXB
# ** Warning: NUMERIC_STD.TO_INTEGER: metavalue detected, returning 0
#    Time: 256920 ns  Iteration: 2  Instance: /tb/MyRiscv/u_regfile/MUXB
# ** Warning: NUMERIC_STD.TO_INTEGER: metavalue detected, returning 0
#    Time: 256920 ns  Iteration: 2  Instance: /tb/MyRiscv/u_regfile/MUXA
# ** Warning: NUMERIC_STD.TO_INTEGER: metavalue detected, returning 0
#    Time: 256960 ns  Iteration: 5  Instance: /tb/MyRiscv/u_regfile/MUXA
# ** Warning: NUMERIC_STD.TO_INTEGER: metavalue detected, returning 0
#    Time: 256960 ns  Iteration: 5  Instance: /tb/MyRiscv/u_regfile/MUXB
# ** Warning: NUMERIC_STD.TO_INTEGER: metavalue detected, returning 0
#    Time: 272020 ns  Iteration: 2  Instance: /tb/MyRiscv/u_regfile/MUXB
# ** Warning: NUMERIC_STD.TO_INTEGER: metavalue detected, returning 0
#    Time: 272020 ns  Iteration: 2  Instance: /tb/MyRiscv/u_regfile/MUXA
# ** Warning: NUMERIC_STD.TO_INTEGER: metavalue detected, returning 0
#    Time: 272060 ns  Iteration: 5  Instance: /tb/MyRiscv/u_regfile/MUXA
# ** Warning: NUMERIC_STD.TO_INTEGER: metavalue detected, returning 0
#    Time: 272060 ns  Iteration: 5  Instance: /tb/MyRiscv/u_regfile/MUXB
# ** Warning: NUMERIC_STD.TO_INTEGER: metavalue detected, returning 0
#    Time: 287120 ns  Iteration: 2  Instance: /tb/MyRiscv/u_regfile/MUXB
# ** Warning: NUMERIC_STD.TO_INTEGER: metavalue detected, returning 0
#    Time: 287120 ns  Iteration: 2  Instance: /tb/MyRiscv/u_regfile/MUXA
# ** Warning: NUMERIC_STD.TO_INTEGER: metavalue detected, returning 0
#    Time: 287160 ns  Iteration: 5  Instance: /tb/MyRiscv/u_regfile/MUXA
# ** Warning: NUMERIC_STD.TO_INTEGER: metavalue detected, returning 0
#    Time: 287160 ns  Iteration: 5  Instance: /tb/MyRiscv/u_regfile/MUXB
# ** Warning: NUMERIC_STD.TO_INTEGER: metavalue detected, returning 0
#    Time: 302220 ns  Iteration: 2  Instance: /tb/MyRiscv/u_regfile/MUXB
# ** Warning: NUMERIC_STD.TO_INTEGER: metavalue detected, returning 0
#    Time: 302220 ns  Iteration: 2  Instance: /tb/MyRiscv/u_regfile/MUXA
# ** Warning: NUMERIC_STD.TO_INTEGER: metavalue detected, returning 0
#    Time: 302260 ns  Iteration: 5  Instance: /tb/MyRiscv/u_regfile/MUXA
# ** Warning: NUMERIC_STD.TO_INTEGER: metavalue detected, returning 0
#    Time: 302260 ns  Iteration: 5  Instance: /tb/MyRiscv/u_regfile/MUXB
# ** Warning: NUMERIC_STD.TO_INTEGER: metavalue detected, returning 0
#    Time: 317320 ns  Iteration: 2  Instance: /tb/MyRiscv/u_regfile/MUXB
# ** Warning: NUMERIC_STD.TO_INTEGER: metavalue detected, returning 0
#    Time: 317320 ns  Iteration: 2  Instance: /tb/MyRiscv/u_regfile/MUXA
# ** Warning: NUMERIC_STD.TO_INTEGER: metavalue detected, returning 0
#    Time: 317360 ns  Iteration: 5  Instance: /tb/MyRiscv/u_regfile/MUXA
# ** Warning: NUMERIC_STD.TO_INTEGER: metavalue detected, returning 0
#    Time: 317360 ns  Iteration: 5  Instance: /tb/MyRiscv/u_regfile/MUXB
# ** Warning: NUMERIC_STD.TO_INTEGER: metavalue detected, returning 0
#    Time: 332420 ns  Iteration: 2  Instance: /tb/MyRiscv/u_regfile/MUXB
# ** Warning: NUMERIC_STD.TO_INTEGER: metavalue detected, returning 0
#    Time: 332420 ns  Iteration: 2  Instance: /tb/MyRiscv/u_regfile/MUXA
# ** Warning: NUMERIC_STD.TO_INTEGER: metavalue detected, returning 0
#    Time: 332460 ns  Iteration: 5  Instance: /tb/MyRiscv/u_regfile/MUXA
# ** Warning: NUMERIC_STD.TO_INTEGER: metavalue detected, returning 0
#    Time: 332460 ns  Iteration: 5  Instance: /tb/MyRiscv/u_regfile/MUXB
# ** Warning: NUMERIC_STD.TO_INTEGER: metavalue detected, returning 0
#    Time: 347520 ns  Iteration: 2  Instance: /tb/MyRiscv/u_regfile/MUXB
# ** Warning: NUMERIC_STD.TO_INTEGER: metavalue detected, returning 0
#    Time: 347520 ns  Iteration: 2  Instance: /tb/MyRiscv/u_regfile/MUXA
# ** Warning: NUMERIC_STD.TO_INTEGER: metavalue detected, returning 0
#    Time: 347560 ns  Iteration: 5  Instance: /tb/MyRiscv/u_regfile/MUXA
# ** Warning: NUMERIC_STD.TO_INTEGER: metavalue detected, returning 0
#    Time: 347560 ns  Iteration: 5  Instance: /tb/MyRiscv/u_regfile/MUXB
# ** Warning: NUMERIC_STD.TO_INTEGER: metavalue detected, returning 0
#    Time: 362620 ns  Iteration: 2  Instance: /tb/MyRiscv/u_regfile/MUXB
# ** Warning: NUMERIC_STD.TO_INTEGER: metavalue detected, returning 0
#    Time: 362620 ns  Iteration: 2  Instance: /tb/MyRiscv/u_regfile/MUXA
# ** Warning: NUMERIC_STD.TO_INTEGER: metavalue detected, returning 0
#    Time: 362660 ns  Iteration: 5  Instance: /tb/MyRiscv/u_regfile/MUXA
# ** Warning: NUMERIC_STD.TO_INTEGER: metavalue detected, returning 0
#    Time: 362660 ns  Iteration: 5  Instance: /tb/MyRiscv/u_regfile/MUXB
# ** Warning: NUMERIC_STD.TO_INTEGER: metavalue detected, returning 0
#    Time: 377720 ns  Iteration: 2  Instance: /tb/MyRiscv/u_regfile/MUXB
# ** Warning: NUMERIC_STD.TO_INTEGER: metavalue detected, returning 0
#    Time: 377720 ns  Iteration: 2  Instance: /tb/MyRiscv/u_regfile/MUXA
# ** Warning: NUMERIC_STD.TO_INTEGER: metavalue detected, returning 0
#    Time: 377760 ns  Iteration: 5  Instance: /tb/MyRiscv/u_regfile/MUXA
# ** Warning: NUMERIC_STD.TO_INTEGER: metavalue detected, returning 0
#    Time: 377760 ns  Iteration: 5  Instance: /tb/MyRiscv/u_regfile/MUXB
# ** Warning: NUMERIC_STD.TO_INTEGER: metavalue detected, returning 0
#    Time: 392820 ns  Iteration: 2  Instance: /tb/MyRiscv/u_regfile/MUXB
# ** Warning: NUMERIC_STD.TO_INTEGER: metavalue detected, returning 0
#    Time: 392820 ns  Iteration: 2  Instance: /tb/MyRiscv/u_regfile/MUXA
# ** Warning: NUMERIC_STD.TO_INTEGER: metavalue detected, returning 0
#    Time: 392860 ns  Iteration: 5  Instance: /tb/MyRiscv/u_regfile/MUXA
# ** Warning: NUMERIC_STD.TO_INTEGER: metavalue detected, returning 0
#    Time: 392860 ns  Iteration: 5  Instance: /tb/MyRiscv/u_regfile/MUXB
# ** Warning: NUMERIC_STD.TO_INTEGER: metavalue detected, returning 0
#    Time: 407920 ns  Iteration: 2  Instance: /tb/MyRiscv/u_regfile/MUXB
# ** Warning: NUMERIC_STD.TO_INTEGER: metavalue detected, returning 0
#    Time: 407920 ns  Iteration: 2  Instance: /tb/MyRiscv/u_regfile/MUXA
# ** Warning: NUMERIC_STD.TO_INTEGER: metavalue detected, returning 0
#    Time: 407960 ns  Iteration: 5  Instance: /tb/MyRiscv/u_regfile/MUXA
# ** Warning: NUMERIC_STD.TO_INTEGER: metavalue detected, returning 0
#    Time: 407960 ns  Iteration: 5  Instance: /tb/MyRiscv/u_regfile/MUXB
# ** Warning: NUMERIC_STD.TO_INTEGER: metavalue detected, returning 0
#    Time: 423020 ns  Iteration: 2  Instance: /tb/MyRiscv/u_regfile/MUXB
# ** Warning: NUMERIC_STD.TO_INTEGER: metavalue detected, returning 0
#    Time: 423020 ns  Iteration: 2  Instance: /tb/MyRiscv/u_regfile/MUXA
# ** Warning: NUMERIC_STD.TO_INTEGER: metavalue detected, returning 0
#    Time: 423060 ns  Iteration: 5  Instance: /tb/MyRiscv/u_regfile/MUXA
# ** Warning: NUMERIC_STD.TO_INTEGER: metavalue detected, returning 0
#    Time: 423060 ns  Iteration: 5  Instance: /tb/MyRiscv/u_regfile/MUXB
# ** Warning: NUMERIC_STD.TO_INTEGER: metavalue detected, returning 0
#    Time: 438120 ns  Iteration: 2  Instance: /tb/MyRiscv/u_regfile/MUXB
# ** Warning: NUMERIC_STD.TO_INTEGER: metavalue detected, returning 0
#    Time: 438120 ns  Iteration: 2  Instance: /tb/MyRiscv/u_regfile/MUXA
# ** Warning: NUMERIC_STD.TO_INTEGER: metavalue detected, returning 0
#    Time: 438160 ns  Iteration: 5  Instance: /tb/MyRiscv/u_regfile/MUXA
# ** Warning: NUMERIC_STD.TO_INTEGER: metavalue detected, returning 0
#    Time: 438160 ns  Iteration: 5  Instance: /tb/MyRiscv/u_regfile/MUXB
# ** Warning: NUMERIC_STD.TO_INTEGER: metavalue detected, returning 0
#    Time: 453220 ns  Iteration: 2  Instance: /tb/MyRiscv/u_regfile/MUXB
# ** Warning: NUMERIC_STD.TO_INTEGER: metavalue detected, returning 0
#    Time: 453220 ns  Iteration: 2  Instance: /tb/MyRiscv/u_regfile/MUXA
# ** Warning: NUMERIC_STD.TO_INTEGER: metavalue detected, returning 0
#    Time: 453260 ns  Iteration: 5  Instance: /tb/MyRiscv/u_regfile/MUXA
# ** Warning: NUMERIC_STD.TO_INTEGER: metavalue detected, returning 0
#    Time: 453260 ns  Iteration: 5  Instance: /tb/MyRiscv/u_regfile/MUXB
# ** Warning: NUMERIC_STD.TO_INTEGER: metavalue detected, returning 0
#    Time: 468320 ns  Iteration: 2  Instance: /tb/MyRiscv/u_regfile/MUXB
# ** Warning: NUMERIC_STD.TO_INTEGER: metavalue detected, returning 0
#    Time: 468320 ns  Iteration: 2  Instance: /tb/MyRiscv/u_regfile/MUXA
# ** Warning: NUMERIC_STD.TO_INTEGER: metavalue detected, returning 0
#    Time: 468360 ns  Iteration: 5  Instance: /tb/MyRiscv/u_regfile/MUXA
# ** Warning: NUMERIC_STD.TO_INTEGER: metavalue detected, returning 0
#    Time: 468360 ns  Iteration: 5  Instance: /tb/MyRiscv/u_regfile/MUXB
# ** Warning: NUMERIC_STD.TO_INTEGER: metavalue detected, returning 0
#    Time: 483420 ns  Iteration: 2  Instance: /tb/MyRiscv/u_regfile/MUXB
# ** Warning: NUMERIC_STD.TO_INTEGER: metavalue detected, returning 0
#    Time: 483420 ns  Iteration: 2  Instance: /tb/MyRiscv/u_regfile/MUXA
# ** Warning: NUMERIC_STD.TO_INTEGER: metavalue detected, returning 0
#    Time: 483460 ns  Iteration: 5  Instance: /tb/MyRiscv/u_regfile/MUXA
# ** Warning: NUMERIC_STD.TO_INTEGER: metavalue detected, returning 0
#    Time: 483460 ns  Iteration: 5  Instance: /tb/MyRiscv/u_regfile/MUXB
# ** Warning: NUMERIC_STD.TO_INTEGER: metavalue detected, returning 0
#    Time: 498520 ns  Iteration: 2  Instance: /tb/MyRiscv/u_regfile/MUXB
# ** Warning: NUMERIC_STD.TO_INTEGER: metavalue detected, returning 0
#    Time: 498520 ns  Iteration: 2  Instance: /tb/MyRiscv/u_regfile/MUXA
# ** Warning: NUMERIC_STD.TO_INTEGER: metavalue detected, returning 0
#    Time: 498560 ns  Iteration: 5  Instance: /tb/MyRiscv/u_regfile/MUXA
# ** Warning: NUMERIC_STD.TO_INTEGER: metavalue detected, returning 0
#    Time: 498560 ns  Iteration: 5  Instance: /tb/MyRiscv/u_regfile/MUXB
# ** Warning: NUMERIC_STD.TO_INTEGER: metavalue detected, returning 0
#    Time: 513620 ns  Iteration: 2  Instance: /tb/MyRiscv/u_regfile/MUXB
# ** Warning: NUMERIC_STD.TO_INTEGER: metavalue detected, returning 0
#    Time: 513620 ns  Iteration: 2  Instance: /tb/MyRiscv/u_regfile/MUXA
# ** Warning: NUMERIC_STD.TO_INTEGER: metavalue detected, returning 0
#    Time: 513660 ns  Iteration: 5  Instance: /tb/MyRiscv/u_regfile/MUXA
# ** Warning: NUMERIC_STD.TO_INTEGER: metavalue detected, returning 0
#    Time: 513660 ns  Iteration: 5  Instance: /tb/MyRiscv/u_regfile/MUXB
# ** Warning: NUMERIC_STD.TO_INTEGER: metavalue detected, returning 0
#    Time: 528720 ns  Iteration: 2  Instance: /tb/MyRiscv/u_regfile/MUXB
# ** Warning: NUMERIC_STD.TO_INTEGER: metavalue detected, returning 0
#    Time: 528720 ns  Iteration: 2  Instance: /tb/MyRiscv/u_regfile/MUXA
# ** Warning: NUMERIC_STD.TO_INTEGER: metavalue detected, returning 0
#    Time: 528760 ns  Iteration: 5  Instance: /tb/MyRiscv/u_regfile/MUXA
# ** Warning: NUMERIC_STD.TO_INTEGER: metavalue detected, returning 0
#    Time: 528760 ns  Iteration: 5  Instance: /tb/MyRiscv/u_regfile/MUXB
# ** Warning: NUMERIC_STD.TO_INTEGER: metavalue detected, returning 0
#    Time: 543820 ns  Iteration: 2  Instance: /tb/MyRiscv/u_regfile/MUXB
# ** Warning: NUMERIC_STD.TO_INTEGER: metavalue detected, returning 0
#    Time: 543820 ns  Iteration: 2  Instance: /tb/MyRiscv/u_regfile/MUXA
# ** Warning: NUMERIC_STD.TO_INTEGER: metavalue detected, returning 0
#    Time: 543860 ns  Iteration: 5  Instance: /tb/MyRiscv/u_regfile/MUXA
# ** Warning: NUMERIC_STD.TO_INTEGER: metavalue detected, returning 0
#    Time: 543860 ns  Iteration: 5  Instance: /tb/MyRiscv/u_regfile/MUXB
# ** Warning: NUMERIC_STD.TO_INTEGER: metavalue detected, returning 0
#    Time: 558920 ns  Iteration: 2  Instance: /tb/MyRiscv/u_regfile/MUXB
# ** Warning: NUMERIC_STD.TO_INTEGER: metavalue detected, returning 0
#    Time: 558920 ns  Iteration: 2  Instance: /tb/MyRiscv/u_regfile/MUXA
# ** Warning: NUMERIC_STD.TO_INTEGER: metavalue detected, returning 0
#    Time: 558960 ns  Iteration: 5  Instance: /tb/MyRiscv/u_regfile/MUXA
# ** Warning: NUMERIC_STD.TO_INTEGER: metavalue detected, returning 0
#    Time: 558960 ns  Iteration: 5  Instance: /tb/MyRiscv/u_regfile/MUXB
# ** Warning: NUMERIC_STD.TO_INTEGER: metavalue detected, returning 0
#    Time: 574020 ns  Iteration: 2  Instance: /tb/MyRiscv/u_regfile/MUXB
# ** Warning: NUMERIC_STD.TO_INTEGER: metavalue detected, returning 0
#    Time: 574020 ns  Iteration: 2  Instance: /tb/MyRiscv/u_regfile/MUXA
# ** Warning: NUMERIC_STD.TO_INTEGER: metavalue detected, returning 0
#    Time: 574060 ns  Iteration: 5  Instance: /tb/MyRiscv/u_regfile/MUXA
# ** Warning: NUMERIC_STD.TO_INTEGER: metavalue detected, returning 0
#    Time: 574060 ns  Iteration: 5  Instance: /tb/MyRiscv/u_regfile/MUXB
# ** Warning: NUMERIC_STD.TO_INTEGER: metavalue detected, returning 0
#    Time: 589120 ns  Iteration: 2  Instance: /tb/MyRiscv/u_regfile/MUXB
# ** Warning: NUMERIC_STD.TO_INTEGER: metavalue detected, returning 0
#    Time: 589120 ns  Iteration: 2  Instance: /tb/MyRiscv/u_regfile/MUXA
# ** Warning: NUMERIC_STD.TO_INTEGER: metavalue detected, returning 0
#    Time: 589160 ns  Iteration: 5  Instance: /tb/MyRiscv/u_regfile/MUXA
# ** Warning: NUMERIC_STD.TO_INTEGER: metavalue detected, returning 0
#    Time: 589160 ns  Iteration: 5  Instance: /tb/MyRiscv/u_regfile/MUXB
# ** Warning: NUMERIC_STD.TO_INTEGER: metavalue detected, returning 0
#    Time: 604220 ns  Iteration: 2  Instance: /tb/MyRiscv/u_regfile/MUXB
# ** Warning: NUMERIC_STD.TO_INTEGER: metavalue detected, returning 0
#    Time: 604220 ns  Iteration: 2  Instance: /tb/MyRiscv/u_regfile/MUXA
# ** Warning: NUMERIC_STD.TO_INTEGER: metavalue detected, returning 0
#    Time: 604260 ns  Iteration: 5  Instance: /tb/MyRiscv/u_regfile/MUXA
# ** Warning: NUMERIC_STD.TO_INTEGER: metavalue detected, returning 0
#    Time: 604260 ns  Iteration: 5  Instance: /tb/MyRiscv/u_regfile/MUXB
# ** Warning: NUMERIC_STD.TO_INTEGER: metavalue detected, returning 0
#    Time: 619320 ns  Iteration: 2  Instance: /tb/MyRiscv/u_regfile/MUXB
# ** Warning: NUMERIC_STD.TO_INTEGER: metavalue detected, returning 0
#    Time: 619320 ns  Iteration: 2  Instance: /tb/MyRiscv/u_regfile/MUXA
# ** Warning: NUMERIC_STD.TO_INTEGER: metavalue detected, returning 0
#    Time: 619360 ns  Iteration: 5  Instance: /tb/MyRiscv/u_regfile/MUXA
# ** Warning: NUMERIC_STD.TO_INTEGER: metavalue detected, returning 0
#    Time: 619360 ns  Iteration: 5  Instance: /tb/MyRiscv/u_regfile/MUXB
# ** Warning: NUMERIC_STD.TO_INTEGER: metavalue detected, returning 0
#    Time: 634420 ns  Iteration: 2  Instance: /tb/MyRiscv/u_regfile/MUXB
# ** Warning: NUMERIC_STD.TO_INTEGER: metavalue detected, returning 0
#    Time: 634420 ns  Iteration: 2  Instance: /tb/MyRiscv/u_regfile/MUXA
# ** Warning: NUMERIC_STD.TO_INTEGER: metavalue detected, returning 0
#    Time: 634460 ns  Iteration: 5  Instance: /tb/MyRiscv/u_regfile/MUXA
# ** Warning: NUMERIC_STD.TO_INTEGER: metavalue detected, returning 0
#    Time: 634460 ns  Iteration: 5  Instance: /tb/MyRiscv/u_regfile/MUXB
# ** Warning: NUMERIC_STD.TO_INTEGER: metavalue detected, returning 0
#    Time: 649520 ns  Iteration: 2  Instance: /tb/MyRiscv/u_regfile/MUXB
# ** Warning: NUMERIC_STD.TO_INTEGER: metavalue detected, returning 0
#    Time: 649520 ns  Iteration: 2  Instance: /tb/MyRiscv/u_regfile/MUXA
# ** Warning: NUMERIC_STD.TO_INTEGER: metavalue detected, returning 0
#    Time: 649560 ns  Iteration: 5  Instance: /tb/MyRiscv/u_regfile/MUXA
# ** Warning: NUMERIC_STD.TO_INTEGER: metavalue detected, returning 0
#    Time: 649560 ns  Iteration: 5  Instance: /tb/MyRiscv/u_regfile/MUXB
# ** Warning: NUMERIC_STD.TO_INTEGER: metavalue detected, returning 0
#    Time: 664620 ns  Iteration: 2  Instance: /tb/MyRiscv/u_regfile/MUXB
# ** Warning: NUMERIC_STD.TO_INTEGER: metavalue detected, returning 0
#    Time: 664620 ns  Iteration: 2  Instance: /tb/MyRiscv/u_regfile/MUXA
# ** Warning: NUMERIC_STD.TO_INTEGER: metavalue detected, returning 0
#    Time: 664660 ns  Iteration: 5  Instance: /tb/MyRiscv/u_regfile/MUXA
# ** Warning: NUMERIC_STD.TO_INTEGER: metavalue detected, returning 0
#    Time: 664660 ns  Iteration: 5  Instance: /tb/MyRiscv/u_regfile/MUXB
# ** Warning: NUMERIC_STD.TO_INTEGER: metavalue detected, returning 0
#    Time: 679720 ns  Iteration: 2  Instance: /tb/MyRiscv/u_regfile/MUXB
# ** Warning: NUMERIC_STD.TO_INTEGER: metavalue detected, returning 0
#    Time: 679720 ns  Iteration: 2  Instance: /tb/MyRiscv/u_regfile/MUXA
# ** Warning: NUMERIC_STD.TO_INTEGER: metavalue detected, returning 0
#    Time: 679760 ns  Iteration: 5  Instance: /tb/MyRiscv/u_regfile/MUXA
# ** Warning: NUMERIC_STD.TO_INTEGER: metavalue detected, returning 0
#    Time: 679760 ns  Iteration: 5  Instance: /tb/MyRiscv/u_regfile/MUXB
# ** Warning: NUMERIC_STD.TO_INTEGER: metavalue detected, returning 0
#    Time: 694820 ns  Iteration: 2  Instance: /tb/MyRiscv/u_regfile/MUXB
# ** Warning: NUMERIC_STD.TO_INTEGER: metavalue detected, returning 0
#    Time: 694820 ns  Iteration: 2  Instance: /tb/MyRiscv/u_regfile/MUXA
# ** Warning: NUMERIC_STD.TO_INTEGER: metavalue detected, returning 0
#    Time: 694860 ns  Iteration: 5  Instance: /tb/MyRiscv/u_regfile/MUXA
# ** Warning: NUMERIC_STD.TO_INTEGER: metavalue detected, returning 0
#    Time: 694860 ns  Iteration: 5  Instance: /tb/MyRiscv/u_regfile/MUXB
# ** Warning: NUMERIC_STD.TO_INTEGER: metavalue detected, returning 0
#    Time: 709920 ns  Iteration: 2  Instance: /tb/MyRiscv/u_regfile/MUXB
# ** Warning: NUMERIC_STD.TO_INTEGER: metavalue detected, returning 0
#    Time: 709920 ns  Iteration: 2  Instance: /tb/MyRiscv/u_regfile/MUXA
# ** Warning: NUMERIC_STD.TO_INTEGER: metavalue detected, returning 0
#    Time: 709960 ns  Iteration: 5  Instance: /tb/MyRiscv/u_regfile/MUXA
# ** Warning: NUMERIC_STD.TO_INTEGER: metavalue detected, returning 0
#    Time: 709960 ns  Iteration: 5  Instance: /tb/MyRiscv/u_regfile/MUXB
# ** Warning: NUMERIC_STD.TO_INTEGER: metavalue detected, returning 0
#    Time: 725020 ns  Iteration: 2  Instance: /tb/MyRiscv/u_regfile/MUXB
# ** Warning: NUMERIC_STD.TO_INTEGER: metavalue detected, returning 0
#    Time: 725020 ns  Iteration: 2  Instance: /tb/MyRiscv/u_regfile/MUXA
# ** Warning: NUMERIC_STD.TO_INTEGER: metavalue detected, returning 0
#    Time: 725060 ns  Iteration: 5  Instance: /tb/MyRiscv/u_regfile/MUXA
# ** Warning: NUMERIC_STD.TO_INTEGER: metavalue detected, returning 0
#    Time: 725060 ns  Iteration: 5  Instance: /tb/MyRiscv/u_regfile/MUXB
# ** Warning: NUMERIC_STD.TO_INTEGER: metavalue detected, returning 0
#    Time: 740120 ns  Iteration: 2  Instance: /tb/MyRiscv/u_regfile/MUXB
# ** Warning: NUMERIC_STD.TO_INTEGER: metavalue detected, returning 0
#    Time: 740120 ns  Iteration: 2  Instance: /tb/MyRiscv/u_regfile/MUXA
# ** Warning: NUMERIC_STD.TO_INTEGER: metavalue detected, returning 0
#    Time: 740160 ns  Iteration: 5  Instance: /tb/MyRiscv/u_regfile/MUXA
# ** Warning: NUMERIC_STD.TO_INTEGER: metavalue detected, returning 0
#    Time: 740160 ns  Iteration: 5  Instance: /tb/MyRiscv/u_regfile/MUXB
# ** Warning: NUMERIC_STD.TO_INTEGER: metavalue detected, returning 0
#    Time: 755220 ns  Iteration: 2  Instance: /tb/MyRiscv/u_regfile/MUXB
# ** Warning: NUMERIC_STD.TO_INTEGER: metavalue detected, returning 0
#    Time: 755220 ns  Iteration: 2  Instance: /tb/MyRiscv/u_regfile/MUXA
# ** Warning: NUMERIC_STD.TO_INTEGER: metavalue detected, returning 0
#    Time: 755260 ns  Iteration: 5  Instance: /tb/MyRiscv/u_regfile/MUXA
# ** Warning: NUMERIC_STD.TO_INTEGER: metavalue detected, returning 0
#    Time: 755260 ns  Iteration: 5  Instance: /tb/MyRiscv/u_regfile/MUXB
# ** Warning: NUMERIC_STD.TO_INTEGER: metavalue detected, returning 0
#    Time: 770320 ns  Iteration: 2  Instance: /tb/MyRiscv/u_regfile/MUXB
# ** Warning: NUMERIC_STD.TO_INTEGER: metavalue detected, returning 0
#    Time: 770320 ns  Iteration: 2  Instance: /tb/MyRiscv/u_regfile/MUXA
# ** Warning: NUMERIC_STD.TO_INTEGER: metavalue detected, returning 0
#    Time: 770360 ns  Iteration: 5  Instance: /tb/MyRiscv/u_regfile/MUXA
# ** Warning: NUMERIC_STD.TO_INTEGER: metavalue detected, returning 0
#    Time: 770360 ns  Iteration: 5  Instance: /tb/MyRiscv/u_regfile/MUXB
# ** Warning: NUMERIC_STD.TO_INTEGER: metavalue detected, returning 0
#    Time: 785420 ns  Iteration: 2  Instance: /tb/MyRiscv/u_regfile/MUXB
# ** Warning: NUMERIC_STD.TO_INTEGER: metavalue detected, returning 0
#    Time: 785420 ns  Iteration: 2  Instance: /tb/MyRiscv/u_regfile/MUXA
# ** Warning: NUMERIC_STD.TO_INTEGER: metavalue detected, returning 0
#    Time: 785460 ns  Iteration: 5  Instance: /tb/MyRiscv/u_regfile/MUXA
# ** Warning: NUMERIC_STD.TO_INTEGER: metavalue detected, returning 0
#    Time: 785460 ns  Iteration: 5  Instance: /tb/MyRiscv/u_regfile/MUXB
# ** Warning: NUMERIC_STD.TO_INTEGER: metavalue detected, returning 0
#    Time: 800520 ns  Iteration: 2  Instance: /tb/MyRiscv/u_regfile/MUXB
# ** Warning: NUMERIC_STD.TO_INTEGER: metavalue detected, returning 0
#    Time: 800520 ns  Iteration: 2  Instance: /tb/MyRiscv/u_regfile/MUXA
# ** Warning: NUMERIC_STD.TO_INTEGER: metavalue detected, returning 0
#    Time: 800560 ns  Iteration: 5  Instance: /tb/MyRiscv/u_regfile/MUXA
# ** Warning: NUMERIC_STD.TO_INTEGER: metavalue detected, returning 0
#    Time: 800560 ns  Iteration: 5  Instance: /tb/MyRiscv/u_regfile/MUXB
# ** Warning: NUMERIC_STD.TO_INTEGER: metavalue detected, returning 0
#    Time: 815620 ns  Iteration: 2  Instance: /tb/MyRiscv/u_regfile/MUXB
# ** Warning: NUMERIC_STD.TO_INTEGER: metavalue detected, returning 0
#    Time: 815620 ns  Iteration: 2  Instance: /tb/MyRiscv/u_regfile/MUXA
# ** Warning: NUMERIC_STD.TO_INTEGER: metavalue detected, returning 0
#    Time: 815660 ns  Iteration: 5  Instance: /tb/MyRiscv/u_regfile/MUXA
# ** Warning: NUMERIC_STD.TO_INTEGER: metavalue detected, returning 0
#    Time: 815660 ns  Iteration: 5  Instance: /tb/MyRiscv/u_regfile/MUXB
# ** Warning: NUMERIC_STD.TO_INTEGER: metavalue detected, returning 0
#    Time: 830720 ns  Iteration: 2  Instance: /tb/MyRiscv/u_regfile/MUXB
# ** Warning: NUMERIC_STD.TO_INTEGER: metavalue detected, returning 0
#    Time: 830720 ns  Iteration: 2  Instance: /tb/MyRiscv/u_regfile/MUXA
# ** Warning: NUMERIC_STD.TO_INTEGER: metavalue detected, returning 0
#    Time: 830760 ns  Iteration: 5  Instance: /tb/MyRiscv/u_regfile/MUXA
# ** Warning: NUMERIC_STD.TO_INTEGER: metavalue detected, returning 0
#    Time: 830760 ns  Iteration: 5  Instance: /tb/MyRiscv/u_regfile/MUXB
# ** Warning: NUMERIC_STD.TO_INTEGER: metavalue detected, returning 0
#    Time: 845820 ns  Iteration: 2  Instance: /tb/MyRiscv/u_regfile/MUXB
# ** Warning: NUMERIC_STD.TO_INTEGER: metavalue detected, returning 0
#    Time: 845820 ns  Iteration: 2  Instance: /tb/MyRiscv/u_regfile/MUXA
# ** Warning: NUMERIC_STD.TO_INTEGER: metavalue detected, returning 0
#    Time: 845860 ns  Iteration: 5  Instance: /tb/MyRiscv/u_regfile/MUXA
# ** Warning: NUMERIC_STD.TO_INTEGER: metavalue detected, returning 0
#    Time: 845860 ns  Iteration: 5  Instance: /tb/MyRiscv/u_regfile/MUXB
# ** Warning: NUMERIC_STD.TO_INTEGER: metavalue detected, returning 0
#    Time: 860920 ns  Iteration: 2  Instance: /tb/MyRiscv/u_regfile/MUXB
# ** Warning: NUMERIC_STD.TO_INTEGER: metavalue detected, returning 0
#    Time: 860920 ns  Iteration: 2  Instance: /tb/MyRiscv/u_regfile/MUXA
# ** Warning: NUMERIC_STD.TO_INTEGER: metavalue detected, returning 0
#    Time: 860960 ns  Iteration: 5  Instance: /tb/MyRiscv/u_regfile/MUXA
# ** Warning: NUMERIC_STD.TO_INTEGER: metavalue detected, returning 0
#    Time: 860960 ns  Iteration: 5  Instance: /tb/MyRiscv/u_regfile/MUXB
# ** Warning: NUMERIC_STD.TO_INTEGER: metavalue detected, returning 0
#    Time: 876020 ns  Iteration: 2  Instance: /tb/MyRiscv/u_regfile/MUXB
# ** Warning: NUMERIC_STD.TO_INTEGER: metavalue detected, returning 0
#    Time: 876020 ns  Iteration: 2  Instance: /tb/MyRiscv/u_regfile/MUXA
# ** Warning: NUMERIC_STD.TO_INTEGER: metavalue detected, returning 0
#    Time: 876060 ns  Iteration: 5  Instance: /tb/MyRiscv/u_regfile/MUXA
# ** Warning: NUMERIC_STD.TO_INTEGER: metavalue detected, returning 0
#    Time: 876060 ns  Iteration: 5  Instance: /tb/MyRiscv/u_regfile/MUXB
# ** Warning: NUMERIC_STD.TO_INTEGER: metavalue detected, returning 0
#    Time: 891120 ns  Iteration: 2  Instance: /tb/MyRiscv/u_regfile/MUXB
# ** Warning: NUMERIC_STD.TO_INTEGER: metavalue detected, returning 0
#    Time: 891120 ns  Iteration: 2  Instance: /tb/MyRiscv/u_regfile/MUXA
# ** Warning: NUMERIC_STD.TO_INTEGER: metavalue detected, returning 0
#    Time: 891160 ns  Iteration: 5  Instance: /tb/MyRiscv/u_regfile/MUXA
# ** Warning: NUMERIC_STD.TO_INTEGER: metavalue detected, returning 0
#    Time: 891160 ns  Iteration: 5  Instance: /tb/MyRiscv/u_regfile/MUXB
# ** Warning: NUMERIC_STD.TO_INTEGER: metavalue detected, returning 0
#    Time: 906220 ns  Iteration: 2  Instance: /tb/MyRiscv/u_regfile/MUXB
# ** Warning: NUMERIC_STD.TO_INTEGER: metavalue detected, returning 0
#    Time: 906220 ns  Iteration: 2  Instance: /tb/MyRiscv/u_regfile/MUXA
# ** Warning: NUMERIC_STD.TO_INTEGER: metavalue detected, returning 0
#    Time: 906260 ns  Iteration: 5  Instance: /tb/MyRiscv/u_regfile/MUXA
# ** Warning: NUMERIC_STD.TO_INTEGER: metavalue detected, returning 0
#    Time: 906260 ns  Iteration: 5  Instance: /tb/MyRiscv/u_regfile/MUXB
# ** Warning: NUMERIC_STD.TO_INTEGER: metavalue detected, returning 0
#    Time: 921320 ns  Iteration: 2  Instance: /tb/MyRiscv/u_regfile/MUXB
# ** Warning: NUMERIC_STD.TO_INTEGER: metavalue detected, returning 0
#    Time: 921320 ns  Iteration: 2  Instance: /tb/MyRiscv/u_regfile/MUXA
# ** Warning: NUMERIC_STD.TO_INTEGER: metavalue detected, returning 0
#    Time: 921360 ns  Iteration: 5  Instance: /tb/MyRiscv/u_regfile/MUXA
# ** Warning: NUMERIC_STD.TO_INTEGER: metavalue detected, returning 0
#    Time: 921360 ns  Iteration: 5  Instance: /tb/MyRiscv/u_regfile/MUXB
# ** Warning: NUMERIC_STD.TO_INTEGER: metavalue detected, returning 0
#    Time: 936420 ns  Iteration: 2  Instance: /tb/MyRiscv/u_regfile/MUXB
# ** Warning: NUMERIC_STD.TO_INTEGER: metavalue detected, returning 0
#    Time: 936420 ns  Iteration: 2  Instance: /tb/MyRiscv/u_regfile/MUXA
# ** Warning: NUMERIC_STD.TO_INTEGER: metavalue detected, returning 0
#    Time: 936460 ns  Iteration: 5  Instance: /tb/MyRiscv/u_regfile/MUXA
# ** Warning: NUMERIC_STD.TO_INTEGER: metavalue detected, returning 0
#    Time: 936460 ns  Iteration: 5  Instance: /tb/MyRiscv/u_regfile/MUXB
# ** Warning: NUMERIC_STD.TO_INTEGER: metavalue detected, returning 0
#    Time: 951520 ns  Iteration: 2  Instance: /tb/MyRiscv/u_regfile/MUXB
# ** Warning: NUMERIC_STD.TO_INTEGER: metavalue detected, returning 0
#    Time: 951520 ns  Iteration: 2  Instance: /tb/MyRiscv/u_regfile/MUXA
# ** Warning: NUMERIC_STD.TO_INTEGER: metavalue detected, returning 0
#    Time: 951560 ns  Iteration: 5  Instance: /tb/MyRiscv/u_regfile/MUXA
# ** Warning: NUMERIC_STD.TO_INTEGER: metavalue detected, returning 0
#    Time: 951560 ns  Iteration: 5  Instance: /tb/MyRiscv/u_regfile/MUXB
# ** Warning: NUMERIC_STD.TO_INTEGER: metavalue detected, returning 0
#    Time: 966620 ns  Iteration: 2  Instance: /tb/MyRiscv/u_regfile/MUXB
# ** Warning: NUMERIC_STD.TO_INTEGER: metavalue detected, returning 0
#    Time: 966620 ns  Iteration: 2  Instance: /tb/MyRiscv/u_regfile/MUXA
# ** Warning: NUMERIC_STD.TO_INTEGER: metavalue detected, returning 0
#    Time: 966660 ns  Iteration: 5  Instance: /tb/MyRiscv/u_regfile/MUXA
# ** Warning: NUMERIC_STD.TO_INTEGER: metavalue detected, returning 0
#    Time: 966660 ns  Iteration: 5  Instance: /tb/MyRiscv/u_regfile/MUXB
# ** Warning: NUMERIC_STD.TO_INTEGER: metavalue detected, returning 0
#    Time: 981720 ns  Iteration: 2  Instance: /tb/MyRiscv/u_regfile/MUXB
# ** Warning: NUMERIC_STD.TO_INTEGER: metavalue detected, returning 0
#    Time: 981720 ns  Iteration: 2  Instance: /tb/MyRiscv/u_regfile/MUXA
# ** Warning: NUMERIC_STD.TO_INTEGER: metavalue detected, returning 0
#    Time: 981760 ns  Iteration: 5  Instance: /tb/MyRiscv/u_regfile/MUXA
# ** Warning: NUMERIC_STD.TO_INTEGER: metavalue detected, returning 0
#    Time: 981760 ns  Iteration: 5  Instance: /tb/MyRiscv/u_regfile/MUXB
# ** Warning: NUMERIC_STD.TO_INTEGER: metavalue detected, returning 0
#    Time: 996820 ns  Iteration: 2  Instance: /tb/MyRiscv/u_regfile/MUXB
# ** Warning: NUMERIC_STD.TO_INTEGER: metavalue detected, returning 0
#    Time: 996820 ns  Iteration: 2  Instance: /tb/MyRiscv/u_regfile/MUXA
# ** Warning: NUMERIC_STD.TO_INTEGER: metavalue detected, returning 0
#    Time: 996860 ns  Iteration: 5  Instance: /tb/MyRiscv/u_regfile/MUXA
# ** Warning: NUMERIC_STD.TO_INTEGER: metavalue detected, returning 0
#    Time: 996860 ns  Iteration: 5  Instance: /tb/MyRiscv/u_regfile/MUXB
# ** Warning: NUMERIC_STD.TO_INTEGER: metavalue detected, returning 0
#    Time: 1011920 ns  Iteration: 2  Instance: /tb/MyRiscv/u_regfile/MUXB
# ** Warning: NUMERIC_STD.TO_INTEGER: metavalue detected, returning 0
#    Time: 1011920 ns  Iteration: 2  Instance: /tb/MyRiscv/u_regfile/MUXA
# ** Warning: NUMERIC_STD.TO_INTEGER: metavalue detected, returning 0
#    Time: 1011960 ns  Iteration: 5  Instance: /tb/MyRiscv/u_regfile/MUXA
# ** Warning: NUMERIC_STD.TO_INTEGER: metavalue detected, returning 0
#    Time: 1011960 ns  Iteration: 5  Instance: /tb/MyRiscv/u_regfile/MUXB
# ** Warning: NUMERIC_STD.TO_INTEGER: metavalue detected, returning 0
#    Time: 1027020 ns  Iteration: 2  Instance: /tb/MyRiscv/u_regfile/MUXB
# ** Warning: NUMERIC_STD.TO_INTEGER: metavalue detected, returning 0
#    Time: 1027020 ns  Iteration: 2  Instance: /tb/MyRiscv/u_regfile/MUXA
# ** Warning: NUMERIC_STD.TO_INTEGER: metavalue detected, returning 0
#    Time: 1027060 ns  Iteration: 5  Instance: /tb/MyRiscv/u_regfile/MUXA
# ** Warning: NUMERIC_STD.TO_INTEGER: metavalue detected, returning 0
#    Time: 1027060 ns  Iteration: 5  Instance: /tb/MyRiscv/u_regfile/MUXB
# ** Warning: NUMERIC_STD.TO_INTEGER: metavalue detected, returning 0
#    Time: 1042120 ns  Iteration: 2  Instance: /tb/MyRiscv/u_regfile/MUXB
# ** Warning: NUMERIC_STD.TO_INTEGER: metavalue detected, returning 0
#    Time: 1042120 ns  Iteration: 2  Instance: /tb/MyRiscv/u_regfile/MUXA
# ** Warning: NUMERIC_STD.TO_INTEGER: metavalue detected, returning 0
#    Time: 1042160 ns  Iteration: 5  Instance: /tb/MyRiscv/u_regfile/MUXA
# ** Warning: NUMERIC_STD.TO_INTEGER: metavalue detected, returning 0
#    Time: 1042160 ns  Iteration: 5  Instance: /tb/MyRiscv/u_regfile/MUXB
# ** Warning: NUMERIC_STD.TO_INTEGER: metavalue detected, returning 0
#    Time: 1057220 ns  Iteration: 2  Instance: /tb/MyRiscv/u_regfile/MUXB
# ** Warning: NUMERIC_STD.TO_INTEGER: metavalue detected, returning 0
#    Time: 1057220 ns  Iteration: 2  Instance: /tb/MyRiscv/u_regfile/MUXA
# ** Warning: NUMERIC_STD.TO_INTEGER: metavalue detected, returning 0
#    Time: 1057260 ns  Iteration: 5  Instance: /tb/MyRiscv/u_regfile/MUXA
# ** Warning: NUMERIC_STD.TO_INTEGER: metavalue detected, returning 0
#    Time: 1057260 ns  Iteration: 5  Instance: /tb/MyRiscv/u_regfile/MUXB
# ** Warning: NUMERIC_STD.TO_INTEGER: metavalue detected, returning 0
#    Time: 1072320 ns  Iteration: 2  Instance: /tb/MyRiscv/u_regfile/MUXB
# ** Warning: NUMERIC_STD.TO_INTEGER: metavalue detected, returning 0
#    Time: 1072320 ns  Iteration: 2  Instance: /tb/MyRiscv/u_regfile/MUXA
# ** Warning: NUMERIC_STD.TO_INTEGER: metavalue detected, returning 0
#    Time: 1072360 ns  Iteration: 5  Instance: /tb/MyRiscv/u_regfile/MUXA
# ** Warning: NUMERIC_STD.TO_INTEGER: metavalue detected, returning 0
#    Time: 1072360 ns  Iteration: 5  Instance: /tb/MyRiscv/u_regfile/MUXB
# ** Warning: NUMERIC_STD.TO_INTEGER: metavalue detected, returning 0
#    Time: 1087420 ns  Iteration: 2  Instance: /tb/MyRiscv/u_regfile/MUXB
# ** Warning: NUMERIC_STD.TO_INTEGER: metavalue detected, returning 0
#    Time: 1087420 ns  Iteration: 2  Instance: /tb/MyRiscv/u_regfile/MUXA
# ** Warning: NUMERIC_STD.TO_INTEGER: metavalue detected, returning 0
#    Time: 1087460 ns  Iteration: 5  Instance: /tb/MyRiscv/u_regfile/MUXA
# ** Warning: NUMERIC_STD.TO_INTEGER: metavalue detected, returning 0
#    Time: 1087460 ns  Iteration: 5  Instance: /tb/MyRiscv/u_regfile/MUXB
# ** Warning: NUMERIC_STD.TO_INTEGER: metavalue detected, returning 0
#    Time: 1102520 ns  Iteration: 2  Instance: /tb/MyRiscv/u_regfile/MUXB
# ** Warning: NUMERIC_STD.TO_INTEGER: metavalue detected, returning 0
#    Time: 1102520 ns  Iteration: 2  Instance: /tb/MyRiscv/u_regfile/MUXA
# ** Warning: NUMERIC_STD.TO_INTEGER: metavalue detected, returning 0
#    Time: 1102560 ns  Iteration: 5  Instance: /tb/MyRiscv/u_regfile/MUXA
# ** Warning: NUMERIC_STD.TO_INTEGER: metavalue detected, returning 0
#    Time: 1102560 ns  Iteration: 5  Instance: /tb/MyRiscv/u_regfile/MUXB
# ** Warning: NUMERIC_STD.TO_INTEGER: metavalue detected, returning 0
#    Time: 1117620 ns  Iteration: 2  Instance: /tb/MyRiscv/u_regfile/MUXB
# ** Warning: NUMERIC_STD.TO_INTEGER: metavalue detected, returning 0
#    Time: 1117620 ns  Iteration: 2  Instance: /tb/MyRiscv/u_regfile/MUXA
# ** Warning: NUMERIC_STD.TO_INTEGER: metavalue detected, returning 0
#    Time: 1117660 ns  Iteration: 5  Instance: /tb/MyRiscv/u_regfile/MUXA
# ** Warning: NUMERIC_STD.TO_INTEGER: metavalue detected, returning 0
#    Time: 1117660 ns  Iteration: 5  Instance: /tb/MyRiscv/u_regfile/MUXB
# ** Warning: NUMERIC_STD.TO_INTEGER: metavalue detected, returning 0
#    Time: 1132720 ns  Iteration: 2  Instance: /tb/MyRiscv/u_regfile/MUXB
# ** Warning: NUMERIC_STD.TO_INTEGER: metavalue detected, returning 0
#    Time: 1132720 ns  Iteration: 2  Instance: /tb/MyRiscv/u_regfile/MUXA
# ** Warning: NUMERIC_STD.TO_INTEGER: metavalue detected, returning 0
#    Time: 1132760 ns  Iteration: 5  Instance: /tb/MyRiscv/u_regfile/MUXA
# ** Warning: NUMERIC_STD.TO_INTEGER: metavalue detected, returning 0
#    Time: 1132760 ns  Iteration: 5  Instance: /tb/MyRiscv/u_regfile/MUXB
# ** Warning: NUMERIC_STD.TO_INTEGER: metavalue detected, returning 0
#    Time: 1147820 ns  Iteration: 2  Instance: /tb/MyRiscv/u_regfile/MUXB
# ** Warning: NUMERIC_STD.TO_INTEGER: metavalue detected, returning 0
#    Time: 1147820 ns  Iteration: 2  Instance: /tb/MyRiscv/u_regfile/MUXA
# ** Warning: NUMERIC_STD.TO_INTEGER: metavalue detected, returning 0
#    Time: 1147860 ns  Iteration: 5  Instance: /tb/MyRiscv/u_regfile/MUXA
# ** Warning: NUMERIC_STD.TO_INTEGER: metavalue detected, returning 0
#    Time: 1147860 ns  Iteration: 5  Instance: /tb/MyRiscv/u_regfile/MUXB
# ** Warning: NUMERIC_STD.TO_INTEGER: metavalue detected, returning 0
#    Time: 1162920 ns  Iteration: 2  Instance: /tb/MyRiscv/u_regfile/MUXB
# ** Warning: NUMERIC_STD.TO_INTEGER: metavalue detected, returning 0
#    Time: 1162920 ns  Iteration: 2  Instance: /tb/MyRiscv/u_regfile/MUXA
# ** Warning: NUMERIC_STD.TO_INTEGER: metavalue detected, returning 0
#    Time: 1162960 ns  Iteration: 5  Instance: /tb/MyRiscv/u_regfile/MUXA
# ** Warning: NUMERIC_STD.TO_INTEGER: metavalue detected, returning 0
#    Time: 1162960 ns  Iteration: 5  Instance: /tb/MyRiscv/u_regfile/MUXB
# ** Warning: NUMERIC_STD.TO_INTEGER: metavalue detected, returning 0
#    Time: 1178020 ns  Iteration: 2  Instance: /tb/MyRiscv/u_regfile/MUXB
# ** Warning: NUMERIC_STD.TO_INTEGER: metavalue detected, returning 0
#    Time: 1178020 ns  Iteration: 2  Instance: /tb/MyRiscv/u_regfile/MUXA
# ** Warning: NUMERIC_STD.TO_INTEGER: metavalue detected, returning 0
#    Time: 1178060 ns  Iteration: 5  Instance: /tb/MyRiscv/u_regfile/MUXA
# ** Warning: NUMERIC_STD.TO_INTEGER: metavalue detected, returning 0
#    Time: 1178060 ns  Iteration: 5  Instance: /tb/MyRiscv/u_regfile/MUXB
# ** Warning: NUMERIC_STD.TO_INTEGER: metavalue detected, returning 0
#    Time: 1193120 ns  Iteration: 2  Instance: /tb/MyRiscv/u_regfile/MUXB
# ** Warning: NUMERIC_STD.TO_INTEGER: metavalue detected, returning 0
#    Time: 1193120 ns  Iteration: 2  Instance: /tb/MyRiscv/u_regfile/MUXA
# ** Warning: NUMERIC_STD.TO_INTEGER: metavalue detected, returning 0
#    Time: 1193160 ns  Iteration: 5  Instance: /tb/MyRiscv/u_regfile/MUXA
# ** Warning: NUMERIC_STD.TO_INTEGER: metavalue detected, returning 0
#    Time: 1193160 ns  Iteration: 5  Instance: /tb/MyRiscv/u_regfile/MUXB
# ** Warning: NUMERIC_STD.TO_INTEGER: metavalue detected, returning 0
#    Time: 1208220 ns  Iteration: 2  Instance: /tb/MyRiscv/u_regfile/MUXB
# ** Warning: NUMERIC_STD.TO_INTEGER: metavalue detected, returning 0
#    Time: 1208220 ns  Iteration: 2  Instance: /tb/MyRiscv/u_regfile/MUXA
# ** Warning: NUMERIC_STD.TO_INTEGER: metavalue detected, returning 0
#    Time: 1208260 ns  Iteration: 5  Instance: /tb/MyRiscv/u_regfile/MUXA
# ** Warning: NUMERIC_STD.TO_INTEGER: metavalue detected, returning 0
#    Time: 1208260 ns  Iteration: 5  Instance: /tb/MyRiscv/u_regfile/MUXB
# ** Warning: NUMERIC_STD.TO_INTEGER: metavalue detected, returning 0
#    Time: 1223320 ns  Iteration: 2  Instance: /tb/MyRiscv/u_regfile/MUXB
# ** Warning: NUMERIC_STD.TO_INTEGER: metavalue detected, returning 0
#    Time: 1223320 ns  Iteration: 2  Instance: /tb/MyRiscv/u_regfile/MUXA
# ** Warning: NUMERIC_STD.TO_INTEGER: metavalue detected, returning 0
#    Time: 1223360 ns  Iteration: 5  Instance: /tb/MyRiscv/u_regfile/MUXA
# ** Warning: NUMERIC_STD.TO_INTEGER: metavalue detected, returning 0
#    Time: 1223360 ns  Iteration: 5  Instance: /tb/MyRiscv/u_regfile/MUXB
# ** Warning: NUMERIC_STD.TO_INTEGER: metavalue detected, returning 0
#    Time: 1238420 ns  Iteration: 2  Instance: /tb/MyRiscv/u_regfile/MUXB
# ** Warning: NUMERIC_STD.TO_INTEGER: metavalue detected, returning 0
#    Time: 1238420 ns  Iteration: 2  Instance: /tb/MyRiscv/u_regfile/MUXA
# ** Warning: NUMERIC_STD.TO_INTEGER: metavalue detected, returning 0
#    Time: 1238460 ns  Iteration: 5  Instance: /tb/MyRiscv/u_regfile/MUXA
# ** Warning: NUMERIC_STD.TO_INTEGER: metavalue detected, returning 0
#    Time: 1238460 ns  Iteration: 5  Instance: /tb/MyRiscv/u_regfile/MUXB
# ** Warning: NUMERIC_STD.TO_INTEGER: metavalue detected, returning 0
#    Time: 1253520 ns  Iteration: 2  Instance: /tb/MyRiscv/u_regfile/MUXB
# ** Warning: NUMERIC_STD.TO_INTEGER: metavalue detected, returning 0
#    Time: 1253520 ns  Iteration: 2  Instance: /tb/MyRiscv/u_regfile/MUXA
# ** Warning: NUMERIC_STD.TO_INTEGER: metavalue detected, returning 0
#    Time: 1253560 ns  Iteration: 5  Instance: /tb/MyRiscv/u_regfile/MUXA
# ** Warning: NUMERIC_STD.TO_INTEGER: metavalue detected, returning 0
#    Time: 1253560 ns  Iteration: 5  Instance: /tb/MyRiscv/u_regfile/MUXB
# ** Warning: NUMERIC_STD.TO_INTEGER: metavalue detected, returning 0
#    Time: 1268620 ns  Iteration: 2  Instance: /tb/MyRiscv/u_regfile/MUXB
# ** Warning: NUMERIC_STD.TO_INTEGER: metavalue detected, returning 0
#    Time: 1268620 ns  Iteration: 2  Instance: /tb/MyRiscv/u_regfile/MUXA
# ** Warning: NUMERIC_STD.TO_INTEGER: metavalue detected, returning 0
#    Time: 1268660 ns  Iteration: 5  Instance: /tb/MyRiscv/u_regfile/MUXA
# ** Warning: NUMERIC_STD.TO_INTEGER: metavalue detected, returning 0
#    Time: 1268660 ns  Iteration: 5  Instance: /tb/MyRiscv/u_regfile/MUXB
# ** Warning: NUMERIC_STD.TO_INTEGER: metavalue detected, returning 0
#    Time: 1283720 ns  Iteration: 2  Instance: /tb/MyRiscv/u_regfile/MUXB
# ** Warning: NUMERIC_STD.TO_INTEGER: metavalue detected, returning 0
#    Time: 1283720 ns  Iteration: 2  Instance: /tb/MyRiscv/u_regfile/MUXA
# ** Warning: NUMERIC_STD.TO_INTEGER: metavalue detected, returning 0
#    Time: 1283760 ns  Iteration: 5  Instance: /tb/MyRiscv/u_regfile/MUXA
# ** Warning: NUMERIC_STD.TO_INTEGER: metavalue detected, returning 0
#    Time: 1283760 ns  Iteration: 5  Instance: /tb/MyRiscv/u_regfile/MUXB
# ** Warning: NUMERIC_STD.TO_INTEGER: metavalue detected, returning 0
#    Time: 1298820 ns  Iteration: 2  Instance: /tb/MyRiscv/u_regfile/MUXB
# ** Warning: NUMERIC_STD.TO_INTEGER: metavalue detected, returning 0
#    Time: 1298820 ns  Iteration: 2  Instance: /tb/MyRiscv/u_regfile/MUXA
# ** Warning: NUMERIC_STD.TO_INTEGER: metavalue detected, returning 0
#    Time: 1298860 ns  Iteration: 5  Instance: /tb/MyRiscv/u_regfile/MUXA
# ** Warning: NUMERIC_STD.TO_INTEGER: metavalue detected, returning 0
#    Time: 1298860 ns  Iteration: 5  Instance: /tb/MyRiscv/u_regfile/MUXB
# ** Warning: NUMERIC_STD.TO_INTEGER: metavalue detected, returning 0
#    Time: 1313920 ns  Iteration: 2  Instance: /tb/MyRiscv/u_regfile/MUXB
# ** Warning: NUMERIC_STD.TO_INTEGER: metavalue detected, returning 0
#    Time: 1313920 ns  Iteration: 2  Instance: /tb/MyRiscv/u_regfile/MUXA
# ** Warning: NUMERIC_STD.TO_INTEGER: metavalue detected, returning 0
#    Time: 1313960 ns  Iteration: 5  Instance: /tb/MyRiscv/u_regfile/MUXA
# ** Warning: NUMERIC_STD.TO_INTEGER: metavalue detected, returning 0
#    Time: 1313960 ns  Iteration: 5  Instance: /tb/MyRiscv/u_regfile/MUXB
# ** Warning: NUMERIC_STD.TO_INTEGER: metavalue detected, returning 0
#    Time: 1329020 ns  Iteration: 2  Instance: /tb/MyRiscv/u_regfile/MUXB
# ** Warning: NUMERIC_STD.TO_INTEGER: metavalue detected, returning 0
#    Time: 1329020 ns  Iteration: 2  Instance: /tb/MyRiscv/u_regfile/MUXA
# ** Warning: NUMERIC_STD.TO_INTEGER: metavalue detected, returning 0
#    Time: 1329060 ns  Iteration: 5  Instance: /tb/MyRiscv/u_regfile/MUXA
# ** Warning: NUMERIC_STD.TO_INTEGER: metavalue detected, returning 0
#    Time: 1329060 ns  Iteration: 5  Instance: /tb/MyRiscv/u_regfile/MUXB
# ** Warning: NUMERIC_STD.TO_INTEGER: metavalue detected, returning 0
#    Time: 1344120 ns  Iteration: 2  Instance: /tb/MyRiscv/u_regfile/MUXB
# ** Warning: NUMERIC_STD.TO_INTEGER: metavalue detected, returning 0
#    Time: 1344120 ns  Iteration: 2  Instance: /tb/MyRiscv/u_regfile/MUXA
# ** Warning: NUMERIC_STD.TO_INTEGER: metavalue detected, returning 0
#    Time: 1344160 ns  Iteration: 5  Instance: /tb/MyRiscv/u_regfile/MUXA
# ** Warning: NUMERIC_STD.TO_INTEGER: metavalue detected, returning 0
#    Time: 1344160 ns  Iteration: 5  Instance: /tb/MyRiscv/u_regfile/MUXB
# ** Warning: NUMERIC_STD.TO_INTEGER: metavalue detected, returning 0
#    Time: 1359220 ns  Iteration: 2  Instance: /tb/MyRiscv/u_regfile/MUXB
# ** Warning: NUMERIC_STD.TO_INTEGER: metavalue detected, returning 0
#    Time: 1359220 ns  Iteration: 2  Instance: /tb/MyRiscv/u_regfile/MUXA
# ** Warning: NUMERIC_STD.TO_INTEGER: metavalue detected, returning 0
#    Time: 1359260 ns  Iteration: 5  Instance: /tb/MyRiscv/u_regfile/MUXA
# ** Warning: NUMERIC_STD.TO_INTEGER: metavalue detected, returning 0
#    Time: 1359260 ns  Iteration: 5  Instance: /tb/MyRiscv/u_regfile/MUXB
# ** Warning: NUMERIC_STD.TO_INTEGER: metavalue detected, returning 0
#    Time: 1374320 ns  Iteration: 2  Instance: /tb/MyRiscv/u_regfile/MUXB
# ** Warning: NUMERIC_STD.TO_INTEGER: metavalue detected, returning 0
#    Time: 1374320 ns  Iteration: 2  Instance: /tb/MyRiscv/u_regfile/MUXA
# ** Warning: NUMERIC_STD.TO_INTEGER: metavalue detected, returning 0
#    Time: 1374360 ns  Iteration: 5  Instance: /tb/MyRiscv/u_regfile/MUXA
# ** Warning: NUMERIC_STD.TO_INTEGER: metavalue detected, returning 0
#    Time: 1374360 ns  Iteration: 5  Instance: /tb/MyRiscv/u_regfile/MUXB
# ** Warning: NUMERIC_STD.TO_INTEGER: metavalue detected, returning 0
#    Time: 1389420 ns  Iteration: 2  Instance: /tb/MyRiscv/u_regfile/MUXB
# ** Warning: NUMERIC_STD.TO_INTEGER: metavalue detected, returning 0
#    Time: 1389420 ns  Iteration: 2  Instance: /tb/MyRiscv/u_regfile/MUXA
# ** Warning: NUMERIC_STD.TO_INTEGER: metavalue detected, returning 0
#    Time: 1389460 ns  Iteration: 5  Instance: /tb/MyRiscv/u_regfile/MUXA
# ** Warning: NUMERIC_STD.TO_INTEGER: metavalue detected, returning 0
#    Time: 1389460 ns  Iteration: 5  Instance: /tb/MyRiscv/u_regfile/MUXB
# ** Warning: NUMERIC_STD.TO_INTEGER: metavalue detected, returning 0
#    Time: 1404520 ns  Iteration: 2  Instance: /tb/MyRiscv/u_regfile/MUXB
# ** Warning: NUMERIC_STD.TO_INTEGER: metavalue detected, returning 0
#    Time: 1404520 ns  Iteration: 2  Instance: /tb/MyRiscv/u_regfile/MUXA
# ** Warning: NUMERIC_STD.TO_INTEGER: metavalue detected, returning 0
#    Time: 1404560 ns  Iteration: 5  Instance: /tb/MyRiscv/u_regfile/MUXA
# ** Warning: NUMERIC_STD.TO_INTEGER: metavalue detected, returning 0
#    Time: 1404560 ns  Iteration: 5  Instance: /tb/MyRiscv/u_regfile/MUXB
# ** Warning: NUMERIC_STD.TO_INTEGER: metavalue detected, returning 0
#    Time: 1419620 ns  Iteration: 2  Instance: /tb/MyRiscv/u_regfile/MUXB
# ** Warning: NUMERIC_STD.TO_INTEGER: metavalue detected, returning 0
#    Time: 1419620 ns  Iteration: 2  Instance: /tb/MyRiscv/u_regfile/MUXA
# ** Warning: NUMERIC_STD.TO_INTEGER: metavalue detected, returning 0
#    Time: 1419660 ns  Iteration: 5  Instance: /tb/MyRiscv/u_regfile/MUXA
# ** Warning: NUMERIC_STD.TO_INTEGER: metavalue detected, returning 0
#    Time: 1419660 ns  Iteration: 5  Instance: /tb/MyRiscv/u_regfile/MUXB
# ** Warning: NUMERIC_STD.TO_INTEGER: metavalue detected, returning 0
#    Time: 1434720 ns  Iteration: 2  Instance: /tb/MyRiscv/u_regfile/MUXB
# ** Warning: NUMERIC_STD.TO_INTEGER: metavalue detected, returning 0
#    Time: 1434720 ns  Iteration: 2  Instance: /tb/MyRiscv/u_regfile/MUXA
# ** Warning: NUMERIC_STD.TO_INTEGER: metavalue detected, returning 0
#    Time: 1434760 ns  Iteration: 5  Instance: /tb/MyRiscv/u_regfile/MUXA
# ** Warning: NUMERIC_STD.TO_INTEGER: metavalue detected, returning 0
#    Time: 1434760 ns  Iteration: 5  Instance: /tb/MyRiscv/u_regfile/MUXB
# ** Warning: NUMERIC_STD.TO_INTEGER: metavalue detected, returning 0
#    Time: 1449820 ns  Iteration: 2  Instance: /tb/MyRiscv/u_regfile/MUXB
# ** Warning: NUMERIC_STD.TO_INTEGER: metavalue detected, returning 0
#    Time: 1449820 ns  Iteration: 2  Instance: /tb/MyRiscv/u_regfile/MUXA
# ** Warning: NUMERIC_STD.TO_INTEGER: metavalue detected, returning 0
#    Time: 1449860 ns  Iteration: 5  Instance: /tb/MyRiscv/u_regfile/MUXA
# ** Warning: NUMERIC_STD.TO_INTEGER: metavalue detected, returning 0
#    Time: 1449860 ns  Iteration: 5  Instance: /tb/MyRiscv/u_regfile/MUXB
# ** Warning: NUMERIC_STD.TO_INTEGER: metavalue detected, returning 0
#    Time: 1464920 ns  Iteration: 2  Instance: /tb/MyRiscv/u_regfile/MUXB
# ** Warning: NUMERIC_STD.TO_INTEGER: metavalue detected, returning 0
#    Time: 1464920 ns  Iteration: 2  Instance: /tb/MyRiscv/u_regfile/MUXA
# ** Warning: NUMERIC_STD.TO_INTEGER: metavalue detected, returning 0
#    Time: 1464960 ns  Iteration: 5  Instance: /tb/MyRiscv/u_regfile/MUXA
# ** Warning: NUMERIC_STD.TO_INTEGER: metavalue detected, returning 0
#    Time: 1464960 ns  Iteration: 5  Instance: /tb/MyRiscv/u_regfile/MUXB
# ** Warning: NUMERIC_STD.TO_INTEGER: metavalue detected, returning 0
#    Time: 1480020 ns  Iteration: 2  Instance: /tb/MyRiscv/u_regfile/MUXB
# ** Warning: NUMERIC_STD.TO_INTEGER: metavalue detected, returning 0
#    Time: 1480020 ns  Iteration: 2  Instance: /tb/MyRiscv/u_regfile/MUXA
# ** Warning: NUMERIC_STD.TO_INTEGER: metavalue detected, returning 0
#    Time: 1480060 ns  Iteration: 5  Instance: /tb/MyRiscv/u_regfile/MUXA
# ** Warning: NUMERIC_STD.TO_INTEGER: metavalue detected, returning 0
#    Time: 1480060 ns  Iteration: 5  Instance: /tb/MyRiscv/u_regfile/MUXB
# ** Warning: NUMERIC_STD.TO_INTEGER: metavalue detected, returning 0
#    Time: 1495120 ns  Iteration: 2  Instance: /tb/MyRiscv/u_regfile/MUXB
# ** Warning: NUMERIC_STD.TO_INTEGER: metavalue detected, returning 0
#    Time: 1495120 ns  Iteration: 2  Instance: /tb/MyRiscv/u_regfile/MUXA
# ** Warning: NUMERIC_STD.TO_INTEGER: metavalue detected, returning 0
#    Time: 1495160 ns  Iteration: 5  Instance: /tb/MyRiscv/u_regfile/MUXA
# ** Warning: NUMERIC_STD.TO_INTEGER: metavalue detected, returning 0
#    Time: 1495160 ns  Iteration: 5  Instance: /tb/MyRiscv/u_regfile/MUXB
# ** Warning: NUMERIC_STD.TO_INTEGER: metavalue detected, returning 0
#    Time: 1510220 ns  Iteration: 2  Instance: /tb/MyRiscv/u_regfile/MUXB
# ** Warning: NUMERIC_STD.TO_INTEGER: metavalue detected, returning 0
#    Time: 1510220 ns  Iteration: 2  Instance: /tb/MyRiscv/u_regfile/MUXA
# ** Warning: NUMERIC_STD.TO_INTEGER: metavalue detected, returning 0
#    Time: 1510260 ns  Iteration: 5  Instance: /tb/MyRiscv/u_regfile/MUXA
# ** Warning: NUMERIC_STD.TO_INTEGER: metavalue detected, returning 0
#    Time: 1510260 ns  Iteration: 5  Instance: /tb/MyRiscv/u_regfile/MUXB
# ** Warning: NUMERIC_STD.TO_INTEGER: metavalue detected, returning 0
#    Time: 1525320 ns  Iteration: 2  Instance: /tb/MyRiscv/u_regfile/MUXB
# ** Warning: NUMERIC_STD.TO_INTEGER: metavalue detected, returning 0
#    Time: 1525320 ns  Iteration: 2  Instance: /tb/MyRiscv/u_regfile/MUXA
# ** Warning: NUMERIC_STD.TO_INTEGER: metavalue detected, returning 0
#    Time: 1525360 ns  Iteration: 5  Instance: /tb/MyRiscv/u_regfile/MUXA
# ** Warning: NUMERIC_STD.TO_INTEGER: metavalue detected, returning 0
#    Time: 1525360 ns  Iteration: 5  Instance: /tb/MyRiscv/u_regfile/MUXB
# ** Warning: NUMERIC_STD.TO_INTEGER: metavalue detected, returning 0
#    Time: 1540420 ns  Iteration: 2  Instance: /tb/MyRiscv/u_regfile/MUXB
# ** Warning: NUMERIC_STD.TO_INTEGER: metavalue detected, returning 0
#    Time: 1540420 ns  Iteration: 2  Instance: /tb/MyRiscv/u_regfile/MUXA
# ** Warning: NUMERIC_STD.TO_INTEGER: metavalue detected, returning 0
#    Time: 1540460 ns  Iteration: 5  Instance: /tb/MyRiscv/u_regfile/MUXA
# ** Warning: NUMERIC_STD.TO_INTEGER: metavalue detected, returning 0
#    Time: 1540460 ns  Iteration: 5  Instance: /tb/MyRiscv/u_regfile/MUXB
# ** Warning: NUMERIC_STD.TO_INTEGER: metavalue detected, returning 0
#    Time: 1555520 ns  Iteration: 2  Instance: /tb/MyRiscv/u_regfile/MUXB
# ** Warning: NUMERIC_STD.TO_INTEGER: metavalue detected, returning 0
#    Time: 1555520 ns  Iteration: 2  Instance: /tb/MyRiscv/u_regfile/MUXA
# ** Warning: NUMERIC_STD.TO_INTEGER: metavalue detected, returning 0
#    Time: 1555560 ns  Iteration: 5  Instance: /tb/MyRiscv/u_regfile/MUXA
# ** Warning: NUMERIC_STD.TO_INTEGER: metavalue detected, returning 0
#    Time: 1555560 ns  Iteration: 5  Instance: /tb/MyRiscv/u_regfile/MUXB
# ** Warning: NUMERIC_STD.TO_INTEGER: metavalue detected, returning 0
#    Time: 1570620 ns  Iteration: 2  Instance: /tb/MyRiscv/u_regfile/MUXB
# ** Warning: NUMERIC_STD.TO_INTEGER: metavalue detected, returning 0
#    Time: 1570620 ns  Iteration: 2  Instance: /tb/MyRiscv/u_regfile/MUXA
# ** Warning: NUMERIC_STD.TO_INTEGER: metavalue detected, returning 0
#    Time: 1570660 ns  Iteration: 5  Instance: /tb/MyRiscv/u_regfile/MUXA
# ** Warning: NUMERIC_STD.TO_INTEGER: metavalue detected, returning 0
#    Time: 1570660 ns  Iteration: 5  Instance: /tb/MyRiscv/u_regfile/MUXB
# ** Warning: NUMERIC_STD.TO_INTEGER: metavalue detected, returning 0
#    Time: 1585720 ns  Iteration: 2  Instance: /tb/MyRiscv/u_regfile/MUXB
# ** Warning: NUMERIC_STD.TO_INTEGER: metavalue detected, returning 0
#    Time: 1585720 ns  Iteration: 2  Instance: /tb/MyRiscv/u_regfile/MUXA
# ** Warning: NUMERIC_STD.TO_INTEGER: metavalue detected, returning 0
#    Time: 1585760 ns  Iteration: 5  Instance: /tb/MyRiscv/u_regfile/MUXA
# ** Warning: NUMERIC_STD.TO_INTEGER: metavalue detected, returning 0
#    Time: 1585760 ns  Iteration: 5  Instance: /tb/MyRiscv/u_regfile/MUXB
# ** Warning: NUMERIC_STD.TO_INTEGER: metavalue detected, returning 0
#    Time: 1600820 ns  Iteration: 2  Instance: /tb/MyRiscv/u_regfile/MUXB
# ** Warning: NUMERIC_STD.TO_INTEGER: metavalue detected, returning 0
#    Time: 1600820 ns  Iteration: 2  Instance: /tb/MyRiscv/u_regfile/MUXA
# ** Warning: NUMERIC_STD.TO_INTEGER: metavalue detected, returning 0
#    Time: 1600860 ns  Iteration: 5  Instance: /tb/MyRiscv/u_regfile/MUXA
# ** Warning: NUMERIC_STD.TO_INTEGER: metavalue detected, returning 0
#    Time: 1600860 ns  Iteration: 5  Instance: /tb/MyRiscv/u_regfile/MUXB
# ** Warning: NUMERIC_STD.TO_INTEGER: metavalue detected, returning 0
#    Time: 1615920 ns  Iteration: 2  Instance: /tb/MyRiscv/u_regfile/MUXB
# ** Warning: NUMERIC_STD.TO_INTEGER: metavalue detected, returning 0
#    Time: 1615920 ns  Iteration: 2  Instance: /tb/MyRiscv/u_regfile/MUXA
# ** Warning: NUMERIC_STD.TO_INTEGER: metavalue detected, returning 0
#    Time: 1615960 ns  Iteration: 5  Instance: /tb/MyRiscv/u_regfile/MUXA
# ** Warning: NUMERIC_STD.TO_INTEGER: metavalue detected, returning 0
#    Time: 1615960 ns  Iteration: 5  Instance: /tb/MyRiscv/u_regfile/MUXB
# ** Warning: NUMERIC_STD.TO_INTEGER: metavalue detected, returning 0
#    Time: 1631020 ns  Iteration: 2  Instance: /tb/MyRiscv/u_regfile/MUXB
# ** Warning: NUMERIC_STD.TO_INTEGER: metavalue detected, returning 0
#    Time: 1631020 ns  Iteration: 2  Instance: /tb/MyRiscv/u_regfile/MUXA
# ** Warning: NUMERIC_STD.TO_INTEGER: metavalue detected, returning 0
#    Time: 1631060 ns  Iteration: 5  Instance: /tb/MyRiscv/u_regfile/MUXA
# ** Warning: NUMERIC_STD.TO_INTEGER: metavalue detected, returning 0
#    Time: 1631060 ns  Iteration: 5  Instance: /tb/MyRiscv/u_regfile/MUXB
# ** Warning: NUMERIC_STD.TO_INTEGER: metavalue detected, returning 0
#    Time: 1646120 ns  Iteration: 2  Instance: /tb/MyRiscv/u_regfile/MUXB
# ** Warning: NUMERIC_STD.TO_INTEGER: metavalue detected, returning 0
#    Time: 1646120 ns  Iteration: 2  Instance: /tb/MyRiscv/u_regfile/MUXA
# ** Warning: NUMERIC_STD.TO_INTEGER: metavalue detected, returning 0
#    Time: 1646160 ns  Iteration: 5  Instance: /tb/MyRiscv/u_regfile/MUXA
# ** Warning: NUMERIC_STD.TO_INTEGER: metavalue detected, returning 0
#    Time: 1646160 ns  Iteration: 5  Instance: /tb/MyRiscv/u_regfile/MUXB
# ** Warning: NUMERIC_STD.TO_INTEGER: metavalue detected, returning 0
#    Time: 1661220 ns  Iteration: 2  Instance: /tb/MyRiscv/u_regfile/MUXB
# ** Warning: NUMERIC_STD.TO_INTEGER: metavalue detected, returning 0
#    Time: 1661220 ns  Iteration: 2  Instance: /tb/MyRiscv/u_regfile/MUXA
# ** Warning: NUMERIC_STD.TO_INTEGER: metavalue detected, returning 0
#    Time: 1661260 ns  Iteration: 5  Instance: /tb/MyRiscv/u_regfile/MUXA
# ** Warning: NUMERIC_STD.TO_INTEGER: metavalue detected, returning 0
#    Time: 1661260 ns  Iteration: 5  Instance: /tb/MyRiscv/u_regfile/MUXB
# ** Warning: NUMERIC_STD.TO_INTEGER: metavalue detected, returning 0
#    Time: 1676320 ns  Iteration: 2  Instance: /tb/MyRiscv/u_regfile/MUXB
# ** Warning: NUMERIC_STD.TO_INTEGER: metavalue detected, returning 0
#    Time: 1676320 ns  Iteration: 2  Instance: /tb/MyRiscv/u_regfile/MUXA
# ** Warning: NUMERIC_STD.TO_INTEGER: metavalue detected, returning 0
#    Time: 1676360 ns  Iteration: 5  Instance: /tb/MyRiscv/u_regfile/MUXA
# ** Warning: NUMERIC_STD.TO_INTEGER: metavalue detected, returning 0
#    Time: 1676360 ns  Iteration: 5  Instance: /tb/MyRiscv/u_regfile/MUXB
# ** Warning: NUMERIC_STD.TO_INTEGER: metavalue detected, returning 0
#    Time: 1691420 ns  Iteration: 2  Instance: /tb/MyRiscv/u_regfile/MUXB
# ** Warning: NUMERIC_STD.TO_INTEGER: metavalue detected, returning 0
#    Time: 1691420 ns  Iteration: 2  Instance: /tb/MyRiscv/u_regfile/MUXA
# ** Warning: NUMERIC_STD.TO_INTEGER: metavalue detected, returning 0
#    Time: 1691460 ns  Iteration: 5  Instance: /tb/MyRiscv/u_regfile/MUXA
# ** Warning: NUMERIC_STD.TO_INTEGER: metavalue detected, returning 0
#    Time: 1691460 ns  Iteration: 5  Instance: /tb/MyRiscv/u_regfile/MUXB
# ** Warning: NUMERIC_STD.TO_INTEGER: metavalue detected, returning 0
#    Time: 1706520 ns  Iteration: 2  Instance: /tb/MyRiscv/u_regfile/MUXB
# ** Warning: NUMERIC_STD.TO_INTEGER: metavalue detected, returning 0
#    Time: 1706520 ns  Iteration: 2  Instance: /tb/MyRiscv/u_regfile/MUXA
# ** Warning: NUMERIC_STD.TO_INTEGER: metavalue detected, returning 0
#    Time: 1706560 ns  Iteration: 5  Instance: /tb/MyRiscv/u_regfile/MUXA
# ** Warning: NUMERIC_STD.TO_INTEGER: metavalue detected, returning 0
#    Time: 1706560 ns  Iteration: 5  Instance: /tb/MyRiscv/u_regfile/MUXB
# ** Warning: NUMERIC_STD.TO_INTEGER: metavalue detected, returning 0
#    Time: 1721620 ns  Iteration: 2  Instance: /tb/MyRiscv/u_regfile/MUXB
# ** Warning: NUMERIC_STD.TO_INTEGER: metavalue detected, returning 0
#    Time: 1721620 ns  Iteration: 2  Instance: /tb/MyRiscv/u_regfile/MUXA
# ** Warning: NUMERIC_STD.TO_INTEGER: metavalue detected, returning 0
#    Time: 1721660 ns  Iteration: 5  Instance: /tb/MyRiscv/u_regfile/MUXA
# ** Warning: NUMERIC_STD.TO_INTEGER: metavalue detected, returning 0
#    Time: 1721660 ns  Iteration: 5  Instance: /tb/MyRiscv/u_regfile/MUXB
# ** Warning: NUMERIC_STD.TO_INTEGER: metavalue detected, returning 0
#    Time: 1736720 ns  Iteration: 2  Instance: /tb/MyRiscv/u_regfile/MUXB
# ** Warning: NUMERIC_STD.TO_INTEGER: metavalue detected, returning 0
#    Time: 1736720 ns  Iteration: 2  Instance: /tb/MyRiscv/u_regfile/MUXA
# ** Warning: NUMERIC_STD.TO_INTEGER: metavalue detected, returning 0
#    Time: 1736760 ns  Iteration: 5  Instance: /tb/MyRiscv/u_regfile/MUXA
# ** Warning: NUMERIC_STD.TO_INTEGER: metavalue detected, returning 0
#    Time: 1736760 ns  Iteration: 5  Instance: /tb/MyRiscv/u_regfile/MUXB
# ** Warning: NUMERIC_STD.TO_INTEGER: metavalue detected, returning 0
#    Time: 1751820 ns  Iteration: 2  Instance: /tb/MyRiscv/u_regfile/MUXB
# ** Warning: NUMERIC_STD.TO_INTEGER: metavalue detected, returning 0
#    Time: 1751820 ns  Iteration: 2  Instance: /tb/MyRiscv/u_regfile/MUXA
# ** Warning: NUMERIC_STD.TO_INTEGER: metavalue detected, returning 0
#    Time: 1751860 ns  Iteration: 5  Instance: /tb/MyRiscv/u_regfile/MUXA
# ** Warning: NUMERIC_STD.TO_INTEGER: metavalue detected, returning 0
#    Time: 1751860 ns  Iteration: 5  Instance: /tb/MyRiscv/u_regfile/MUXB
# ** Warning: NUMERIC_STD.TO_INTEGER: metavalue detected, returning 0
#    Time: 1766920 ns  Iteration: 2  Instance: /tb/MyRiscv/u_regfile/MUXB
# ** Warning: NUMERIC_STD.TO_INTEGER: metavalue detected, returning 0
#    Time: 1766920 ns  Iteration: 2  Instance: /tb/MyRiscv/u_regfile/MUXA
# ** Warning: NUMERIC_STD.TO_INTEGER: metavalue detected, returning 0
#    Time: 1766960 ns  Iteration: 5  Instance: /tb/MyRiscv/u_regfile/MUXA
# ** Warning: NUMERIC_STD.TO_INTEGER: metavalue detected, returning 0
#    Time: 1766960 ns  Iteration: 5  Instance: /tb/MyRiscv/u_regfile/MUXB
# ** Warning: NUMERIC_STD.TO_INTEGER: metavalue detected, returning 0
#    Time: 1782020 ns  Iteration: 2  Instance: /tb/MyRiscv/u_regfile/MUXB
# ** Warning: NUMERIC_STD.TO_INTEGER: metavalue detected, returning 0
#    Time: 1782020 ns  Iteration: 2  Instance: /tb/MyRiscv/u_regfile/MUXA
# ** Warning: NUMERIC_STD.TO_INTEGER: metavalue detected, returning 0
#    Time: 1782060 ns  Iteration: 5  Instance: /tb/MyRiscv/u_regfile/MUXA
# ** Warning: NUMERIC_STD.TO_INTEGER: metavalue detected, returning 0
#    Time: 1782060 ns  Iteration: 5  Instance: /tb/MyRiscv/u_regfile/MUXB
# ** Warning: NUMERIC_STD.TO_INTEGER: metavalue detected, returning 0
#    Time: 1797120 ns  Iteration: 2  Instance: /tb/MyRiscv/u_regfile/MUXB
# ** Warning: NUMERIC_STD.TO_INTEGER: metavalue detected, returning 0
#    Time: 1797120 ns  Iteration: 2  Instance: /tb/MyRiscv/u_regfile/MUXA
# ** Warning: NUMERIC_STD.TO_INTEGER: metavalue detected, returning 0
#    Time: 1797160 ns  Iteration: 5  Instance: /tb/MyRiscv/u_regfile/MUXA
# ** Warning: NUMERIC_STD.TO_INTEGER: metavalue detected, returning 0
#    Time: 1797160 ns  Iteration: 5  Instance: /tb/MyRiscv/u_regfile/MUXB
# ** Warning: NUMERIC_STD.TO_INTEGER: metavalue detected, returning 0
#    Time: 1812220 ns  Iteration: 2  Instance: /tb/MyRiscv/u_regfile/MUXB
# ** Warning: NUMERIC_STD.TO_INTEGER: metavalue detected, returning 0
#    Time: 1812220 ns  Iteration: 2  Instance: /tb/MyRiscv/u_regfile/MUXA
# ** Warning: NUMERIC_STD.TO_INTEGER: metavalue detected, returning 0
#    Time: 1812260 ns  Iteration: 5  Instance: /tb/MyRiscv/u_regfile/MUXA
# ** Warning: NUMERIC_STD.TO_INTEGER: metavalue detected, returning 0
#    Time: 1812260 ns  Iteration: 5  Instance: /tb/MyRiscv/u_regfile/MUXB
# ** Warning: NUMERIC_STD.TO_INTEGER: metavalue detected, returning 0
#    Time: 1827320 ns  Iteration: 2  Instance: /tb/MyRiscv/u_regfile/MUXB
# ** Warning: NUMERIC_STD.TO_INTEGER: metavalue detected, returning 0
#    Time: 1827320 ns  Iteration: 2  Instance: /tb/MyRiscv/u_regfile/MUXA
# ** Warning: NUMERIC_STD.TO_INTEGER: metavalue detected, returning 0
#    Time: 1827360 ns  Iteration: 5  Instance: /tb/MyRiscv/u_regfile/MUXA
# ** Warning: NUMERIC_STD.TO_INTEGER: metavalue detected, returning 0
#    Time: 1827360 ns  Iteration: 5  Instance: /tb/MyRiscv/u_regfile/MUXB
# ** Warning: NUMERIC_STD.TO_INTEGER: metavalue detected, returning 0
#    Time: 1842420 ns  Iteration: 2  Instance: /tb/MyRiscv/u_regfile/MUXB
# ** Warning: NUMERIC_STD.TO_INTEGER: metavalue detected, returning 0
#    Time: 1842420 ns  Iteration: 2  Instance: /tb/MyRiscv/u_regfile/MUXA
# ** Warning: NUMERIC_STD.TO_INTEGER: metavalue detected, returning 0
#    Time: 1842460 ns  Iteration: 5  Instance: /tb/MyRiscv/u_regfile/MUXA
# ** Warning: NUMERIC_STD.TO_INTEGER: metavalue detected, returning 0
#    Time: 1842460 ns  Iteration: 5  Instance: /tb/MyRiscv/u_regfile/MUXB
# ** Warning: NUMERIC_STD.TO_INTEGER: metavalue detected, returning 0
#    Time: 1857520 ns  Iteration: 2  Instance: /tb/MyRiscv/u_regfile/MUXB
# ** Warning: NUMERIC_STD.TO_INTEGER: metavalue detected, returning 0
#    Time: 1857520 ns  Iteration: 2  Instance: /tb/MyRiscv/u_regfile/MUXA
# ** Warning: NUMERIC_STD.TO_INTEGER: metavalue detected, returning 0
#    Time: 1857560 ns  Iteration: 5  Instance: /tb/MyRiscv/u_regfile/MUXA
# ** Warning: NUMERIC_STD.TO_INTEGER: metavalue detected, returning 0
#    Time: 1857560 ns  Iteration: 5  Instance: /tb/MyRiscv/u_regfile/MUXB
# ** Warning: NUMERIC_STD.TO_INTEGER: metavalue detected, returning 0
#    Time: 1872620 ns  Iteration: 2  Instance: /tb/MyRiscv/u_regfile/MUXB
# ** Warning: NUMERIC_STD.TO_INTEGER: metavalue detected, returning 0
#    Time: 1872620 ns  Iteration: 2  Instance: /tb/MyRiscv/u_regfile/MUXA
# ** Warning: NUMERIC_STD.TO_INTEGER: metavalue detected, returning 0
#    Time: 1872660 ns  Iteration: 5  Instance: /tb/MyRiscv/u_regfile/MUXA
# ** Warning: NUMERIC_STD.TO_INTEGER: metavalue detected, returning 0
#    Time: 1872660 ns  Iteration: 5  Instance: /tb/MyRiscv/u_regfile/MUXB
# ** Warning: NUMERIC_STD.TO_INTEGER: metavalue detected, returning 0
#    Time: 1887720 ns  Iteration: 2  Instance: /tb/MyRiscv/u_regfile/MUXB
# ** Warning: NUMERIC_STD.TO_INTEGER: metavalue detected, returning 0
#    Time: 1887720 ns  Iteration: 2  Instance: /tb/MyRiscv/u_regfile/MUXA
# ** Warning: NUMERIC_STD.TO_INTEGER: metavalue detected, returning 0
#    Time: 1887760 ns  Iteration: 5  Instance: /tb/MyRiscv/u_regfile/MUXA
# ** Warning: NUMERIC_STD.TO_INTEGER: metavalue detected, returning 0
#    Time: 1887760 ns  Iteration: 5  Instance: /tb/MyRiscv/u_regfile/MUXB
# ** Warning: NUMERIC_STD.TO_INTEGER: metavalue detected, returning 0
#    Time: 1902820 ns  Iteration: 2  Instance: /tb/MyRiscv/u_regfile/MUXB
# ** Warning: NUMERIC_STD.TO_INTEGER: metavalue detected, returning 0
#    Time: 1902820 ns  Iteration: 2  Instance: /tb/MyRiscv/u_regfile/MUXA
# ** Warning: NUMERIC_STD.TO_INTEGER: metavalue detected, returning 0
#    Time: 1902860 ns  Iteration: 5  Instance: /tb/MyRiscv/u_regfile/MUXA
# ** Warning: NUMERIC_STD.TO_INTEGER: metavalue detected, returning 0
#    Time: 1902860 ns  Iteration: 5  Instance: /tb/MyRiscv/u_regfile/MUXB
# ** Warning: NUMERIC_STD.TO_INTEGER: metavalue detected, returning 0
#    Time: 1917920 ns  Iteration: 2  Instance: /tb/MyRiscv/u_regfile/MUXB
# ** Warning: NUMERIC_STD.TO_INTEGER: metavalue detected, returning 0
#    Time: 1917920 ns  Iteration: 2  Instance: /tb/MyRiscv/u_regfile/MUXA
# ** Warning: NUMERIC_STD.TO_INTEGER: metavalue detected, returning 0
#    Time: 1917960 ns  Iteration: 5  Instance: /tb/MyRiscv/u_regfile/MUXA
# ** Warning: NUMERIC_STD.TO_INTEGER: metavalue detected, returning 0
#    Time: 1917960 ns  Iteration: 5  Instance: /tb/MyRiscv/u_regfile/MUXB
# ** Warning: NUMERIC_STD.TO_INTEGER: metavalue detected, returning 0
#    Time: 1933020 ns  Iteration: 2  Instance: /tb/MyRiscv/u_regfile/MUXB
# ** Warning: NUMERIC_STD.TO_INTEGER: metavalue detected, returning 0
#    Time: 1933020 ns  Iteration: 2  Instance: /tb/MyRiscv/u_regfile/MUXA
# ** Warning: NUMERIC_STD.TO_INTEGER: metavalue detected, returning 0
#    Time: 1933060 ns  Iteration: 5  Instance: /tb/MyRiscv/u_regfile/MUXA
# ** Warning: NUMERIC_STD.TO_INTEGER: metavalue detected, returning 0
#    Time: 1933060 ns  Iteration: 5  Instance: /tb/MyRiscv/u_regfile/MUXB
# ** Warning: NUMERIC_STD.TO_INTEGER: metavalue detected, returning 0
#    Time: 1948120 ns  Iteration: 2  Instance: /tb/MyRiscv/u_regfile/MUXB
# ** Warning: NUMERIC_STD.TO_INTEGER: metavalue detected, returning 0
#    Time: 1948120 ns  Iteration: 2  Instance: /tb/MyRiscv/u_regfile/MUXA
# ** Warning: NUMERIC_STD.TO_INTEGER: metavalue detected, returning 0
#    Time: 1948160 ns  Iteration: 5  Instance: /tb/MyRiscv/u_regfile/MUXA
# ** Warning: NUMERIC_STD.TO_INTEGER: metavalue detected, returning 0
#    Time: 1948160 ns  Iteration: 5  Instance: /tb/MyRiscv/u_regfile/MUXB
# ** Warning: NUMERIC_STD.TO_INTEGER: metavalue detected, returning 0
#    Time: 1963220 ns  Iteration: 2  Instance: /tb/MyRiscv/u_regfile/MUXB
# ** Warning: NUMERIC_STD.TO_INTEGER: metavalue detected, returning 0
#    Time: 1963220 ns  Iteration: 2  Instance: /tb/MyRiscv/u_regfile/MUXA
# ** Warning: NUMERIC_STD.TO_INTEGER: metavalue detected, returning 0
#    Time: 1963260 ns  Iteration: 5  Instance: /tb/MyRiscv/u_regfile/MUXA
# ** Warning: NUMERIC_STD.TO_INTEGER: metavalue detected, returning 0
#    Time: 1963260 ns  Iteration: 5  Instance: /tb/MyRiscv/u_regfile/MUXB
# ** Warning: NUMERIC_STD.TO_INTEGER: metavalue detected, returning 0
#    Time: 1978320 ns  Iteration: 2  Instance: /tb/MyRiscv/u_regfile/MUXB
# ** Warning: NUMERIC_STD.TO_INTEGER: metavalue detected, returning 0
#    Time: 1978320 ns  Iteration: 2  Instance: /tb/MyRiscv/u_regfile/MUXA
# ** Warning: NUMERIC_STD.TO_INTEGER: metavalue detected, returning 0
#    Time: 1978360 ns  Iteration: 5  Instance: /tb/MyRiscv/u_regfile/MUXA
# ** Warning: NUMERIC_STD.TO_INTEGER: metavalue detected, returning 0
#    Time: 1978360 ns  Iteration: 5  Instance: /tb/MyRiscv/u_regfile/MUXB
# ** Warning: NUMERIC_STD.TO_INTEGER: metavalue detected, returning 0
#    Time: 1993420 ns  Iteration: 2  Instance: /tb/MyRiscv/u_regfile/MUXB
# ** Warning: NUMERIC_STD.TO_INTEGER: metavalue detected, returning 0
#    Time: 1993420 ns  Iteration: 2  Instance: /tb/MyRiscv/u_regfile/MUXA
# ** Warning: NUMERIC_STD.TO_INTEGER: metavalue detected, returning 0
#    Time: 1993460 ns  Iteration: 5  Instance: /tb/MyRiscv/u_regfile/MUXA
# ** Warning: NUMERIC_STD.TO_INTEGER: metavalue detected, returning 0
#    Time: 1993460 ns  Iteration: 5  Instance: /tb/MyRiscv/u_regfile/MUXB
# ** Warning: NUMERIC_STD.TO_INTEGER: metavalue detected, returning 0
#    Time: 2008520 ns  Iteration: 2  Instance: /tb/MyRiscv/u_regfile/MUXB
# ** Warning: NUMERIC_STD.TO_INTEGER: metavalue detected, returning 0
#    Time: 2008520 ns  Iteration: 2  Instance: /tb/MyRiscv/u_regfile/MUXA
# ** Warning: NUMERIC_STD.TO_INTEGER: metavalue detected, returning 0
#    Time: 2008560 ns  Iteration: 5  Instance: /tb/MyRiscv/u_regfile/MUXA
# ** Warning: NUMERIC_STD.TO_INTEGER: metavalue detected, returning 0
#    Time: 2008560 ns  Iteration: 5  Instance: /tb/MyRiscv/u_regfile/MUXB
# ** Warning: NUMERIC_STD.TO_INTEGER: metavalue detected, returning 0
#    Time: 2023620 ns  Iteration: 2  Instance: /tb/MyRiscv/u_regfile/MUXB
# ** Warning: NUMERIC_STD.TO_INTEGER: metavalue detected, returning 0
#    Time: 2023620 ns  Iteration: 2  Instance: /tb/MyRiscv/u_regfile/MUXA
# ** Warning: NUMERIC_STD.TO_INTEGER: metavalue detected, returning 0
#    Time: 2023660 ns  Iteration: 5  Instance: /tb/MyRiscv/u_regfile/MUXA
# ** Warning: NUMERIC_STD.TO_INTEGER: metavalue detected, returning 0
#    Time: 2023660 ns  Iteration: 5  Instance: /tb/MyRiscv/u_regfile/MUXB
# ** Warning: NUMERIC_STD.TO_INTEGER: metavalue detected, returning 0
#    Time: 2038720 ns  Iteration: 2  Instance: /tb/MyRiscv/u_regfile/MUXB
# ** Warning: NUMERIC_STD.TO_INTEGER: metavalue detected, returning 0
#    Time: 2038720 ns  Iteration: 2  Instance: /tb/MyRiscv/u_regfile/MUXA
# ** Warning: NUMERIC_STD.TO_INTEGER: metavalue detected, returning 0
#    Time: 2038760 ns  Iteration: 5  Instance: /tb/MyRiscv/u_regfile/MUXA
# ** Warning: NUMERIC_STD.TO_INTEGER: metavalue detected, returning 0
#    Time: 2038760 ns  Iteration: 5  Instance: /tb/MyRiscv/u_regfile/MUXB
# ** Warning: NUMERIC_STD.TO_INTEGER: metavalue detected, returning 0
#    Time: 2053820 ns  Iteration: 2  Instance: /tb/MyRiscv/u_regfile/MUXB
# ** Warning: NUMERIC_STD.TO_INTEGER: metavalue detected, returning 0
#    Time: 2053820 ns  Iteration: 2  Instance: /tb/MyRiscv/u_regfile/MUXA
# ** Warning: NUMERIC_STD.TO_INTEGER: metavalue detected, returning 0
#    Time: 2053860 ns  Iteration: 5  Instance: /tb/MyRiscv/u_regfile/MUXA
# ** Warning: NUMERIC_STD.TO_INTEGER: metavalue detected, returning 0
#    Time: 2053860 ns  Iteration: 5  Instance: /tb/MyRiscv/u_regfile/MUXB
# ** Warning: NUMERIC_STD.TO_INTEGER: metavalue detected, returning 0
#    Time: 2068920 ns  Iteration: 2  Instance: /tb/MyRiscv/u_regfile/MUXB
# ** Warning: NUMERIC_STD.TO_INTEGER: metavalue detected, returning 0
#    Time: 2068920 ns  Iteration: 2  Instance: /tb/MyRiscv/u_regfile/MUXA
# ** Warning: NUMERIC_STD.TO_INTEGER: metavalue detected, returning 0
#    Time: 2068960 ns  Iteration: 5  Instance: /tb/MyRiscv/u_regfile/MUXA
# ** Warning: NUMERIC_STD.TO_INTEGER: metavalue detected, returning 0
#    Time: 2068960 ns  Iteration: 5  Instance: /tb/MyRiscv/u_regfile/MUXB
# ** Warning: NUMERIC_STD.TO_INTEGER: metavalue detected, returning 0
#    Time: 2084020 ns  Iteration: 2  Instance: /tb/MyRiscv/u_regfile/MUXB
# ** Warning: NUMERIC_STD.TO_INTEGER: metavalue detected, returning 0
#    Time: 2084020 ns  Iteration: 2  Instance: /tb/MyRiscv/u_regfile/MUXA
# ** Warning: NUMERIC_STD.TO_INTEGER: metavalue detected, returning 0
#    Time: 2084060 ns  Iteration: 5  Instance: /tb/MyRiscv/u_regfile/MUXA
# ** Warning: NUMERIC_STD.TO_INTEGER: metavalue detected, returning 0
#    Time: 2084060 ns  Iteration: 5  Instance: /tb/MyRiscv/u_regfile/MUXB
# ** Warning: NUMERIC_STD.TO_INTEGER: metavalue detected, returning 0
#    Time: 2099120 ns  Iteration: 2  Instance: /tb/MyRiscv/u_regfile/MUXB
# ** Warning: NUMERIC_STD.TO_INTEGER: metavalue detected, returning 0
#    Time: 2099120 ns  Iteration: 2  Instance: /tb/MyRiscv/u_regfile/MUXA
# ** Warning: NUMERIC_STD.TO_INTEGER: metavalue detected, returning 0
#    Time: 2099160 ns  Iteration: 5  Instance: /tb/MyRiscv/u_regfile/MUXA
# ** Warning: NUMERIC_STD.TO_INTEGER: metavalue detected, returning 0
#    Time: 2099160 ns  Iteration: 5  Instance: /tb/MyRiscv/u_regfile/MUXB
# ** Warning: NUMERIC_STD.TO_INTEGER: metavalue detected, returning 0
#    Time: 2114220 ns  Iteration: 2  Instance: /tb/MyRiscv/u_regfile/MUXB
# ** Warning: NUMERIC_STD.TO_INTEGER: metavalue detected, returning 0
#    Time: 2114220 ns  Iteration: 2  Instance: /tb/MyRiscv/u_regfile/MUXA
# ** Warning: NUMERIC_STD.TO_INTEGER: metavalue detected, returning 0
#    Time: 2114260 ns  Iteration: 5  Instance: /tb/MyRiscv/u_regfile/MUXA
# ** Warning: NUMERIC_STD.TO_INTEGER: metavalue detected, returning 0
#    Time: 2114260 ns  Iteration: 5  Instance: /tb/MyRiscv/u_regfile/MUXB
# ** Warning: NUMERIC_STD.TO_INTEGER: metavalue detected, returning 0
#    Time: 2129320 ns  Iteration: 2  Instance: /tb/MyRiscv/u_regfile/MUXB
# ** Warning: NUMERIC_STD.TO_INTEGER: metavalue detected, returning 0
#    Time: 2129320 ns  Iteration: 2  Instance: /tb/MyRiscv/u_regfile/MUXA
# ** Warning: NUMERIC_STD.TO_INTEGER: metavalue detected, returning 0
#    Time: 2129360 ns  Iteration: 5  Instance: /tb/MyRiscv/u_regfile/MUXA
# ** Warning: NUMERIC_STD.TO_INTEGER: metavalue detected, returning 0
#    Time: 2129360 ns  Iteration: 5  Instance: /tb/MyRiscv/u_regfile/MUXB
# ** Warning: NUMERIC_STD.TO_INTEGER: metavalue detected, returning 0
#    Time: 2144420 ns  Iteration: 2  Instance: /tb/MyRiscv/u_regfile/MUXB
# ** Warning: NUMERIC_STD.TO_INTEGER: metavalue detected, returning 0
#    Time: 2144420 ns  Iteration: 2  Instance: /tb/MyRiscv/u_regfile/MUXA
# ** Warning: NUMERIC_STD.TO_INTEGER: metavalue detected, returning 0
#    Time: 2144460 ns  Iteration: 5  Instance: /tb/MyRiscv/u_regfile/MUXA
# ** Warning: NUMERIC_STD.TO_INTEGER: metavalue detected, returning 0
#    Time: 2144460 ns  Iteration: 5  Instance: /tb/MyRiscv/u_regfile/MUXB
# ** Warning: NUMERIC_STD.TO_INTEGER: metavalue detected, returning 0
#    Time: 2159520 ns  Iteration: 2  Instance: /tb/MyRiscv/u_regfile/MUXB
# ** Warning: NUMERIC_STD.TO_INTEGER: metavalue detected, returning 0
#    Time: 2159520 ns  Iteration: 2  Instance: /tb/MyRiscv/u_regfile/MUXA
# ** Warning: NUMERIC_STD.TO_INTEGER: metavalue detected, returning 0
#    Time: 2159560 ns  Iteration: 5  Instance: /tb/MyRiscv/u_regfile/MUXA
# ** Warning: NUMERIC_STD.TO_INTEGER: metavalue detected, returning 0
#    Time: 2159560 ns  Iteration: 5  Instance: /tb/MyRiscv/u_regfile/MUXB
# ** Warning: NUMERIC_STD.TO_INTEGER: metavalue detected, returning 0
#    Time: 2174620 ns  Iteration: 2  Instance: /tb/MyRiscv/u_regfile/MUXB
# ** Warning: NUMERIC_STD.TO_INTEGER: metavalue detected, returning 0
#    Time: 2174620 ns  Iteration: 2  Instance: /tb/MyRiscv/u_regfile/MUXA
# ** Warning: NUMERIC_STD.TO_INTEGER: metavalue detected, returning 0
#    Time: 2174660 ns  Iteration: 5  Instance: /tb/MyRiscv/u_regfile/MUXA
# ** Warning: NUMERIC_STD.TO_INTEGER: metavalue detected, returning 0
#    Time: 2174660 ns  Iteration: 5  Instance: /tb/MyRiscv/u_regfile/MUXB
# ** Warning: NUMERIC_STD.TO_INTEGER: metavalue detected, returning 0
#    Time: 2189720 ns  Iteration: 2  Instance: /tb/MyRiscv/u_regfile/MUXB
# ** Warning: NUMERIC_STD.TO_INTEGER: metavalue detected, returning 0
#    Time: 2189720 ns  Iteration: 2  Instance: /tb/MyRiscv/u_regfile/MUXA
# ** Warning: NUMERIC_STD.TO_INTEGER: metavalue detected, returning 0
#    Time: 2189760 ns  Iteration: 5  Instance: /tb/MyRiscv/u_regfile/MUXA
# ** Warning: NUMERIC_STD.TO_INTEGER: metavalue detected, returning 0
#    Time: 2189760 ns  Iteration: 5  Instance: /tb/MyRiscv/u_regfile/MUXB
# ** Warning: NUMERIC_STD.TO_INTEGER: metavalue detected, returning 0
#    Time: 2204820 ns  Iteration: 2  Instance: /tb/MyRiscv/u_regfile/MUXB
# ** Warning: NUMERIC_STD.TO_INTEGER: metavalue detected, returning 0
#    Time: 2204820 ns  Iteration: 2  Instance: /tb/MyRiscv/u_regfile/MUXA
# ** Warning: NUMERIC_STD.TO_INTEGER: metavalue detected, returning 0
#    Time: 2204860 ns  Iteration: 5  Instance: /tb/MyRiscv/u_regfile/MUXA
# ** Warning: NUMERIC_STD.TO_INTEGER: metavalue detected, returning 0
#    Time: 2204860 ns  Iteration: 5  Instance: /tb/MyRiscv/u_regfile/MUXB
# ** Warning: NUMERIC_STD.TO_INTEGER: metavalue detected, returning 0
#    Time: 2219920 ns  Iteration: 2  Instance: /tb/MyRiscv/u_regfile/MUXB
# ** Warning: NUMERIC_STD.TO_INTEGER: metavalue detected, returning 0
#    Time: 2219920 ns  Iteration: 2  Instance: /tb/MyRiscv/u_regfile/MUXA
# ** Warning: NUMERIC_STD.TO_INTEGER: metavalue detected, returning 0
#    Time: 2219960 ns  Iteration: 5  Instance: /tb/MyRiscv/u_regfile/MUXA
# ** Warning: NUMERIC_STD.TO_INTEGER: metavalue detected, returning 0
#    Time: 2219960 ns  Iteration: 5  Instance: /tb/MyRiscv/u_regfile/MUXB
# ** Warning: NUMERIC_STD.TO_INTEGER: metavalue detected, returning 0
#    Time: 2235020 ns  Iteration: 2  Instance: /tb/MyRiscv/u_regfile/MUXB
# ** Warning: NUMERIC_STD.TO_INTEGER: metavalue detected, returning 0
#    Time: 2235020 ns  Iteration: 2  Instance: /tb/MyRiscv/u_regfile/MUXA
# ** Warning: NUMERIC_STD.TO_INTEGER: metavalue detected, returning 0
#    Time: 2235060 ns  Iteration: 5  Instance: /tb/MyRiscv/u_regfile/MUXA
# ** Warning: NUMERIC_STD.TO_INTEGER: metavalue detected, returning 0
#    Time: 2235060 ns  Iteration: 5  Instance: /tb/MyRiscv/u_regfile/MUXB
# ** Warning: NUMERIC_STD.TO_INTEGER: metavalue detected, returning 0
#    Time: 2250120 ns  Iteration: 2  Instance: /tb/MyRiscv/u_regfile/MUXB
# ** Warning: NUMERIC_STD.TO_INTEGER: metavalue detected, returning 0
#    Time: 2250120 ns  Iteration: 2  Instance: /tb/MyRiscv/u_regfile/MUXA
# ** Warning: NUMERIC_STD.TO_INTEGER: metavalue detected, returning 0
#    Time: 2250160 ns  Iteration: 5  Instance: /tb/MyRiscv/u_regfile/MUXA
# ** Warning: NUMERIC_STD.TO_INTEGER: metavalue detected, returning 0
#    Time: 2250160 ns  Iteration: 5  Instance: /tb/MyRiscv/u_regfile/MUXB
# ** Warning: NUMERIC_STD.TO_INTEGER: metavalue detected, returning 0
#    Time: 2265220 ns  Iteration: 2  Instance: /tb/MyRiscv/u_regfile/MUXB
# ** Warning: NUMERIC_STD.TO_INTEGER: metavalue detected, returning 0
#    Time: 2265220 ns  Iteration: 2  Instance: /tb/MyRiscv/u_regfile/MUXA
# ** Warning: NUMERIC_STD.TO_INTEGER: metavalue detected, returning 0
#    Time: 2265260 ns  Iteration: 5  Instance: /tb/MyRiscv/u_regfile/MUXA
# ** Warning: NUMERIC_STD.TO_INTEGER: metavalue detected, returning 0
#    Time: 2265260 ns  Iteration: 5  Instance: /tb/MyRiscv/u_regfile/MUXB
# ** Warning: NUMERIC_STD.TO_INTEGER: metavalue detected, returning 0
#    Time: 2280320 ns  Iteration: 2  Instance: /tb/MyRiscv/u_regfile/MUXB
# ** Warning: NUMERIC_STD.TO_INTEGER: metavalue detected, returning 0
#    Time: 2280320 ns  Iteration: 2  Instance: /tb/MyRiscv/u_regfile/MUXA
# ** Warning: NUMERIC_STD.TO_INTEGER: metavalue detected, returning 0
#    Time: 2280360 ns  Iteration: 5  Instance: /tb/MyRiscv/u_regfile/MUXA
# ** Warning: NUMERIC_STD.TO_INTEGER: metavalue detected, returning 0
#    Time: 2280360 ns  Iteration: 5  Instance: /tb/MyRiscv/u_regfile/MUXB
# ** Warning: NUMERIC_STD.TO_INTEGER: metavalue detected, returning 0
#    Time: 2295420 ns  Iteration: 2  Instance: /tb/MyRiscv/u_regfile/MUXB
# ** Warning: NUMERIC_STD.TO_INTEGER: metavalue detected, returning 0
#    Time: 2295420 ns  Iteration: 2  Instance: /tb/MyRiscv/u_regfile/MUXA
# ** Warning: NUMERIC_STD.TO_INTEGER: metavalue detected, returning 0
#    Time: 2295460 ns  Iteration: 5  Instance: /tb/MyRiscv/u_regfile/MUXA
# ** Warning: NUMERIC_STD.TO_INTEGER: metavalue detected, returning 0
#    Time: 2295460 ns  Iteration: 5  Instance: /tb/MyRiscv/u_regfile/MUXB
# ** Warning: NUMERIC_STD.TO_INTEGER: metavalue detected, returning 0
#    Time: 2310520 ns  Iteration: 2  Instance: /tb/MyRiscv/u_regfile/MUXB
# ** Warning: NUMERIC_STD.TO_INTEGER: metavalue detected, returning 0
#    Time: 2310520 ns  Iteration: 2  Instance: /tb/MyRiscv/u_regfile/MUXA
# ** Warning: NUMERIC_STD.TO_INTEGER: metavalue detected, returning 0
#    Time: 2310560 ns  Iteration: 5  Instance: /tb/MyRiscv/u_regfile/MUXA
# ** Warning: NUMERIC_STD.TO_INTEGER: metavalue detected, returning 0
#    Time: 2310560 ns  Iteration: 5  Instance: /tb/MyRiscv/u_regfile/MUXB
# ** Warning: NUMERIC_STD.TO_INTEGER: metavalue detected, returning 0
#    Time: 2325620 ns  Iteration: 2  Instance: /tb/MyRiscv/u_regfile/MUXB
# ** Warning: NUMERIC_STD.TO_INTEGER: metavalue detected, returning 0
#    Time: 2325620 ns  Iteration: 2  Instance: /tb/MyRiscv/u_regfile/MUXA
# ** Warning: NUMERIC_STD.TO_INTEGER: metavalue detected, returning 0
#    Time: 2325660 ns  Iteration: 5  Instance: /tb/MyRiscv/u_regfile/MUXA
# ** Warning: NUMERIC_STD.TO_INTEGER: metavalue detected, returning 0
#    Time: 2325660 ns  Iteration: 5  Instance: /tb/MyRiscv/u_regfile/MUXB
# ** Warning: NUMERIC_STD.TO_INTEGER: metavalue detected, returning 0
#    Time: 2340720 ns  Iteration: 2  Instance: /tb/MyRiscv/u_regfile/MUXB
# ** Warning: NUMERIC_STD.TO_INTEGER: metavalue detected, returning 0
#    Time: 2340720 ns  Iteration: 2  Instance: /tb/MyRiscv/u_regfile/MUXA
# ** Warning: NUMERIC_STD.TO_INTEGER: metavalue detected, returning 0
#    Time: 2340760 ns  Iteration: 5  Instance: /tb/MyRiscv/u_regfile/MUXA
# ** Warning: NUMERIC_STD.TO_INTEGER: metavalue detected, returning 0
#    Time: 2340760 ns  Iteration: 5  Instance: /tb/MyRiscv/u_regfile/MUXB
# ** Warning: NUMERIC_STD.TO_INTEGER: metavalue detected, returning 0
#    Time: 2355820 ns  Iteration: 2  Instance: /tb/MyRiscv/u_regfile/MUXB
# ** Warning: NUMERIC_STD.TO_INTEGER: metavalue detected, returning 0
#    Time: 2355820 ns  Iteration: 2  Instance: /tb/MyRiscv/u_regfile/MUXA
# ** Warning: NUMERIC_STD.TO_INTEGER: metavalue detected, returning 0
#    Time: 2355860 ns  Iteration: 5  Instance: /tb/MyRiscv/u_regfile/MUXA
# ** Warning: NUMERIC_STD.TO_INTEGER: metavalue detected, returning 0
#    Time: 2355860 ns  Iteration: 5  Instance: /tb/MyRiscv/u_regfile/MUXB
# ** Warning: NUMERIC_STD.TO_INTEGER: metavalue detected, returning 0
#    Time: 2370920 ns  Iteration: 2  Instance: /tb/MyRiscv/u_regfile/MUXB
# ** Warning: NUMERIC_STD.TO_INTEGER: metavalue detected, returning 0
#    Time: 2370920 ns  Iteration: 2  Instance: /tb/MyRiscv/u_regfile/MUXA
# ** Warning: NUMERIC_STD.TO_INTEGER: metavalue detected, returning 0
#    Time: 2370960 ns  Iteration: 5  Instance: /tb/MyRiscv/u_regfile/MUXA
# ** Warning: NUMERIC_STD.TO_INTEGER: metavalue detected, returning 0
#    Time: 2370960 ns  Iteration: 5  Instance: /tb/MyRiscv/u_regfile/MUXB
# ** Warning: NUMERIC_STD.TO_INTEGER: metavalue detected, returning 0
#    Time: 2386020 ns  Iteration: 2  Instance: /tb/MyRiscv/u_regfile/MUXB
# ** Warning: NUMERIC_STD.TO_INTEGER: metavalue detected, returning 0
#    Time: 2386020 ns  Iteration: 2  Instance: /tb/MyRiscv/u_regfile/MUXA
# ** Warning: NUMERIC_STD.TO_INTEGER: metavalue detected, returning 0
#    Time: 2386060 ns  Iteration: 5  Instance: /tb/MyRiscv/u_regfile/MUXA
# ** Warning: NUMERIC_STD.TO_INTEGER: metavalue detected, returning 0
#    Time: 2386060 ns  Iteration: 5  Instance: /tb/MyRiscv/u_regfile/MUXB
# ** Warning: NUMERIC_STD.TO_INTEGER: metavalue detected, returning 0
#    Time: 2401120 ns  Iteration: 2  Instance: /tb/MyRiscv/u_regfile/MUXB
# ** Warning: NUMERIC_STD.TO_INTEGER: metavalue detected, returning 0
#    Time: 2401120 ns  Iteration: 2  Instance: /tb/MyRiscv/u_regfile/MUXA
# ** Warning: NUMERIC_STD.TO_INTEGER: metavalue detected, returning 0
#    Time: 2401160 ns  Iteration: 5  Instance: /tb/MyRiscv/u_regfile/MUXA
# ** Warning: NUMERIC_STD.TO_INTEGER: metavalue detected, returning 0
#    Time: 2401160 ns  Iteration: 5  Instance: /tb/MyRiscv/u_regfile/MUXB
# ** Warning: NUMERIC_STD.TO_INTEGER: metavalue detected, returning 0
#    Time: 2416220 ns  Iteration: 2  Instance: /tb/MyRiscv/u_regfile/MUXB
# ** Warning: NUMERIC_STD.TO_INTEGER: metavalue detected, returning 0
#    Time: 2416220 ns  Iteration: 2  Instance: /tb/MyRiscv/u_regfile/MUXA
# ** Warning: NUMERIC_STD.TO_INTEGER: metavalue detected, returning 0
#    Time: 2416260 ns  Iteration: 5  Instance: /tb/MyRiscv/u_regfile/MUXA
# ** Warning: NUMERIC_STD.TO_INTEGER: metavalue detected, returning 0
#    Time: 2416260 ns  Iteration: 5  Instance: /tb/MyRiscv/u_regfile/MUXB
# ** Warning: NUMERIC_STD.TO_INTEGER: metavalue detected, returning 0
#    Time: 2431320 ns  Iteration: 2  Instance: /tb/MyRiscv/u_regfile/MUXB
# ** Warning: NUMERIC_STD.TO_INTEGER: metavalue detected, returning 0
#    Time: 2431320 ns  Iteration: 2  Instance: /tb/MyRiscv/u_regfile/MUXA
# ** Warning: NUMERIC_STD.TO_INTEGER: metavalue detected, returning 0
#    Time: 2431360 ns  Iteration: 5  Instance: /tb/MyRiscv/u_regfile/MUXA
# ** Warning: NUMERIC_STD.TO_INTEGER: metavalue detected, returning 0
#    Time: 2431360 ns  Iteration: 5  Instance: /tb/MyRiscv/u_regfile/MUXB
# ** Warning: NUMERIC_STD.TO_INTEGER: metavalue detected, returning 0
#    Time: 2446420 ns  Iteration: 2  Instance: /tb/MyRiscv/u_regfile/MUXB
# ** Warning: NUMERIC_STD.TO_INTEGER: metavalue detected, returning 0
#    Time: 2446420 ns  Iteration: 2  Instance: /tb/MyRiscv/u_regfile/MUXA
# ** Warning: NUMERIC_STD.TO_INTEGER: metavalue detected, returning 0
#    Time: 2446460 ns  Iteration: 5  Instance: /tb/MyRiscv/u_regfile/MUXA
# ** Warning: NUMERIC_STD.TO_INTEGER: metavalue detected, returning 0
#    Time: 2446460 ns  Iteration: 5  Instance: /tb/MyRiscv/u_regfile/MUXB
# ** Warning: NUMERIC_STD.TO_INTEGER: metavalue detected, returning 0
#    Time: 2461520 ns  Iteration: 2  Instance: /tb/MyRiscv/u_regfile/MUXB
# ** Warning: NUMERIC_STD.TO_INTEGER: metavalue detected, returning 0
#    Time: 2461520 ns  Iteration: 2  Instance: /tb/MyRiscv/u_regfile/MUXA
# ** Warning: NUMERIC_STD.TO_INTEGER: metavalue detected, returning 0
#    Time: 2461560 ns  Iteration: 5  Instance: /tb/MyRiscv/u_regfile/MUXA
# ** Warning: NUMERIC_STD.TO_INTEGER: metavalue detected, returning 0
#    Time: 2461560 ns  Iteration: 5  Instance: /tb/MyRiscv/u_regfile/MUXB
# ** Warning: NUMERIC_STD.TO_INTEGER: metavalue detected, returning 0
#    Time: 2476620 ns  Iteration: 2  Instance: /tb/MyRiscv/u_regfile/MUXB
# ** Warning: NUMERIC_STD.TO_INTEGER: metavalue detected, returning 0
#    Time: 2476620 ns  Iteration: 2  Instance: /tb/MyRiscv/u_regfile/MUXA
# ** Warning: NUMERIC_STD.TO_INTEGER: metavalue detected, returning 0
#    Time: 2476660 ns  Iteration: 5  Instance: /tb/MyRiscv/u_regfile/MUXA
# ** Warning: NUMERIC_STD.TO_INTEGER: metavalue detected, returning 0
#    Time: 2476660 ns  Iteration: 5  Instance: /tb/MyRiscv/u_regfile/MUXB
# ** Warning: NUMERIC_STD.TO_INTEGER: metavalue detected, returning 0
#    Time: 2491720 ns  Iteration: 2  Instance: /tb/MyRiscv/u_regfile/MUXB
# ** Warning: NUMERIC_STD.TO_INTEGER: metavalue detected, returning 0
#    Time: 2491720 ns  Iteration: 2  Instance: /tb/MyRiscv/u_regfile/MUXA
# ** Warning: NUMERIC_STD.TO_INTEGER: metavalue detected, returning 0
#    Time: 2491760 ns  Iteration: 5  Instance: /tb/MyRiscv/u_regfile/MUXA
# ** Warning: NUMERIC_STD.TO_INTEGER: metavalue detected, returning 0
#    Time: 2491760 ns  Iteration: 5  Instance: /tb/MyRiscv/u_regfile/MUXB
# ** Warning: NUMERIC_STD.TO_INTEGER: metavalue detected, returning 0
#    Time: 2506820 ns  Iteration: 2  Instance: /tb/MyRiscv/u_regfile/MUXB
# ** Warning: NUMERIC_STD.TO_INTEGER: metavalue detected, returning 0
#    Time: 2506820 ns  Iteration: 2  Instance: /tb/MyRiscv/u_regfile/MUXA
# ** Warning: NUMERIC_STD.TO_INTEGER: metavalue detected, returning 0
#    Time: 2506860 ns  Iteration: 5  Instance: /tb/MyRiscv/u_regfile/MUXA
# ** Warning: NUMERIC_STD.TO_INTEGER: metavalue detected, returning 0
#    Time: 2506860 ns  Iteration: 5  Instance: /tb/MyRiscv/u_regfile/MUXB
# ** Warning: NUMERIC_STD.TO_INTEGER: metavalue detected, returning 0
#    Time: 2521920 ns  Iteration: 2  Instance: /tb/MyRiscv/u_regfile/MUXB
# ** Warning: NUMERIC_STD.TO_INTEGER: metavalue detected, returning 0
#    Time: 2521920 ns  Iteration: 2  Instance: /tb/MyRiscv/u_regfile/MUXA
# ** Warning: NUMERIC_STD.TO_INTEGER: metavalue detected, returning 0
#    Time: 2521960 ns  Iteration: 5  Instance: /tb/MyRiscv/u_regfile/MUXA
# ** Warning: NUMERIC_STD.TO_INTEGER: metavalue detected, returning 0
#    Time: 2521960 ns  Iteration: 5  Instance: /tb/MyRiscv/u_regfile/MUXB
# ** Warning: NUMERIC_STD.TO_INTEGER: metavalue detected, returning 0
#    Time: 2537020 ns  Iteration: 2  Instance: /tb/MyRiscv/u_regfile/MUXB
# ** Warning: NUMERIC_STD.TO_INTEGER: metavalue detected, returning 0
#    Time: 2537020 ns  Iteration: 2  Instance: /tb/MyRiscv/u_regfile/MUXA
# ** Warning: NUMERIC_STD.TO_INTEGER: metavalue detected, returning 0
#    Time: 2537060 ns  Iteration: 5  Instance: /tb/MyRiscv/u_regfile/MUXA
# ** Warning: NUMERIC_STD.TO_INTEGER: metavalue detected, returning 0
#    Time: 2537060 ns  Iteration: 5  Instance: /tb/MyRiscv/u_regfile/MUXB
# ** Warning: NUMERIC_STD.TO_INTEGER: metavalue detected, returning 0
#    Time: 2552120 ns  Iteration: 2  Instance: /tb/MyRiscv/u_regfile/MUXB
# ** Warning: NUMERIC_STD.TO_INTEGER: metavalue detected, returning 0
#    Time: 2552120 ns  Iteration: 2  Instance: /tb/MyRiscv/u_regfile/MUXA
# ** Warning: NUMERIC_STD.TO_INTEGER: metavalue detected, returning 0
#    Time: 2552160 ns  Iteration: 5  Instance: /tb/MyRiscv/u_regfile/MUXA
# ** Warning: NUMERIC_STD.TO_INTEGER: metavalue detected, returning 0
#    Time: 2552160 ns  Iteration: 5  Instance: /tb/MyRiscv/u_regfile/MUXB
# ** Warning: NUMERIC_STD.TO_INTEGER: metavalue detected, returning 0
#    Time: 2567220 ns  Iteration: 2  Instance: /tb/MyRiscv/u_regfile/MUXB
# ** Warning: NUMERIC_STD.TO_INTEGER: metavalue detected, returning 0
#    Time: 2567220 ns  Iteration: 2  Instance: /tb/MyRiscv/u_regfile/MUXA
# ** Warning: NUMERIC_STD.TO_INTEGER: metavalue detected, returning 0
#    Time: 2567260 ns  Iteration: 5  Instance: /tb/MyRiscv/u_regfile/MUXA
# ** Warning: NUMERIC_STD.TO_INTEGER: metavalue detected, returning 0
#    Time: 2567260 ns  Iteration: 5  Instance: /tb/MyRiscv/u_regfile/MUXB
# ** Warning: NUMERIC_STD.TO_INTEGER: metavalue detected, returning 0
#    Time: 2582320 ns  Iteration: 2  Instance: /tb/MyRiscv/u_regfile/MUXB
# ** Warning: NUMERIC_STD.TO_INTEGER: metavalue detected, returning 0
#    Time: 2582320 ns  Iteration: 2  Instance: /tb/MyRiscv/u_regfile/MUXA
# ** Warning: NUMERIC_STD.TO_INTEGER: metavalue detected, returning 0
#    Time: 2582360 ns  Iteration: 5  Instance: /tb/MyRiscv/u_regfile/MUXA
# ** Warning: NUMERIC_STD.TO_INTEGER: metavalue detected, returning 0
#    Time: 2582360 ns  Iteration: 5  Instance: /tb/MyRiscv/u_regfile/MUXB
# ** Warning: NUMERIC_STD.TO_INTEGER: metavalue detected, returning 0
#    Time: 2597420 ns  Iteration: 2  Instance: /tb/MyRiscv/u_regfile/MUXB
# ** Warning: NUMERIC_STD.TO_INTEGER: metavalue detected, returning 0
#    Time: 2597420 ns  Iteration: 2  Instance: /tb/MyRiscv/u_regfile/MUXA
# ** Warning: NUMERIC_STD.TO_INTEGER: metavalue detected, returning 0
#    Time: 2597460 ns  Iteration: 5  Instance: /tb/MyRiscv/u_regfile/MUXA
# ** Warning: NUMERIC_STD.TO_INTEGER: metavalue detected, returning 0
#    Time: 2597460 ns  Iteration: 5  Instance: /tb/MyRiscv/u_regfile/MUXB
# ** Warning: NUMERIC_STD.TO_INTEGER: metavalue detected, returning 0
#    Time: 2612520 ns  Iteration: 2  Instance: /tb/MyRiscv/u_regfile/MUXB
# ** Warning: NUMERIC_STD.TO_INTEGER: metavalue detected, returning 0
#    Time: 2612520 ns  Iteration: 2  Instance: /tb/MyRiscv/u_regfile/MUXA
# ** Warning: NUMERIC_STD.TO_INTEGER: metavalue detected, returning 0
#    Time: 2612560 ns  Iteration: 5  Instance: /tb/MyRiscv/u_regfile/MUXA
# ** Warning: NUMERIC_STD.TO_INTEGER: metavalue detected, returning 0
#    Time: 2612560 ns  Iteration: 5  Instance: /tb/MyRiscv/u_regfile/MUXB
# ** Warning: NUMERIC_STD.TO_INTEGER: metavalue detected, returning 0
#    Time: 2627620 ns  Iteration: 2  Instance: /tb/MyRiscv/u_regfile/MUXB
# ** Warning: NUMERIC_STD.TO_INTEGER: metavalue detected, returning 0
#    Time: 2627620 ns  Iteration: 2  Instance: /tb/MyRiscv/u_regfile/MUXA
# ** Warning: NUMERIC_STD.TO_INTEGER: metavalue detected, returning 0
#    Time: 2627660 ns  Iteration: 5  Instance: /tb/MyRiscv/u_regfile/MUXA
# ** Warning: NUMERIC_STD.TO_INTEGER: metavalue detected, returning 0
#    Time: 2627660 ns  Iteration: 5  Instance: /tb/MyRiscv/u_regfile/MUXB
# ** Warning: NUMERIC_STD.TO_INTEGER: metavalue detected, returning 0
#    Time: 2642720 ns  Iteration: 2  Instance: /tb/MyRiscv/u_regfile/MUXB
# ** Warning: NUMERIC_STD.TO_INTEGER: metavalue detected, returning 0
#    Time: 2642720 ns  Iteration: 2  Instance: /tb/MyRiscv/u_regfile/MUXA
# ** Warning: NUMERIC_STD.TO_INTEGER: metavalue detected, returning 0
#    Time: 2642760 ns  Iteration: 5  Instance: /tb/MyRiscv/u_regfile/MUXA
# ** Warning: NUMERIC_STD.TO_INTEGER: metavalue detected, returning 0
#    Time: 2642760 ns  Iteration: 5  Instance: /tb/MyRiscv/u_regfile/MUXB
# ** Warning: NUMERIC_STD.TO_INTEGER: metavalue detected, returning 0
#    Time: 2657820 ns  Iteration: 2  Instance: /tb/MyRiscv/u_regfile/MUXB
# ** Warning: NUMERIC_STD.TO_INTEGER: metavalue detected, returning 0
#    Time: 2657820 ns  Iteration: 2  Instance: /tb/MyRiscv/u_regfile/MUXA
# ** Warning: NUMERIC_STD.TO_INTEGER: metavalue detected, returning 0
#    Time: 2657860 ns  Iteration: 5  Instance: /tb/MyRiscv/u_regfile/MUXA
# ** Warning: NUMERIC_STD.TO_INTEGER: metavalue detected, returning 0
#    Time: 2657860 ns  Iteration: 5  Instance: /tb/MyRiscv/u_regfile/MUXB
# ** Warning: NUMERIC_STD.TO_INTEGER: metavalue detected, returning 0
#    Time: 2672920 ns  Iteration: 2  Instance: /tb/MyRiscv/u_regfile/MUXB
# ** Warning: NUMERIC_STD.TO_INTEGER: metavalue detected, returning 0
#    Time: 2672920 ns  Iteration: 2  Instance: /tb/MyRiscv/u_regfile/MUXA
# ** Warning: NUMERIC_STD.TO_INTEGER: metavalue detected, returning 0
#    Time: 2672960 ns  Iteration: 5  Instance: /tb/MyRiscv/u_regfile/MUXA
# ** Warning: NUMERIC_STD.TO_INTEGER: metavalue detected, returning 0
#    Time: 2672960 ns  Iteration: 5  Instance: /tb/MyRiscv/u_regfile/MUXB
# ** Warning: NUMERIC_STD.TO_INTEGER: metavalue detected, returning 0
#    Time: 2688020 ns  Iteration: 2  Instance: /tb/MyRiscv/u_regfile/MUXB
# ** Warning: NUMERIC_STD.TO_INTEGER: metavalue detected, returning 0
#    Time: 2688020 ns  Iteration: 2  Instance: /tb/MyRiscv/u_regfile/MUXA
# ** Warning: NUMERIC_STD.TO_INTEGER: metavalue detected, returning 0
#    Time: 2688060 ns  Iteration: 5  Instance: /tb/MyRiscv/u_regfile/MUXA
# ** Warning: NUMERIC_STD.TO_INTEGER: metavalue detected, returning 0
#    Time: 2688060 ns  Iteration: 5  Instance: /tb/MyRiscv/u_regfile/MUXB
# ** Warning: NUMERIC_STD.TO_INTEGER: metavalue detected, returning 0
#    Time: 2703120 ns  Iteration: 2  Instance: /tb/MyRiscv/u_regfile/MUXB
# ** Warning: NUMERIC_STD.TO_INTEGER: metavalue detected, returning 0
#    Time: 2703120 ns  Iteration: 2  Instance: /tb/MyRiscv/u_regfile/MUXA
# ** Warning: NUMERIC_STD.TO_INTEGER: metavalue detected, returning 0
#    Time: 2703160 ns  Iteration: 5  Instance: /tb/MyRiscv/u_regfile/MUXA
# ** Warning: NUMERIC_STD.TO_INTEGER: metavalue detected, returning 0
#    Time: 2703160 ns  Iteration: 5  Instance: /tb/MyRiscv/u_regfile/MUXB
# ** Warning: NUMERIC_STD.TO_INTEGER: metavalue detected, returning 0
#    Time: 2718220 ns  Iteration: 2  Instance: /tb/MyRiscv/u_regfile/MUXB
# ** Warning: NUMERIC_STD.TO_INTEGER: metavalue detected, returning 0
#    Time: 2718220 ns  Iteration: 2  Instance: /tb/MyRiscv/u_regfile/MUXA
# ** Warning: NUMERIC_STD.TO_INTEGER: metavalue detected, returning 0
#    Time: 2718260 ns  Iteration: 5  Instance: /tb/MyRiscv/u_regfile/MUXA
# ** Warning: NUMERIC_STD.TO_INTEGER: metavalue detected, returning 0
#    Time: 2718260 ns  Iteration: 5  Instance: /tb/MyRiscv/u_regfile/MUXB
# ** Warning: NUMERIC_STD.TO_INTEGER: metavalue detected, returning 0
#    Time: 2733320 ns  Iteration: 2  Instance: /tb/MyRiscv/u_regfile/MUXB
# ** Warning: NUMERIC_STD.TO_INTEGER: metavalue detected, returning 0
#    Time: 2733320 ns  Iteration: 2  Instance: /tb/MyRiscv/u_regfile/MUXA
# ** Warning: NUMERIC_STD.TO_INTEGER: metavalue detected, returning 0
#    Time: 2733360 ns  Iteration: 5  Instance: /tb/MyRiscv/u_regfile/MUXA
# ** Warning: NUMERIC_STD.TO_INTEGER: metavalue detected, returning 0
#    Time: 2733360 ns  Iteration: 5  Instance: /tb/MyRiscv/u_regfile/MUXB
# ** Warning: NUMERIC_STD.TO_INTEGER: metavalue detected, returning 0
#    Time: 2748420 ns  Iteration: 2  Instance: /tb/MyRiscv/u_regfile/MUXB
# ** Warning: NUMERIC_STD.TO_INTEGER: metavalue detected, returning 0
#    Time: 2748420 ns  Iteration: 2  Instance: /tb/MyRiscv/u_regfile/MUXA
# ** Warning: NUMERIC_STD.TO_INTEGER: metavalue detected, returning 0
#    Time: 2748460 ns  Iteration: 5  Instance: /tb/MyRiscv/u_regfile/MUXA
# ** Warning: NUMERIC_STD.TO_INTEGER: metavalue detected, returning 0
#    Time: 2748460 ns  Iteration: 5  Instance: /tb/MyRiscv/u_regfile/MUXB
# ** Warning: NUMERIC_STD.TO_INTEGER: metavalue detected, returning 0
#    Time: 2763520 ns  Iteration: 2  Instance: /tb/MyRiscv/u_regfile/MUXB
# ** Warning: NUMERIC_STD.TO_INTEGER: metavalue detected, returning 0
#    Time: 2763520 ns  Iteration: 2  Instance: /tb/MyRiscv/u_regfile/MUXA
# ** Warning: NUMERIC_STD.TO_INTEGER: metavalue detected, returning 0
#    Time: 2763560 ns  Iteration: 5  Instance: /tb/MyRiscv/u_regfile/MUXA
# ** Warning: NUMERIC_STD.TO_INTEGER: metavalue detected, returning 0
#    Time: 2763560 ns  Iteration: 5  Instance: /tb/MyRiscv/u_regfile/MUXB
# ** Warning: NUMERIC_STD.TO_INTEGER: metavalue detected, returning 0
#    Time: 2778620 ns  Iteration: 2  Instance: /tb/MyRiscv/u_regfile/MUXB
# ** Warning: NUMERIC_STD.TO_INTEGER: metavalue detected, returning 0
#    Time: 2778620 ns  Iteration: 2  Instance: /tb/MyRiscv/u_regfile/MUXA
# ** Warning: NUMERIC_STD.TO_INTEGER: metavalue detected, returning 0
#    Time: 2778660 ns  Iteration: 5  Instance: /tb/MyRiscv/u_regfile/MUXA
# ** Warning: NUMERIC_STD.TO_INTEGER: metavalue detected, returning 0
#    Time: 2778660 ns  Iteration: 5  Instance: /tb/MyRiscv/u_regfile/MUXB
# ** Warning: NUMERIC_STD.TO_INTEGER: metavalue detected, returning 0
#    Time: 2793720 ns  Iteration: 2  Instance: /tb/MyRiscv/u_regfile/MUXB
# ** Warning: NUMERIC_STD.TO_INTEGER: metavalue detected, returning 0
#    Time: 2793720 ns  Iteration: 2  Instance: /tb/MyRiscv/u_regfile/MUXA
# ** Warning: NUMERIC_STD.TO_INTEGER: metavalue detected, returning 0
#    Time: 2793760 ns  Iteration: 5  Instance: /tb/MyRiscv/u_regfile/MUXA
# ** Warning: NUMERIC_STD.TO_INTEGER: metavalue detected, returning 0
#    Time: 2793760 ns  Iteration: 5  Instance: /tb/MyRiscv/u_regfile/MUXB
# ** Warning: NUMERIC_STD.TO_INTEGER: metavalue detected, returning 0
#    Time: 2808820 ns  Iteration: 2  Instance: /tb/MyRiscv/u_regfile/MUXB
# ** Warning: NUMERIC_STD.TO_INTEGER: metavalue detected, returning 0
#    Time: 2808820 ns  Iteration: 2  Instance: /tb/MyRiscv/u_regfile/MUXA
# ** Warning: NUMERIC_STD.TO_INTEGER: metavalue detected, returning 0
#    Time: 2808860 ns  Iteration: 5  Instance: /tb/MyRiscv/u_regfile/MUXA
# ** Warning: NUMERIC_STD.TO_INTEGER: metavalue detected, returning 0
#    Time: 2808860 ns  Iteration: 5  Instance: /tb/MyRiscv/u_regfile/MUXB
# ** Warning: NUMERIC_STD.TO_INTEGER: metavalue detected, returning 0
#    Time: 2823920 ns  Iteration: 2  Instance: /tb/MyRiscv/u_regfile/MUXB
# ** Warning: NUMERIC_STD.TO_INTEGER: metavalue detected, returning 0
#    Time: 2823920 ns  Iteration: 2  Instance: /tb/MyRiscv/u_regfile/MUXA
# ** Warning: NUMERIC_STD.TO_INTEGER: metavalue detected, returning 0
#    Time: 2823960 ns  Iteration: 5  Instance: /tb/MyRiscv/u_regfile/MUXA
# ** Warning: NUMERIC_STD.TO_INTEGER: metavalue detected, returning 0
#    Time: 2823960 ns  Iteration: 5  Instance: /tb/MyRiscv/u_regfile/MUXB
# ** Warning: NUMERIC_STD.TO_INTEGER: metavalue detected, returning 0
#    Time: 2839020 ns  Iteration: 2  Instance: /tb/MyRiscv/u_regfile/MUXB
# ** Warning: NUMERIC_STD.TO_INTEGER: metavalue detected, returning 0
#    Time: 2839020 ns  Iteration: 2  Instance: /tb/MyRiscv/u_regfile/MUXA
# ** Warning: NUMERIC_STD.TO_INTEGER: metavalue detected, returning 0
#    Time: 2839060 ns  Iteration: 5  Instance: /tb/MyRiscv/u_regfile/MUXA
# ** Warning: NUMERIC_STD.TO_INTEGER: metavalue detected, returning 0
#    Time: 2839060 ns  Iteration: 5  Instance: /tb/MyRiscv/u_regfile/MUXB
# ** Warning: NUMERIC_STD.TO_INTEGER: metavalue detected, returning 0
#    Time: 2854120 ns  Iteration: 2  Instance: /tb/MyRiscv/u_regfile/MUXB
# ** Warning: NUMERIC_STD.TO_INTEGER: metavalue detected, returning 0
#    Time: 2854120 ns  Iteration: 2  Instance: /tb/MyRiscv/u_regfile/MUXA
# ** Warning: NUMERIC_STD.TO_INTEGER: metavalue detected, returning 0
#    Time: 2854160 ns  Iteration: 5  Instance: /tb/MyRiscv/u_regfile/MUXA
# ** Warning: NUMERIC_STD.TO_INTEGER: metavalue detected, returning 0
#    Time: 2854160 ns  Iteration: 5  Instance: /tb/MyRiscv/u_regfile/MUXB
# ** Warning: NUMERIC_STD.TO_INTEGER: metavalue detected, returning 0
#    Time: 2869220 ns  Iteration: 2  Instance: /tb/MyRiscv/u_regfile/MUXB
# ** Warning: NUMERIC_STD.TO_INTEGER: metavalue detected, returning 0
#    Time: 2869220 ns  Iteration: 2  Instance: /tb/MyRiscv/u_regfile/MUXA
# ** Warning: NUMERIC_STD.TO_INTEGER: metavalue detected, returning 0
#    Time: 2869260 ns  Iteration: 5  Instance: /tb/MyRiscv/u_regfile/MUXA
# ** Warning: NUMERIC_STD.TO_INTEGER: metavalue detected, returning 0
#    Time: 2869260 ns  Iteration: 5  Instance: /tb/MyRiscv/u_regfile/MUXB
# ** Warning: NUMERIC_STD.TO_INTEGER: metavalue detected, returning 0
#    Time: 2884320 ns  Iteration: 2  Instance: /tb/MyRiscv/u_regfile/MUXB
# ** Warning: NUMERIC_STD.TO_INTEGER: metavalue detected, returning 0
#    Time: 2884320 ns  Iteration: 2  Instance: /tb/MyRiscv/u_regfile/MUXA
# ** Warning: NUMERIC_STD.TO_INTEGER: metavalue detected, returning 0
#    Time: 2884360 ns  Iteration: 5  Instance: /tb/MyRiscv/u_regfile/MUXA
# ** Warning: NUMERIC_STD.TO_INTEGER: metavalue detected, returning 0
#    Time: 2884360 ns  Iteration: 5  Instance: /tb/MyRiscv/u_regfile/MUXB
# ** Warning: NUMERIC_STD.TO_INTEGER: metavalue detected, returning 0
#    Time: 2899420 ns  Iteration: 2  Instance: /tb/MyRiscv/u_regfile/MUXB
# ** Warning: NUMERIC_STD.TO_INTEGER: metavalue detected, returning 0
#    Time: 2899420 ns  Iteration: 2  Instance: /tb/MyRiscv/u_regfile/MUXA
# ** Warning: NUMERIC_STD.TO_INTEGER: metavalue detected, returning 0
#    Time: 2899460 ns  Iteration: 5  Instance: /tb/MyRiscv/u_regfile/MUXA
# ** Warning: NUMERIC_STD.TO_INTEGER: metavalue detected, returning 0
#    Time: 2899460 ns  Iteration: 5  Instance: /tb/MyRiscv/u_regfile/MUXB
# ** Warning: NUMERIC_STD.TO_INTEGER: metavalue detected, returning 0
#    Time: 2914520 ns  Iteration: 2  Instance: /tb/MyRiscv/u_regfile/MUXB
# ** Warning: NUMERIC_STD.TO_INTEGER: metavalue detected, returning 0
#    Time: 2914520 ns  Iteration: 2  Instance: /tb/MyRiscv/u_regfile/MUXA
# ** Warning: NUMERIC_STD.TO_INTEGER: metavalue detected, returning 0
#    Time: 2914560 ns  Iteration: 5  Instance: /tb/MyRiscv/u_regfile/MUXA
# ** Warning: NUMERIC_STD.TO_INTEGER: metavalue detected, returning 0
#    Time: 2914560 ns  Iteration: 5  Instance: /tb/MyRiscv/u_regfile/MUXB
# ** Warning: NUMERIC_STD.TO_INTEGER: metavalue detected, returning 0
#    Time: 2929620 ns  Iteration: 2  Instance: /tb/MyRiscv/u_regfile/MUXB
# ** Warning: NUMERIC_STD.TO_INTEGER: metavalue detected, returning 0
#    Time: 2929620 ns  Iteration: 2  Instance: /tb/MyRiscv/u_regfile/MUXA
# ** Warning: NUMERIC_STD.TO_INTEGER: metavalue detected, returning 0
#    Time: 2929660 ns  Iteration: 5  Instance: /tb/MyRiscv/u_regfile/MUXA
# ** Warning: NUMERIC_STD.TO_INTEGER: metavalue detected, returning 0
#    Time: 2929660 ns  Iteration: 5  Instance: /tb/MyRiscv/u_regfile/MUXB
# ** Warning: NUMERIC_STD.TO_INTEGER: metavalue detected, returning 0
#    Time: 2944720 ns  Iteration: 2  Instance: /tb/MyRiscv/u_regfile/MUXB
# ** Warning: NUMERIC_STD.TO_INTEGER: metavalue detected, returning 0
#    Time: 2944720 ns  Iteration: 2  Instance: /tb/MyRiscv/u_regfile/MUXA
# ** Warning: NUMERIC_STD.TO_INTEGER: metavalue detected, returning 0
#    Time: 2944760 ns  Iteration: 5  Instance: /tb/MyRiscv/u_regfile/MUXA
# ** Warning: NUMERIC_STD.TO_INTEGER: metavalue detected, returning 0
#    Time: 2944760 ns  Iteration: 5  Instance: /tb/MyRiscv/u_regfile/MUXB
# ** Warning: NUMERIC_STD.TO_INTEGER: metavalue detected, returning 0
#    Time: 2959820 ns  Iteration: 2  Instance: /tb/MyRiscv/u_regfile/MUXB
# ** Warning: NUMERIC_STD.TO_INTEGER: metavalue detected, returning 0
#    Time: 2959820 ns  Iteration: 2  Instance: /tb/MyRiscv/u_regfile/MUXA
# ** Warning: NUMERIC_STD.TO_INTEGER: metavalue detected, returning 0
#    Time: 2959860 ns  Iteration: 5  Instance: /tb/MyRiscv/u_regfile/MUXA
# ** Warning: NUMERIC_STD.TO_INTEGER: metavalue detected, returning 0
#    Time: 2959860 ns  Iteration: 5  Instance: /tb/MyRiscv/u_regfile/MUXB
# ** Warning: NUMERIC_STD.TO_INTEGER: metavalue detected, returning 0
#    Time: 2974920 ns  Iteration: 2  Instance: /tb/MyRiscv/u_regfile/MUXB
# ** Warning: NUMERIC_STD.TO_INTEGER: metavalue detected, returning 0
#    Time: 2974920 ns  Iteration: 2  Instance: /tb/MyRiscv/u_regfile/MUXA
# ** Warning: NUMERIC_STD.TO_INTEGER: metavalue detected, returning 0
#    Time: 2974960 ns  Iteration: 5  Instance: /tb/MyRiscv/u_regfile/MUXA
# ** Warning: NUMERIC_STD.TO_INTEGER: metavalue detected, returning 0
#    Time: 2974960 ns  Iteration: 5  Instance: /tb/MyRiscv/u_regfile/MUXB
# ** Warning: NUMERIC_STD.TO_INTEGER: metavalue detected, returning 0
#    Time: 2990020 ns  Iteration: 2  Instance: /tb/MyRiscv/u_regfile/MUXB
# ** Warning: NUMERIC_STD.TO_INTEGER: metavalue detected, returning 0
#    Time: 2990020 ns  Iteration: 2  Instance: /tb/MyRiscv/u_regfile/MUXA
# ** Warning: NUMERIC_STD.TO_INTEGER: metavalue detected, returning 0
#    Time: 2990060 ns  Iteration: 5  Instance: /tb/MyRiscv/u_regfile/MUXA
# ** Warning: NUMERIC_STD.TO_INTEGER: metavalue detected, returning 0
#    Time: 2990060 ns  Iteration: 5  Instance: /tb/MyRiscv/u_regfile/MUXB
# ** Warning: NUMERIC_STD.TO_INTEGER: metavalue detected, returning 0
#    Time: 3005120 ns  Iteration: 2  Instance: /tb/MyRiscv/u_regfile/MUXB
# ** Warning: NUMERIC_STD.TO_INTEGER: metavalue detected, returning 0
#    Time: 3005120 ns  Iteration: 2  Instance: /tb/MyRiscv/u_regfile/MUXA
# ** Warning: NUMERIC_STD.TO_INTEGER: metavalue detected, returning 0
#    Time: 3005160 ns  Iteration: 5  Instance: /tb/MyRiscv/u_regfile/MUXA
# ** Warning: NUMERIC_STD.TO_INTEGER: metavalue detected, returning 0
#    Time: 3005160 ns  Iteration: 5  Instance: /tb/MyRiscv/u_regfile/MUXB
# ** Warning: NUMERIC_STD.TO_INTEGER: metavalue detected, returning 0
#    Time: 3020220 ns  Iteration: 2  Instance: /tb/MyRiscv/u_regfile/MUXB
# ** Warning: NUMERIC_STD.TO_INTEGER: metavalue detected, returning 0
#    Time: 3020220 ns  Iteration: 2  Instance: /tb/MyRiscv/u_regfile/MUXA
# ** Warning: NUMERIC_STD.TO_INTEGER: metavalue detected, returning 0
#    Time: 3020260 ns  Iteration: 5  Instance: /tb/MyRiscv/u_regfile/MUXA
# ** Warning: NUMERIC_STD.TO_INTEGER: metavalue detected, returning 0
#    Time: 3020260 ns  Iteration: 5  Instance: /tb/MyRiscv/u_regfile/MUXB
# ** Warning: NUMERIC_STD.TO_INTEGER: metavalue detected, returning 0
#    Time: 3035320 ns  Iteration: 2  Instance: /tb/MyRiscv/u_regfile/MUXB
# ** Warning: NUMERIC_STD.TO_INTEGER: metavalue detected, returning 0
#    Time: 3035320 ns  Iteration: 2  Instance: /tb/MyRiscv/u_regfile/MUXA
# ** Warning: NUMERIC_STD.TO_INTEGER: metavalue detected, returning 0
#    Time: 3035360 ns  Iteration: 5  Instance: /tb/MyRiscv/u_regfile/MUXA
# ** Warning: NUMERIC_STD.TO_INTEGER: metavalue detected, returning 0
#    Time: 3035360 ns  Iteration: 5  Instance: /tb/MyRiscv/u_regfile/MUXB
# ** Warning: NUMERIC_STD.TO_INTEGER: metavalue detected, returning 0
#    Time: 3050420 ns  Iteration: 2  Instance: /tb/MyRiscv/u_regfile/MUXB
# ** Warning: NUMERIC_STD.TO_INTEGER: metavalue detected, returning 0
#    Time: 3050420 ns  Iteration: 2  Instance: /tb/MyRiscv/u_regfile/MUXA
# ** Warning: NUMERIC_STD.TO_INTEGER: metavalue detected, returning 0
#    Time: 3050460 ns  Iteration: 5  Instance: /tb/MyRiscv/u_regfile/MUXA
# ** Warning: NUMERIC_STD.TO_INTEGER: metavalue detected, returning 0
#    Time: 3050460 ns  Iteration: 5  Instance: /tb/MyRiscv/u_regfile/MUXB
# ** Warning: NUMERIC_STD.TO_INTEGER: metavalue detected, returning 0
#    Time: 3065520 ns  Iteration: 2  Instance: /tb/MyRiscv/u_regfile/MUXB
# ** Warning: NUMERIC_STD.TO_INTEGER: metavalue detected, returning 0
#    Time: 3065520 ns  Iteration: 2  Instance: /tb/MyRiscv/u_regfile/MUXA
# ** Warning: NUMERIC_STD.TO_INTEGER: metavalue detected, returning 0
#    Time: 3065560 ns  Iteration: 5  Instance: /tb/MyRiscv/u_regfile/MUXA
# ** Warning: NUMERIC_STD.TO_INTEGER: metavalue detected, returning 0
#    Time: 3065560 ns  Iteration: 5  Instance: /tb/MyRiscv/u_regfile/MUXB
# ** Warning: NUMERIC_STD.TO_INTEGER: metavalue detected, returning 0
#    Time: 3080620 ns  Iteration: 2  Instance: /tb/MyRiscv/u_regfile/MUXB
# ** Warning: NUMERIC_STD.TO_INTEGER: metavalue detected, returning 0
#    Time: 3080620 ns  Iteration: 2  Instance: /tb/MyRiscv/u_regfile/MUXA
# ** Warning: NUMERIC_STD.TO_INTEGER: metavalue detected, returning 0
#    Time: 3080660 ns  Iteration: 5  Instance: /tb/MyRiscv/u_regfile/MUXA
# ** Warning: NUMERIC_STD.TO_INTEGER: metavalue detected, returning 0
#    Time: 3080660 ns  Iteration: 5  Instance: /tb/MyRiscv/u_regfile/MUXB
# ** Warning: NUMERIC_STD.TO_INTEGER: metavalue detected, returning 0
#    Time: 3095720 ns  Iteration: 2  Instance: /tb/MyRiscv/u_regfile/MUXB
# ** Warning: NUMERIC_STD.TO_INTEGER: metavalue detected, returning 0
#    Time: 3095720 ns  Iteration: 2  Instance: /tb/MyRiscv/u_regfile/MUXA
# ** Warning: NUMERIC_STD.TO_INTEGER: metavalue detected, returning 0
#    Time: 3095760 ns  Iteration: 5  Instance: /tb/MyRiscv/u_regfile/MUXA
# ** Warning: NUMERIC_STD.TO_INTEGER: metavalue detected, returning 0
#    Time: 3095760 ns  Iteration: 5  Instance: /tb/MyRiscv/u_regfile/MUXB
# ** Warning: NUMERIC_STD.TO_INTEGER: metavalue detected, returning 0
#    Time: 3110820 ns  Iteration: 2  Instance: /tb/MyRiscv/u_regfile/MUXB
# ** Warning: NUMERIC_STD.TO_INTEGER: metavalue detected, returning 0
#    Time: 3110820 ns  Iteration: 2  Instance: /tb/MyRiscv/u_regfile/MUXA
# ** Warning: NUMERIC_STD.TO_INTEGER: metavalue detected, returning 0
#    Time: 3110860 ns  Iteration: 5  Instance: /tb/MyRiscv/u_regfile/MUXA
# ** Warning: NUMERIC_STD.TO_INTEGER: metavalue detected, returning 0
#    Time: 3110860 ns  Iteration: 5  Instance: /tb/MyRiscv/u_regfile/MUXB
# ** Warning: NUMERIC_STD.TO_INTEGER: metavalue detected, returning 0
#    Time: 3125920 ns  Iteration: 2  Instance: /tb/MyRiscv/u_regfile/MUXB
# ** Warning: NUMERIC_STD.TO_INTEGER: metavalue detected, returning 0
#    Time: 3125920 ns  Iteration: 2  Instance: /tb/MyRiscv/u_regfile/MUXA
# ** Warning: NUMERIC_STD.TO_INTEGER: metavalue detected, returning 0
#    Time: 3125960 ns  Iteration: 5  Instance: /tb/MyRiscv/u_regfile/MUXA
# ** Warning: NUMERIC_STD.TO_INTEGER: metavalue detected, returning 0
#    Time: 3125960 ns  Iteration: 5  Instance: /tb/MyRiscv/u_regfile/MUXB
# ** Warning: NUMERIC_STD.TO_INTEGER: metavalue detected, returning 0
#    Time: 3141020 ns  Iteration: 2  Instance: /tb/MyRiscv/u_regfile/MUXB
# ** Warning: NUMERIC_STD.TO_INTEGER: metavalue detected, returning 0
#    Time: 3141020 ns  Iteration: 2  Instance: /tb/MyRiscv/u_regfile/MUXA
# ** Warning: NUMERIC_STD.TO_INTEGER: metavalue detected, returning 0
#    Time: 3141060 ns  Iteration: 5  Instance: /tb/MyRiscv/u_regfile/MUXA
# ** Warning: NUMERIC_STD.TO_INTEGER: metavalue detected, returning 0
#    Time: 3141060 ns  Iteration: 5  Instance: /tb/MyRiscv/u_regfile/MUXB
# ** Warning: NUMERIC_STD.TO_INTEGER: metavalue detected, returning 0
#    Time: 3156120 ns  Iteration: 2  Instance: /tb/MyRiscv/u_regfile/MUXB
# ** Warning: NUMERIC_STD.TO_INTEGER: metavalue detected, returning 0
#    Time: 3156120 ns  Iteration: 2  Instance: /tb/MyRiscv/u_regfile/MUXA
# ** Warning: NUMERIC_STD.TO_INTEGER: metavalue detected, returning 0
#    Time: 3156160 ns  Iteration: 5  Instance: /tb/MyRiscv/u_regfile/MUXA
# ** Warning: NUMERIC_STD.TO_INTEGER: metavalue detected, returning 0
#    Time: 3156160 ns  Iteration: 5  Instance: /tb/MyRiscv/u_regfile/MUXB
# ** Warning: NUMERIC_STD.TO_INTEGER: metavalue detected, returning 0
#    Time: 3171220 ns  Iteration: 2  Instance: /tb/MyRiscv/u_regfile/MUXB
# ** Warning: NUMERIC_STD.TO_INTEGER: metavalue detected, returning 0
#    Time: 3171220 ns  Iteration: 2  Instance: /tb/MyRiscv/u_regfile/MUXA
# ** Warning: NUMERIC_STD.TO_INTEGER: metavalue detected, returning 0
#    Time: 3171260 ns  Iteration: 5  Instance: /tb/MyRiscv/u_regfile/MUXA
# ** Warning: NUMERIC_STD.TO_INTEGER: metavalue detected, returning 0
#    Time: 3171260 ns  Iteration: 5  Instance: /tb/MyRiscv/u_regfile/MUXB
# ** Warning: NUMERIC_STD.TO_INTEGER: metavalue detected, returning 0
#    Time: 3186320 ns  Iteration: 2  Instance: /tb/MyRiscv/u_regfile/MUXB
# ** Warning: NUMERIC_STD.TO_INTEGER: metavalue detected, returning 0
#    Time: 3186320 ns  Iteration: 2  Instance: /tb/MyRiscv/u_regfile/MUXA
# ** Warning: NUMERIC_STD.TO_INTEGER: metavalue detected, returning 0
#    Time: 3186360 ns  Iteration: 5  Instance: /tb/MyRiscv/u_regfile/MUXA
# ** Warning: NUMERIC_STD.TO_INTEGER: metavalue detected, returning 0
#    Time: 3186360 ns  Iteration: 5  Instance: /tb/MyRiscv/u_regfile/MUXB
# ** Warning: NUMERIC_STD.TO_INTEGER: metavalue detected, returning 0
#    Time: 3201420 ns  Iteration: 2  Instance: /tb/MyRiscv/u_regfile/MUXB
# ** Warning: NUMERIC_STD.TO_INTEGER: metavalue detected, returning 0
#    Time: 3201420 ns  Iteration: 2  Instance: /tb/MyRiscv/u_regfile/MUXA
# ** Warning: NUMERIC_STD.TO_INTEGER: metavalue detected, returning 0
#    Time: 3201460 ns  Iteration: 5  Instance: /tb/MyRiscv/u_regfile/MUXA
# ** Warning: NUMERIC_STD.TO_INTEGER: metavalue detected, returning 0
#    Time: 3201460 ns  Iteration: 5  Instance: /tb/MyRiscv/u_regfile/MUXB
# ** Warning: NUMERIC_STD.TO_INTEGER: metavalue detected, returning 0
#    Time: 3216520 ns  Iteration: 2  Instance: /tb/MyRiscv/u_regfile/MUXB
# ** Warning: NUMERIC_STD.TO_INTEGER: metavalue detected, returning 0
#    Time: 3216520 ns  Iteration: 2  Instance: /tb/MyRiscv/u_regfile/MUXA
# ** Warning: NUMERIC_STD.TO_INTEGER: metavalue detected, returning 0
#    Time: 3216560 ns  Iteration: 5  Instance: /tb/MyRiscv/u_regfile/MUXA
# ** Warning: NUMERIC_STD.TO_INTEGER: metavalue detected, returning 0
#    Time: 3216560 ns  Iteration: 5  Instance: /tb/MyRiscv/u_regfile/MUXB
# ** Warning: NUMERIC_STD.TO_INTEGER: metavalue detected, returning 0
#    Time: 3231620 ns  Iteration: 2  Instance: /tb/MyRiscv/u_regfile/MUXB
# ** Warning: NUMERIC_STD.TO_INTEGER: metavalue detected, returning 0
#    Time: 3231620 ns  Iteration: 2  Instance: /tb/MyRiscv/u_regfile/MUXA
# ** Warning: NUMERIC_STD.TO_INTEGER: metavalue detected, returning 0
#    Time: 3231660 ns  Iteration: 5  Instance: /tb/MyRiscv/u_regfile/MUXA
# ** Warning: NUMERIC_STD.TO_INTEGER: metavalue detected, returning 0
#    Time: 3231660 ns  Iteration: 5  Instance: /tb/MyRiscv/u_regfile/MUXB
# ** Warning: NUMERIC_STD.TO_INTEGER: metavalue detected, returning 0
#    Time: 3246720 ns  Iteration: 2  Instance: /tb/MyRiscv/u_regfile/MUXB
# ** Warning: NUMERIC_STD.TO_INTEGER: metavalue detected, returning 0
#    Time: 3246720 ns  Iteration: 2  Instance: /tb/MyRiscv/u_regfile/MUXA
# ** Warning: NUMERIC_STD.TO_INTEGER: metavalue detected, returning 0
#    Time: 3246760 ns  Iteration: 5  Instance: /tb/MyRiscv/u_regfile/MUXA
# ** Warning: NUMERIC_STD.TO_INTEGER: metavalue detected, returning 0
#    Time: 3246760 ns  Iteration: 5  Instance: /tb/MyRiscv/u_regfile/MUXB
# ** Warning: NUMERIC_STD.TO_INTEGER: metavalue detected, returning 0
#    Time: 3261820 ns  Iteration: 2  Instance: /tb/MyRiscv/u_regfile/MUXB
# ** Warning: NUMERIC_STD.TO_INTEGER: metavalue detected, returning 0
#    Time: 3261820 ns  Iteration: 2  Instance: /tb/MyRiscv/u_regfile/MUXA
# ** Warning: NUMERIC_STD.TO_INTEGER: metavalue detected, returning 0
#    Time: 3261860 ns  Iteration: 5  Instance: /tb/MyRiscv/u_regfile/MUXA
# ** Warning: NUMERIC_STD.TO_INTEGER: metavalue detected, returning 0
#    Time: 3261860 ns  Iteration: 5  Instance: /tb/MyRiscv/u_regfile/MUXB
# ** Warning: NUMERIC_STD.TO_INTEGER: metavalue detected, returning 0
#    Time: 3276920 ns  Iteration: 2  Instance: /tb/MyRiscv/u_regfile/MUXB
# ** Warning: NUMERIC_STD.TO_INTEGER: metavalue detected, returning 0
#    Time: 3276920 ns  Iteration: 2  Instance: /tb/MyRiscv/u_regfile/MUXA
# ** Warning: NUMERIC_STD.TO_INTEGER: metavalue detected, returning 0
#    Time: 3276960 ns  Iteration: 5  Instance: /tb/MyRiscv/u_regfile/MUXA
# ** Warning: NUMERIC_STD.TO_INTEGER: metavalue detected, returning 0
#    Time: 3276960 ns  Iteration: 5  Instance: /tb/MyRiscv/u_regfile/MUXB
# ** Warning: NUMERIC_STD.TO_INTEGER: metavalue detected, returning 0
#    Time: 3292020 ns  Iteration: 2  Instance: /tb/MyRiscv/u_regfile/MUXB
# ** Warning: NUMERIC_STD.TO_INTEGER: metavalue detected, returning 0
#    Time: 3292020 ns  Iteration: 2  Instance: /tb/MyRiscv/u_regfile/MUXA
# ** Warning: NUMERIC_STD.TO_INTEGER: metavalue detected, returning 0
#    Time: 3292060 ns  Iteration: 5  Instance: /tb/MyRiscv/u_regfile/MUXA
# ** Warning: NUMERIC_STD.TO_INTEGER: metavalue detected, returning 0
#    Time: 3292060 ns  Iteration: 5  Instance: /tb/MyRiscv/u_regfile/MUXB
# ** Warning: NUMERIC_STD.TO_INTEGER: metavalue detected, returning 0
#    Time: 3307120 ns  Iteration: 2  Instance: /tb/MyRiscv/u_regfile/MUXB
# ** Warning: NUMERIC_STD.TO_INTEGER: metavalue detected, returning 0
#    Time: 3307120 ns  Iteration: 2  Instance: /tb/MyRiscv/u_regfile/MUXA
# ** Warning: NUMERIC_STD.TO_INTEGER: metavalue detected, returning 0
#    Time: 3307160 ns  Iteration: 5  Instance: /tb/MyRiscv/u_regfile/MUXA
# ** Warning: NUMERIC_STD.TO_INTEGER: metavalue detected, returning 0
#    Time: 3307160 ns  Iteration: 5  Instance: /tb/MyRiscv/u_regfile/MUXB
# ** Warning: NUMERIC_STD.TO_INTEGER: metavalue detected, returning 0
#    Time: 3322220 ns  Iteration: 2  Instance: /tb/MyRiscv/u_regfile/MUXB
# ** Warning: NUMERIC_STD.TO_INTEGER: metavalue detected, returning 0
#    Time: 3322220 ns  Iteration: 2  Instance: /tb/MyRiscv/u_regfile/MUXA
# ** Warning: NUMERIC_STD.TO_INTEGER: metavalue detected, returning 0
#    Time: 3322260 ns  Iteration: 5  Instance: /tb/MyRiscv/u_regfile/MUXA
# ** Warning: NUMERIC_STD.TO_INTEGER: metavalue detected, returning 0
#    Time: 3322260 ns  Iteration: 5  Instance: /tb/MyRiscv/u_regfile/MUXB
# ** Warning: NUMERIC_STD.TO_INTEGER: metavalue detected, returning 0
#    Time: 3337320 ns  Iteration: 2  Instance: /tb/MyRiscv/u_regfile/MUXB
# ** Warning: NUMERIC_STD.TO_INTEGER: metavalue detected, returning 0
#    Time: 3337320 ns  Iteration: 2  Instance: /tb/MyRiscv/u_regfile/MUXA
# ** Warning: NUMERIC_STD.TO_INTEGER: metavalue detected, returning 0
#    Time: 3337360 ns  Iteration: 5  Instance: /tb/MyRiscv/u_regfile/MUXA
# ** Warning: NUMERIC_STD.TO_INTEGER: metavalue detected, returning 0
#    Time: 3337360 ns  Iteration: 5  Instance: /tb/MyRiscv/u_regfile/MUXB
# ** Warning: NUMERIC_STD.TO_INTEGER: metavalue detected, returning 0
#    Time: 3352420 ns  Iteration: 2  Instance: /tb/MyRiscv/u_regfile/MUXB
# ** Warning: NUMERIC_STD.TO_INTEGER: metavalue detected, returning 0
#    Time: 3352420 ns  Iteration: 2  Instance: /tb/MyRiscv/u_regfile/MUXA
# ** Warning: NUMERIC_STD.TO_INTEGER: metavalue detected, returning 0
#    Time: 3352460 ns  Iteration: 5  Instance: /tb/MyRiscv/u_regfile/MUXA
# ** Warning: NUMERIC_STD.TO_INTEGER: metavalue detected, returning 0
#    Time: 3352460 ns  Iteration: 5  Instance: /tb/MyRiscv/u_regfile/MUXB
# ** Warning: NUMERIC_STD.TO_INTEGER: metavalue detected, returning 0
#    Time: 3367520 ns  Iteration: 2  Instance: /tb/MyRiscv/u_regfile/MUXB
# ** Warning: NUMERIC_STD.TO_INTEGER: metavalue detected, returning 0
#    Time: 3367520 ns  Iteration: 2  Instance: /tb/MyRiscv/u_regfile/MUXA
# ** Warning: NUMERIC_STD.TO_INTEGER: metavalue detected, returning 0
#    Time: 3367560 ns  Iteration: 5  Instance: /tb/MyRiscv/u_regfile/MUXA
# ** Warning: NUMERIC_STD.TO_INTEGER: metavalue detected, returning 0
#    Time: 3367560 ns  Iteration: 5  Instance: /tb/MyRiscv/u_regfile/MUXB
# ** Warning: NUMERIC_STD.TO_INTEGER: metavalue detected, returning 0
#    Time: 3382620 ns  Iteration: 2  Instance: /tb/MyRiscv/u_regfile/MUXB
# ** Warning: NUMERIC_STD.TO_INTEGER: metavalue detected, returning 0
#    Time: 3382620 ns  Iteration: 2  Instance: /tb/MyRiscv/u_regfile/MUXA
# ** Warning: NUMERIC_STD.TO_INTEGER: metavalue detected, returning 0
#    Time: 3382660 ns  Iteration: 5  Instance: /tb/MyRiscv/u_regfile/MUXA
# ** Warning: NUMERIC_STD.TO_INTEGER: metavalue detected, returning 0
#    Time: 3382660 ns  Iteration: 5  Instance: /tb/MyRiscv/u_regfile/MUXB
# ** Warning: NUMERIC_STD.TO_INTEGER: metavalue detected, returning 0
#    Time: 3397720 ns  Iteration: 2  Instance: /tb/MyRiscv/u_regfile/MUXB
# ** Warning: NUMERIC_STD.TO_INTEGER: metavalue detected, returning 0
#    Time: 3397720 ns  Iteration: 2  Instance: /tb/MyRiscv/u_regfile/MUXA
# ** Warning: NUMERIC_STD.TO_INTEGER: metavalue detected, returning 0
#    Time: 3397760 ns  Iteration: 5  Instance: /tb/MyRiscv/u_regfile/MUXA
# ** Warning: NUMERIC_STD.TO_INTEGER: metavalue detected, returning 0
#    Time: 3397760 ns  Iteration: 5  Instance: /tb/MyRiscv/u_regfile/MUXB
# ** Warning: NUMERIC_STD.TO_INTEGER: metavalue detected, returning 0
#    Time: 3412820 ns  Iteration: 2  Instance: /tb/MyRiscv/u_regfile/MUXB
# ** Warning: NUMERIC_STD.TO_INTEGER: metavalue detected, returning 0
#    Time: 3412820 ns  Iteration: 2  Instance: /tb/MyRiscv/u_regfile/MUXA
# ** Warning: NUMERIC_STD.TO_INTEGER: metavalue detected, returning 0
#    Time: 3412860 ns  Iteration: 5  Instance: /tb/MyRiscv/u_regfile/MUXA
# ** Warning: NUMERIC_STD.TO_INTEGER: metavalue detected, returning 0
#    Time: 3412860 ns  Iteration: 5  Instance: /tb/MyRiscv/u_regfile/MUXB
# ** Warning: NUMERIC_STD.TO_INTEGER: metavalue detected, returning 0
#    Time: 3427920 ns  Iteration: 2  Instance: /tb/MyRiscv/u_regfile/MUXB
# ** Warning: NUMERIC_STD.TO_INTEGER: metavalue detected, returning 0
#    Time: 3427920 ns  Iteration: 2  Instance: /tb/MyRiscv/u_regfile/MUXA
# ** Warning: NUMERIC_STD.TO_INTEGER: metavalue detected, returning 0
#    Time: 3427960 ns  Iteration: 5  Instance: /tb/MyRiscv/u_regfile/MUXA
# ** Warning: NUMERIC_STD.TO_INTEGER: metavalue detected, returning 0
#    Time: 3427960 ns  Iteration: 5  Instance: /tb/MyRiscv/u_regfile/MUXB
# ** Warning: NUMERIC_STD.TO_INTEGER: metavalue detected, returning 0
#    Time: 3443020 ns  Iteration: 2  Instance: /tb/MyRiscv/u_regfile/MUXB
# ** Warning: NUMERIC_STD.TO_INTEGER: metavalue detected, returning 0
#    Time: 3443020 ns  Iteration: 2  Instance: /tb/MyRiscv/u_regfile/MUXA
# ** Warning: NUMERIC_STD.TO_INTEGER: metavalue detected, returning 0
#    Time: 3443060 ns  Iteration: 5  Instance: /tb/MyRiscv/u_regfile/MUXA
# ** Warning: NUMERIC_STD.TO_INTEGER: metavalue detected, returning 0
#    Time: 3443060 ns  Iteration: 5  Instance: /tb/MyRiscv/u_regfile/MUXB
# ** Warning: NUMERIC_STD.TO_INTEGER: metavalue detected, returning 0
#    Time: 3458120 ns  Iteration: 2  Instance: /tb/MyRiscv/u_regfile/MUXB
# ** Warning: NUMERIC_STD.TO_INTEGER: metavalue detected, returning 0
#    Time: 3458120 ns  Iteration: 2  Instance: /tb/MyRiscv/u_regfile/MUXA
# ** Warning: NUMERIC_STD.TO_INTEGER: metavalue detected, returning 0
#    Time: 3458160 ns  Iteration: 5  Instance: /tb/MyRiscv/u_regfile/MUXA
# ** Warning: NUMERIC_STD.TO_INTEGER: metavalue detected, returning 0
#    Time: 3458160 ns  Iteration: 5  Instance: /tb/MyRiscv/u_regfile/MUXB
# ** Warning: NUMERIC_STD.TO_INTEGER: metavalue detected, returning 0
#    Time: 3473220 ns  Iteration: 2  Instance: /tb/MyRiscv/u_regfile/MUXB
# ** Warning: NUMERIC_STD.TO_INTEGER: metavalue detected, returning 0
#    Time: 3473220 ns  Iteration: 2  Instance: /tb/MyRiscv/u_regfile/MUXA
# ** Warning: NUMERIC_STD.TO_INTEGER: metavalue detected, returning 0
#    Time: 3473260 ns  Iteration: 5  Instance: /tb/MyRiscv/u_regfile/MUXA
# ** Warning: NUMERIC_STD.TO_INTEGER: metavalue detected, returning 0
#    Time: 3473260 ns  Iteration: 5  Instance: /tb/MyRiscv/u_regfile/MUXB
# ** Warning: NUMERIC_STD.TO_INTEGER: metavalue detected, returning 0
#    Time: 3488320 ns  Iteration: 2  Instance: /tb/MyRiscv/u_regfile/MUXB
# ** Warning: NUMERIC_STD.TO_INTEGER: metavalue detected, returning 0
#    Time: 3488320 ns  Iteration: 2  Instance: /tb/MyRiscv/u_regfile/MUXA
# ** Warning: NUMERIC_STD.TO_INTEGER: metavalue detected, returning 0
#    Time: 3488360 ns  Iteration: 5  Instance: /tb/MyRiscv/u_regfile/MUXA
# ** Warning: NUMERIC_STD.TO_INTEGER: metavalue detected, returning 0
#    Time: 3488360 ns  Iteration: 5  Instance: /tb/MyRiscv/u_regfile/MUXB
# ** Warning: NUMERIC_STD.TO_INTEGER: metavalue detected, returning 0
#    Time: 3503420 ns  Iteration: 2  Instance: /tb/MyRiscv/u_regfile/MUXB
# ** Warning: NUMERIC_STD.TO_INTEGER: metavalue detected, returning 0
#    Time: 3503420 ns  Iteration: 2  Instance: /tb/MyRiscv/u_regfile/MUXA
# ** Warning: NUMERIC_STD.TO_INTEGER: metavalue detected, returning 0
#    Time: 3503460 ns  Iteration: 5  Instance: /tb/MyRiscv/u_regfile/MUXA
# ** Warning: NUMERIC_STD.TO_INTEGER: metavalue detected, returning 0
#    Time: 3503460 ns  Iteration: 5  Instance: /tb/MyRiscv/u_regfile/MUXB
# ** Warning: NUMERIC_STD.TO_INTEGER: metavalue detected, returning 0
#    Time: 3518520 ns  Iteration: 2  Instance: /tb/MyRiscv/u_regfile/MUXB
# ** Warning: NUMERIC_STD.TO_INTEGER: metavalue detected, returning 0
#    Time: 3518520 ns  Iteration: 2  Instance: /tb/MyRiscv/u_regfile/MUXA
# ** Warning: NUMERIC_STD.TO_INTEGER: metavalue detected, returning 0
#    Time: 3518560 ns  Iteration: 5  Instance: /tb/MyRiscv/u_regfile/MUXA
# ** Warning: NUMERIC_STD.TO_INTEGER: metavalue detected, returning 0
#    Time: 3518560 ns  Iteration: 5  Instance: /tb/MyRiscv/u_regfile/MUXB
# ** Warning: NUMERIC_STD.TO_INTEGER: metavalue detected, returning 0
#    Time: 3533620 ns  Iteration: 2  Instance: /tb/MyRiscv/u_regfile/MUXB
# ** Warning: NUMERIC_STD.TO_INTEGER: metavalue detected, returning 0
#    Time: 3533620 ns  Iteration: 2  Instance: /tb/MyRiscv/u_regfile/MUXA
# ** Warning: NUMERIC_STD.TO_INTEGER: metavalue detected, returning 0
#    Time: 3533660 ns  Iteration: 5  Instance: /tb/MyRiscv/u_regfile/MUXA
# ** Warning: NUMERIC_STD.TO_INTEGER: metavalue detected, returning 0
#    Time: 3533660 ns  Iteration: 5  Instance: /tb/MyRiscv/u_regfile/MUXB
# ** Warning: NUMERIC_STD.TO_INTEGER: metavalue detected, returning 0
#    Time: 3548720 ns  Iteration: 2  Instance: /tb/MyRiscv/u_regfile/MUXB
# ** Warning: NUMERIC_STD.TO_INTEGER: metavalue detected, returning 0
#    Time: 3548720 ns  Iteration: 2  Instance: /tb/MyRiscv/u_regfile/MUXA
# ** Warning: NUMERIC_STD.TO_INTEGER: metavalue detected, returning 0
#    Time: 3548760 ns  Iteration: 5  Instance: /tb/MyRiscv/u_regfile/MUXA
# ** Warning: NUMERIC_STD.TO_INTEGER: metavalue detected, returning 0
#    Time: 3548760 ns  Iteration: 5  Instance: /tb/MyRiscv/u_regfile/MUXB
# ** Warning: NUMERIC_STD.TO_INTEGER: metavalue detected, returning 0
#    Time: 3563820 ns  Iteration: 2  Instance: /tb/MyRiscv/u_regfile/MUXB
# ** Warning: NUMERIC_STD.TO_INTEGER: metavalue detected, returning 0
#    Time: 3563820 ns  Iteration: 2  Instance: /tb/MyRiscv/u_regfile/MUXA
# ** Warning: NUMERIC_STD.TO_INTEGER: metavalue detected, returning 0
#    Time: 3563860 ns  Iteration: 5  Instance: /tb/MyRiscv/u_regfile/MUXA
# ** Warning: NUMERIC_STD.TO_INTEGER: metavalue detected, returning 0
#    Time: 3563860 ns  Iteration: 5  Instance: /tb/MyRiscv/u_regfile/MUXB
# ** Warning: NUMERIC_STD.TO_INTEGER: metavalue detected, returning 0
#    Time: 3578920 ns  Iteration: 2  Instance: /tb/MyRiscv/u_regfile/MUXB
# ** Warning: NUMERIC_STD.TO_INTEGER: metavalue detected, returning 0
#    Time: 3578920 ns  Iteration: 2  Instance: /tb/MyRiscv/u_regfile/MUXA
# ** Warning: NUMERIC_STD.TO_INTEGER: metavalue detected, returning 0
#    Time: 3578960 ns  Iteration: 5  Instance: /tb/MyRiscv/u_regfile/MUXA
# ** Warning: NUMERIC_STD.TO_INTEGER: metavalue detected, returning 0
#    Time: 3578960 ns  Iteration: 5  Instance: /tb/MyRiscv/u_regfile/MUXB
# ** Warning: NUMERIC_STD.TO_INTEGER: metavalue detected, returning 0
#    Time: 3594020 ns  Iteration: 2  Instance: /tb/MyRiscv/u_regfile/MUXB
# ** Warning: NUMERIC_STD.TO_INTEGER: metavalue detected, returning 0
#    Time: 3594020 ns  Iteration: 2  Instance: /tb/MyRiscv/u_regfile/MUXA
# ** Warning: NUMERIC_STD.TO_INTEGER: metavalue detected, returning 0
#    Time: 3594060 ns  Iteration: 5  Instance: /tb/MyRiscv/u_regfile/MUXA
# ** Warning: NUMERIC_STD.TO_INTEGER: metavalue detected, returning 0
#    Time: 3594060 ns  Iteration: 5  Instance: /tb/MyRiscv/u_regfile/MUXB
# ** Warning: NUMERIC_STD.TO_INTEGER: metavalue detected, returning 0
#    Time: 3609120 ns  Iteration: 2  Instance: /tb/MyRiscv/u_regfile/MUXB
# ** Warning: NUMERIC_STD.TO_INTEGER: metavalue detected, returning 0
#    Time: 3609120 ns  Iteration: 2  Instance: /tb/MyRiscv/u_regfile/MUXA
# ** Warning: NUMERIC_STD.TO_INTEGER: metavalue detected, returning 0
#    Time: 3609160 ns  Iteration: 5  Instance: /tb/MyRiscv/u_regfile/MUXA
# ** Warning: NUMERIC_STD.TO_INTEGER: metavalue detected, returning 0
#    Time: 3609160 ns  Iteration: 5  Instance: /tb/MyRiscv/u_regfile/MUXB
# ** Warning: NUMERIC_STD.TO_INTEGER: metavalue detected, returning 0
#    Time: 3624220 ns  Iteration: 2  Instance: /tb/MyRiscv/u_regfile/MUXB
# ** Warning: NUMERIC_STD.TO_INTEGER: metavalue detected, returning 0
#    Time: 3624220 ns  Iteration: 2  Instance: /tb/MyRiscv/u_regfile/MUXA
# ** Warning: NUMERIC_STD.TO_INTEGER: metavalue detected, returning 0
#    Time: 3624260 ns  Iteration: 5  Instance: /tb/MyRiscv/u_regfile/MUXA
# ** Warning: NUMERIC_STD.TO_INTEGER: metavalue detected, returning 0
#    Time: 3624260 ns  Iteration: 5  Instance: /tb/MyRiscv/u_regfile/MUXB
# ** Warning: NUMERIC_STD.TO_INTEGER: metavalue detected, returning 0
#    Time: 3639320 ns  Iteration: 2  Instance: /tb/MyRiscv/u_regfile/MUXB
# ** Warning: NUMERIC_STD.TO_INTEGER: metavalue detected, returning 0
#    Time: 3639320 ns  Iteration: 2  Instance: /tb/MyRiscv/u_regfile/MUXA
# ** Warning: NUMERIC_STD.TO_INTEGER: metavalue detected, returning 0
#    Time: 3639360 ns  Iteration: 5  Instance: /tb/MyRiscv/u_regfile/MUXA
# ** Warning: NUMERIC_STD.TO_INTEGER: metavalue detected, returning 0
#    Time: 3639360 ns  Iteration: 5  Instance: /tb/MyRiscv/u_regfile/MUXB
# ** Warning: NUMERIC_STD.TO_INTEGER: metavalue detected, returning 0
#    Time: 3654420 ns  Iteration: 2  Instance: /tb/MyRiscv/u_regfile/MUXB
# ** Warning: NUMERIC_STD.TO_INTEGER: metavalue detected, returning 0
#    Time: 3654420 ns  Iteration: 2  Instance: /tb/MyRiscv/u_regfile/MUXA
# ** Warning: NUMERIC_STD.TO_INTEGER: metavalue detected, returning 0
#    Time: 3654460 ns  Iteration: 5  Instance: /tb/MyRiscv/u_regfile/MUXA
# ** Warning: NUMERIC_STD.TO_INTEGER: metavalue detected, returning 0
#    Time: 3654460 ns  Iteration: 5  Instance: /tb/MyRiscv/u_regfile/MUXB
# ** Warning: NUMERIC_STD.TO_INTEGER: metavalue detected, returning 0
#    Time: 3669520 ns  Iteration: 2  Instance: /tb/MyRiscv/u_regfile/MUXB
# ** Warning: NUMERIC_STD.TO_INTEGER: metavalue detected, returning 0
#    Time: 3669520 ns  Iteration: 2  Instance: /tb/MyRiscv/u_regfile/MUXA
# ** Warning: NUMERIC_STD.TO_INTEGER: metavalue detected, returning 0
#    Time: 3669560 ns  Iteration: 5  Instance: /tb/MyRiscv/u_regfile/MUXA
# ** Warning: NUMERIC_STD.TO_INTEGER: metavalue detected, returning 0
#    Time: 3669560 ns  Iteration: 5  Instance: /tb/MyRiscv/u_regfile/MUXB
# ** Warning: NUMERIC_STD.TO_INTEGER: metavalue detected, returning 0
#    Time: 3684620 ns  Iteration: 2  Instance: /tb/MyRiscv/u_regfile/MUXB
# ** Warning: NUMERIC_STD.TO_INTEGER: metavalue detected, returning 0
#    Time: 3684620 ns  Iteration: 2  Instance: /tb/MyRiscv/u_regfile/MUXA
# ** Warning: NUMERIC_STD.TO_INTEGER: metavalue detected, returning 0
#    Time: 3684660 ns  Iteration: 5  Instance: /tb/MyRiscv/u_regfile/MUXA
# ** Warning: NUMERIC_STD.TO_INTEGER: metavalue detected, returning 0
#    Time: 3684660 ns  Iteration: 5  Instance: /tb/MyRiscv/u_regfile/MUXB
# ** Warning: NUMERIC_STD.TO_INTEGER: metavalue detected, returning 0
#    Time: 3699720 ns  Iteration: 2  Instance: /tb/MyRiscv/u_regfile/MUXB
# ** Warning: NUMERIC_STD.TO_INTEGER: metavalue detected, returning 0
#    Time: 3699720 ns  Iteration: 2  Instance: /tb/MyRiscv/u_regfile/MUXA
# ** Warning: NUMERIC_STD.TO_INTEGER: metavalue detected, returning 0
#    Time: 3699760 ns  Iteration: 5  Instance: /tb/MyRiscv/u_regfile/MUXA
# ** Warning: NUMERIC_STD.TO_INTEGER: metavalue detected, returning 0
#    Time: 3699760 ns  Iteration: 5  Instance: /tb/MyRiscv/u_regfile/MUXB
# ** Warning: NUMERIC_STD.TO_INTEGER: metavalue detected, returning 0
#    Time: 3714820 ns  Iteration: 2  Instance: /tb/MyRiscv/u_regfile/MUXB
# ** Warning: NUMERIC_STD.TO_INTEGER: metavalue detected, returning 0
#    Time: 3714820 ns  Iteration: 2  Instance: /tb/MyRiscv/u_regfile/MUXA
# ** Warning: NUMERIC_STD.TO_INTEGER: metavalue detected, returning 0
#    Time: 3714860 ns  Iteration: 5  Instance: /tb/MyRiscv/u_regfile/MUXA
# ** Warning: NUMERIC_STD.TO_INTEGER: metavalue detected, returning 0
#    Time: 3714860 ns  Iteration: 5  Instance: /tb/MyRiscv/u_regfile/MUXB
# ** Warning: NUMERIC_STD.TO_INTEGER: metavalue detected, returning 0
#    Time: 3729920 ns  Iteration: 2  Instance: /tb/MyRiscv/u_regfile/MUXB
# ** Warning: NUMERIC_STD.TO_INTEGER: metavalue detected, returning 0
#    Time: 3729920 ns  Iteration: 2  Instance: /tb/MyRiscv/u_regfile/MUXA
# ** Warning: NUMERIC_STD.TO_INTEGER: metavalue detected, returning 0
#    Time: 3729960 ns  Iteration: 5  Instance: /tb/MyRiscv/u_regfile/MUXA
# ** Warning: NUMERIC_STD.TO_INTEGER: metavalue detected, returning 0
#    Time: 3729960 ns  Iteration: 5  Instance: /tb/MyRiscv/u_regfile/MUXB
# ** Warning: NUMERIC_STD.TO_INTEGER: metavalue detected, returning 0
#    Time: 3745020 ns  Iteration: 2  Instance: /tb/MyRiscv/u_regfile/MUXB
# ** Warning: NUMERIC_STD.TO_INTEGER: metavalue detected, returning 0
#    Time: 3745020 ns  Iteration: 2  Instance: /tb/MyRiscv/u_regfile/MUXA
# ** Warning: NUMERIC_STD.TO_INTEGER: metavalue detected, returning 0
#    Time: 3745060 ns  Iteration: 5  Instance: /tb/MyRiscv/u_regfile/MUXA
# ** Warning: NUMERIC_STD.TO_INTEGER: metavalue detected, returning 0
#    Time: 3745060 ns  Iteration: 5  Instance: /tb/MyRiscv/u_regfile/MUXB
# ** Warning: NUMERIC_STD.TO_INTEGER: metavalue detected, returning 0
#    Time: 3760120 ns  Iteration: 2  Instance: /tb/MyRiscv/u_regfile/MUXB
# ** Warning: NUMERIC_STD.TO_INTEGER: metavalue detected, returning 0
#    Time: 3760120 ns  Iteration: 2  Instance: /tb/MyRiscv/u_regfile/MUXA
# ** Warning: NUMERIC_STD.TO_INTEGER: metavalue detected, returning 0
#    Time: 3760160 ns  Iteration: 5  Instance: /tb/MyRiscv/u_regfile/MUXA
# ** Warning: NUMERIC_STD.TO_INTEGER: metavalue detected, returning 0
#    Time: 3760160 ns  Iteration: 5  Instance: /tb/MyRiscv/u_regfile/MUXB
# ** Warning: NUMERIC_STD.TO_INTEGER: metavalue detected, returning 0
#    Time: 3775220 ns  Iteration: 2  Instance: /tb/MyRiscv/u_regfile/MUXB
# ** Warning: NUMERIC_STD.TO_INTEGER: metavalue detected, returning 0
#    Time: 3775220 ns  Iteration: 2  Instance: /tb/MyRiscv/u_regfile/MUXA
# ** Warning: NUMERIC_STD.TO_INTEGER: metavalue detected, returning 0
#    Time: 3775260 ns  Iteration: 5  Instance: /tb/MyRiscv/u_regfile/MUXA
# ** Warning: NUMERIC_STD.TO_INTEGER: metavalue detected, returning 0
#    Time: 3775260 ns  Iteration: 5  Instance: /tb/MyRiscv/u_regfile/MUXB
# ** Warning: NUMERIC_STD.TO_INTEGER: metavalue detected, returning 0
#    Time: 3790320 ns  Iteration: 2  Instance: /tb/MyRiscv/u_regfile/MUXB
# ** Warning: NUMERIC_STD.TO_INTEGER: metavalue detected, returning 0
#    Time: 3790320 ns  Iteration: 2  Instance: /tb/MyRiscv/u_regfile/MUXA
# ** Warning: NUMERIC_STD.TO_INTEGER: metavalue detected, returning 0
#    Time: 3790360 ns  Iteration: 5  Instance: /tb/MyRiscv/u_regfile/MUXA
# ** Warning: NUMERIC_STD.TO_INTEGER: metavalue detected, returning 0
#    Time: 3790360 ns  Iteration: 5  Instance: /tb/MyRiscv/u_regfile/MUXB
# ** Warning: NUMERIC_STD.TO_INTEGER: metavalue detected, returning 0
#    Time: 3805420 ns  Iteration: 2  Instance: /tb/MyRiscv/u_regfile/MUXB
# ** Warning: NUMERIC_STD.TO_INTEGER: metavalue detected, returning 0
#    Time: 3805420 ns  Iteration: 2  Instance: /tb/MyRiscv/u_regfile/MUXA
# ** Warning: NUMERIC_STD.TO_INTEGER: metavalue detected, returning 0
#    Time: 3805460 ns  Iteration: 5  Instance: /tb/MyRiscv/u_regfile/MUXA
# ** Warning: NUMERIC_STD.TO_INTEGER: metavalue detected, returning 0
#    Time: 3805460 ns  Iteration: 5  Instance: /tb/MyRiscv/u_regfile/MUXB
# ** Warning: NUMERIC_STD.TO_INTEGER: metavalue detected, returning 0
#    Time: 3820520 ns  Iteration: 2  Instance: /tb/MyRiscv/u_regfile/MUXB
# ** Warning: NUMERIC_STD.TO_INTEGER: metavalue detected, returning 0
#    Time: 3820520 ns  Iteration: 2  Instance: /tb/MyRiscv/u_regfile/MUXA
# ** Warning: NUMERIC_STD.TO_INTEGER: metavalue detected, returning 0
#    Time: 3820560 ns  Iteration: 5  Instance: /tb/MyRiscv/u_regfile/MUXA
# ** Warning: NUMERIC_STD.TO_INTEGER: metavalue detected, returning 0
#    Time: 3820560 ns  Iteration: 5  Instance: /tb/MyRiscv/u_regfile/MUXB
# ** Warning: NUMERIC_STD.TO_INTEGER: metavalue detected, returning 0
#    Time: 3835620 ns  Iteration: 2  Instance: /tb/MyRiscv/u_regfile/MUXB
# ** Warning: NUMERIC_STD.TO_INTEGER: metavalue detected, returning 0
#    Time: 3835620 ns  Iteration: 2  Instance: /tb/MyRiscv/u_regfile/MUXA
# ** Warning: NUMERIC_STD.TO_INTEGER: metavalue detected, returning 0
#    Time: 3835660 ns  Iteration: 5  Instance: /tb/MyRiscv/u_regfile/MUXA
# ** Warning: NUMERIC_STD.TO_INTEGER: metavalue detected, returning 0
#    Time: 3835660 ns  Iteration: 5  Instance: /tb/MyRiscv/u_regfile/MUXB
# ** Warning: NUMERIC_STD.TO_INTEGER: metavalue detected, returning 0
#    Time: 3850720 ns  Iteration: 2  Instance: /tb/MyRiscv/u_regfile/MUXB
# ** Warning: NUMERIC_STD.TO_INTEGER: metavalue detected, returning 0
#    Time: 3850720 ns  Iteration: 2  Instance: /tb/MyRiscv/u_regfile/MUXA
# ** Warning: NUMERIC_STD.TO_INTEGER: metavalue detected, returning 0
#    Time: 3850760 ns  Iteration: 5  Instance: /tb/MyRiscv/u_regfile/MUXA
# ** Warning: NUMERIC_STD.TO_INTEGER: metavalue detected, returning 0
#    Time: 3850760 ns  Iteration: 5  Instance: /tb/MyRiscv/u_regfile/MUXB
# ** Warning: NUMERIC_STD.TO_INTEGER: metavalue detected, returning 0
#    Time: 3865820 ns  Iteration: 2  Instance: /tb/MyRiscv/u_regfile/MUXB
# ** Warning: NUMERIC_STD.TO_INTEGER: metavalue detected, returning 0
#    Time: 3865820 ns  Iteration: 2  Instance: /tb/MyRiscv/u_regfile/MUXA
# ** Warning: NUMERIC_STD.TO_INTEGER: metavalue detected, returning 0
#    Time: 3865860 ns  Iteration: 5  Instance: /tb/MyRiscv/u_regfile/MUXA
# ** Warning: NUMERIC_STD.TO_INTEGER: metavalue detected, returning 0
#    Time: 3865860 ns  Iteration: 5  Instance: /tb/MyRiscv/u_regfile/MUXB
# ** Warning: NUMERIC_STD.TO_INTEGER: metavalue detected, returning 0
#    Time: 3880920 ns  Iteration: 2  Instance: /tb/MyRiscv/u_regfile/MUXB
# ** Warning: NUMERIC_STD.TO_INTEGER: metavalue detected, returning 0
#    Time: 3880920 ns  Iteration: 2  Instance: /tb/MyRiscv/u_regfile/MUXA
# ** Warning: NUMERIC_STD.TO_INTEGER: metavalue detected, returning 0
#    Time: 3880960 ns  Iteration: 5  Instance: /tb/MyRiscv/u_regfile/MUXA
# ** Warning: NUMERIC_STD.TO_INTEGER: metavalue detected, returning 0
#    Time: 3880960 ns  Iteration: 5  Instance: /tb/MyRiscv/u_regfile/MUXB
# ** Warning: NUMERIC_STD.TO_INTEGER: metavalue detected, returning 0
#    Time: 3896020 ns  Iteration: 2  Instance: /tb/MyRiscv/u_regfile/MUXB
# ** Warning: NUMERIC_STD.TO_INTEGER: metavalue detected, returning 0
#    Time: 3896020 ns  Iteration: 2  Instance: /tb/MyRiscv/u_regfile/MUXA
# ** Warning: NUMERIC_STD.TO_INTEGER: metavalue detected, returning 0
#    Time: 3896060 ns  Iteration: 5  Instance: /tb/MyRiscv/u_regfile/MUXA
# ** Warning: NUMERIC_STD.TO_INTEGER: metavalue detected, returning 0
#    Time: 3896060 ns  Iteration: 5  Instance: /tb/MyRiscv/u_regfile/MUXB
# ** Warning: NUMERIC_STD.TO_INTEGER: metavalue detected, returning 0
#    Time: 3911120 ns  Iteration: 2  Instance: /tb/MyRiscv/u_regfile/MUXB
# ** Warning: NUMERIC_STD.TO_INTEGER: metavalue detected, returning 0
#    Time: 3911120 ns  Iteration: 2  Instance: /tb/MyRiscv/u_regfile/MUXA
# ** Warning: NUMERIC_STD.TO_INTEGER: metavalue detected, returning 0
#    Time: 3911160 ns  Iteration: 5  Instance: /tb/MyRiscv/u_regfile/MUXA
# ** Warning: NUMERIC_STD.TO_INTEGER: metavalue detected, returning 0
#    Time: 3911160 ns  Iteration: 5  Instance: /tb/MyRiscv/u_regfile/MUXB
# ** Warning: NUMERIC_STD.TO_INTEGER: metavalue detected, returning 0
#    Time: 3926220 ns  Iteration: 2  Instance: /tb/MyRiscv/u_regfile/MUXB
# ** Warning: NUMERIC_STD.TO_INTEGER: metavalue detected, returning 0
#    Time: 3926220 ns  Iteration: 2  Instance: /tb/MyRiscv/u_regfile/MUXA
# ** Warning: NUMERIC_STD.TO_INTEGER: metavalue detected, returning 0
#    Time: 3926260 ns  Iteration: 5  Instance: /tb/MyRiscv/u_regfile/MUXA
# ** Warning: NUMERIC_STD.TO_INTEGER: metavalue detected, returning 0
#    Time: 3926260 ns  Iteration: 5  Instance: /tb/MyRiscv/u_regfile/MUXB
# ** Warning: NUMERIC_STD.TO_INTEGER: metavalue detected, returning 0
#    Time: 3941320 ns  Iteration: 2  Instance: /tb/MyRiscv/u_regfile/MUXB
# ** Warning: NUMERIC_STD.TO_INTEGER: metavalue detected, returning 0
#    Time: 3941320 ns  Iteration: 2  Instance: /tb/MyRiscv/u_regfile/MUXA
# ** Warning: NUMERIC_STD.TO_INTEGER: metavalue detected, returning 0
#    Time: 3941360 ns  Iteration: 5  Instance: /tb/MyRiscv/u_regfile/MUXA
# ** Warning: NUMERIC_STD.TO_INTEGER: metavalue detected, returning 0
#    Time: 3941360 ns  Iteration: 5  Instance: /tb/MyRiscv/u_regfile/MUXB
# ** Warning: NUMERIC_STD.TO_INTEGER: metavalue detected, returning 0
#    Time: 3956420 ns  Iteration: 2  Instance: /tb/MyRiscv/u_regfile/MUXB
# ** Warning: NUMERIC_STD.TO_INTEGER: metavalue detected, returning 0
#    Time: 3956420 ns  Iteration: 2  Instance: /tb/MyRiscv/u_regfile/MUXA
# ** Warning: NUMERIC_STD.TO_INTEGER: metavalue detected, returning 0
#    Time: 3956460 ns  Iteration: 5  Instance: /tb/MyRiscv/u_regfile/MUXA
# ** Warning: NUMERIC_STD.TO_INTEGER: metavalue detected, returning 0
#    Time: 3956460 ns  Iteration: 5  Instance: /tb/MyRiscv/u_regfile/MUXB
# ** Warning: NUMERIC_STD.TO_INTEGER: metavalue detected, returning 0
#    Time: 3971520 ns  Iteration: 2  Instance: /tb/MyRiscv/u_regfile/MUXB
# ** Warning: NUMERIC_STD.TO_INTEGER: metavalue detected, returning 0
#    Time: 3971520 ns  Iteration: 2  Instance: /tb/MyRiscv/u_regfile/MUXA
# ** Warning: NUMERIC_STD.TO_INTEGER: metavalue detected, returning 0
#    Time: 3971560 ns  Iteration: 5  Instance: /tb/MyRiscv/u_regfile/MUXA
# ** Warning: NUMERIC_STD.TO_INTEGER: metavalue detected, returning 0
#    Time: 3971560 ns  Iteration: 5  Instance: /tb/MyRiscv/u_regfile/MUXB
# ** Warning: NUMERIC_STD.TO_INTEGER: metavalue detected, returning 0
#    Time: 3986620 ns  Iteration: 2  Instance: /tb/MyRiscv/u_regfile/MUXB
# ** Warning: NUMERIC_STD.TO_INTEGER: metavalue detected, returning 0
#    Time: 3986620 ns  Iteration: 2  Instance: /tb/MyRiscv/u_regfile/MUXA
# ** Warning: NUMERIC_STD.TO_INTEGER: metavalue detected, returning 0
#    Time: 3986660 ns  Iteration: 5  Instance: /tb/MyRiscv/u_regfile/MUXA
# ** Warning: NUMERIC_STD.TO_INTEGER: metavalue detected, returning 0
#    Time: 3986660 ns  Iteration: 5  Instance: /tb/MyRiscv/u_regfile/MUXB
# ** Warning: NUMERIC_STD.TO_INTEGER: metavalue detected, returning 0
#    Time: 4001720 ns  Iteration: 2  Instance: /tb/MyRiscv/u_regfile/MUXB
# ** Warning: NUMERIC_STD.TO_INTEGER: metavalue detected, returning 0
#    Time: 4001720 ns  Iteration: 2  Instance: /tb/MyRiscv/u_regfile/MUXA
# ** Warning: NUMERIC_STD.TO_INTEGER: metavalue detected, returning 0
#    Time: 4001760 ns  Iteration: 5  Instance: /tb/MyRiscv/u_regfile/MUXA
# ** Warning: NUMERIC_STD.TO_INTEGER: metavalue detected, returning 0
#    Time: 4001760 ns  Iteration: 5  Instance: /tb/MyRiscv/u_regfile/MUXB
# ** Warning: NUMERIC_STD.TO_INTEGER: metavalue detected, returning 0
#    Time: 4016820 ns  Iteration: 2  Instance: /tb/MyRiscv/u_regfile/MUXB
# ** Warning: NUMERIC_STD.TO_INTEGER: metavalue detected, returning 0
#    Time: 4016820 ns  Iteration: 2  Instance: /tb/MyRiscv/u_regfile/MUXA
# ** Warning: NUMERIC_STD.TO_INTEGER: metavalue detected, returning 0
#    Time: 4016860 ns  Iteration: 5  Instance: /tb/MyRiscv/u_regfile/MUXA
# ** Warning: NUMERIC_STD.TO_INTEGER: metavalue detected, returning 0
#    Time: 4016860 ns  Iteration: 5  Instance: /tb/MyRiscv/u_regfile/MUXB
# ** Warning: NUMERIC_STD.TO_INTEGER: metavalue detected, returning 0
#    Time: 4031920 ns  Iteration: 2  Instance: /tb/MyRiscv/u_regfile/MUXB
# ** Warning: NUMERIC_STD.TO_INTEGER: metavalue detected, returning 0
#    Time: 4031920 ns  Iteration: 2  Instance: /tb/MyRiscv/u_regfile/MUXA
# ** Warning: NUMERIC_STD.TO_INTEGER: metavalue detected, returning 0
#    Time: 4031960 ns  Iteration: 5  Instance: /tb/MyRiscv/u_regfile/MUXA
# ** Warning: NUMERIC_STD.TO_INTEGER: metavalue detected, returning 0
#    Time: 4031960 ns  Iteration: 5  Instance: /tb/MyRiscv/u_regfile/MUXB
# ** Warning: NUMERIC_STD.TO_INTEGER: metavalue detected, returning 0
#    Time: 4047020 ns  Iteration: 2  Instance: /tb/MyRiscv/u_regfile/MUXB
# ** Warning: NUMERIC_STD.TO_INTEGER: metavalue detected, returning 0
#    Time: 4047020 ns  Iteration: 2  Instance: /tb/MyRiscv/u_regfile/MUXA
# ** Warning: NUMERIC_STD.TO_INTEGER: metavalue detected, returning 0
#    Time: 4047060 ns  Iteration: 5  Instance: /tb/MyRiscv/u_regfile/MUXA
# ** Warning: NUMERIC_STD.TO_INTEGER: metavalue detected, returning 0
#    Time: 4047060 ns  Iteration: 5  Instance: /tb/MyRiscv/u_regfile/MUXB
# ** Warning: NUMERIC_STD.TO_INTEGER: metavalue detected, returning 0
#    Time: 4062120 ns  Iteration: 2  Instance: /tb/MyRiscv/u_regfile/MUXB
# ** Warning: NUMERIC_STD.TO_INTEGER: metavalue detected, returning 0
#    Time: 4062120 ns  Iteration: 2  Instance: /tb/MyRiscv/u_regfile/MUXA
# ** Warning: NUMERIC_STD.TO_INTEGER: metavalue detected, returning 0
#    Time: 4062160 ns  Iteration: 5  Instance: /tb/MyRiscv/u_regfile/MUXA
# ** Warning: NUMERIC_STD.TO_INTEGER: metavalue detected, returning 0
#    Time: 4062160 ns  Iteration: 5  Instance: /tb/MyRiscv/u_regfile/MUXB
# ** Warning: NUMERIC_STD.TO_INTEGER: metavalue detected, returning 0
#    Time: 4077220 ns  Iteration: 2  Instance: /tb/MyRiscv/u_regfile/MUXB
# ** Warning: NUMERIC_STD.TO_INTEGER: metavalue detected, returning 0
#    Time: 4077220 ns  Iteration: 2  Instance: /tb/MyRiscv/u_regfile/MUXA
# ** Warning: NUMERIC_STD.TO_INTEGER: metavalue detected, returning 0
#    Time: 4077260 ns  Iteration: 5  Instance: /tb/MyRiscv/u_regfile/MUXA
# ** Warning: NUMERIC_STD.TO_INTEGER: metavalue detected, returning 0
#    Time: 4077260 ns  Iteration: 5  Instance: /tb/MyRiscv/u_regfile/MUXB
# ** Warning: NUMERIC_STD.TO_INTEGER: metavalue detected, returning 0
#    Time: 4092320 ns  Iteration: 2  Instance: /tb/MyRiscv/u_regfile/MUXB
# ** Warning: NUMERIC_STD.TO_INTEGER: metavalue detected, returning 0
#    Time: 4092320 ns  Iteration: 2  Instance: /tb/MyRiscv/u_regfile/MUXA
# ** Warning: NUMERIC_STD.TO_INTEGER: metavalue detected, returning 0
#    Time: 4092360 ns  Iteration: 5  Instance: /tb/MyRiscv/u_regfile/MUXA
# ** Warning: NUMERIC_STD.TO_INTEGER: metavalue detected, returning 0
#    Time: 4092360 ns  Iteration: 5  Instance: /tb/MyRiscv/u_regfile/MUXB
# ** Warning: NUMERIC_STD.TO_INTEGER: metavalue detected, returning 0
#    Time: 4107420 ns  Iteration: 2  Instance: /tb/MyRiscv/u_regfile/MUXB
# ** Warning: NUMERIC_STD.TO_INTEGER: metavalue detected, returning 0
#    Time: 4107420 ns  Iteration: 2  Instance: /tb/MyRiscv/u_regfile/MUXA
# ** Warning: NUMERIC_STD.TO_INTEGER: metavalue detected, returning 0
#    Time: 4107460 ns  Iteration: 5  Instance: /tb/MyRiscv/u_regfile/MUXA
# ** Warning: NUMERIC_STD.TO_INTEGER: metavalue detected, returning 0
#    Time: 4107460 ns  Iteration: 5  Instance: /tb/MyRiscv/u_regfile/MUXB
# ** Warning: NUMERIC_STD.TO_INTEGER: metavalue detected, returning 0
#    Time: 4122520 ns  Iteration: 2  Instance: /tb/MyRiscv/u_regfile/MUXB
# ** Warning: NUMERIC_STD.TO_INTEGER: metavalue detected, returning 0
#    Time: 4122520 ns  Iteration: 2  Instance: /tb/MyRiscv/u_regfile/MUXA
# ** Warning: NUMERIC_STD.TO_INTEGER: metavalue detected, returning 0
#    Time: 4122560 ns  Iteration: 5  Instance: /tb/MyRiscv/u_regfile/MUXA
# ** Warning: NUMERIC_STD.TO_INTEGER: metavalue detected, returning 0
#    Time: 4122560 ns  Iteration: 5  Instance: /tb/MyRiscv/u_regfile/MUXB
# ** Warning: NUMERIC_STD.TO_INTEGER: metavalue detected, returning 0
#    Time: 4137620 ns  Iteration: 2  Instance: /tb/MyRiscv/u_regfile/MUXB
# ** Warning: NUMERIC_STD.TO_INTEGER: metavalue detected, returning 0
#    Time: 4137620 ns  Iteration: 2  Instance: /tb/MyRiscv/u_regfile/MUXA
# ** Warning: NUMERIC_STD.TO_INTEGER: metavalue detected, returning 0
#    Time: 4137660 ns  Iteration: 5  Instance: /tb/MyRiscv/u_regfile/MUXA
# ** Warning: NUMERIC_STD.TO_INTEGER: metavalue detected, returning 0
#    Time: 4137660 ns  Iteration: 5  Instance: /tb/MyRiscv/u_regfile/MUXB
# ** Warning: NUMERIC_STD.TO_INTEGER: metavalue detected, returning 0
#    Time: 4152720 ns  Iteration: 2  Instance: /tb/MyRiscv/u_regfile/MUXB
# ** Warning: NUMERIC_STD.TO_INTEGER: metavalue detected, returning 0
#    Time: 4152720 ns  Iteration: 2  Instance: /tb/MyRiscv/u_regfile/MUXA
# ** Warning: NUMERIC_STD.TO_INTEGER: metavalue detected, returning 0
#    Time: 4152760 ns  Iteration: 5  Instance: /tb/MyRiscv/u_regfile/MUXA
# ** Warning: NUMERIC_STD.TO_INTEGER: metavalue detected, returning 0
#    Time: 4152760 ns  Iteration: 5  Instance: /tb/MyRiscv/u_regfile/MUXB
# ** Warning: NUMERIC_STD.TO_INTEGER: metavalue detected, returning 0
#    Time: 4167820 ns  Iteration: 2  Instance: /tb/MyRiscv/u_regfile/MUXB
# ** Warning: NUMERIC_STD.TO_INTEGER: metavalue detected, returning 0
#    Time: 4167820 ns  Iteration: 2  Instance: /tb/MyRiscv/u_regfile/MUXA
# ** Warning: NUMERIC_STD.TO_INTEGER: metavalue detected, returning 0
#    Time: 4167860 ns  Iteration: 5  Instance: /tb/MyRiscv/u_regfile/MUXA
# ** Warning: NUMERIC_STD.TO_INTEGER: metavalue detected, returning 0
#    Time: 4167860 ns  Iteration: 5  Instance: /tb/MyRiscv/u_regfile/MUXB
# ** Warning: NUMERIC_STD.TO_INTEGER: metavalue detected, returning 0
#    Time: 4182920 ns  Iteration: 2  Instance: /tb/MyRiscv/u_regfile/MUXB
# ** Warning: NUMERIC_STD.TO_INTEGER: metavalue detected, returning 0
#    Time: 4182920 ns  Iteration: 2  Instance: /tb/MyRiscv/u_regfile/MUXA
# ** Warning: NUMERIC_STD.TO_INTEGER: metavalue detected, returning 0
#    Time: 4182960 ns  Iteration: 5  Instance: /tb/MyRiscv/u_regfile/MUXA
# ** Warning: NUMERIC_STD.TO_INTEGER: metavalue detected, returning 0
#    Time: 4182960 ns  Iteration: 5  Instance: /tb/MyRiscv/u_regfile/MUXB
# ** Warning: NUMERIC_STD.TO_INTEGER: metavalue detected, returning 0
#    Time: 4198020 ns  Iteration: 2  Instance: /tb/MyRiscv/u_regfile/MUXB
# ** Warning: NUMERIC_STD.TO_INTEGER: metavalue detected, returning 0
#    Time: 4198020 ns  Iteration: 2  Instance: /tb/MyRiscv/u_regfile/MUXA
# ** Warning: NUMERIC_STD.TO_INTEGER: metavalue detected, returning 0
#    Time: 4198060 ns  Iteration: 5  Instance: /tb/MyRiscv/u_regfile/MUXA
# ** Warning: NUMERIC_STD.TO_INTEGER: metavalue detected, returning 0
#    Time: 4198060 ns  Iteration: 5  Instance: /tb/MyRiscv/u_regfile/MUXB
# ** Warning: NUMERIC_STD.TO_INTEGER: metavalue detected, returning 0
#    Time: 4213120 ns  Iteration: 2  Instance: /tb/MyRiscv/u_regfile/MUXB
# ** Warning: NUMERIC_STD.TO_INTEGER: metavalue detected, returning 0
#    Time: 4213120 ns  Iteration: 2  Instance: /tb/MyRiscv/u_regfile/MUXA
# ** Warning: NUMERIC_STD.TO_INTEGER: metavalue detected, returning 0
#    Time: 4213160 ns  Iteration: 5  Instance: /tb/MyRiscv/u_regfile/MUXA
# ** Warning: NUMERIC_STD.TO_INTEGER: metavalue detected, returning 0
#    Time: 4213160 ns  Iteration: 5  Instance: /tb/MyRiscv/u_regfile/MUXB
# ** Warning: NUMERIC_STD.TO_INTEGER: metavalue detected, returning 0
#    Time: 4228220 ns  Iteration: 2  Instance: /tb/MyRiscv/u_regfile/MUXB
# ** Warning: NUMERIC_STD.TO_INTEGER: metavalue detected, returning 0
#    Time: 4228220 ns  Iteration: 2  Instance: /tb/MyRiscv/u_regfile/MUXA
# ** Warning: NUMERIC_STD.TO_INTEGER: metavalue detected, returning 0
#    Time: 4228260 ns  Iteration: 5  Instance: /tb/MyRiscv/u_regfile/MUXA
# ** Warning: NUMERIC_STD.TO_INTEGER: metavalue detected, returning 0
#    Time: 4228260 ns  Iteration: 5  Instance: /tb/MyRiscv/u_regfile/MUXB
# ** Warning: NUMERIC_STD.TO_INTEGER: metavalue detected, returning 0
#    Time: 4243320 ns  Iteration: 2  Instance: /tb/MyRiscv/u_regfile/MUXB
# ** Warning: NUMERIC_STD.TO_INTEGER: metavalue detected, returning 0
#    Time: 4243320 ns  Iteration: 2  Instance: /tb/MyRiscv/u_regfile/MUXA
# ** Warning: NUMERIC_STD.TO_INTEGER: metavalue detected, returning 0
#    Time: 4243360 ns  Iteration: 5  Instance: /tb/MyRiscv/u_regfile/MUXA
# ** Warning: NUMERIC_STD.TO_INTEGER: metavalue detected, returning 0
#    Time: 4243360 ns  Iteration: 5  Instance: /tb/MyRiscv/u_regfile/MUXB
# ** Warning: NUMERIC_STD.TO_INTEGER: metavalue detected, returning 0
#    Time: 4258420 ns  Iteration: 2  Instance: /tb/MyRiscv/u_regfile/MUXB
# ** Warning: NUMERIC_STD.TO_INTEGER: metavalue detected, returning 0
#    Time: 4258420 ns  Iteration: 2  Instance: /tb/MyRiscv/u_regfile/MUXA
# ** Warning: NUMERIC_STD.TO_INTEGER: metavalue detected, returning 0
#    Time: 4258460 ns  Iteration: 5  Instance: /tb/MyRiscv/u_regfile/MUXA
# ** Warning: NUMERIC_STD.TO_INTEGER: metavalue detected, returning 0
#    Time: 4258460 ns  Iteration: 5  Instance: /tb/MyRiscv/u_regfile/MUXB
# ** Warning: NUMERIC_STD.TO_INTEGER: metavalue detected, returning 0
#    Time: 4273520 ns  Iteration: 2  Instance: /tb/MyRiscv/u_regfile/MUXB
# ** Warning: NUMERIC_STD.TO_INTEGER: metavalue detected, returning 0
#    Time: 4273520 ns  Iteration: 2  Instance: /tb/MyRiscv/u_regfile/MUXA
# ** Warning: NUMERIC_STD.TO_INTEGER: metavalue detected, returning 0
#    Time: 4273560 ns  Iteration: 5  Instance: /tb/MyRiscv/u_regfile/MUXA
# ** Warning: NUMERIC_STD.TO_INTEGER: metavalue detected, returning 0
#    Time: 4273560 ns  Iteration: 5  Instance: /tb/MyRiscv/u_regfile/MUXB
# ** Warning: NUMERIC_STD.TO_INTEGER: metavalue detected, returning 0
#    Time: 4288620 ns  Iteration: 2  Instance: /tb/MyRiscv/u_regfile/MUXB
# ** Warning: NUMERIC_STD.TO_INTEGER: metavalue detected, returning 0
#    Time: 4288620 ns  Iteration: 2  Instance: /tb/MyRiscv/u_regfile/MUXA
# ** Warning: NUMERIC_STD.TO_INTEGER: metavalue detected, returning 0
#    Time: 4288660 ns  Iteration: 5  Instance: /tb/MyRiscv/u_regfile/MUXA
# ** Warning: NUMERIC_STD.TO_INTEGER: metavalue detected, returning 0
#    Time: 4288660 ns  Iteration: 5  Instance: /tb/MyRiscv/u_regfile/MUXB
# ** Warning: NUMERIC_STD.TO_INTEGER: metavalue detected, returning 0
#    Time: 4303720 ns  Iteration: 2  Instance: /tb/MyRiscv/u_regfile/MUXB
# ** Warning: NUMERIC_STD.TO_INTEGER: metavalue detected, returning 0
#    Time: 4303720 ns  Iteration: 2  Instance: /tb/MyRiscv/u_regfile/MUXA
# ** Warning: NUMERIC_STD.TO_INTEGER: metavalue detected, returning 0
#    Time: 4303760 ns  Iteration: 5  Instance: /tb/MyRiscv/u_regfile/MUXA
# ** Warning: NUMERIC_STD.TO_INTEGER: metavalue detected, returning 0
#    Time: 4303760 ns  Iteration: 5  Instance: /tb/MyRiscv/u_regfile/MUXB
# ** Warning: NUMERIC_STD.TO_INTEGER: metavalue detected, returning 0
#    Time: 4318820 ns  Iteration: 2  Instance: /tb/MyRiscv/u_regfile/MUXB
# ** Warning: NUMERIC_STD.TO_INTEGER: metavalue detected, returning 0
#    Time: 4318820 ns  Iteration: 2  Instance: /tb/MyRiscv/u_regfile/MUXA
# ** Warning: NUMERIC_STD.TO_INTEGER: metavalue detected, returning 0
#    Time: 4318860 ns  Iteration: 5  Instance: /tb/MyRiscv/u_regfile/MUXA
# ** Warning: NUMERIC_STD.TO_INTEGER: metavalue detected, returning 0
#    Time: 4318860 ns  Iteration: 5  Instance: /tb/MyRiscv/u_regfile/MUXB
# ** Warning: NUMERIC_STD.TO_INTEGER: metavalue detected, returning 0
#    Time: 4333920 ns  Iteration: 2  Instance: /tb/MyRiscv/u_regfile/MUXB
# ** Warning: NUMERIC_STD.TO_INTEGER: metavalue detected, returning 0
#    Time: 4333920 ns  Iteration: 2  Instance: /tb/MyRiscv/u_regfile/MUXA
# ** Warning: NUMERIC_STD.TO_INTEGER: metavalue detected, returning 0
#    Time: 4333960 ns  Iteration: 5  Instance: /tb/MyRiscv/u_regfile/MUXA
# ** Warning: NUMERIC_STD.TO_INTEGER: metavalue detected, returning 0
#    Time: 4333960 ns  Iteration: 5  Instance: /tb/MyRiscv/u_regfile/MUXB
# ** Warning: NUMERIC_STD.TO_INTEGER: metavalue detected, returning 0
#    Time: 4349020 ns  Iteration: 2  Instance: /tb/MyRiscv/u_regfile/MUXB
# ** Warning: NUMERIC_STD.TO_INTEGER: metavalue detected, returning 0
#    Time: 4349020 ns  Iteration: 2  Instance: /tb/MyRiscv/u_regfile/MUXA
# ** Warning: NUMERIC_STD.TO_INTEGER: metavalue detected, returning 0
#    Time: 4349060 ns  Iteration: 5  Instance: /tb/MyRiscv/u_regfile/MUXA
# ** Warning: NUMERIC_STD.TO_INTEGER: metavalue detected, returning 0
#    Time: 4349060 ns  Iteration: 5  Instance: /tb/MyRiscv/u_regfile/MUXB
# ** Warning: NUMERIC_STD.TO_INTEGER: metavalue detected, returning 0
#    Time: 4364120 ns  Iteration: 2  Instance: /tb/MyRiscv/u_regfile/MUXB
# ** Warning: NUMERIC_STD.TO_INTEGER: metavalue detected, returning 0
#    Time: 4364120 ns  Iteration: 2  Instance: /tb/MyRiscv/u_regfile/MUXA
# ** Warning: NUMERIC_STD.TO_INTEGER: metavalue detected, returning 0
#    Time: 4364160 ns  Iteration: 5  Instance: /tb/MyRiscv/u_regfile/MUXA
# ** Warning: NUMERIC_STD.TO_INTEGER: metavalue detected, returning 0
#    Time: 4364160 ns  Iteration: 5  Instance: /tb/MyRiscv/u_regfile/MUXB
# ** Warning: NUMERIC_STD.TO_INTEGER: metavalue detected, returning 0
#    Time: 4379220 ns  Iteration: 2  Instance: /tb/MyRiscv/u_regfile/MUXB
# ** Warning: NUMERIC_STD.TO_INTEGER: metavalue detected, returning 0
#    Time: 4379220 ns  Iteration: 2  Instance: /tb/MyRiscv/u_regfile/MUXA
# ** Warning: NUMERIC_STD.TO_INTEGER: metavalue detected, returning 0
#    Time: 4379260 ns  Iteration: 5  Instance: /tb/MyRiscv/u_regfile/MUXA
# ** Warning: NUMERIC_STD.TO_INTEGER: metavalue detected, returning 0
#    Time: 4379260 ns  Iteration: 5  Instance: /tb/MyRiscv/u_regfile/MUXB
# ** Warning: NUMERIC_STD.TO_INTEGER: metavalue detected, returning 0
#    Time: 4394320 ns  Iteration: 2  Instance: /tb/MyRiscv/u_regfile/MUXB
# ** Warning: NUMERIC_STD.TO_INTEGER: metavalue detected, returning 0
#    Time: 4394320 ns  Iteration: 2  Instance: /tb/MyRiscv/u_regfile/MUXA
# ** Warning: NUMERIC_STD.TO_INTEGER: metavalue detected, returning 0
#    Time: 4394360 ns  Iteration: 5  Instance: /tb/MyRiscv/u_regfile/MUXA
# ** Warning: NUMERIC_STD.TO_INTEGER: metavalue detected, returning 0
#    Time: 4394360 ns  Iteration: 5  Instance: /tb/MyRiscv/u_regfile/MUXB
# ** Warning: NUMERIC_STD.TO_INTEGER: metavalue detected, returning 0
#    Time: 4409420 ns  Iteration: 2  Instance: /tb/MyRiscv/u_regfile/MUXB
# ** Warning: NUMERIC_STD.TO_INTEGER: metavalue detected, returning 0
#    Time: 4409420 ns  Iteration: 2  Instance: /tb/MyRiscv/u_regfile/MUXA
# ** Warning: NUMERIC_STD.TO_INTEGER: metavalue detected, returning 0
#    Time: 4409460 ns  Iteration: 5  Instance: /tb/MyRiscv/u_regfile/MUXA
# ** Warning: NUMERIC_STD.TO_INTEGER: metavalue detected, returning 0
#    Time: 4409460 ns  Iteration: 5  Instance: /tb/MyRiscv/u_regfile/MUXB
# ** Warning: NUMERIC_STD.TO_INTEGER: metavalue detected, returning 0
#    Time: 4424520 ns  Iteration: 2  Instance: /tb/MyRiscv/u_regfile/MUXB
# ** Warning: NUMERIC_STD.TO_INTEGER: metavalue detected, returning 0
#    Time: 4424520 ns  Iteration: 2  Instance: /tb/MyRiscv/u_regfile/MUXA
# ** Warning: NUMERIC_STD.TO_INTEGER: metavalue detected, returning 0
#    Time: 4424560 ns  Iteration: 5  Instance: /tb/MyRiscv/u_regfile/MUXA
# ** Warning: NUMERIC_STD.TO_INTEGER: metavalue detected, returning 0
#    Time: 4424560 ns  Iteration: 5  Instance: /tb/MyRiscv/u_regfile/MUXB
# ** Warning: NUMERIC_STD.TO_INTEGER: metavalue detected, returning 0
#    Time: 4439620 ns  Iteration: 2  Instance: /tb/MyRiscv/u_regfile/MUXB
# ** Warning: NUMERIC_STD.TO_INTEGER: metavalue detected, returning 0
#    Time: 4439620 ns  Iteration: 2  Instance: /tb/MyRiscv/u_regfile/MUXA
# ** Warning: NUMERIC_STD.TO_INTEGER: metavalue detected, returning 0
#    Time: 4439660 ns  Iteration: 5  Instance: /tb/MyRiscv/u_regfile/MUXA
# ** Warning: NUMERIC_STD.TO_INTEGER: metavalue detected, returning 0
#    Time: 4439660 ns  Iteration: 5  Instance: /tb/MyRiscv/u_regfile/MUXB
# ** Warning: NUMERIC_STD.TO_INTEGER: metavalue detected, returning 0
#    Time: 4454720 ns  Iteration: 2  Instance: /tb/MyRiscv/u_regfile/MUXB
# ** Warning: NUMERIC_STD.TO_INTEGER: metavalue detected, returning 0
#    Time: 4454720 ns  Iteration: 2  Instance: /tb/MyRiscv/u_regfile/MUXA
# ** Warning: NUMERIC_STD.TO_INTEGER: metavalue detected, returning 0
#    Time: 4454760 ns  Iteration: 5  Instance: /tb/MyRiscv/u_regfile/MUXA
# ** Warning: NUMERIC_STD.TO_INTEGER: metavalue detected, returning 0
#    Time: 4454760 ns  Iteration: 5  Instance: /tb/MyRiscv/u_regfile/MUXB
# ** Warning: NUMERIC_STD.TO_INTEGER: metavalue detected, returning 0
#    Time: 4469820 ns  Iteration: 2  Instance: /tb/MyRiscv/u_regfile/MUXB
# ** Warning: NUMERIC_STD.TO_INTEGER: metavalue detected, returning 0
#    Time: 4469820 ns  Iteration: 2  Instance: /tb/MyRiscv/u_regfile/MUXA
# ** Warning: NUMERIC_STD.TO_INTEGER: metavalue detected, returning 0
#    Time: 4469860 ns  Iteration: 5  Instance: /tb/MyRiscv/u_regfile/MUXA
# ** Warning: NUMERIC_STD.TO_INTEGER: metavalue detected, returning 0
#    Time: 4469860 ns  Iteration: 5  Instance: /tb/MyRiscv/u_regfile/MUXB
# ** Warning: NUMERIC_STD.TO_INTEGER: metavalue detected, returning 0
#    Time: 4484920 ns  Iteration: 2  Instance: /tb/MyRiscv/u_regfile/MUXB
# ** Warning: NUMERIC_STD.TO_INTEGER: metavalue detected, returning 0
#    Time: 4484920 ns  Iteration: 2  Instance: /tb/MyRiscv/u_regfile/MUXA
# ** Warning: NUMERIC_STD.TO_INTEGER: metavalue detected, returning 0
#    Time: 4484960 ns  Iteration: 5  Instance: /tb/MyRiscv/u_regfile/MUXA
# ** Warning: NUMERIC_STD.TO_INTEGER: metavalue detected, returning 0
#    Time: 4484960 ns  Iteration: 5  Instance: /tb/MyRiscv/u_regfile/MUXB
# ** Warning: NUMERIC_STD.TO_INTEGER: metavalue detected, returning 0
#    Time: 4500020 ns  Iteration: 2  Instance: /tb/MyRiscv/u_regfile/MUXB
# ** Warning: NUMERIC_STD.TO_INTEGER: metavalue detected, returning 0
#    Time: 4500020 ns  Iteration: 2  Instance: /tb/MyRiscv/u_regfile/MUXA
# ** Warning: NUMERIC_STD.TO_INTEGER: metavalue detected, returning 0
#    Time: 4500060 ns  Iteration: 5  Instance: /tb/MyRiscv/u_regfile/MUXA
# ** Warning: NUMERIC_STD.TO_INTEGER: metavalue detected, returning 0
#    Time: 4500060 ns  Iteration: 5  Instance: /tb/MyRiscv/u_regfile/MUXB
# ** Warning: NUMERIC_STD.TO_INTEGER: metavalue detected, returning 0
#    Time: 4515120 ns  Iteration: 2  Instance: /tb/MyRiscv/u_regfile/MUXB
# ** Warning: NUMERIC_STD.TO_INTEGER: metavalue detected, returning 0
#    Time: 4515120 ns  Iteration: 2  Instance: /tb/MyRiscv/u_regfile/MUXA
# ** Warning: NUMERIC_STD.TO_INTEGER: metavalue detected, returning 0
#    Time: 4515160 ns  Iteration: 5  Instance: /tb/MyRiscv/u_regfile/MUXA
# ** Warning: NUMERIC_STD.TO_INTEGER: metavalue detected, returning 0
#    Time: 4515160 ns  Iteration: 5  Instance: /tb/MyRiscv/u_regfile/MUXB
# ** Warning: NUMERIC_STD.TO_INTEGER: metavalue detected, returning 0
#    Time: 4530220 ns  Iteration: 2  Instance: /tb/MyRiscv/u_regfile/MUXB
# ** Warning: NUMERIC_STD.TO_INTEGER: metavalue detected, returning 0
#    Time: 4530220 ns  Iteration: 2  Instance: /tb/MyRiscv/u_regfile/MUXA
# ** Warning: NUMERIC_STD.TO_INTEGER: metavalue detected, returning 0
#    Time: 4530260 ns  Iteration: 5  Instance: /tb/MyRiscv/u_regfile/MUXA
# ** Warning: NUMERIC_STD.TO_INTEGER: metavalue detected, returning 0
#    Time: 4530260 ns  Iteration: 5  Instance: /tb/MyRiscv/u_regfile/MUXB
# ** Warning: NUMERIC_STD.TO_INTEGER: metavalue detected, returning 0
#    Time: 4545320 ns  Iteration: 2  Instance: /tb/MyRiscv/u_regfile/MUXB
# ** Warning: NUMERIC_STD.TO_INTEGER: metavalue detected, returning 0
#    Time: 4545320 ns  Iteration: 2  Instance: /tb/MyRiscv/u_regfile/MUXA
# ** Warning: NUMERIC_STD.TO_INTEGER: metavalue detected, returning 0
#    Time: 4545360 ns  Iteration: 5  Instance: /tb/MyRiscv/u_regfile/MUXA
# ** Warning: NUMERIC_STD.TO_INTEGER: metavalue detected, returning 0
#    Time: 4545360 ns  Iteration: 5  Instance: /tb/MyRiscv/u_regfile/MUXB
# ** Warning: NUMERIC_STD.TO_INTEGER: metavalue detected, returning 0
#    Time: 4560420 ns  Iteration: 2  Instance: /tb/MyRiscv/u_regfile/MUXB
# ** Warning: NUMERIC_STD.TO_INTEGER: metavalue detected, returning 0
#    Time: 4560420 ns  Iteration: 2  Instance: /tb/MyRiscv/u_regfile/MUXA
# ** Warning: NUMERIC_STD.TO_INTEGER: metavalue detected, returning 0
#    Time: 4560460 ns  Iteration: 5  Instance: /tb/MyRiscv/u_regfile/MUXA
# ** Warning: NUMERIC_STD.TO_INTEGER: metavalue detected, returning 0
#    Time: 4560460 ns  Iteration: 5  Instance: /tb/MyRiscv/u_regfile/MUXB
# ** Warning: NUMERIC_STD.TO_INTEGER: metavalue detected, returning 0
#    Time: 4575520 ns  Iteration: 2  Instance: /tb/MyRiscv/u_regfile/MUXB
# ** Warning: NUMERIC_STD.TO_INTEGER: metavalue detected, returning 0
#    Time: 4575520 ns  Iteration: 2  Instance: /tb/MyRiscv/u_regfile/MUXA
# ** Warning: NUMERIC_STD.TO_INTEGER: metavalue detected, returning 0
#    Time: 4575560 ns  Iteration: 5  Instance: /tb/MyRiscv/u_regfile/MUXA
# ** Warning: NUMERIC_STD.TO_INTEGER: metavalue detected, returning 0
#    Time: 4575560 ns  Iteration: 5  Instance: /tb/MyRiscv/u_regfile/MUXB
# ** Warning: NUMERIC_STD.TO_INTEGER: metavalue detected, returning 0
#    Time: 4590620 ns  Iteration: 2  Instance: /tb/MyRiscv/u_regfile/MUXB
# ** Warning: NUMERIC_STD.TO_INTEGER: metavalue detected, returning 0
#    Time: 4590620 ns  Iteration: 2  Instance: /tb/MyRiscv/u_regfile/MUXA
# ** Warning: NUMERIC_STD.TO_INTEGER: metavalue detected, returning 0
#    Time: 4590660 ns  Iteration: 5  Instance: /tb/MyRiscv/u_regfile/MUXA
# ** Warning: NUMERIC_STD.TO_INTEGER: metavalue detected, returning 0
#    Time: 4590660 ns  Iteration: 5  Instance: /tb/MyRiscv/u_regfile/MUXB
# ** Warning: NUMERIC_STD.TO_INTEGER: metavalue detected, returning 0
#    Time: 4605720 ns  Iteration: 2  Instance: /tb/MyRiscv/u_regfile/MUXB
# ** Warning: NUMERIC_STD.TO_INTEGER: metavalue detected, returning 0
#    Time: 4605720 ns  Iteration: 2  Instance: /tb/MyRiscv/u_regfile/MUXA
# ** Warning: NUMERIC_STD.TO_INTEGER: metavalue detected, returning 0
#    Time: 4605760 ns  Iteration: 5  Instance: /tb/MyRiscv/u_regfile/MUXA
# ** Warning: NUMERIC_STD.TO_INTEGER: metavalue detected, returning 0
#    Time: 4605760 ns  Iteration: 5  Instance: /tb/MyRiscv/u_regfile/MUXB
# ** Warning: NUMERIC_STD.TO_INTEGER: metavalue detected, returning 0
#    Time: 4620820 ns  Iteration: 2  Instance: /tb/MyRiscv/u_regfile/MUXB
# ** Warning: NUMERIC_STD.TO_INTEGER: metavalue detected, returning 0
#    Time: 4620820 ns  Iteration: 2  Instance: /tb/MyRiscv/u_regfile/MUXA
# ** Warning: NUMERIC_STD.TO_INTEGER: metavalue detected, returning 0
#    Time: 4620860 ns  Iteration: 5  Instance: /tb/MyRiscv/u_regfile/MUXA
# ** Warning: NUMERIC_STD.TO_INTEGER: metavalue detected, returning 0
#    Time: 4620860 ns  Iteration: 5  Instance: /tb/MyRiscv/u_regfile/MUXB
# ** Warning: NUMERIC_STD.TO_INTEGER: metavalue detected, returning 0
#    Time: 4635920 ns  Iteration: 2  Instance: /tb/MyRiscv/u_regfile/MUXB
# ** Warning: NUMERIC_STD.TO_INTEGER: metavalue detected, returning 0
#    Time: 4635920 ns  Iteration: 2  Instance: /tb/MyRiscv/u_regfile/MUXA
# ** Warning: NUMERIC_STD.TO_INTEGER: metavalue detected, returning 0
#    Time: 4635960 ns  Iteration: 5  Instance: /tb/MyRiscv/u_regfile/MUXA
# ** Warning: NUMERIC_STD.TO_INTEGER: metavalue detected, returning 0
#    Time: 4635960 ns  Iteration: 5  Instance: /tb/MyRiscv/u_regfile/MUXB
# ** Warning: NUMERIC_STD.TO_INTEGER: metavalue detected, returning 0
#    Time: 4651020 ns  Iteration: 2  Instance: /tb/MyRiscv/u_regfile/MUXB
# ** Warning: NUMERIC_STD.TO_INTEGER: metavalue detected, returning 0
#    Time: 4651020 ns  Iteration: 2  Instance: /tb/MyRiscv/u_regfile/MUXA
# ** Warning: NUMERIC_STD.TO_INTEGER: metavalue detected, returning 0
#    Time: 4651060 ns  Iteration: 5  Instance: /tb/MyRiscv/u_regfile/MUXA
# ** Warning: NUMERIC_STD.TO_INTEGER: metavalue detected, returning 0
#    Time: 4651060 ns  Iteration: 5  Instance: /tb/MyRiscv/u_regfile/MUXB
# ** Warning: NUMERIC_STD.TO_INTEGER: metavalue detected, returning 0
#    Time: 4666120 ns  Iteration: 2  Instance: /tb/MyRiscv/u_regfile/MUXB
# ** Warning: NUMERIC_STD.TO_INTEGER: metavalue detected, returning 0
#    Time: 4666120 ns  Iteration: 2  Instance: /tb/MyRiscv/u_regfile/MUXA
# ** Warning: NUMERIC_STD.TO_INTEGER: metavalue detected, returning 0
#    Time: 4666160 ns  Iteration: 5  Instance: /tb/MyRiscv/u_regfile/MUXA
# ** Warning: NUMERIC_STD.TO_INTEGER: metavalue detected, returning 0
#    Time: 4666160 ns  Iteration: 5  Instance: /tb/MyRiscv/u_regfile/MUXB
# ** Warning: NUMERIC_STD.TO_INTEGER: metavalue detected, returning 0
#    Time: 4681220 ns  Iteration: 2  Instance: /tb/MyRiscv/u_regfile/MUXB
# ** Warning: NUMERIC_STD.TO_INTEGER: metavalue detected, returning 0
#    Time: 4681220 ns  Iteration: 2  Instance: /tb/MyRiscv/u_regfile/MUXA
# ** Warning: NUMERIC_STD.TO_INTEGER: metavalue detected, returning 0
#    Time: 4681260 ns  Iteration: 5  Instance: /tb/MyRiscv/u_regfile/MUXA
# ** Warning: NUMERIC_STD.TO_INTEGER: metavalue detected, returning 0
#    Time: 4681260 ns  Iteration: 5  Instance: /tb/MyRiscv/u_regfile/MUXB
# ** Warning: NUMERIC_STD.TO_INTEGER: metavalue detected, returning 0
#    Time: 4696320 ns  Iteration: 2  Instance: /tb/MyRiscv/u_regfile/MUXB
# ** Warning: NUMERIC_STD.TO_INTEGER: metavalue detected, returning 0
#    Time: 4696320 ns  Iteration: 2  Instance: /tb/MyRiscv/u_regfile/MUXA
# ** Warning: NUMERIC_STD.TO_INTEGER: metavalue detected, returning 0
#    Time: 4696360 ns  Iteration: 5  Instance: /tb/MyRiscv/u_regfile/MUXA
# ** Warning: NUMERIC_STD.TO_INTEGER: metavalue detected, returning 0
#    Time: 4696360 ns  Iteration: 5  Instance: /tb/MyRiscv/u_regfile/MUXB
# ** Warning: NUMERIC_STD.TO_INTEGER: metavalue detected, returning 0
#    Time: 4711420 ns  Iteration: 2  Instance: /tb/MyRiscv/u_regfile/MUXB
# ** Warning: NUMERIC_STD.TO_INTEGER: metavalue detected, returning 0
#    Time: 4711420 ns  Iteration: 2  Instance: /tb/MyRiscv/u_regfile/MUXA
# ** Warning: NUMERIC_STD.TO_INTEGER: metavalue detected, returning 0
#    Time: 4711460 ns  Iteration: 5  Instance: /tb/MyRiscv/u_regfile/MUXA
# ** Warning: NUMERIC_STD.TO_INTEGER: metavalue detected, returning 0
#    Time: 4711460 ns  Iteration: 5  Instance: /tb/MyRiscv/u_regfile/MUXB
# ** Warning: NUMERIC_STD.TO_INTEGER: metavalue detected, returning 0
#    Time: 4726520 ns  Iteration: 2  Instance: /tb/MyRiscv/u_regfile/MUXB
# ** Warning: NUMERIC_STD.TO_INTEGER: metavalue detected, returning 0
#    Time: 4726520 ns  Iteration: 2  Instance: /tb/MyRiscv/u_regfile/MUXA
# ** Warning: NUMERIC_STD.TO_INTEGER: metavalue detected, returning 0
#    Time: 4726560 ns  Iteration: 5  Instance: /tb/MyRiscv/u_regfile/MUXA
# ** Warning: NUMERIC_STD.TO_INTEGER: metavalue detected, returning 0
#    Time: 4726560 ns  Iteration: 5  Instance: /tb/MyRiscv/u_regfile/MUXB
# ** Warning: NUMERIC_STD.TO_INTEGER: metavalue detected, returning 0
#    Time: 4741620 ns  Iteration: 2  Instance: /tb/MyRiscv/u_regfile/MUXB
# ** Warning: NUMERIC_STD.TO_INTEGER: metavalue detected, returning 0
#    Time: 4741620 ns  Iteration: 2  Instance: /tb/MyRiscv/u_regfile/MUXA
# ** Warning: NUMERIC_STD.TO_INTEGER: metavalue detected, returning 0
#    Time: 4741660 ns  Iteration: 5  Instance: /tb/MyRiscv/u_regfile/MUXA
# ** Warning: NUMERIC_STD.TO_INTEGER: metavalue detected, returning 0
#    Time: 4741660 ns  Iteration: 5  Instance: /tb/MyRiscv/u_regfile/MUXB
# ** Warning: NUMERIC_STD.TO_INTEGER: metavalue detected, returning 0
#    Time: 4756720 ns  Iteration: 2  Instance: /tb/MyRiscv/u_regfile/MUXB
# ** Warning: NUMERIC_STD.TO_INTEGER: metavalue detected, returning 0
#    Time: 4756720 ns  Iteration: 2  Instance: /tb/MyRiscv/u_regfile/MUXA
# ** Warning: NUMERIC_STD.TO_INTEGER: metavalue detected, returning 0
#    Time: 4756760 ns  Iteration: 5  Instance: /tb/MyRiscv/u_regfile/MUXA
# ** Warning: NUMERIC_STD.TO_INTEGER: metavalue detected, returning 0
#    Time: 4756760 ns  Iteration: 5  Instance: /tb/MyRiscv/u_regfile/MUXB
# ** Warning: NUMERIC_STD.TO_INTEGER: metavalue detected, returning 0
#    Time: 4771820 ns  Iteration: 2  Instance: /tb/MyRiscv/u_regfile/MUXB
# ** Warning: NUMERIC_STD.TO_INTEGER: metavalue detected, returning 0
#    Time: 4771820 ns  Iteration: 2  Instance: /tb/MyRiscv/u_regfile/MUXA
# ** Warning: NUMERIC_STD.TO_INTEGER: metavalue detected, returning 0
#    Time: 4771860 ns  Iteration: 5  Instance: /tb/MyRiscv/u_regfile/MUXA
# ** Warning: NUMERIC_STD.TO_INTEGER: metavalue detected, returning 0
#    Time: 4771860 ns  Iteration: 5  Instance: /tb/MyRiscv/u_regfile/MUXB
# ** Warning: NUMERIC_STD.TO_INTEGER: metavalue detected, returning 0
#    Time: 4786920 ns  Iteration: 2  Instance: /tb/MyRiscv/u_regfile/MUXB
# ** Warning: NUMERIC_STD.TO_INTEGER: metavalue detected, returning 0
#    Time: 4786920 ns  Iteration: 2  Instance: /tb/MyRiscv/u_regfile/MUXA
# ** Warning: NUMERIC_STD.TO_INTEGER: metavalue detected, returning 0
#    Time: 4786960 ns  Iteration: 5  Instance: /tb/MyRiscv/u_regfile/MUXA
# ** Warning: NUMERIC_STD.TO_INTEGER: metavalue detected, returning 0
#    Time: 4786960 ns  Iteration: 5  Instance: /tb/MyRiscv/u_regfile/MUXB
# ** Warning: NUMERIC_STD.TO_INTEGER: metavalue detected, returning 0
#    Time: 4802020 ns  Iteration: 2  Instance: /tb/MyRiscv/u_regfile/MUXB
# ** Warning: NUMERIC_STD.TO_INTEGER: metavalue detected, returning 0
#    Time: 4802020 ns  Iteration: 2  Instance: /tb/MyRiscv/u_regfile/MUXA
# ** Warning: NUMERIC_STD.TO_INTEGER: metavalue detected, returning 0
#    Time: 4802060 ns  Iteration: 5  Instance: /tb/MyRiscv/u_regfile/MUXA
# ** Warning: NUMERIC_STD.TO_INTEGER: metavalue detected, returning 0
#    Time: 4802060 ns  Iteration: 5  Instance: /tb/MyRiscv/u_regfile/MUXB
# ** Warning: NUMERIC_STD.TO_INTEGER: metavalue detected, returning 0
#    Time: 4817120 ns  Iteration: 2  Instance: /tb/MyRiscv/u_regfile/MUXB
# ** Warning: NUMERIC_STD.TO_INTEGER: metavalue detected, returning 0
#    Time: 4817120 ns  Iteration: 2  Instance: /tb/MyRiscv/u_regfile/MUXA
# ** Warning: NUMERIC_STD.TO_INTEGER: metavalue detected, returning 0
#    Time: 4817160 ns  Iteration: 5  Instance: /tb/MyRiscv/u_regfile/MUXA
# ** Warning: NUMERIC_STD.TO_INTEGER: metavalue detected, returning 0
#    Time: 4817160 ns  Iteration: 5  Instance: /tb/MyRiscv/u_regfile/MUXB
# ** Warning: NUMERIC_STD.TO_INTEGER: metavalue detected, returning 0
#    Time: 4832220 ns  Iteration: 2  Instance: /tb/MyRiscv/u_regfile/MUXB
# ** Warning: NUMERIC_STD.TO_INTEGER: metavalue detected, returning 0
#    Time: 4832220 ns  Iteration: 2  Instance: /tb/MyRiscv/u_regfile/MUXA
# ** Warning: NUMERIC_STD.TO_INTEGER: metavalue detected, returning 0
#    Time: 4832260 ns  Iteration: 5  Instance: /tb/MyRiscv/u_regfile/MUXA
# ** Warning: NUMERIC_STD.TO_INTEGER: metavalue detected, returning 0
#    Time: 4832260 ns  Iteration: 5  Instance: /tb/MyRiscv/u_regfile/MUXB
# ** Warning: NUMERIC_STD.TO_INTEGER: metavalue detected, returning 0
#    Time: 4847320 ns  Iteration: 2  Instance: /tb/MyRiscv/u_regfile/MUXB
# ** Warning: NUMERIC_STD.TO_INTEGER: metavalue detected, returning 0
#    Time: 4847320 ns  Iteration: 2  Instance: /tb/MyRiscv/u_regfile/MUXA
# ** Warning: NUMERIC_STD.TO_INTEGER: metavalue detected, returning 0
#    Time: 4847360 ns  Iteration: 5  Instance: /tb/MyRiscv/u_regfile/MUXA
# ** Warning: NUMERIC_STD.TO_INTEGER: metavalue detected, returning 0
#    Time: 4847360 ns  Iteration: 5  Instance: /tb/MyRiscv/u_regfile/MUXB
# ** Warning: NUMERIC_STD.TO_INTEGER: metavalue detected, returning 0
#    Time: 4862420 ns  Iteration: 2  Instance: /tb/MyRiscv/u_regfile/MUXB
# ** Warning: NUMERIC_STD.TO_INTEGER: metavalue detected, returning 0
#    Time: 4862420 ns  Iteration: 2  Instance: /tb/MyRiscv/u_regfile/MUXA
# ** Warning: NUMERIC_STD.TO_INTEGER: metavalue detected, returning 0
#    Time: 4862460 ns  Iteration: 5  Instance: /tb/MyRiscv/u_regfile/MUXA
# ** Warning: NUMERIC_STD.TO_INTEGER: metavalue detected, returning 0
#    Time: 4862460 ns  Iteration: 5  Instance: /tb/MyRiscv/u_regfile/MUXB
# ** Warning: NUMERIC_STD.TO_INTEGER: metavalue detected, returning 0
#    Time: 4877520 ns  Iteration: 2  Instance: /tb/MyRiscv/u_regfile/MUXB
# ** Warning: NUMERIC_STD.TO_INTEGER: metavalue detected, returning 0
#    Time: 4877520 ns  Iteration: 2  Instance: /tb/MyRiscv/u_regfile/MUXA
# ** Warning: NUMERIC_STD.TO_INTEGER: metavalue detected, returning 0
#    Time: 4877560 ns  Iteration: 5  Instance: /tb/MyRiscv/u_regfile/MUXA
# ** Warning: NUMERIC_STD.TO_INTEGER: metavalue detected, returning 0
#    Time: 4877560 ns  Iteration: 5  Instance: /tb/MyRiscv/u_regfile/MUXB
# ** Warning: NUMERIC_STD.TO_INTEGER: metavalue detected, returning 0
#    Time: 4892620 ns  Iteration: 2  Instance: /tb/MyRiscv/u_regfile/MUXB
# ** Warning: NUMERIC_STD.TO_INTEGER: metavalue detected, returning 0
#    Time: 4892620 ns  Iteration: 2  Instance: /tb/MyRiscv/u_regfile/MUXA
# ** Warning: NUMERIC_STD.TO_INTEGER: metavalue detected, returning 0
#    Time: 4892660 ns  Iteration: 5  Instance: /tb/MyRiscv/u_regfile/MUXA
# ** Warning: NUMERIC_STD.TO_INTEGER: metavalue detected, returning 0
#    Time: 4892660 ns  Iteration: 5  Instance: /tb/MyRiscv/u_regfile/MUXB
# ** Warning: NUMERIC_STD.TO_INTEGER: metavalue detected, returning 0
#    Time: 4907720 ns  Iteration: 2  Instance: /tb/MyRiscv/u_regfile/MUXB
# ** Warning: NUMERIC_STD.TO_INTEGER: metavalue detected, returning 0
#    Time: 4907720 ns  Iteration: 2  Instance: /tb/MyRiscv/u_regfile/MUXA
# ** Warning: NUMERIC_STD.TO_INTEGER: metavalue detected, returning 0
#    Time: 4907760 ns  Iteration: 5  Instance: /tb/MyRiscv/u_regfile/MUXA
# ** Warning: NUMERIC_STD.TO_INTEGER: metavalue detected, returning 0
#    Time: 4907760 ns  Iteration: 5  Instance: /tb/MyRiscv/u_regfile/MUXB
# ** Warning: NUMERIC_STD.TO_INTEGER: metavalue detected, returning 0
#    Time: 4922820 ns  Iteration: 2  Instance: /tb/MyRiscv/u_regfile/MUXB
# ** Warning: NUMERIC_STD.TO_INTEGER: metavalue detected, returning 0
#    Time: 4922820 ns  Iteration: 2  Instance: /tb/MyRiscv/u_regfile/MUXA
# ** Warning: NUMERIC_STD.TO_INTEGER: metavalue detected, returning 0
#    Time: 4922860 ns  Iteration: 5  Instance: /tb/MyRiscv/u_regfile/MUXA
# ** Warning: NUMERIC_STD.TO_INTEGER: metavalue detected, returning 0
#    Time: 4922860 ns  Iteration: 5  Instance: /tb/MyRiscv/u_regfile/MUXB
# ** Warning: NUMERIC_STD.TO_INTEGER: metavalue detected, returning 0
#    Time: 4937920 ns  Iteration: 2  Instance: /tb/MyRiscv/u_regfile/MUXB
# ** Warning: NUMERIC_STD.TO_INTEGER: metavalue detected, returning 0
#    Time: 4937920 ns  Iteration: 2  Instance: /tb/MyRiscv/u_regfile/MUXA
# ** Warning: NUMERIC_STD.TO_INTEGER: metavalue detected, returning 0
#    Time: 4937960 ns  Iteration: 5  Instance: /tb/MyRiscv/u_regfile/MUXA
# ** Warning: NUMERIC_STD.TO_INTEGER: metavalue detected, returning 0
#    Time: 4937960 ns  Iteration: 5  Instance: /tb/MyRiscv/u_regfile/MUXB
# ** Warning: NUMERIC_STD.TO_INTEGER: metavalue detected, returning 0
#    Time: 4953020 ns  Iteration: 2  Instance: /tb/MyRiscv/u_regfile/MUXB
# ** Warning: NUMERIC_STD.TO_INTEGER: metavalue detected, returning 0
#    Time: 4953020 ns  Iteration: 2  Instance: /tb/MyRiscv/u_regfile/MUXA
# ** Warning: NUMERIC_STD.TO_INTEGER: metavalue detected, returning 0
#    Time: 4953060 ns  Iteration: 5  Instance: /tb/MyRiscv/u_regfile/MUXA
# ** Warning: NUMERIC_STD.TO_INTEGER: metavalue detected, returning 0
#    Time: 4953060 ns  Iteration: 5  Instance: /tb/MyRiscv/u_regfile/MUXB
# ** Warning: NUMERIC_STD.TO_INTEGER: metavalue detected, returning 0
#    Time: 4968120 ns  Iteration: 2  Instance: /tb/MyRiscv/u_regfile/MUXB
# ** Warning: NUMERIC_STD.TO_INTEGER: metavalue detected, returning 0
#    Time: 4968120 ns  Iteration: 2  Instance: /tb/MyRiscv/u_regfile/MUXA
# ** Warning: NUMERIC_STD.TO_INTEGER: metavalue detected, returning 0
#    Time: 4968160 ns  Iteration: 5  Instance: /tb/MyRiscv/u_regfile/MUXA
# ** Warning: NUMERIC_STD.TO_INTEGER: metavalue detected, returning 0
#    Time: 4968160 ns  Iteration: 5  Instance: /tb/MyRiscv/u_regfile/MUXB
# ** Warning: NUMERIC_STD.TO_INTEGER: metavalue detected, returning 0
#    Time: 4983220 ns  Iteration: 2  Instance: /tb/MyRiscv/u_regfile/MUXB
# ** Warning: NUMERIC_STD.TO_INTEGER: metavalue detected, returning 0
#    Time: 4983220 ns  Iteration: 2  Instance: /tb/MyRiscv/u_regfile/MUXA
# ** Warning: NUMERIC_STD.TO_INTEGER: metavalue detected, returning 0
#    Time: 4983260 ns  Iteration: 5  Instance: /tb/MyRiscv/u_regfile/MUXA
# ** Warning: NUMERIC_STD.TO_INTEGER: metavalue detected, returning 0
#    Time: 4983260 ns  Iteration: 5  Instance: /tb/MyRiscv/u_regfile/MUXB
# ** Warning: NUMERIC_STD.TO_INTEGER: metavalue detected, returning 0
#    Time: 4998320 ns  Iteration: 2  Instance: /tb/MyRiscv/u_regfile/MUXB
# ** Warning: NUMERIC_STD.TO_INTEGER: metavalue detected, returning 0
#    Time: 4998320 ns  Iteration: 2  Instance: /tb/MyRiscv/u_regfile/MUXA
# ** Warning: NUMERIC_STD.TO_INTEGER: metavalue detected, returning 0
#    Time: 4998360 ns  Iteration: 5  Instance: /tb/MyRiscv/u_regfile/MUXA
# ** Warning: NUMERIC_STD.TO_INTEGER: metavalue detected, returning 0
#    Time: 4998360 ns  Iteration: 5  Instance: /tb/MyRiscv/u_regfile/MUXB
# ** Warning: NUMERIC_STD.TO_INTEGER: metavalue detected, returning 0
#    Time: 5013420 ns  Iteration: 2  Instance: /tb/MyRiscv/u_regfile/MUXB
# ** Warning: NUMERIC_STD.TO_INTEGER: metavalue detected, returning 0
#    Time: 5013420 ns  Iteration: 2  Instance: /tb/MyRiscv/u_regfile/MUXA
# ** Warning: NUMERIC_STD.TO_INTEGER: metavalue detected, returning 0
#    Time: 5013460 ns  Iteration: 5  Instance: /tb/MyRiscv/u_regfile/MUXA
# ** Warning: NUMERIC_STD.TO_INTEGER: metavalue detected, returning 0
#    Time: 5013460 ns  Iteration: 5  Instance: /tb/MyRiscv/u_regfile/MUXB
# ** Warning: NUMERIC_STD.TO_INTEGER: metavalue detected, returning 0
#    Time: 5028520 ns  Iteration: 2  Instance: /tb/MyRiscv/u_regfile/MUXB
# ** Warning: NUMERIC_STD.TO_INTEGER: metavalue detected, returning 0
#    Time: 5028520 ns  Iteration: 2  Instance: /tb/MyRiscv/u_regfile/MUXA
# ** Warning: NUMERIC_STD.TO_INTEGER: metavalue detected, returning 0
#    Time: 5028560 ns  Iteration: 5  Instance: /tb/MyRiscv/u_regfile/MUXA
# ** Warning: NUMERIC_STD.TO_INTEGER: metavalue detected, returning 0
#    Time: 5028560 ns  Iteration: 5  Instance: /tb/MyRiscv/u_regfile/MUXB
# ** Warning: NUMERIC_STD.TO_INTEGER: metavalue detected, returning 0
#    Time: 5043620 ns  Iteration: 2  Instance: /tb/MyRiscv/u_regfile/MUXB
# ** Warning: NUMERIC_STD.TO_INTEGER: metavalue detected, returning 0
#    Time: 5043620 ns  Iteration: 2  Instance: /tb/MyRiscv/u_regfile/MUXA
# ** Warning: NUMERIC_STD.TO_INTEGER: metavalue detected, returning 0
#    Time: 5043660 ns  Iteration: 5  Instance: /tb/MyRiscv/u_regfile/MUXA
# ** Warning: NUMERIC_STD.TO_INTEGER: metavalue detected, returning 0
#    Time: 5043660 ns  Iteration: 5  Instance: /tb/MyRiscv/u_regfile/MUXB
# ** Warning: NUMERIC_STD.TO_INTEGER: metavalue detected, returning 0
#    Time: 5058720 ns  Iteration: 2  Instance: /tb/MyRiscv/u_regfile/MUXB
# ** Warning: NUMERIC_STD.TO_INTEGER: metavalue detected, returning 0
#    Time: 5058720 ns  Iteration: 2  Instance: /tb/MyRiscv/u_regfile/MUXA
# ** Warning: NUMERIC_STD.TO_INTEGER: metavalue detected, returning 0
#    Time: 5058760 ns  Iteration: 5  Instance: /tb/MyRiscv/u_regfile/MUXA
# ** Warning: NUMERIC_STD.TO_INTEGER: metavalue detected, returning 0
#    Time: 5058760 ns  Iteration: 5  Instance: /tb/MyRiscv/u_regfile/MUXB
# ** Warning: NUMERIC_STD.TO_INTEGER: metavalue detected, returning 0
#    Time: 5073820 ns  Iteration: 2  Instance: /tb/MyRiscv/u_regfile/MUXB
# ** Warning: NUMERIC_STD.TO_INTEGER: metavalue detected, returning 0
#    Time: 5073820 ns  Iteration: 2  Instance: /tb/MyRiscv/u_regfile/MUXA
# ** Warning: NUMERIC_STD.TO_INTEGER: metavalue detected, returning 0
#    Time: 5073860 ns  Iteration: 5  Instance: /tb/MyRiscv/u_regfile/MUXA
# ** Warning: NUMERIC_STD.TO_INTEGER: metavalue detected, returning 0
#    Time: 5073860 ns  Iteration: 5  Instance: /tb/MyRiscv/u_regfile/MUXB
# ** Warning: NUMERIC_STD.TO_INTEGER: metavalue detected, returning 0
#    Time: 5088920 ns  Iteration: 2  Instance: /tb/MyRiscv/u_regfile/MUXB
# ** Warning: NUMERIC_STD.TO_INTEGER: metavalue detected, returning 0
#    Time: 5088920 ns  Iteration: 2  Instance: /tb/MyRiscv/u_regfile/MUXA
# ** Warning: NUMERIC_STD.TO_INTEGER: metavalue detected, returning 0
#    Time: 5088960 ns  Iteration: 5  Instance: /tb/MyRiscv/u_regfile/MUXA
# ** Warning: NUMERIC_STD.TO_INTEGER: metavalue detected, returning 0
#    Time: 5088960 ns  Iteration: 5  Instance: /tb/MyRiscv/u_regfile/MUXB
# ** Warning: NUMERIC_STD.TO_INTEGER: metavalue detected, returning 0
#    Time: 5104020 ns  Iteration: 2  Instance: /tb/MyRiscv/u_regfile/MUXB
# ** Warning: NUMERIC_STD.TO_INTEGER: metavalue detected, returning 0
#    Time: 5104020 ns  Iteration: 2  Instance: /tb/MyRiscv/u_regfile/MUXA
# ** Warning: NUMERIC_STD.TO_INTEGER: metavalue detected, returning 0
#    Time: 5104060 ns  Iteration: 5  Instance: /tb/MyRiscv/u_regfile/MUXA
# ** Warning: NUMERIC_STD.TO_INTEGER: metavalue detected, returning 0
#    Time: 5104060 ns  Iteration: 5  Instance: /tb/MyRiscv/u_regfile/MUXB
# ** Warning: NUMERIC_STD.TO_INTEGER: metavalue detected, returning 0
#    Time: 5119120 ns  Iteration: 2  Instance: /tb/MyRiscv/u_regfile/MUXB
# ** Warning: NUMERIC_STD.TO_INTEGER: metavalue detected, returning 0
#    Time: 5119120 ns  Iteration: 2  Instance: /tb/MyRiscv/u_regfile/MUXA
# ** Warning: NUMERIC_STD.TO_INTEGER: metavalue detected, returning 0
#    Time: 5119160 ns  Iteration: 5  Instance: /tb/MyRiscv/u_regfile/MUXA
# ** Warning: NUMERIC_STD.TO_INTEGER: metavalue detected, returning 0
#    Time: 5119160 ns  Iteration: 5  Instance: /tb/MyRiscv/u_regfile/MUXB
# ** Warning: NUMERIC_STD.TO_INTEGER: metavalue detected, returning 0
#    Time: 5134220 ns  Iteration: 2  Instance: /tb/MyRiscv/u_regfile/MUXB
# ** Warning: NUMERIC_STD.TO_INTEGER: metavalue detected, returning 0
#    Time: 5134220 ns  Iteration: 2  Instance: /tb/MyRiscv/u_regfile/MUXA
# ** Warning: NUMERIC_STD.TO_INTEGER: metavalue detected, returning 0
#    Time: 5134260 ns  Iteration: 5  Instance: /tb/MyRiscv/u_regfile/MUXA
# ** Warning: NUMERIC_STD.TO_INTEGER: metavalue detected, returning 0
#    Time: 5134260 ns  Iteration: 5  Instance: /tb/MyRiscv/u_regfile/MUXB
# ** Warning: NUMERIC_STD.TO_INTEGER: metavalue detected, returning 0
#    Time: 5149320 ns  Iteration: 2  Instance: /tb/MyRiscv/u_regfile/MUXB
# ** Warning: NUMERIC_STD.TO_INTEGER: metavalue detected, returning 0
#    Time: 5149320 ns  Iteration: 2  Instance: /tb/MyRiscv/u_regfile/MUXA
# ** Warning: NUMERIC_STD.TO_INTEGER: metavalue detected, returning 0
#    Time: 5149360 ns  Iteration: 5  Instance: /tb/MyRiscv/u_regfile/MUXA
# ** Warning: NUMERIC_STD.TO_INTEGER: metavalue detected, returning 0
#    Time: 5149360 ns  Iteration: 5  Instance: /tb/MyRiscv/u_regfile/MUXB
# ** Warning: NUMERIC_STD.TO_INTEGER: metavalue detected, returning 0
#    Time: 5164420 ns  Iteration: 2  Instance: /tb/MyRiscv/u_regfile/MUXB
# ** Warning: NUMERIC_STD.TO_INTEGER: metavalue detected, returning 0
#    Time: 5164420 ns  Iteration: 2  Instance: /tb/MyRiscv/u_regfile/MUXA
# ** Warning: NUMERIC_STD.TO_INTEGER: metavalue detected, returning 0
#    Time: 5164460 ns  Iteration: 5  Instance: /tb/MyRiscv/u_regfile/MUXA
# ** Warning: NUMERIC_STD.TO_INTEGER: metavalue detected, returning 0
#    Time: 5164460 ns  Iteration: 5  Instance: /tb/MyRiscv/u_regfile/MUXB
# ** Warning: NUMERIC_STD.TO_INTEGER: metavalue detected, returning 0
#    Time: 5179520 ns  Iteration: 2  Instance: /tb/MyRiscv/u_regfile/MUXB
# ** Warning: NUMERIC_STD.TO_INTEGER: metavalue detected, returning 0
#    Time: 5179520 ns  Iteration: 2  Instance: /tb/MyRiscv/u_regfile/MUXA
# ** Warning: NUMERIC_STD.TO_INTEGER: metavalue detected, returning 0
#    Time: 5179560 ns  Iteration: 5  Instance: /tb/MyRiscv/u_regfile/MUXA
# ** Warning: NUMERIC_STD.TO_INTEGER: metavalue detected, returning 0
#    Time: 5179560 ns  Iteration: 5  Instance: /tb/MyRiscv/u_regfile/MUXB
# ** Warning: NUMERIC_STD.TO_INTEGER: metavalue detected, returning 0
#    Time: 5194620 ns  Iteration: 2  Instance: /tb/MyRiscv/u_regfile/MUXB
# ** Warning: NUMERIC_STD.TO_INTEGER: metavalue detected, returning 0
#    Time: 5194620 ns  Iteration: 2  Instance: /tb/MyRiscv/u_regfile/MUXA
# ** Warning: NUMERIC_STD.TO_INTEGER: metavalue detected, returning 0
#    Time: 5194660 ns  Iteration: 5  Instance: /tb/MyRiscv/u_regfile/MUXA
# ** Warning: NUMERIC_STD.TO_INTEGER: metavalue detected, returning 0
#    Time: 5194660 ns  Iteration: 5  Instance: /tb/MyRiscv/u_regfile/MUXB
# ** Warning: NUMERIC_STD.TO_INTEGER: metavalue detected, returning 0
#    Time: 5209720 ns  Iteration: 2  Instance: /tb/MyRiscv/u_regfile/MUXB
# ** Warning: NUMERIC_STD.TO_INTEGER: metavalue detected, returning 0
#    Time: 5209720 ns  Iteration: 2  Instance: /tb/MyRiscv/u_regfile/MUXA
# ** Warning: NUMERIC_STD.TO_INTEGER: metavalue detected, returning 0
#    Time: 5209760 ns  Iteration: 5  Instance: /tb/MyRiscv/u_regfile/MUXA
# ** Warning: NUMERIC_STD.TO_INTEGER: metavalue detected, returning 0
#    Time: 5209760 ns  Iteration: 5  Instance: /tb/MyRiscv/u_regfile/MUXB
# ** Warning: NUMERIC_STD.TO_INTEGER: metavalue detected, returning 0
#    Time: 5224820 ns  Iteration: 2  Instance: /tb/MyRiscv/u_regfile/MUXB
# ** Warning: NUMERIC_STD.TO_INTEGER: metavalue detected, returning 0
#    Time: 5224820 ns  Iteration: 2  Instance: /tb/MyRiscv/u_regfile/MUXA
# ** Warning: NUMERIC_STD.TO_INTEGER: metavalue detected, returning 0
#    Time: 5224860 ns  Iteration: 5  Instance: /tb/MyRiscv/u_regfile/MUXA
# ** Warning: NUMERIC_STD.TO_INTEGER: metavalue detected, returning 0
#    Time: 5224860 ns  Iteration: 5  Instance: /tb/MyRiscv/u_regfile/MUXB
# ** Warning: NUMERIC_STD.TO_INTEGER: metavalue detected, returning 0
#    Time: 5239920 ns  Iteration: 2  Instance: /tb/MyRiscv/u_regfile/MUXB
# ** Warning: NUMERIC_STD.TO_INTEGER: metavalue detected, returning 0
#    Time: 5239920 ns  Iteration: 2  Instance: /tb/MyRiscv/u_regfile/MUXA
# ** Warning: NUMERIC_STD.TO_INTEGER: metavalue detected, returning 0
#    Time: 5239960 ns  Iteration: 5  Instance: /tb/MyRiscv/u_regfile/MUXA
# ** Warning: NUMERIC_STD.TO_INTEGER: metavalue detected, returning 0
#    Time: 5239960 ns  Iteration: 5  Instance: /tb/MyRiscv/u_regfile/MUXB
# ** Warning: NUMERIC_STD.TO_INTEGER: metavalue detected, returning 0
#    Time: 5255020 ns  Iteration: 2  Instance: /tb/MyRiscv/u_regfile/MUXB
# ** Warning: NUMERIC_STD.TO_INTEGER: metavalue detected, returning 0
#    Time: 5255020 ns  Iteration: 2  Instance: /tb/MyRiscv/u_regfile/MUXA
# ** Warning: NUMERIC_STD.TO_INTEGER: metavalue detected, returning 0
#    Time: 5255060 ns  Iteration: 5  Instance: /tb/MyRiscv/u_regfile/MUXA
# ** Warning: NUMERIC_STD.TO_INTEGER: metavalue detected, returning 0
#    Time: 5255060 ns  Iteration: 5  Instance: /tb/MyRiscv/u_regfile/MUXB
# ** Warning: NUMERIC_STD.TO_INTEGER: metavalue detected, returning 0
#    Time: 5270120 ns  Iteration: 2  Instance: /tb/MyRiscv/u_regfile/MUXB
# ** Warning: NUMERIC_STD.TO_INTEGER: metavalue detected, returning 0
#    Time: 5270120 ns  Iteration: 2  Instance: /tb/MyRiscv/u_regfile/MUXA
# ** Warning: NUMERIC_STD.TO_INTEGER: metavalue detected, returning 0
#    Time: 5270160 ns  Iteration: 5  Instance: /tb/MyRiscv/u_regfile/MUXA
# ** Warning: NUMERIC_STD.TO_INTEGER: metavalue detected, returning 0
#    Time: 5270160 ns  Iteration: 5  Instance: /tb/MyRiscv/u_regfile/MUXB
# ** Warning: NUMERIC_STD.TO_INTEGER: metavalue detected, returning 0
#    Time: 5285220 ns  Iteration: 2  Instance: /tb/MyRiscv/u_regfile/MUXB
# ** Warning: NUMERIC_STD.TO_INTEGER: metavalue detected, returning 0
#    Time: 5285220 ns  Iteration: 2  Instance: /tb/MyRiscv/u_regfile/MUXA
# ** Warning: NUMERIC_STD.TO_INTEGER: metavalue detected, returning 0
#    Time: 5285260 ns  Iteration: 5  Instance: /tb/MyRiscv/u_regfile/MUXA
# ** Warning: NUMERIC_STD.TO_INTEGER: metavalue detected, returning 0
#    Time: 5285260 ns  Iteration: 5  Instance: /tb/MyRiscv/u_regfile/MUXB
# ** Warning: NUMERIC_STD.TO_INTEGER: metavalue detected, returning 0
#    Time: 5300320 ns  Iteration: 2  Instance: /tb/MyRiscv/u_regfile/MUXB
# ** Warning: NUMERIC_STD.TO_INTEGER: metavalue detected, returning 0
#    Time: 5300320 ns  Iteration: 2  Instance: /tb/MyRiscv/u_regfile/MUXA
# ** Warning: NUMERIC_STD.TO_INTEGER: metavalue detected, returning 0
#    Time: 5300360 ns  Iteration: 5  Instance: /tb/MyRiscv/u_regfile/MUXA
# ** Warning: NUMERIC_STD.TO_INTEGER: metavalue detected, returning 0
#    Time: 5300360 ns  Iteration: 5  Instance: /tb/MyRiscv/u_regfile/MUXB
# ** Warning: NUMERIC_STD.TO_INTEGER: metavalue detected, returning 0
#    Time: 5315420 ns  Iteration: 2  Instance: /tb/MyRiscv/u_regfile/MUXB
# ** Warning: NUMERIC_STD.TO_INTEGER: metavalue detected, returning 0
#    Time: 5315420 ns  Iteration: 2  Instance: /tb/MyRiscv/u_regfile/MUXA
# ** Warning: NUMERIC_STD.TO_INTEGER: metavalue detected, returning 0
#    Time: 5315460 ns  Iteration: 5  Instance: /tb/MyRiscv/u_regfile/MUXA
# ** Warning: NUMERIC_STD.TO_INTEGER: metavalue detected, returning 0
#    Time: 5315460 ns  Iteration: 5  Instance: /tb/MyRiscv/u_regfile/MUXB
# ** Warning: NUMERIC_STD.TO_INTEGER: metavalue detected, returning 0
#    Time: 5330520 ns  Iteration: 2  Instance: /tb/MyRiscv/u_regfile/MUXB
# ** Warning: NUMERIC_STD.TO_INTEGER: metavalue detected, returning 0
#    Time: 5330520 ns  Iteration: 2  Instance: /tb/MyRiscv/u_regfile/MUXA
# ** Warning: NUMERIC_STD.TO_INTEGER: metavalue detected, returning 0
#    Time: 5330560 ns  Iteration: 5  Instance: /tb/MyRiscv/u_regfile/MUXA
# ** Warning: NUMERIC_STD.TO_INTEGER: metavalue detected, returning 0
#    Time: 5330560 ns  Iteration: 5  Instance: /tb/MyRiscv/u_regfile/MUXB
# ** Warning: NUMERIC_STD.TO_INTEGER: metavalue detected, returning 0
#    Time: 5345620 ns  Iteration: 2  Instance: /tb/MyRiscv/u_regfile/MUXB
# ** Warning: NUMERIC_STD.TO_INTEGER: metavalue detected, returning 0
#    Time: 5345620 ns  Iteration: 2  Instance: /tb/MyRiscv/u_regfile/MUXA
# ** Warning: NUMERIC_STD.TO_INTEGER: metavalue detected, returning 0
#    Time: 5345660 ns  Iteration: 5  Instance: /tb/MyRiscv/u_regfile/MUXA
# ** Warning: NUMERIC_STD.TO_INTEGER: metavalue detected, returning 0
#    Time: 5345660 ns  Iteration: 5  Instance: /tb/MyRiscv/u_regfile/MUXB
# ** Warning: NUMERIC_STD.TO_INTEGER: metavalue detected, returning 0
#    Time: 5360720 ns  Iteration: 2  Instance: /tb/MyRiscv/u_regfile/MUXB
# ** Warning: NUMERIC_STD.TO_INTEGER: metavalue detected, returning 0
#    Time: 5360720 ns  Iteration: 2  Instance: /tb/MyRiscv/u_regfile/MUXA
# ** Warning: NUMERIC_STD.TO_INTEGER: metavalue detected, returning 0
#    Time: 5360760 ns  Iteration: 5  Instance: /tb/MyRiscv/u_regfile/MUXA
# ** Warning: NUMERIC_STD.TO_INTEGER: metavalue detected, returning 0
#    Time: 5360760 ns  Iteration: 5  Instance: /tb/MyRiscv/u_regfile/MUXB
# ** Warning: NUMERIC_STD.TO_INTEGER: metavalue detected, returning 0
#    Time: 5375820 ns  Iteration: 2  Instance: /tb/MyRiscv/u_regfile/MUXB
# ** Warning: NUMERIC_STD.TO_INTEGER: metavalue detected, returning 0
#    Time: 5375820 ns  Iteration: 2  Instance: /tb/MyRiscv/u_regfile/MUXA
# ** Warning: NUMERIC_STD.TO_INTEGER: metavalue detected, returning 0
#    Time: 5375860 ns  Iteration: 5  Instance: /tb/MyRiscv/u_regfile/MUXA
# ** Warning: NUMERIC_STD.TO_INTEGER: metavalue detected, returning 0
#    Time: 5375860 ns  Iteration: 5  Instance: /tb/MyRiscv/u_regfile/MUXB
# ** Warning: NUMERIC_STD.TO_INTEGER: metavalue detected, returning 0
#    Time: 5390920 ns  Iteration: 2  Instance: /tb/MyRiscv/u_regfile/MUXB
# ** Warning: NUMERIC_STD.TO_INTEGER: metavalue detected, returning 0
#    Time: 5390920 ns  Iteration: 2  Instance: /tb/MyRiscv/u_regfile/MUXA
# ** Warning: NUMERIC_STD.TO_INTEGER: metavalue detected, returning 0
#    Time: 5390960 ns  Iteration: 5  Instance: /tb/MyRiscv/u_regfile/MUXA
# ** Warning: NUMERIC_STD.TO_INTEGER: metavalue detected, returning 0
#    Time: 5390960 ns  Iteration: 5  Instance: /tb/MyRiscv/u_regfile/MUXB
# ** Warning: NUMERIC_STD.TO_INTEGER: metavalue detected, returning 0
#    Time: 5406020 ns  Iteration: 2  Instance: /tb/MyRiscv/u_regfile/MUXB
# ** Warning: NUMERIC_STD.TO_INTEGER: metavalue detected, returning 0
#    Time: 5406020 ns  Iteration: 2  Instance: /tb/MyRiscv/u_regfile/MUXA
# ** Warning: NUMERIC_STD.TO_INTEGER: metavalue detected, returning 0
#    Time: 5406060 ns  Iteration: 5  Instance: /tb/MyRiscv/u_regfile/MUXA
# ** Warning: NUMERIC_STD.TO_INTEGER: metavalue detected, returning 0
#    Time: 5406060 ns  Iteration: 5  Instance: /tb/MyRiscv/u_regfile/MUXB
# ** Warning: NUMERIC_STD.TO_INTEGER: metavalue detected, returning 0
#    Time: 5421120 ns  Iteration: 2  Instance: /tb/MyRiscv/u_regfile/MUXB
# ** Warning: NUMERIC_STD.TO_INTEGER: metavalue detected, returning 0
#    Time: 5421120 ns  Iteration: 2  Instance: /tb/MyRiscv/u_regfile/MUXA
# ** Warning: NUMERIC_STD.TO_INTEGER: metavalue detected, returning 0
#    Time: 5421160 ns  Iteration: 5  Instance: /tb/MyRiscv/u_regfile/MUXA
# ** Warning: NUMERIC_STD.TO_INTEGER: metavalue detected, returning 0
#    Time: 5421160 ns  Iteration: 5  Instance: /tb/MyRiscv/u_regfile/MUXB
# ** Warning: NUMERIC_STD.TO_INTEGER: metavalue detected, returning 0
#    Time: 5436220 ns  Iteration: 2  Instance: /tb/MyRiscv/u_regfile/MUXB
# ** Warning: NUMERIC_STD.TO_INTEGER: metavalue detected, returning 0
#    Time: 5436220 ns  Iteration: 2  Instance: /tb/MyRiscv/u_regfile/MUXA
# ** Warning: NUMERIC_STD.TO_INTEGER: metavalue detected, returning 0
#    Time: 5436260 ns  Iteration: 5  Instance: /tb/MyRiscv/u_regfile/MUXA
# ** Warning: NUMERIC_STD.TO_INTEGER: metavalue detected, returning 0
#    Time: 5436260 ns  Iteration: 5  Instance: /tb/MyRiscv/u_regfile/MUXB
# ** Warning: NUMERIC_STD.TO_INTEGER: metavalue detected, returning 0
#    Time: 5451320 ns  Iteration: 2  Instance: /tb/MyRiscv/u_regfile/MUXB
# ** Warning: NUMERIC_STD.TO_INTEGER: metavalue detected, returning 0
#    Time: 5451320 ns  Iteration: 2  Instance: /tb/MyRiscv/u_regfile/MUXA
# ** Warning: NUMERIC_STD.TO_INTEGER: metavalue detected, returning 0
#    Time: 5451360 ns  Iteration: 5  Instance: /tb/MyRiscv/u_regfile/MUXA
# ** Warning: NUMERIC_STD.TO_INTEGER: metavalue detected, returning 0
#    Time: 5451360 ns  Iteration: 5  Instance: /tb/MyRiscv/u_regfile/MUXB
# ** Warning: NUMERIC_STD.TO_INTEGER: metavalue detected, returning 0
#    Time: 5466420 ns  Iteration: 2  Instance: /tb/MyRiscv/u_regfile/MUXB
# ** Warning: NUMERIC_STD.TO_INTEGER: metavalue detected, returning 0
#    Time: 5466420 ns  Iteration: 2  Instance: /tb/MyRiscv/u_regfile/MUXA
# ** Warning: NUMERIC_STD.TO_INTEGER: metavalue detected, returning 0
#    Time: 5466460 ns  Iteration: 5  Instance: /tb/MyRiscv/u_regfile/MUXA
# ** Warning: NUMERIC_STD.TO_INTEGER: metavalue detected, returning 0
#    Time: 5466460 ns  Iteration: 5  Instance: /tb/MyRiscv/u_regfile/MUXB
# ** Warning: NUMERIC_STD.TO_INTEGER: metavalue detected, returning 0
#    Time: 5481520 ns  Iteration: 2  Instance: /tb/MyRiscv/u_regfile/MUXB
# ** Warning: NUMERIC_STD.TO_INTEGER: metavalue detected, returning 0
#    Time: 5481520 ns  Iteration: 2  Instance: /tb/MyRiscv/u_regfile/MUXA
# ** Warning: NUMERIC_STD.TO_INTEGER: metavalue detected, returning 0
#    Time: 5481560 ns  Iteration: 5  Instance: /tb/MyRiscv/u_regfile/MUXA
# ** Warning: NUMERIC_STD.TO_INTEGER: metavalue detected, returning 0
#    Time: 5481560 ns  Iteration: 5  Instance: /tb/MyRiscv/u_regfile/MUXB
# ** Warning: NUMERIC_STD.TO_INTEGER: metavalue detected, returning 0
#    Time: 5496620 ns  Iteration: 2  Instance: /tb/MyRiscv/u_regfile/MUXB
# ** Warning: NUMERIC_STD.TO_INTEGER: metavalue detected, returning 0
#    Time: 5496620 ns  Iteration: 2  Instance: /tb/MyRiscv/u_regfile/MUXA
# ** Warning: NUMERIC_STD.TO_INTEGER: metavalue detected, returning 0
#    Time: 5496660 ns  Iteration: 5  Instance: /tb/MyRiscv/u_regfile/MUXA
# ** Warning: NUMERIC_STD.TO_INTEGER: metavalue detected, returning 0
#    Time: 5496660 ns  Iteration: 5  Instance: /tb/MyRiscv/u_regfile/MUXB
# ** Warning: NUMERIC_STD.TO_INTEGER: metavalue detected, returning 0
#    Time: 5511720 ns  Iteration: 2  Instance: /tb/MyRiscv/u_regfile/MUXB
# ** Warning: NUMERIC_STD.TO_INTEGER: metavalue detected, returning 0
#    Time: 5511720 ns  Iteration: 2  Instance: /tb/MyRiscv/u_regfile/MUXA
# ** Warning: NUMERIC_STD.TO_INTEGER: metavalue detected, returning 0
#    Time: 5511760 ns  Iteration: 5  Instance: /tb/MyRiscv/u_regfile/MUXA
# ** Warning: NUMERIC_STD.TO_INTEGER: metavalue detected, returning 0
#    Time: 5511760 ns  Iteration: 5  Instance: /tb/MyRiscv/u_regfile/MUXB
# ** Warning: NUMERIC_STD.TO_INTEGER: metavalue detected, returning 0
#    Time: 5526820 ns  Iteration: 2  Instance: /tb/MyRiscv/u_regfile/MUXB
# ** Warning: NUMERIC_STD.TO_INTEGER: metavalue detected, returning 0
#    Time: 5526820 ns  Iteration: 2  Instance: /tb/MyRiscv/u_regfile/MUXA
# ** Warning: NUMERIC_STD.TO_INTEGER: metavalue detected, returning 0
#    Time: 5526860 ns  Iteration: 5  Instance: /tb/MyRiscv/u_regfile/MUXA
# ** Warning: NUMERIC_STD.TO_INTEGER: metavalue detected, returning 0
#    Time: 5526860 ns  Iteration: 5  Instance: /tb/MyRiscv/u_regfile/MUXB
# ** Warning: NUMERIC_STD.TO_INTEGER: metavalue detected, returning 0
#    Time: 5541920 ns  Iteration: 2  Instance: /tb/MyRiscv/u_regfile/MUXB
# ** Warning: NUMERIC_STD.TO_INTEGER: metavalue detected, returning 0
#    Time: 5541920 ns  Iteration: 2  Instance: /tb/MyRiscv/u_regfile/MUXA
# ** Warning: NUMERIC_STD.TO_INTEGER: metavalue detected, returning 0
#    Time: 5541960 ns  Iteration: 5  Instance: /tb/MyRiscv/u_regfile/MUXA
# ** Warning: NUMERIC_STD.TO_INTEGER: metavalue detected, returning 0
#    Time: 5541960 ns  Iteration: 5  Instance: /tb/MyRiscv/u_regfile/MUXB
# ** Warning: NUMERIC_STD.TO_INTEGER: metavalue detected, returning 0
#    Time: 5557020 ns  Iteration: 2  Instance: /tb/MyRiscv/u_regfile/MUXB
# ** Warning: NUMERIC_STD.TO_INTEGER: metavalue detected, returning 0
#    Time: 5557020 ns  Iteration: 2  Instance: /tb/MyRiscv/u_regfile/MUXA
# ** Warning: NUMERIC_STD.TO_INTEGER: metavalue detected, returning 0
#    Time: 5557060 ns  Iteration: 5  Instance: /tb/MyRiscv/u_regfile/MUXA
# ** Warning: NUMERIC_STD.TO_INTEGER: metavalue detected, returning 0
#    Time: 5557060 ns  Iteration: 5  Instance: /tb/MyRiscv/u_regfile/MUXB
# ** Warning: NUMERIC_STD.TO_INTEGER: metavalue detected, returning 0
#    Time: 5572120 ns  Iteration: 2  Instance: /tb/MyRiscv/u_regfile/MUXB
# ** Warning: NUMERIC_STD.TO_INTEGER: metavalue detected, returning 0
#    Time: 5572120 ns  Iteration: 2  Instance: /tb/MyRiscv/u_regfile/MUXA
# ** Warning: NUMERIC_STD.TO_INTEGER: metavalue detected, returning 0
#    Time: 5572160 ns  Iteration: 5  Instance: /tb/MyRiscv/u_regfile/MUXA
# ** Warning: NUMERIC_STD.TO_INTEGER: metavalue detected, returning 0
#    Time: 5572160 ns  Iteration: 5  Instance: /tb/MyRiscv/u_regfile/MUXB
# ** Warning: NUMERIC_STD.TO_INTEGER: metavalue detected, returning 0
#    Time: 5587220 ns  Iteration: 2  Instance: /tb/MyRiscv/u_regfile/MUXB
# ** Warning: NUMERIC_STD.TO_INTEGER: metavalue detected, returning 0
#    Time: 5587220 ns  Iteration: 2  Instance: /tb/MyRiscv/u_regfile/MUXA
# ** Warning: NUMERIC_STD.TO_INTEGER: metavalue detected, returning 0
#    Time: 5587260 ns  Iteration: 5  Instance: /tb/MyRiscv/u_regfile/MUXA
# ** Warning: NUMERIC_STD.TO_INTEGER: metavalue detected, returning 0
#    Time: 5587260 ns  Iteration: 5  Instance: /tb/MyRiscv/u_regfile/MUXB
# ** Warning: NUMERIC_STD.TO_INTEGER: metavalue detected, returning 0
#    Time: 5602320 ns  Iteration: 2  Instance: /tb/MyRiscv/u_regfile/MUXB
# ** Warning: NUMERIC_STD.TO_INTEGER: metavalue detected, returning 0
#    Time: 5602320 ns  Iteration: 2  Instance: /tb/MyRiscv/u_regfile/MUXA
# ** Warning: NUMERIC_STD.TO_INTEGER: metavalue detected, returning 0
#    Time: 5602360 ns  Iteration: 5  Instance: /tb/MyRiscv/u_regfile/MUXA
# ** Warning: NUMERIC_STD.TO_INTEGER: metavalue detected, returning 0
#    Time: 5602360 ns  Iteration: 5  Instance: /tb/MyRiscv/u_regfile/MUXB
# ** Warning: NUMERIC_STD.TO_INTEGER: metavalue detected, returning 0
#    Time: 5617420 ns  Iteration: 2  Instance: /tb/MyRiscv/u_regfile/MUXB
# ** Warning: NUMERIC_STD.TO_INTEGER: metavalue detected, returning 0
#    Time: 5617420 ns  Iteration: 2  Instance: /tb/MyRiscv/u_regfile/MUXA
# ** Warning: NUMERIC_STD.TO_INTEGER: metavalue detected, returning 0
#    Time: 5617460 ns  Iteration: 5  Instance: /tb/MyRiscv/u_regfile/MUXA
# ** Warning: NUMERIC_STD.TO_INTEGER: metavalue detected, returning 0
#    Time: 5617460 ns  Iteration: 5  Instance: /tb/MyRiscv/u_regfile/MUXB
# ** Warning: NUMERIC_STD.TO_INTEGER: metavalue detected, returning 0
#    Time: 5632520 ns  Iteration: 2  Instance: /tb/MyRiscv/u_regfile/MUXB
# ** Warning: NUMERIC_STD.TO_INTEGER: metavalue detected, returning 0
#    Time: 5632520 ns  Iteration: 2  Instance: /tb/MyRiscv/u_regfile/MUXA
# ** Warning: NUMERIC_STD.TO_INTEGER: metavalue detected, returning 0
#    Time: 5632560 ns  Iteration: 5  Instance: /tb/MyRiscv/u_regfile/MUXA
# ** Warning: NUMERIC_STD.TO_INTEGER: metavalue detected, returning 0
#    Time: 5632560 ns  Iteration: 5  Instance: /tb/MyRiscv/u_regfile/MUXB
# ** Warning: NUMERIC_STD.TO_INTEGER: metavalue detected, returning 0
#    Time: 5647620 ns  Iteration: 2  Instance: /tb/MyRiscv/u_regfile/MUXB
# ** Warning: NUMERIC_STD.TO_INTEGER: metavalue detected, returning 0
#    Time: 5647620 ns  Iteration: 2  Instance: /tb/MyRiscv/u_regfile/MUXA
# ** Warning: NUMERIC_STD.TO_INTEGER: metavalue detected, returning 0
#    Time: 5647660 ns  Iteration: 5  Instance: /tb/MyRiscv/u_regfile/MUXA
# ** Warning: NUMERIC_STD.TO_INTEGER: metavalue detected, returning 0
#    Time: 5647660 ns  Iteration: 5  Instance: /tb/MyRiscv/u_regfile/MUXB
# ** Warning: NUMERIC_STD.TO_INTEGER: metavalue detected, returning 0
#    Time: 5662720 ns  Iteration: 2  Instance: /tb/MyRiscv/u_regfile/MUXB
# ** Warning: NUMERIC_STD.TO_INTEGER: metavalue detected, returning 0
#    Time: 5662720 ns  Iteration: 2  Instance: /tb/MyRiscv/u_regfile/MUXA
# ** Warning: NUMERIC_STD.TO_INTEGER: metavalue detected, returning 0
#    Time: 5662760 ns  Iteration: 5  Instance: /tb/MyRiscv/u_regfile/MUXA
# ** Warning: NUMERIC_STD.TO_INTEGER: metavalue detected, returning 0
#    Time: 5662760 ns  Iteration: 5  Instance: /tb/MyRiscv/u_regfile/MUXB
# ** Warning: NUMERIC_STD.TO_INTEGER: metavalue detected, returning 0
#    Time: 5677820 ns  Iteration: 2  Instance: /tb/MyRiscv/u_regfile/MUXB
# ** Warning: NUMERIC_STD.TO_INTEGER: metavalue detected, returning 0
#    Time: 5677820 ns  Iteration: 2  Instance: /tb/MyRiscv/u_regfile/MUXA
# ** Warning: NUMERIC_STD.TO_INTEGER: metavalue detected, returning 0
#    Time: 5677860 ns  Iteration: 5  Instance: /tb/MyRiscv/u_regfile/MUXA
# ** Warning: NUMERIC_STD.TO_INTEGER: metavalue detected, returning 0
#    Time: 5677860 ns  Iteration: 5  Instance: /tb/MyRiscv/u_regfile/MUXB
# ** Warning: NUMERIC_STD.TO_INTEGER: metavalue detected, returning 0
#    Time: 5692920 ns  Iteration: 2  Instance: /tb/MyRiscv/u_regfile/MUXB
# ** Warning: NUMERIC_STD.TO_INTEGER: metavalue detected, returning 0
#    Time: 5692920 ns  Iteration: 2  Instance: /tb/MyRiscv/u_regfile/MUXA
# ** Warning: NUMERIC_STD.TO_INTEGER: metavalue detected, returning 0
#    Time: 5692960 ns  Iteration: 5  Instance: /tb/MyRiscv/u_regfile/MUXA
# ** Warning: NUMERIC_STD.TO_INTEGER: metavalue detected, returning 0
#    Time: 5692960 ns  Iteration: 5  Instance: /tb/MyRiscv/u_regfile/MUXB
# ** Warning: NUMERIC_STD.TO_INTEGER: metavalue detected, returning 0
#    Time: 5708020 ns  Iteration: 2  Instance: /tb/MyRiscv/u_regfile/MUXB
# ** Warning: NUMERIC_STD.TO_INTEGER: metavalue detected, returning 0
#    Time: 5708020 ns  Iteration: 2  Instance: /tb/MyRiscv/u_regfile/MUXA
# ** Warning: NUMERIC_STD.TO_INTEGER: metavalue detected, returning 0
#    Time: 5708060 ns  Iteration: 5  Instance: /tb/MyRiscv/u_regfile/MUXA
# ** Warning: NUMERIC_STD.TO_INTEGER: metavalue detected, returning 0
#    Time: 5708060 ns  Iteration: 5  Instance: /tb/MyRiscv/u_regfile/MUXB
# ** Warning: NUMERIC_STD.TO_INTEGER: metavalue detected, returning 0
#    Time: 5723120 ns  Iteration: 2  Instance: /tb/MyRiscv/u_regfile/MUXB
# ** Warning: NUMERIC_STD.TO_INTEGER: metavalue detected, returning 0
#    Time: 5723120 ns  Iteration: 2  Instance: /tb/MyRiscv/u_regfile/MUXA
# ** Warning: NUMERIC_STD.TO_INTEGER: metavalue detected, returning 0
#    Time: 5723160 ns  Iteration: 5  Instance: /tb/MyRiscv/u_regfile/MUXA
# ** Warning: NUMERIC_STD.TO_INTEGER: metavalue detected, returning 0
#    Time: 5723160 ns  Iteration: 5  Instance: /tb/MyRiscv/u_regfile/MUXB
# ** Warning: NUMERIC_STD.TO_INTEGER: metavalue detected, returning 0
#    Time: 5738220 ns  Iteration: 2  Instance: /tb/MyRiscv/u_regfile/MUXB
# ** Warning: NUMERIC_STD.TO_INTEGER: metavalue detected, returning 0
#    Time: 5738220 ns  Iteration: 2  Instance: /tb/MyRiscv/u_regfile/MUXA
# ** Warning: NUMERIC_STD.TO_INTEGER: metavalue detected, returning 0
#    Time: 5738260 ns  Iteration: 5  Instance: /tb/MyRiscv/u_regfile/MUXA
# ** Warning: NUMERIC_STD.TO_INTEGER: metavalue detected, returning 0
#    Time: 5738260 ns  Iteration: 5  Instance: /tb/MyRiscv/u_regfile/MUXB
# ** Warning: NUMERIC_STD.TO_INTEGER: metavalue detected, returning 0
#    Time: 5753320 ns  Iteration: 2  Instance: /tb/MyRiscv/u_regfile/MUXB
# ** Warning: NUMERIC_STD.TO_INTEGER: metavalue detected, returning 0
#    Time: 5753320 ns  Iteration: 2  Instance: /tb/MyRiscv/u_regfile/MUXA
# ** Warning: NUMERIC_STD.TO_INTEGER: metavalue detected, returning 0
#    Time: 5753360 ns  Iteration: 5  Instance: /tb/MyRiscv/u_regfile/MUXA
# ** Warning: NUMERIC_STD.TO_INTEGER: metavalue detected, returning 0
#    Time: 5753360 ns  Iteration: 5  Instance: /tb/MyRiscv/u_regfile/MUXB
# ** Warning: NUMERIC_STD.TO_INTEGER: metavalue detected, returning 0
#    Time: 5768420 ns  Iteration: 2  Instance: /tb/MyRiscv/u_regfile/MUXB
# ** Warning: NUMERIC_STD.TO_INTEGER: metavalue detected, returning 0
#    Time: 5768420 ns  Iteration: 2  Instance: /tb/MyRiscv/u_regfile/MUXA
# ** Warning: NUMERIC_STD.TO_INTEGER: metavalue detected, returning 0
#    Time: 5768460 ns  Iteration: 5  Instance: /tb/MyRiscv/u_regfile/MUXA
# ** Warning: NUMERIC_STD.TO_INTEGER: metavalue detected, returning 0
#    Time: 5768460 ns  Iteration: 5  Instance: /tb/MyRiscv/u_regfile/MUXB
# ** Warning: NUMERIC_STD.TO_INTEGER: metavalue detected, returning 0
#    Time: 5783520 ns  Iteration: 2  Instance: /tb/MyRiscv/u_regfile/MUXB
# ** Warning: NUMERIC_STD.TO_INTEGER: metavalue detected, returning 0
#    Time: 5783520 ns  Iteration: 2  Instance: /tb/MyRiscv/u_regfile/MUXA
# ** Warning: NUMERIC_STD.TO_INTEGER: metavalue detected, returning 0
#    Time: 5783560 ns  Iteration: 5  Instance: /tb/MyRiscv/u_regfile/MUXA
# ** Warning: NUMERIC_STD.TO_INTEGER: metavalue detected, returning 0
#    Time: 5783560 ns  Iteration: 5  Instance: /tb/MyRiscv/u_regfile/MUXB
# ** Warning: NUMERIC_STD.TO_INTEGER: metavalue detected, returning 0
#    Time: 5798620 ns  Iteration: 2  Instance: /tb/MyRiscv/u_regfile/MUXB
# ** Warning: NUMERIC_STD.TO_INTEGER: metavalue detected, returning 0
#    Time: 5798620 ns  Iteration: 2  Instance: /tb/MyRiscv/u_regfile/MUXA
# ** Warning: NUMERIC_STD.TO_INTEGER: metavalue detected, returning 0
#    Time: 5798660 ns  Iteration: 5  Instance: /tb/MyRiscv/u_regfile/MUXA
# ** Warning: NUMERIC_STD.TO_INTEGER: metavalue detected, returning 0
#    Time: 5798660 ns  Iteration: 5  Instance: /tb/MyRiscv/u_regfile/MUXB
# ** Warning: NUMERIC_STD.TO_INTEGER: metavalue detected, returning 0
#    Time: 5813720 ns  Iteration: 2  Instance: /tb/MyRiscv/u_regfile/MUXB
# ** Warning: NUMERIC_STD.TO_INTEGER: metavalue detected, returning 0
#    Time: 5813720 ns  Iteration: 2  Instance: /tb/MyRiscv/u_regfile/MUXA
# ** Warning: NUMERIC_STD.TO_INTEGER: metavalue detected, returning 0
#    Time: 5813760 ns  Iteration: 5  Instance: /tb/MyRiscv/u_regfile/MUXA
# ** Warning: NUMERIC_STD.TO_INTEGER: metavalue detected, returning 0
#    Time: 5813760 ns  Iteration: 5  Instance: /tb/MyRiscv/u_regfile/MUXB
# ** Warning: NUMERIC_STD.TO_INTEGER: metavalue detected, returning 0
#    Time: 5828820 ns  Iteration: 2  Instance: /tb/MyRiscv/u_regfile/MUXB
# ** Warning: NUMERIC_STD.TO_INTEGER: metavalue detected, returning 0
#    Time: 5828820 ns  Iteration: 2  Instance: /tb/MyRiscv/u_regfile/MUXA
# ** Warning: NUMERIC_STD.TO_INTEGER: metavalue detected, returning 0
#    Time: 5828860 ns  Iteration: 5  Instance: /tb/MyRiscv/u_regfile/MUXA
# ** Warning: NUMERIC_STD.TO_INTEGER: metavalue detected, returning 0
#    Time: 5828860 ns  Iteration: 5  Instance: /tb/MyRiscv/u_regfile/MUXB
# ** Warning: NUMERIC_STD.TO_INTEGER: metavalue detected, returning 0
#    Time: 5843920 ns  Iteration: 2  Instance: /tb/MyRiscv/u_regfile/MUXB
# ** Warning: NUMERIC_STD.TO_INTEGER: metavalue detected, returning 0
#    Time: 5843920 ns  Iteration: 2  Instance: /tb/MyRiscv/u_regfile/MUXA
# ** Warning: NUMERIC_STD.TO_INTEGER: metavalue detected, returning 0
#    Time: 5843960 ns  Iteration: 5  Instance: /tb/MyRiscv/u_regfile/MUXA
# ** Warning: NUMERIC_STD.TO_INTEGER: metavalue detected, returning 0
#    Time: 5843960 ns  Iteration: 5  Instance: /tb/MyRiscv/u_regfile/MUXB
# ** Warning: NUMERIC_STD.TO_INTEGER: metavalue detected, returning 0
#    Time: 5859020 ns  Iteration: 2  Instance: /tb/MyRiscv/u_regfile/MUXB
# ** Warning: NUMERIC_STD.TO_INTEGER: metavalue detected, returning 0
#    Time: 5859020 ns  Iteration: 2  Instance: /tb/MyRiscv/u_regfile/MUXA
# ** Warning: NUMERIC_STD.TO_INTEGER: metavalue detected, returning 0
#    Time: 5859060 ns  Iteration: 5  Instance: /tb/MyRiscv/u_regfile/MUXA
# ** Warning: NUMERIC_STD.TO_INTEGER: metavalue detected, returning 0
#    Time: 5859060 ns  Iteration: 5  Instance: /tb/MyRiscv/u_regfile/MUXB
# ** Warning: NUMERIC_STD.TO_INTEGER: metavalue detected, returning 0
#    Time: 5874120 ns  Iteration: 2  Instance: /tb/MyRiscv/u_regfile/MUXB
# ** Warning: NUMERIC_STD.TO_INTEGER: metavalue detected, returning 0
#    Time: 5874120 ns  Iteration: 2  Instance: /tb/MyRiscv/u_regfile/MUXA
# ** Warning: NUMERIC_STD.TO_INTEGER: metavalue detected, returning 0
#    Time: 5874160 ns  Iteration: 5  Instance: /tb/MyRiscv/u_regfile/MUXA
# ** Warning: NUMERIC_STD.TO_INTEGER: metavalue detected, returning 0
#    Time: 5874160 ns  Iteration: 5  Instance: /tb/MyRiscv/u_regfile/MUXB
# ** Warning: NUMERIC_STD.TO_INTEGER: metavalue detected, returning 0
#    Time: 5889220 ns  Iteration: 2  Instance: /tb/MyRiscv/u_regfile/MUXB
# ** Warning: NUMERIC_STD.TO_INTEGER: metavalue detected, returning 0
#    Time: 5889220 ns  Iteration: 2  Instance: /tb/MyRiscv/u_regfile/MUXA
# ** Warning: NUMERIC_STD.TO_INTEGER: metavalue detected, returning 0
#    Time: 5889260 ns  Iteration: 5  Instance: /tb/MyRiscv/u_regfile/MUXA
# ** Warning: NUMERIC_STD.TO_INTEGER: metavalue detected, returning 0
#    Time: 5889260 ns  Iteration: 5  Instance: /tb/MyRiscv/u_regfile/MUXB
# ** Warning: NUMERIC_STD.TO_INTEGER: metavalue detected, returning 0
#    Time: 5904320 ns  Iteration: 2  Instance: /tb/MyRiscv/u_regfile/MUXB
# ** Warning: NUMERIC_STD.TO_INTEGER: metavalue detected, returning 0
#    Time: 5904320 ns  Iteration: 2  Instance: /tb/MyRiscv/u_regfile/MUXA
# ** Warning: NUMERIC_STD.TO_INTEGER: metavalue detected, returning 0
#    Time: 5904360 ns  Iteration: 5  Instance: /tb/MyRiscv/u_regfile/MUXA
# ** Warning: NUMERIC_STD.TO_INTEGER: metavalue detected, returning 0
#    Time: 5904360 ns  Iteration: 5  Instance: /tb/MyRiscv/u_regfile/MUXB
# ** Warning: NUMERIC_STD.TO_INTEGER: metavalue detected, returning 0
#    Time: 5919420 ns  Iteration: 2  Instance: /tb/MyRiscv/u_regfile/MUXB
# ** Warning: NUMERIC_STD.TO_INTEGER: metavalue detected, returning 0
#    Time: 5919420 ns  Iteration: 2  Instance: /tb/MyRiscv/u_regfile/MUXA
# ** Warning: NUMERIC_STD.TO_INTEGER: metavalue detected, returning 0
#    Time: 5919460 ns  Iteration: 5  Instance: /tb/MyRiscv/u_regfile/MUXA
# ** Warning: NUMERIC_STD.TO_INTEGER: metavalue detected, returning 0
#    Time: 5919460 ns  Iteration: 5  Instance: /tb/MyRiscv/u_regfile/MUXB
# ** Warning: NUMERIC_STD.TO_INTEGER: metavalue detected, returning 0
#    Time: 5934520 ns  Iteration: 2  Instance: /tb/MyRiscv/u_regfile/MUXB
# ** Warning: NUMERIC_STD.TO_INTEGER: metavalue detected, returning 0
#    Time: 5934520 ns  Iteration: 2  Instance: /tb/MyRiscv/u_regfile/MUXA
# ** Warning: NUMERIC_STD.TO_INTEGER: metavalue detected, returning 0
#    Time: 5934560 ns  Iteration: 5  Instance: /tb/MyRiscv/u_regfile/MUXA
# ** Warning: NUMERIC_STD.TO_INTEGER: metavalue detected, returning 0
#    Time: 5934560 ns  Iteration: 5  Instance: /tb/MyRiscv/u_regfile/MUXB
# ** Warning: NUMERIC_STD.TO_INTEGER: metavalue detected, returning 0
#    Time: 5949620 ns  Iteration: 2  Instance: /tb/MyRiscv/u_regfile/MUXB
# ** Warning: NUMERIC_STD.TO_INTEGER: metavalue detected, returning 0
#    Time: 5949620 ns  Iteration: 2  Instance: /tb/MyRiscv/u_regfile/MUXA
# ** Warning: NUMERIC_STD.TO_INTEGER: metavalue detected, returning 0
#    Time: 5949660 ns  Iteration: 5  Instance: /tb/MyRiscv/u_regfile/MUXA
# ** Warning: NUMERIC_STD.TO_INTEGER: metavalue detected, returning 0
#    Time: 5949660 ns  Iteration: 5  Instance: /tb/MyRiscv/u_regfile/MUXB
# ** Warning: NUMERIC_STD.TO_INTEGER: metavalue detected, returning 0
#    Time: 5964720 ns  Iteration: 2  Instance: /tb/MyRiscv/u_regfile/MUXB
# ** Warning: NUMERIC_STD.TO_INTEGER: metavalue detected, returning 0
#    Time: 5964720 ns  Iteration: 2  Instance: /tb/MyRiscv/u_regfile/MUXA
# ** Warning: NUMERIC_STD.TO_INTEGER: metavalue detected, returning 0
#    Time: 5964760 ns  Iteration: 5  Instance: /tb/MyRiscv/u_regfile/MUXA
# ** Warning: NUMERIC_STD.TO_INTEGER: metavalue detected, returning 0
#    Time: 5964760 ns  Iteration: 5  Instance: /tb/MyRiscv/u_regfile/MUXB
# ** Warning: NUMERIC_STD.TO_INTEGER: metavalue detected, returning 0
#    Time: 5979820 ns  Iteration: 2  Instance: /tb/MyRiscv/u_regfile/MUXB
# ** Warning: NUMERIC_STD.TO_INTEGER: metavalue detected, returning 0
#    Time: 5979820 ns  Iteration: 2  Instance: /tb/MyRiscv/u_regfile/MUXA
# ** Warning: NUMERIC_STD.TO_INTEGER: metavalue detected, returning 0
#    Time: 5979860 ns  Iteration: 5  Instance: /tb/MyRiscv/u_regfile/MUXA
# ** Warning: NUMERIC_STD.TO_INTEGER: metavalue detected, returning 0
#    Time: 5979860 ns  Iteration: 5  Instance: /tb/MyRiscv/u_regfile/MUXB
# ** Warning: NUMERIC_STD.TO_INTEGER: metavalue detected, returning 0
#    Time: 5994920 ns  Iteration: 2  Instance: /tb/MyRiscv/u_regfile/MUXB
# ** Warning: NUMERIC_STD.TO_INTEGER: metavalue detected, returning 0
#    Time: 5994920 ns  Iteration: 2  Instance: /tb/MyRiscv/u_regfile/MUXA
# ** Warning: NUMERIC_STD.TO_INTEGER: metavalue detected, returning 0
#    Time: 5994960 ns  Iteration: 5  Instance: /tb/MyRiscv/u_regfile/MUXA
# ** Warning: NUMERIC_STD.TO_INTEGER: metavalue detected, returning 0
#    Time: 5994960 ns  Iteration: 5  Instance: /tb/MyRiscv/u_regfile/MUXB
# ** Warning: NUMERIC_STD.TO_INTEGER: metavalue detected, returning 0
#    Time: 6010020 ns  Iteration: 2  Instance: /tb/MyRiscv/u_regfile/MUXB
# ** Warning: NUMERIC_STD.TO_INTEGER: metavalue detected, returning 0
#    Time: 6010020 ns  Iteration: 2  Instance: /tb/MyRiscv/u_regfile/MUXA
# ** Warning: NUMERIC_STD.TO_INTEGER: metavalue detected, returning 0
#    Time: 6010060 ns  Iteration: 5  Instance: /tb/MyRiscv/u_regfile/MUXA
# ** Warning: NUMERIC_STD.TO_INTEGER: metavalue detected, returning 0
#    Time: 6010060 ns  Iteration: 5  Instance: /tb/MyRiscv/u_regfile/MUXB
# ** Warning: NUMERIC_STD.TO_INTEGER: metavalue detected, returning 0
#    Time: 6025120 ns  Iteration: 2  Instance: /tb/MyRiscv/u_regfile/MUXB
# ** Warning: NUMERIC_STD.TO_INTEGER: metavalue detected, returning 0
#    Time: 6025120 ns  Iteration: 2  Instance: /tb/MyRiscv/u_regfile/MUXA
# ** Warning: NUMERIC_STD.TO_INTEGER: metavalue detected, returning 0
#    Time: 6025160 ns  Iteration: 5  Instance: /tb/MyRiscv/u_regfile/MUXA
# ** Warning: NUMERIC_STD.TO_INTEGER: metavalue detected, returning 0
#    Time: 6025160 ns  Iteration: 5  Instance: /tb/MyRiscv/u_regfile/MUXB
# ** Warning: NUMERIC_STD.TO_INTEGER: metavalue detected, returning 0
#    Time: 6040220 ns  Iteration: 2  Instance: /tb/MyRiscv/u_regfile/MUXB
# ** Warning: NUMERIC_STD.TO_INTEGER: metavalue detected, returning 0
#    Time: 6040220 ns  Iteration: 2  Instance: /tb/MyRiscv/u_regfile/MUXA
# ** Warning: NUMERIC_STD.TO_INTEGER: metavalue detected, returning 0
#    Time: 6040260 ns  Iteration: 5  Instance: /tb/MyRiscv/u_regfile/MUXA
# ** Warning: NUMERIC_STD.TO_INTEGER: metavalue detected, returning 0
#    Time: 6040260 ns  Iteration: 5  Instance: /tb/MyRiscv/u_regfile/MUXB
# ** Warning: NUMERIC_STD.TO_INTEGER: metavalue detected, returning 0
#    Time: 6055320 ns  Iteration: 2  Instance: /tb/MyRiscv/u_regfile/MUXB
# ** Warning: NUMERIC_STD.TO_INTEGER: metavalue detected, returning 0
#    Time: 6055320 ns  Iteration: 2  Instance: /tb/MyRiscv/u_regfile/MUXA
# ** Warning: NUMERIC_STD.TO_INTEGER: metavalue detected, returning 0
#    Time: 6055360 ns  Iteration: 5  Instance: /tb/MyRiscv/u_regfile/MUXA
# ** Warning: NUMERIC_STD.TO_INTEGER: metavalue detected, returning 0
#    Time: 6055360 ns  Iteration: 5  Instance: /tb/MyRiscv/u_regfile/MUXB
# ** Warning: NUMERIC_STD.TO_INTEGER: metavalue detected, returning 0
#    Time: 6070420 ns  Iteration: 2  Instance: /tb/MyRiscv/u_regfile/MUXB
# ** Warning: NUMERIC_STD.TO_INTEGER: metavalue detected, returning 0
#    Time: 6070420 ns  Iteration: 2  Instance: /tb/MyRiscv/u_regfile/MUXA
# ** Warning: NUMERIC_STD.TO_INTEGER: metavalue detected, returning 0
#    Time: 6070460 ns  Iteration: 5  Instance: /tb/MyRiscv/u_regfile/MUXA
# ** Warning: NUMERIC_STD.TO_INTEGER: metavalue detected, returning 0
#    Time: 6070460 ns  Iteration: 5  Instance: /tb/MyRiscv/u_regfile/MUXB
# ** Warning: NUMERIC_STD.TO_INTEGER: metavalue detected, returning 0
#    Time: 6085520 ns  Iteration: 2  Instance: /tb/MyRiscv/u_regfile/MUXB
# ** Warning: NUMERIC_STD.TO_INTEGER: metavalue detected, returning 0
#    Time: 6085520 ns  Iteration: 2  Instance: /tb/MyRiscv/u_regfile/MUXA
# ** Warning: NUMERIC_STD.TO_INTEGER: metavalue detected, returning 0
#    Time: 6085560 ns  Iteration: 5  Instance: /tb/MyRiscv/u_regfile/MUXA
# ** Warning: NUMERIC_STD.TO_INTEGER: metavalue detected, returning 0
#    Time: 6085560 ns  Iteration: 5  Instance: /tb/MyRiscv/u_regfile/MUXB
# ** Warning: NUMERIC_STD.TO_INTEGER: metavalue detected, returning 0
#    Time: 6100620 ns  Iteration: 2  Instance: /tb/MyRiscv/u_regfile/MUXB
# ** Warning: NUMERIC_STD.TO_INTEGER: metavalue detected, returning 0
#    Time: 6100620 ns  Iteration: 2  Instance: /tb/MyRiscv/u_regfile/MUXA
# ** Warning: NUMERIC_STD.TO_INTEGER: metavalue detected, returning 0
#    Time: 6100660 ns  Iteration: 5  Instance: /tb/MyRiscv/u_regfile/MUXA
# ** Warning: NUMERIC_STD.TO_INTEGER: metavalue detected, returning 0
#    Time: 6100660 ns  Iteration: 5  Instance: /tb/MyRiscv/u_regfile/MUXB
# ** Warning: NUMERIC_STD.TO_INTEGER: metavalue detected, returning 0
#    Time: 6115720 ns  Iteration: 2  Instance: /tb/MyRiscv/u_regfile/MUXB
# ** Warning: NUMERIC_STD.TO_INTEGER: metavalue detected, returning 0
#    Time: 6115720 ns  Iteration: 2  Instance: /tb/MyRiscv/u_regfile/MUXA
# ** Warning: NUMERIC_STD.TO_INTEGER: metavalue detected, returning 0
#    Time: 6115760 ns  Iteration: 5  Instance: /tb/MyRiscv/u_regfile/MUXA
# ** Warning: NUMERIC_STD.TO_INTEGER: metavalue detected, returning 0
#    Time: 6115760 ns  Iteration: 5  Instance: /tb/MyRiscv/u_regfile/MUXB
# ** Warning: NUMERIC_STD.TO_INTEGER: metavalue detected, returning 0
#    Time: 6130820 ns  Iteration: 2  Instance: /tb/MyRiscv/u_regfile/MUXB
# ** Warning: NUMERIC_STD.TO_INTEGER: metavalue detected, returning 0
#    Time: 6130820 ns  Iteration: 2  Instance: /tb/MyRiscv/u_regfile/MUXA
# ** Warning: NUMERIC_STD.TO_INTEGER: metavalue detected, returning 0
#    Time: 6130860 ns  Iteration: 5  Instance: /tb/MyRiscv/u_regfile/MUXA
# ** Warning: NUMERIC_STD.TO_INTEGER: metavalue detected, returning 0
#    Time: 6130860 ns  Iteration: 5  Instance: /tb/MyRiscv/u_regfile/MUXB
# ** Warning: NUMERIC_STD.TO_INTEGER: metavalue detected, returning 0
#    Time: 6145920 ns  Iteration: 2  Instance: /tb/MyRiscv/u_regfile/MUXB
# ** Warning: NUMERIC_STD.TO_INTEGER: metavalue detected, returning 0
#    Time: 6145920 ns  Iteration: 2  Instance: /tb/MyRiscv/u_regfile/MUXA
# ** Warning: NUMERIC_STD.TO_INTEGER: metavalue detected, returning 0
#    Time: 6145960 ns  Iteration: 5  Instance: /tb/MyRiscv/u_regfile/MUXA
# ** Warning: NUMERIC_STD.TO_INTEGER: metavalue detected, returning 0
#    Time: 6145960 ns  Iteration: 5  Instance: /tb/MyRiscv/u_regfile/MUXB
# ** Warning: NUMERIC_STD.TO_INTEGER: metavalue detected, returning 0
#    Time: 6161020 ns  Iteration: 2  Instance: /tb/MyRiscv/u_regfile/MUXB
# ** Warning: NUMERIC_STD.TO_INTEGER: metavalue detected, returning 0
#    Time: 6161020 ns  Iteration: 2  Instance: /tb/MyRiscv/u_regfile/MUXA
# ** Warning: NUMERIC_STD.TO_INTEGER: metavalue detected, returning 0
#    Time: 6161060 ns  Iteration: 5  Instance: /tb/MyRiscv/u_regfile/MUXA
# ** Warning: NUMERIC_STD.TO_INTEGER: metavalue detected, returning 0
#    Time: 6161060 ns  Iteration: 5  Instance: /tb/MyRiscv/u_regfile/MUXB
# ** Warning: NUMERIC_STD.TO_INTEGER: metavalue detected, returning 0
#    Time: 6176120 ns  Iteration: 2  Instance: /tb/MyRiscv/u_regfile/MUXB
# ** Warning: NUMERIC_STD.TO_INTEGER: metavalue detected, returning 0
#    Time: 6176120 ns  Iteration: 2  Instance: /tb/MyRiscv/u_regfile/MUXA
# ** Warning: NUMERIC_STD.TO_INTEGER: metavalue detected, returning 0
#    Time: 6176160 ns  Iteration: 5  Instance: /tb/MyRiscv/u_regfile/MUXA
# ** Warning: NUMERIC_STD.TO_INTEGER: metavalue detected, returning 0
#    Time: 6176160 ns  Iteration: 5  Instance: /tb/MyRiscv/u_regfile/MUXB
# ** Warning: NUMERIC_STD.TO_INTEGER: metavalue detected, returning 0
#    Time: 6191220 ns  Iteration: 2  Instance: /tb/MyRiscv/u_regfile/MUXB
# ** Warning: NUMERIC_STD.TO_INTEGER: metavalue detected, returning 0
#    Time: 6191220 ns  Iteration: 2  Instance: /tb/MyRiscv/u_regfile/MUXA
# ** Warning: NUMERIC_STD.TO_INTEGER: metavalue detected, returning 0
#    Time: 6191260 ns  Iteration: 5  Instance: /tb/MyRiscv/u_regfile/MUXA
# ** Warning: NUMERIC_STD.TO_INTEGER: metavalue detected, returning 0
#    Time: 6191260 ns  Iteration: 5  Instance: /tb/MyRiscv/u_regfile/MUXB
# ** Warning: NUMERIC_STD.TO_INTEGER: metavalue detected, returning 0
#    Time: 6206320 ns  Iteration: 2  Instance: /tb/MyRiscv/u_regfile/MUXB
# ** Warning: NUMERIC_STD.TO_INTEGER: metavalue detected, returning 0
#    Time: 6206320 ns  Iteration: 2  Instance: /tb/MyRiscv/u_regfile/MUXA
# ** Warning: NUMERIC_STD.TO_INTEGER: metavalue detected, returning 0
#    Time: 6206360 ns  Iteration: 5  Instance: /tb/MyRiscv/u_regfile/MUXA
# ** Warning: NUMERIC_STD.TO_INTEGER: metavalue detected, returning 0
#    Time: 6206360 ns  Iteration: 5  Instance: /tb/MyRiscv/u_regfile/MUXB
# ** Warning: NUMERIC_STD.TO_INTEGER: metavalue detected, returning 0
#    Time: 6221420 ns  Iteration: 2  Instance: /tb/MyRiscv/u_regfile/MUXB
# ** Warning: NUMERIC_STD.TO_INTEGER: metavalue detected, returning 0
#    Time: 6221420 ns  Iteration: 2  Instance: /tb/MyRiscv/u_regfile/MUXA
# ** Warning: NUMERIC_STD.TO_INTEGER: metavalue detected, returning 0
#    Time: 6221460 ns  Iteration: 5  Instance: /tb/MyRiscv/u_regfile/MUXA
# ** Warning: NUMERIC_STD.TO_INTEGER: metavalue detected, returning 0
#    Time: 6221460 ns  Iteration: 5  Instance: /tb/MyRiscv/u_regfile/MUXB
# ** Warning: NUMERIC_STD.TO_INTEGER: metavalue detected, returning 0
#    Time: 6236520 ns  Iteration: 2  Instance: /tb/MyRiscv/u_regfile/MUXB
# ** Warning: NUMERIC_STD.TO_INTEGER: metavalue detected, returning 0
#    Time: 6236520 ns  Iteration: 2  Instance: /tb/MyRiscv/u_regfile/MUXA
# ** Warning: NUMERIC_STD.TO_INTEGER: metavalue detected, returning 0
#    Time: 6236560 ns  Iteration: 5  Instance: /tb/MyRiscv/u_regfile/MUXA
# ** Warning: NUMERIC_STD.TO_INTEGER: metavalue detected, returning 0
#    Time: 6236560 ns  Iteration: 5  Instance: /tb/MyRiscv/u_regfile/MUXB
# ** Warning: NUMERIC_STD.TO_INTEGER: metavalue detected, returning 0
#    Time: 6251620 ns  Iteration: 2  Instance: /tb/MyRiscv/u_regfile/MUXB
# ** Warning: NUMERIC_STD.TO_INTEGER: metavalue detected, returning 0
#    Time: 6251620 ns  Iteration: 2  Instance: /tb/MyRiscv/u_regfile/MUXA
# ** Warning: NUMERIC_STD.TO_INTEGER: metavalue detected, returning 0
#    Time: 6251660 ns  Iteration: 5  Instance: /tb/MyRiscv/u_regfile/MUXA
# ** Warning: NUMERIC_STD.TO_INTEGER: metavalue detected, returning 0
#    Time: 6251660 ns  Iteration: 5  Instance: /tb/MyRiscv/u_regfile/MUXB
# ** Warning: NUMERIC_STD.TO_INTEGER: metavalue detected, returning 0
#    Time: 6266720 ns  Iteration: 2  Instance: /tb/MyRiscv/u_regfile/MUXB
# ** Warning: NUMERIC_STD.TO_INTEGER: metavalue detected, returning 0
#    Time: 6266720 ns  Iteration: 2  Instance: /tb/MyRiscv/u_regfile/MUXA
# ** Warning: NUMERIC_STD.TO_INTEGER: metavalue detected, returning 0
#    Time: 6266760 ns  Iteration: 5  Instance: /tb/MyRiscv/u_regfile/MUXA
# ** Warning: NUMERIC_STD.TO_INTEGER: metavalue detected, returning 0
#    Time: 6266760 ns  Iteration: 5  Instance: /tb/MyRiscv/u_regfile/MUXB
# ** Warning: NUMERIC_STD.TO_INTEGER: metavalue detected, returning 0
#    Time: 6281820 ns  Iteration: 2  Instance: /tb/MyRiscv/u_regfile/MUXB
# ** Warning: NUMERIC_STD.TO_INTEGER: metavalue detected, returning 0
#    Time: 6281820 ns  Iteration: 2  Instance: /tb/MyRiscv/u_regfile/MUXA
# ** Warning: NUMERIC_STD.TO_INTEGER: metavalue detected, returning 0
#    Time: 6281860 ns  Iteration: 5  Instance: /tb/MyRiscv/u_regfile/MUXA
# ** Warning: NUMERIC_STD.TO_INTEGER: metavalue detected, returning 0
#    Time: 6281860 ns  Iteration: 5  Instance: /tb/MyRiscv/u_regfile/MUXB
# ** Warning: NUMERIC_STD.TO_INTEGER: metavalue detected, returning 0
#    Time: 6296920 ns  Iteration: 2  Instance: /tb/MyRiscv/u_regfile/MUXB
# ** Warning: NUMERIC_STD.TO_INTEGER: metavalue detected, returning 0
#    Time: 6296920 ns  Iteration: 2  Instance: /tb/MyRiscv/u_regfile/MUXA
# ** Warning: NUMERIC_STD.TO_INTEGER: metavalue detected, returning 0
#    Time: 6296960 ns  Iteration: 5  Instance: /tb/MyRiscv/u_regfile/MUXA
# ** Warning: NUMERIC_STD.TO_INTEGER: metavalue detected, returning 0
#    Time: 6296960 ns  Iteration: 5  Instance: /tb/MyRiscv/u_regfile/MUXB
# ** Warning: NUMERIC_STD.TO_INTEGER: metavalue detected, returning 0
#    Time: 6312020 ns  Iteration: 2  Instance: /tb/MyRiscv/u_regfile/MUXB
# ** Warning: NUMERIC_STD.TO_INTEGER: metavalue detected, returning 0
#    Time: 6312020 ns  Iteration: 2  Instance: /tb/MyRiscv/u_regfile/MUXA
# ** Warning: NUMERIC_STD.TO_INTEGER: metavalue detected, returning 0
#    Time: 6312060 ns  Iteration: 5  Instance: /tb/MyRiscv/u_regfile/MUXA
# ** Warning: NUMERIC_STD.TO_INTEGER: metavalue detected, returning 0
#    Time: 6312060 ns  Iteration: 5  Instance: /tb/MyRiscv/u_regfile/MUXB
# ** Warning: NUMERIC_STD.TO_INTEGER: metavalue detected, returning 0
#    Time: 6327120 ns  Iteration: 2  Instance: /tb/MyRiscv/u_regfile/MUXB
# ** Warning: NUMERIC_STD.TO_INTEGER: metavalue detected, returning 0
#    Time: 6327120 ns  Iteration: 2  Instance: /tb/MyRiscv/u_regfile/MUXA
# ** Warning: NUMERIC_STD.TO_INTEGER: metavalue detected, returning 0
#    Time: 6327160 ns  Iteration: 5  Instance: /tb/MyRiscv/u_regfile/MUXA
# ** Warning: NUMERIC_STD.TO_INTEGER: metavalue detected, returning 0
#    Time: 6327160 ns  Iteration: 5  Instance: /tb/MyRiscv/u_regfile/MUXB
# ** Warning: NUMERIC_STD.TO_INTEGER: metavalue detected, returning 0
#    Time: 6342220 ns  Iteration: 2  Instance: /tb/MyRiscv/u_regfile/MUXB
# ** Warning: NUMERIC_STD.TO_INTEGER: metavalue detected, returning 0
#    Time: 6342220 ns  Iteration: 2  Instance: /tb/MyRiscv/u_regfile/MUXA
# ** Warning: NUMERIC_STD.TO_INTEGER: metavalue detected, returning 0
#    Time: 6342260 ns  Iteration: 5  Instance: /tb/MyRiscv/u_regfile/MUXA
# ** Warning: NUMERIC_STD.TO_INTEGER: metavalue detected, returning 0
#    Time: 6342260 ns  Iteration: 5  Instance: /tb/MyRiscv/u_regfile/MUXB
# ** Warning: NUMERIC_STD.TO_INTEGER: metavalue detected, returning 0
#    Time: 6357320 ns  Iteration: 2  Instance: /tb/MyRiscv/u_regfile/MUXB
# ** Warning: NUMERIC_STD.TO_INTEGER: metavalue detected, returning 0
#    Time: 6357320 ns  Iteration: 2  Instance: /tb/MyRiscv/u_regfile/MUXA
# ** Warning: NUMERIC_STD.TO_INTEGER: metavalue detected, returning 0
#    Time: 6357360 ns  Iteration: 5  Instance: /tb/MyRiscv/u_regfile/MUXA
# ** Warning: NUMERIC_STD.TO_INTEGER: metavalue detected, returning 0
#    Time: 6357360 ns  Iteration: 5  Instance: /tb/MyRiscv/u_regfile/MUXB
# ** Warning: NUMERIC_STD.TO_INTEGER: metavalue detected, returning 0
#    Time: 6372420 ns  Iteration: 2  Instance: /tb/MyRiscv/u_regfile/MUXB
# ** Warning: NUMERIC_STD.TO_INTEGER: metavalue detected, returning 0
#    Time: 6372420 ns  Iteration: 2  Instance: /tb/MyRiscv/u_regfile/MUXA
# ** Warning: NUMERIC_STD.TO_INTEGER: metavalue detected, returning 0
#    Time: 6372460 ns  Iteration: 5  Instance: /tb/MyRiscv/u_regfile/MUXA
# ** Warning: NUMERIC_STD.TO_INTEGER: metavalue detected, returning 0
#    Time: 6372460 ns  Iteration: 5  Instance: /tb/MyRiscv/u_regfile/MUXB
# ** Warning: NUMERIC_STD.TO_INTEGER: metavalue detected, returning 0
#    Time: 6387520 ns  Iteration: 2  Instance: /tb/MyRiscv/u_regfile/MUXB
# ** Warning: NUMERIC_STD.TO_INTEGER: metavalue detected, returning 0
#    Time: 6387520 ns  Iteration: 2  Instance: /tb/MyRiscv/u_regfile/MUXA
# ** Warning: NUMERIC_STD.TO_INTEGER: metavalue detected, returning 0
#    Time: 6387560 ns  Iteration: 5  Instance: /tb/MyRiscv/u_regfile/MUXA
# ** Warning: NUMERIC_STD.TO_INTEGER: metavalue detected, returning 0
#    Time: 6387560 ns  Iteration: 5  Instance: /tb/MyRiscv/u_regfile/MUXB
# ** Warning: NUMERIC_STD.TO_INTEGER: metavalue detected, returning 0
#    Time: 6402620 ns  Iteration: 2  Instance: /tb/MyRiscv/u_regfile/MUXB
# ** Warning: NUMERIC_STD.TO_INTEGER: metavalue detected, returning 0
#    Time: 6402620 ns  Iteration: 2  Instance: /tb/MyRiscv/u_regfile/MUXA
# ** Warning: NUMERIC_STD.TO_INTEGER: metavalue detected, returning 0
#    Time: 6402660 ns  Iteration: 5  Instance: /tb/MyRiscv/u_regfile/MUXA
# ** Warning: NUMERIC_STD.TO_INTEGER: metavalue detected, returning 0
#    Time: 6402660 ns  Iteration: 5  Instance: /tb/MyRiscv/u_regfile/MUXB
# ** Warning: NUMERIC_STD.TO_INTEGER: metavalue detected, returning 0
#    Time: 6417720 ns  Iteration: 2  Instance: /tb/MyRiscv/u_regfile/MUXB
# ** Warning: NUMERIC_STD.TO_INTEGER: metavalue detected, returning 0
#    Time: 6417720 ns  Iteration: 2  Instance: /tb/MyRiscv/u_regfile/MUXA
# ** Warning: NUMERIC_STD.TO_INTEGER: metavalue detected, returning 0
#    Time: 6417760 ns  Iteration: 5  Instance: /tb/MyRiscv/u_regfile/MUXA
# ** Warning: NUMERIC_STD.TO_INTEGER: metavalue detected, returning 0
#    Time: 6417760 ns  Iteration: 5  Instance: /tb/MyRiscv/u_regfile/MUXB
# ** Warning: NUMERIC_STD.TO_INTEGER: metavalue detected, returning 0
#    Time: 6432820 ns  Iteration: 2  Instance: /tb/MyRiscv/u_regfile/MUXB
# ** Warning: NUMERIC_STD.TO_INTEGER: metavalue detected, returning 0
#    Time: 6432820 ns  Iteration: 2  Instance: /tb/MyRiscv/u_regfile/MUXA
# ** Warning: NUMERIC_STD.TO_INTEGER: metavalue detected, returning 0
#    Time: 6432860 ns  Iteration: 5  Instance: /tb/MyRiscv/u_regfile/MUXA
# ** Warning: NUMERIC_STD.TO_INTEGER: metavalue detected, returning 0
#    Time: 6432860 ns  Iteration: 5  Instance: /tb/MyRiscv/u_regfile/MUXB
# ** Warning: NUMERIC_STD.TO_INTEGER: metavalue detected, returning 0
#    Time: 6447920 ns  Iteration: 2  Instance: /tb/MyRiscv/u_regfile/MUXB
# ** Warning: NUMERIC_STD.TO_INTEGER: metavalue detected, returning 0
#    Time: 6447920 ns  Iteration: 2  Instance: /tb/MyRiscv/u_regfile/MUXA
# ** Warning: NUMERIC_STD.TO_INTEGER: metavalue detected, returning 0
#    Time: 6447960 ns  Iteration: 5  Instance: /tb/MyRiscv/u_regfile/MUXA
# ** Warning: NUMERIC_STD.TO_INTEGER: metavalue detected, returning 0
#    Time: 6447960 ns  Iteration: 5  Instance: /tb/MyRiscv/u_regfile/MUXB
# ** Warning: NUMERIC_STD.TO_INTEGER: metavalue detected, returning 0
#    Time: 6463020 ns  Iteration: 2  Instance: /tb/MyRiscv/u_regfile/MUXB
# ** Warning: NUMERIC_STD.TO_INTEGER: metavalue detected, returning 0
#    Time: 6463020 ns  Iteration: 2  Instance: /tb/MyRiscv/u_regfile/MUXA
# ** Warning: NUMERIC_STD.TO_INTEGER: metavalue detected, returning 0
#    Time: 6463060 ns  Iteration: 5  Instance: /tb/MyRiscv/u_regfile/MUXA
# ** Warning: NUMERIC_STD.TO_INTEGER: metavalue detected, returning 0
#    Time: 6463060 ns  Iteration: 5  Instance: /tb/MyRiscv/u_regfile/MUXB
# ** Warning: NUMERIC_STD.TO_INTEGER: metavalue detected, returning 0
#    Time: 6478120 ns  Iteration: 2  Instance: /tb/MyRiscv/u_regfile/MUXB
# ** Warning: NUMERIC_STD.TO_INTEGER: metavalue detected, returning 0
#    Time: 6478120 ns  Iteration: 2  Instance: /tb/MyRiscv/u_regfile/MUXA
# ** Warning: NUMERIC_STD.TO_INTEGER: metavalue detected, returning 0
#    Time: 6478160 ns  Iteration: 5  Instance: /tb/MyRiscv/u_regfile/MUXA
# ** Warning: NUMERIC_STD.TO_INTEGER: metavalue detected, returning 0
#    Time: 6478160 ns  Iteration: 5  Instance: /tb/MyRiscv/u_regfile/MUXB
# ** Warning: NUMERIC_STD.TO_INTEGER: metavalue detected, returning 0
#    Time: 6493220 ns  Iteration: 2  Instance: /tb/MyRiscv/u_regfile/MUXB
# ** Warning: NUMERIC_STD.TO_INTEGER: metavalue detected, returning 0
#    Time: 6493220 ns  Iteration: 2  Instance: /tb/MyRiscv/u_regfile/MUXA
# ** Warning: NUMERIC_STD.TO_INTEGER: metavalue detected, returning 0
#    Time: 6493260 ns  Iteration: 5  Instance: /tb/MyRiscv/u_regfile/MUXA
# ** Warning: NUMERIC_STD.TO_INTEGER: metavalue detected, returning 0
#    Time: 6493260 ns  Iteration: 5  Instance: /tb/MyRiscv/u_regfile/MUXB
# ** Warning: NUMERIC_STD.TO_INTEGER: metavalue detected, returning 0
#    Time: 6508320 ns  Iteration: 2  Instance: /tb/MyRiscv/u_regfile/MUXB
# ** Warning: NUMERIC_STD.TO_INTEGER: metavalue detected, returning 0
#    Time: 6508320 ns  Iteration: 2  Instance: /tb/MyRiscv/u_regfile/MUXA
# ** Warning: NUMERIC_STD.TO_INTEGER: metavalue detected, returning 0
#    Time: 6508360 ns  Iteration: 5  Instance: /tb/MyRiscv/u_regfile/MUXA
# ** Warning: NUMERIC_STD.TO_INTEGER: metavalue detected, returning 0
#    Time: 6508360 ns  Iteration: 5  Instance: /tb/MyRiscv/u_regfile/MUXB
# ** Warning: NUMERIC_STD.TO_INTEGER: metavalue detected, returning 0
#    Time: 6523420 ns  Iteration: 2  Instance: /tb/MyRiscv/u_regfile/MUXB
# ** Warning: NUMERIC_STD.TO_INTEGER: metavalue detected, returning 0
#    Time: 6523420 ns  Iteration: 2  Instance: /tb/MyRiscv/u_regfile/MUXA
# ** Warning: NUMERIC_STD.TO_INTEGER: metavalue detected, returning 0
#    Time: 6523460 ns  Iteration: 5  Instance: /tb/MyRiscv/u_regfile/MUXA
# ** Warning: NUMERIC_STD.TO_INTEGER: metavalue detected, returning 0
#    Time: 6523460 ns  Iteration: 5  Instance: /tb/MyRiscv/u_regfile/MUXB
# ** Warning: NUMERIC_STD.TO_INTEGER: metavalue detected, returning 0
#    Time: 6538520 ns  Iteration: 2  Instance: /tb/MyRiscv/u_regfile/MUXB
# ** Warning: NUMERIC_STD.TO_INTEGER: metavalue detected, returning 0
#    Time: 6538520 ns  Iteration: 2  Instance: /tb/MyRiscv/u_regfile/MUXA
# ** Warning: NUMERIC_STD.TO_INTEGER: metavalue detected, returning 0
#    Time: 6538560 ns  Iteration: 5  Instance: /tb/MyRiscv/u_regfile/MUXA
# ** Warning: NUMERIC_STD.TO_INTEGER: metavalue detected, returning 0
#    Time: 6538560 ns  Iteration: 5  Instance: /tb/MyRiscv/u_regfile/MUXB
# ** Warning: NUMERIC_STD.TO_INTEGER: metavalue detected, returning 0
#    Time: 6553620 ns  Iteration: 2  Instance: /tb/MyRiscv/u_regfile/MUXB
# ** Warning: NUMERIC_STD.TO_INTEGER: metavalue detected, returning 0
#    Time: 6553620 ns  Iteration: 2  Instance: /tb/MyRiscv/u_regfile/MUXA
# ** Warning: NUMERIC_STD.TO_INTEGER: metavalue detected, returning 0
#    Time: 6553660 ns  Iteration: 5  Instance: /tb/MyRiscv/u_regfile/MUXA
# ** Warning: NUMERIC_STD.TO_INTEGER: metavalue detected, returning 0
#    Time: 6553660 ns  Iteration: 5  Instance: /tb/MyRiscv/u_regfile/MUXB
# ** Warning: NUMERIC_STD.TO_INTEGER: metavalue detected, returning 0
#    Time: 6568720 ns  Iteration: 2  Instance: /tb/MyRiscv/u_regfile/MUXB
# ** Warning: NUMERIC_STD.TO_INTEGER: metavalue detected, returning 0
#    Time: 6568720 ns  Iteration: 2  Instance: /tb/MyRiscv/u_regfile/MUXA
# ** Warning: NUMERIC_STD.TO_INTEGER: metavalue detected, returning 0
#    Time: 6568760 ns  Iteration: 5  Instance: /tb/MyRiscv/u_regfile/MUXA
# ** Warning: NUMERIC_STD.TO_INTEGER: metavalue detected, returning 0
#    Time: 6568760 ns  Iteration: 5  Instance: /tb/MyRiscv/u_regfile/MUXB
# ** Warning: NUMERIC_STD.TO_INTEGER: metavalue detected, returning 0
#    Time: 6583820 ns  Iteration: 2  Instance: /tb/MyRiscv/u_regfile/MUXB
# ** Warning: NUMERIC_STD.TO_INTEGER: metavalue detected, returning 0
#    Time: 6583820 ns  Iteration: 2  Instance: /tb/MyRiscv/u_regfile/MUXA
# ** Warning: NUMERIC_STD.TO_INTEGER: metavalue detected, returning 0
#    Time: 6583860 ns  Iteration: 5  Instance: /tb/MyRiscv/u_regfile/MUXA
# ** Warning: NUMERIC_STD.TO_INTEGER: metavalue detected, returning 0
#    Time: 6583860 ns  Iteration: 5  Instance: /tb/MyRiscv/u_regfile/MUXB
# ** Warning: NUMERIC_STD.TO_INTEGER: metavalue detected, returning 0
#    Time: 6598920 ns  Iteration: 2  Instance: /tb/MyRiscv/u_regfile/MUXB
# ** Warning: NUMERIC_STD.TO_INTEGER: metavalue detected, returning 0
#    Time: 6598920 ns  Iteration: 2  Instance: /tb/MyRiscv/u_regfile/MUXA
# ** Warning: NUMERIC_STD.TO_INTEGER: metavalue detected, returning 0
#    Time: 6598960 ns  Iteration: 5  Instance: /tb/MyRiscv/u_regfile/MUXA
# ** Warning: NUMERIC_STD.TO_INTEGER: metavalue detected, returning 0
#    Time: 6598960 ns  Iteration: 5  Instance: /tb/MyRiscv/u_regfile/MUXB
# ** Warning: NUMERIC_STD.TO_INTEGER: metavalue detected, returning 0
#    Time: 6614020 ns  Iteration: 2  Instance: /tb/MyRiscv/u_regfile/MUXB
# ** Warning: NUMERIC_STD.TO_INTEGER: metavalue detected, returning 0
#    Time: 6614020 ns  Iteration: 2  Instance: /tb/MyRiscv/u_regfile/MUXA
# ** Warning: NUMERIC_STD.TO_INTEGER: metavalue detected, returning 0
#    Time: 6614060 ns  Iteration: 5  Instance: /tb/MyRiscv/u_regfile/MUXA
# ** Warning: NUMERIC_STD.TO_INTEGER: metavalue detected, returning 0
#    Time: 6614060 ns  Iteration: 5  Instance: /tb/MyRiscv/u_regfile/MUXB
# ** Warning: NUMERIC_STD.TO_INTEGER: metavalue detected, returning 0
#    Time: 6629120 ns  Iteration: 2  Instance: /tb/MyRiscv/u_regfile/MUXB
# ** Warning: NUMERIC_STD.TO_INTEGER: metavalue detected, returning 0
#    Time: 6629120 ns  Iteration: 2  Instance: /tb/MyRiscv/u_regfile/MUXA
# ** Warning: NUMERIC_STD.TO_INTEGER: metavalue detected, returning 0
#    Time: 6629160 ns  Iteration: 5  Instance: /tb/MyRiscv/u_regfile/MUXA
# ** Warning: NUMERIC_STD.TO_INTEGER: metavalue detected, returning 0
#    Time: 6629160 ns  Iteration: 5  Instance: /tb/MyRiscv/u_regfile/MUXB
# ** Warning: NUMERIC_STD.TO_INTEGER: metavalue detected, returning 0
#    Time: 6644220 ns  Iteration: 2  Instance: /tb/MyRiscv/u_regfile/MUXB
# ** Warning: NUMERIC_STD.TO_INTEGER: metavalue detected, returning 0
#    Time: 6644220 ns  Iteration: 2  Instance: /tb/MyRiscv/u_regfile/MUXA
# ** Warning: NUMERIC_STD.TO_INTEGER: metavalue detected, returning 0
#    Time: 6644260 ns  Iteration: 5  Instance: /tb/MyRiscv/u_regfile/MUXA
# ** Warning: NUMERIC_STD.TO_INTEGER: metavalue detected, returning 0
#    Time: 6644260 ns  Iteration: 5  Instance: /tb/MyRiscv/u_regfile/MUXB
# ** Warning: NUMERIC_STD.TO_INTEGER: metavalue detected, returning 0
#    Time: 6659320 ns  Iteration: 2  Instance: /tb/MyRiscv/u_regfile/MUXB
# ** Warning: NUMERIC_STD.TO_INTEGER: metavalue detected, returning 0
#    Time: 6659320 ns  Iteration: 2  Instance: /tb/MyRiscv/u_regfile/MUXA
# ** Warning: NUMERIC_STD.TO_INTEGER: metavalue detected, returning 0
#    Time: 6659360 ns  Iteration: 5  Instance: /tb/MyRiscv/u_regfile/MUXA
# ** Warning: NUMERIC_STD.TO_INTEGER: metavalue detected, returning 0
#    Time: 6659360 ns  Iteration: 5  Instance: /tb/MyRiscv/u_regfile/MUXB
# ** Warning: NUMERIC_STD.TO_INTEGER: metavalue detected, returning 0
#    Time: 6674420 ns  Iteration: 2  Instance: /tb/MyRiscv/u_regfile/MUXB
# ** Warning: NUMERIC_STD.TO_INTEGER: metavalue detected, returning 0
#    Time: 6674420 ns  Iteration: 2  Instance: /tb/MyRiscv/u_regfile/MUXA
# ** Warning: NUMERIC_STD.TO_INTEGER: metavalue detected, returning 0
#    Time: 6674460 ns  Iteration: 5  Instance: /tb/MyRiscv/u_regfile/MUXA
# ** Warning: NUMERIC_STD.TO_INTEGER: metavalue detected, returning 0
#    Time: 6674460 ns  Iteration: 5  Instance: /tb/MyRiscv/u_regfile/MUXB
# ** Warning: NUMERIC_STD.TO_INTEGER: metavalue detected, returning 0
#    Time: 6689520 ns  Iteration: 2  Instance: /tb/MyRiscv/u_regfile/MUXB
# ** Warning: NUMERIC_STD.TO_INTEGER: metavalue detected, returning 0
#    Time: 6689520 ns  Iteration: 2  Instance: /tb/MyRiscv/u_regfile/MUXA
# ** Warning: NUMERIC_STD.TO_INTEGER: metavalue detected, returning 0
#    Time: 6689560 ns  Iteration: 5  Instance: /tb/MyRiscv/u_regfile/MUXA
# ** Warning: NUMERIC_STD.TO_INTEGER: metavalue detected, returning 0
#    Time: 6689560 ns  Iteration: 5  Instance: /tb/MyRiscv/u_regfile/MUXB
# ** Warning: NUMERIC_STD.TO_INTEGER: metavalue detected, returning 0
#    Time: 6704620 ns  Iteration: 2  Instance: /tb/MyRiscv/u_regfile/MUXB
# ** Warning: NUMERIC_STD.TO_INTEGER: metavalue detected, returning 0
#    Time: 6704620 ns  Iteration: 2  Instance: /tb/MyRiscv/u_regfile/MUXA
# ** Warning: NUMERIC_STD.TO_INTEGER: metavalue detected, returning 0
#    Time: 6704660 ns  Iteration: 5  Instance: /tb/MyRiscv/u_regfile/MUXA
# ** Warning: NUMERIC_STD.TO_INTEGER: metavalue detected, returning 0
#    Time: 6704660 ns  Iteration: 5  Instance: /tb/MyRiscv/u_regfile/MUXB
# ** Warning: NUMERIC_STD.TO_INTEGER: metavalue detected, returning 0
#    Time: 6719720 ns  Iteration: 2  Instance: /tb/MyRiscv/u_regfile/MUXB
# ** Warning: NUMERIC_STD.TO_INTEGER: metavalue detected, returning 0
#    Time: 6719720 ns  Iteration: 2  Instance: /tb/MyRiscv/u_regfile/MUXA
# ** Warning: NUMERIC_STD.TO_INTEGER: metavalue detected, returning 0
#    Time: 6719760 ns  Iteration: 5  Instance: /tb/MyRiscv/u_regfile/MUXA
# ** Warning: NUMERIC_STD.TO_INTEGER: metavalue detected, returning 0
#    Time: 6719760 ns  Iteration: 5  Instance: /tb/MyRiscv/u_regfile/MUXB
# ** Warning: NUMERIC_STD.TO_INTEGER: metavalue detected, returning 0
#    Time: 6734820 ns  Iteration: 2  Instance: /tb/MyRiscv/u_regfile/MUXB
# ** Warning: NUMERIC_STD.TO_INTEGER: metavalue detected, returning 0
#    Time: 6734820 ns  Iteration: 2  Instance: /tb/MyRiscv/u_regfile/MUXA
# ** Warning: NUMERIC_STD.TO_INTEGER: metavalue detected, returning 0
#    Time: 6734860 ns  Iteration: 5  Instance: /tb/MyRiscv/u_regfile/MUXA
# ** Warning: NUMERIC_STD.TO_INTEGER: metavalue detected, returning 0
#    Time: 6734860 ns  Iteration: 5  Instance: /tb/MyRiscv/u_regfile/MUXB
# ** Warning: NUMERIC_STD.TO_INTEGER: metavalue detected, returning 0
#    Time: 6749920 ns  Iteration: 2  Instance: /tb/MyRiscv/u_regfile/MUXB
# ** Warning: NUMERIC_STD.TO_INTEGER: metavalue detected, returning 0
#    Time: 6749920 ns  Iteration: 2  Instance: /tb/MyRiscv/u_regfile/MUXA
# ** Warning: NUMERIC_STD.TO_INTEGER: metavalue detected, returning 0
#    Time: 6749960 ns  Iteration: 5  Instance: /tb/MyRiscv/u_regfile/MUXA
# ** Warning: NUMERIC_STD.TO_INTEGER: metavalue detected, returning 0
#    Time: 6749960 ns  Iteration: 5  Instance: /tb/MyRiscv/u_regfile/MUXB
# ** Warning: NUMERIC_STD.TO_INTEGER: metavalue detected, returning 0
#    Time: 6765020 ns  Iteration: 2  Instance: /tb/MyRiscv/u_regfile/MUXB
# ** Warning: NUMERIC_STD.TO_INTEGER: metavalue detected, returning 0
#    Time: 6765020 ns  Iteration: 2  Instance: /tb/MyRiscv/u_regfile/MUXA
# ** Warning: NUMERIC_STD.TO_INTEGER: metavalue detected, returning 0
#    Time: 6765060 ns  Iteration: 5  Instance: /tb/MyRiscv/u_regfile/MUXA
# ** Warning: NUMERIC_STD.TO_INTEGER: metavalue detected, returning 0
#    Time: 6765060 ns  Iteration: 5  Instance: /tb/MyRiscv/u_regfile/MUXB
# ** Warning: NUMERIC_STD.TO_INTEGER: metavalue detected, returning 0
#    Time: 6780120 ns  Iteration: 2  Instance: /tb/MyRiscv/u_regfile/MUXB
# ** Warning: NUMERIC_STD.TO_INTEGER: metavalue detected, returning 0
#    Time: 6780120 ns  Iteration: 2  Instance: /tb/MyRiscv/u_regfile/MUXA
# ** Warning: NUMERIC_STD.TO_INTEGER: metavalue detected, returning 0
#    Time: 6780160 ns  Iteration: 5  Instance: /tb/MyRiscv/u_regfile/MUXA
# ** Warning: NUMERIC_STD.TO_INTEGER: metavalue detected, returning 0
#    Time: 6780160 ns  Iteration: 5  Instance: /tb/MyRiscv/u_regfile/MUXB
# ** Warning: NUMERIC_STD.TO_INTEGER: metavalue detected, returning 0
#    Time: 6795220 ns  Iteration: 2  Instance: /tb/MyRiscv/u_regfile/MUXB
# ** Warning: NUMERIC_STD.TO_INTEGER: metavalue detected, returning 0
#    Time: 6795220 ns  Iteration: 2  Instance: /tb/MyRiscv/u_regfile/MUXA
# ** Warning: NUMERIC_STD.TO_INTEGER: metavalue detected, returning 0
#    Time: 6795260 ns  Iteration: 5  Instance: /tb/MyRiscv/u_regfile/MUXA
# ** Warning: NUMERIC_STD.TO_INTEGER: metavalue detected, returning 0
#    Time: 6795260 ns  Iteration: 5  Instance: /tb/MyRiscv/u_regfile/MUXB
# ** Warning: NUMERIC_STD.TO_INTEGER: metavalue detected, returning 0
#    Time: 6810320 ns  Iteration: 2  Instance: /tb/MyRiscv/u_regfile/MUXB
# ** Warning: NUMERIC_STD.TO_INTEGER: metavalue detected, returning 0
#    Time: 6810320 ns  Iteration: 2  Instance: /tb/MyRiscv/u_regfile/MUXA
# ** Warning: NUMERIC_STD.TO_INTEGER: metavalue detected, returning 0
#    Time: 6810360 ns  Iteration: 5  Instance: /tb/MyRiscv/u_regfile/MUXA
# ** Warning: NUMERIC_STD.TO_INTEGER: metavalue detected, returning 0
#    Time: 6810360 ns  Iteration: 5  Instance: /tb/MyRiscv/u_regfile/MUXB
# ** Warning: NUMERIC_STD.TO_INTEGER: metavalue detected, returning 0
#    Time: 6825420 ns  Iteration: 2  Instance: /tb/MyRiscv/u_regfile/MUXB
# ** Warning: NUMERIC_STD.TO_INTEGER: metavalue detected, returning 0
#    Time: 6825420 ns  Iteration: 2  Instance: /tb/MyRiscv/u_regfile/MUXA
# ** Warning: NUMERIC_STD.TO_INTEGER: metavalue detected, returning 0
#    Time: 6825460 ns  Iteration: 5  Instance: /tb/MyRiscv/u_regfile/MUXA
# ** Warning: NUMERIC_STD.TO_INTEGER: metavalue detected, returning 0
#    Time: 6825460 ns  Iteration: 5  Instance: /tb/MyRiscv/u_regfile/MUXB
# ** Warning: NUMERIC_STD.TO_INTEGER: metavalue detected, returning 0
#    Time: 6840520 ns  Iteration: 2  Instance: /tb/MyRiscv/u_regfile/MUXB
# ** Warning: NUMERIC_STD.TO_INTEGER: metavalue detected, returning 0
#    Time: 6840520 ns  Iteration: 2  Instance: /tb/MyRiscv/u_regfile/MUXA
# ** Warning: NUMERIC_STD.TO_INTEGER: metavalue detected, returning 0
#    Time: 6840560 ns  Iteration: 5  Instance: /tb/MyRiscv/u_regfile/MUXA
# ** Warning: NUMERIC_STD.TO_INTEGER: metavalue detected, returning 0
#    Time: 6840560 ns  Iteration: 5  Instance: /tb/MyRiscv/u_regfile/MUXB
# ** Warning: NUMERIC_STD.TO_INTEGER: metavalue detected, returning 0
#    Time: 6855620 ns  Iteration: 2  Instance: /tb/MyRiscv/u_regfile/MUXB
# ** Warning: NUMERIC_STD.TO_INTEGER: metavalue detected, returning 0
#    Time: 6855620 ns  Iteration: 2  Instance: /tb/MyRiscv/u_regfile/MUXA
# ** Warning: NUMERIC_STD.TO_INTEGER: metavalue detected, returning 0
#    Time: 6855660 ns  Iteration: 5  Instance: /tb/MyRiscv/u_regfile/MUXA
# ** Warning: NUMERIC_STD.TO_INTEGER: metavalue detected, returning 0
#    Time: 6855660 ns  Iteration: 5  Instance: /tb/MyRiscv/u_regfile/MUXB
# ** Warning: NUMERIC_STD.TO_INTEGER: metavalue detected, returning 0
#    Time: 6870720 ns  Iteration: 2  Instance: /tb/MyRiscv/u_regfile/MUXB
# ** Warning: NUMERIC_STD.TO_INTEGER: metavalue detected, returning 0
#    Time: 6870720 ns  Iteration: 2  Instance: /tb/MyRiscv/u_regfile/MUXA
# ** Warning: NUMERIC_STD.TO_INTEGER: metavalue detected, returning 0
#    Time: 6870760 ns  Iteration: 5  Instance: /tb/MyRiscv/u_regfile/MUXA
# ** Warning: NUMERIC_STD.TO_INTEGER: metavalue detected, returning 0
#    Time: 6870760 ns  Iteration: 5  Instance: /tb/MyRiscv/u_regfile/MUXB
# ** Warning: NUMERIC_STD.TO_INTEGER: metavalue detected, returning 0
#    Time: 6885820 ns  Iteration: 2  Instance: /tb/MyRiscv/u_regfile/MUXB
# ** Warning: NUMERIC_STD.TO_INTEGER: metavalue detected, returning 0
#    Time: 6885820 ns  Iteration: 2  Instance: /tb/MyRiscv/u_regfile/MUXA
# ** Warning: NUMERIC_STD.TO_INTEGER: metavalue detected, returning 0
#    Time: 6885860 ns  Iteration: 5  Instance: /tb/MyRiscv/u_regfile/MUXA
# ** Warning: NUMERIC_STD.TO_INTEGER: metavalue detected, returning 0
#    Time: 6885860 ns  Iteration: 5  Instance: /tb/MyRiscv/u_regfile/MUXB
# ** Warning: NUMERIC_STD.TO_INTEGER: metavalue detected, returning 0
#    Time: 6900920 ns  Iteration: 2  Instance: /tb/MyRiscv/u_regfile/MUXB
# ** Warning: NUMERIC_STD.TO_INTEGER: metavalue detected, returning 0
#    Time: 6900920 ns  Iteration: 2  Instance: /tb/MyRiscv/u_regfile/MUXA
# ** Warning: NUMERIC_STD.TO_INTEGER: metavalue detected, returning 0
#    Time: 6900960 ns  Iteration: 5  Instance: /tb/MyRiscv/u_regfile/MUXA
# ** Warning: NUMERIC_STD.TO_INTEGER: metavalue detected, returning 0
#    Time: 6900960 ns  Iteration: 5  Instance: /tb/MyRiscv/u_regfile/MUXB
# ** Warning: NUMERIC_STD.TO_INTEGER: metavalue detected, returning 0
#    Time: 6916020 ns  Iteration: 2  Instance: /tb/MyRiscv/u_regfile/MUXB
# ** Warning: NUMERIC_STD.TO_INTEGER: metavalue detected, returning 0
#    Time: 6916020 ns  Iteration: 2  Instance: /tb/MyRiscv/u_regfile/MUXA
# ** Warning: NUMERIC_STD.TO_INTEGER: metavalue detected, returning 0
#    Time: 6916060 ns  Iteration: 5  Instance: /tb/MyRiscv/u_regfile/MUXA
# ** Warning: NUMERIC_STD.TO_INTEGER: metavalue detected, returning 0
#    Time: 6916060 ns  Iteration: 5  Instance: /tb/MyRiscv/u_regfile/MUXB
# ** Warning: NUMERIC_STD.TO_INTEGER: metavalue detected, returning 0
#    Time: 6931120 ns  Iteration: 2  Instance: /tb/MyRiscv/u_regfile/MUXB
# ** Warning: NUMERIC_STD.TO_INTEGER: metavalue detected, returning 0
#    Time: 6931120 ns  Iteration: 2  Instance: /tb/MyRiscv/u_regfile/MUXA
# ** Warning: NUMERIC_STD.TO_INTEGER: metavalue detected, returning 0
#    Time: 6931160 ns  Iteration: 5  Instance: /tb/MyRiscv/u_regfile/MUXA
# ** Warning: NUMERIC_STD.TO_INTEGER: metavalue detected, returning 0
#    Time: 6931160 ns  Iteration: 5  Instance: /tb/MyRiscv/u_regfile/MUXB
# ** Warning: NUMERIC_STD.TO_INTEGER: metavalue detected, returning 0
#    Time: 6946220 ns  Iteration: 2  Instance: /tb/MyRiscv/u_regfile/MUXB
# ** Warning: NUMERIC_STD.TO_INTEGER: metavalue detected, returning 0
#    Time: 6946220 ns  Iteration: 2  Instance: /tb/MyRiscv/u_regfile/MUXA
# ** Warning: NUMERIC_STD.TO_INTEGER: metavalue detected, returning 0
#    Time: 6946260 ns  Iteration: 5  Instance: /tb/MyRiscv/u_regfile/MUXA
# ** Warning: NUMERIC_STD.TO_INTEGER: metavalue detected, returning 0
#    Time: 6946260 ns  Iteration: 5  Instance: /tb/MyRiscv/u_regfile/MUXB
# ** Warning: NUMERIC_STD.TO_INTEGER: metavalue detected, returning 0
#    Time: 6961320 ns  Iteration: 2  Instance: /tb/MyRiscv/u_regfile/MUXB
# ** Warning: NUMERIC_STD.TO_INTEGER: metavalue detected, returning 0
#    Time: 6961320 ns  Iteration: 2  Instance: /tb/MyRiscv/u_regfile/MUXA
# ** Warning: NUMERIC_STD.TO_INTEGER: metavalue detected, returning 0
#    Time: 6961360 ns  Iteration: 5  Instance: /tb/MyRiscv/u_regfile/MUXA
# ** Warning: NUMERIC_STD.TO_INTEGER: metavalue detected, returning 0
#    Time: 6961360 ns  Iteration: 5  Instance: /tb/MyRiscv/u_regfile/MUXB
# ** Warning: NUMERIC_STD.TO_INTEGER: metavalue detected, returning 0
#    Time: 6976420 ns  Iteration: 2  Instance: /tb/MyRiscv/u_regfile/MUXB
# ** Warning: NUMERIC_STD.TO_INTEGER: metavalue detected, returning 0
#    Time: 6976420 ns  Iteration: 2  Instance: /tb/MyRiscv/u_regfile/MUXA
# ** Warning: NUMERIC_STD.TO_INTEGER: metavalue detected, returning 0
#    Time: 6976460 ns  Iteration: 5  Instance: /tb/MyRiscv/u_regfile/MUXA
# ** Warning: NUMERIC_STD.TO_INTEGER: metavalue detected, returning 0
#    Time: 6976460 ns  Iteration: 5  Instance: /tb/MyRiscv/u_regfile/MUXB
# ** Warning: NUMERIC_STD.TO_INTEGER: metavalue detected, returning 0
#    Time: 6991520 ns  Iteration: 2  Instance: /tb/MyRiscv/u_regfile/MUXB
# ** Warning: NUMERIC_STD.TO_INTEGER: metavalue detected, returning 0
#    Time: 6991520 ns  Iteration: 2  Instance: /tb/MyRiscv/u_regfile/MUXA
# ** Warning: NUMERIC_STD.TO_INTEGER: metavalue detected, returning 0
#    Time: 6991560 ns  Iteration: 5  Instance: /tb/MyRiscv/u_regfile/MUXA
# ** Warning: NUMERIC_STD.TO_INTEGER: metavalue detected, returning 0
#    Time: 6991560 ns  Iteration: 5  Instance: /tb/MyRiscv/u_regfile/MUXB
# ** Warning: NUMERIC_STD.TO_INTEGER: metavalue detected, returning 0
#    Time: 7006620 ns  Iteration: 2  Instance: /tb/MyRiscv/u_regfile/MUXB
# ** Warning: NUMERIC_STD.TO_INTEGER: metavalue detected, returning 0
#    Time: 7006620 ns  Iteration: 2  Instance: /tb/MyRiscv/u_regfile/MUXA
# ** Warning: NUMERIC_STD.TO_INTEGER: metavalue detected, returning 0
#    Time: 7006660 ns  Iteration: 5  Instance: /tb/MyRiscv/u_regfile/MUXA
# ** Warning: NUMERIC_STD.TO_INTEGER: metavalue detected, returning 0
#    Time: 7006660 ns  Iteration: 5  Instance: /tb/MyRiscv/u_regfile/MUXB
# ** Warning: NUMERIC_STD.TO_INTEGER: metavalue detected, returning 0
#    Time: 7021720 ns  Iteration: 2  Instance: /tb/MyRiscv/u_regfile/MUXB
# ** Warning: NUMERIC_STD.TO_INTEGER: metavalue detected, returning 0
#    Time: 7021720 ns  Iteration: 2  Instance: /tb/MyRiscv/u_regfile/MUXA
# ** Warning: NUMERIC_STD.TO_INTEGER: metavalue detected, returning 0
#    Time: 7021760 ns  Iteration: 5  Instance: /tb/MyRiscv/u_regfile/MUXA
# ** Warning: NUMERIC_STD.TO_INTEGER: metavalue detected, returning 0
#    Time: 7021760 ns  Iteration: 5  Instance: /tb/MyRiscv/u_regfile/MUXB
# ** Warning: NUMERIC_STD.TO_INTEGER: metavalue detected, returning 0
#    Time: 7036820 ns  Iteration: 2  Instance: /tb/MyRiscv/u_regfile/MUXB
# ** Warning: NUMERIC_STD.TO_INTEGER: metavalue detected, returning 0
#    Time: 7036820 ns  Iteration: 2  Instance: /tb/MyRiscv/u_regfile/MUXA
# ** Warning: NUMERIC_STD.TO_INTEGER: metavalue detected, returning 0
#    Time: 7036860 ns  Iteration: 5  Instance: /tb/MyRiscv/u_regfile/MUXA
# ** Warning: NUMERIC_STD.TO_INTEGER: metavalue detected, returning 0
#    Time: 7036860 ns  Iteration: 5  Instance: /tb/MyRiscv/u_regfile/MUXB
# ** Warning: NUMERIC_STD.TO_INTEGER: metavalue detected, returning 0
#    Time: 7051920 ns  Iteration: 2  Instance: /tb/MyRiscv/u_regfile/MUXB
# ** Warning: NUMERIC_STD.TO_INTEGER: metavalue detected, returning 0
#    Time: 7051920 ns  Iteration: 2  Instance: /tb/MyRiscv/u_regfile/MUXA
# ** Warning: NUMERIC_STD.TO_INTEGER: metavalue detected, returning 0
#    Time: 7051960 ns  Iteration: 5  Instance: /tb/MyRiscv/u_regfile/MUXA
# ** Warning: NUMERIC_STD.TO_INTEGER: metavalue detected, returning 0
#    Time: 7051960 ns  Iteration: 5  Instance: /tb/MyRiscv/u_regfile/MUXB
# ** Warning: NUMERIC_STD.TO_INTEGER: metavalue detected, returning 0
#    Time: 7067020 ns  Iteration: 2  Instance: /tb/MyRiscv/u_regfile/MUXB
# ** Warning: NUMERIC_STD.TO_INTEGER: metavalue detected, returning 0
#    Time: 7067020 ns  Iteration: 2  Instance: /tb/MyRiscv/u_regfile/MUXA
# ** Warning: NUMERIC_STD.TO_INTEGER: metavalue detected, returning 0
#    Time: 7067060 ns  Iteration: 5  Instance: /tb/MyRiscv/u_regfile/MUXA
# ** Warning: NUMERIC_STD.TO_INTEGER: metavalue detected, returning 0
#    Time: 7067060 ns  Iteration: 5  Instance: /tb/MyRiscv/u_regfile/MUXB
# ** Warning: NUMERIC_STD.TO_INTEGER: metavalue detected, returning 0
#    Time: 7082120 ns  Iteration: 2  Instance: /tb/MyRiscv/u_regfile/MUXB
# ** Warning: NUMERIC_STD.TO_INTEGER: metavalue detected, returning 0
#    Time: 7082120 ns  Iteration: 2  Instance: /tb/MyRiscv/u_regfile/MUXA
# ** Warning: NUMERIC_STD.TO_INTEGER: metavalue detected, returning 0
#    Time: 7082160 ns  Iteration: 5  Instance: /tb/MyRiscv/u_regfile/MUXA
# ** Warning: NUMERIC_STD.TO_INTEGER: metavalue detected, returning 0
#    Time: 7082160 ns  Iteration: 5  Instance: /tb/MyRiscv/u_regfile/MUXB
# ** Warning: NUMERIC_STD.TO_INTEGER: metavalue detected, returning 0
#    Time: 7097220 ns  Iteration: 2  Instance: /tb/MyRiscv/u_regfile/MUXB
# ** Warning: NUMERIC_STD.TO_INTEGER: metavalue detected, returning 0
#    Time: 7097220 ns  Iteration: 2  Instance: /tb/MyRiscv/u_regfile/MUXA
# ** Warning: NUMERIC_STD.TO_INTEGER: metavalue detected, returning 0
#    Time: 7097260 ns  Iteration: 5  Instance: /tb/MyRiscv/u_regfile/MUXA
# ** Warning: NUMERIC_STD.TO_INTEGER: metavalue detected, returning 0
#    Time: 7097260 ns  Iteration: 5  Instance: /tb/MyRiscv/u_regfile/MUXB
# ** Warning: NUMERIC_STD.TO_INTEGER: metavalue detected, returning 0
#    Time: 7112320 ns  Iteration: 2  Instance: /tb/MyRiscv/u_regfile/MUXB
# ** Warning: NUMERIC_STD.TO_INTEGER: metavalue detected, returning 0
#    Time: 7112320 ns  Iteration: 2  Instance: /tb/MyRiscv/u_regfile/MUXA
# ** Warning: NUMERIC_STD.TO_INTEGER: metavalue detected, returning 0
#    Time: 7112360 ns  Iteration: 5  Instance: /tb/MyRiscv/u_regfile/MUXA
# ** Warning: NUMERIC_STD.TO_INTEGER: metavalue detected, returning 0
#    Time: 7112360 ns  Iteration: 5  Instance: /tb/MyRiscv/u_regfile/MUXB
# ** Warning: NUMERIC_STD.TO_INTEGER: metavalue detected, returning 0
#    Time: 7127420 ns  Iteration: 2  Instance: /tb/MyRiscv/u_regfile/MUXB
# ** Warning: NUMERIC_STD.TO_INTEGER: metavalue detected, returning 0
#    Time: 7127420 ns  Iteration: 2  Instance: /tb/MyRiscv/u_regfile/MUXA
# ** Warning: NUMERIC_STD.TO_INTEGER: metavalue detected, returning 0
#    Time: 7127460 ns  Iteration: 5  Instance: /tb/MyRiscv/u_regfile/MUXA
# ** Warning: NUMERIC_STD.TO_INTEGER: metavalue detected, returning 0
#    Time: 7127460 ns  Iteration: 5  Instance: /tb/MyRiscv/u_regfile/MUXB
# ** Warning: NUMERIC_STD.TO_INTEGER: metavalue detected, returning 0
#    Time: 7142520 ns  Iteration: 2  Instance: /tb/MyRiscv/u_regfile/MUXB
# ** Warning: NUMERIC_STD.TO_INTEGER: metavalue detected, returning 0
#    Time: 7142520 ns  Iteration: 2  Instance: /tb/MyRiscv/u_regfile/MUXA
# ** Warning: NUMERIC_STD.TO_INTEGER: metavalue detected, returning 0
#    Time: 7142560 ns  Iteration: 5  Instance: /tb/MyRiscv/u_regfile/MUXA
# ** Warning: NUMERIC_STD.TO_INTEGER: metavalue detected, returning 0
#    Time: 7142560 ns  Iteration: 5  Instance: /tb/MyRiscv/u_regfile/MUXB
# ** Warning: NUMERIC_STD.TO_INTEGER: metavalue detected, returning 0
#    Time: 7157620 ns  Iteration: 2  Instance: /tb/MyRiscv/u_regfile/MUXB
# ** Warning: NUMERIC_STD.TO_INTEGER: metavalue detected, returning 0
#    Time: 7157620 ns  Iteration: 2  Instance: /tb/MyRiscv/u_regfile/MUXA
# ** Warning: NUMERIC_STD.TO_INTEGER: metavalue detected, returning 0
#    Time: 7157660 ns  Iteration: 5  Instance: /tb/MyRiscv/u_regfile/MUXA
# ** Warning: NUMERIC_STD.TO_INTEGER: metavalue detected, returning 0
#    Time: 7157660 ns  Iteration: 5  Instance: /tb/MyRiscv/u_regfile/MUXB
# ** Warning: NUMERIC_STD.TO_INTEGER: metavalue detected, returning 0
#    Time: 7172720 ns  Iteration: 2  Instance: /tb/MyRiscv/u_regfile/MUXB
# ** Warning: NUMERIC_STD.TO_INTEGER: metavalue detected, returning 0
#    Time: 7172720 ns  Iteration: 2  Instance: /tb/MyRiscv/u_regfile/MUXA
# ** Warning: NUMERIC_STD.TO_INTEGER: metavalue detected, returning 0
#    Time: 7172760 ns  Iteration: 5  Instance: /tb/MyRiscv/u_regfile/MUXA
# ** Warning: NUMERIC_STD.TO_INTEGER: metavalue detected, returning 0
#    Time: 7172760 ns  Iteration: 5  Instance: /tb/MyRiscv/u_regfile/MUXB
# ** Warning: NUMERIC_STD.TO_INTEGER: metavalue detected, returning 0
#    Time: 7187820 ns  Iteration: 2  Instance: /tb/MyRiscv/u_regfile/MUXB
# ** Warning: NUMERIC_STD.TO_INTEGER: metavalue detected, returning 0
#    Time: 7187820 ns  Iteration: 2  Instance: /tb/MyRiscv/u_regfile/MUXA
# ** Warning: NUMERIC_STD.TO_INTEGER: metavalue detected, returning 0
#    Time: 7187860 ns  Iteration: 5  Instance: /tb/MyRiscv/u_regfile/MUXA
# ** Warning: NUMERIC_STD.TO_INTEGER: metavalue detected, returning 0
#    Time: 7187860 ns  Iteration: 5  Instance: /tb/MyRiscv/u_regfile/MUXB
# ** Warning: NUMERIC_STD.TO_INTEGER: metavalue detected, returning 0
#    Time: 7202920 ns  Iteration: 2  Instance: /tb/MyRiscv/u_regfile/MUXB
# ** Warning: NUMERIC_STD.TO_INTEGER: metavalue detected, returning 0
#    Time: 7202920 ns  Iteration: 2  Instance: /tb/MyRiscv/u_regfile/MUXA
# ** Warning: NUMERIC_STD.TO_INTEGER: metavalue detected, returning 0
#    Time: 7202960 ns  Iteration: 5  Instance: /tb/MyRiscv/u_regfile/MUXA
# ** Warning: NUMERIC_STD.TO_INTEGER: metavalue detected, returning 0
#    Time: 7202960 ns  Iteration: 5  Instance: /tb/MyRiscv/u_regfile/MUXB
# ** Warning: NUMERIC_STD.TO_INTEGER: metavalue detected, returning 0
#    Time: 7218020 ns  Iteration: 2  Instance: /tb/MyRiscv/u_regfile/MUXB
# ** Warning: NUMERIC_STD.TO_INTEGER: metavalue detected, returning 0
#    Time: 7218020 ns  Iteration: 2  Instance: /tb/MyRiscv/u_regfile/MUXA
# ** Warning: NUMERIC_STD.TO_INTEGER: metavalue detected, returning 0
#    Time: 7218060 ns  Iteration: 5  Instance: /tb/MyRiscv/u_regfile/MUXA
# ** Warning: NUMERIC_STD.TO_INTEGER: metavalue detected, returning 0
#    Time: 7218060 ns  Iteration: 5  Instance: /tb/MyRiscv/u_regfile/MUXB
# ** Warning: NUMERIC_STD.TO_INTEGER: metavalue detected, returning 0
#    Time: 7233120 ns  Iteration: 2  Instance: /tb/MyRiscv/u_regfile/MUXB
# ** Warning: NUMERIC_STD.TO_INTEGER: metavalue detected, returning 0
#    Time: 7233120 ns  Iteration: 2  Instance: /tb/MyRiscv/u_regfile/MUXA
# ** Warning: NUMERIC_STD.TO_INTEGER: metavalue detected, returning 0
#    Time: 7233160 ns  Iteration: 5  Instance: /tb/MyRiscv/u_regfile/MUXA
# ** Warning: NUMERIC_STD.TO_INTEGER: metavalue detected, returning 0
#    Time: 7233160 ns  Iteration: 5  Instance: /tb/MyRiscv/u_regfile/MUXB
# ** Warning: NUMERIC_STD.TO_INTEGER: metavalue detected, returning 0
#    Time: 7248220 ns  Iteration: 2  Instance: /tb/MyRiscv/u_regfile/MUXB
# ** Warning: NUMERIC_STD.TO_INTEGER: metavalue detected, returning 0
#    Time: 7248220 ns  Iteration: 2  Instance: /tb/MyRiscv/u_regfile/MUXA
# ** Warning: NUMERIC_STD.TO_INTEGER: metavalue detected, returning 0
#    Time: 7248260 ns  Iteration: 5  Instance: /tb/MyRiscv/u_regfile/MUXA
# ** Warning: NUMERIC_STD.TO_INTEGER: metavalue detected, returning 0
#    Time: 7248260 ns  Iteration: 5  Instance: /tb/MyRiscv/u_regfile/MUXB
# ** Warning: NUMERIC_STD.TO_INTEGER: metavalue detected, returning 0
#    Time: 7263320 ns  Iteration: 2  Instance: /tb/MyRiscv/u_regfile/MUXB
# ** Warning: NUMERIC_STD.TO_INTEGER: metavalue detected, returning 0
#    Time: 7263320 ns  Iteration: 2  Instance: /tb/MyRiscv/u_regfile/MUXA
# ** Warning: NUMERIC_STD.TO_INTEGER: metavalue detected, returning 0
#    Time: 7263360 ns  Iteration: 5  Instance: /tb/MyRiscv/u_regfile/MUXA
# ** Warning: NUMERIC_STD.TO_INTEGER: metavalue detected, returning 0
#    Time: 7263360 ns  Iteration: 5  Instance: /tb/MyRiscv/u_regfile/MUXB
# ** Warning: NUMERIC_STD.TO_INTEGER: metavalue detected, returning 0
#    Time: 7278420 ns  Iteration: 2  Instance: /tb/MyRiscv/u_regfile/MUXB
# ** Warning: NUMERIC_STD.TO_INTEGER: metavalue detected, returning 0
#    Time: 7278420 ns  Iteration: 2  Instance: /tb/MyRiscv/u_regfile/MUXA
# ** Warning: NUMERIC_STD.TO_INTEGER: metavalue detected, returning 0
#    Time: 7278460 ns  Iteration: 5  Instance: /tb/MyRiscv/u_regfile/MUXA
# ** Warning: NUMERIC_STD.TO_INTEGER: metavalue detected, returning 0
#    Time: 7278460 ns  Iteration: 5  Instance: /tb/MyRiscv/u_regfile/MUXB
# ** Warning: NUMERIC_STD.TO_INTEGER: metavalue detected, returning 0
#    Time: 7293520 ns  Iteration: 2  Instance: /tb/MyRiscv/u_regfile/MUXB
# ** Warning: NUMERIC_STD.TO_INTEGER: metavalue detected, returning 0
#    Time: 7293520 ns  Iteration: 2  Instance: /tb/MyRiscv/u_regfile/MUXA
# ** Warning: NUMERIC_STD.TO_INTEGER: metavalue detected, returning 0
#    Time: 7293560 ns  Iteration: 5  Instance: /tb/MyRiscv/u_regfile/MUXA
# ** Warning: NUMERIC_STD.TO_INTEGER: metavalue detected, returning 0
#    Time: 7293560 ns  Iteration: 5  Instance: /tb/MyRiscv/u_regfile/MUXB
# ** Warning: NUMERIC_STD.TO_INTEGER: metavalue detected, returning 0
#    Time: 7308620 ns  Iteration: 2  Instance: /tb/MyRiscv/u_regfile/MUXB
# ** Warning: NUMERIC_STD.TO_INTEGER: metavalue detected, returning 0
#    Time: 7308620 ns  Iteration: 2  Instance: /tb/MyRiscv/u_regfile/MUXA
# ** Warning: NUMERIC_STD.TO_INTEGER: metavalue detected, returning 0
#    Time: 7308660 ns  Iteration: 5  Instance: /tb/MyRiscv/u_regfile/MUXA
# ** Warning: NUMERIC_STD.TO_INTEGER: metavalue detected, returning 0
#    Time: 7308660 ns  Iteration: 5  Instance: /tb/MyRiscv/u_regfile/MUXB
# ** Warning: NUMERIC_STD.TO_INTEGER: metavalue detected, returning 0
#    Time: 7323720 ns  Iteration: 2  Instance: /tb/MyRiscv/u_regfile/MUXB
# ** Warning: NUMERIC_STD.TO_INTEGER: metavalue detected, returning 0
#    Time: 7323720 ns  Iteration: 2  Instance: /tb/MyRiscv/u_regfile/MUXA
# ** Warning: NUMERIC_STD.TO_INTEGER: metavalue detected, returning 0
#    Time: 7323760 ns  Iteration: 5  Instance: /tb/MyRiscv/u_regfile/MUXA
# ** Warning: NUMERIC_STD.TO_INTEGER: metavalue detected, returning 0
#    Time: 7323760 ns  Iteration: 5  Instance: /tb/MyRiscv/u_regfile/MUXB
# ** Warning: NUMERIC_STD.TO_INTEGER: metavalue detected, returning 0
#    Time: 7338820 ns  Iteration: 2  Instance: /tb/MyRiscv/u_regfile/MUXB
# ** Warning: NUMERIC_STD.TO_INTEGER: metavalue detected, returning 0
#    Time: 7338820 ns  Iteration: 2  Instance: /tb/MyRiscv/u_regfile/MUXA
# ** Warning: NUMERIC_STD.TO_INTEGER: metavalue detected, returning 0
#    Time: 7338860 ns  Iteration: 5  Instance: /tb/MyRiscv/u_regfile/MUXA
# ** Warning: NUMERIC_STD.TO_INTEGER: metavalue detected, returning 0
#    Time: 7338860 ns  Iteration: 5  Instance: /tb/MyRiscv/u_regfile/MUXB
# ** Warning: NUMERIC_STD.TO_INTEGER: metavalue detected, returning 0
#    Time: 7353920 ns  Iteration: 2  Instance: /tb/MyRiscv/u_regfile/MUXB
# ** Warning: NUMERIC_STD.TO_INTEGER: metavalue detected, returning 0
#    Time: 7353920 ns  Iteration: 2  Instance: /tb/MyRiscv/u_regfile/MUXA
# ** Warning: NUMERIC_STD.TO_INTEGER: metavalue detected, returning 0
#    Time: 7353960 ns  Iteration: 5  Instance: /tb/MyRiscv/u_regfile/MUXA
# ** Warning: NUMERIC_STD.TO_INTEGER: metavalue detected, returning 0
#    Time: 7353960 ns  Iteration: 5  Instance: /tb/MyRiscv/u_regfile/MUXB
# ** Warning: NUMERIC_STD.TO_INTEGER: metavalue detected, returning 0
#    Time: 7369020 ns  Iteration: 2  Instance: /tb/MyRiscv/u_regfile/MUXB
# ** Warning: NUMERIC_STD.TO_INTEGER: metavalue detected, returning 0
#    Time: 7369020 ns  Iteration: 2  Instance: /tb/MyRiscv/u_regfile/MUXA
# ** Warning: NUMERIC_STD.TO_INTEGER: metavalue detected, returning 0
#    Time: 7369060 ns  Iteration: 5  Instance: /tb/MyRiscv/u_regfile/MUXA
# ** Warning: NUMERIC_STD.TO_INTEGER: metavalue detected, returning 0
#    Time: 7369060 ns  Iteration: 5  Instance: /tb/MyRiscv/u_regfile/MUXB
# ** Warning: NUMERIC_STD.TO_INTEGER: metavalue detected, returning 0
#    Time: 7384120 ns  Iteration: 2  Instance: /tb/MyRiscv/u_regfile/MUXB
# ** Warning: NUMERIC_STD.TO_INTEGER: metavalue detected, returning 0
#    Time: 7384120 ns  Iteration: 2  Instance: /tb/MyRiscv/u_regfile/MUXA
# ** Warning: NUMERIC_STD.TO_INTEGER: metavalue detected, returning 0
#    Time: 7384160 ns  Iteration: 5  Instance: /tb/MyRiscv/u_regfile/MUXA
# ** Warning: NUMERIC_STD.TO_INTEGER: metavalue detected, returning 0
#    Time: 7384160 ns  Iteration: 5  Instance: /tb/MyRiscv/u_regfile/MUXB
# ** Warning: NUMERIC_STD.TO_INTEGER: metavalue detected, returning 0
#    Time: 7399220 ns  Iteration: 2  Instance: /tb/MyRiscv/u_regfile/MUXB
# ** Warning: NUMERIC_STD.TO_INTEGER: metavalue detected, returning 0
#    Time: 7399220 ns  Iteration: 2  Instance: /tb/MyRiscv/u_regfile/MUXA
# ** Warning: NUMERIC_STD.TO_INTEGER: metavalue detected, returning 0
#    Time: 7399260 ns  Iteration: 5  Instance: /tb/MyRiscv/u_regfile/MUXA
# ** Warning: NUMERIC_STD.TO_INTEGER: metavalue detected, returning 0
#    Time: 7399260 ns  Iteration: 5  Instance: /tb/MyRiscv/u_regfile/MUXB
# ** Warning: NUMERIC_STD.TO_INTEGER: metavalue detected, returning 0
#    Time: 7414320 ns  Iteration: 2  Instance: /tb/MyRiscv/u_regfile/MUXB
# ** Warning: NUMERIC_STD.TO_INTEGER: metavalue detected, returning 0
#    Time: 7414320 ns  Iteration: 2  Instance: /tb/MyRiscv/u_regfile/MUXA
# ** Warning: NUMERIC_STD.TO_INTEGER: metavalue detected, returning 0
#    Time: 7414360 ns  Iteration: 5  Instance: /tb/MyRiscv/u_regfile/MUXA
# ** Warning: NUMERIC_STD.TO_INTEGER: metavalue detected, returning 0
#    Time: 7414360 ns  Iteration: 5  Instance: /tb/MyRiscv/u_regfile/MUXB
# ** Warning: NUMERIC_STD.TO_INTEGER: metavalue detected, returning 0
#    Time: 7429420 ns  Iteration: 2  Instance: /tb/MyRiscv/u_regfile/MUXB
# ** Warning: NUMERIC_STD.TO_INTEGER: metavalue detected, returning 0
#    Time: 7429420 ns  Iteration: 2  Instance: /tb/MyRiscv/u_regfile/MUXA
# ** Warning: NUMERIC_STD.TO_INTEGER: metavalue detected, returning 0
#    Time: 7429460 ns  Iteration: 5  Instance: /tb/MyRiscv/u_regfile/MUXA
# ** Warning: NUMERIC_STD.TO_INTEGER: metavalue detected, returning 0
#    Time: 7429460 ns  Iteration: 5  Instance: /tb/MyRiscv/u_regfile/MUXB
# ** Warning: NUMERIC_STD.TO_INTEGER: metavalue detected, returning 0
#    Time: 7444520 ns  Iteration: 2  Instance: /tb/MyRiscv/u_regfile/MUXB
# ** Warning: NUMERIC_STD.TO_INTEGER: metavalue detected, returning 0
#    Time: 7444520 ns  Iteration: 2  Instance: /tb/MyRiscv/u_regfile/MUXA
# ** Warning: NUMERIC_STD.TO_INTEGER: metavalue detected, returning 0
#    Time: 7444560 ns  Iteration: 5  Instance: /tb/MyRiscv/u_regfile/MUXA
# ** Warning: NUMERIC_STD.TO_INTEGER: metavalue detected, returning 0
#    Time: 7444560 ns  Iteration: 5  Instance: /tb/MyRiscv/u_regfile/MUXB
# ** Warning: NUMERIC_STD.TO_INTEGER: metavalue detected, returning 0
#    Time: 7459620 ns  Iteration: 2  Instance: /tb/MyRiscv/u_regfile/MUXB
# ** Warning: NUMERIC_STD.TO_INTEGER: metavalue detected, returning 0
#    Time: 7459620 ns  Iteration: 2  Instance: /tb/MyRiscv/u_regfile/MUXA
# ** Warning: NUMERIC_STD.TO_INTEGER: metavalue detected, returning 0
#    Time: 7459660 ns  Iteration: 5  Instance: /tb/MyRiscv/u_regfile/MUXA
# ** Warning: NUMERIC_STD.TO_INTEGER: metavalue detected, returning 0
#    Time: 7459660 ns  Iteration: 5  Instance: /tb/MyRiscv/u_regfile/MUXB
# ** Warning: NUMERIC_STD.TO_INTEGER: metavalue detected, returning 0
#    Time: 7474720 ns  Iteration: 2  Instance: /tb/MyRiscv/u_regfile/MUXB
# ** Warning: NUMERIC_STD.TO_INTEGER: metavalue detected, returning 0
#    Time: 7474720 ns  Iteration: 2  Instance: /tb/MyRiscv/u_regfile/MUXA
# ** Warning: NUMERIC_STD.TO_INTEGER: metavalue detected, returning 0
#    Time: 7474760 ns  Iteration: 5  Instance: /tb/MyRiscv/u_regfile/MUXA
# ** Warning: NUMERIC_STD.TO_INTEGER: metavalue detected, returning 0
#    Time: 7474760 ns  Iteration: 5  Instance: /tb/MyRiscv/u_regfile/MUXB
# ** Warning: NUMERIC_STD.TO_INTEGER: metavalue detected, returning 0
#    Time: 7489820 ns  Iteration: 2  Instance: /tb/MyRiscv/u_regfile/MUXB
# ** Warning: NUMERIC_STD.TO_INTEGER: metavalue detected, returning 0
#    Time: 7489820 ns  Iteration: 2  Instance: /tb/MyRiscv/u_regfile/MUXA
# ** Warning: NUMERIC_STD.TO_INTEGER: metavalue detected, returning 0
#    Time: 7489860 ns  Iteration: 5  Instance: /tb/MyRiscv/u_regfile/MUXA
# ** Warning: NUMERIC_STD.TO_INTEGER: metavalue detected, returning 0
#    Time: 7489860 ns  Iteration: 5  Instance: /tb/MyRiscv/u_regfile/MUXB
# ** Warning: NUMERIC_STD.TO_INTEGER: metavalue detected, returning 0
#    Time: 7504920 ns  Iteration: 2  Instance: /tb/MyRiscv/u_regfile/MUXB
# ** Warning: NUMERIC_STD.TO_INTEGER: metavalue detected, returning 0
#    Time: 7504920 ns  Iteration: 2  Instance: /tb/MyRiscv/u_regfile/MUXA
# ** Warning: NUMERIC_STD.TO_INTEGER: metavalue detected, returning 0
#    Time: 7504960 ns  Iteration: 5  Instance: /tb/MyRiscv/u_regfile/MUXA
# ** Warning: NUMERIC_STD.TO_INTEGER: metavalue detected, returning 0
#    Time: 7504960 ns  Iteration: 5  Instance: /tb/MyRiscv/u_regfile/MUXB
# ** Warning: NUMERIC_STD.TO_INTEGER: metavalue detected, returning 0
#    Time: 7520020 ns  Iteration: 2  Instance: /tb/MyRiscv/u_regfile/MUXB
# ** Warning: NUMERIC_STD.TO_INTEGER: metavalue detected, returning 0
#    Time: 7520020 ns  Iteration: 2  Instance: /tb/MyRiscv/u_regfile/MUXA
# ** Warning: NUMERIC_STD.TO_INTEGER: metavalue detected, returning 0
#    Time: 7520060 ns  Iteration: 5  Instance: /tb/MyRiscv/u_regfile/MUXA
# ** Warning: NUMERIC_STD.TO_INTEGER: metavalue detected, returning 0
#    Time: 7520060 ns  Iteration: 5  Instance: /tb/MyRiscv/u_regfile/MUXB
# ** Warning: NUMERIC_STD.TO_INTEGER: metavalue detected, returning 0
#    Time: 7535120 ns  Iteration: 2  Instance: /tb/MyRiscv/u_regfile/MUXB
# ** Warning: NUMERIC_STD.TO_INTEGER: metavalue detected, returning 0
#    Time: 7535120 ns  Iteration: 2  Instance: /tb/MyRiscv/u_regfile/MUXA
# ** Warning: NUMERIC_STD.TO_INTEGER: metavalue detected, returning 0
#    Time: 7535160 ns  Iteration: 5  Instance: /tb/MyRiscv/u_regfile/MUXA
# ** Warning: NUMERIC_STD.TO_INTEGER: metavalue detected, returning 0
#    Time: 7535160 ns  Iteration: 5  Instance: /tb/MyRiscv/u_regfile/MUXB
# ** Warning: NUMERIC_STD.TO_INTEGER: metavalue detected, returning 0
#    Time: 7550220 ns  Iteration: 2  Instance: /tb/MyRiscv/u_regfile/MUXB
# ** Warning: NUMERIC_STD.TO_INTEGER: metavalue detected, returning 0
#    Time: 7550220 ns  Iteration: 2  Instance: /tb/MyRiscv/u_regfile/MUXA
# ** Warning: NUMERIC_STD.TO_INTEGER: metavalue detected, returning 0
#    Time: 7550260 ns  Iteration: 5  Instance: /tb/MyRiscv/u_regfile/MUXA
# ** Warning: NUMERIC_STD.TO_INTEGER: metavalue detected, returning 0
#    Time: 7550260 ns  Iteration: 5  Instance: /tb/MyRiscv/u_regfile/MUXB
# ** Warning: NUMERIC_STD.TO_INTEGER: metavalue detected, returning 0
#    Time: 7565320 ns  Iteration: 2  Instance: /tb/MyRiscv/u_regfile/MUXB
# ** Warning: NUMERIC_STD.TO_INTEGER: metavalue detected, returning 0
#    Time: 7565320 ns  Iteration: 2  Instance: /tb/MyRiscv/u_regfile/MUXA
# ** Warning: NUMERIC_STD.TO_INTEGER: metavalue detected, returning 0
#    Time: 7565360 ns  Iteration: 5  Instance: /tb/MyRiscv/u_regfile/MUXA
# ** Warning: NUMERIC_STD.TO_INTEGER: metavalue detected, returning 0
#    Time: 7565360 ns  Iteration: 5  Instance: /tb/MyRiscv/u_regfile/MUXB
# ** Warning: NUMERIC_STD.TO_INTEGER: metavalue detected, returning 0
#    Time: 7580420 ns  Iteration: 2  Instance: /tb/MyRiscv/u_regfile/MUXB
# ** Warning: NUMERIC_STD.TO_INTEGER: metavalue detected, returning 0
#    Time: 7580420 ns  Iteration: 2  Instance: /tb/MyRiscv/u_regfile/MUXA
# ** Warning: NUMERIC_STD.TO_INTEGER: metavalue detected, returning 0
#    Time: 7580460 ns  Iteration: 5  Instance: /tb/MyRiscv/u_regfile/MUXA
# ** Warning: NUMERIC_STD.TO_INTEGER: metavalue detected, returning 0
#    Time: 7580460 ns  Iteration: 5  Instance: /tb/MyRiscv/u_regfile/MUXB
# ** Warning: NUMERIC_STD.TO_INTEGER: metavalue detected, returning 0
#    Time: 7595520 ns  Iteration: 2  Instance: /tb/MyRiscv/u_regfile/MUXB
# ** Warning: NUMERIC_STD.TO_INTEGER: metavalue detected, returning 0
#    Time: 7595520 ns  Iteration: 2  Instance: /tb/MyRiscv/u_regfile/MUXA
# ** Warning: NUMERIC_STD.TO_INTEGER: metavalue detected, returning 0
#    Time: 7595560 ns  Iteration: 5  Instance: /tb/MyRiscv/u_regfile/MUXA
# ** Warning: NUMERIC_STD.TO_INTEGER: metavalue detected, returning 0
#    Time: 7595560 ns  Iteration: 5  Instance: /tb/MyRiscv/u_regfile/MUXB
# ** Warning: NUMERIC_STD.TO_INTEGER: metavalue detected, returning 0
#    Time: 7610620 ns  Iteration: 2  Instance: /tb/MyRiscv/u_regfile/MUXB
# ** Warning: NUMERIC_STD.TO_INTEGER: metavalue detected, returning 0
#    Time: 7610620 ns  Iteration: 2  Instance: /tb/MyRiscv/u_regfile/MUXA
# ** Warning: NUMERIC_STD.TO_INTEGER: metavalue detected, returning 0
#    Time: 7610660 ns  Iteration: 5  Instance: /tb/MyRiscv/u_regfile/MUXA
# ** Warning: NUMERIC_STD.TO_INTEGER: metavalue detected, returning 0
#    Time: 7610660 ns  Iteration: 5  Instance: /tb/MyRiscv/u_regfile/MUXB
# ** Warning: NUMERIC_STD.TO_INTEGER: metavalue detected, returning 0
#    Time: 7625720 ns  Iteration: 2  Instance: /tb/MyRiscv/u_regfile/MUXB
# ** Warning: NUMERIC_STD.TO_INTEGER: metavalue detected, returning 0
#    Time: 7625720 ns  Iteration: 2  Instance: /tb/MyRiscv/u_regfile/MUXA
# ** Warning: NUMERIC_STD.TO_INTEGER: metavalue detected, returning 0
#    Time: 7625760 ns  Iteration: 5  Instance: /tb/MyRiscv/u_regfile/MUXA
# ** Warning: NUMERIC_STD.TO_INTEGER: metavalue detected, returning 0
#    Time: 7625760 ns  Iteration: 5  Instance: /tb/MyRiscv/u_regfile/MUXB
# ** Warning: NUMERIC_STD.TO_INTEGER: metavalue detected, returning 0
#    Time: 7640820 ns  Iteration: 2  Instance: /tb/MyRiscv/u_regfile/MUXB
# ** Warning: NUMERIC_STD.TO_INTEGER: metavalue detected, returning 0
#    Time: 7640820 ns  Iteration: 2  Instance: /tb/MyRiscv/u_regfile/MUXA
# ** Warning: NUMERIC_STD.TO_INTEGER: metavalue detected, returning 0
#    Time: 7640860 ns  Iteration: 5  Instance: /tb/MyRiscv/u_regfile/MUXA
# ** Warning: NUMERIC_STD.TO_INTEGER: metavalue detected, returning 0
#    Time: 7640860 ns  Iteration: 5  Instance: /tb/MyRiscv/u_regfile/MUXB
# ** Warning: NUMERIC_STD.TO_INTEGER: metavalue detected, returning 0
#    Time: 7655920 ns  Iteration: 2  Instance: /tb/MyRiscv/u_regfile/MUXB
# ** Warning: NUMERIC_STD.TO_INTEGER: metavalue detected, returning 0
#    Time: 7655920 ns  Iteration: 2  Instance: /tb/MyRiscv/u_regfile/MUXA
# ** Warning: NUMERIC_STD.TO_INTEGER: metavalue detected, returning 0
#    Time: 7655960 ns  Iteration: 5  Instance: /tb/MyRiscv/u_regfile/MUXA
# ** Warning: NUMERIC_STD.TO_INTEGER: metavalue detected, returning 0
#    Time: 7655960 ns  Iteration: 5  Instance: /tb/MyRiscv/u_regfile/MUXB
# ** Warning: NUMERIC_STD.TO_INTEGER: metavalue detected, returning 0
#    Time: 7671020 ns  Iteration: 2  Instance: /tb/MyRiscv/u_regfile/MUXB
# ** Warning: NUMERIC_STD.TO_INTEGER: metavalue detected, returning 0
#    Time: 7671020 ns  Iteration: 2  Instance: /tb/MyRiscv/u_regfile/MUXA
# ** Warning: NUMERIC_STD.TO_INTEGER: metavalue detected, returning 0
#    Time: 7671060 ns  Iteration: 5  Instance: /tb/MyRiscv/u_regfile/MUXA
# ** Warning: NUMERIC_STD.TO_INTEGER: metavalue detected, returning 0
#    Time: 7671060 ns  Iteration: 5  Instance: /tb/MyRiscv/u_regfile/MUXB
# ** Warning: NUMERIC_STD.TO_INTEGER: metavalue detected, returning 0
#    Time: 7686120 ns  Iteration: 2  Instance: /tb/MyRiscv/u_regfile/MUXB
# ** Warning: NUMERIC_STD.TO_INTEGER: metavalue detected, returning 0
#    Time: 7686120 ns  Iteration: 2  Instance: /tb/MyRiscv/u_regfile/MUXA
# ** Warning: NUMERIC_STD.TO_INTEGER: metavalue detected, returning 0
#    Time: 7686160 ns  Iteration: 5  Instance: /tb/MyRiscv/u_regfile/MUXA
# ** Warning: NUMERIC_STD.TO_INTEGER: metavalue detected, returning 0
#    Time: 7686160 ns  Iteration: 5  Instance: /tb/MyRiscv/u_regfile/MUXB
# ** Warning: NUMERIC_STD.TO_INTEGER: metavalue detected, returning 0
#    Time: 7701220 ns  Iteration: 2  Instance: /tb/MyRiscv/u_regfile/MUXB
# ** Warning: NUMERIC_STD.TO_INTEGER: metavalue detected, returning 0
#    Time: 7701220 ns  Iteration: 2  Instance: /tb/MyRiscv/u_regfile/MUXA
# ** Warning: NUMERIC_STD.TO_INTEGER: metavalue detected, returning 0
#    Time: 7701260 ns  Iteration: 5  Instance: /tb/MyRiscv/u_regfile/MUXA
# ** Warning: NUMERIC_STD.TO_INTEGER: metavalue detected, returning 0
#    Time: 7701260 ns  Iteration: 5  Instance: /tb/MyRiscv/u_regfile/MUXB
# ** Warning: NUMERIC_STD.TO_INTEGER: metavalue detected, returning 0
#    Time: 7716320 ns  Iteration: 2  Instance: /tb/MyRiscv/u_regfile/MUXB
# ** Warning: NUMERIC_STD.TO_INTEGER: metavalue detected, returning 0
#    Time: 7716320 ns  Iteration: 2  Instance: /tb/MyRiscv/u_regfile/MUXA
# ** Warning: NUMERIC_STD.TO_INTEGER: metavalue detected, returning 0
#    Time: 7716360 ns  Iteration: 5  Instance: /tb/MyRiscv/u_regfile/MUXA
# ** Warning: NUMERIC_STD.TO_INTEGER: metavalue detected, returning 0
#    Time: 7716360 ns  Iteration: 5  Instance: /tb/MyRiscv/u_regfile/MUXB
# ** Warning: NUMERIC_STD.TO_INTEGER: metavalue detected, returning 0
#    Time: 7731420 ns  Iteration: 2  Instance: /tb/MyRiscv/u_regfile/MUXB
# ** Warning: NUMERIC_STD.TO_INTEGER: metavalue detected, returning 0
#    Time: 7731420 ns  Iteration: 2  Instance: /tb/MyRiscv/u_regfile/MUXA
# ** Warning: NUMERIC_STD.TO_INTEGER: metavalue detected, returning 0
#    Time: 7731460 ns  Iteration: 5  Instance: /tb/MyRiscv/u_regfile/MUXA
# ** Warning: NUMERIC_STD.TO_INTEGER: metavalue detected, returning 0
#    Time: 7731460 ns  Iteration: 5  Instance: /tb/MyRiscv/u_regfile/MUXB
# ** Warning: NUMERIC_STD.TO_INTEGER: metavalue detected, returning 0
#    Time: 7746520 ns  Iteration: 2  Instance: /tb/MyRiscv/u_regfile/MUXB
# ** Warning: NUMERIC_STD.TO_INTEGER: metavalue detected, returning 0
#    Time: 7746520 ns  Iteration: 2  Instance: /tb/MyRiscv/u_regfile/MUXA
# ** Warning: NUMERIC_STD.TO_INTEGER: metavalue detected, returning 0
#    Time: 7746560 ns  Iteration: 5  Instance: /tb/MyRiscv/u_regfile/MUXA
# ** Warning: NUMERIC_STD.TO_INTEGER: metavalue detected, returning 0
#    Time: 7746560 ns  Iteration: 5  Instance: /tb/MyRiscv/u_regfile/MUXB
# ** Warning: NUMERIC_STD.TO_INTEGER: metavalue detected, returning 0
#    Time: 7761620 ns  Iteration: 2  Instance: /tb/MyRiscv/u_regfile/MUXB
# ** Warning: NUMERIC_STD.TO_INTEGER: metavalue detected, returning 0
#    Time: 7761620 ns  Iteration: 2  Instance: /tb/MyRiscv/u_regfile/MUXA
# ** Warning: NUMERIC_STD.TO_INTEGER: metavalue detected, returning 0
#    Time: 7761660 ns  Iteration: 5  Instance: /tb/MyRiscv/u_regfile/MUXA
# ** Warning: NUMERIC_STD.TO_INTEGER: metavalue detected, returning 0
#    Time: 7761660 ns  Iteration: 5  Instance: /tb/MyRiscv/u_regfile/MUXB
# ** Warning: NUMERIC_STD.TO_INTEGER: metavalue detected, returning 0
#    Time: 7776720 ns  Iteration: 2  Instance: /tb/MyRiscv/u_regfile/MUXB
# ** Warning: NUMERIC_STD.TO_INTEGER: metavalue detected, returning 0
#    Time: 7776720 ns  Iteration: 2  Instance: /tb/MyRiscv/u_regfile/MUXA
# ** Warning: NUMERIC_STD.TO_INTEGER: metavalue detected, returning 0
#    Time: 7776760 ns  Iteration: 5  Instance: /tb/MyRiscv/u_regfile/MUXA
# ** Warning: NUMERIC_STD.TO_INTEGER: metavalue detected, returning 0
#    Time: 7776760 ns  Iteration: 5  Instance: /tb/MyRiscv/u_regfile/MUXB
# ** Warning: NUMERIC_STD.TO_INTEGER: metavalue detected, returning 0
#    Time: 7791820 ns  Iteration: 2  Instance: /tb/MyRiscv/u_regfile/MUXB
# ** Warning: NUMERIC_STD.TO_INTEGER: metavalue detected, returning 0
#    Time: 7791820 ns  Iteration: 2  Instance: /tb/MyRiscv/u_regfile/MUXA
# ** Warning: NUMERIC_STD.TO_INTEGER: metavalue detected, returning 0
#    Time: 7791860 ns  Iteration: 5  Instance: /tb/MyRiscv/u_regfile/MUXA
# ** Warning: NUMERIC_STD.TO_INTEGER: metavalue detected, returning 0
#    Time: 7791860 ns  Iteration: 5  Instance: /tb/MyRiscv/u_regfile/MUXB
# ** Warning: NUMERIC_STD.TO_INTEGER: metavalue detected, returning 0
#    Time: 7806920 ns  Iteration: 2  Instance: /tb/MyRiscv/u_regfile/MUXB
# ** Warning: NUMERIC_STD.TO_INTEGER: metavalue detected, returning 0
#    Time: 7806920 ns  Iteration: 2  Instance: /tb/MyRiscv/u_regfile/MUXA
# ** Warning: NUMERIC_STD.TO_INTEGER: metavalue detected, returning 0
#    Time: 7806960 ns  Iteration: 5  Instance: /tb/MyRiscv/u_regfile/MUXA
# ** Warning: NUMERIC_STD.TO_INTEGER: metavalue detected, returning 0
#    Time: 7806960 ns  Iteration: 5  Instance: /tb/MyRiscv/u_regfile/MUXB
# ** Warning: NUMERIC_STD.TO_INTEGER: metavalue detected, returning 0
#    Time: 7822020 ns  Iteration: 2  Instance: /tb/MyRiscv/u_regfile/MUXB
# ** Warning: NUMERIC_STD.TO_INTEGER: metavalue detected, returning 0
#    Time: 7822020 ns  Iteration: 2  Instance: /tb/MyRiscv/u_regfile/MUXA
# ** Warning: NUMERIC_STD.TO_INTEGER: metavalue detected, returning 0
#    Time: 7822060 ns  Iteration: 5  Instance: /tb/MyRiscv/u_regfile/MUXA
# ** Warning: NUMERIC_STD.TO_INTEGER: metavalue detected, returning 0
#    Time: 7822060 ns  Iteration: 5  Instance: /tb/MyRiscv/u_regfile/MUXB
# ** Warning: NUMERIC_STD.TO_INTEGER: metavalue detected, returning 0
#    Time: 7837120 ns  Iteration: 2  Instance: /tb/MyRiscv/u_regfile/MUXB
# ** Warning: NUMERIC_STD.TO_INTEGER: metavalue detected, returning 0
#    Time: 7837120 ns  Iteration: 2  Instance: /tb/MyRiscv/u_regfile/MUXA
# ** Warning: NUMERIC_STD.TO_INTEGER: metavalue detected, returning 0
#    Time: 7837160 ns  Iteration: 5  Instance: /tb/MyRiscv/u_regfile/MUXA
# ** Warning: NUMERIC_STD.TO_INTEGER: metavalue detected, returning 0
#    Time: 7837160 ns  Iteration: 5  Instance: /tb/MyRiscv/u_regfile/MUXB
# ** Warning: NUMERIC_STD.TO_INTEGER: metavalue detected, returning 0
#    Time: 7852220 ns  Iteration: 2  Instance: /tb/MyRiscv/u_regfile/MUXB
# ** Warning: NUMERIC_STD.TO_INTEGER: metavalue detected, returning 0
#    Time: 7852220 ns  Iteration: 2  Instance: /tb/MyRiscv/u_regfile/MUXA
# ** Warning: NUMERIC_STD.TO_INTEGER: metavalue detected, returning 0
#    Time: 7852260 ns  Iteration: 5  Instance: /tb/MyRiscv/u_regfile/MUXA
# ** Warning: NUMERIC_STD.TO_INTEGER: metavalue detected, returning 0
#    Time: 7852260 ns  Iteration: 5  Instance: /tb/MyRiscv/u_regfile/MUXB
# ** Warning: NUMERIC_STD.TO_INTEGER: metavalue detected, returning 0
#    Time: 7867320 ns  Iteration: 2  Instance: /tb/MyRiscv/u_regfile/MUXB
# ** Warning: NUMERIC_STD.TO_INTEGER: metavalue detected, returning 0
#    Time: 7867320 ns  Iteration: 2  Instance: /tb/MyRiscv/u_regfile/MUXA
# ** Warning: NUMERIC_STD.TO_INTEGER: metavalue detected, returning 0
#    Time: 7867360 ns  Iteration: 5  Instance: /tb/MyRiscv/u_regfile/MUXA
# ** Warning: NUMERIC_STD.TO_INTEGER: metavalue detected, returning 0
#    Time: 7867360 ns  Iteration: 5  Instance: /tb/MyRiscv/u_regfile/MUXB
# ** Warning: NUMERIC_STD.TO_INTEGER: metavalue detected, returning 0
#    Time: 7882420 ns  Iteration: 2  Instance: /tb/MyRiscv/u_regfile/MUXB
# ** Warning: NUMERIC_STD.TO_INTEGER: metavalue detected, returning 0
#    Time: 7882420 ns  Iteration: 2  Instance: /tb/MyRiscv/u_regfile/MUXA
# ** Warning: NUMERIC_STD.TO_INTEGER: metavalue detected, returning 0
#    Time: 7882460 ns  Iteration: 5  Instance: /tb/MyRiscv/u_regfile/MUXA
# ** Warning: NUMERIC_STD.TO_INTEGER: metavalue detected, returning 0
#    Time: 7882460 ns  Iteration: 5  Instance: /tb/MyRiscv/u_regfile/MUXB
# ** Warning: NUMERIC_STD.TO_INTEGER: metavalue detected, returning 0
#    Time: 7897520 ns  Iteration: 2  Instance: /tb/MyRiscv/u_regfile/MUXB
# ** Warning: NUMERIC_STD.TO_INTEGER: metavalue detected, returning 0
#    Time: 7897520 ns  Iteration: 2  Instance: /tb/MyRiscv/u_regfile/MUXA
# ** Warning: NUMERIC_STD.TO_INTEGER: metavalue detected, returning 0
#    Time: 7897560 ns  Iteration: 5  Instance: /tb/MyRiscv/u_regfile/MUXA
# ** Warning: NUMERIC_STD.TO_INTEGER: metavalue detected, returning 0
#    Time: 7897560 ns  Iteration: 5  Instance: /tb/MyRiscv/u_regfile/MUXB
# ** Warning: NUMERIC_STD.TO_INTEGER: metavalue detected, returning 0
#    Time: 7912620 ns  Iteration: 2  Instance: /tb/MyRiscv/u_regfile/MUXB
# ** Warning: NUMERIC_STD.TO_INTEGER: metavalue detected, returning 0
#    Time: 7912620 ns  Iteration: 2  Instance: /tb/MyRiscv/u_regfile/MUXA
# ** Warning: NUMERIC_STD.TO_INTEGER: metavalue detected, returning 0
#    Time: 7912660 ns  Iteration: 5  Instance: /tb/MyRiscv/u_regfile/MUXA
# ** Warning: NUMERIC_STD.TO_INTEGER: metavalue detected, returning 0
#    Time: 7912660 ns  Iteration: 5  Instance: /tb/MyRiscv/u_regfile/MUXB
# ** Warning: NUMERIC_STD.TO_INTEGER: metavalue detected, returning 0
#    Time: 7927720 ns  Iteration: 2  Instance: /tb/MyRiscv/u_regfile/MUXB
# ** Warning: NUMERIC_STD.TO_INTEGER: metavalue detected, returning 0
#    Time: 7927720 ns  Iteration: 2  Instance: /tb/MyRiscv/u_regfile/MUXA
# ** Warning: NUMERIC_STD.TO_INTEGER: metavalue detected, returning 0
#    Time: 7927760 ns  Iteration: 5  Instance: /tb/MyRiscv/u_regfile/MUXA
# ** Warning: NUMERIC_STD.TO_INTEGER: metavalue detected, returning 0
#    Time: 7927760 ns  Iteration: 5  Instance: /tb/MyRiscv/u_regfile/MUXB
# ** Warning: NUMERIC_STD.TO_INTEGER: metavalue detected, returning 0
#    Time: 7942820 ns  Iteration: 2  Instance: /tb/MyRiscv/u_regfile/MUXB
# ** Warning: NUMERIC_STD.TO_INTEGER: metavalue detected, returning 0
#    Time: 7942820 ns  Iteration: 2  Instance: /tb/MyRiscv/u_regfile/MUXA
# ** Warning: NUMERIC_STD.TO_INTEGER: metavalue detected, returning 0
#    Time: 7942860 ns  Iteration: 5  Instance: /tb/MyRiscv/u_regfile/MUXA
# ** Warning: NUMERIC_STD.TO_INTEGER: metavalue detected, returning 0
#    Time: 7942860 ns  Iteration: 5  Instance: /tb/MyRiscv/u_regfile/MUXB
# ** Warning: NUMERIC_STD.TO_INTEGER: metavalue detected, returning 0
#    Time: 7957920 ns  Iteration: 2  Instance: /tb/MyRiscv/u_regfile/MUXB
# ** Warning: NUMERIC_STD.TO_INTEGER: metavalue detected, returning 0
#    Time: 7957920 ns  Iteration: 2  Instance: /tb/MyRiscv/u_regfile/MUXA
# ** Warning: NUMERIC_STD.TO_INTEGER: metavalue detected, returning 0
#    Time: 7957960 ns  Iteration: 5  Instance: /tb/MyRiscv/u_regfile/MUXA
# ** Warning: NUMERIC_STD.TO_INTEGER: metavalue detected, returning 0
#    Time: 7957960 ns  Iteration: 5  Instance: /tb/MyRiscv/u_regfile/MUXB
# ** Warning: NUMERIC_STD.TO_INTEGER: metavalue detected, returning 0
#    Time: 7973020 ns  Iteration: 2  Instance: /tb/MyRiscv/u_regfile/MUXB
# ** Warning: NUMERIC_STD.TO_INTEGER: metavalue detected, returning 0
#    Time: 7973020 ns  Iteration: 2  Instance: /tb/MyRiscv/u_regfile/MUXA
# ** Warning: NUMERIC_STD.TO_INTEGER: metavalue detected, returning 0
#    Time: 7973060 ns  Iteration: 5  Instance: /tb/MyRiscv/u_regfile/MUXA
# ** Warning: NUMERIC_STD.TO_INTEGER: metavalue detected, returning 0
#    Time: 7973060 ns  Iteration: 5  Instance: /tb/MyRiscv/u_regfile/MUXB
# ** Warning: NUMERIC_STD.TO_INTEGER: metavalue detected, returning 0
#    Time: 7988120 ns  Iteration: 2  Instance: /tb/MyRiscv/u_regfile/MUXB
# ** Warning: NUMERIC_STD.TO_INTEGER: metavalue detected, returning 0
#    Time: 7988120 ns  Iteration: 2  Instance: /tb/MyRiscv/u_regfile/MUXA
# ** Warning: NUMERIC_STD.TO_INTEGER: metavalue detected, returning 0
#    Time: 7988160 ns  Iteration: 5  Instance: /tb/MyRiscv/u_regfile/MUXA
# ** Warning: NUMERIC_STD.TO_INTEGER: metavalue detected, returning 0
#    Time: 7988160 ns  Iteration: 5  Instance: /tb/MyRiscv/u_regfile/MUXB
# ** Warning: NUMERIC_STD.TO_INTEGER: metavalue detected, returning 0
#    Time: 8003220 ns  Iteration: 2  Instance: /tb/MyRiscv/u_regfile/MUXB
# ** Warning: NUMERIC_STD.TO_INTEGER: metavalue detected, returning 0
#    Time: 8003220 ns  Iteration: 2  Instance: /tb/MyRiscv/u_regfile/MUXA
# ** Warning: NUMERIC_STD.TO_INTEGER: metavalue detected, returning 0
#    Time: 8003260 ns  Iteration: 5  Instance: /tb/MyRiscv/u_regfile/MUXA
# ** Warning: NUMERIC_STD.TO_INTEGER: metavalue detected, returning 0
#    Time: 8003260 ns  Iteration: 5  Instance: /tb/MyRiscv/u_regfile/MUXB
# ** Warning: NUMERIC_STD.TO_INTEGER: metavalue detected, returning 0
#    Time: 8018320 ns  Iteration: 2  Instance: /tb/MyRiscv/u_regfile/MUXB
# ** Warning: NUMERIC_STD.TO_INTEGER: metavalue detected, returning 0
#    Time: 8018320 ns  Iteration: 2  Instance: /tb/MyRiscv/u_regfile/MUXA
# ** Warning: NUMERIC_STD.TO_INTEGER: metavalue detected, returning 0
#    Time: 8018360 ns  Iteration: 5  Instance: /tb/MyRiscv/u_regfile/MUXA
# ** Warning: NUMERIC_STD.TO_INTEGER: metavalue detected, returning 0
#    Time: 8018360 ns  Iteration: 5  Instance: /tb/MyRiscv/u_regfile/MUXB
# ** Warning: NUMERIC_STD.TO_INTEGER: metavalue detected, returning 0
#    Time: 8033420 ns  Iteration: 2  Instance: /tb/MyRiscv/u_regfile/MUXB
# ** Warning: NUMERIC_STD.TO_INTEGER: metavalue detected, returning 0
#    Time: 8033420 ns  Iteration: 2  Instance: /tb/MyRiscv/u_regfile/MUXA
# ** Warning: NUMERIC_STD.TO_INTEGER: metavalue detected, returning 0
#    Time: 8033460 ns  Iteration: 5  Instance: /tb/MyRiscv/u_regfile/MUXA
# ** Warning: NUMERIC_STD.TO_INTEGER: metavalue detected, returning 0
#    Time: 8033460 ns  Iteration: 5  Instance: /tb/MyRiscv/u_regfile/MUXB
# ** Warning: NUMERIC_STD.TO_INTEGER: metavalue detected, returning 0
#    Time: 8048520 ns  Iteration: 2  Instance: /tb/MyRiscv/u_regfile/MUXB
# ** Warning: NUMERIC_STD.TO_INTEGER: metavalue detected, returning 0
#    Time: 8048520 ns  Iteration: 2  Instance: /tb/MyRiscv/u_regfile/MUXA
# ** Warning: NUMERIC_STD.TO_INTEGER: metavalue detected, returning 0
#    Time: 8048560 ns  Iteration: 5  Instance: /tb/MyRiscv/u_regfile/MUXA
# ** Warning: NUMERIC_STD.TO_INTEGER: metavalue detected, returning 0
#    Time: 8048560 ns  Iteration: 5  Instance: /tb/MyRiscv/u_regfile/MUXB
# ** Warning: NUMERIC_STD.TO_INTEGER: metavalue detected, returning 0
#    Time: 8063620 ns  Iteration: 2  Instance: /tb/MyRiscv/u_regfile/MUXB
# ** Warning: NUMERIC_STD.TO_INTEGER: metavalue detected, returning 0
#    Time: 8063620 ns  Iteration: 2  Instance: /tb/MyRiscv/u_regfile/MUXA
# ** Warning: NUMERIC_STD.TO_INTEGER: metavalue detected, returning 0
#    Time: 8063660 ns  Iteration: 5  Instance: /tb/MyRiscv/u_regfile/MUXA
# ** Warning: NUMERIC_STD.TO_INTEGER: metavalue detected, returning 0
#    Time: 8063660 ns  Iteration: 5  Instance: /tb/MyRiscv/u_regfile/MUXB
# ** Warning: NUMERIC_STD.TO_INTEGER: metavalue detected, returning 0
#    Time: 8078720 ns  Iteration: 2  Instance: /tb/MyRiscv/u_regfile/MUXB
# ** Warning: NUMERIC_STD.TO_INTEGER: metavalue detected, returning 0
#    Time: 8078720 ns  Iteration: 2  Instance: /tb/MyRiscv/u_regfile/MUXA
# ** Warning: NUMERIC_STD.TO_INTEGER: metavalue detected, returning 0
#    Time: 8078760 ns  Iteration: 5  Instance: /tb/MyRiscv/u_regfile/MUXA
# ** Warning: NUMERIC_STD.TO_INTEGER: metavalue detected, returning 0
#    Time: 8078760 ns  Iteration: 5  Instance: /tb/MyRiscv/u_regfile/MUXB
# ** Warning: NUMERIC_STD.TO_INTEGER: metavalue detected, returning 0
#    Time: 8093820 ns  Iteration: 2  Instance: /tb/MyRiscv/u_regfile/MUXB
# ** Warning: NUMERIC_STD.TO_INTEGER: metavalue detected, returning 0
#    Time: 8093820 ns  Iteration: 2  Instance: /tb/MyRiscv/u_regfile/MUXA
# ** Warning: NUMERIC_STD.TO_INTEGER: metavalue detected, returning 0
#    Time: 8093860 ns  Iteration: 5  Instance: /tb/MyRiscv/u_regfile/MUXA
# ** Warning: NUMERIC_STD.TO_INTEGER: metavalue detected, returning 0
#    Time: 8093860 ns  Iteration: 5  Instance: /tb/MyRiscv/u_regfile/MUXB
# ** Warning: NUMERIC_STD.TO_INTEGER: metavalue detected, returning 0
#    Time: 8108920 ns  Iteration: 2  Instance: /tb/MyRiscv/u_regfile/MUXB
# ** Warning: NUMERIC_STD.TO_INTEGER: metavalue detected, returning 0
#    Time: 8108920 ns  Iteration: 2  Instance: /tb/MyRiscv/u_regfile/MUXA
# ** Warning: NUMERIC_STD.TO_INTEGER: metavalue detected, returning 0
#    Time: 8108960 ns  Iteration: 5  Instance: /tb/MyRiscv/u_regfile/MUXA
# ** Warning: NUMERIC_STD.TO_INTEGER: metavalue detected, returning 0
#    Time: 8108960 ns  Iteration: 5  Instance: /tb/MyRiscv/u_regfile/MUXB
# ** Warning: NUMERIC_STD.TO_INTEGER: metavalue detected, returning 0
#    Time: 8124020 ns  Iteration: 2  Instance: /tb/MyRiscv/u_regfile/MUXB
# ** Warning: NUMERIC_STD.TO_INTEGER: metavalue detected, returning 0
#    Time: 8124020 ns  Iteration: 2  Instance: /tb/MyRiscv/u_regfile/MUXA
# ** Warning: NUMERIC_STD.TO_INTEGER: metavalue detected, returning 0
#    Time: 8124060 ns  Iteration: 5  Instance: /tb/MyRiscv/u_regfile/MUXA
# ** Warning: NUMERIC_STD.TO_INTEGER: metavalue detected, returning 0
#    Time: 8124060 ns  Iteration: 5  Instance: /tb/MyRiscv/u_regfile/MUXB
# ** Warning: NUMERIC_STD.TO_INTEGER: metavalue detected, returning 0
#    Time: 8139120 ns  Iteration: 2  Instance: /tb/MyRiscv/u_regfile/MUXB
# ** Warning: NUMERIC_STD.TO_INTEGER: metavalue detected, returning 0
#    Time: 8139120 ns  Iteration: 2  Instance: /tb/MyRiscv/u_regfile/MUXA
# ** Warning: NUMERIC_STD.TO_INTEGER: metavalue detected, returning 0
#    Time: 8139160 ns  Iteration: 5  Instance: /tb/MyRiscv/u_regfile/MUXA
# ** Warning: NUMERIC_STD.TO_INTEGER: metavalue detected, returning 0
#    Time: 8139160 ns  Iteration: 5  Instance: /tb/MyRiscv/u_regfile/MUXB
# ** Warning: NUMERIC_STD.TO_INTEGER: metavalue detected, returning 0
#    Time: 8154220 ns  Iteration: 2  Instance: /tb/MyRiscv/u_regfile/MUXB
# ** Warning: NUMERIC_STD.TO_INTEGER: metavalue detected, returning 0
#    Time: 8154220 ns  Iteration: 2  Instance: /tb/MyRiscv/u_regfile/MUXA
# ** Warning: NUMERIC_STD.TO_INTEGER: metavalue detected, returning 0
#    Time: 8154260 ns  Iteration: 5  Instance: /tb/MyRiscv/u_regfile/MUXA
# ** Warning: NUMERIC_STD.TO_INTEGER: metavalue detected, returning 0
#    Time: 8154260 ns  Iteration: 5  Instance: /tb/MyRiscv/u_regfile/MUXB
# ** Warning: NUMERIC_STD.TO_INTEGER: metavalue detected, returning 0
#    Time: 8169320 ns  Iteration: 2  Instance: /tb/MyRiscv/u_regfile/MUXB
# ** Warning: NUMERIC_STD.TO_INTEGER: metavalue detected, returning 0
#    Time: 8169320 ns  Iteration: 2  Instance: /tb/MyRiscv/u_regfile/MUXA
# ** Warning: NUMERIC_STD.TO_INTEGER: metavalue detected, returning 0
#    Time: 8169360 ns  Iteration: 5  Instance: /tb/MyRiscv/u_regfile/MUXA
# ** Warning: NUMERIC_STD.TO_INTEGER: metavalue detected, returning 0
#    Time: 8169360 ns  Iteration: 5  Instance: /tb/MyRiscv/u_regfile/MUXB
# ** Warning: NUMERIC_STD.TO_INTEGER: metavalue detected, returning 0
#    Time: 8184420 ns  Iteration: 2  Instance: /tb/MyRiscv/u_regfile/MUXB
# ** Warning: NUMERIC_STD.TO_INTEGER: metavalue detected, returning 0
#    Time: 8184420 ns  Iteration: 2  Instance: /tb/MyRiscv/u_regfile/MUXA
# ** Warning: NUMERIC_STD.TO_INTEGER: metavalue detected, returning 0
#    Time: 8184460 ns  Iteration: 5  Instance: /tb/MyRiscv/u_regfile/MUXA
# ** Warning: NUMERIC_STD.TO_INTEGER: metavalue detected, returning 0
#    Time: 8184460 ns  Iteration: 5  Instance: /tb/MyRiscv/u_regfile/MUXB
# ** Warning: NUMERIC_STD.TO_INTEGER: metavalue detected, returning 0
#    Time: 8199520 ns  Iteration: 2  Instance: /tb/MyRiscv/u_regfile/MUXB
# ** Warning: NUMERIC_STD.TO_INTEGER: metavalue detected, returning 0
#    Time: 8199520 ns  Iteration: 2  Instance: /tb/MyRiscv/u_regfile/MUXA
# ** Warning: NUMERIC_STD.TO_INTEGER: metavalue detected, returning 0
#    Time: 8199560 ns  Iteration: 5  Instance: /tb/MyRiscv/u_regfile/MUXA
# ** Warning: NUMERIC_STD.TO_INTEGER: metavalue detected, returning 0
#    Time: 8199560 ns  Iteration: 5  Instance: /tb/MyRiscv/u_regfile/MUXB
# ** Warning: NUMERIC_STD.TO_INTEGER: metavalue detected, returning 0
#    Time: 8214620 ns  Iteration: 2  Instance: /tb/MyRiscv/u_regfile/MUXB
# ** Warning: NUMERIC_STD.TO_INTEGER: metavalue detected, returning 0
#    Time: 8214620 ns  Iteration: 2  Instance: /tb/MyRiscv/u_regfile/MUXA
# ** Warning: NUMERIC_STD.TO_INTEGER: metavalue detected, returning 0
#    Time: 8214660 ns  Iteration: 5  Instance: /tb/MyRiscv/u_regfile/MUXA
# ** Warning: NUMERIC_STD.TO_INTEGER: metavalue detected, returning 0
#    Time: 8214660 ns  Iteration: 5  Instance: /tb/MyRiscv/u_regfile/MUXB
# ** Warning: NUMERIC_STD.TO_INTEGER: metavalue detected, returning 0
#    Time: 8229720 ns  Iteration: 2  Instance: /tb/MyRiscv/u_regfile/MUXB
# ** Warning: NUMERIC_STD.TO_INTEGER: metavalue detected, returning 0
#    Time: 8229720 ns  Iteration: 2  Instance: /tb/MyRiscv/u_regfile/MUXA
# ** Warning: NUMERIC_STD.TO_INTEGER: metavalue detected, returning 0
#    Time: 8229760 ns  Iteration: 5  Instance: /tb/MyRiscv/u_regfile/MUXA
# ** Warning: NUMERIC_STD.TO_INTEGER: metavalue detected, returning 0
#    Time: 8229760 ns  Iteration: 5  Instance: /tb/MyRiscv/u_regfile/MUXB
# ** Warning: NUMERIC_STD.TO_INTEGER: metavalue detected, returning 0
#    Time: 8244820 ns  Iteration: 2  Instance: /tb/MyRiscv/u_regfile/MUXB
# ** Warning: NUMERIC_STD.TO_INTEGER: metavalue detected, returning 0
#    Time: 8244820 ns  Iteration: 2  Instance: /tb/MyRiscv/u_regfile/MUXA
# ** Warning: NUMERIC_STD.TO_INTEGER: metavalue detected, returning 0
#    Time: 8244860 ns  Iteration: 5  Instance: /tb/MyRiscv/u_regfile/MUXA
# ** Warning: NUMERIC_STD.TO_INTEGER: metavalue detected, returning 0
#    Time: 8244860 ns  Iteration: 5  Instance: /tb/MyRiscv/u_regfile/MUXB
# ** Warning: NUMERIC_STD.TO_INTEGER: metavalue detected, returning 0
#    Time: 8259920 ns  Iteration: 2  Instance: /tb/MyRiscv/u_regfile/MUXB
# ** Warning: NUMERIC_STD.TO_INTEGER: metavalue detected, returning 0
#    Time: 8259920 ns  Iteration: 2  Instance: /tb/MyRiscv/u_regfile/MUXA
# ** Warning: NUMERIC_STD.TO_INTEGER: metavalue detected, returning 0
#    Time: 8259960 ns  Iteration: 5  Instance: /tb/MyRiscv/u_regfile/MUXA
# ** Warning: NUMERIC_STD.TO_INTEGER: metavalue detected, returning 0
#    Time: 8259960 ns  Iteration: 5  Instance: /tb/MyRiscv/u_regfile/MUXB
# ** Warning: NUMERIC_STD.TO_INTEGER: metavalue detected, returning 0
#    Time: 8275020 ns  Iteration: 2  Instance: /tb/MyRiscv/u_regfile/MUXB
# ** Warning: NUMERIC_STD.TO_INTEGER: metavalue detected, returning 0
#    Time: 8275020 ns  Iteration: 2  Instance: /tb/MyRiscv/u_regfile/MUXA
# ** Warning: NUMERIC_STD.TO_INTEGER: metavalue detected, returning 0
#    Time: 8275060 ns  Iteration: 5  Instance: /tb/MyRiscv/u_regfile/MUXA
# ** Warning: NUMERIC_STD.TO_INTEGER: metavalue detected, returning 0
#    Time: 8275060 ns  Iteration: 5  Instance: /tb/MyRiscv/u_regfile/MUXB
# ** Warning: NUMERIC_STD.TO_INTEGER: metavalue detected, returning 0
#    Time: 8290120 ns  Iteration: 2  Instance: /tb/MyRiscv/u_regfile/MUXB
# ** Warning: NUMERIC_STD.TO_INTEGER: metavalue detected, returning 0
#    Time: 8290120 ns  Iteration: 2  Instance: /tb/MyRiscv/u_regfile/MUXA
# ** Warning: NUMERIC_STD.TO_INTEGER: metavalue detected, returning 0
#    Time: 8290160 ns  Iteration: 5  Instance: /tb/MyRiscv/u_regfile/MUXA
# ** Warning: NUMERIC_STD.TO_INTEGER: metavalue detected, returning 0
#    Time: 8290160 ns  Iteration: 5  Instance: /tb/MyRiscv/u_regfile/MUXB
# ** Warning: NUMERIC_STD.TO_INTEGER: metavalue detected, returning 0
#    Time: 8305220 ns  Iteration: 2  Instance: /tb/MyRiscv/u_regfile/MUXB
# ** Warning: NUMERIC_STD.TO_INTEGER: metavalue detected, returning 0
#    Time: 8305220 ns  Iteration: 2  Instance: /tb/MyRiscv/u_regfile/MUXA
# ** Warning: NUMERIC_STD.TO_INTEGER: metavalue detected, returning 0
#    Time: 8305260 ns  Iteration: 5  Instance: /tb/MyRiscv/u_regfile/MUXA
# ** Warning: NUMERIC_STD.TO_INTEGER: metavalue detected, returning 0
#    Time: 8305260 ns  Iteration: 5  Instance: /tb/MyRiscv/u_regfile/MUXB
# ** Warning: NUMERIC_STD.TO_INTEGER: metavalue detected, returning 0
#    Time: 8320320 ns  Iteration: 2  Instance: /tb/MyRiscv/u_regfile/MUXB
# ** Warning: NUMERIC_STD.TO_INTEGER: metavalue detected, returning 0
#    Time: 8320320 ns  Iteration: 2  Instance: /tb/MyRiscv/u_regfile/MUXA
# ** Warning: NUMERIC_STD.TO_INTEGER: metavalue detected, returning 0
#    Time: 8320360 ns  Iteration: 5  Instance: /tb/MyRiscv/u_regfile/MUXA
# ** Warning: NUMERIC_STD.TO_INTEGER: metavalue detected, returning 0
#    Time: 8320360 ns  Iteration: 5  Instance: /tb/MyRiscv/u_regfile/MUXB
# ** Warning: NUMERIC_STD.TO_INTEGER: metavalue detected, returning 0
#    Time: 8335420 ns  Iteration: 2  Instance: /tb/MyRiscv/u_regfile/MUXB
# ** Warning: NUMERIC_STD.TO_INTEGER: metavalue detected, returning 0
#    Time: 8335420 ns  Iteration: 2  Instance: /tb/MyRiscv/u_regfile/MUXA
# ** Warning: NUMERIC_STD.TO_INTEGER: metavalue detected, returning 0
#    Time: 8335460 ns  Iteration: 5  Instance: /tb/MyRiscv/u_regfile/MUXA
# ** Warning: NUMERIC_STD.TO_INTEGER: metavalue detected, returning 0
#    Time: 8335460 ns  Iteration: 5  Instance: /tb/MyRiscv/u_regfile/MUXB
# ** Warning: NUMERIC_STD.TO_INTEGER: metavalue detected, returning 0
#    Time: 8350520 ns  Iteration: 2  Instance: /tb/MyRiscv/u_regfile/MUXB
# ** Warning: NUMERIC_STD.TO_INTEGER: metavalue detected, returning 0
#    Time: 8350520 ns  Iteration: 2  Instance: /tb/MyRiscv/u_regfile/MUXA
# ** Warning: NUMERIC_STD.TO_INTEGER: metavalue detected, returning 0
#    Time: 8350560 ns  Iteration: 5  Instance: /tb/MyRiscv/u_regfile/MUXA
# ** Warning: NUMERIC_STD.TO_INTEGER: metavalue detected, returning 0
#    Time: 8350560 ns  Iteration: 5  Instance: /tb/MyRiscv/u_regfile/MUXB
# ** Warning: NUMERIC_STD.TO_INTEGER: metavalue detected, returning 0
#    Time: 8365620 ns  Iteration: 2  Instance: /tb/MyRiscv/u_regfile/MUXB
# ** Warning: NUMERIC_STD.TO_INTEGER: metavalue detected, returning 0
#    Time: 8365620 ns  Iteration: 2  Instance: /tb/MyRiscv/u_regfile/MUXA
# ** Warning: NUMERIC_STD.TO_INTEGER: metavalue detected, returning 0
#    Time: 8365660 ns  Iteration: 5  Instance: /tb/MyRiscv/u_regfile/MUXA
# ** Warning: NUMERIC_STD.TO_INTEGER: metavalue detected, returning 0
#    Time: 8365660 ns  Iteration: 5  Instance: /tb/MyRiscv/u_regfile/MUXB
# ** Warning: NUMERIC_STD.TO_INTEGER: metavalue detected, returning 0
#    Time: 8380720 ns  Iteration: 2  Instance: /tb/MyRiscv/u_regfile/MUXB
# ** Warning: NUMERIC_STD.TO_INTEGER: metavalue detected, returning 0
#    Time: 8380720 ns  Iteration: 2  Instance: /tb/MyRiscv/u_regfile/MUXA
# ** Warning: NUMERIC_STD.TO_INTEGER: metavalue detected, returning 0
#    Time: 8380760 ns  Iteration: 5  Instance: /tb/MyRiscv/u_regfile/MUXA
# ** Warning: NUMERIC_STD.TO_INTEGER: metavalue detected, returning 0
#    Time: 8380760 ns  Iteration: 5  Instance: /tb/MyRiscv/u_regfile/MUXB
# ** Warning: NUMERIC_STD.TO_INTEGER: metavalue detected, returning 0
#    Time: 8395820 ns  Iteration: 2  Instance: /tb/MyRiscv/u_regfile/MUXB
# ** Warning: NUMERIC_STD.TO_INTEGER: metavalue detected, returning 0
#    Time: 8395820 ns  Iteration: 2  Instance: /tb/MyRiscv/u_regfile/MUXA
# ** Warning: NUMERIC_STD.TO_INTEGER: metavalue detected, returning 0
#    Time: 8395860 ns  Iteration: 5  Instance: /tb/MyRiscv/u_regfile/MUXA
# ** Warning: NUMERIC_STD.TO_INTEGER: metavalue detected, returning 0
#    Time: 8395860 ns  Iteration: 5  Instance: /tb/MyRiscv/u_regfile/MUXB
# ** Warning: NUMERIC_STD.TO_INTEGER: metavalue detected, returning 0
#    Time: 8410920 ns  Iteration: 2  Instance: /tb/MyRiscv/u_regfile/MUXB
# ** Warning: NUMERIC_STD.TO_INTEGER: metavalue detected, returning 0
#    Time: 8410920 ns  Iteration: 2  Instance: /tb/MyRiscv/u_regfile/MUXA
# ** Warning: NUMERIC_STD.TO_INTEGER: metavalue detected, returning 0
#    Time: 8410960 ns  Iteration: 5  Instance: /tb/MyRiscv/u_regfile/MUXA
# ** Warning: NUMERIC_STD.TO_INTEGER: metavalue detected, returning 0
#    Time: 8410960 ns  Iteration: 5  Instance: /tb/MyRiscv/u_regfile/MUXB
# ** Warning: NUMERIC_STD.TO_INTEGER: metavalue detected, returning 0
#    Time: 8426020 ns  Iteration: 2  Instance: /tb/MyRiscv/u_regfile/MUXB
# ** Warning: NUMERIC_STD.TO_INTEGER: metavalue detected, returning 0
#    Time: 8426020 ns  Iteration: 2  Instance: /tb/MyRiscv/u_regfile/MUXA
# ** Warning: NUMERIC_STD.TO_INTEGER: metavalue detected, returning 0
#    Time: 8426060 ns  Iteration: 5  Instance: /tb/MyRiscv/u_regfile/MUXA
# ** Warning: NUMERIC_STD.TO_INTEGER: metavalue detected, returning 0
#    Time: 8426060 ns  Iteration: 5  Instance: /tb/MyRiscv/u_regfile/MUXB
# ** Warning: NUMERIC_STD.TO_INTEGER: metavalue detected, returning 0
#    Time: 8441120 ns  Iteration: 2  Instance: /tb/MyRiscv/u_regfile/MUXB
# ** Warning: NUMERIC_STD.TO_INTEGER: metavalue detected, returning 0
#    Time: 8441120 ns  Iteration: 2  Instance: /tb/MyRiscv/u_regfile/MUXA
# ** Warning: NUMERIC_STD.TO_INTEGER: metavalue detected, returning 0
#    Time: 8441160 ns  Iteration: 5  Instance: /tb/MyRiscv/u_regfile/MUXA
# ** Warning: NUMERIC_STD.TO_INTEGER: metavalue detected, returning 0
#    Time: 8441160 ns  Iteration: 5  Instance: /tb/MyRiscv/u_regfile/MUXB
# ** Warning: NUMERIC_STD.TO_INTEGER: metavalue detected, returning 0
#    Time: 8456220 ns  Iteration: 2  Instance: /tb/MyRiscv/u_regfile/MUXB
# ** Warning: NUMERIC_STD.TO_INTEGER: metavalue detected, returning 0
#    Time: 8456220 ns  Iteration: 2  Instance: /tb/MyRiscv/u_regfile/MUXA
# ** Warning: NUMERIC_STD.TO_INTEGER: metavalue detected, returning 0
#    Time: 8456260 ns  Iteration: 5  Instance: /tb/MyRiscv/u_regfile/MUXA
# ** Warning: NUMERIC_STD.TO_INTEGER: metavalue detected, returning 0
#    Time: 8456260 ns  Iteration: 5  Instance: /tb/MyRiscv/u_regfile/MUXB
# ** Warning: NUMERIC_STD.TO_INTEGER: metavalue detected, returning 0
#    Time: 8471320 ns  Iteration: 2  Instance: /tb/MyRiscv/u_regfile/MUXB
# ** Warning: NUMERIC_STD.TO_INTEGER: metavalue detected, returning 0
#    Time: 8471320 ns  Iteration: 2  Instance: /tb/MyRiscv/u_regfile/MUXA
# ** Warning: NUMERIC_STD.TO_INTEGER: metavalue detected, returning 0
#    Time: 8471360 ns  Iteration: 5  Instance: /tb/MyRiscv/u_regfile/MUXA
# ** Warning: NUMERIC_STD.TO_INTEGER: metavalue detected, returning 0
#    Time: 8471360 ns  Iteration: 5  Instance: /tb/MyRiscv/u_regfile/MUXB
# ** Warning: NUMERIC_STD.TO_INTEGER: metavalue detected, returning 0
#    Time: 8486420 ns  Iteration: 2  Instance: /tb/MyRiscv/u_regfile/MUXB
# ** Warning: NUMERIC_STD.TO_INTEGER: metavalue detected, returning 0
#    Time: 8486420 ns  Iteration: 2  Instance: /tb/MyRiscv/u_regfile/MUXA
# ** Warning: NUMERIC_STD.TO_INTEGER: metavalue detected, returning 0
#    Time: 8486460 ns  Iteration: 5  Instance: /tb/MyRiscv/u_regfile/MUXA
# ** Warning: NUMERIC_STD.TO_INTEGER: metavalue detected, returning 0
#    Time: 8486460 ns  Iteration: 5  Instance: /tb/MyRiscv/u_regfile/MUXB
# ** Warning: NUMERIC_STD.TO_INTEGER: metavalue detected, returning 0
#    Time: 8501520 ns  Iteration: 2  Instance: /tb/MyRiscv/u_regfile/MUXB
# ** Warning: NUMERIC_STD.TO_INTEGER: metavalue detected, returning 0
#    Time: 8501520 ns  Iteration: 2  Instance: /tb/MyRiscv/u_regfile/MUXA
# ** Warning: NUMERIC_STD.TO_INTEGER: metavalue detected, returning 0
#    Time: 8501560 ns  Iteration: 5  Instance: /tb/MyRiscv/u_regfile/MUXA
# ** Warning: NUMERIC_STD.TO_INTEGER: metavalue detected, returning 0
#    Time: 8501560 ns  Iteration: 5  Instance: /tb/MyRiscv/u_regfile/MUXB
# ** Warning: NUMERIC_STD.TO_INTEGER: metavalue detected, returning 0
#    Time: 8516620 ns  Iteration: 2  Instance: /tb/MyRiscv/u_regfile/MUXB
# ** Warning: NUMERIC_STD.TO_INTEGER: metavalue detected, returning 0
#    Time: 8516620 ns  Iteration: 2  Instance: /tb/MyRiscv/u_regfile/MUXA
# ** Warning: NUMERIC_STD.TO_INTEGER: metavalue detected, returning 0
#    Time: 8516660 ns  Iteration: 5  Instance: /tb/MyRiscv/u_regfile/MUXA
# ** Warning: NUMERIC_STD.TO_INTEGER: metavalue detected, returning 0
#    Time: 8516660 ns  Iteration: 5  Instance: /tb/MyRiscv/u_regfile/MUXB
# ** Warning: NUMERIC_STD.TO_INTEGER: metavalue detected, returning 0
#    Time: 8531720 ns  Iteration: 2  Instance: /tb/MyRiscv/u_regfile/MUXB
# ** Warning: NUMERIC_STD.TO_INTEGER: metavalue detected, returning 0
#    Time: 8531720 ns  Iteration: 2  Instance: /tb/MyRiscv/u_regfile/MUXA
# ** Warning: NUMERIC_STD.TO_INTEGER: metavalue detected, returning 0
#    Time: 8531760 ns  Iteration: 5  Instance: /tb/MyRiscv/u_regfile/MUXA
# ** Warning: NUMERIC_STD.TO_INTEGER: metavalue detected, returning 0
#    Time: 8531760 ns  Iteration: 5  Instance: /tb/MyRiscv/u_regfile/MUXB
# ** Warning: NUMERIC_STD.TO_INTEGER: metavalue detected, returning 0
#    Time: 8546820 ns  Iteration: 2  Instance: /tb/MyRiscv/u_regfile/MUXB
# ** Warning: NUMERIC_STD.TO_INTEGER: metavalue detected, returning 0
#    Time: 8546820 ns  Iteration: 2  Instance: /tb/MyRiscv/u_regfile/MUXA
# ** Warning: NUMERIC_STD.TO_INTEGER: metavalue detected, returning 0
#    Time: 8546860 ns  Iteration: 5  Instance: /tb/MyRiscv/u_regfile/MUXA
# ** Warning: NUMERIC_STD.TO_INTEGER: metavalue detected, returning 0
#    Time: 8546860 ns  Iteration: 5  Instance: /tb/MyRiscv/u_regfile/MUXB
# ** Warning: NUMERIC_STD.TO_INTEGER: metavalue detected, returning 0
#    Time: 8561920 ns  Iteration: 2  Instance: /tb/MyRiscv/u_regfile/MUXB
# ** Warning: NUMERIC_STD.TO_INTEGER: metavalue detected, returning 0
#    Time: 8561920 ns  Iteration: 2  Instance: /tb/MyRiscv/u_regfile/MUXA
# ** Warning: NUMERIC_STD.TO_INTEGER: metavalue detected, returning 0
#    Time: 8561960 ns  Iteration: 5  Instance: /tb/MyRiscv/u_regfile/MUXA
# ** Warning: NUMERIC_STD.TO_INTEGER: metavalue detected, returning 0
#    Time: 8561960 ns  Iteration: 5  Instance: /tb/MyRiscv/u_regfile/MUXB
# ** Warning: NUMERIC_STD.TO_INTEGER: metavalue detected, returning 0
#    Time: 8577020 ns  Iteration: 2  Instance: /tb/MyRiscv/u_regfile/MUXB
# ** Warning: NUMERIC_STD.TO_INTEGER: metavalue detected, returning 0
#    Time: 8577020 ns  Iteration: 2  Instance: /tb/MyRiscv/u_regfile/MUXA
# ** Warning: NUMERIC_STD.TO_INTEGER: metavalue detected, returning 0
#    Time: 8577060 ns  Iteration: 5  Instance: /tb/MyRiscv/u_regfile/MUXA
# ** Warning: NUMERIC_STD.TO_INTEGER: metavalue detected, returning 0
#    Time: 8577060 ns  Iteration: 5  Instance: /tb/MyRiscv/u_regfile/MUXB
# ** Warning: NUMERIC_STD.TO_INTEGER: metavalue detected, returning 0
#    Time: 8592120 ns  Iteration: 2  Instance: /tb/MyRiscv/u_regfile/MUXB
# ** Warning: NUMERIC_STD.TO_INTEGER: metavalue detected, returning 0
#    Time: 8592120 ns  Iteration: 2  Instance: /tb/MyRiscv/u_regfile/MUXA
# ** Warning: NUMERIC_STD.TO_INTEGER: metavalue detected, returning 0
#    Time: 8592160 ns  Iteration: 5  Instance: /tb/MyRiscv/u_regfile/MUXA
# ** Warning: NUMERIC_STD.TO_INTEGER: metavalue detected, returning 0
#    Time: 8592160 ns  Iteration: 5  Instance: /tb/MyRiscv/u_regfile/MUXB
# ** Warning: NUMERIC_STD.TO_INTEGER: metavalue detected, returning 0
#    Time: 8607220 ns  Iteration: 2  Instance: /tb/MyRiscv/u_regfile/MUXB
# ** Warning: NUMERIC_STD.TO_INTEGER: metavalue detected, returning 0
#    Time: 8607220 ns  Iteration: 2  Instance: /tb/MyRiscv/u_regfile/MUXA
# ** Warning: NUMERIC_STD.TO_INTEGER: metavalue detected, returning 0
#    Time: 8607260 ns  Iteration: 5  Instance: /tb/MyRiscv/u_regfile/MUXA
# ** Warning: NUMERIC_STD.TO_INTEGER: metavalue detected, returning 0
#    Time: 8607260 ns  Iteration: 5  Instance: /tb/MyRiscv/u_regfile/MUXB
# ** Warning: NUMERIC_STD.TO_INTEGER: metavalue detected, returning 0
#    Time: 8622320 ns  Iteration: 2  Instance: /tb/MyRiscv/u_regfile/MUXB
# ** Warning: NUMERIC_STD.TO_INTEGER: metavalue detected, returning 0
#    Time: 8622320 ns  Iteration: 2  Instance: /tb/MyRiscv/u_regfile/MUXA
# ** Warning: NUMERIC_STD.TO_INTEGER: metavalue detected, returning 0
#    Time: 8622360 ns  Iteration: 5  Instance: /tb/MyRiscv/u_regfile/MUXA
# ** Warning: NUMERIC_STD.TO_INTEGER: metavalue detected, returning 0
#    Time: 8622360 ns  Iteration: 5  Instance: /tb/MyRiscv/u_regfile/MUXB
# ** Warning: NUMERIC_STD.TO_INTEGER: metavalue detected, returning 0
#    Time: 8637420 ns  Iteration: 2  Instance: /tb/MyRiscv/u_regfile/MUXB
# ** Warning: NUMERIC_STD.TO_INTEGER: metavalue detected, returning 0
#    Time: 8637420 ns  Iteration: 2  Instance: /tb/MyRiscv/u_regfile/MUXA
# ** Warning: NUMERIC_STD.TO_INTEGER: metavalue detected, returning 0
#    Time: 8637460 ns  Iteration: 5  Instance: /tb/MyRiscv/u_regfile/MUXA
# ** Warning: NUMERIC_STD.TO_INTEGER: metavalue detected, returning 0
#    Time: 8637460 ns  Iteration: 5  Instance: /tb/MyRiscv/u_regfile/MUXB
# ** Warning: NUMERIC_STD.TO_INTEGER: metavalue detected, returning 0
#    Time: 8652520 ns  Iteration: 2  Instance: /tb/MyRiscv/u_regfile/MUXB
# ** Warning: NUMERIC_STD.TO_INTEGER: metavalue detected, returning 0
#    Time: 8652520 ns  Iteration: 2  Instance: /tb/MyRiscv/u_regfile/MUXA
# ** Warning: NUMERIC_STD.TO_INTEGER: metavalue detected, returning 0
#    Time: 8652560 ns  Iteration: 5  Instance: /tb/MyRiscv/u_regfile/MUXA
# ** Warning: NUMERIC_STD.TO_INTEGER: metavalue detected, returning 0
#    Time: 8652560 ns  Iteration: 5  Instance: /tb/MyRiscv/u_regfile/MUXB
# ** Warning: NUMERIC_STD.TO_INTEGER: metavalue detected, returning 0
#    Time: 8667620 ns  Iteration: 2  Instance: /tb/MyRiscv/u_regfile/MUXB
# ** Warning: NUMERIC_STD.TO_INTEGER: metavalue detected, returning 0
#    Time: 8667620 ns  Iteration: 2  Instance: /tb/MyRiscv/u_regfile/MUXA
# ** Warning: NUMERIC_STD.TO_INTEGER: metavalue detected, returning 0
#    Time: 8667660 ns  Iteration: 5  Instance: /tb/MyRiscv/u_regfile/MUXA
# ** Warning: NUMERIC_STD.TO_INTEGER: metavalue detected, returning 0
#    Time: 8667660 ns  Iteration: 5  Instance: /tb/MyRiscv/u_regfile/MUXB
# ** Warning: NUMERIC_STD.TO_INTEGER: metavalue detected, returning 0
#    Time: 8682720 ns  Iteration: 2  Instance: /tb/MyRiscv/u_regfile/MUXB
# ** Warning: NUMERIC_STD.TO_INTEGER: metavalue detected, returning 0
#    Time: 8682720 ns  Iteration: 2  Instance: /tb/MyRiscv/u_regfile/MUXA
# ** Warning: NUMERIC_STD.TO_INTEGER: metavalue detected, returning 0
#    Time: 8682760 ns  Iteration: 5  Instance: /tb/MyRiscv/u_regfile/MUXA
# ** Warning: NUMERIC_STD.TO_INTEGER: metavalue detected, returning 0
#    Time: 8682760 ns  Iteration: 5  Instance: /tb/MyRiscv/u_regfile/MUXB
# ** Warning: NUMERIC_STD.TO_INTEGER: metavalue detected, returning 0
#    Time: 8697820 ns  Iteration: 2  Instance: /tb/MyRiscv/u_regfile/MUXB
# ** Warning: NUMERIC_STD.TO_INTEGER: metavalue detected, returning 0
#    Time: 8697820 ns  Iteration: 2  Instance: /tb/MyRiscv/u_regfile/MUXA
# ** Warning: NUMERIC_STD.TO_INTEGER: metavalue detected, returning 0
#    Time: 8697860 ns  Iteration: 5  Instance: /tb/MyRiscv/u_regfile/MUXA
# ** Warning: NUMERIC_STD.TO_INTEGER: metavalue detected, returning 0
#    Time: 8697860 ns  Iteration: 5  Instance: /tb/MyRiscv/u_regfile/MUXB
# ** Warning: NUMERIC_STD.TO_INTEGER: metavalue detected, returning 0
#    Time: 8712920 ns  Iteration: 2  Instance: /tb/MyRiscv/u_regfile/MUXB
# ** Warning: NUMERIC_STD.TO_INTEGER: metavalue detected, returning 0
#    Time: 8712920 ns  Iteration: 2  Instance: /tb/MyRiscv/u_regfile/MUXA
# ** Warning: NUMERIC_STD.TO_INTEGER: metavalue detected, returning 0
#    Time: 8712960 ns  Iteration: 5  Instance: /tb/MyRiscv/u_regfile/MUXA
# ** Warning: NUMERIC_STD.TO_INTEGER: metavalue detected, returning 0
#    Time: 8712960 ns  Iteration: 5  Instance: /tb/MyRiscv/u_regfile/MUXB
# ** Warning: NUMERIC_STD.TO_INTEGER: metavalue detected, returning 0
#    Time: 8728020 ns  Iteration: 2  Instance: /tb/MyRiscv/u_regfile/MUXB
# ** Warning: NUMERIC_STD.TO_INTEGER: metavalue detected, returning 0
#    Time: 8728020 ns  Iteration: 2  Instance: /tb/MyRiscv/u_regfile/MUXA
# ** Warning: NUMERIC_STD.TO_INTEGER: metavalue detected, returning 0
#    Time: 8728060 ns  Iteration: 5  Instance: /tb/MyRiscv/u_regfile/MUXA
# ** Warning: NUMERIC_STD.TO_INTEGER: metavalue detected, returning 0
#    Time: 8728060 ns  Iteration: 5  Instance: /tb/MyRiscv/u_regfile/MUXB
# ** Warning: NUMERIC_STD.TO_INTEGER: metavalue detected, returning 0
#    Time: 8743120 ns  Iteration: 2  Instance: /tb/MyRiscv/u_regfile/MUXB
# ** Warning: NUMERIC_STD.TO_INTEGER: metavalue detected, returning 0
#    Time: 8743120 ns  Iteration: 2  Instance: /tb/MyRiscv/u_regfile/MUXA
# ** Warning: NUMERIC_STD.TO_INTEGER: metavalue detected, returning 0
#    Time: 8743160 ns  Iteration: 5  Instance: /tb/MyRiscv/u_regfile/MUXA
# ** Warning: NUMERIC_STD.TO_INTEGER: metavalue detected, returning 0
#    Time: 8743160 ns  Iteration: 5  Instance: /tb/MyRiscv/u_regfile/MUXB
# ** Warning: NUMERIC_STD.TO_INTEGER: metavalue detected, returning 0
#    Time: 8758220 ns  Iteration: 2  Instance: /tb/MyRiscv/u_regfile/MUXB
# ** Warning: NUMERIC_STD.TO_INTEGER: metavalue detected, returning 0
#    Time: 8758220 ns  Iteration: 2  Instance: /tb/MyRiscv/u_regfile/MUXA
# ** Warning: NUMERIC_STD.TO_INTEGER: metavalue detected, returning 0
#    Time: 8758260 ns  Iteration: 5  Instance: /tb/MyRiscv/u_regfile/MUXA
# ** Warning: NUMERIC_STD.TO_INTEGER: metavalue detected, returning 0
#    Time: 8758260 ns  Iteration: 5  Instance: /tb/MyRiscv/u_regfile/MUXB
# ** Warning: NUMERIC_STD.TO_INTEGER: metavalue detected, returning 0
#    Time: 8773320 ns  Iteration: 2  Instance: /tb/MyRiscv/u_regfile/MUXB
# ** Warning: NUMERIC_STD.TO_INTEGER: metavalue detected, returning 0
#    Time: 8773320 ns  Iteration: 2  Instance: /tb/MyRiscv/u_regfile/MUXA
# ** Warning: NUMERIC_STD.TO_INTEGER: metavalue detected, returning 0
#    Time: 8773360 ns  Iteration: 5  Instance: /tb/MyRiscv/u_regfile/MUXA
# ** Warning: NUMERIC_STD.TO_INTEGER: metavalue detected, returning 0
#    Time: 8773360 ns  Iteration: 5  Instance: /tb/MyRiscv/u_regfile/MUXB
# ** Warning: NUMERIC_STD.TO_INTEGER: metavalue detected, returning 0
#    Time: 8788420 ns  Iteration: 2  Instance: /tb/MyRiscv/u_regfile/MUXB
# ** Warning: NUMERIC_STD.TO_INTEGER: metavalue detected, returning 0
#    Time: 8788420 ns  Iteration: 2  Instance: /tb/MyRiscv/u_regfile/MUXA
# ** Warning: NUMERIC_STD.TO_INTEGER: metavalue detected, returning 0
#    Time: 8788460 ns  Iteration: 5  Instance: /tb/MyRiscv/u_regfile/MUXA
# ** Warning: NUMERIC_STD.TO_INTEGER: metavalue detected, returning 0
#    Time: 8788460 ns  Iteration: 5  Instance: /tb/MyRiscv/u_regfile/MUXB
# ** Warning: NUMERIC_STD.TO_INTEGER: metavalue detected, returning 0
#    Time: 8803520 ns  Iteration: 2  Instance: /tb/MyRiscv/u_regfile/MUXB
# ** Warning: NUMERIC_STD.TO_INTEGER: metavalue detected, returning 0
#    Time: 8803520 ns  Iteration: 2  Instance: /tb/MyRiscv/u_regfile/MUXA
# ** Warning: NUMERIC_STD.TO_INTEGER: metavalue detected, returning 0
#    Time: 8803560 ns  Iteration: 5  Instance: /tb/MyRiscv/u_regfile/MUXA
# ** Warning: NUMERIC_STD.TO_INTEGER: metavalue detected, returning 0
#    Time: 8803560 ns  Iteration: 5  Instance: /tb/MyRiscv/u_regfile/MUXB
# ** Warning: NUMERIC_STD.TO_INTEGER: metavalue detected, returning 0
#    Time: 8818620 ns  Iteration: 2  Instance: /tb/MyRiscv/u_regfile/MUXB
# ** Warning: NUMERIC_STD.TO_INTEGER: metavalue detected, returning 0
#    Time: 8818620 ns  Iteration: 2  Instance: /tb/MyRiscv/u_regfile/MUXA
# ** Warning: NUMERIC_STD.TO_INTEGER: metavalue detected, returning 0
#    Time: 8818660 ns  Iteration: 5  Instance: /tb/MyRiscv/u_regfile/MUXA
# ** Warning: NUMERIC_STD.TO_INTEGER: metavalue detected, returning 0
#    Time: 8818660 ns  Iteration: 5  Instance: /tb/MyRiscv/u_regfile/MUXB
# ** Warning: NUMERIC_STD.TO_INTEGER: metavalue detected, returning 0
#    Time: 8833720 ns  Iteration: 2  Instance: /tb/MyRiscv/u_regfile/MUXB
# ** Warning: NUMERIC_STD.TO_INTEGER: metavalue detected, returning 0
#    Time: 8833720 ns  Iteration: 2  Instance: /tb/MyRiscv/u_regfile/MUXA
# ** Warning: NUMERIC_STD.TO_INTEGER: metavalue detected, returning 0
#    Time: 8833760 ns  Iteration: 5  Instance: /tb/MyRiscv/u_regfile/MUXA
# ** Warning: NUMERIC_STD.TO_INTEGER: metavalue detected, returning 0
#    Time: 8833760 ns  Iteration: 5  Instance: /tb/MyRiscv/u_regfile/MUXB
# ** Warning: NUMERIC_STD.TO_INTEGER: metavalue detected, returning 0
#    Time: 8848820 ns  Iteration: 2  Instance: /tb/MyRiscv/u_regfile/MUXB
# ** Warning: NUMERIC_STD.TO_INTEGER: metavalue detected, returning 0
#    Time: 8848820 ns  Iteration: 2  Instance: /tb/MyRiscv/u_regfile/MUXA
# ** Warning: NUMERIC_STD.TO_INTEGER: metavalue detected, returning 0
#    Time: 8848860 ns  Iteration: 5  Instance: /tb/MyRiscv/u_regfile/MUXA
# ** Warning: NUMERIC_STD.TO_INTEGER: metavalue detected, returning 0
#    Time: 8848860 ns  Iteration: 5  Instance: /tb/MyRiscv/u_regfile/MUXB
# ** Warning: NUMERIC_STD.TO_INTEGER: metavalue detected, returning 0
#    Time: 8863920 ns  Iteration: 2  Instance: /tb/MyRiscv/u_regfile/MUXB
# ** Warning: NUMERIC_STD.TO_INTEGER: metavalue detected, returning 0
#    Time: 8863920 ns  Iteration: 2  Instance: /tb/MyRiscv/u_regfile/MUXA
# ** Warning: NUMERIC_STD.TO_INTEGER: metavalue detected, returning 0
#    Time: 8863960 ns  Iteration: 5  Instance: /tb/MyRiscv/u_regfile/MUXA
# ** Warning: NUMERIC_STD.TO_INTEGER: metavalue detected, returning 0
#    Time: 8863960 ns  Iteration: 5  Instance: /tb/MyRiscv/u_regfile/MUXB
# ** Warning: NUMERIC_STD.TO_INTEGER: metavalue detected, returning 0
#    Time: 8879020 ns  Iteration: 2  Instance: /tb/MyRiscv/u_regfile/MUXB
# ** Warning: NUMERIC_STD.TO_INTEGER: metavalue detected, returning 0
#    Time: 8879020 ns  Iteration: 2  Instance: /tb/MyRiscv/u_regfile/MUXA
# ** Warning: NUMERIC_STD.TO_INTEGER: metavalue detected, returning 0
#    Time: 8879060 ns  Iteration: 5  Instance: /tb/MyRiscv/u_regfile/MUXA
# ** Warning: NUMERIC_STD.TO_INTEGER: metavalue detected, returning 0
#    Time: 8879060 ns  Iteration: 5  Instance: /tb/MyRiscv/u_regfile/MUXB
# ** Warning: NUMERIC_STD.TO_INTEGER: metavalue detected, returning 0
#    Time: 8894120 ns  Iteration: 2  Instance: /tb/MyRiscv/u_regfile/MUXB
# ** Warning: NUMERIC_STD.TO_INTEGER: metavalue detected, returning 0
#    Time: 8894120 ns  Iteration: 2  Instance: /tb/MyRiscv/u_regfile/MUXA
# ** Warning: NUMERIC_STD.TO_INTEGER: metavalue detected, returning 0
#    Time: 8894160 ns  Iteration: 5  Instance: /tb/MyRiscv/u_regfile/MUXA
# ** Warning: NUMERIC_STD.TO_INTEGER: metavalue detected, returning 0
#    Time: 8894160 ns  Iteration: 5  Instance: /tb/MyRiscv/u_regfile/MUXB
# ** Warning: NUMERIC_STD.TO_INTEGER: metavalue detected, returning 0
#    Time: 8909220 ns  Iteration: 2  Instance: /tb/MyRiscv/u_regfile/MUXB
# ** Warning: NUMERIC_STD.TO_INTEGER: metavalue detected, returning 0
#    Time: 8909220 ns  Iteration: 2  Instance: /tb/MyRiscv/u_regfile/MUXA
# ** Warning: NUMERIC_STD.TO_INTEGER: metavalue detected, returning 0
#    Time: 8909260 ns  Iteration: 5  Instance: /tb/MyRiscv/u_regfile/MUXA
# ** Warning: NUMERIC_STD.TO_INTEGER: metavalue detected, returning 0
#    Time: 8909260 ns  Iteration: 5  Instance: /tb/MyRiscv/u_regfile/MUXB
# ** Warning: NUMERIC_STD.TO_INTEGER: metavalue detected, returning 0
#    Time: 8924320 ns  Iteration: 2  Instance: /tb/MyRiscv/u_regfile/MUXB
# ** Warning: NUMERIC_STD.TO_INTEGER: metavalue detected, returning 0
#    Time: 8924320 ns  Iteration: 2  Instance: /tb/MyRiscv/u_regfile/MUXA
# ** Warning: NUMERIC_STD.TO_INTEGER: metavalue detected, returning 0
#    Time: 8924360 ns  Iteration: 5  Instance: /tb/MyRiscv/u_regfile/MUXA
# ** Warning: NUMERIC_STD.TO_INTEGER: metavalue detected, returning 0
#    Time: 8924360 ns  Iteration: 5  Instance: /tb/MyRiscv/u_regfile/MUXB
# ** Warning: NUMERIC_STD.TO_INTEGER: metavalue detected, returning 0
#    Time: 8939420 ns  Iteration: 2  Instance: /tb/MyRiscv/u_regfile/MUXB
# ** Warning: NUMERIC_STD.TO_INTEGER: metavalue detected, returning 0
#    Time: 8939420 ns  Iteration: 2  Instance: /tb/MyRiscv/u_regfile/MUXA
# ** Warning: NUMERIC_STD.TO_INTEGER: metavalue detected, returning 0
#    Time: 8939460 ns  Iteration: 5  Instance: /tb/MyRiscv/u_regfile/MUXA
# ** Warning: NUMERIC_STD.TO_INTEGER: metavalue detected, returning 0
#    Time: 8939460 ns  Iteration: 5  Instance: /tb/MyRiscv/u_regfile/MUXB
# ** Warning: NUMERIC_STD.TO_INTEGER: metavalue detected, returning 0
#    Time: 8954520 ns  Iteration: 2  Instance: /tb/MyRiscv/u_regfile/MUXB
# ** Warning: NUMERIC_STD.TO_INTEGER: metavalue detected, returning 0
#    Time: 8954520 ns  Iteration: 2  Instance: /tb/MyRiscv/u_regfile/MUXA
# ** Warning: NUMERIC_STD.TO_INTEGER: metavalue detected, returning 0
#    Time: 8954560 ns  Iteration: 5  Instance: /tb/MyRiscv/u_regfile/MUXA
# ** Warning: NUMERIC_STD.TO_INTEGER: metavalue detected, returning 0
#    Time: 8954560 ns  Iteration: 5  Instance: /tb/MyRiscv/u_regfile/MUXB
# ** Warning: NUMERIC_STD.TO_INTEGER: metavalue detected, returning 0
#    Time: 8969620 ns  Iteration: 2  Instance: /tb/MyRiscv/u_regfile/MUXB
# ** Warning: NUMERIC_STD.TO_INTEGER: metavalue detected, returning 0
#    Time: 8969620 ns  Iteration: 2  Instance: /tb/MyRiscv/u_regfile/MUXA
# ** Warning: NUMERIC_STD.TO_INTEGER: metavalue detected, returning 0
#    Time: 8969660 ns  Iteration: 5  Instance: /tb/MyRiscv/u_regfile/MUXA
# ** Warning: NUMERIC_STD.TO_INTEGER: metavalue detected, returning 0
#    Time: 8969660 ns  Iteration: 5  Instance: /tb/MyRiscv/u_regfile/MUXB
# ** Warning: NUMERIC_STD.TO_INTEGER: metavalue detected, returning 0
#    Time: 8984720 ns  Iteration: 2  Instance: /tb/MyRiscv/u_regfile/MUXB
# ** Warning: NUMERIC_STD.TO_INTEGER: metavalue detected, returning 0
#    Time: 8984720 ns  Iteration: 2  Instance: /tb/MyRiscv/u_regfile/MUXA
# ** Warning: NUMERIC_STD.TO_INTEGER: metavalue detected, returning 0
#    Time: 8984760 ns  Iteration: 5  Instance: /tb/MyRiscv/u_regfile/MUXA
# ** Warning: NUMERIC_STD.TO_INTEGER: metavalue detected, returning 0
#    Time: 8984760 ns  Iteration: 5  Instance: /tb/MyRiscv/u_regfile/MUXB
# ** Warning: NUMERIC_STD.TO_INTEGER: metavalue detected, returning 0
#    Time: 8999820 ns  Iteration: 2  Instance: /tb/MyRiscv/u_regfile/MUXB
# ** Warning: NUMERIC_STD.TO_INTEGER: metavalue detected, returning 0
#    Time: 8999820 ns  Iteration: 2  Instance: /tb/MyRiscv/u_regfile/MUXA
# ** Warning: NUMERIC_STD.TO_INTEGER: metavalue detected, returning 0
#    Time: 8999860 ns  Iteration: 5  Instance: /tb/MyRiscv/u_regfile/MUXA
# ** Warning: NUMERIC_STD.TO_INTEGER: metavalue detected, returning 0
#    Time: 8999860 ns  Iteration: 5  Instance: /tb/MyRiscv/u_regfile/MUXB
# ** Warning: NUMERIC_STD.TO_INTEGER: metavalue detected, returning 0
#    Time: 9014920 ns  Iteration: 2  Instance: /tb/MyRiscv/u_regfile/MUXB
# ** Warning: NUMERIC_STD.TO_INTEGER: metavalue detected, returning 0
#    Time: 9014920 ns  Iteration: 2  Instance: /tb/MyRiscv/u_regfile/MUXA
# ** Warning: NUMERIC_STD.TO_INTEGER: metavalue detected, returning 0
#    Time: 9014960 ns  Iteration: 5  Instance: /tb/MyRiscv/u_regfile/MUXA
# ** Warning: NUMERIC_STD.TO_INTEGER: metavalue detected, returning 0
#    Time: 9014960 ns  Iteration: 5  Instance: /tb/MyRiscv/u_regfile/MUXB
# ** Warning: NUMERIC_STD.TO_INTEGER: metavalue detected, returning 0
#    Time: 9030020 ns  Iteration: 2  Instance: /tb/MyRiscv/u_regfile/MUXB
# ** Warning: NUMERIC_STD.TO_INTEGER: metavalue detected, returning 0
#    Time: 9030020 ns  Iteration: 2  Instance: /tb/MyRiscv/u_regfile/MUXA
# ** Warning: NUMERIC_STD.TO_INTEGER: metavalue detected, returning 0
#    Time: 9030060 ns  Iteration: 5  Instance: /tb/MyRiscv/u_regfile/MUXA
# ** Warning: NUMERIC_STD.TO_INTEGER: metavalue detected, returning 0
#    Time: 9030060 ns  Iteration: 5  Instance: /tb/MyRiscv/u_regfile/MUXB
# ** Warning: NUMERIC_STD.TO_INTEGER: metavalue detected, returning 0
#    Time: 9045120 ns  Iteration: 2  Instance: /tb/MyRiscv/u_regfile/MUXB
# ** Warning: NUMERIC_STD.TO_INTEGER: metavalue detected, returning 0
#    Time: 9045120 ns  Iteration: 2  Instance: /tb/MyRiscv/u_regfile/MUXA
# ** Warning: NUMERIC_STD.TO_INTEGER: metavalue detected, returning 0
#    Time: 9045160 ns  Iteration: 5  Instance: /tb/MyRiscv/u_regfile/MUXA
# ** Warning: NUMERIC_STD.TO_INTEGER: metavalue detected, returning 0
#    Time: 9045160 ns  Iteration: 5  Instance: /tb/MyRiscv/u_regfile/MUXB
# ** Warning: NUMERIC_STD.TO_INTEGER: metavalue detected, returning 0
#    Time: 9060220 ns  Iteration: 2  Instance: /tb/MyRiscv/u_regfile/MUXB
# ** Warning: NUMERIC_STD.TO_INTEGER: metavalue detected, returning 0
#    Time: 9060220 ns  Iteration: 2  Instance: /tb/MyRiscv/u_regfile/MUXA
# ** Warning: NUMERIC_STD.TO_INTEGER: metavalue detected, returning 0
#    Time: 9060260 ns  Iteration: 5  Instance: /tb/MyRiscv/u_regfile/MUXA
# ** Warning: NUMERIC_STD.TO_INTEGER: metavalue detected, returning 0
#    Time: 9060260 ns  Iteration: 5  Instance: /tb/MyRiscv/u_regfile/MUXB
# ** Warning: NUMERIC_STD.TO_INTEGER: metavalue detected, returning 0
#    Time: 9075320 ns  Iteration: 2  Instance: /tb/MyRiscv/u_regfile/MUXB
# ** Warning: NUMERIC_STD.TO_INTEGER: metavalue detected, returning 0
#    Time: 9075320 ns  Iteration: 2  Instance: /tb/MyRiscv/u_regfile/MUXA
# ** Warning: NUMERIC_STD.TO_INTEGER: metavalue detected, returning 0
#    Time: 9075360 ns  Iteration: 5  Instance: /tb/MyRiscv/u_regfile/MUXA
# ** Warning: NUMERIC_STD.TO_INTEGER: metavalue detected, returning 0
#    Time: 9075360 ns  Iteration: 5  Instance: /tb/MyRiscv/u_regfile/MUXB
# ** Warning: NUMERIC_STD.TO_INTEGER: metavalue detected, returning 0
#    Time: 9090420 ns  Iteration: 2  Instance: /tb/MyRiscv/u_regfile/MUXB
# ** Warning: NUMERIC_STD.TO_INTEGER: metavalue detected, returning 0
#    Time: 9090420 ns  Iteration: 2  Instance: /tb/MyRiscv/u_regfile/MUXA
# ** Warning: NUMERIC_STD.TO_INTEGER: metavalue detected, returning 0
#    Time: 9090460 ns  Iteration: 5  Instance: /tb/MyRiscv/u_regfile/MUXA
# ** Warning: NUMERIC_STD.TO_INTEGER: metavalue detected, returning 0
#    Time: 9090460 ns  Iteration: 5  Instance: /tb/MyRiscv/u_regfile/MUXB
# ** Warning: NUMERIC_STD.TO_INTEGER: metavalue detected, returning 0
#    Time: 9105520 ns  Iteration: 2  Instance: /tb/MyRiscv/u_regfile/MUXB
# ** Warning: NUMERIC_STD.TO_INTEGER: metavalue detected, returning 0
#    Time: 9105520 ns  Iteration: 2  Instance: /tb/MyRiscv/u_regfile/MUXA
# ** Warning: NUMERIC_STD.TO_INTEGER: metavalue detected, returning 0
#    Time: 9105560 ns  Iteration: 5  Instance: /tb/MyRiscv/u_regfile/MUXA
# ** Warning: NUMERIC_STD.TO_INTEGER: metavalue detected, returning 0
#    Time: 9105560 ns  Iteration: 5  Instance: /tb/MyRiscv/u_regfile/MUXB
# ** Warning: NUMERIC_STD.TO_INTEGER: metavalue detected, returning 0
#    Time: 9120620 ns  Iteration: 2  Instance: /tb/MyRiscv/u_regfile/MUXB
# ** Warning: NUMERIC_STD.TO_INTEGER: metavalue detected, returning 0
#    Time: 9120620 ns  Iteration: 2  Instance: /tb/MyRiscv/u_regfile/MUXA
# ** Warning: NUMERIC_STD.TO_INTEGER: metavalue detected, returning 0
#    Time: 9120660 ns  Iteration: 5  Instance: /tb/MyRiscv/u_regfile/MUXA
# ** Warning: NUMERIC_STD.TO_INTEGER: metavalue detected, returning 0
#    Time: 9120660 ns  Iteration: 5  Instance: /tb/MyRiscv/u_regfile/MUXB
# ** Warning: NUMERIC_STD.TO_INTEGER: metavalue detected, returning 0
#    Time: 9135720 ns  Iteration: 2  Instance: /tb/MyRiscv/u_regfile/MUXB
# ** Warning: NUMERIC_STD.TO_INTEGER: metavalue detected, returning 0
#    Time: 9135720 ns  Iteration: 2  Instance: /tb/MyRiscv/u_regfile/MUXA
# ** Warning: NUMERIC_STD.TO_INTEGER: metavalue detected, returning 0
#    Time: 9135760 ns  Iteration: 5  Instance: /tb/MyRiscv/u_regfile/MUXA
# ** Warning: NUMERIC_STD.TO_INTEGER: metavalue detected, returning 0
#    Time: 9135760 ns  Iteration: 5  Instance: /tb/MyRiscv/u_regfile/MUXB
# ** Warning: NUMERIC_STD.TO_INTEGER: metavalue detected, returning 0
#    Time: 9150820 ns  Iteration: 2  Instance: /tb/MyRiscv/u_regfile/MUXB
# ** Warning: NUMERIC_STD.TO_INTEGER: metavalue detected, returning 0
#    Time: 9150820 ns  Iteration: 2  Instance: /tb/MyRiscv/u_regfile/MUXA
# ** Warning: NUMERIC_STD.TO_INTEGER: metavalue detected, returning 0
#    Time: 9150860 ns  Iteration: 5  Instance: /tb/MyRiscv/u_regfile/MUXA
# ** Warning: NUMERIC_STD.TO_INTEGER: metavalue detected, returning 0
#    Time: 9150860 ns  Iteration: 5  Instance: /tb/MyRiscv/u_regfile/MUXB
# ** Warning: NUMERIC_STD.TO_INTEGER: metavalue detected, returning 0
#    Time: 9165920 ns  Iteration: 2  Instance: /tb/MyRiscv/u_regfile/MUXB
# ** Warning: NUMERIC_STD.TO_INTEGER: metavalue detected, returning 0
#    Time: 9165920 ns  Iteration: 2  Instance: /tb/MyRiscv/u_regfile/MUXA
# ** Warning: NUMERIC_STD.TO_INTEGER: metavalue detected, returning 0
#    Time: 9165960 ns  Iteration: 5  Instance: /tb/MyRiscv/u_regfile/MUXA
# ** Warning: NUMERIC_STD.TO_INTEGER: metavalue detected, returning 0
#    Time: 9165960 ns  Iteration: 5  Instance: /tb/MyRiscv/u_regfile/MUXB
# ** Warning: NUMERIC_STD.TO_INTEGER: metavalue detected, returning 0
#    Time: 9181020 ns  Iteration: 2  Instance: /tb/MyRiscv/u_regfile/MUXB
# ** Warning: NUMERIC_STD.TO_INTEGER: metavalue detected, returning 0
#    Time: 9181020 ns  Iteration: 2  Instance: /tb/MyRiscv/u_regfile/MUXA
# ** Warning: NUMERIC_STD.TO_INTEGER: metavalue detected, returning 0
#    Time: 9181060 ns  Iteration: 5  Instance: /tb/MyRiscv/u_regfile/MUXA
# ** Warning: NUMERIC_STD.TO_INTEGER: metavalue detected, returning 0
#    Time: 9181060 ns  Iteration: 5  Instance: /tb/MyRiscv/u_regfile/MUXB
# ** Warning: NUMERIC_STD.TO_INTEGER: metavalue detected, returning 0
#    Time: 9196120 ns  Iteration: 2  Instance: /tb/MyRiscv/u_regfile/MUXB
# ** Warning: NUMERIC_STD.TO_INTEGER: metavalue detected, returning 0
#    Time: 9196120 ns  Iteration: 2  Instance: /tb/MyRiscv/u_regfile/MUXA
# ** Warning: NUMERIC_STD.TO_INTEGER: metavalue detected, returning 0
#    Time: 9196160 ns  Iteration: 5  Instance: /tb/MyRiscv/u_regfile/MUXA
# ** Warning: NUMERIC_STD.TO_INTEGER: metavalue detected, returning 0
#    Time: 9196160 ns  Iteration: 5  Instance: /tb/MyRiscv/u_regfile/MUXB
# ** Warning: NUMERIC_STD.TO_INTEGER: metavalue detected, returning 0
#    Time: 9211220 ns  Iteration: 2  Instance: /tb/MyRiscv/u_regfile/MUXB
# ** Warning: NUMERIC_STD.TO_INTEGER: metavalue detected, returning 0
#    Time: 9211220 ns  Iteration: 2  Instance: /tb/MyRiscv/u_regfile/MUXA
# ** Warning: NUMERIC_STD.TO_INTEGER: metavalue detected, returning 0
#    Time: 9211260 ns  Iteration: 5  Instance: /tb/MyRiscv/u_regfile/MUXA
# ** Warning: NUMERIC_STD.TO_INTEGER: metavalue detected, returning 0
#    Time: 9211260 ns  Iteration: 5  Instance: /tb/MyRiscv/u_regfile/MUXB
# ** Warning: NUMERIC_STD.TO_INTEGER: metavalue detected, returning 0
#    Time: 9226320 ns  Iteration: 2  Instance: /tb/MyRiscv/u_regfile/MUXB
# ** Warning: NUMERIC_STD.TO_INTEGER: metavalue detected, returning 0
#    Time: 9226320 ns  Iteration: 2  Instance: /tb/MyRiscv/u_regfile/MUXA
# ** Warning: NUMERIC_STD.TO_INTEGER: metavalue detected, returning 0
#    Time: 9226360 ns  Iteration: 5  Instance: /tb/MyRiscv/u_regfile/MUXA
# ** Warning: NUMERIC_STD.TO_INTEGER: metavalue detected, returning 0
#    Time: 9226360 ns  Iteration: 5  Instance: /tb/MyRiscv/u_regfile/MUXB
# ** Warning: NUMERIC_STD.TO_INTEGER: metavalue detected, returning 0
#    Time: 9241420 ns  Iteration: 2  Instance: /tb/MyRiscv/u_regfile/MUXB
# ** Warning: NUMERIC_STD.TO_INTEGER: metavalue detected, returning 0
#    Time: 9241420 ns  Iteration: 2  Instance: /tb/MyRiscv/u_regfile/MUXA
# ** Warning: NUMERIC_STD.TO_INTEGER: metavalue detected, returning 0
#    Time: 9241460 ns  Iteration: 5  Instance: /tb/MyRiscv/u_regfile/MUXA
# ** Warning: NUMERIC_STD.TO_INTEGER: metavalue detected, returning 0
#    Time: 9241460 ns  Iteration: 5  Instance: /tb/MyRiscv/u_regfile/MUXB
# ** Warning: NUMERIC_STD.TO_INTEGER: metavalue detected, returning 0
#    Time: 9256520 ns  Iteration: 2  Instance: /tb/MyRiscv/u_regfile/MUXB
# ** Warning: NUMERIC_STD.TO_INTEGER: metavalue detected, returning 0
#    Time: 9256520 ns  Iteration: 2  Instance: /tb/MyRiscv/u_regfile/MUXA
# ** Warning: NUMERIC_STD.TO_INTEGER: metavalue detected, returning 0
#    Time: 9256560 ns  Iteration: 5  Instance: /tb/MyRiscv/u_regfile/MUXA
# ** Warning: NUMERIC_STD.TO_INTEGER: metavalue detected, returning 0
#    Time: 9256560 ns  Iteration: 5  Instance: /tb/MyRiscv/u_regfile/MUXB
# ** Warning: NUMERIC_STD.TO_INTEGER: metavalue detected, returning 0
#    Time: 9271620 ns  Iteration: 2  Instance: /tb/MyRiscv/u_regfile/MUXB
# ** Warning: NUMERIC_STD.TO_INTEGER: metavalue detected, returning 0
#    Time: 9271620 ns  Iteration: 2  Instance: /tb/MyRiscv/u_regfile/MUXA
# ** Warning: NUMERIC_STD.TO_INTEGER: metavalue detected, returning 0
#    Time: 9271660 ns  Iteration: 5  Instance: /tb/MyRiscv/u_regfile/MUXA
# ** Warning: NUMERIC_STD.TO_INTEGER: metavalue detected, returning 0
#    Time: 9271660 ns  Iteration: 5  Instance: /tb/MyRiscv/u_regfile/MUXB
# ** Warning: NUMERIC_STD.TO_INTEGER: metavalue detected, returning 0
#    Time: 9286720 ns  Iteration: 2  Instance: /tb/MyRiscv/u_regfile/MUXB
# ** Warning: NUMERIC_STD.TO_INTEGER: metavalue detected, returning 0
#    Time: 9286720 ns  Iteration: 2  Instance: /tb/MyRiscv/u_regfile/MUXA
# ** Warning: NUMERIC_STD.TO_INTEGER: metavalue detected, returning 0
#    Time: 9286760 ns  Iteration: 5  Instance: /tb/MyRiscv/u_regfile/MUXA
# ** Warning: NUMERIC_STD.TO_INTEGER: metavalue detected, returning 0
#    Time: 9286760 ns  Iteration: 5  Instance: /tb/MyRiscv/u_regfile/MUXB
# ** Warning: NUMERIC_STD.TO_INTEGER: metavalue detected, returning 0
#    Time: 9301820 ns  Iteration: 2  Instance: /tb/MyRiscv/u_regfile/MUXB
# ** Warning: NUMERIC_STD.TO_INTEGER: metavalue detected, returning 0
#    Time: 9301820 ns  Iteration: 2  Instance: /tb/MyRiscv/u_regfile/MUXA
# ** Warning: NUMERIC_STD.TO_INTEGER: metavalue detected, returning 0
#    Time: 9301860 ns  Iteration: 5  Instance: /tb/MyRiscv/u_regfile/MUXA
# ** Warning: NUMERIC_STD.TO_INTEGER: metavalue detected, returning 0
#    Time: 9301860 ns  Iteration: 5  Instance: /tb/MyRiscv/u_regfile/MUXB
# ** Warning: NUMERIC_STD.TO_INTEGER: metavalue detected, returning 0
#    Time: 9316920 ns  Iteration: 2  Instance: /tb/MyRiscv/u_regfile/MUXB
# ** Warning: NUMERIC_STD.TO_INTEGER: metavalue detected, returning 0
#    Time: 9316920 ns  Iteration: 2  Instance: /tb/MyRiscv/u_regfile/MUXA
# ** Warning: NUMERIC_STD.TO_INTEGER: metavalue detected, returning 0
#    Time: 9316960 ns  Iteration: 5  Instance: /tb/MyRiscv/u_regfile/MUXA
# ** Warning: NUMERIC_STD.TO_INTEGER: metavalue detected, returning 0
#    Time: 9316960 ns  Iteration: 5  Instance: /tb/MyRiscv/u_regfile/MUXB
# ** Warning: NUMERIC_STD.TO_INTEGER: metavalue detected, returning 0
#    Time: 9332020 ns  Iteration: 2  Instance: /tb/MyRiscv/u_regfile/MUXB
# ** Warning: NUMERIC_STD.TO_INTEGER: metavalue detected, returning 0
#    Time: 9332020 ns  Iteration: 2  Instance: /tb/MyRiscv/u_regfile/MUXA
# ** Warning: NUMERIC_STD.TO_INTEGER: metavalue detected, returning 0
#    Time: 9332060 ns  Iteration: 5  Instance: /tb/MyRiscv/u_regfile/MUXA
# ** Warning: NUMERIC_STD.TO_INTEGER: metavalue detected, returning 0
#    Time: 9332060 ns  Iteration: 5  Instance: /tb/MyRiscv/u_regfile/MUXB
# ** Warning: NUMERIC_STD.TO_INTEGER: metavalue detected, returning 0
#    Time: 9347120 ns  Iteration: 2  Instance: /tb/MyRiscv/u_regfile/MUXB
# ** Warning: NUMERIC_STD.TO_INTEGER: metavalue detected, returning 0
#    Time: 9347120 ns  Iteration: 2  Instance: /tb/MyRiscv/u_regfile/MUXA
# ** Warning: NUMERIC_STD.TO_INTEGER: metavalue detected, returning 0
#    Time: 9347160 ns  Iteration: 5  Instance: /tb/MyRiscv/u_regfile/MUXA
# ** Warning: NUMERIC_STD.TO_INTEGER: metavalue detected, returning 0
#    Time: 9347160 ns  Iteration: 5  Instance: /tb/MyRiscv/u_regfile/MUXB
# ** Warning: NUMERIC_STD.TO_INTEGER: metavalue detected, returning 0
#    Time: 9362220 ns  Iteration: 2  Instance: /tb/MyRiscv/u_regfile/MUXB
# ** Warning: NUMERIC_STD.TO_INTEGER: metavalue detected, returning 0
#    Time: 9362220 ns  Iteration: 2  Instance: /tb/MyRiscv/u_regfile/MUXA
# ** Warning: NUMERIC_STD.TO_INTEGER: metavalue detected, returning 0
#    Time: 9362260 ns  Iteration: 5  Instance: /tb/MyRiscv/u_regfile/MUXA
# ** Warning: NUMERIC_STD.TO_INTEGER: metavalue detected, returning 0
#    Time: 9362260 ns  Iteration: 5  Instance: /tb/MyRiscv/u_regfile/MUXB
# ** Warning: NUMERIC_STD.TO_INTEGER: metavalue detected, returning 0
#    Time: 9377320 ns  Iteration: 2  Instance: /tb/MyRiscv/u_regfile/MUXB
# ** Warning: NUMERIC_STD.TO_INTEGER: metavalue detected, returning 0
#    Time: 9377320 ns  Iteration: 2  Instance: /tb/MyRiscv/u_regfile/MUXA
# ** Warning: NUMERIC_STD.TO_INTEGER: metavalue detected, returning 0
#    Time: 9377360 ns  Iteration: 5  Instance: /tb/MyRiscv/u_regfile/MUXA
# ** Warning: NUMERIC_STD.TO_INTEGER: metavalue detected, returning 0
#    Time: 9377360 ns  Iteration: 5  Instance: /tb/MyRiscv/u_regfile/MUXB
# ** Warning: NUMERIC_STD.TO_INTEGER: metavalue detected, returning 0
#    Time: 9392420 ns  Iteration: 2  Instance: /tb/MyRiscv/u_regfile/MUXB
# ** Warning: NUMERIC_STD.TO_INTEGER: metavalue detected, returning 0
#    Time: 9392420 ns  Iteration: 2  Instance: /tb/MyRiscv/u_regfile/MUXA
# ** Warning: NUMERIC_STD.TO_INTEGER: metavalue detected, returning 0
#    Time: 9392460 ns  Iteration: 5  Instance: /tb/MyRiscv/u_regfile/MUXA
# ** Warning: NUMERIC_STD.TO_INTEGER: metavalue detected, returning 0
#    Time: 9392460 ns  Iteration: 5  Instance: /tb/MyRiscv/u_regfile/MUXB
# ** Warning: NUMERIC_STD.TO_INTEGER: metavalue detected, returning 0
#    Time: 9407520 ns  Iteration: 2  Instance: /tb/MyRiscv/u_regfile/MUXB
# ** Warning: NUMERIC_STD.TO_INTEGER: metavalue detected, returning 0
#    Time: 9407520 ns  Iteration: 2  Instance: /tb/MyRiscv/u_regfile/MUXA
# ** Warning: NUMERIC_STD.TO_INTEGER: metavalue detected, returning 0
#    Time: 9407560 ns  Iteration: 5  Instance: /tb/MyRiscv/u_regfile/MUXA
# ** Warning: NUMERIC_STD.TO_INTEGER: metavalue detected, returning 0
#    Time: 9407560 ns  Iteration: 5  Instance: /tb/MyRiscv/u_regfile/MUXB
# ** Warning: NUMERIC_STD.TO_INTEGER: metavalue detected, returning 0
#    Time: 9422620 ns  Iteration: 2  Instance: /tb/MyRiscv/u_regfile/MUXB
# ** Warning: NUMERIC_STD.TO_INTEGER: metavalue detected, returning 0
#    Time: 9422620 ns  Iteration: 2  Instance: /tb/MyRiscv/u_regfile/MUXA
# ** Warning: NUMERIC_STD.TO_INTEGER: metavalue detected, returning 0
#    Time: 9422660 ns  Iteration: 5  Instance: /tb/MyRiscv/u_regfile/MUXA
# ** Warning: NUMERIC_STD.TO_INTEGER: metavalue detected, returning 0
#    Time: 9422660 ns  Iteration: 5  Instance: /tb/MyRiscv/u_regfile/MUXB
# ** Warning: NUMERIC_STD.TO_INTEGER: metavalue detected, returning 0
#    Time: 9437720 ns  Iteration: 2  Instance: /tb/MyRiscv/u_regfile/MUXB
# ** Warning: NUMERIC_STD.TO_INTEGER: metavalue detected, returning 0
#    Time: 9437720 ns  Iteration: 2  Instance: /tb/MyRiscv/u_regfile/MUXA
# ** Warning: NUMERIC_STD.TO_INTEGER: metavalue detected, returning 0
#    Time: 9437760 ns  Iteration: 5  Instance: /tb/MyRiscv/u_regfile/MUXA
# ** Warning: NUMERIC_STD.TO_INTEGER: metavalue detected, returning 0
#    Time: 9437760 ns  Iteration: 5  Instance: /tb/MyRiscv/u_regfile/MUXB
# ** Warning: NUMERIC_STD.TO_INTEGER: metavalue detected, returning 0
#    Time: 9452820 ns  Iteration: 2  Instance: /tb/MyRiscv/u_regfile/MUXB
# ** Warning: NUMERIC_STD.TO_INTEGER: metavalue detected, returning 0
#    Time: 9452820 ns  Iteration: 2  Instance: /tb/MyRiscv/u_regfile/MUXA
# ** Warning: NUMERIC_STD.TO_INTEGER: metavalue detected, returning 0
#    Time: 9452860 ns  Iteration: 5  Instance: /tb/MyRiscv/u_regfile/MUXA
# ** Warning: NUMERIC_STD.TO_INTEGER: metavalue detected, returning 0
#    Time: 9452860 ns  Iteration: 5  Instance: /tb/MyRiscv/u_regfile/MUXB
# ** Warning: NUMERIC_STD.TO_INTEGER: metavalue detected, returning 0
#    Time: 9467920 ns  Iteration: 2  Instance: /tb/MyRiscv/u_regfile/MUXB
# ** Warning: NUMERIC_STD.TO_INTEGER: metavalue detected, returning 0
#    Time: 9467920 ns  Iteration: 2  Instance: /tb/MyRiscv/u_regfile/MUXA
# ** Warning: NUMERIC_STD.TO_INTEGER: metavalue detected, returning 0
#    Time: 9467960 ns  Iteration: 5  Instance: /tb/MyRiscv/u_regfile/MUXA
# ** Warning: NUMERIC_STD.TO_INTEGER: metavalue detected, returning 0
#    Time: 9467960 ns  Iteration: 5  Instance: /tb/MyRiscv/u_regfile/MUXB
# ** Warning: NUMERIC_STD.TO_INTEGER: metavalue detected, returning 0
#    Time: 9483020 ns  Iteration: 2  Instance: /tb/MyRiscv/u_regfile/MUXB
# ** Warning: NUMERIC_STD.TO_INTEGER: metavalue detected, returning 0
#    Time: 9483020 ns  Iteration: 2  Instance: /tb/MyRiscv/u_regfile/MUXA
# ** Warning: NUMERIC_STD.TO_INTEGER: metavalue detected, returning 0
#    Time: 9483060 ns  Iteration: 5  Instance: /tb/MyRiscv/u_regfile/MUXA
# ** Warning: NUMERIC_STD.TO_INTEGER: metavalue detected, returning 0
#    Time: 9483060 ns  Iteration: 5  Instance: /tb/MyRiscv/u_regfile/MUXB
# ** Warning: NUMERIC_STD.TO_INTEGER: metavalue detected, returning 0
#    Time: 9498120 ns  Iteration: 2  Instance: /tb/MyRiscv/u_regfile/MUXB
# ** Warning: NUMERIC_STD.TO_INTEGER: metavalue detected, returning 0
#    Time: 9498120 ns  Iteration: 2  Instance: /tb/MyRiscv/u_regfile/MUXA
# ** Warning: NUMERIC_STD.TO_INTEGER: metavalue detected, returning 0
#    Time: 9498160 ns  Iteration: 5  Instance: /tb/MyRiscv/u_regfile/MUXA
# ** Warning: NUMERIC_STD.TO_INTEGER: metavalue detected, returning 0
#    Time: 9498160 ns  Iteration: 5  Instance: /tb/MyRiscv/u_regfile/MUXB
# ** Warning: NUMERIC_STD.TO_INTEGER: metavalue detected, returning 0
#    Time: 9513220 ns  Iteration: 2  Instance: /tb/MyRiscv/u_regfile/MUXB
# ** Warning: NUMERIC_STD.TO_INTEGER: metavalue detected, returning 0
#    Time: 9513220 ns  Iteration: 2  Instance: /tb/MyRiscv/u_regfile/MUXA
# ** Warning: NUMERIC_STD.TO_INTEGER: metavalue detected, returning 0
#    Time: 9513260 ns  Iteration: 5  Instance: /tb/MyRiscv/u_regfile/MUXA
# ** Warning: NUMERIC_STD.TO_INTEGER: metavalue detected, returning 0
#    Time: 9513260 ns  Iteration: 5  Instance: /tb/MyRiscv/u_regfile/MUXB
# ** Warning: NUMERIC_STD.TO_INTEGER: metavalue detected, returning 0
#    Time: 9528320 ns  Iteration: 2  Instance: /tb/MyRiscv/u_regfile/MUXB
# ** Warning: NUMERIC_STD.TO_INTEGER: metavalue detected, returning 0
#    Time: 9528320 ns  Iteration: 2  Instance: /tb/MyRiscv/u_regfile/MUXA
# ** Warning: NUMERIC_STD.TO_INTEGER: metavalue detected, returning 0
#    Time: 9528360 ns  Iteration: 5  Instance: /tb/MyRiscv/u_regfile/MUXA
# ** Warning: NUMERIC_STD.TO_INTEGER: metavalue detected, returning 0
#    Time: 9528360 ns  Iteration: 5  Instance: /tb/MyRiscv/u_regfile/MUXB
# ** Warning: NUMERIC_STD.TO_INTEGER: metavalue detected, returning 0
#    Time: 9543420 ns  Iteration: 2  Instance: /tb/MyRiscv/u_regfile/MUXB
# ** Warning: NUMERIC_STD.TO_INTEGER: metavalue detected, returning 0
#    Time: 9543420 ns  Iteration: 2  Instance: /tb/MyRiscv/u_regfile/MUXA
# ** Warning: NUMERIC_STD.TO_INTEGER: metavalue detected, returning 0
#    Time: 9543460 ns  Iteration: 5  Instance: /tb/MyRiscv/u_regfile/MUXA
# ** Warning: NUMERIC_STD.TO_INTEGER: metavalue detected, returning 0
#    Time: 9543460 ns  Iteration: 5  Instance: /tb/MyRiscv/u_regfile/MUXB
# ** Warning: NUMERIC_STD.TO_INTEGER: metavalue detected, returning 0
#    Time: 9558520 ns  Iteration: 2  Instance: /tb/MyRiscv/u_regfile/MUXB
# ** Warning: NUMERIC_STD.TO_INTEGER: metavalue detected, returning 0
#    Time: 9558520 ns  Iteration: 2  Instance: /tb/MyRiscv/u_regfile/MUXA
# ** Warning: NUMERIC_STD.TO_INTEGER: metavalue detected, returning 0
#    Time: 9558560 ns  Iteration: 5  Instance: /tb/MyRiscv/u_regfile/MUXA
# ** Warning: NUMERIC_STD.TO_INTEGER: metavalue detected, returning 0
#    Time: 9558560 ns  Iteration: 5  Instance: /tb/MyRiscv/u_regfile/MUXB
# ** Warning: NUMERIC_STD.TO_INTEGER: metavalue detected, returning 0
#    Time: 9573620 ns  Iteration: 2  Instance: /tb/MyRiscv/u_regfile/MUXB
# ** Warning: NUMERIC_STD.TO_INTEGER: metavalue detected, returning 0
#    Time: 9573620 ns  Iteration: 2  Instance: /tb/MyRiscv/u_regfile/MUXA
# ** Warning: NUMERIC_STD.TO_INTEGER: metavalue detected, returning 0
#    Time: 9573660 ns  Iteration: 5  Instance: /tb/MyRiscv/u_regfile/MUXA
# ** Warning: NUMERIC_STD.TO_INTEGER: metavalue detected, returning 0
#    Time: 9573660 ns  Iteration: 5  Instance: /tb/MyRiscv/u_regfile/MUXB
# ** Warning: NUMERIC_STD.TO_INTEGER: metavalue detected, returning 0
#    Time: 9588720 ns  Iteration: 2  Instance: /tb/MyRiscv/u_regfile/MUXB
# ** Warning: NUMERIC_STD.TO_INTEGER: metavalue detected, returning 0
#    Time: 9588720 ns  Iteration: 2  Instance: /tb/MyRiscv/u_regfile/MUXA
# ** Warning: NUMERIC_STD.TO_INTEGER: metavalue detected, returning 0
#    Time: 9588760 ns  Iteration: 5  Instance: /tb/MyRiscv/u_regfile/MUXA
# ** Warning: NUMERIC_STD.TO_INTEGER: metavalue detected, returning 0
#    Time: 9588760 ns  Iteration: 5  Instance: /tb/MyRiscv/u_regfile/MUXB
# ** Warning: NUMERIC_STD.TO_INTEGER: metavalue detected, returning 0
#    Time: 9603820 ns  Iteration: 2  Instance: /tb/MyRiscv/u_regfile/MUXB
# ** Warning: NUMERIC_STD.TO_INTEGER: metavalue detected, returning 0
#    Time: 9603820 ns  Iteration: 2  Instance: /tb/MyRiscv/u_regfile/MUXA
# ** Warning: NUMERIC_STD.TO_INTEGER: metavalue detected, returning 0
#    Time: 9603860 ns  Iteration: 5  Instance: /tb/MyRiscv/u_regfile/MUXA
# ** Warning: NUMERIC_STD.TO_INTEGER: metavalue detected, returning 0
#    Time: 9603860 ns  Iteration: 5  Instance: /tb/MyRiscv/u_regfile/MUXB
# ** Warning: NUMERIC_STD.TO_INTEGER: metavalue detected, returning 0
#    Time: 9618920 ns  Iteration: 2  Instance: /tb/MyRiscv/u_regfile/MUXB
# ** Warning: NUMERIC_STD.TO_INTEGER: metavalue detected, returning 0
#    Time: 9618920 ns  Iteration: 2  Instance: /tb/MyRiscv/u_regfile/MUXA
# ** Warning: NUMERIC_STD.TO_INTEGER: metavalue detected, returning 0
#    Time: 9618960 ns  Iteration: 5  Instance: /tb/MyRiscv/u_regfile/MUXA
# ** Warning: NUMERIC_STD.TO_INTEGER: metavalue detected, returning 0
#    Time: 9618960 ns  Iteration: 5  Instance: /tb/MyRiscv/u_regfile/MUXB
# ** Warning: NUMERIC_STD.TO_INTEGER: metavalue detected, returning 0
#    Time: 9634020 ns  Iteration: 2  Instance: /tb/MyRiscv/u_regfile/MUXB
# ** Warning: NUMERIC_STD.TO_INTEGER: metavalue detected, returning 0
#    Time: 9634020 ns  Iteration: 2  Instance: /tb/MyRiscv/u_regfile/MUXA
# ** Warning: NUMERIC_STD.TO_INTEGER: metavalue detected, returning 0
#    Time: 9634060 ns  Iteration: 5  Instance: /tb/MyRiscv/u_regfile/MUXA
# ** Warning: NUMERIC_STD.TO_INTEGER: metavalue detected, returning 0
#    Time: 9634060 ns  Iteration: 5  Instance: /tb/MyRiscv/u_regfile/MUXB
# ** Warning: NUMERIC_STD.TO_INTEGER: metavalue detected, returning 0
#    Time: 9649120 ns  Iteration: 2  Instance: /tb/MyRiscv/u_regfile/MUXB
# ** Warning: NUMERIC_STD.TO_INTEGER: metavalue detected, returning 0
#    Time: 9649120 ns  Iteration: 2  Instance: /tb/MyRiscv/u_regfile/MUXA
# ** Warning: NUMERIC_STD.TO_INTEGER: metavalue detected, returning 0
#    Time: 9649160 ns  Iteration: 5  Instance: /tb/MyRiscv/u_regfile/MUXA
# ** Warning: NUMERIC_STD.TO_INTEGER: metavalue detected, returning 0
#    Time: 9649160 ns  Iteration: 5  Instance: /tb/MyRiscv/u_regfile/MUXB
# ** Warning: NUMERIC_STD.TO_INTEGER: metavalue detected, returning 0
#    Time: 9664220 ns  Iteration: 2  Instance: /tb/MyRiscv/u_regfile/MUXB
# ** Warning: NUMERIC_STD.TO_INTEGER: metavalue detected, returning 0
#    Time: 9664220 ns  Iteration: 2  Instance: /tb/MyRiscv/u_regfile/MUXA
# ** Warning: NUMERIC_STD.TO_INTEGER: metavalue detected, returning 0
#    Time: 9664260 ns  Iteration: 5  Instance: /tb/MyRiscv/u_regfile/MUXA
# ** Warning: NUMERIC_STD.TO_INTEGER: metavalue detected, returning 0
#    Time: 9664260 ns  Iteration: 5  Instance: /tb/MyRiscv/u_regfile/MUXB
# ** Warning: NUMERIC_STD.TO_INTEGER: metavalue detected, returning 0
#    Time: 9679320 ns  Iteration: 2  Instance: /tb/MyRiscv/u_regfile/MUXB
# ** Warning: NUMERIC_STD.TO_INTEGER: metavalue detected, returning 0
#    Time: 9679320 ns  Iteration: 2  Instance: /tb/MyRiscv/u_regfile/MUXA
# ** Warning: NUMERIC_STD.TO_INTEGER: metavalue detected, returning 0
#    Time: 9679360 ns  Iteration: 5  Instance: /tb/MyRiscv/u_regfile/MUXA
# ** Warning: NUMERIC_STD.TO_INTEGER: metavalue detected, returning 0
#    Time: 9679360 ns  Iteration: 5  Instance: /tb/MyRiscv/u_regfile/MUXB
# ** Warning: NUMERIC_STD.TO_INTEGER: metavalue detected, returning 0
#    Time: 9694420 ns  Iteration: 2  Instance: /tb/MyRiscv/u_regfile/MUXB
# ** Warning: NUMERIC_STD.TO_INTEGER: metavalue detected, returning 0
#    Time: 9694420 ns  Iteration: 2  Instance: /tb/MyRiscv/u_regfile/MUXA
# ** Warning: NUMERIC_STD.TO_INTEGER: metavalue detected, returning 0
#    Time: 9694460 ns  Iteration: 5  Instance: /tb/MyRiscv/u_regfile/MUXA
# ** Warning: NUMERIC_STD.TO_INTEGER: metavalue detected, returning 0
#    Time: 9694460 ns  Iteration: 5  Instance: /tb/MyRiscv/u_regfile/MUXB
# ** Warning: NUMERIC_STD.TO_INTEGER: metavalue detected, returning 0
#    Time: 9709520 ns  Iteration: 2  Instance: /tb/MyRiscv/u_regfile/MUXB
# ** Warning: NUMERIC_STD.TO_INTEGER: metavalue detected, returning 0
#    Time: 9709520 ns  Iteration: 2  Instance: /tb/MyRiscv/u_regfile/MUXA
# ** Warning: NUMERIC_STD.TO_INTEGER: metavalue detected, returning 0
#    Time: 9709560 ns  Iteration: 5  Instance: /tb/MyRiscv/u_regfile/MUXA
# ** Warning: NUMERIC_STD.TO_INTEGER: metavalue detected, returning 0
#    Time: 9709560 ns  Iteration: 5  Instance: /tb/MyRiscv/u_regfile/MUXB
# ** Warning: NUMERIC_STD.TO_INTEGER: metavalue detected, returning 0
#    Time: 9724620 ns  Iteration: 2  Instance: /tb/MyRiscv/u_regfile/MUXB
# ** Warning: NUMERIC_STD.TO_INTEGER: metavalue detected, returning 0
#    Time: 9724620 ns  Iteration: 2  Instance: /tb/MyRiscv/u_regfile/MUXA
# ** Warning: NUMERIC_STD.TO_INTEGER: metavalue detected, returning 0
#    Time: 9724660 ns  Iteration: 5  Instance: /tb/MyRiscv/u_regfile/MUXA
# ** Warning: NUMERIC_STD.TO_INTEGER: metavalue detected, returning 0
#    Time: 9724660 ns  Iteration: 5  Instance: /tb/MyRiscv/u_regfile/MUXB
# ** Warning: NUMERIC_STD.TO_INTEGER: metavalue detected, returning 0
#    Time: 9739720 ns  Iteration: 2  Instance: /tb/MyRiscv/u_regfile/MUXB
# ** Warning: NUMERIC_STD.TO_INTEGER: metavalue detected, returning 0
#    Time: 9739720 ns  Iteration: 2  Instance: /tb/MyRiscv/u_regfile/MUXA
# ** Warning: NUMERIC_STD.TO_INTEGER: metavalue detected, returning 0
#    Time: 9739760 ns  Iteration: 5  Instance: /tb/MyRiscv/u_regfile/MUXA
# ** Warning: NUMERIC_STD.TO_INTEGER: metavalue detected, returning 0
#    Time: 9739760 ns  Iteration: 5  Instance: /tb/MyRiscv/u_regfile/MUXB
# ** Warning: NUMERIC_STD.TO_INTEGER: metavalue detected, returning 0
#    Time: 9754820 ns  Iteration: 2  Instance: /tb/MyRiscv/u_regfile/MUXB
# ** Warning: NUMERIC_STD.TO_INTEGER: metavalue detected, returning 0
#    Time: 9754820 ns  Iteration: 2  Instance: /tb/MyRiscv/u_regfile/MUXA
# ** Warning: NUMERIC_STD.TO_INTEGER: metavalue detected, returning 0
#    Time: 9754860 ns  Iteration: 5  Instance: /tb/MyRiscv/u_regfile/MUXA
# ** Warning: NUMERIC_STD.TO_INTEGER: metavalue detected, returning 0
#    Time: 9754860 ns  Iteration: 5  Instance: /tb/MyRiscv/u_regfile/MUXB
# ** Warning: NUMERIC_STD.TO_INTEGER: metavalue detected, returning 0
#    Time: 9769920 ns  Iteration: 2  Instance: /tb/MyRiscv/u_regfile/MUXB
# ** Warning: NUMERIC_STD.TO_INTEGER: metavalue detected, returning 0
#    Time: 9769920 ns  Iteration: 2  Instance: /tb/MyRiscv/u_regfile/MUXA
# ** Warning: NUMERIC_STD.TO_INTEGER: metavalue detected, returning 0
#    Time: 9769960 ns  Iteration: 5  Instance: /tb/MyRiscv/u_regfile/MUXA
# ** Warning: NUMERIC_STD.TO_INTEGER: metavalue detected, returning 0
#    Time: 9769960 ns  Iteration: 5  Instance: /tb/MyRiscv/u_regfile/MUXB
# ** Warning: NUMERIC_STD.TO_INTEGER: metavalue detected, returning 0
#    Time: 9785020 ns  Iteration: 2  Instance: /tb/MyRiscv/u_regfile/MUXB
# ** Warning: NUMERIC_STD.TO_INTEGER: metavalue detected, returning 0
#    Time: 9785020 ns  Iteration: 2  Instance: /tb/MyRiscv/u_regfile/MUXA
# ** Warning: NUMERIC_STD.TO_INTEGER: metavalue detected, returning 0
#    Time: 9785060 ns  Iteration: 5  Instance: /tb/MyRiscv/u_regfile/MUXA
# ** Warning: NUMERIC_STD.TO_INTEGER: metavalue detected, returning 0
#    Time: 9785060 ns  Iteration: 5  Instance: /tb/MyRiscv/u_regfile/MUXB
# ** Warning: NUMERIC_STD.TO_INTEGER: metavalue detected, returning 0
#    Time: 9800120 ns  Iteration: 2  Instance: /tb/MyRiscv/u_regfile/MUXB
# ** Warning: NUMERIC_STD.TO_INTEGER: metavalue detected, returning 0
#    Time: 9800120 ns  Iteration: 2  Instance: /tb/MyRiscv/u_regfile/MUXA
# ** Warning: NUMERIC_STD.TO_INTEGER: metavalue detected, returning 0
#    Time: 9800160 ns  Iteration: 5  Instance: /tb/MyRiscv/u_regfile/MUXA
# ** Warning: NUMERIC_STD.TO_INTEGER: metavalue detected, returning 0
#    Time: 9800160 ns  Iteration: 5  Instance: /tb/MyRiscv/u_regfile/MUXB
# ** Warning: NUMERIC_STD.TO_INTEGER: metavalue detected, returning 0
#    Time: 9815220 ns  Iteration: 2  Instance: /tb/MyRiscv/u_regfile/MUXB
# ** Warning: NUMERIC_STD.TO_INTEGER: metavalue detected, returning 0
#    Time: 9815220 ns  Iteration: 2  Instance: /tb/MyRiscv/u_regfile/MUXA
# ** Warning: NUMERIC_STD.TO_INTEGER: metavalue detected, returning 0
#    Time: 9815260 ns  Iteration: 5  Instance: /tb/MyRiscv/u_regfile/MUXA
# ** Warning: NUMERIC_STD.TO_INTEGER: metavalue detected, returning 0
#    Time: 9815260 ns  Iteration: 5  Instance: /tb/MyRiscv/u_regfile/MUXB
# ** Warning: NUMERIC_STD.TO_INTEGER: metavalue detected, returning 0
#    Time: 9830320 ns  Iteration: 2  Instance: /tb/MyRiscv/u_regfile/MUXB
# ** Warning: NUMERIC_STD.TO_INTEGER: metavalue detected, returning 0
#    Time: 9830320 ns  Iteration: 2  Instance: /tb/MyRiscv/u_regfile/MUXA
# ** Warning: NUMERIC_STD.TO_INTEGER: metavalue detected, returning 0
#    Time: 9830360 ns  Iteration: 5  Instance: /tb/MyRiscv/u_regfile/MUXA
# ** Warning: NUMERIC_STD.TO_INTEGER: metavalue detected, returning 0
#    Time: 9830360 ns  Iteration: 5  Instance: /tb/MyRiscv/u_regfile/MUXB
# ** Warning: NUMERIC_STD.TO_INTEGER: metavalue detected, returning 0
#    Time: 9845420 ns  Iteration: 2  Instance: /tb/MyRiscv/u_regfile/MUXB
# ** Warning: NUMERIC_STD.TO_INTEGER: metavalue detected, returning 0
#    Time: 9845420 ns  Iteration: 2  Instance: /tb/MyRiscv/u_regfile/MUXA
# ** Warning: NUMERIC_STD.TO_INTEGER: metavalue detected, returning 0
#    Time: 9845460 ns  Iteration: 5  Instance: /tb/MyRiscv/u_regfile/MUXA
# ** Warning: NUMERIC_STD.TO_INTEGER: metavalue detected, returning 0
#    Time: 9845460 ns  Iteration: 5  Instance: /tb/MyRiscv/u_regfile/MUXB
# ** Warning: NUMERIC_STD.TO_INTEGER: metavalue detected, returning 0
#    Time: 9860520 ns  Iteration: 2  Instance: /tb/MyRiscv/u_regfile/MUXB
# ** Warning: NUMERIC_STD.TO_INTEGER: metavalue detected, returning 0
#    Time: 9860520 ns  Iteration: 2  Instance: /tb/MyRiscv/u_regfile/MUXA
# ** Warning: NUMERIC_STD.TO_INTEGER: metavalue detected, returning 0
#    Time: 9860560 ns  Iteration: 5  Instance: /tb/MyRiscv/u_regfile/MUXA
# ** Warning: NUMERIC_STD.TO_INTEGER: metavalue detected, returning 0
#    Time: 9860560 ns  Iteration: 5  Instance: /tb/MyRiscv/u_regfile/MUXB
# ** Warning: NUMERIC_STD.TO_INTEGER: metavalue detected, returning 0
#    Time: 9875620 ns  Iteration: 2  Instance: /tb/MyRiscv/u_regfile/MUXB
# ** Warning: NUMERIC_STD.TO_INTEGER: metavalue detected, returning 0
#    Time: 9875620 ns  Iteration: 2  Instance: /tb/MyRiscv/u_regfile/MUXA
# ** Warning: NUMERIC_STD.TO_INTEGER: metavalue detected, returning 0
#    Time: 9875660 ns  Iteration: 5  Instance: /tb/MyRiscv/u_regfile/MUXA
# ** Warning: NUMERIC_STD.TO_INTEGER: metavalue detected, returning 0
#    Time: 9875660 ns  Iteration: 5  Instance: /tb/MyRiscv/u_regfile/MUXB
# ** Warning: NUMERIC_STD.TO_INTEGER: metavalue detected, returning 0
#    Time: 9890720 ns  Iteration: 2  Instance: /tb/MyRiscv/u_regfile/MUXB
# ** Warning: NUMERIC_STD.TO_INTEGER: metavalue detected, returning 0
#    Time: 9890720 ns  Iteration: 2  Instance: /tb/MyRiscv/u_regfile/MUXA
# ** Warning: NUMERIC_STD.TO_INTEGER: metavalue detected, returning 0
#    Time: 9890760 ns  Iteration: 5  Instance: /tb/MyRiscv/u_regfile/MUXA
# ** Warning: NUMERIC_STD.TO_INTEGER: metavalue detected, returning 0
#    Time: 9890760 ns  Iteration: 5  Instance: /tb/MyRiscv/u_regfile/MUXB
# ** Warning: NUMERIC_STD.TO_INTEGER: metavalue detected, returning 0
#    Time: 9905820 ns  Iteration: 2  Instance: /tb/MyRiscv/u_regfile/MUXB
# ** Warning: NUMERIC_STD.TO_INTEGER: metavalue detected, returning 0
#    Time: 9905820 ns  Iteration: 2  Instance: /tb/MyRiscv/u_regfile/MUXA
# ** Warning: NUMERIC_STD.TO_INTEGER: metavalue detected, returning 0
#    Time: 9905860 ns  Iteration: 5  Instance: /tb/MyRiscv/u_regfile/MUXA
# ** Warning: NUMERIC_STD.TO_INTEGER: metavalue detected, returning 0
#    Time: 9905860 ns  Iteration: 5  Instance: /tb/MyRiscv/u_regfile/MUXB
# ** Warning: NUMERIC_STD.TO_INTEGER: metavalue detected, returning 0
#    Time: 9920920 ns  Iteration: 2  Instance: /tb/MyRiscv/u_regfile/MUXB
# ** Warning: NUMERIC_STD.TO_INTEGER: metavalue detected, returning 0
#    Time: 9920920 ns  Iteration: 2  Instance: /tb/MyRiscv/u_regfile/MUXA
# ** Warning: NUMERIC_STD.TO_INTEGER: metavalue detected, returning 0
#    Time: 9920960 ns  Iteration: 5  Instance: /tb/MyRiscv/u_regfile/MUXA
# ** Warning: NUMERIC_STD.TO_INTEGER: metavalue detected, returning 0
#    Time: 9920960 ns  Iteration: 5  Instance: /tb/MyRiscv/u_regfile/MUXB
# ** Warning: NUMERIC_STD.TO_INTEGER: metavalue detected, returning 0
#    Time: 9936020 ns  Iteration: 2  Instance: /tb/MyRiscv/u_regfile/MUXB
# ** Warning: NUMERIC_STD.TO_INTEGER: metavalue detected, returning 0
#    Time: 9936020 ns  Iteration: 2  Instance: /tb/MyRiscv/u_regfile/MUXA
# ** Warning: NUMERIC_STD.TO_INTEGER: metavalue detected, returning 0
#    Time: 9936060 ns  Iteration: 5  Instance: /tb/MyRiscv/u_regfile/MUXA
# ** Warning: NUMERIC_STD.TO_INTEGER: metavalue detected, returning 0
#    Time: 9936060 ns  Iteration: 5  Instance: /tb/MyRiscv/u_regfile/MUXB
# ** Warning: NUMERIC_STD.TO_INTEGER: metavalue detected, returning 0
#    Time: 9951120 ns  Iteration: 2  Instance: /tb/MyRiscv/u_regfile/MUXB
# ** Warning: NUMERIC_STD.TO_INTEGER: metavalue detected, returning 0
#    Time: 9951120 ns  Iteration: 2  Instance: /tb/MyRiscv/u_regfile/MUXA
# ** Warning: NUMERIC_STD.TO_INTEGER: metavalue detected, returning 0
#    Time: 9951160 ns  Iteration: 5  Instance: /tb/MyRiscv/u_regfile/MUXA
# ** Warning: NUMERIC_STD.TO_INTEGER: metavalue detected, returning 0
#    Time: 9951160 ns  Iteration: 5  Instance: /tb/MyRiscv/u_regfile/MUXB
# ** Warning: NUMERIC_STD.TO_INTEGER: metavalue detected, returning 0
#    Time: 9966220 ns  Iteration: 2  Instance: /tb/MyRiscv/u_regfile/MUXB
# ** Warning: NUMERIC_STD.TO_INTEGER: metavalue detected, returning 0
#    Time: 9966220 ns  Iteration: 2  Instance: /tb/MyRiscv/u_regfile/MUXA
# ** Warning: NUMERIC_STD.TO_INTEGER: metavalue detected, returning 0
#    Time: 9966260 ns  Iteration: 5  Instance: /tb/MyRiscv/u_regfile/MUXA
# ** Warning: NUMERIC_STD.TO_INTEGER: metavalue detected, returning 0
#    Time: 9966260 ns  Iteration: 5  Instance: /tb/MyRiscv/u_regfile/MUXB
# ** Warning: NUMERIC_STD.TO_INTEGER: metavalue detected, returning 0
#    Time: 9981320 ns  Iteration: 2  Instance: /tb/MyRiscv/u_regfile/MUXB
# ** Warning: NUMERIC_STD.TO_INTEGER: metavalue detected, returning 0
#    Time: 9981320 ns  Iteration: 2  Instance: /tb/MyRiscv/u_regfile/MUXA
# ** Warning: NUMERIC_STD.TO_INTEGER: metavalue detected, returning 0
#    Time: 9981360 ns  Iteration: 5  Instance: /tb/MyRiscv/u_regfile/MUXA
# ** Warning: NUMERIC_STD.TO_INTEGER: metavalue detected, returning 0
#    Time: 9981360 ns  Iteration: 5  Instance: /tb/MyRiscv/u_regfile/MUXB
# ** Warning: NUMERIC_STD.TO_INTEGER: metavalue detected, returning 0
#    Time: 9996420 ns  Iteration: 2  Instance: /tb/MyRiscv/u_regfile/MUXB
# ** Warning: NUMERIC_STD.TO_INTEGER: metavalue detected, returning 0
#    Time: 9996420 ns  Iteration: 2  Instance: /tb/MyRiscv/u_regfile/MUXA
# ** Warning: NUMERIC_STD.TO_INTEGER: metavalue detected, returning 0
#    Time: 9996460 ns  Iteration: 5  Instance: /tb/MyRiscv/u_regfile/MUXA
# ** Warning: NUMERIC_STD.TO_INTEGER: metavalue detected, returning 0
#    Time: 9996460 ns  Iteration: 5  Instance: /tb/MyRiscv/u_regfile/MUXB
# End time: 15:18:45 on Nov 25,2025, Elapsed time: 0:00:03
# Errors: 0, Warnings: 2665
