Reading pref.tcl

# 2025.1_2

# vsim -postsimdataflow -debugdb -c -voptargs=""+acc"" tb -do "modelsim_framework.do" -gOUTPUT_TRACE=ms.trace 
# Start time: 15:22:16 on Nov 25,2025
# ** Note: (vsim-8009) Loading existing optimized design _opt
# //  Questa Sim-64
# //  Version 2025.1_2 linux_x86_64 Apr  7 2025
# //
# // Unpublished work. Copyright 2025 Siemens
# //
# // This material contains trade secrets or otherwise confidential information
# // owned by Siemens Industry Software Inc. or its affiliates (collectively,
# // "SISW"), or its licensors. Access to and use of this information is strictly
# // limited as set forth in the Customer's applicable agreements with SISW.
# //
# // This material may not be copied, distributed, or otherwise disclosed outside
# // of the Customer's facilities without the express written permission of SISW,
# // and may not be used in any way not expressly authorized by SISW.
# //
# Loading std.standard
# Loading std.textio(body)
# Loading ieee.std_logic_1164(body)
# Loading ieee.std_logic_textio(body)
# Loading std.env(body)
# Loading work.tb(mixed)#1
# Loading ieee.numeric_std(body)
# Loading work.riscv_types(body)
# Loading work.riscv_processor(structure)#1
# Loading work.mem(rtl)#1
# Loading work.fetch(structural)#1
# Loading work.adder_n(rtl)#1
# Loading work.mux2t1_n(rtl)#1
# Loading work.ifid_reg(behavioral)#1
# Loading work.idex_reg(behavioral)#1
# Loading work.exmem_reg(behavioral)#1
# Loading work.memwb_reg(behavioral)#1
# Loading work.control(dataflow)#1
# Loading work.alu_control(dataflow)#1
# Loading work.regfile(rtl)#1
# Loading work.decoder5t32(dataflow)#1
# Loading work.reg_n(structural)#1
# Loading work.dffg(mixed)#1
# Loading work.mux32_1(rtl)#1
# Loading work.immgen(dataflow)#1
# Loading work.alu(structural)#1
# Loading work.barrelshifter(dataflow)#1
# ** Warning: (vsim-8683) Uninitialized out port /tb/MyRiscv/u_MEMWB/o_Instr(31 downto 7) has no driver.
# This port will contribute value (25'hXXXXXXX) to the signal network.
# ** Warning: (vsim-8683) Uninitialized out port /tb/MyRiscv/u_MEMWB/o_Instr(6 downto 0) has no driver.
# This port will contribute value (7'hXX) to the signal network.
# ** Note: (vsim-8716) Reusing existing debug database vsim.dbg.
# do modelsim_framework.do
# ** Warning: NUMERIC_STD."<": metavalue detected, returning FALSE
#    Time: 0 ns  Iteration: 0  Instance: /tb/MyRiscv
# ** Warning: NUMERIC_STD."<": metavalue detected, returning FALSE
#    Time: 0 ns  Iteration: 0  Instance: /tb/MyRiscv
# ** Warning: NUMERIC_STD.TO_INTEGER: metavalue detected, returning 0
#    Time: 0 ns  Iteration: 0  Instance: /tb/MyRiscv/u_regfile/MUXB
# ** Warning: NUMERIC_STD.TO_INTEGER: metavalue detected, returning 0
#    Time: 0 ns  Iteration: 0  Instance: /tb/MyRiscv/u_regfile/MUXA
# ** Warning: NUMERIC_STD.TO_INTEGER: metavalue detected, returning 0
#    Time: 0 ns  Iteration: 0  Instance: /tb/MyRiscv/DMem
# ** Warning: NUMERIC_STD.TO_INTEGER: metavalue detected, returning 0
#    Time: 0 ns  Iteration: 0  Instance: /tb/MyRiscv/IMem
# ** Warning: NUMERIC_STD.TO_INTEGER: metavalue detected, returning 0
#    Time: 0 ns  Iteration: 1  Instance: /tb/MyRiscv/u_alu/u_shifter
# ** Warning: NUMERIC_STD.TO_INTEGER: metavalue detected, returning 0
#    Time: 0 ns  Iteration: 1  Instance: /tb/MyRiscv/u_regfile/MUXA
# ** Warning: NUMERIC_STD.TO_INTEGER: metavalue detected, returning 0
#    Time: 0 ns  Iteration: 1  Instance: /tb/MyRiscv/u_regfile/MUXB
# ** Warning: NUMERIC_STD."<": metavalue detected, returning FALSE
#    Time: 0 ns  Iteration: 1  Instance: /tb/MyRiscv
# ** Warning: NUMERIC_STD."<": metavalue detected, returning FALSE
#    Time: 0 ns  Iteration: 1  Instance: /tb/MyRiscv
# ** Warning: NUMERIC_STD.TO_INTEGER: metavalue detected, returning 0
#    Time: 700 ns  Iteration: 2  Instance: /tb/MyRiscv/u_regfile/MUXB
# ** Warning: NUMERIC_STD.TO_INTEGER: metavalue detected, returning 0
#    Time: 700 ns  Iteration: 2  Instance: /tb/MyRiscv/u_regfile/MUXA
# ** Warning: NUMERIC_STD.TO_INTEGER: metavalue detected, returning 0
#    Time: 700 ns  Iteration: 5  Instance: /tb/MyRiscv/u_regfile/MUXA
# ** Warning: NUMERIC_STD.TO_INTEGER: metavalue detected, returning 0
#    Time: 700 ns  Iteration: 5  Instance: /tb/MyRiscv/u_regfile/MUXB
# ** Warning: NUMERIC_STD.TO_INTEGER: metavalue detected, returning 0
#    Time: 21180 ns  Iteration: 2  Instance: /tb/MyRiscv/u_regfile/MUXB
# ** Warning: NUMERIC_STD.TO_INTEGER: metavalue detected, returning 0
#    Time: 21180 ns  Iteration: 2  Instance: /tb/MyRiscv/u_regfile/MUXA
# ** Warning: NUMERIC_STD.TO_INTEGER: metavalue detected, returning 0
#    Time: 21180 ns  Iteration: 5  Instance: /tb/MyRiscv/u_regfile/MUXA
# ** Warning: NUMERIC_STD.TO_INTEGER: metavalue detected, returning 0
#    Time: 21180 ns  Iteration: 5  Instance: /tb/MyRiscv/u_regfile/MUXB
# ** Warning: NUMERIC_STD.TO_INTEGER: metavalue detected, returning 0
#    Time: 41660 ns  Iteration: 2  Instance: /tb/MyRiscv/u_regfile/MUXB
# ** Warning: NUMERIC_STD.TO_INTEGER: metavalue detected, returning 0
#    Time: 41660 ns  Iteration: 2  Instance: /tb/MyRiscv/u_regfile/MUXA
# ** Warning: NUMERIC_STD.TO_INTEGER: metavalue detected, returning 0
#    Time: 41660 ns  Iteration: 5  Instance: /tb/MyRiscv/u_regfile/MUXA
# ** Warning: NUMERIC_STD.TO_INTEGER: metavalue detected, returning 0
#    Time: 41660 ns  Iteration: 5  Instance: /tb/MyRiscv/u_regfile/MUXB
# ** Warning: NUMERIC_STD.TO_INTEGER: metavalue detected, returning 0
#    Time: 62140 ns  Iteration: 2  Instance: /tb/MyRiscv/u_regfile/MUXB
# ** Warning: NUMERIC_STD.TO_INTEGER: metavalue detected, returning 0
#    Time: 62140 ns  Iteration: 2  Instance: /tb/MyRiscv/u_regfile/MUXA
# ** Warning: NUMERIC_STD.TO_INTEGER: metavalue detected, returning 0
#    Time: 62140 ns  Iteration: 5  Instance: /tb/MyRiscv/u_regfile/MUXA
# ** Warning: NUMERIC_STD.TO_INTEGER: metavalue detected, returning 0
#    Time: 62140 ns  Iteration: 5  Instance: /tb/MyRiscv/u_regfile/MUXB
# ** Warning: NUMERIC_STD.TO_INTEGER: metavalue detected, returning 0
#    Time: 82620 ns  Iteration: 2  Instance: /tb/MyRiscv/u_regfile/MUXB
# ** Warning: NUMERIC_STD.TO_INTEGER: metavalue detected, returning 0
#    Time: 82620 ns  Iteration: 2  Instance: /tb/MyRiscv/u_regfile/MUXA
# ** Warning: NUMERIC_STD.TO_INTEGER: metavalue detected, returning 0
#    Time: 82620 ns  Iteration: 5  Instance: /tb/MyRiscv/u_regfile/MUXA
# ** Warning: NUMERIC_STD.TO_INTEGER: metavalue detected, returning 0
#    Time: 82620 ns  Iteration: 5  Instance: /tb/MyRiscv/u_regfile/MUXB
# ** Warning: NUMERIC_STD.TO_INTEGER: metavalue detected, returning 0
#    Time: 103100 ns  Iteration: 2  Instance: /tb/MyRiscv/u_regfile/MUXB
# ** Warning: NUMERIC_STD.TO_INTEGER: metavalue detected, returning 0
#    Time: 103100 ns  Iteration: 2  Instance: /tb/MyRiscv/u_regfile/MUXA
# ** Warning: NUMERIC_STD.TO_INTEGER: metavalue detected, returning 0
#    Time: 103100 ns  Iteration: 5  Instance: /tb/MyRiscv/u_regfile/MUXA
# ** Warning: NUMERIC_STD.TO_INTEGER: metavalue detected, returning 0
#    Time: 103100 ns  Iteration: 5  Instance: /tb/MyRiscv/u_regfile/MUXB
# ** Warning: NUMERIC_STD.TO_INTEGER: metavalue detected, returning 0
#    Time: 123580 ns  Iteration: 2  Instance: /tb/MyRiscv/u_regfile/MUXB
# ** Warning: NUMERIC_STD.TO_INTEGER: metavalue detected, returning 0
#    Time: 123580 ns  Iteration: 2  Instance: /tb/MyRiscv/u_regfile/MUXA
# ** Warning: NUMERIC_STD.TO_INTEGER: metavalue detected, returning 0
#    Time: 123580 ns  Iteration: 5  Instance: /tb/MyRiscv/u_regfile/MUXA
# ** Warning: NUMERIC_STD.TO_INTEGER: metavalue detected, returning 0
#    Time: 123580 ns  Iteration: 5  Instance: /tb/MyRiscv/u_regfile/MUXB
# ** Warning: NUMERIC_STD.TO_INTEGER: metavalue detected, returning 0
#    Time: 144060 ns  Iteration: 2  Instance: /tb/MyRiscv/u_regfile/MUXB
# ** Warning: NUMERIC_STD.TO_INTEGER: metavalue detected, returning 0
#    Time: 144060 ns  Iteration: 2  Instance: /tb/MyRiscv/u_regfile/MUXA
# ** Warning: NUMERIC_STD.TO_INTEGER: metavalue detected, returning 0
#    Time: 144060 ns  Iteration: 5  Instance: /tb/MyRiscv/u_regfile/MUXA
# ** Warning: NUMERIC_STD.TO_INTEGER: metavalue detected, returning 0
#    Time: 144060 ns  Iteration: 5  Instance: /tb/MyRiscv/u_regfile/MUXB
# ** Warning: NUMERIC_STD.TO_INTEGER: metavalue detected, returning 0
#    Time: 164540 ns  Iteration: 2  Instance: /tb/MyRiscv/u_regfile/MUXB
# ** Warning: NUMERIC_STD.TO_INTEGER: metavalue detected, returning 0
#    Time: 164540 ns  Iteration: 2  Instance: /tb/MyRiscv/u_regfile/MUXA
# ** Warning: NUMERIC_STD.TO_INTEGER: metavalue detected, returning 0
#    Time: 164540 ns  Iteration: 5  Instance: /tb/MyRiscv/u_regfile/MUXA
# ** Warning: NUMERIC_STD.TO_INTEGER: metavalue detected, returning 0
#    Time: 164540 ns  Iteration: 5  Instance: /tb/MyRiscv/u_regfile/MUXB
# ** Warning: NUMERIC_STD.TO_INTEGER: metavalue detected, returning 0
#    Time: 185020 ns  Iteration: 2  Instance: /tb/MyRiscv/u_regfile/MUXB
# ** Warning: NUMERIC_STD.TO_INTEGER: metavalue detected, returning 0
#    Time: 185020 ns  Iteration: 2  Instance: /tb/MyRiscv/u_regfile/MUXA
# ** Warning: NUMERIC_STD.TO_INTEGER: metavalue detected, returning 0
#    Time: 185020 ns  Iteration: 5  Instance: /tb/MyRiscv/u_regfile/MUXA
# ** Warning: NUMERIC_STD.TO_INTEGER: metavalue detected, returning 0
#    Time: 185020 ns  Iteration: 5  Instance: /tb/MyRiscv/u_regfile/MUXB
# ** Warning: NUMERIC_STD.TO_INTEGER: metavalue detected, returning 0
#    Time: 205500 ns  Iteration: 2  Instance: /tb/MyRiscv/u_regfile/MUXB
# ** Warning: NUMERIC_STD.TO_INTEGER: metavalue detected, returning 0
#    Time: 205500 ns  Iteration: 2  Instance: /tb/MyRiscv/u_regfile/MUXA
# ** Warning: NUMERIC_STD.TO_INTEGER: metavalue detected, returning 0
#    Time: 205500 ns  Iteration: 5  Instance: /tb/MyRiscv/u_regfile/MUXA
# ** Warning: NUMERIC_STD.TO_INTEGER: metavalue detected, returning 0
#    Time: 205500 ns  Iteration: 5  Instance: /tb/MyRiscv/u_regfile/MUXB
# ** Warning: NUMERIC_STD.TO_INTEGER: metavalue detected, returning 0
#    Time: 225980 ns  Iteration: 2  Instance: /tb/MyRiscv/u_regfile/MUXB
# ** Warning: NUMERIC_STD.TO_INTEGER: metavalue detected, returning 0
#    Time: 225980 ns  Iteration: 2  Instance: /tb/MyRiscv/u_regfile/MUXA
# ** Warning: NUMERIC_STD.TO_INTEGER: metavalue detected, returning 0
#    Time: 225980 ns  Iteration: 5  Instance: /tb/MyRiscv/u_regfile/MUXA
# ** Warning: NUMERIC_STD.TO_INTEGER: metavalue detected, returning 0
#    Time: 225980 ns  Iteration: 5  Instance: /tb/MyRiscv/u_regfile/MUXB
# ** Warning: NUMERIC_STD.TO_INTEGER: metavalue detected, returning 0
#    Time: 246460 ns  Iteration: 2  Instance: /tb/MyRiscv/u_regfile/MUXB
# ** Warning: NUMERIC_STD.TO_INTEGER: metavalue detected, returning 0
#    Time: 246460 ns  Iteration: 2  Instance: /tb/MyRiscv/u_regfile/MUXA
# ** Warning: NUMERIC_STD.TO_INTEGER: metavalue detected, returning 0
#    Time: 246460 ns  Iteration: 5  Instance: /tb/MyRiscv/u_regfile/MUXA
# ** Warning: NUMERIC_STD.TO_INTEGER: metavalue detected, returning 0
#    Time: 246460 ns  Iteration: 5  Instance: /tb/MyRiscv/u_regfile/MUXB
# ** Warning: NUMERIC_STD.TO_INTEGER: metavalue detected, returning 0
#    Time: 266940 ns  Iteration: 2  Instance: /tb/MyRiscv/u_regfile/MUXB
# ** Warning: NUMERIC_STD.TO_INTEGER: metavalue detected, returning 0
#    Time: 266940 ns  Iteration: 2  Instance: /tb/MyRiscv/u_regfile/MUXA
# ** Warning: NUMERIC_STD.TO_INTEGER: metavalue detected, returning 0
#    Time: 266940 ns  Iteration: 5  Instance: /tb/MyRiscv/u_regfile/MUXA
# ** Warning: NUMERIC_STD.TO_INTEGER: metavalue detected, returning 0
#    Time: 266940 ns  Iteration: 5  Instance: /tb/MyRiscv/u_regfile/MUXB
# ** Warning: NUMERIC_STD.TO_INTEGER: metavalue detected, returning 0
#    Time: 287420 ns  Iteration: 2  Instance: /tb/MyRiscv/u_regfile/MUXB
# ** Warning: NUMERIC_STD.TO_INTEGER: metavalue detected, returning 0
#    Time: 287420 ns  Iteration: 2  Instance: /tb/MyRiscv/u_regfile/MUXA
# ** Warning: NUMERIC_STD.TO_INTEGER: metavalue detected, returning 0
#    Time: 287420 ns  Iteration: 5  Instance: /tb/MyRiscv/u_regfile/MUXA
# ** Warning: NUMERIC_STD.TO_INTEGER: metavalue detected, returning 0
#    Time: 287420 ns  Iteration: 5  Instance: /tb/MyRiscv/u_regfile/MUXB
# ** Warning: NUMERIC_STD.TO_INTEGER: metavalue detected, returning 0
#    Time: 307900 ns  Iteration: 2  Instance: /tb/MyRiscv/u_regfile/MUXB
# ** Warning: NUMERIC_STD.TO_INTEGER: metavalue detected, returning 0
#    Time: 307900 ns  Iteration: 2  Instance: /tb/MyRiscv/u_regfile/MUXA
# ** Warning: NUMERIC_STD.TO_INTEGER: metavalue detected, returning 0
#    Time: 307900 ns  Iteration: 5  Instance: /tb/MyRiscv/u_regfile/MUXA
# ** Warning: NUMERIC_STD.TO_INTEGER: metavalue detected, returning 0
#    Time: 307900 ns  Iteration: 5  Instance: /tb/MyRiscv/u_regfile/MUXB
# ** Warning: NUMERIC_STD.TO_INTEGER: metavalue detected, returning 0
#    Time: 328380 ns  Iteration: 2  Instance: /tb/MyRiscv/u_regfile/MUXB
# ** Warning: NUMERIC_STD.TO_INTEGER: metavalue detected, returning 0
#    Time: 328380 ns  Iteration: 2  Instance: /tb/MyRiscv/u_regfile/MUXA
# ** Warning: NUMERIC_STD.TO_INTEGER: metavalue detected, returning 0
#    Time: 328380 ns  Iteration: 5  Instance: /tb/MyRiscv/u_regfile/MUXA
# ** Warning: NUMERIC_STD.TO_INTEGER: metavalue detected, returning 0
#    Time: 328380 ns  Iteration: 5  Instance: /tb/MyRiscv/u_regfile/MUXB
# ** Warning: NUMERIC_STD.TO_INTEGER: metavalue detected, returning 0
#    Time: 348860 ns  Iteration: 2  Instance: /tb/MyRiscv/u_regfile/MUXB
# ** Warning: NUMERIC_STD.TO_INTEGER: metavalue detected, returning 0
#    Time: 348860 ns  Iteration: 2  Instance: /tb/MyRiscv/u_regfile/MUXA
# ** Warning: NUMERIC_STD.TO_INTEGER: metavalue detected, returning 0
#    Time: 348860 ns  Iteration: 5  Instance: /tb/MyRiscv/u_regfile/MUXA
# ** Warning: NUMERIC_STD.TO_INTEGER: metavalue detected, returning 0
#    Time: 348860 ns  Iteration: 5  Instance: /tb/MyRiscv/u_regfile/MUXB
# ** Warning: NUMERIC_STD.TO_INTEGER: metavalue detected, returning 0
#    Time: 369340 ns  Iteration: 2  Instance: /tb/MyRiscv/u_regfile/MUXB
# ** Warning: NUMERIC_STD.TO_INTEGER: metavalue detected, returning 0
#    Time: 369340 ns  Iteration: 2  Instance: /tb/MyRiscv/u_regfile/MUXA
# ** Warning: NUMERIC_STD.TO_INTEGER: metavalue detected, returning 0
#    Time: 369340 ns  Iteration: 5  Instance: /tb/MyRiscv/u_regfile/MUXA
# ** Warning: NUMERIC_STD.TO_INTEGER: metavalue detected, returning 0
#    Time: 369340 ns  Iteration: 5  Instance: /tb/MyRiscv/u_regfile/MUXB
# ** Warning: NUMERIC_STD.TO_INTEGER: metavalue detected, returning 0
#    Time: 389820 ns  Iteration: 2  Instance: /tb/MyRiscv/u_regfile/MUXB
# ** Warning: NUMERIC_STD.TO_INTEGER: metavalue detected, returning 0
#    Time: 389820 ns  Iteration: 2  Instance: /tb/MyRiscv/u_regfile/MUXA
# ** Warning: NUMERIC_STD.TO_INTEGER: metavalue detected, returning 0
#    Time: 389820 ns  Iteration: 5  Instance: /tb/MyRiscv/u_regfile/MUXA
# ** Warning: NUMERIC_STD.TO_INTEGER: metavalue detected, returning 0
#    Time: 389820 ns  Iteration: 5  Instance: /tb/MyRiscv/u_regfile/MUXB
# ** Warning: NUMERIC_STD.TO_INTEGER: metavalue detected, returning 0
#    Time: 410300 ns  Iteration: 2  Instance: /tb/MyRiscv/u_regfile/MUXB
# ** Warning: NUMERIC_STD.TO_INTEGER: metavalue detected, returning 0
#    Time: 410300 ns  Iteration: 2  Instance: /tb/MyRiscv/u_regfile/MUXA
# ** Warning: NUMERIC_STD.TO_INTEGER: metavalue detected, returning 0
#    Time: 410300 ns  Iteration: 5  Instance: /tb/MyRiscv/u_regfile/MUXA
# ** Warning: NUMERIC_STD.TO_INTEGER: metavalue detected, returning 0
#    Time: 410300 ns  Iteration: 5  Instance: /tb/MyRiscv/u_regfile/MUXB
# ** Warning: NUMERIC_STD.TO_INTEGER: metavalue detected, returning 0
#    Time: 430780 ns  Iteration: 2  Instance: /tb/MyRiscv/u_regfile/MUXB
# ** Warning: NUMERIC_STD.TO_INTEGER: metavalue detected, returning 0
#    Time: 430780 ns  Iteration: 2  Instance: /tb/MyRiscv/u_regfile/MUXA
# ** Warning: NUMERIC_STD.TO_INTEGER: metavalue detected, returning 0
#    Time: 430780 ns  Iteration: 5  Instance: /tb/MyRiscv/u_regfile/MUXA
# ** Warning: NUMERIC_STD.TO_INTEGER: metavalue detected, returning 0
#    Time: 430780 ns  Iteration: 5  Instance: /tb/MyRiscv/u_regfile/MUXB
# ** Warning: NUMERIC_STD.TO_INTEGER: metavalue detected, returning 0
#    Time: 451260 ns  Iteration: 2  Instance: /tb/MyRiscv/u_regfile/MUXB
# ** Warning: NUMERIC_STD.TO_INTEGER: metavalue detected, returning 0
#    Time: 451260 ns  Iteration: 2  Instance: /tb/MyRiscv/u_regfile/MUXA
# ** Warning: NUMERIC_STD.TO_INTEGER: metavalue detected, returning 0
#    Time: 451260 ns  Iteration: 5  Instance: /tb/MyRiscv/u_regfile/MUXA
# ** Warning: NUMERIC_STD.TO_INTEGER: metavalue detected, returning 0
#    Time: 451260 ns  Iteration: 5  Instance: /tb/MyRiscv/u_regfile/MUXB
# ** Warning: NUMERIC_STD.TO_INTEGER: metavalue detected, returning 0
#    Time: 471740 ns  Iteration: 2  Instance: /tb/MyRiscv/u_regfile/MUXB
# ** Warning: NUMERIC_STD.TO_INTEGER: metavalue detected, returning 0
#    Time: 471740 ns  Iteration: 2  Instance: /tb/MyRiscv/u_regfile/MUXA
# ** Warning: NUMERIC_STD.TO_INTEGER: metavalue detected, returning 0
#    Time: 471740 ns  Iteration: 5  Instance: /tb/MyRiscv/u_regfile/MUXA
# ** Warning: NUMERIC_STD.TO_INTEGER: metavalue detected, returning 0
#    Time: 471740 ns  Iteration: 5  Instance: /tb/MyRiscv/u_regfile/MUXB
# ** Warning: NUMERIC_STD.TO_INTEGER: metavalue detected, returning 0
#    Time: 492220 ns  Iteration: 2  Instance: /tb/MyRiscv/u_regfile/MUXB
# ** Warning: NUMERIC_STD.TO_INTEGER: metavalue detected, returning 0
#    Time: 492220 ns  Iteration: 2  Instance: /tb/MyRiscv/u_regfile/MUXA
# ** Warning: NUMERIC_STD.TO_INTEGER: metavalue detected, returning 0
#    Time: 492220 ns  Iteration: 5  Instance: /tb/MyRiscv/u_regfile/MUXA
# ** Warning: NUMERIC_STD.TO_INTEGER: metavalue detected, returning 0
#    Time: 492220 ns  Iteration: 5  Instance: /tb/MyRiscv/u_regfile/MUXB
# ** Warning: NUMERIC_STD.TO_INTEGER: metavalue detected, returning 0
#    Time: 512700 ns  Iteration: 2  Instance: /tb/MyRiscv/u_regfile/MUXB
# ** Warning: NUMERIC_STD.TO_INTEGER: metavalue detected, returning 0
#    Time: 512700 ns  Iteration: 2  Instance: /tb/MyRiscv/u_regfile/MUXA
# ** Warning: NUMERIC_STD.TO_INTEGER: metavalue detected, returning 0
#    Time: 512700 ns  Iteration: 5  Instance: /tb/MyRiscv/u_regfile/MUXA
# ** Warning: NUMERIC_STD.TO_INTEGER: metavalue detected, returning 0
#    Time: 512700 ns  Iteration: 5  Instance: /tb/MyRiscv/u_regfile/MUXB
# ** Warning: NUMERIC_STD.TO_INTEGER: metavalue detected, returning 0
#    Time: 533180 ns  Iteration: 2  Instance: /tb/MyRiscv/u_regfile/MUXB
# ** Warning: NUMERIC_STD.TO_INTEGER: metavalue detected, returning 0
#    Time: 533180 ns  Iteration: 2  Instance: /tb/MyRiscv/u_regfile/MUXA
# ** Warning: NUMERIC_STD.TO_INTEGER: metavalue detected, returning 0
#    Time: 533180 ns  Iteration: 5  Instance: /tb/MyRiscv/u_regfile/MUXA
# ** Warning: NUMERIC_STD.TO_INTEGER: metavalue detected, returning 0
#    Time: 533180 ns  Iteration: 5  Instance: /tb/MyRiscv/u_regfile/MUXB
# ** Warning: NUMERIC_STD.TO_INTEGER: metavalue detected, returning 0
#    Time: 553660 ns  Iteration: 2  Instance: /tb/MyRiscv/u_regfile/MUXB
# ** Warning: NUMERIC_STD.TO_INTEGER: metavalue detected, returning 0
#    Time: 553660 ns  Iteration: 2  Instance: /tb/MyRiscv/u_regfile/MUXA
# ** Warning: NUMERIC_STD.TO_INTEGER: metavalue detected, returning 0
#    Time: 553660 ns  Iteration: 5  Instance: /tb/MyRiscv/u_regfile/MUXA
# ** Warning: NUMERIC_STD.TO_INTEGER: metavalue detected, returning 0
#    Time: 553660 ns  Iteration: 5  Instance: /tb/MyRiscv/u_regfile/MUXB
# ** Warning: NUMERIC_STD.TO_INTEGER: metavalue detected, returning 0
#    Time: 574140 ns  Iteration: 2  Instance: /tb/MyRiscv/u_regfile/MUXB
# ** Warning: NUMERIC_STD.TO_INTEGER: metavalue detected, returning 0
#    Time: 574140 ns  Iteration: 2  Instance: /tb/MyRiscv/u_regfile/MUXA
# ** Warning: NUMERIC_STD.TO_INTEGER: metavalue detected, returning 0
#    Time: 574140 ns  Iteration: 5  Instance: /tb/MyRiscv/u_regfile/MUXA
# ** Warning: NUMERIC_STD.TO_INTEGER: metavalue detected, returning 0
#    Time: 574140 ns  Iteration: 5  Instance: /tb/MyRiscv/u_regfile/MUXB
# ** Warning: NUMERIC_STD.TO_INTEGER: metavalue detected, returning 0
#    Time: 594620 ns  Iteration: 2  Instance: /tb/MyRiscv/u_regfile/MUXB
# ** Warning: NUMERIC_STD.TO_INTEGER: metavalue detected, returning 0
#    Time: 594620 ns  Iteration: 2  Instance: /tb/MyRiscv/u_regfile/MUXA
# ** Warning: NUMERIC_STD.TO_INTEGER: metavalue detected, returning 0
#    Time: 594620 ns  Iteration: 5  Instance: /tb/MyRiscv/u_regfile/MUXA
# ** Warning: NUMERIC_STD.TO_INTEGER: metavalue detected, returning 0
#    Time: 594620 ns  Iteration: 5  Instance: /tb/MyRiscv/u_regfile/MUXB
# ** Warning: NUMERIC_STD.TO_INTEGER: metavalue detected, returning 0
#    Time: 615100 ns  Iteration: 2  Instance: /tb/MyRiscv/u_regfile/MUXB
# ** Warning: NUMERIC_STD.TO_INTEGER: metavalue detected, returning 0
#    Time: 615100 ns  Iteration: 2  Instance: /tb/MyRiscv/u_regfile/MUXA
# ** Warning: NUMERIC_STD.TO_INTEGER: metavalue detected, returning 0
#    Time: 615100 ns  Iteration: 5  Instance: /tb/MyRiscv/u_regfile/MUXA
# ** Warning: NUMERIC_STD.TO_INTEGER: metavalue detected, returning 0
#    Time: 615100 ns  Iteration: 5  Instance: /tb/MyRiscv/u_regfile/MUXB
# ** Warning: NUMERIC_STD.TO_INTEGER: metavalue detected, returning 0
#    Time: 635580 ns  Iteration: 2  Instance: /tb/MyRiscv/u_regfile/MUXB
# ** Warning: NUMERIC_STD.TO_INTEGER: metavalue detected, returning 0
#    Time: 635580 ns  Iteration: 2  Instance: /tb/MyRiscv/u_regfile/MUXA
# ** Warning: NUMERIC_STD.TO_INTEGER: metavalue detected, returning 0
#    Time: 635580 ns  Iteration: 5  Instance: /tb/MyRiscv/u_regfile/MUXA
# ** Warning: NUMERIC_STD.TO_INTEGER: metavalue detected, returning 0
#    Time: 635580 ns  Iteration: 5  Instance: /tb/MyRiscv/u_regfile/MUXB
# ** Warning: NUMERIC_STD.TO_INTEGER: metavalue detected, returning 0
#    Time: 656060 ns  Iteration: 2  Instance: /tb/MyRiscv/u_regfile/MUXB
# ** Warning: NUMERIC_STD.TO_INTEGER: metavalue detected, returning 0
#    Time: 656060 ns  Iteration: 2  Instance: /tb/MyRiscv/u_regfile/MUXA
# ** Warning: NUMERIC_STD.TO_INTEGER: metavalue detected, returning 0
#    Time: 656060 ns  Iteration: 5  Instance: /tb/MyRiscv/u_regfile/MUXA
# ** Warning: NUMERIC_STD.TO_INTEGER: metavalue detected, returning 0
#    Time: 656060 ns  Iteration: 5  Instance: /tb/MyRiscv/u_regfile/MUXB
# ** Warning: NUMERIC_STD.TO_INTEGER: metavalue detected, returning 0
#    Time: 676540 ns  Iteration: 2  Instance: /tb/MyRiscv/u_regfile/MUXB
# ** Warning: NUMERIC_STD.TO_INTEGER: metavalue detected, returning 0
#    Time: 676540 ns  Iteration: 2  Instance: /tb/MyRiscv/u_regfile/MUXA
# ** Warning: NUMERIC_STD.TO_INTEGER: metavalue detected, returning 0
#    Time: 676540 ns  Iteration: 5  Instance: /tb/MyRiscv/u_regfile/MUXA
# ** Warning: NUMERIC_STD.TO_INTEGER: metavalue detected, returning 0
#    Time: 676540 ns  Iteration: 5  Instance: /tb/MyRiscv/u_regfile/MUXB
# ** Warning: NUMERIC_STD.TO_INTEGER: metavalue detected, returning 0
#    Time: 697020 ns  Iteration: 2  Instance: /tb/MyRiscv/u_regfile/MUXB
# ** Warning: NUMERIC_STD.TO_INTEGER: metavalue detected, returning 0
#    Time: 697020 ns  Iteration: 2  Instance: /tb/MyRiscv/u_regfile/MUXA
# ** Warning: NUMERIC_STD.TO_INTEGER: metavalue detected, returning 0
#    Time: 697020 ns  Iteration: 5  Instance: /tb/MyRiscv/u_regfile/MUXA
# ** Warning: NUMERIC_STD.TO_INTEGER: metavalue detected, returning 0
#    Time: 697020 ns  Iteration: 5  Instance: /tb/MyRiscv/u_regfile/MUXB
# ** Warning: NUMERIC_STD.TO_INTEGER: metavalue detected, returning 0
#    Time: 717500 ns  Iteration: 2  Instance: /tb/MyRiscv/u_regfile/MUXB
# ** Warning: NUMERIC_STD.TO_INTEGER: metavalue detected, returning 0
#    Time: 717500 ns  Iteration: 2  Instance: /tb/MyRiscv/u_regfile/MUXA
# ** Warning: NUMERIC_STD.TO_INTEGER: metavalue detected, returning 0
#    Time: 717500 ns  Iteration: 5  Instance: /tb/MyRiscv/u_regfile/MUXA
# ** Warning: NUMERIC_STD.TO_INTEGER: metavalue detected, returning 0
#    Time: 717500 ns  Iteration: 5  Instance: /tb/MyRiscv/u_regfile/MUXB
# ** Warning: NUMERIC_STD.TO_INTEGER: metavalue detected, returning 0
#    Time: 737980 ns  Iteration: 2  Instance: /tb/MyRiscv/u_regfile/MUXB
# ** Warning: NUMERIC_STD.TO_INTEGER: metavalue detected, returning 0
#    Time: 737980 ns  Iteration: 2  Instance: /tb/MyRiscv/u_regfile/MUXA
# ** Warning: NUMERIC_STD.TO_INTEGER: metavalue detected, returning 0
#    Time: 737980 ns  Iteration: 5  Instance: /tb/MyRiscv/u_regfile/MUXA
# ** Warning: NUMERIC_STD.TO_INTEGER: metavalue detected, returning 0
#    Time: 737980 ns  Iteration: 5  Instance: /tb/MyRiscv/u_regfile/MUXB
# ** Warning: NUMERIC_STD.TO_INTEGER: metavalue detected, returning 0
#    Time: 758460 ns  Iteration: 2  Instance: /tb/MyRiscv/u_regfile/MUXB
# ** Warning: NUMERIC_STD.TO_INTEGER: metavalue detected, returning 0
#    Time: 758460 ns  Iteration: 2  Instance: /tb/MyRiscv/u_regfile/MUXA
# ** Warning: NUMERIC_STD.TO_INTEGER: metavalue detected, returning 0
#    Time: 758460 ns  Iteration: 5  Instance: /tb/MyRiscv/u_regfile/MUXA
# ** Warning: NUMERIC_STD.TO_INTEGER: metavalue detected, returning 0
#    Time: 758460 ns  Iteration: 5  Instance: /tb/MyRiscv/u_regfile/MUXB
# ** Warning: NUMERIC_STD.TO_INTEGER: metavalue detected, returning 0
#    Time: 778940 ns  Iteration: 2  Instance: /tb/MyRiscv/u_regfile/MUXB
# ** Warning: NUMERIC_STD.TO_INTEGER: metavalue detected, returning 0
#    Time: 778940 ns  Iteration: 2  Instance: /tb/MyRiscv/u_regfile/MUXA
# ** Warning: NUMERIC_STD.TO_INTEGER: metavalue detected, returning 0
#    Time: 778940 ns  Iteration: 5  Instance: /tb/MyRiscv/u_regfile/MUXA
# ** Warning: NUMERIC_STD.TO_INTEGER: metavalue detected, returning 0
#    Time: 778940 ns  Iteration: 5  Instance: /tb/MyRiscv/u_regfile/MUXB
# ** Warning: NUMERIC_STD.TO_INTEGER: metavalue detected, returning 0
#    Time: 799420 ns  Iteration: 2  Instance: /tb/MyRiscv/u_regfile/MUXB
# ** Warning: NUMERIC_STD.TO_INTEGER: metavalue detected, returning 0
#    Time: 799420 ns  Iteration: 2  Instance: /tb/MyRiscv/u_regfile/MUXA
# ** Warning: NUMERIC_STD.TO_INTEGER: metavalue detected, returning 0
#    Time: 799420 ns  Iteration: 5  Instance: /tb/MyRiscv/u_regfile/MUXA
# ** Warning: NUMERIC_STD.TO_INTEGER: metavalue detected, returning 0
#    Time: 799420 ns  Iteration: 5  Instance: /tb/MyRiscv/u_regfile/MUXB
# ** Warning: NUMERIC_STD.TO_INTEGER: metavalue detected, returning 0
#    Time: 819900 ns  Iteration: 2  Instance: /tb/MyRiscv/u_regfile/MUXB
# ** Warning: NUMERIC_STD.TO_INTEGER: metavalue detected, returning 0
#    Time: 819900 ns  Iteration: 2  Instance: /tb/MyRiscv/u_regfile/MUXA
# ** Warning: NUMERIC_STD.TO_INTEGER: metavalue detected, returning 0
#    Time: 819900 ns  Iteration: 5  Instance: /tb/MyRiscv/u_regfile/MUXA
# ** Warning: NUMERIC_STD.TO_INTEGER: metavalue detected, returning 0
#    Time: 819900 ns  Iteration: 5  Instance: /tb/MyRiscv/u_regfile/MUXB
# ** Warning: NUMERIC_STD.TO_INTEGER: metavalue detected, returning 0
#    Time: 840380 ns  Iteration: 2  Instance: /tb/MyRiscv/u_regfile/MUXB
# ** Warning: NUMERIC_STD.TO_INTEGER: metavalue detected, returning 0
#    Time: 840380 ns  Iteration: 2  Instance: /tb/MyRiscv/u_regfile/MUXA
# ** Warning: NUMERIC_STD.TO_INTEGER: metavalue detected, returning 0
#    Time: 840380 ns  Iteration: 5  Instance: /tb/MyRiscv/u_regfile/MUXA
# ** Warning: NUMERIC_STD.TO_INTEGER: metavalue detected, returning 0
#    Time: 840380 ns  Iteration: 5  Instance: /tb/MyRiscv/u_regfile/MUXB
# ** Warning: NUMERIC_STD.TO_INTEGER: metavalue detected, returning 0
#    Time: 860860 ns  Iteration: 2  Instance: /tb/MyRiscv/u_regfile/MUXB
# ** Warning: NUMERIC_STD.TO_INTEGER: metavalue detected, returning 0
#    Time: 860860 ns  Iteration: 2  Instance: /tb/MyRiscv/u_regfile/MUXA
# ** Warning: NUMERIC_STD.TO_INTEGER: metavalue detected, returning 0
#    Time: 860860 ns  Iteration: 5  Instance: /tb/MyRiscv/u_regfile/MUXA
# ** Warning: NUMERIC_STD.TO_INTEGER: metavalue detected, returning 0
#    Time: 860860 ns  Iteration: 5  Instance: /tb/MyRiscv/u_regfile/MUXB
# ** Warning: NUMERIC_STD.TO_INTEGER: metavalue detected, returning 0
#    Time: 881340 ns  Iteration: 2  Instance: /tb/MyRiscv/u_regfile/MUXB
# ** Warning: NUMERIC_STD.TO_INTEGER: metavalue detected, returning 0
#    Time: 881340 ns  Iteration: 2  Instance: /tb/MyRiscv/u_regfile/MUXA
# ** Warning: NUMERIC_STD.TO_INTEGER: metavalue detected, returning 0
#    Time: 881340 ns  Iteration: 5  Instance: /tb/MyRiscv/u_regfile/MUXA
# ** Warning: NUMERIC_STD.TO_INTEGER: metavalue detected, returning 0
#    Time: 881340 ns  Iteration: 5  Instance: /tb/MyRiscv/u_regfile/MUXB
# ** Warning: NUMERIC_STD.TO_INTEGER: metavalue detected, returning 0
#    Time: 901820 ns  Iteration: 2  Instance: /tb/MyRiscv/u_regfile/MUXB
# ** Warning: NUMERIC_STD.TO_INTEGER: metavalue detected, returning 0
#    Time: 901820 ns  Iteration: 2  Instance: /tb/MyRiscv/u_regfile/MUXA
# ** Warning: NUMERIC_STD.TO_INTEGER: metavalue detected, returning 0
#    Time: 901820 ns  Iteration: 5  Instance: /tb/MyRiscv/u_regfile/MUXA
# ** Warning: NUMERIC_STD.TO_INTEGER: metavalue detected, returning 0
#    Time: 901820 ns  Iteration: 5  Instance: /tb/MyRiscv/u_regfile/MUXB
# ** Warning: NUMERIC_STD.TO_INTEGER: metavalue detected, returning 0
#    Time: 922300 ns  Iteration: 2  Instance: /tb/MyRiscv/u_regfile/MUXB
# ** Warning: NUMERIC_STD.TO_INTEGER: metavalue detected, returning 0
#    Time: 922300 ns  Iteration: 2  Instance: /tb/MyRiscv/u_regfile/MUXA
# ** Warning: NUMERIC_STD.TO_INTEGER: metavalue detected, returning 0
#    Time: 922300 ns  Iteration: 5  Instance: /tb/MyRiscv/u_regfile/MUXA
# ** Warning: NUMERIC_STD.TO_INTEGER: metavalue detected, returning 0
#    Time: 922300 ns  Iteration: 5  Instance: /tb/MyRiscv/u_regfile/MUXB
# ** Warning: NUMERIC_STD.TO_INTEGER: metavalue detected, returning 0
#    Time: 942780 ns  Iteration: 2  Instance: /tb/MyRiscv/u_regfile/MUXB
# ** Warning: NUMERIC_STD.TO_INTEGER: metavalue detected, returning 0
#    Time: 942780 ns  Iteration: 2  Instance: /tb/MyRiscv/u_regfile/MUXA
# ** Warning: NUMERIC_STD.TO_INTEGER: metavalue detected, returning 0
#    Time: 942780 ns  Iteration: 5  Instance: /tb/MyRiscv/u_regfile/MUXA
# ** Warning: NUMERIC_STD.TO_INTEGER: metavalue detected, returning 0
#    Time: 942780 ns  Iteration: 5  Instance: /tb/MyRiscv/u_regfile/MUXB
# ** Warning: NUMERIC_STD.TO_INTEGER: metavalue detected, returning 0
#    Time: 963260 ns  Iteration: 2  Instance: /tb/MyRiscv/u_regfile/MUXB
# ** Warning: NUMERIC_STD.TO_INTEGER: metavalue detected, returning 0
#    Time: 963260 ns  Iteration: 2  Instance: /tb/MyRiscv/u_regfile/MUXA
# ** Warning: NUMERIC_STD.TO_INTEGER: metavalue detected, returning 0
#    Time: 963260 ns  Iteration: 5  Instance: /tb/MyRiscv/u_regfile/MUXA
# ** Warning: NUMERIC_STD.TO_INTEGER: metavalue detected, returning 0
#    Time: 963260 ns  Iteration: 5  Instance: /tb/MyRiscv/u_regfile/MUXB
# ** Warning: NUMERIC_STD.TO_INTEGER: metavalue detected, returning 0
#    Time: 983740 ns  Iteration: 2  Instance: /tb/MyRiscv/u_regfile/MUXB
# ** Warning: NUMERIC_STD.TO_INTEGER: metavalue detected, returning 0
#    Time: 983740 ns  Iteration: 2  Instance: /tb/MyRiscv/u_regfile/MUXA
# ** Warning: NUMERIC_STD.TO_INTEGER: metavalue detected, returning 0
#    Time: 983740 ns  Iteration: 5  Instance: /tb/MyRiscv/u_regfile/MUXA
# ** Warning: NUMERIC_STD.TO_INTEGER: metavalue detected, returning 0
#    Time: 983740 ns  Iteration: 5  Instance: /tb/MyRiscv/u_regfile/MUXB
# ** Warning: NUMERIC_STD.TO_INTEGER: metavalue detected, returning 0
#    Time: 1004220 ns  Iteration: 2  Instance: /tb/MyRiscv/u_regfile/MUXB
# ** Warning: NUMERIC_STD.TO_INTEGER: metavalue detected, returning 0
#    Time: 1004220 ns  Iteration: 2  Instance: /tb/MyRiscv/u_regfile/MUXA
# ** Warning: NUMERIC_STD.TO_INTEGER: metavalue detected, returning 0
#    Time: 1004220 ns  Iteration: 5  Instance: /tb/MyRiscv/u_regfile/MUXA
# ** Warning: NUMERIC_STD.TO_INTEGER: metavalue detected, returning 0
#    Time: 1004220 ns  Iteration: 5  Instance: /tb/MyRiscv/u_regfile/MUXB
# ** Warning: NUMERIC_STD.TO_INTEGER: metavalue detected, returning 0
#    Time: 1024700 ns  Iteration: 2  Instance: /tb/MyRiscv/u_regfile/MUXB
# ** Warning: NUMERIC_STD.TO_INTEGER: metavalue detected, returning 0
#    Time: 1024700 ns  Iteration: 2  Instance: /tb/MyRiscv/u_regfile/MUXA
# ** Warning: NUMERIC_STD.TO_INTEGER: metavalue detected, returning 0
#    Time: 1024700 ns  Iteration: 5  Instance: /tb/MyRiscv/u_regfile/MUXA
# ** Warning: NUMERIC_STD.TO_INTEGER: metavalue detected, returning 0
#    Time: 1024700 ns  Iteration: 5  Instance: /tb/MyRiscv/u_regfile/MUXB
# ** Warning: NUMERIC_STD.TO_INTEGER: metavalue detected, returning 0
#    Time: 1045180 ns  Iteration: 2  Instance: /tb/MyRiscv/u_regfile/MUXB
# ** Warning: NUMERIC_STD.TO_INTEGER: metavalue detected, returning 0
#    Time: 1045180 ns  Iteration: 2  Instance: /tb/MyRiscv/u_regfile/MUXA
# ** Warning: NUMERIC_STD.TO_INTEGER: metavalue detected, returning 0
#    Time: 1045180 ns  Iteration: 5  Instance: /tb/MyRiscv/u_regfile/MUXA
# ** Warning: NUMERIC_STD.TO_INTEGER: metavalue detected, returning 0
#    Time: 1045180 ns  Iteration: 5  Instance: /tb/MyRiscv/u_regfile/MUXB
# ** Warning: NUMERIC_STD.TO_INTEGER: metavalue detected, returning 0
#    Time: 1065660 ns  Iteration: 2  Instance: /tb/MyRiscv/u_regfile/MUXB
# ** Warning: NUMERIC_STD.TO_INTEGER: metavalue detected, returning 0
#    Time: 1065660 ns  Iteration: 2  Instance: /tb/MyRiscv/u_regfile/MUXA
# ** Warning: NUMERIC_STD.TO_INTEGER: metavalue detected, returning 0
#    Time: 1065660 ns  Iteration: 5  Instance: /tb/MyRiscv/u_regfile/MUXA
# ** Warning: NUMERIC_STD.TO_INTEGER: metavalue detected, returning 0
#    Time: 1065660 ns  Iteration: 5  Instance: /tb/MyRiscv/u_regfile/MUXB
# ** Warning: NUMERIC_STD.TO_INTEGER: metavalue detected, returning 0
#    Time: 1086140 ns  Iteration: 2  Instance: /tb/MyRiscv/u_regfile/MUXB
# ** Warning: NUMERIC_STD.TO_INTEGER: metavalue detected, returning 0
#    Time: 1086140 ns  Iteration: 2  Instance: /tb/MyRiscv/u_regfile/MUXA
# ** Warning: NUMERIC_STD.TO_INTEGER: metavalue detected, returning 0
#    Time: 1086140 ns  Iteration: 5  Instance: /tb/MyRiscv/u_regfile/MUXA
# ** Warning: NUMERIC_STD.TO_INTEGER: metavalue detected, returning 0
#    Time: 1086140 ns  Iteration: 5  Instance: /tb/MyRiscv/u_regfile/MUXB
# ** Warning: NUMERIC_STD.TO_INTEGER: metavalue detected, returning 0
#    Time: 1106620 ns  Iteration: 2  Instance: /tb/MyRiscv/u_regfile/MUXB
# ** Warning: NUMERIC_STD.TO_INTEGER: metavalue detected, returning 0
#    Time: 1106620 ns  Iteration: 2  Instance: /tb/MyRiscv/u_regfile/MUXA
# ** Warning: NUMERIC_STD.TO_INTEGER: metavalue detected, returning 0
#    Time: 1106620 ns  Iteration: 5  Instance: /tb/MyRiscv/u_regfile/MUXA
# ** Warning: NUMERIC_STD.TO_INTEGER: metavalue detected, returning 0
#    Time: 1106620 ns  Iteration: 5  Instance: /tb/MyRiscv/u_regfile/MUXB
# ** Warning: NUMERIC_STD.TO_INTEGER: metavalue detected, returning 0
#    Time: 1127100 ns  Iteration: 2  Instance: /tb/MyRiscv/u_regfile/MUXB
# ** Warning: NUMERIC_STD.TO_INTEGER: metavalue detected, returning 0
#    Time: 1127100 ns  Iteration: 2  Instance: /tb/MyRiscv/u_regfile/MUXA
# ** Warning: NUMERIC_STD.TO_INTEGER: metavalue detected, returning 0
#    Time: 1127100 ns  Iteration: 5  Instance: /tb/MyRiscv/u_regfile/MUXA
# ** Warning: NUMERIC_STD.TO_INTEGER: metavalue detected, returning 0
#    Time: 1127100 ns  Iteration: 5  Instance: /tb/MyRiscv/u_regfile/MUXB
# ** Warning: NUMERIC_STD.TO_INTEGER: metavalue detected, returning 0
#    Time: 1147580 ns  Iteration: 2  Instance: /tb/MyRiscv/u_regfile/MUXB
# ** Warning: NUMERIC_STD.TO_INTEGER: metavalue detected, returning 0
#    Time: 1147580 ns  Iteration: 2  Instance: /tb/MyRiscv/u_regfile/MUXA
# ** Warning: NUMERIC_STD.TO_INTEGER: metavalue detected, returning 0
#    Time: 1147580 ns  Iteration: 5  Instance: /tb/MyRiscv/u_regfile/MUXA
# ** Warning: NUMERIC_STD.TO_INTEGER: metavalue detected, returning 0
#    Time: 1147580 ns  Iteration: 5  Instance: /tb/MyRiscv/u_regfile/MUXB
# ** Warning: NUMERIC_STD.TO_INTEGER: metavalue detected, returning 0
#    Time: 1168060 ns  Iteration: 2  Instance: /tb/MyRiscv/u_regfile/MUXB
# ** Warning: NUMERIC_STD.TO_INTEGER: metavalue detected, returning 0
#    Time: 1168060 ns  Iteration: 2  Instance: /tb/MyRiscv/u_regfile/MUXA
# ** Warning: NUMERIC_STD.TO_INTEGER: metavalue detected, returning 0
#    Time: 1168060 ns  Iteration: 5  Instance: /tb/MyRiscv/u_regfile/MUXA
# ** Warning: NUMERIC_STD.TO_INTEGER: metavalue detected, returning 0
#    Time: 1168060 ns  Iteration: 5  Instance: /tb/MyRiscv/u_regfile/MUXB
# ** Warning: NUMERIC_STD.TO_INTEGER: metavalue detected, returning 0
#    Time: 1188540 ns  Iteration: 2  Instance: /tb/MyRiscv/u_regfile/MUXB
# ** Warning: NUMERIC_STD.TO_INTEGER: metavalue detected, returning 0
#    Time: 1188540 ns  Iteration: 2  Instance: /tb/MyRiscv/u_regfile/MUXA
# ** Warning: NUMERIC_STD.TO_INTEGER: metavalue detected, returning 0
#    Time: 1188540 ns  Iteration: 5  Instance: /tb/MyRiscv/u_regfile/MUXA
# ** Warning: NUMERIC_STD.TO_INTEGER: metavalue detected, returning 0
#    Time: 1188540 ns  Iteration: 5  Instance: /tb/MyRiscv/u_regfile/MUXB
# ** Warning: NUMERIC_STD.TO_INTEGER: metavalue detected, returning 0
#    Time: 1209020 ns  Iteration: 2  Instance: /tb/MyRiscv/u_regfile/MUXB
# ** Warning: NUMERIC_STD.TO_INTEGER: metavalue detected, returning 0
#    Time: 1209020 ns  Iteration: 2  Instance: /tb/MyRiscv/u_regfile/MUXA
# ** Warning: NUMERIC_STD.TO_INTEGER: metavalue detected, returning 0
#    Time: 1209020 ns  Iteration: 5  Instance: /tb/MyRiscv/u_regfile/MUXA
# ** Warning: NUMERIC_STD.TO_INTEGER: metavalue detected, returning 0
#    Time: 1209020 ns  Iteration: 5  Instance: /tb/MyRiscv/u_regfile/MUXB
# ** Warning: NUMERIC_STD.TO_INTEGER: metavalue detected, returning 0
#    Time: 1229500 ns  Iteration: 2  Instance: /tb/MyRiscv/u_regfile/MUXB
# ** Warning: NUMERIC_STD.TO_INTEGER: metavalue detected, returning 0
#    Time: 1229500 ns  Iteration: 2  Instance: /tb/MyRiscv/u_regfile/MUXA
# ** Warning: NUMERIC_STD.TO_INTEGER: metavalue detected, returning 0
#    Time: 1229500 ns  Iteration: 5  Instance: /tb/MyRiscv/u_regfile/MUXA
# ** Warning: NUMERIC_STD.TO_INTEGER: metavalue detected, returning 0
#    Time: 1229500 ns  Iteration: 5  Instance: /tb/MyRiscv/u_regfile/MUXB
# ** Warning: NUMERIC_STD.TO_INTEGER: metavalue detected, returning 0
#    Time: 1249980 ns  Iteration: 2  Instance: /tb/MyRiscv/u_regfile/MUXB
# ** Warning: NUMERIC_STD.TO_INTEGER: metavalue detected, returning 0
#    Time: 1249980 ns  Iteration: 2  Instance: /tb/MyRiscv/u_regfile/MUXA
# ** Warning: NUMERIC_STD.TO_INTEGER: metavalue detected, returning 0
#    Time: 1249980 ns  Iteration: 5  Instance: /tb/MyRiscv/u_regfile/MUXA
# ** Warning: NUMERIC_STD.TO_INTEGER: metavalue detected, returning 0
#    Time: 1249980 ns  Iteration: 5  Instance: /tb/MyRiscv/u_regfile/MUXB
# ** Warning: NUMERIC_STD.TO_INTEGER: metavalue detected, returning 0
#    Time: 1270460 ns  Iteration: 2  Instance: /tb/MyRiscv/u_regfile/MUXB
# ** Warning: NUMERIC_STD.TO_INTEGER: metavalue detected, returning 0
#    Time: 1270460 ns  Iteration: 2  Instance: /tb/MyRiscv/u_regfile/MUXA
# ** Warning: NUMERIC_STD.TO_INTEGER: metavalue detected, returning 0
#    Time: 1270460 ns  Iteration: 5  Instance: /tb/MyRiscv/u_regfile/MUXA
# ** Warning: NUMERIC_STD.TO_INTEGER: metavalue detected, returning 0
#    Time: 1270460 ns  Iteration: 5  Instance: /tb/MyRiscv/u_regfile/MUXB
# ** Warning: NUMERIC_STD.TO_INTEGER: metavalue detected, returning 0
#    Time: 1290940 ns  Iteration: 2  Instance: /tb/MyRiscv/u_regfile/MUXB
# ** Warning: NUMERIC_STD.TO_INTEGER: metavalue detected, returning 0
#    Time: 1290940 ns  Iteration: 2  Instance: /tb/MyRiscv/u_regfile/MUXA
# ** Warning: NUMERIC_STD.TO_INTEGER: metavalue detected, returning 0
#    Time: 1290940 ns  Iteration: 5  Instance: /tb/MyRiscv/u_regfile/MUXA
# ** Warning: NUMERIC_STD.TO_INTEGER: metavalue detected, returning 0
#    Time: 1290940 ns  Iteration: 5  Instance: /tb/MyRiscv/u_regfile/MUXB
# ** Warning: NUMERIC_STD.TO_INTEGER: metavalue detected, returning 0
#    Time: 1311420 ns  Iteration: 2  Instance: /tb/MyRiscv/u_regfile/MUXB
# ** Warning: NUMERIC_STD.TO_INTEGER: metavalue detected, returning 0
#    Time: 1311420 ns  Iteration: 2  Instance: /tb/MyRiscv/u_regfile/MUXA
# ** Warning: NUMERIC_STD.TO_INTEGER: metavalue detected, returning 0
#    Time: 1311420 ns  Iteration: 5  Instance: /tb/MyRiscv/u_regfile/MUXA
# ** Warning: NUMERIC_STD.TO_INTEGER: metavalue detected, returning 0
#    Time: 1311420 ns  Iteration: 5  Instance: /tb/MyRiscv/u_regfile/MUXB
# ** Warning: NUMERIC_STD.TO_INTEGER: metavalue detected, returning 0
#    Time: 1331900 ns  Iteration: 2  Instance: /tb/MyRiscv/u_regfile/MUXB
# ** Warning: NUMERIC_STD.TO_INTEGER: metavalue detected, returning 0
#    Time: 1331900 ns  Iteration: 2  Instance: /tb/MyRiscv/u_regfile/MUXA
# ** Warning: NUMERIC_STD.TO_INTEGER: metavalue detected, returning 0
#    Time: 1331900 ns  Iteration: 5  Instance: /tb/MyRiscv/u_regfile/MUXA
# ** Warning: NUMERIC_STD.TO_INTEGER: metavalue detected, returning 0
#    Time: 1331900 ns  Iteration: 5  Instance: /tb/MyRiscv/u_regfile/MUXB
# ** Warning: NUMERIC_STD.TO_INTEGER: metavalue detected, returning 0
#    Time: 1352380 ns  Iteration: 2  Instance: /tb/MyRiscv/u_regfile/MUXB
# ** Warning: NUMERIC_STD.TO_INTEGER: metavalue detected, returning 0
#    Time: 1352380 ns  Iteration: 2  Instance: /tb/MyRiscv/u_regfile/MUXA
# ** Warning: NUMERIC_STD.TO_INTEGER: metavalue detected, returning 0
#    Time: 1352380 ns  Iteration: 5  Instance: /tb/MyRiscv/u_regfile/MUXA
# ** Warning: NUMERIC_STD.TO_INTEGER: metavalue detected, returning 0
#    Time: 1352380 ns  Iteration: 5  Instance: /tb/MyRiscv/u_regfile/MUXB
# ** Warning: NUMERIC_STD.TO_INTEGER: metavalue detected, returning 0
#    Time: 1372860 ns  Iteration: 2  Instance: /tb/MyRiscv/u_regfile/MUXB
# ** Warning: NUMERIC_STD.TO_INTEGER: metavalue detected, returning 0
#    Time: 1372860 ns  Iteration: 2  Instance: /tb/MyRiscv/u_regfile/MUXA
# ** Warning: NUMERIC_STD.TO_INTEGER: metavalue detected, returning 0
#    Time: 1372860 ns  Iteration: 5  Instance: /tb/MyRiscv/u_regfile/MUXA
# ** Warning: NUMERIC_STD.TO_INTEGER: metavalue detected, returning 0
#    Time: 1372860 ns  Iteration: 5  Instance: /tb/MyRiscv/u_regfile/MUXB
# ** Warning: NUMERIC_STD.TO_INTEGER: metavalue detected, returning 0
#    Time: 1393340 ns  Iteration: 2  Instance: /tb/MyRiscv/u_regfile/MUXB
# ** Warning: NUMERIC_STD.TO_INTEGER: metavalue detected, returning 0
#    Time: 1393340 ns  Iteration: 2  Instance: /tb/MyRiscv/u_regfile/MUXA
# ** Warning: NUMERIC_STD.TO_INTEGER: metavalue detected, returning 0
#    Time: 1393340 ns  Iteration: 5  Instance: /tb/MyRiscv/u_regfile/MUXA
# ** Warning: NUMERIC_STD.TO_INTEGER: metavalue detected, returning 0
#    Time: 1393340 ns  Iteration: 5  Instance: /tb/MyRiscv/u_regfile/MUXB
# ** Warning: NUMERIC_STD.TO_INTEGER: metavalue detected, returning 0
#    Time: 1413820 ns  Iteration: 2  Instance: /tb/MyRiscv/u_regfile/MUXB
# ** Warning: NUMERIC_STD.TO_INTEGER: metavalue detected, returning 0
#    Time: 1413820 ns  Iteration: 2  Instance: /tb/MyRiscv/u_regfile/MUXA
# ** Warning: NUMERIC_STD.TO_INTEGER: metavalue detected, returning 0
#    Time: 1413820 ns  Iteration: 5  Instance: /tb/MyRiscv/u_regfile/MUXA
# ** Warning: NUMERIC_STD.TO_INTEGER: metavalue detected, returning 0
#    Time: 1413820 ns  Iteration: 5  Instance: /tb/MyRiscv/u_regfile/MUXB
# ** Warning: NUMERIC_STD.TO_INTEGER: metavalue detected, returning 0
#    Time: 1434300 ns  Iteration: 2  Instance: /tb/MyRiscv/u_regfile/MUXB
# ** Warning: NUMERIC_STD.TO_INTEGER: metavalue detected, returning 0
#    Time: 1434300 ns  Iteration: 2  Instance: /tb/MyRiscv/u_regfile/MUXA
# ** Warning: NUMERIC_STD.TO_INTEGER: metavalue detected, returning 0
#    Time: 1434300 ns  Iteration: 5  Instance: /tb/MyRiscv/u_regfile/MUXA
# ** Warning: NUMERIC_STD.TO_INTEGER: metavalue detected, returning 0
#    Time: 1434300 ns  Iteration: 5  Instance: /tb/MyRiscv/u_regfile/MUXB
# ** Warning: NUMERIC_STD.TO_INTEGER: metavalue detected, returning 0
#    Time: 1454780 ns  Iteration: 2  Instance: /tb/MyRiscv/u_regfile/MUXB
# ** Warning: NUMERIC_STD.TO_INTEGER: metavalue detected, returning 0
#    Time: 1454780 ns  Iteration: 2  Instance: /tb/MyRiscv/u_regfile/MUXA
# ** Warning: NUMERIC_STD.TO_INTEGER: metavalue detected, returning 0
#    Time: 1454780 ns  Iteration: 5  Instance: /tb/MyRiscv/u_regfile/MUXA
# ** Warning: NUMERIC_STD.TO_INTEGER: metavalue detected, returning 0
#    Time: 1454780 ns  Iteration: 5  Instance: /tb/MyRiscv/u_regfile/MUXB
# ** Warning: NUMERIC_STD.TO_INTEGER: metavalue detected, returning 0
#    Time: 1475260 ns  Iteration: 2  Instance: /tb/MyRiscv/u_regfile/MUXB
# ** Warning: NUMERIC_STD.TO_INTEGER: metavalue detected, returning 0
#    Time: 1475260 ns  Iteration: 2  Instance: /tb/MyRiscv/u_regfile/MUXA
# ** Warning: NUMERIC_STD.TO_INTEGER: metavalue detected, returning 0
#    Time: 1475260 ns  Iteration: 5  Instance: /tb/MyRiscv/u_regfile/MUXA
# ** Warning: NUMERIC_STD.TO_INTEGER: metavalue detected, returning 0
#    Time: 1475260 ns  Iteration: 5  Instance: /tb/MyRiscv/u_regfile/MUXB
# ** Warning: NUMERIC_STD.TO_INTEGER: metavalue detected, returning 0
#    Time: 1495740 ns  Iteration: 2  Instance: /tb/MyRiscv/u_regfile/MUXB
# ** Warning: NUMERIC_STD.TO_INTEGER: metavalue detected, returning 0
#    Time: 1495740 ns  Iteration: 2  Instance: /tb/MyRiscv/u_regfile/MUXA
# ** Warning: NUMERIC_STD.TO_INTEGER: metavalue detected, returning 0
#    Time: 1495740 ns  Iteration: 5  Instance: /tb/MyRiscv/u_regfile/MUXA
# ** Warning: NUMERIC_STD.TO_INTEGER: metavalue detected, returning 0
#    Time: 1495740 ns  Iteration: 5  Instance: /tb/MyRiscv/u_regfile/MUXB
# ** Warning: NUMERIC_STD.TO_INTEGER: metavalue detected, returning 0
#    Time: 1516220 ns  Iteration: 2  Instance: /tb/MyRiscv/u_regfile/MUXB
# ** Warning: NUMERIC_STD.TO_INTEGER: metavalue detected, returning 0
#    Time: 1516220 ns  Iteration: 2  Instance: /tb/MyRiscv/u_regfile/MUXA
# ** Warning: NUMERIC_STD.TO_INTEGER: metavalue detected, returning 0
#    Time: 1516220 ns  Iteration: 5  Instance: /tb/MyRiscv/u_regfile/MUXA
# ** Warning: NUMERIC_STD.TO_INTEGER: metavalue detected, returning 0
#    Time: 1516220 ns  Iteration: 5  Instance: /tb/MyRiscv/u_regfile/MUXB
# ** Warning: NUMERIC_STD.TO_INTEGER: metavalue detected, returning 0
#    Time: 1536700 ns  Iteration: 2  Instance: /tb/MyRiscv/u_regfile/MUXB
# ** Warning: NUMERIC_STD.TO_INTEGER: metavalue detected, returning 0
#    Time: 1536700 ns  Iteration: 2  Instance: /tb/MyRiscv/u_regfile/MUXA
# ** Warning: NUMERIC_STD.TO_INTEGER: metavalue detected, returning 0
#    Time: 1536700 ns  Iteration: 5  Instance: /tb/MyRiscv/u_regfile/MUXA
# ** Warning: NUMERIC_STD.TO_INTEGER: metavalue detected, returning 0
#    Time: 1536700 ns  Iteration: 5  Instance: /tb/MyRiscv/u_regfile/MUXB
# ** Warning: NUMERIC_STD.TO_INTEGER: metavalue detected, returning 0
#    Time: 1557180 ns  Iteration: 2  Instance: /tb/MyRiscv/u_regfile/MUXB
# ** Warning: NUMERIC_STD.TO_INTEGER: metavalue detected, returning 0
#    Time: 1557180 ns  Iteration: 2  Instance: /tb/MyRiscv/u_regfile/MUXA
# ** Warning: NUMERIC_STD.TO_INTEGER: metavalue detected, returning 0
#    Time: 1557180 ns  Iteration: 5  Instance: /tb/MyRiscv/u_regfile/MUXA
# ** Warning: NUMERIC_STD.TO_INTEGER: metavalue detected, returning 0
#    Time: 1557180 ns  Iteration: 5  Instance: /tb/MyRiscv/u_regfile/MUXB
# ** Warning: NUMERIC_STD.TO_INTEGER: metavalue detected, returning 0
#    Time: 1577660 ns  Iteration: 2  Instance: /tb/MyRiscv/u_regfile/MUXB
# ** Warning: NUMERIC_STD.TO_INTEGER: metavalue detected, returning 0
#    Time: 1577660 ns  Iteration: 2  Instance: /tb/MyRiscv/u_regfile/MUXA
# ** Warning: NUMERIC_STD.TO_INTEGER: metavalue detected, returning 0
#    Time: 1577660 ns  Iteration: 5  Instance: /tb/MyRiscv/u_regfile/MUXA
# ** Warning: NUMERIC_STD.TO_INTEGER: metavalue detected, returning 0
#    Time: 1577660 ns  Iteration: 5  Instance: /tb/MyRiscv/u_regfile/MUXB
# ** Warning: NUMERIC_STD.TO_INTEGER: metavalue detected, returning 0
#    Time: 1598140 ns  Iteration: 2  Instance: /tb/MyRiscv/u_regfile/MUXB
# ** Warning: NUMERIC_STD.TO_INTEGER: metavalue detected, returning 0
#    Time: 1598140 ns  Iteration: 2  Instance: /tb/MyRiscv/u_regfile/MUXA
# ** Warning: NUMERIC_STD.TO_INTEGER: metavalue detected, returning 0
#    Time: 1598140 ns  Iteration: 5  Instance: /tb/MyRiscv/u_regfile/MUXA
# ** Warning: NUMERIC_STD.TO_INTEGER: metavalue detected, returning 0
#    Time: 1598140 ns  Iteration: 5  Instance: /tb/MyRiscv/u_regfile/MUXB
# ** Warning: NUMERIC_STD.TO_INTEGER: metavalue detected, returning 0
#    Time: 1618620 ns  Iteration: 2  Instance: /tb/MyRiscv/u_regfile/MUXB
# ** Warning: NUMERIC_STD.TO_INTEGER: metavalue detected, returning 0
#    Time: 1618620 ns  Iteration: 2  Instance: /tb/MyRiscv/u_regfile/MUXA
# ** Warning: NUMERIC_STD.TO_INTEGER: metavalue detected, returning 0
#    Time: 1618620 ns  Iteration: 5  Instance: /tb/MyRiscv/u_regfile/MUXA
# ** Warning: NUMERIC_STD.TO_INTEGER: metavalue detected, returning 0
#    Time: 1618620 ns  Iteration: 5  Instance: /tb/MyRiscv/u_regfile/MUXB
# ** Warning: NUMERIC_STD.TO_INTEGER: metavalue detected, returning 0
#    Time: 1639100 ns  Iteration: 2  Instance: /tb/MyRiscv/u_regfile/MUXB
# ** Warning: NUMERIC_STD.TO_INTEGER: metavalue detected, returning 0
#    Time: 1639100 ns  Iteration: 2  Instance: /tb/MyRiscv/u_regfile/MUXA
# ** Warning: NUMERIC_STD.TO_INTEGER: metavalue detected, returning 0
#    Time: 1639100 ns  Iteration: 5  Instance: /tb/MyRiscv/u_regfile/MUXA
# ** Warning: NUMERIC_STD.TO_INTEGER: metavalue detected, returning 0
#    Time: 1639100 ns  Iteration: 5  Instance: /tb/MyRiscv/u_regfile/MUXB
# ** Warning: NUMERIC_STD.TO_INTEGER: metavalue detected, returning 0
#    Time: 1659580 ns  Iteration: 2  Instance: /tb/MyRiscv/u_regfile/MUXB
# ** Warning: NUMERIC_STD.TO_INTEGER: metavalue detected, returning 0
#    Time: 1659580 ns  Iteration: 2  Instance: /tb/MyRiscv/u_regfile/MUXA
# ** Warning: NUMERIC_STD.TO_INTEGER: metavalue detected, returning 0
#    Time: 1659580 ns  Iteration: 5  Instance: /tb/MyRiscv/u_regfile/MUXA
# ** Warning: NUMERIC_STD.TO_INTEGER: metavalue detected, returning 0
#    Time: 1659580 ns  Iteration: 5  Instance: /tb/MyRiscv/u_regfile/MUXB
# ** Warning: NUMERIC_STD.TO_INTEGER: metavalue detected, returning 0
#    Time: 1680060 ns  Iteration: 2  Instance: /tb/MyRiscv/u_regfile/MUXB
# ** Warning: NUMERIC_STD.TO_INTEGER: metavalue detected, returning 0
#    Time: 1680060 ns  Iteration: 2  Instance: /tb/MyRiscv/u_regfile/MUXA
# ** Warning: NUMERIC_STD.TO_INTEGER: metavalue detected, returning 0
#    Time: 1680060 ns  Iteration: 5  Instance: /tb/MyRiscv/u_regfile/MUXA
# ** Warning: NUMERIC_STD.TO_INTEGER: metavalue detected, returning 0
#    Time: 1680060 ns  Iteration: 5  Instance: /tb/MyRiscv/u_regfile/MUXB
# ** Warning: NUMERIC_STD.TO_INTEGER: metavalue detected, returning 0
#    Time: 1700540 ns  Iteration: 2  Instance: /tb/MyRiscv/u_regfile/MUXB
# ** Warning: NUMERIC_STD.TO_INTEGER: metavalue detected, returning 0
#    Time: 1700540 ns  Iteration: 2  Instance: /tb/MyRiscv/u_regfile/MUXA
# ** Warning: NUMERIC_STD.TO_INTEGER: metavalue detected, returning 0
#    Time: 1700540 ns  Iteration: 5  Instance: /tb/MyRiscv/u_regfile/MUXA
# ** Warning: NUMERIC_STD.TO_INTEGER: metavalue detected, returning 0
#    Time: 1700540 ns  Iteration: 5  Instance: /tb/MyRiscv/u_regfile/MUXB
# ** Warning: NUMERIC_STD.TO_INTEGER: metavalue detected, returning 0
#    Time: 1721020 ns  Iteration: 2  Instance: /tb/MyRiscv/u_regfile/MUXB
# ** Warning: NUMERIC_STD.TO_INTEGER: metavalue detected, returning 0
#    Time: 1721020 ns  Iteration: 2  Instance: /tb/MyRiscv/u_regfile/MUXA
# ** Warning: NUMERIC_STD.TO_INTEGER: metavalue detected, returning 0
#    Time: 1721020 ns  Iteration: 5  Instance: /tb/MyRiscv/u_regfile/MUXA
# ** Warning: NUMERIC_STD.TO_INTEGER: metavalue detected, returning 0
#    Time: 1721020 ns  Iteration: 5  Instance: /tb/MyRiscv/u_regfile/MUXB
# ** Warning: NUMERIC_STD.TO_INTEGER: metavalue detected, returning 0
#    Time: 1741500 ns  Iteration: 2  Instance: /tb/MyRiscv/u_regfile/MUXB
# ** Warning: NUMERIC_STD.TO_INTEGER: metavalue detected, returning 0
#    Time: 1741500 ns  Iteration: 2  Instance: /tb/MyRiscv/u_regfile/MUXA
# ** Warning: NUMERIC_STD.TO_INTEGER: metavalue detected, returning 0
#    Time: 1741500 ns  Iteration: 5  Instance: /tb/MyRiscv/u_regfile/MUXA
# ** Warning: NUMERIC_STD.TO_INTEGER: metavalue detected, returning 0
#    Time: 1741500 ns  Iteration: 5  Instance: /tb/MyRiscv/u_regfile/MUXB
# ** Warning: NUMERIC_STD.TO_INTEGER: metavalue detected, returning 0
#    Time: 1761980 ns  Iteration: 2  Instance: /tb/MyRiscv/u_regfile/MUXB
# ** Warning: NUMERIC_STD.TO_INTEGER: metavalue detected, returning 0
#    Time: 1761980 ns  Iteration: 2  Instance: /tb/MyRiscv/u_regfile/MUXA
# ** Warning: NUMERIC_STD.TO_INTEGER: metavalue detected, returning 0
#    Time: 1761980 ns  Iteration: 5  Instance: /tb/MyRiscv/u_regfile/MUXA
# ** Warning: NUMERIC_STD.TO_INTEGER: metavalue detected, returning 0
#    Time: 1761980 ns  Iteration: 5  Instance: /tb/MyRiscv/u_regfile/MUXB
# ** Warning: NUMERIC_STD.TO_INTEGER: metavalue detected, returning 0
#    Time: 1782460 ns  Iteration: 2  Instance: /tb/MyRiscv/u_regfile/MUXB
# ** Warning: NUMERIC_STD.TO_INTEGER: metavalue detected, returning 0
#    Time: 1782460 ns  Iteration: 2  Instance: /tb/MyRiscv/u_regfile/MUXA
# ** Warning: NUMERIC_STD.TO_INTEGER: metavalue detected, returning 0
#    Time: 1782460 ns  Iteration: 5  Instance: /tb/MyRiscv/u_regfile/MUXA
# ** Warning: NUMERIC_STD.TO_INTEGER: metavalue detected, returning 0
#    Time: 1782460 ns  Iteration: 5  Instance: /tb/MyRiscv/u_regfile/MUXB
# ** Warning: NUMERIC_STD.TO_INTEGER: metavalue detected, returning 0
#    Time: 1802940 ns  Iteration: 2  Instance: /tb/MyRiscv/u_regfile/MUXB
# ** Warning: NUMERIC_STD.TO_INTEGER: metavalue detected, returning 0
#    Time: 1802940 ns  Iteration: 2  Instance: /tb/MyRiscv/u_regfile/MUXA
# ** Warning: NUMERIC_STD.TO_INTEGER: metavalue detected, returning 0
#    Time: 1802940 ns  Iteration: 5  Instance: /tb/MyRiscv/u_regfile/MUXA
# ** Warning: NUMERIC_STD.TO_INTEGER: metavalue detected, returning 0
#    Time: 1802940 ns  Iteration: 5  Instance: /tb/MyRiscv/u_regfile/MUXB
# ** Warning: NUMERIC_STD.TO_INTEGER: metavalue detected, returning 0
#    Time: 1823420 ns  Iteration: 2  Instance: /tb/MyRiscv/u_regfile/MUXB
# ** Warning: NUMERIC_STD.TO_INTEGER: metavalue detected, returning 0
#    Time: 1823420 ns  Iteration: 2  Instance: /tb/MyRiscv/u_regfile/MUXA
# ** Warning: NUMERIC_STD.TO_INTEGER: metavalue detected, returning 0
#    Time: 1823420 ns  Iteration: 5  Instance: /tb/MyRiscv/u_regfile/MUXA
# ** Warning: NUMERIC_STD.TO_INTEGER: metavalue detected, returning 0
#    Time: 1823420 ns  Iteration: 5  Instance: /tb/MyRiscv/u_regfile/MUXB
# ** Warning: NUMERIC_STD.TO_INTEGER: metavalue detected, returning 0
#    Time: 1843900 ns  Iteration: 2  Instance: /tb/MyRiscv/u_regfile/MUXB
# ** Warning: NUMERIC_STD.TO_INTEGER: metavalue detected, returning 0
#    Time: 1843900 ns  Iteration: 2  Instance: /tb/MyRiscv/u_regfile/MUXA
# ** Warning: NUMERIC_STD.TO_INTEGER: metavalue detected, returning 0
#    Time: 1843900 ns  Iteration: 5  Instance: /tb/MyRiscv/u_regfile/MUXA
# ** Warning: NUMERIC_STD.TO_INTEGER: metavalue detected, returning 0
#    Time: 1843900 ns  Iteration: 5  Instance: /tb/MyRiscv/u_regfile/MUXB
# ** Warning: NUMERIC_STD.TO_INTEGER: metavalue detected, returning 0
#    Time: 1864380 ns  Iteration: 2  Instance: /tb/MyRiscv/u_regfile/MUXB
# ** Warning: NUMERIC_STD.TO_INTEGER: metavalue detected, returning 0
#    Time: 1864380 ns  Iteration: 2  Instance: /tb/MyRiscv/u_regfile/MUXA
# ** Warning: NUMERIC_STD.TO_INTEGER: metavalue detected, returning 0
#    Time: 1864380 ns  Iteration: 5  Instance: /tb/MyRiscv/u_regfile/MUXA
# ** Warning: NUMERIC_STD.TO_INTEGER: metavalue detected, returning 0
#    Time: 1864380 ns  Iteration: 5  Instance: /tb/MyRiscv/u_regfile/MUXB
# ** Warning: NUMERIC_STD.TO_INTEGER: metavalue detected, returning 0
#    Time: 1884860 ns  Iteration: 2  Instance: /tb/MyRiscv/u_regfile/MUXB
# ** Warning: NUMERIC_STD.TO_INTEGER: metavalue detected, returning 0
#    Time: 1884860 ns  Iteration: 2  Instance: /tb/MyRiscv/u_regfile/MUXA
# ** Warning: NUMERIC_STD.TO_INTEGER: metavalue detected, returning 0
#    Time: 1884860 ns  Iteration: 5  Instance: /tb/MyRiscv/u_regfile/MUXA
# ** Warning: NUMERIC_STD.TO_INTEGER: metavalue detected, returning 0
#    Time: 1884860 ns  Iteration: 5  Instance: /tb/MyRiscv/u_regfile/MUXB
# ** Warning: NUMERIC_STD.TO_INTEGER: metavalue detected, returning 0
#    Time: 1905340 ns  Iteration: 2  Instance: /tb/MyRiscv/u_regfile/MUXB
# ** Warning: NUMERIC_STD.TO_INTEGER: metavalue detected, returning 0
#    Time: 1905340 ns  Iteration: 2  Instance: /tb/MyRiscv/u_regfile/MUXA
# ** Warning: NUMERIC_STD.TO_INTEGER: metavalue detected, returning 0
#    Time: 1905340 ns  Iteration: 5  Instance: /tb/MyRiscv/u_regfile/MUXA
# ** Warning: NUMERIC_STD.TO_INTEGER: metavalue detected, returning 0
#    Time: 1905340 ns  Iteration: 5  Instance: /tb/MyRiscv/u_regfile/MUXB
# ** Warning: NUMERIC_STD.TO_INTEGER: metavalue detected, returning 0
#    Time: 1925820 ns  Iteration: 2  Instance: /tb/MyRiscv/u_regfile/MUXB
# ** Warning: NUMERIC_STD.TO_INTEGER: metavalue detected, returning 0
#    Time: 1925820 ns  Iteration: 2  Instance: /tb/MyRiscv/u_regfile/MUXA
# ** Warning: NUMERIC_STD.TO_INTEGER: metavalue detected, returning 0
#    Time: 1925820 ns  Iteration: 5  Instance: /tb/MyRiscv/u_regfile/MUXA
# ** Warning: NUMERIC_STD.TO_INTEGER: metavalue detected, returning 0
#    Time: 1925820 ns  Iteration: 5  Instance: /tb/MyRiscv/u_regfile/MUXB
# ** Warning: NUMERIC_STD.TO_INTEGER: metavalue detected, returning 0
#    Time: 1946300 ns  Iteration: 2  Instance: /tb/MyRiscv/u_regfile/MUXB
# ** Warning: NUMERIC_STD.TO_INTEGER: metavalue detected, returning 0
#    Time: 1946300 ns  Iteration: 2  Instance: /tb/MyRiscv/u_regfile/MUXA
# ** Warning: NUMERIC_STD.TO_INTEGER: metavalue detected, returning 0
#    Time: 1946300 ns  Iteration: 5  Instance: /tb/MyRiscv/u_regfile/MUXA
# ** Warning: NUMERIC_STD.TO_INTEGER: metavalue detected, returning 0
#    Time: 1946300 ns  Iteration: 5  Instance: /tb/MyRiscv/u_regfile/MUXB
# ** Warning: NUMERIC_STD.TO_INTEGER: metavalue detected, returning 0
#    Time: 1966780 ns  Iteration: 2  Instance: /tb/MyRiscv/u_regfile/MUXB
# ** Warning: NUMERIC_STD.TO_INTEGER: metavalue detected, returning 0
#    Time: 1966780 ns  Iteration: 2  Instance: /tb/MyRiscv/u_regfile/MUXA
# ** Warning: NUMERIC_STD.TO_INTEGER: metavalue detected, returning 0
#    Time: 1966780 ns  Iteration: 5  Instance: /tb/MyRiscv/u_regfile/MUXA
# ** Warning: NUMERIC_STD.TO_INTEGER: metavalue detected, returning 0
#    Time: 1966780 ns  Iteration: 5  Instance: /tb/MyRiscv/u_regfile/MUXB
# ** Warning: NUMERIC_STD.TO_INTEGER: metavalue detected, returning 0
#    Time: 1987260 ns  Iteration: 2  Instance: /tb/MyRiscv/u_regfile/MUXB
# ** Warning: NUMERIC_STD.TO_INTEGER: metavalue detected, returning 0
#    Time: 1987260 ns  Iteration: 2  Instance: /tb/MyRiscv/u_regfile/MUXA
# ** Warning: NUMERIC_STD.TO_INTEGER: metavalue detected, returning 0
#    Time: 1987260 ns  Iteration: 5  Instance: /tb/MyRiscv/u_regfile/MUXA
# ** Warning: NUMERIC_STD.TO_INTEGER: metavalue detected, returning 0
#    Time: 1987260 ns  Iteration: 5  Instance: /tb/MyRiscv/u_regfile/MUXB
# ** Warning: NUMERIC_STD.TO_INTEGER: metavalue detected, returning 0
#    Time: 2007740 ns  Iteration: 2  Instance: /tb/MyRiscv/u_regfile/MUXB
# ** Warning: NUMERIC_STD.TO_INTEGER: metavalue detected, returning 0
#    Time: 2007740 ns  Iteration: 2  Instance: /tb/MyRiscv/u_regfile/MUXA
# ** Warning: NUMERIC_STD.TO_INTEGER: metavalue detected, returning 0
#    Time: 2007740 ns  Iteration: 5  Instance: /tb/MyRiscv/u_regfile/MUXA
# ** Warning: NUMERIC_STD.TO_INTEGER: metavalue detected, returning 0
#    Time: 2007740 ns  Iteration: 5  Instance: /tb/MyRiscv/u_regfile/MUXB
# ** Warning: NUMERIC_STD.TO_INTEGER: metavalue detected, returning 0
#    Time: 2028220 ns  Iteration: 2  Instance: /tb/MyRiscv/u_regfile/MUXB
# ** Warning: NUMERIC_STD.TO_INTEGER: metavalue detected, returning 0
#    Time: 2028220 ns  Iteration: 2  Instance: /tb/MyRiscv/u_regfile/MUXA
# ** Warning: NUMERIC_STD.TO_INTEGER: metavalue detected, returning 0
#    Time: 2028220 ns  Iteration: 5  Instance: /tb/MyRiscv/u_regfile/MUXA
# ** Warning: NUMERIC_STD.TO_INTEGER: metavalue detected, returning 0
#    Time: 2028220 ns  Iteration: 5  Instance: /tb/MyRiscv/u_regfile/MUXB
# ** Warning: NUMERIC_STD.TO_INTEGER: metavalue detected, returning 0
#    Time: 2048700 ns  Iteration: 2  Instance: /tb/MyRiscv/u_regfile/MUXB
# ** Warning: NUMERIC_STD.TO_INTEGER: metavalue detected, returning 0
#    Time: 2048700 ns  Iteration: 2  Instance: /tb/MyRiscv/u_regfile/MUXA
# ** Warning: NUMERIC_STD.TO_INTEGER: metavalue detected, returning 0
#    Time: 2048700 ns  Iteration: 5  Instance: /tb/MyRiscv/u_regfile/MUXA
# ** Warning: NUMERIC_STD.TO_INTEGER: metavalue detected, returning 0
#    Time: 2048700 ns  Iteration: 5  Instance: /tb/MyRiscv/u_regfile/MUXB
# ** Warning: NUMERIC_STD.TO_INTEGER: metavalue detected, returning 0
#    Time: 2069180 ns  Iteration: 2  Instance: /tb/MyRiscv/u_regfile/MUXB
# ** Warning: NUMERIC_STD.TO_INTEGER: metavalue detected, returning 0
#    Time: 2069180 ns  Iteration: 2  Instance: /tb/MyRiscv/u_regfile/MUXA
# ** Warning: NUMERIC_STD.TO_INTEGER: metavalue detected, returning 0
#    Time: 2069180 ns  Iteration: 5  Instance: /tb/MyRiscv/u_regfile/MUXA
# ** Warning: NUMERIC_STD.TO_INTEGER: metavalue detected, returning 0
#    Time: 2069180 ns  Iteration: 5  Instance: /tb/MyRiscv/u_regfile/MUXB
# ** Warning: NUMERIC_STD.TO_INTEGER: metavalue detected, returning 0
#    Time: 2089660 ns  Iteration: 2  Instance: /tb/MyRiscv/u_regfile/MUXB
# ** Warning: NUMERIC_STD.TO_INTEGER: metavalue detected, returning 0
#    Time: 2089660 ns  Iteration: 2  Instance: /tb/MyRiscv/u_regfile/MUXA
# ** Warning: NUMERIC_STD.TO_INTEGER: metavalue detected, returning 0
#    Time: 2089660 ns  Iteration: 5  Instance: /tb/MyRiscv/u_regfile/MUXA
# ** Warning: NUMERIC_STD.TO_INTEGER: metavalue detected, returning 0
#    Time: 2089660 ns  Iteration: 5  Instance: /tb/MyRiscv/u_regfile/MUXB
# ** Warning: NUMERIC_STD.TO_INTEGER: metavalue detected, returning 0
#    Time: 2110140 ns  Iteration: 2  Instance: /tb/MyRiscv/u_regfile/MUXB
# ** Warning: NUMERIC_STD.TO_INTEGER: metavalue detected, returning 0
#    Time: 2110140 ns  Iteration: 2  Instance: /tb/MyRiscv/u_regfile/MUXA
# ** Warning: NUMERIC_STD.TO_INTEGER: metavalue detected, returning 0
#    Time: 2110140 ns  Iteration: 5  Instance: /tb/MyRiscv/u_regfile/MUXA
# ** Warning: NUMERIC_STD.TO_INTEGER: metavalue detected, returning 0
#    Time: 2110140 ns  Iteration: 5  Instance: /tb/MyRiscv/u_regfile/MUXB
# ** Warning: NUMERIC_STD.TO_INTEGER: metavalue detected, returning 0
#    Time: 2130620 ns  Iteration: 2  Instance: /tb/MyRiscv/u_regfile/MUXB
# ** Warning: NUMERIC_STD.TO_INTEGER: metavalue detected, returning 0
#    Time: 2130620 ns  Iteration: 2  Instance: /tb/MyRiscv/u_regfile/MUXA
# ** Warning: NUMERIC_STD.TO_INTEGER: metavalue detected, returning 0
#    Time: 2130620 ns  Iteration: 5  Instance: /tb/MyRiscv/u_regfile/MUXA
# ** Warning: NUMERIC_STD.TO_INTEGER: metavalue detected, returning 0
#    Time: 2130620 ns  Iteration: 5  Instance: /tb/MyRiscv/u_regfile/MUXB
# ** Warning: NUMERIC_STD.TO_INTEGER: metavalue detected, returning 0
#    Time: 2151100 ns  Iteration: 2  Instance: /tb/MyRiscv/u_regfile/MUXB
# ** Warning: NUMERIC_STD.TO_INTEGER: metavalue detected, returning 0
#    Time: 2151100 ns  Iteration: 2  Instance: /tb/MyRiscv/u_regfile/MUXA
# ** Warning: NUMERIC_STD.TO_INTEGER: metavalue detected, returning 0
#    Time: 2151100 ns  Iteration: 5  Instance: /tb/MyRiscv/u_regfile/MUXA
# ** Warning: NUMERIC_STD.TO_INTEGER: metavalue detected, returning 0
#    Time: 2151100 ns  Iteration: 5  Instance: /tb/MyRiscv/u_regfile/MUXB
# ** Warning: NUMERIC_STD.TO_INTEGER: metavalue detected, returning 0
#    Time: 2171580 ns  Iteration: 2  Instance: /tb/MyRiscv/u_regfile/MUXB
# ** Warning: NUMERIC_STD.TO_INTEGER: metavalue detected, returning 0
#    Time: 2171580 ns  Iteration: 2  Instance: /tb/MyRiscv/u_regfile/MUXA
# ** Warning: NUMERIC_STD.TO_INTEGER: metavalue detected, returning 0
#    Time: 2171580 ns  Iteration: 5  Instance: /tb/MyRiscv/u_regfile/MUXA
# ** Warning: NUMERIC_STD.TO_INTEGER: metavalue detected, returning 0
#    Time: 2171580 ns  Iteration: 5  Instance: /tb/MyRiscv/u_regfile/MUXB
# ** Warning: NUMERIC_STD.TO_INTEGER: metavalue detected, returning 0
#    Time: 2192060 ns  Iteration: 2  Instance: /tb/MyRiscv/u_regfile/MUXB
# ** Warning: NUMERIC_STD.TO_INTEGER: metavalue detected, returning 0
#    Time: 2192060 ns  Iteration: 2  Instance: /tb/MyRiscv/u_regfile/MUXA
# ** Warning: NUMERIC_STD.TO_INTEGER: metavalue detected, returning 0
#    Time: 2192060 ns  Iteration: 5  Instance: /tb/MyRiscv/u_regfile/MUXA
# ** Warning: NUMERIC_STD.TO_INTEGER: metavalue detected, returning 0
#    Time: 2192060 ns  Iteration: 5  Instance: /tb/MyRiscv/u_regfile/MUXB
# ** Warning: NUMERIC_STD.TO_INTEGER: metavalue detected, returning 0
#    Time: 2212540 ns  Iteration: 2  Instance: /tb/MyRiscv/u_regfile/MUXB
# ** Warning: NUMERIC_STD.TO_INTEGER: metavalue detected, returning 0
#    Time: 2212540 ns  Iteration: 2  Instance: /tb/MyRiscv/u_regfile/MUXA
# ** Warning: NUMERIC_STD.TO_INTEGER: metavalue detected, returning 0
#    Time: 2212540 ns  Iteration: 5  Instance: /tb/MyRiscv/u_regfile/MUXA
# ** Warning: NUMERIC_STD.TO_INTEGER: metavalue detected, returning 0
#    Time: 2212540 ns  Iteration: 5  Instance: /tb/MyRiscv/u_regfile/MUXB
# ** Warning: NUMERIC_STD.TO_INTEGER: metavalue detected, returning 0
#    Time: 2233020 ns  Iteration: 2  Instance: /tb/MyRiscv/u_regfile/MUXB
# ** Warning: NUMERIC_STD.TO_INTEGER: metavalue detected, returning 0
#    Time: 2233020 ns  Iteration: 2  Instance: /tb/MyRiscv/u_regfile/MUXA
# ** Warning: NUMERIC_STD.TO_INTEGER: metavalue detected, returning 0
#    Time: 2233020 ns  Iteration: 5  Instance: /tb/MyRiscv/u_regfile/MUXA
# ** Warning: NUMERIC_STD.TO_INTEGER: metavalue detected, returning 0
#    Time: 2233020 ns  Iteration: 5  Instance: /tb/MyRiscv/u_regfile/MUXB
# ** Warning: NUMERIC_STD.TO_INTEGER: metavalue detected, returning 0
#    Time: 2253500 ns  Iteration: 2  Instance: /tb/MyRiscv/u_regfile/MUXB
# ** Warning: NUMERIC_STD.TO_INTEGER: metavalue detected, returning 0
#    Time: 2253500 ns  Iteration: 2  Instance: /tb/MyRiscv/u_regfile/MUXA
# ** Warning: NUMERIC_STD.TO_INTEGER: metavalue detected, returning 0
#    Time: 2253500 ns  Iteration: 5  Instance: /tb/MyRiscv/u_regfile/MUXA
# ** Warning: NUMERIC_STD.TO_INTEGER: metavalue detected, returning 0
#    Time: 2253500 ns  Iteration: 5  Instance: /tb/MyRiscv/u_regfile/MUXB
# ** Warning: NUMERIC_STD.TO_INTEGER: metavalue detected, returning 0
#    Time: 2273980 ns  Iteration: 2  Instance: /tb/MyRiscv/u_regfile/MUXB
# ** Warning: NUMERIC_STD.TO_INTEGER: metavalue detected, returning 0
#    Time: 2273980 ns  Iteration: 2  Instance: /tb/MyRiscv/u_regfile/MUXA
# ** Warning: NUMERIC_STD.TO_INTEGER: metavalue detected, returning 0
#    Time: 2273980 ns  Iteration: 5  Instance: /tb/MyRiscv/u_regfile/MUXA
# ** Warning: NUMERIC_STD.TO_INTEGER: metavalue detected, returning 0
#    Time: 2273980 ns  Iteration: 5  Instance: /tb/MyRiscv/u_regfile/MUXB
# ** Warning: NUMERIC_STD.TO_INTEGER: metavalue detected, returning 0
#    Time: 2294460 ns  Iteration: 2  Instance: /tb/MyRiscv/u_regfile/MUXB
# ** Warning: NUMERIC_STD.TO_INTEGER: metavalue detected, returning 0
#    Time: 2294460 ns  Iteration: 2  Instance: /tb/MyRiscv/u_regfile/MUXA
# ** Warning: NUMERIC_STD.TO_INTEGER: metavalue detected, returning 0
#    Time: 2294460 ns  Iteration: 5  Instance: /tb/MyRiscv/u_regfile/MUXA
# ** Warning: NUMERIC_STD.TO_INTEGER: metavalue detected, returning 0
#    Time: 2294460 ns  Iteration: 5  Instance: /tb/MyRiscv/u_regfile/MUXB
# ** Warning: NUMERIC_STD.TO_INTEGER: metavalue detected, returning 0
#    Time: 2314940 ns  Iteration: 2  Instance: /tb/MyRiscv/u_regfile/MUXB
# ** Warning: NUMERIC_STD.TO_INTEGER: metavalue detected, returning 0
#    Time: 2314940 ns  Iteration: 2  Instance: /tb/MyRiscv/u_regfile/MUXA
# ** Warning: NUMERIC_STD.TO_INTEGER: metavalue detected, returning 0
#    Time: 2314940 ns  Iteration: 5  Instance: /tb/MyRiscv/u_regfile/MUXA
# ** Warning: NUMERIC_STD.TO_INTEGER: metavalue detected, returning 0
#    Time: 2314940 ns  Iteration: 5  Instance: /tb/MyRiscv/u_regfile/MUXB
# ** Warning: NUMERIC_STD.TO_INTEGER: metavalue detected, returning 0
#    Time: 2335420 ns  Iteration: 2  Instance: /tb/MyRiscv/u_regfile/MUXB
# ** Warning: NUMERIC_STD.TO_INTEGER: metavalue detected, returning 0
#    Time: 2335420 ns  Iteration: 2  Instance: /tb/MyRiscv/u_regfile/MUXA
# ** Warning: NUMERIC_STD.TO_INTEGER: metavalue detected, returning 0
#    Time: 2335420 ns  Iteration: 5  Instance: /tb/MyRiscv/u_regfile/MUXA
# ** Warning: NUMERIC_STD.TO_INTEGER: metavalue detected, returning 0
#    Time: 2335420 ns  Iteration: 5  Instance: /tb/MyRiscv/u_regfile/MUXB
# ** Warning: NUMERIC_STD.TO_INTEGER: metavalue detected, returning 0
#    Time: 2355900 ns  Iteration: 2  Instance: /tb/MyRiscv/u_regfile/MUXB
# ** Warning: NUMERIC_STD.TO_INTEGER: metavalue detected, returning 0
#    Time: 2355900 ns  Iteration: 2  Instance: /tb/MyRiscv/u_regfile/MUXA
# ** Warning: NUMERIC_STD.TO_INTEGER: metavalue detected, returning 0
#    Time: 2355900 ns  Iteration: 5  Instance: /tb/MyRiscv/u_regfile/MUXA
# ** Warning: NUMERIC_STD.TO_INTEGER: metavalue detected, returning 0
#    Time: 2355900 ns  Iteration: 5  Instance: /tb/MyRiscv/u_regfile/MUXB
# ** Warning: NUMERIC_STD.TO_INTEGER: metavalue detected, returning 0
#    Time: 2376380 ns  Iteration: 2  Instance: /tb/MyRiscv/u_regfile/MUXB
# ** Warning: NUMERIC_STD.TO_INTEGER: metavalue detected, returning 0
#    Time: 2376380 ns  Iteration: 2  Instance: /tb/MyRiscv/u_regfile/MUXA
# ** Warning: NUMERIC_STD.TO_INTEGER: metavalue detected, returning 0
#    Time: 2376380 ns  Iteration: 5  Instance: /tb/MyRiscv/u_regfile/MUXA
# ** Warning: NUMERIC_STD.TO_INTEGER: metavalue detected, returning 0
#    Time: 2376380 ns  Iteration: 5  Instance: /tb/MyRiscv/u_regfile/MUXB
# ** Warning: NUMERIC_STD.TO_INTEGER: metavalue detected, returning 0
#    Time: 2396860 ns  Iteration: 2  Instance: /tb/MyRiscv/u_regfile/MUXB
# ** Warning: NUMERIC_STD.TO_INTEGER: metavalue detected, returning 0
#    Time: 2396860 ns  Iteration: 2  Instance: /tb/MyRiscv/u_regfile/MUXA
# ** Warning: NUMERIC_STD.TO_INTEGER: metavalue detected, returning 0
#    Time: 2396860 ns  Iteration: 5  Instance: /tb/MyRiscv/u_regfile/MUXA
# ** Warning: NUMERIC_STD.TO_INTEGER: metavalue detected, returning 0
#    Time: 2396860 ns  Iteration: 5  Instance: /tb/MyRiscv/u_regfile/MUXB
# ** Warning: NUMERIC_STD.TO_INTEGER: metavalue detected, returning 0
#    Time: 2417340 ns  Iteration: 2  Instance: /tb/MyRiscv/u_regfile/MUXB
# ** Warning: NUMERIC_STD.TO_INTEGER: metavalue detected, returning 0
#    Time: 2417340 ns  Iteration: 2  Instance: /tb/MyRiscv/u_regfile/MUXA
# ** Warning: NUMERIC_STD.TO_INTEGER: metavalue detected, returning 0
#    Time: 2417340 ns  Iteration: 5  Instance: /tb/MyRiscv/u_regfile/MUXA
# ** Warning: NUMERIC_STD.TO_INTEGER: metavalue detected, returning 0
#    Time: 2417340 ns  Iteration: 5  Instance: /tb/MyRiscv/u_regfile/MUXB
# ** Warning: NUMERIC_STD.TO_INTEGER: metavalue detected, returning 0
#    Time: 2437820 ns  Iteration: 2  Instance: /tb/MyRiscv/u_regfile/MUXB
# ** Warning: NUMERIC_STD.TO_INTEGER: metavalue detected, returning 0
#    Time: 2437820 ns  Iteration: 2  Instance: /tb/MyRiscv/u_regfile/MUXA
# ** Warning: NUMERIC_STD.TO_INTEGER: metavalue detected, returning 0
#    Time: 2437820 ns  Iteration: 5  Instance: /tb/MyRiscv/u_regfile/MUXA
# ** Warning: NUMERIC_STD.TO_INTEGER: metavalue detected, returning 0
#    Time: 2437820 ns  Iteration: 5  Instance: /tb/MyRiscv/u_regfile/MUXB
# ** Warning: NUMERIC_STD.TO_INTEGER: metavalue detected, returning 0
#    Time: 2458300 ns  Iteration: 2  Instance: /tb/MyRiscv/u_regfile/MUXB
# ** Warning: NUMERIC_STD.TO_INTEGER: metavalue detected, returning 0
#    Time: 2458300 ns  Iteration: 2  Instance: /tb/MyRiscv/u_regfile/MUXA
# ** Warning: NUMERIC_STD.TO_INTEGER: metavalue detected, returning 0
#    Time: 2458300 ns  Iteration: 5  Instance: /tb/MyRiscv/u_regfile/MUXA
# ** Warning: NUMERIC_STD.TO_INTEGER: metavalue detected, returning 0
#    Time: 2458300 ns  Iteration: 5  Instance: /tb/MyRiscv/u_regfile/MUXB
# ** Warning: NUMERIC_STD.TO_INTEGER: metavalue detected, returning 0
#    Time: 2478780 ns  Iteration: 2  Instance: /tb/MyRiscv/u_regfile/MUXB
# ** Warning: NUMERIC_STD.TO_INTEGER: metavalue detected, returning 0
#    Time: 2478780 ns  Iteration: 2  Instance: /tb/MyRiscv/u_regfile/MUXA
# ** Warning: NUMERIC_STD.TO_INTEGER: metavalue detected, returning 0
#    Time: 2478780 ns  Iteration: 5  Instance: /tb/MyRiscv/u_regfile/MUXA
# ** Warning: NUMERIC_STD.TO_INTEGER: metavalue detected, returning 0
#    Time: 2478780 ns  Iteration: 5  Instance: /tb/MyRiscv/u_regfile/MUXB
# ** Warning: NUMERIC_STD.TO_INTEGER: metavalue detected, returning 0
#    Time: 2499260 ns  Iteration: 2  Instance: /tb/MyRiscv/u_regfile/MUXB
# ** Warning: NUMERIC_STD.TO_INTEGER: metavalue detected, returning 0
#    Time: 2499260 ns  Iteration: 2  Instance: /tb/MyRiscv/u_regfile/MUXA
# ** Warning: NUMERIC_STD.TO_INTEGER: metavalue detected, returning 0
#    Time: 2499260 ns  Iteration: 5  Instance: /tb/MyRiscv/u_regfile/MUXA
# ** Warning: NUMERIC_STD.TO_INTEGER: metavalue detected, returning 0
#    Time: 2499260 ns  Iteration: 5  Instance: /tb/MyRiscv/u_regfile/MUXB
# ** Warning: NUMERIC_STD.TO_INTEGER: metavalue detected, returning 0
#    Time: 2519740 ns  Iteration: 2  Instance: /tb/MyRiscv/u_regfile/MUXB
# ** Warning: NUMERIC_STD.TO_INTEGER: metavalue detected, returning 0
#    Time: 2519740 ns  Iteration: 2  Instance: /tb/MyRiscv/u_regfile/MUXA
# ** Warning: NUMERIC_STD.TO_INTEGER: metavalue detected, returning 0
#    Time: 2519740 ns  Iteration: 5  Instance: /tb/MyRiscv/u_regfile/MUXA
# ** Warning: NUMERIC_STD.TO_INTEGER: metavalue detected, returning 0
#    Time: 2519740 ns  Iteration: 5  Instance: /tb/MyRiscv/u_regfile/MUXB
# ** Warning: NUMERIC_STD.TO_INTEGER: metavalue detected, returning 0
#    Time: 2540220 ns  Iteration: 2  Instance: /tb/MyRiscv/u_regfile/MUXB
# ** Warning: NUMERIC_STD.TO_INTEGER: metavalue detected, returning 0
#    Time: 2540220 ns  Iteration: 2  Instance: /tb/MyRiscv/u_regfile/MUXA
# ** Warning: NUMERIC_STD.TO_INTEGER: metavalue detected, returning 0
#    Time: 2540220 ns  Iteration: 5  Instance: /tb/MyRiscv/u_regfile/MUXA
# ** Warning: NUMERIC_STD.TO_INTEGER: metavalue detected, returning 0
#    Time: 2540220 ns  Iteration: 5  Instance: /tb/MyRiscv/u_regfile/MUXB
# ** Warning: NUMERIC_STD.TO_INTEGER: metavalue detected, returning 0
#    Time: 2560700 ns  Iteration: 2  Instance: /tb/MyRiscv/u_regfile/MUXB
# ** Warning: NUMERIC_STD.TO_INTEGER: metavalue detected, returning 0
#    Time: 2560700 ns  Iteration: 2  Instance: /tb/MyRiscv/u_regfile/MUXA
# ** Warning: NUMERIC_STD.TO_INTEGER: metavalue detected, returning 0
#    Time: 2560700 ns  Iteration: 5  Instance: /tb/MyRiscv/u_regfile/MUXA
# ** Warning: NUMERIC_STD.TO_INTEGER: metavalue detected, returning 0
#    Time: 2560700 ns  Iteration: 5  Instance: /tb/MyRiscv/u_regfile/MUXB
# ** Warning: NUMERIC_STD.TO_INTEGER: metavalue detected, returning 0
#    Time: 2581180 ns  Iteration: 2  Instance: /tb/MyRiscv/u_regfile/MUXB
# ** Warning: NUMERIC_STD.TO_INTEGER: metavalue detected, returning 0
#    Time: 2581180 ns  Iteration: 2  Instance: /tb/MyRiscv/u_regfile/MUXA
# ** Warning: NUMERIC_STD.TO_INTEGER: metavalue detected, returning 0
#    Time: 2581180 ns  Iteration: 5  Instance: /tb/MyRiscv/u_regfile/MUXA
# ** Warning: NUMERIC_STD.TO_INTEGER: metavalue detected, returning 0
#    Time: 2581180 ns  Iteration: 5  Instance: /tb/MyRiscv/u_regfile/MUXB
# ** Warning: NUMERIC_STD.TO_INTEGER: metavalue detected, returning 0
#    Time: 2601660 ns  Iteration: 2  Instance: /tb/MyRiscv/u_regfile/MUXB
# ** Warning: NUMERIC_STD.TO_INTEGER: metavalue detected, returning 0
#    Time: 2601660 ns  Iteration: 2  Instance: /tb/MyRiscv/u_regfile/MUXA
# ** Warning: NUMERIC_STD.TO_INTEGER: metavalue detected, returning 0
#    Time: 2601660 ns  Iteration: 5  Instance: /tb/MyRiscv/u_regfile/MUXA
# ** Warning: NUMERIC_STD.TO_INTEGER: metavalue detected, returning 0
#    Time: 2601660 ns  Iteration: 5  Instance: /tb/MyRiscv/u_regfile/MUXB
# ** Warning: NUMERIC_STD.TO_INTEGER: metavalue detected, returning 0
#    Time: 2622140 ns  Iteration: 2  Instance: /tb/MyRiscv/u_regfile/MUXB
# ** Warning: NUMERIC_STD.TO_INTEGER: metavalue detected, returning 0
#    Time: 2622140 ns  Iteration: 2  Instance: /tb/MyRiscv/u_regfile/MUXA
# ** Warning: NUMERIC_STD.TO_INTEGER: metavalue detected, returning 0
#    Time: 2622140 ns  Iteration: 5  Instance: /tb/MyRiscv/u_regfile/MUXA
# ** Warning: NUMERIC_STD.TO_INTEGER: metavalue detected, returning 0
#    Time: 2622140 ns  Iteration: 5  Instance: /tb/MyRiscv/u_regfile/MUXB
# ** Warning: NUMERIC_STD.TO_INTEGER: metavalue detected, returning 0
#    Time: 2642620 ns  Iteration: 2  Instance: /tb/MyRiscv/u_regfile/MUXB
# ** Warning: NUMERIC_STD.TO_INTEGER: metavalue detected, returning 0
#    Time: 2642620 ns  Iteration: 2  Instance: /tb/MyRiscv/u_regfile/MUXA
# ** Warning: NUMERIC_STD.TO_INTEGER: metavalue detected, returning 0
#    Time: 2642620 ns  Iteration: 5  Instance: /tb/MyRiscv/u_regfile/MUXA
# ** Warning: NUMERIC_STD.TO_INTEGER: metavalue detected, returning 0
#    Time: 2642620 ns  Iteration: 5  Instance: /tb/MyRiscv/u_regfile/MUXB
# ** Warning: NUMERIC_STD.TO_INTEGER: metavalue detected, returning 0
#    Time: 2663100 ns  Iteration: 2  Instance: /tb/MyRiscv/u_regfile/MUXB
# ** Warning: NUMERIC_STD.TO_INTEGER: metavalue detected, returning 0
#    Time: 2663100 ns  Iteration: 2  Instance: /tb/MyRiscv/u_regfile/MUXA
# ** Warning: NUMERIC_STD.TO_INTEGER: metavalue detected, returning 0
#    Time: 2663100 ns  Iteration: 5  Instance: /tb/MyRiscv/u_regfile/MUXA
# ** Warning: NUMERIC_STD.TO_INTEGER: metavalue detected, returning 0
#    Time: 2663100 ns  Iteration: 5  Instance: /tb/MyRiscv/u_regfile/MUXB
# ** Warning: NUMERIC_STD.TO_INTEGER: metavalue detected, returning 0
#    Time: 2683580 ns  Iteration: 2  Instance: /tb/MyRiscv/u_regfile/MUXB
# ** Warning: NUMERIC_STD.TO_INTEGER: metavalue detected, returning 0
#    Time: 2683580 ns  Iteration: 2  Instance: /tb/MyRiscv/u_regfile/MUXA
# ** Warning: NUMERIC_STD.TO_INTEGER: metavalue detected, returning 0
#    Time: 2683580 ns  Iteration: 5  Instance: /tb/MyRiscv/u_regfile/MUXA
# ** Warning: NUMERIC_STD.TO_INTEGER: metavalue detected, returning 0
#    Time: 2683580 ns  Iteration: 5  Instance: /tb/MyRiscv/u_regfile/MUXB
# ** Warning: NUMERIC_STD.TO_INTEGER: metavalue detected, returning 0
#    Time: 2704060 ns  Iteration: 2  Instance: /tb/MyRiscv/u_regfile/MUXB
# ** Warning: NUMERIC_STD.TO_INTEGER: metavalue detected, returning 0
#    Time: 2704060 ns  Iteration: 2  Instance: /tb/MyRiscv/u_regfile/MUXA
# ** Warning: NUMERIC_STD.TO_INTEGER: metavalue detected, returning 0
#    Time: 2704060 ns  Iteration: 5  Instance: /tb/MyRiscv/u_regfile/MUXA
# ** Warning: NUMERIC_STD.TO_INTEGER: metavalue detected, returning 0
#    Time: 2704060 ns  Iteration: 5  Instance: /tb/MyRiscv/u_regfile/MUXB
# ** Warning: NUMERIC_STD.TO_INTEGER: metavalue detected, returning 0
#    Time: 2724540 ns  Iteration: 2  Instance: /tb/MyRiscv/u_regfile/MUXB
# ** Warning: NUMERIC_STD.TO_INTEGER: metavalue detected, returning 0
#    Time: 2724540 ns  Iteration: 2  Instance: /tb/MyRiscv/u_regfile/MUXA
# ** Warning: NUMERIC_STD.TO_INTEGER: metavalue detected, returning 0
#    Time: 2724540 ns  Iteration: 5  Instance: /tb/MyRiscv/u_regfile/MUXA
# ** Warning: NUMERIC_STD.TO_INTEGER: metavalue detected, returning 0
#    Time: 2724540 ns  Iteration: 5  Instance: /tb/MyRiscv/u_regfile/MUXB
# ** Warning: NUMERIC_STD.TO_INTEGER: metavalue detected, returning 0
#    Time: 2745020 ns  Iteration: 2  Instance: /tb/MyRiscv/u_regfile/MUXB
# ** Warning: NUMERIC_STD.TO_INTEGER: metavalue detected, returning 0
#    Time: 2745020 ns  Iteration: 2  Instance: /tb/MyRiscv/u_regfile/MUXA
# ** Warning: NUMERIC_STD.TO_INTEGER: metavalue detected, returning 0
#    Time: 2745020 ns  Iteration: 5  Instance: /tb/MyRiscv/u_regfile/MUXA
# ** Warning: NUMERIC_STD.TO_INTEGER: metavalue detected, returning 0
#    Time: 2745020 ns  Iteration: 5  Instance: /tb/MyRiscv/u_regfile/MUXB
# ** Warning: NUMERIC_STD.TO_INTEGER: metavalue detected, returning 0
#    Time: 2765500 ns  Iteration: 2  Instance: /tb/MyRiscv/u_regfile/MUXB
# ** Warning: NUMERIC_STD.TO_INTEGER: metavalue detected, returning 0
#    Time: 2765500 ns  Iteration: 2  Instance: /tb/MyRiscv/u_regfile/MUXA
# ** Warning: NUMERIC_STD.TO_INTEGER: metavalue detected, returning 0
#    Time: 2765500 ns  Iteration: 5  Instance: /tb/MyRiscv/u_regfile/MUXA
# ** Warning: NUMERIC_STD.TO_INTEGER: metavalue detected, returning 0
#    Time: 2765500 ns  Iteration: 5  Instance: /tb/MyRiscv/u_regfile/MUXB
# ** Warning: NUMERIC_STD.TO_INTEGER: metavalue detected, returning 0
#    Time: 2785980 ns  Iteration: 2  Instance: /tb/MyRiscv/u_regfile/MUXB
# ** Warning: NUMERIC_STD.TO_INTEGER: metavalue detected, returning 0
#    Time: 2785980 ns  Iteration: 2  Instance: /tb/MyRiscv/u_regfile/MUXA
# ** Warning: NUMERIC_STD.TO_INTEGER: metavalue detected, returning 0
#    Time: 2785980 ns  Iteration: 5  Instance: /tb/MyRiscv/u_regfile/MUXA
# ** Warning: NUMERIC_STD.TO_INTEGER: metavalue detected, returning 0
#    Time: 2785980 ns  Iteration: 5  Instance: /tb/MyRiscv/u_regfile/MUXB
# ** Warning: NUMERIC_STD.TO_INTEGER: metavalue detected, returning 0
#    Time: 2806460 ns  Iteration: 2  Instance: /tb/MyRiscv/u_regfile/MUXB
# ** Warning: NUMERIC_STD.TO_INTEGER: metavalue detected, returning 0
#    Time: 2806460 ns  Iteration: 2  Instance: /tb/MyRiscv/u_regfile/MUXA
# ** Warning: NUMERIC_STD.TO_INTEGER: metavalue detected, returning 0
#    Time: 2806460 ns  Iteration: 5  Instance: /tb/MyRiscv/u_regfile/MUXA
# ** Warning: NUMERIC_STD.TO_INTEGER: metavalue detected, returning 0
#    Time: 2806460 ns  Iteration: 5  Instance: /tb/MyRiscv/u_regfile/MUXB
# ** Warning: NUMERIC_STD.TO_INTEGER: metavalue detected, returning 0
#    Time: 2826940 ns  Iteration: 2  Instance: /tb/MyRiscv/u_regfile/MUXB
# ** Warning: NUMERIC_STD.TO_INTEGER: metavalue detected, returning 0
#    Time: 2826940 ns  Iteration: 2  Instance: /tb/MyRiscv/u_regfile/MUXA
# ** Warning: NUMERIC_STD.TO_INTEGER: metavalue detected, returning 0
#    Time: 2826940 ns  Iteration: 5  Instance: /tb/MyRiscv/u_regfile/MUXA
# ** Warning: NUMERIC_STD.TO_INTEGER: metavalue detected, returning 0
#    Time: 2826940 ns  Iteration: 5  Instance: /tb/MyRiscv/u_regfile/MUXB
# ** Warning: NUMERIC_STD.TO_INTEGER: metavalue detected, returning 0
#    Time: 2847420 ns  Iteration: 2  Instance: /tb/MyRiscv/u_regfile/MUXB
# ** Warning: NUMERIC_STD.TO_INTEGER: metavalue detected, returning 0
#    Time: 2847420 ns  Iteration: 2  Instance: /tb/MyRiscv/u_regfile/MUXA
# ** Warning: NUMERIC_STD.TO_INTEGER: metavalue detected, returning 0
#    Time: 2847420 ns  Iteration: 5  Instance: /tb/MyRiscv/u_regfile/MUXA
# ** Warning: NUMERIC_STD.TO_INTEGER: metavalue detected, returning 0
#    Time: 2847420 ns  Iteration: 5  Instance: /tb/MyRiscv/u_regfile/MUXB
# ** Warning: NUMERIC_STD.TO_INTEGER: metavalue detected, returning 0
#    Time: 2867900 ns  Iteration: 2  Instance: /tb/MyRiscv/u_regfile/MUXB
# ** Warning: NUMERIC_STD.TO_INTEGER: metavalue detected, returning 0
#    Time: 2867900 ns  Iteration: 2  Instance: /tb/MyRiscv/u_regfile/MUXA
# ** Warning: NUMERIC_STD.TO_INTEGER: metavalue detected, returning 0
#    Time: 2867900 ns  Iteration: 5  Instance: /tb/MyRiscv/u_regfile/MUXA
# ** Warning: NUMERIC_STD.TO_INTEGER: metavalue detected, returning 0
#    Time: 2867900 ns  Iteration: 5  Instance: /tb/MyRiscv/u_regfile/MUXB
# ** Warning: NUMERIC_STD.TO_INTEGER: metavalue detected, returning 0
#    Time: 2888380 ns  Iteration: 2  Instance: /tb/MyRiscv/u_regfile/MUXB
# ** Warning: NUMERIC_STD.TO_INTEGER: metavalue detected, returning 0
#    Time: 2888380 ns  Iteration: 2  Instance: /tb/MyRiscv/u_regfile/MUXA
# ** Warning: NUMERIC_STD.TO_INTEGER: metavalue detected, returning 0
#    Time: 2888380 ns  Iteration: 5  Instance: /tb/MyRiscv/u_regfile/MUXA
# ** Warning: NUMERIC_STD.TO_INTEGER: metavalue detected, returning 0
#    Time: 2888380 ns  Iteration: 5  Instance: /tb/MyRiscv/u_regfile/MUXB
# ** Warning: NUMERIC_STD.TO_INTEGER: metavalue detected, returning 0
#    Time: 2908860 ns  Iteration: 2  Instance: /tb/MyRiscv/u_regfile/MUXB
# ** Warning: NUMERIC_STD.TO_INTEGER: metavalue detected, returning 0
#    Time: 2908860 ns  Iteration: 2  Instance: /tb/MyRiscv/u_regfile/MUXA
# ** Warning: NUMERIC_STD.TO_INTEGER: metavalue detected, returning 0
#    Time: 2908860 ns  Iteration: 5  Instance: /tb/MyRiscv/u_regfile/MUXA
# ** Warning: NUMERIC_STD.TO_INTEGER: metavalue detected, returning 0
#    Time: 2908860 ns  Iteration: 5  Instance: /tb/MyRiscv/u_regfile/MUXB
# ** Warning: NUMERIC_STD.TO_INTEGER: metavalue detected, returning 0
#    Time: 2929340 ns  Iteration: 2  Instance: /tb/MyRiscv/u_regfile/MUXB
# ** Warning: NUMERIC_STD.TO_INTEGER: metavalue detected, returning 0
#    Time: 2929340 ns  Iteration: 2  Instance: /tb/MyRiscv/u_regfile/MUXA
# ** Warning: NUMERIC_STD.TO_INTEGER: metavalue detected, returning 0
#    Time: 2929340 ns  Iteration: 5  Instance: /tb/MyRiscv/u_regfile/MUXA
# ** Warning: NUMERIC_STD.TO_INTEGER: metavalue detected, returning 0
#    Time: 2929340 ns  Iteration: 5  Instance: /tb/MyRiscv/u_regfile/MUXB
# ** Warning: NUMERIC_STD.TO_INTEGER: metavalue detected, returning 0
#    Time: 2949820 ns  Iteration: 2  Instance: /tb/MyRiscv/u_regfile/MUXB
# ** Warning: NUMERIC_STD.TO_INTEGER: metavalue detected, returning 0
#    Time: 2949820 ns  Iteration: 2  Instance: /tb/MyRiscv/u_regfile/MUXA
# ** Warning: NUMERIC_STD.TO_INTEGER: metavalue detected, returning 0
#    Time: 2949820 ns  Iteration: 5  Instance: /tb/MyRiscv/u_regfile/MUXA
# ** Warning: NUMERIC_STD.TO_INTEGER: metavalue detected, returning 0
#    Time: 2949820 ns  Iteration: 5  Instance: /tb/MyRiscv/u_regfile/MUXB
# ** Warning: NUMERIC_STD.TO_INTEGER: metavalue detected, returning 0
#    Time: 2970300 ns  Iteration: 2  Instance: /tb/MyRiscv/u_regfile/MUXB
# ** Warning: NUMERIC_STD.TO_INTEGER: metavalue detected, returning 0
#    Time: 2970300 ns  Iteration: 2  Instance: /tb/MyRiscv/u_regfile/MUXA
# ** Warning: NUMERIC_STD.TO_INTEGER: metavalue detected, returning 0
#    Time: 2970300 ns  Iteration: 5  Instance: /tb/MyRiscv/u_regfile/MUXA
# ** Warning: NUMERIC_STD.TO_INTEGER: metavalue detected, returning 0
#    Time: 2970300 ns  Iteration: 5  Instance: /tb/MyRiscv/u_regfile/MUXB
# ** Warning: NUMERIC_STD.TO_INTEGER: metavalue detected, returning 0
#    Time: 2990780 ns  Iteration: 2  Instance: /tb/MyRiscv/u_regfile/MUXB
# ** Warning: NUMERIC_STD.TO_INTEGER: metavalue detected, returning 0
#    Time: 2990780 ns  Iteration: 2  Instance: /tb/MyRiscv/u_regfile/MUXA
# ** Warning: NUMERIC_STD.TO_INTEGER: metavalue detected, returning 0
#    Time: 2990780 ns  Iteration: 5  Instance: /tb/MyRiscv/u_regfile/MUXA
# ** Warning: NUMERIC_STD.TO_INTEGER: metavalue detected, returning 0
#    Time: 2990780 ns  Iteration: 5  Instance: /tb/MyRiscv/u_regfile/MUXB
# ** Warning: NUMERIC_STD.TO_INTEGER: metavalue detected, returning 0
#    Time: 3011260 ns  Iteration: 2  Instance: /tb/MyRiscv/u_regfile/MUXB
# ** Warning: NUMERIC_STD.TO_INTEGER: metavalue detected, returning 0
#    Time: 3011260 ns  Iteration: 2  Instance: /tb/MyRiscv/u_regfile/MUXA
# ** Warning: NUMERIC_STD.TO_INTEGER: metavalue detected, returning 0
#    Time: 3011260 ns  Iteration: 5  Instance: /tb/MyRiscv/u_regfile/MUXA
# ** Warning: NUMERIC_STD.TO_INTEGER: metavalue detected, returning 0
#    Time: 3011260 ns  Iteration: 5  Instance: /tb/MyRiscv/u_regfile/MUXB
# ** Warning: NUMERIC_STD.TO_INTEGER: metavalue detected, returning 0
#    Time: 3031740 ns  Iteration: 2  Instance: /tb/MyRiscv/u_regfile/MUXB
# ** Warning: NUMERIC_STD.TO_INTEGER: metavalue detected, returning 0
#    Time: 3031740 ns  Iteration: 2  Instance: /tb/MyRiscv/u_regfile/MUXA
# ** Warning: NUMERIC_STD.TO_INTEGER: metavalue detected, returning 0
#    Time: 3031740 ns  Iteration: 5  Instance: /tb/MyRiscv/u_regfile/MUXA
# ** Warning: NUMERIC_STD.TO_INTEGER: metavalue detected, returning 0
#    Time: 3031740 ns  Iteration: 5  Instance: /tb/MyRiscv/u_regfile/MUXB
# ** Warning: NUMERIC_STD.TO_INTEGER: metavalue detected, returning 0
#    Time: 3052220 ns  Iteration: 2  Instance: /tb/MyRiscv/u_regfile/MUXB
# ** Warning: NUMERIC_STD.TO_INTEGER: metavalue detected, returning 0
#    Time: 3052220 ns  Iteration: 2  Instance: /tb/MyRiscv/u_regfile/MUXA
# ** Warning: NUMERIC_STD.TO_INTEGER: metavalue detected, returning 0
#    Time: 3052220 ns  Iteration: 5  Instance: /tb/MyRiscv/u_regfile/MUXA
# ** Warning: NUMERIC_STD.TO_INTEGER: metavalue detected, returning 0
#    Time: 3052220 ns  Iteration: 5  Instance: /tb/MyRiscv/u_regfile/MUXB
# ** Warning: NUMERIC_STD.TO_INTEGER: metavalue detected, returning 0
#    Time: 3072700 ns  Iteration: 2  Instance: /tb/MyRiscv/u_regfile/MUXB
# ** Warning: NUMERIC_STD.TO_INTEGER: metavalue detected, returning 0
#    Time: 3072700 ns  Iteration: 2  Instance: /tb/MyRiscv/u_regfile/MUXA
# ** Warning: NUMERIC_STD.TO_INTEGER: metavalue detected, returning 0
#    Time: 3072700 ns  Iteration: 5  Instance: /tb/MyRiscv/u_regfile/MUXA
# ** Warning: NUMERIC_STD.TO_INTEGER: metavalue detected, returning 0
#    Time: 3072700 ns  Iteration: 5  Instance: /tb/MyRiscv/u_regfile/MUXB
# ** Warning: NUMERIC_STD.TO_INTEGER: metavalue detected, returning 0
#    Time: 3093180 ns  Iteration: 2  Instance: /tb/MyRiscv/u_regfile/MUXB
# ** Warning: NUMERIC_STD.TO_INTEGER: metavalue detected, returning 0
#    Time: 3093180 ns  Iteration: 2  Instance: /tb/MyRiscv/u_regfile/MUXA
# ** Warning: NUMERIC_STD.TO_INTEGER: metavalue detected, returning 0
#    Time: 3093180 ns  Iteration: 5  Instance: /tb/MyRiscv/u_regfile/MUXA
# ** Warning: NUMERIC_STD.TO_INTEGER: metavalue detected, returning 0
#    Time: 3093180 ns  Iteration: 5  Instance: /tb/MyRiscv/u_regfile/MUXB
# ** Warning: NUMERIC_STD.TO_INTEGER: metavalue detected, returning 0
#    Time: 3113660 ns  Iteration: 2  Instance: /tb/MyRiscv/u_regfile/MUXB
# ** Warning: NUMERIC_STD.TO_INTEGER: metavalue detected, returning 0
#    Time: 3113660 ns  Iteration: 2  Instance: /tb/MyRiscv/u_regfile/MUXA
# ** Warning: NUMERIC_STD.TO_INTEGER: metavalue detected, returning 0
#    Time: 3113660 ns  Iteration: 5  Instance: /tb/MyRiscv/u_regfile/MUXA
# ** Warning: NUMERIC_STD.TO_INTEGER: metavalue detected, returning 0
#    Time: 3113660 ns  Iteration: 5  Instance: /tb/MyRiscv/u_regfile/MUXB
# ** Warning: NUMERIC_STD.TO_INTEGER: metavalue detected, returning 0
#    Time: 3134140 ns  Iteration: 2  Instance: /tb/MyRiscv/u_regfile/MUXB
# ** Warning: NUMERIC_STD.TO_INTEGER: metavalue detected, returning 0
#    Time: 3134140 ns  Iteration: 2  Instance: /tb/MyRiscv/u_regfile/MUXA
# ** Warning: NUMERIC_STD.TO_INTEGER: metavalue detected, returning 0
#    Time: 3134140 ns  Iteration: 5  Instance: /tb/MyRiscv/u_regfile/MUXA
# ** Warning: NUMERIC_STD.TO_INTEGER: metavalue detected, returning 0
#    Time: 3134140 ns  Iteration: 5  Instance: /tb/MyRiscv/u_regfile/MUXB
# ** Warning: NUMERIC_STD.TO_INTEGER: metavalue detected, returning 0
#    Time: 3154620 ns  Iteration: 2  Instance: /tb/MyRiscv/u_regfile/MUXB
# ** Warning: NUMERIC_STD.TO_INTEGER: metavalue detected, returning 0
#    Time: 3154620 ns  Iteration: 2  Instance: /tb/MyRiscv/u_regfile/MUXA
# ** Warning: NUMERIC_STD.TO_INTEGER: metavalue detected, returning 0
#    Time: 3154620 ns  Iteration: 5  Instance: /tb/MyRiscv/u_regfile/MUXA
# ** Warning: NUMERIC_STD.TO_INTEGER: metavalue detected, returning 0
#    Time: 3154620 ns  Iteration: 5  Instance: /tb/MyRiscv/u_regfile/MUXB
# ** Warning: NUMERIC_STD.TO_INTEGER: metavalue detected, returning 0
#    Time: 3175100 ns  Iteration: 2  Instance: /tb/MyRiscv/u_regfile/MUXB
# ** Warning: NUMERIC_STD.TO_INTEGER: metavalue detected, returning 0
#    Time: 3175100 ns  Iteration: 2  Instance: /tb/MyRiscv/u_regfile/MUXA
# ** Warning: NUMERIC_STD.TO_INTEGER: metavalue detected, returning 0
#    Time: 3175100 ns  Iteration: 5  Instance: /tb/MyRiscv/u_regfile/MUXA
# ** Warning: NUMERIC_STD.TO_INTEGER: metavalue detected, returning 0
#    Time: 3175100 ns  Iteration: 5  Instance: /tb/MyRiscv/u_regfile/MUXB
# ** Warning: NUMERIC_STD.TO_INTEGER: metavalue detected, returning 0
#    Time: 3195580 ns  Iteration: 2  Instance: /tb/MyRiscv/u_regfile/MUXB
# ** Warning: NUMERIC_STD.TO_INTEGER: metavalue detected, returning 0
#    Time: 3195580 ns  Iteration: 2  Instance: /tb/MyRiscv/u_regfile/MUXA
# ** Warning: NUMERIC_STD.TO_INTEGER: metavalue detected, returning 0
#    Time: 3195580 ns  Iteration: 5  Instance: /tb/MyRiscv/u_regfile/MUXA
# ** Warning: NUMERIC_STD.TO_INTEGER: metavalue detected, returning 0
#    Time: 3195580 ns  Iteration: 5  Instance: /tb/MyRiscv/u_regfile/MUXB
# ** Warning: NUMERIC_STD.TO_INTEGER: metavalue detected, returning 0
#    Time: 3216060 ns  Iteration: 2  Instance: /tb/MyRiscv/u_regfile/MUXB
# ** Warning: NUMERIC_STD.TO_INTEGER: metavalue detected, returning 0
#    Time: 3216060 ns  Iteration: 2  Instance: /tb/MyRiscv/u_regfile/MUXA
# ** Warning: NUMERIC_STD.TO_INTEGER: metavalue detected, returning 0
#    Time: 3216060 ns  Iteration: 5  Instance: /tb/MyRiscv/u_regfile/MUXA
# ** Warning: NUMERIC_STD.TO_INTEGER: metavalue detected, returning 0
#    Time: 3216060 ns  Iteration: 5  Instance: /tb/MyRiscv/u_regfile/MUXB
# ** Warning: NUMERIC_STD.TO_INTEGER: metavalue detected, returning 0
#    Time: 3236540 ns  Iteration: 2  Instance: /tb/MyRiscv/u_regfile/MUXB
# ** Warning: NUMERIC_STD.TO_INTEGER: metavalue detected, returning 0
#    Time: 3236540 ns  Iteration: 2  Instance: /tb/MyRiscv/u_regfile/MUXA
# ** Warning: NUMERIC_STD.TO_INTEGER: metavalue detected, returning 0
#    Time: 3236540 ns  Iteration: 5  Instance: /tb/MyRiscv/u_regfile/MUXA
# ** Warning: NUMERIC_STD.TO_INTEGER: metavalue detected, returning 0
#    Time: 3236540 ns  Iteration: 5  Instance: /tb/MyRiscv/u_regfile/MUXB
# ** Warning: NUMERIC_STD.TO_INTEGER: metavalue detected, returning 0
#    Time: 3257020 ns  Iteration: 2  Instance: /tb/MyRiscv/u_regfile/MUXB
# ** Warning: NUMERIC_STD.TO_INTEGER: metavalue detected, returning 0
#    Time: 3257020 ns  Iteration: 2  Instance: /tb/MyRiscv/u_regfile/MUXA
# ** Warning: NUMERIC_STD.TO_INTEGER: metavalue detected, returning 0
#    Time: 3257020 ns  Iteration: 5  Instance: /tb/MyRiscv/u_regfile/MUXA
# ** Warning: NUMERIC_STD.TO_INTEGER: metavalue detected, returning 0
#    Time: 3257020 ns  Iteration: 5  Instance: /tb/MyRiscv/u_regfile/MUXB
# ** Warning: NUMERIC_STD.TO_INTEGER: metavalue detected, returning 0
#    Time: 3277500 ns  Iteration: 2  Instance: /tb/MyRiscv/u_regfile/MUXB
# ** Warning: NUMERIC_STD.TO_INTEGER: metavalue detected, returning 0
#    Time: 3277500 ns  Iteration: 2  Instance: /tb/MyRiscv/u_regfile/MUXA
# ** Warning: NUMERIC_STD.TO_INTEGER: metavalue detected, returning 0
#    Time: 3277500 ns  Iteration: 5  Instance: /tb/MyRiscv/u_regfile/MUXA
# ** Warning: NUMERIC_STD.TO_INTEGER: metavalue detected, returning 0
#    Time: 3277500 ns  Iteration: 5  Instance: /tb/MyRiscv/u_regfile/MUXB
# ** Warning: NUMERIC_STD.TO_INTEGER: metavalue detected, returning 0
#    Time: 3297980 ns  Iteration: 2  Instance: /tb/MyRiscv/u_regfile/MUXB
# ** Warning: NUMERIC_STD.TO_INTEGER: metavalue detected, returning 0
#    Time: 3297980 ns  Iteration: 2  Instance: /tb/MyRiscv/u_regfile/MUXA
# ** Warning: NUMERIC_STD.TO_INTEGER: metavalue detected, returning 0
#    Time: 3297980 ns  Iteration: 5  Instance: /tb/MyRiscv/u_regfile/MUXA
# ** Warning: NUMERIC_STD.TO_INTEGER: metavalue detected, returning 0
#    Time: 3297980 ns  Iteration: 5  Instance: /tb/MyRiscv/u_regfile/MUXB
# ** Warning: NUMERIC_STD.TO_INTEGER: metavalue detected, returning 0
#    Time: 3318460 ns  Iteration: 2  Instance: /tb/MyRiscv/u_regfile/MUXB
# ** Warning: NUMERIC_STD.TO_INTEGER: metavalue detected, returning 0
#    Time: 3318460 ns  Iteration: 2  Instance: /tb/MyRiscv/u_regfile/MUXA
# ** Warning: NUMERIC_STD.TO_INTEGER: metavalue detected, returning 0
#    Time: 3318460 ns  Iteration: 5  Instance: /tb/MyRiscv/u_regfile/MUXA
# ** Warning: NUMERIC_STD.TO_INTEGER: metavalue detected, returning 0
#    Time: 3318460 ns  Iteration: 5  Instance: /tb/MyRiscv/u_regfile/MUXB
# ** Warning: NUMERIC_STD.TO_INTEGER: metavalue detected, returning 0
#    Time: 3338940 ns  Iteration: 2  Instance: /tb/MyRiscv/u_regfile/MUXB
# ** Warning: NUMERIC_STD.TO_INTEGER: metavalue detected, returning 0
#    Time: 3338940 ns  Iteration: 2  Instance: /tb/MyRiscv/u_regfile/MUXA
# ** Warning: NUMERIC_STD.TO_INTEGER: metavalue detected, returning 0
#    Time: 3338940 ns  Iteration: 5  Instance: /tb/MyRiscv/u_regfile/MUXA
# ** Warning: NUMERIC_STD.TO_INTEGER: metavalue detected, returning 0
#    Time: 3338940 ns  Iteration: 5  Instance: /tb/MyRiscv/u_regfile/MUXB
# ** Warning: NUMERIC_STD.TO_INTEGER: metavalue detected, returning 0
#    Time: 3359420 ns  Iteration: 2  Instance: /tb/MyRiscv/u_regfile/MUXB
# ** Warning: NUMERIC_STD.TO_INTEGER: metavalue detected, returning 0
#    Time: 3359420 ns  Iteration: 2  Instance: /tb/MyRiscv/u_regfile/MUXA
# ** Warning: NUMERIC_STD.TO_INTEGER: metavalue detected, returning 0
#    Time: 3359420 ns  Iteration: 5  Instance: /tb/MyRiscv/u_regfile/MUXA
# ** Warning: NUMERIC_STD.TO_INTEGER: metavalue detected, returning 0
#    Time: 3359420 ns  Iteration: 5  Instance: /tb/MyRiscv/u_regfile/MUXB
# ** Warning: NUMERIC_STD.TO_INTEGER: metavalue detected, returning 0
#    Time: 3379900 ns  Iteration: 2  Instance: /tb/MyRiscv/u_regfile/MUXB
# ** Warning: NUMERIC_STD.TO_INTEGER: metavalue detected, returning 0
#    Time: 3379900 ns  Iteration: 2  Instance: /tb/MyRiscv/u_regfile/MUXA
# ** Warning: NUMERIC_STD.TO_INTEGER: metavalue detected, returning 0
#    Time: 3379900 ns  Iteration: 5  Instance: /tb/MyRiscv/u_regfile/MUXA
# ** Warning: NUMERIC_STD.TO_INTEGER: metavalue detected, returning 0
#    Time: 3379900 ns  Iteration: 5  Instance: /tb/MyRiscv/u_regfile/MUXB
# ** Warning: NUMERIC_STD.TO_INTEGER: metavalue detected, returning 0
#    Time: 3400380 ns  Iteration: 2  Instance: /tb/MyRiscv/u_regfile/MUXB
# ** Warning: NUMERIC_STD.TO_INTEGER: metavalue detected, returning 0
#    Time: 3400380 ns  Iteration: 2  Instance: /tb/MyRiscv/u_regfile/MUXA
# ** Warning: NUMERIC_STD.TO_INTEGER: metavalue detected, returning 0
#    Time: 3400380 ns  Iteration: 5  Instance: /tb/MyRiscv/u_regfile/MUXA
# ** Warning: NUMERIC_STD.TO_INTEGER: metavalue detected, returning 0
#    Time: 3400380 ns  Iteration: 5  Instance: /tb/MyRiscv/u_regfile/MUXB
# ** Warning: NUMERIC_STD.TO_INTEGER: metavalue detected, returning 0
#    Time: 3420860 ns  Iteration: 2  Instance: /tb/MyRiscv/u_regfile/MUXB
# ** Warning: NUMERIC_STD.TO_INTEGER: metavalue detected, returning 0
#    Time: 3420860 ns  Iteration: 2  Instance: /tb/MyRiscv/u_regfile/MUXA
# ** Warning: NUMERIC_STD.TO_INTEGER: metavalue detected, returning 0
#    Time: 3420860 ns  Iteration: 5  Instance: /tb/MyRiscv/u_regfile/MUXA
# ** Warning: NUMERIC_STD.TO_INTEGER: metavalue detected, returning 0
#    Time: 3420860 ns  Iteration: 5  Instance: /tb/MyRiscv/u_regfile/MUXB
# ** Warning: NUMERIC_STD.TO_INTEGER: metavalue detected, returning 0
#    Time: 3441340 ns  Iteration: 2  Instance: /tb/MyRiscv/u_regfile/MUXB
# ** Warning: NUMERIC_STD.TO_INTEGER: metavalue detected, returning 0
#    Time: 3441340 ns  Iteration: 2  Instance: /tb/MyRiscv/u_regfile/MUXA
# ** Warning: NUMERIC_STD.TO_INTEGER: metavalue detected, returning 0
#    Time: 3441340 ns  Iteration: 5  Instance: /tb/MyRiscv/u_regfile/MUXA
# ** Warning: NUMERIC_STD.TO_INTEGER: metavalue detected, returning 0
#    Time: 3441340 ns  Iteration: 5  Instance: /tb/MyRiscv/u_regfile/MUXB
# ** Warning: NUMERIC_STD.TO_INTEGER: metavalue detected, returning 0
#    Time: 3461820 ns  Iteration: 2  Instance: /tb/MyRiscv/u_regfile/MUXB
# ** Warning: NUMERIC_STD.TO_INTEGER: metavalue detected, returning 0
#    Time: 3461820 ns  Iteration: 2  Instance: /tb/MyRiscv/u_regfile/MUXA
# ** Warning: NUMERIC_STD.TO_INTEGER: metavalue detected, returning 0
#    Time: 3461820 ns  Iteration: 5  Instance: /tb/MyRiscv/u_regfile/MUXA
# ** Warning: NUMERIC_STD.TO_INTEGER: metavalue detected, returning 0
#    Time: 3461820 ns  Iteration: 5  Instance: /tb/MyRiscv/u_regfile/MUXB
# ** Warning: NUMERIC_STD.TO_INTEGER: metavalue detected, returning 0
#    Time: 3482300 ns  Iteration: 2  Instance: /tb/MyRiscv/u_regfile/MUXB
# ** Warning: NUMERIC_STD.TO_INTEGER: metavalue detected, returning 0
#    Time: 3482300 ns  Iteration: 2  Instance: /tb/MyRiscv/u_regfile/MUXA
# ** Warning: NUMERIC_STD.TO_INTEGER: metavalue detected, returning 0
#    Time: 3482300 ns  Iteration: 5  Instance: /tb/MyRiscv/u_regfile/MUXA
# ** Warning: NUMERIC_STD.TO_INTEGER: metavalue detected, returning 0
#    Time: 3482300 ns  Iteration: 5  Instance: /tb/MyRiscv/u_regfile/MUXB
# ** Warning: NUMERIC_STD.TO_INTEGER: metavalue detected, returning 0
#    Time: 3502780 ns  Iteration: 2  Instance: /tb/MyRiscv/u_regfile/MUXB
# ** Warning: NUMERIC_STD.TO_INTEGER: metavalue detected, returning 0
#    Time: 3502780 ns  Iteration: 2  Instance: /tb/MyRiscv/u_regfile/MUXA
# ** Warning: NUMERIC_STD.TO_INTEGER: metavalue detected, returning 0
#    Time: 3502780 ns  Iteration: 5  Instance: /tb/MyRiscv/u_regfile/MUXA
# ** Warning: NUMERIC_STD.TO_INTEGER: metavalue detected, returning 0
#    Time: 3502780 ns  Iteration: 5  Instance: /tb/MyRiscv/u_regfile/MUXB
# ** Warning: NUMERIC_STD.TO_INTEGER: metavalue detected, returning 0
#    Time: 3523260 ns  Iteration: 2  Instance: /tb/MyRiscv/u_regfile/MUXB
# ** Warning: NUMERIC_STD.TO_INTEGER: metavalue detected, returning 0
#    Time: 3523260 ns  Iteration: 2  Instance: /tb/MyRiscv/u_regfile/MUXA
# ** Warning: NUMERIC_STD.TO_INTEGER: metavalue detected, returning 0
#    Time: 3523260 ns  Iteration: 5  Instance: /tb/MyRiscv/u_regfile/MUXA
# ** Warning: NUMERIC_STD.TO_INTEGER: metavalue detected, returning 0
#    Time: 3523260 ns  Iteration: 5  Instance: /tb/MyRiscv/u_regfile/MUXB
# ** Warning: NUMERIC_STD.TO_INTEGER: metavalue detected, returning 0
#    Time: 3543740 ns  Iteration: 2  Instance: /tb/MyRiscv/u_regfile/MUXB
# ** Warning: NUMERIC_STD.TO_INTEGER: metavalue detected, returning 0
#    Time: 3543740 ns  Iteration: 2  Instance: /tb/MyRiscv/u_regfile/MUXA
# ** Warning: NUMERIC_STD.TO_INTEGER: metavalue detected, returning 0
#    Time: 3543740 ns  Iteration: 5  Instance: /tb/MyRiscv/u_regfile/MUXA
# ** Warning: NUMERIC_STD.TO_INTEGER: metavalue detected, returning 0
#    Time: 3543740 ns  Iteration: 5  Instance: /tb/MyRiscv/u_regfile/MUXB
# ** Warning: NUMERIC_STD.TO_INTEGER: metavalue detected, returning 0
#    Time: 3564220 ns  Iteration: 2  Instance: /tb/MyRiscv/u_regfile/MUXB
# ** Warning: NUMERIC_STD.TO_INTEGER: metavalue detected, returning 0
#    Time: 3564220 ns  Iteration: 2  Instance: /tb/MyRiscv/u_regfile/MUXA
# ** Warning: NUMERIC_STD.TO_INTEGER: metavalue detected, returning 0
#    Time: 3564220 ns  Iteration: 5  Instance: /tb/MyRiscv/u_regfile/MUXA
# ** Warning: NUMERIC_STD.TO_INTEGER: metavalue detected, returning 0
#    Time: 3564220 ns  Iteration: 5  Instance: /tb/MyRiscv/u_regfile/MUXB
# ** Warning: NUMERIC_STD.TO_INTEGER: metavalue detected, returning 0
#    Time: 3584700 ns  Iteration: 2  Instance: /tb/MyRiscv/u_regfile/MUXB
# ** Warning: NUMERIC_STD.TO_INTEGER: metavalue detected, returning 0
#    Time: 3584700 ns  Iteration: 2  Instance: /tb/MyRiscv/u_regfile/MUXA
# ** Warning: NUMERIC_STD.TO_INTEGER: metavalue detected, returning 0
#    Time: 3584700 ns  Iteration: 5  Instance: /tb/MyRiscv/u_regfile/MUXA
# ** Warning: NUMERIC_STD.TO_INTEGER: metavalue detected, returning 0
#    Time: 3584700 ns  Iteration: 5  Instance: /tb/MyRiscv/u_regfile/MUXB
# ** Warning: NUMERIC_STD.TO_INTEGER: metavalue detected, returning 0
#    Time: 3605180 ns  Iteration: 2  Instance: /tb/MyRiscv/u_regfile/MUXB
# ** Warning: NUMERIC_STD.TO_INTEGER: metavalue detected, returning 0
#    Time: 3605180 ns  Iteration: 2  Instance: /tb/MyRiscv/u_regfile/MUXA
# ** Warning: NUMERIC_STD.TO_INTEGER: metavalue detected, returning 0
#    Time: 3605180 ns  Iteration: 5  Instance: /tb/MyRiscv/u_regfile/MUXA
# ** Warning: NUMERIC_STD.TO_INTEGER: metavalue detected, returning 0
#    Time: 3605180 ns  Iteration: 5  Instance: /tb/MyRiscv/u_regfile/MUXB
# ** Warning: NUMERIC_STD.TO_INTEGER: metavalue detected, returning 0
#    Time: 3625660 ns  Iteration: 2  Instance: /tb/MyRiscv/u_regfile/MUXB
# ** Warning: NUMERIC_STD.TO_INTEGER: metavalue detected, returning 0
#    Time: 3625660 ns  Iteration: 2  Instance: /tb/MyRiscv/u_regfile/MUXA
# ** Warning: NUMERIC_STD.TO_INTEGER: metavalue detected, returning 0
#    Time: 3625660 ns  Iteration: 5  Instance: /tb/MyRiscv/u_regfile/MUXA
# ** Warning: NUMERIC_STD.TO_INTEGER: metavalue detected, returning 0
#    Time: 3625660 ns  Iteration: 5  Instance: /tb/MyRiscv/u_regfile/MUXB
# ** Warning: NUMERIC_STD.TO_INTEGER: metavalue detected, returning 0
#    Time: 3646140 ns  Iteration: 2  Instance: /tb/MyRiscv/u_regfile/MUXB
# ** Warning: NUMERIC_STD.TO_INTEGER: metavalue detected, returning 0
#    Time: 3646140 ns  Iteration: 2  Instance: /tb/MyRiscv/u_regfile/MUXA
# ** Warning: NUMERIC_STD.TO_INTEGER: metavalue detected, returning 0
#    Time: 3646140 ns  Iteration: 5  Instance: /tb/MyRiscv/u_regfile/MUXA
# ** Warning: NUMERIC_STD.TO_INTEGER: metavalue detected, returning 0
#    Time: 3646140 ns  Iteration: 5  Instance: /tb/MyRiscv/u_regfile/MUXB
# ** Warning: NUMERIC_STD.TO_INTEGER: metavalue detected, returning 0
#    Time: 3666620 ns  Iteration: 2  Instance: /tb/MyRiscv/u_regfile/MUXB
# ** Warning: NUMERIC_STD.TO_INTEGER: metavalue detected, returning 0
#    Time: 3666620 ns  Iteration: 2  Instance: /tb/MyRiscv/u_regfile/MUXA
# ** Warning: NUMERIC_STD.TO_INTEGER: metavalue detected, returning 0
#    Time: 3666620 ns  Iteration: 5  Instance: /tb/MyRiscv/u_regfile/MUXA
# ** Warning: NUMERIC_STD.TO_INTEGER: metavalue detected, returning 0
#    Time: 3666620 ns  Iteration: 5  Instance: /tb/MyRiscv/u_regfile/MUXB
# ** Warning: NUMERIC_STD.TO_INTEGER: metavalue detected, returning 0
#    Time: 3687100 ns  Iteration: 2  Instance: /tb/MyRiscv/u_regfile/MUXB
# ** Warning: NUMERIC_STD.TO_INTEGER: metavalue detected, returning 0
#    Time: 3687100 ns  Iteration: 2  Instance: /tb/MyRiscv/u_regfile/MUXA
# ** Warning: NUMERIC_STD.TO_INTEGER: metavalue detected, returning 0
#    Time: 3687100 ns  Iteration: 5  Instance: /tb/MyRiscv/u_regfile/MUXA
# ** Warning: NUMERIC_STD.TO_INTEGER: metavalue detected, returning 0
#    Time: 3687100 ns  Iteration: 5  Instance: /tb/MyRiscv/u_regfile/MUXB
# ** Warning: NUMERIC_STD.TO_INTEGER: metavalue detected, returning 0
#    Time: 3707580 ns  Iteration: 2  Instance: /tb/MyRiscv/u_regfile/MUXB
# ** Warning: NUMERIC_STD.TO_INTEGER: metavalue detected, returning 0
#    Time: 3707580 ns  Iteration: 2  Instance: /tb/MyRiscv/u_regfile/MUXA
# ** Warning: NUMERIC_STD.TO_INTEGER: metavalue detected, returning 0
#    Time: 3707580 ns  Iteration: 5  Instance: /tb/MyRiscv/u_regfile/MUXA
# ** Warning: NUMERIC_STD.TO_INTEGER: metavalue detected, returning 0
#    Time: 3707580 ns  Iteration: 5  Instance: /tb/MyRiscv/u_regfile/MUXB
# ** Warning: NUMERIC_STD.TO_INTEGER: metavalue detected, returning 0
#    Time: 3728060 ns  Iteration: 2  Instance: /tb/MyRiscv/u_regfile/MUXB
# ** Warning: NUMERIC_STD.TO_INTEGER: metavalue detected, returning 0
#    Time: 3728060 ns  Iteration: 2  Instance: /tb/MyRiscv/u_regfile/MUXA
# ** Warning: NUMERIC_STD.TO_INTEGER: metavalue detected, returning 0
#    Time: 3728060 ns  Iteration: 5  Instance: /tb/MyRiscv/u_regfile/MUXA
# ** Warning: NUMERIC_STD.TO_INTEGER: metavalue detected, returning 0
#    Time: 3728060 ns  Iteration: 5  Instance: /tb/MyRiscv/u_regfile/MUXB
# ** Warning: NUMERIC_STD.TO_INTEGER: metavalue detected, returning 0
#    Time: 3748540 ns  Iteration: 2  Instance: /tb/MyRiscv/u_regfile/MUXB
# ** Warning: NUMERIC_STD.TO_INTEGER: metavalue detected, returning 0
#    Time: 3748540 ns  Iteration: 2  Instance: /tb/MyRiscv/u_regfile/MUXA
# ** Warning: NUMERIC_STD.TO_INTEGER: metavalue detected, returning 0
#    Time: 3748540 ns  Iteration: 5  Instance: /tb/MyRiscv/u_regfile/MUXA
# ** Warning: NUMERIC_STD.TO_INTEGER: metavalue detected, returning 0
#    Time: 3748540 ns  Iteration: 5  Instance: /tb/MyRiscv/u_regfile/MUXB
# ** Warning: NUMERIC_STD.TO_INTEGER: metavalue detected, returning 0
#    Time: 3769020 ns  Iteration: 2  Instance: /tb/MyRiscv/u_regfile/MUXB
# ** Warning: NUMERIC_STD.TO_INTEGER: metavalue detected, returning 0
#    Time: 3769020 ns  Iteration: 2  Instance: /tb/MyRiscv/u_regfile/MUXA
# ** Warning: NUMERIC_STD.TO_INTEGER: metavalue detected, returning 0
#    Time: 3769020 ns  Iteration: 5  Instance: /tb/MyRiscv/u_regfile/MUXA
# ** Warning: NUMERIC_STD.TO_INTEGER: metavalue detected, returning 0
#    Time: 3769020 ns  Iteration: 5  Instance: /tb/MyRiscv/u_regfile/MUXB
# ** Warning: NUMERIC_STD.TO_INTEGER: metavalue detected, returning 0
#    Time: 3789500 ns  Iteration: 2  Instance: /tb/MyRiscv/u_regfile/MUXB
# ** Warning: NUMERIC_STD.TO_INTEGER: metavalue detected, returning 0
#    Time: 3789500 ns  Iteration: 2  Instance: /tb/MyRiscv/u_regfile/MUXA
# ** Warning: NUMERIC_STD.TO_INTEGER: metavalue detected, returning 0
#    Time: 3789500 ns  Iteration: 5  Instance: /tb/MyRiscv/u_regfile/MUXA
# ** Warning: NUMERIC_STD.TO_INTEGER: metavalue detected, returning 0
#    Time: 3789500 ns  Iteration: 5  Instance: /tb/MyRiscv/u_regfile/MUXB
# ** Warning: NUMERIC_STD.TO_INTEGER: metavalue detected, returning 0
#    Time: 3809980 ns  Iteration: 2  Instance: /tb/MyRiscv/u_regfile/MUXB
# ** Warning: NUMERIC_STD.TO_INTEGER: metavalue detected, returning 0
#    Time: 3809980 ns  Iteration: 2  Instance: /tb/MyRiscv/u_regfile/MUXA
# ** Warning: NUMERIC_STD.TO_INTEGER: metavalue detected, returning 0
#    Time: 3809980 ns  Iteration: 5  Instance: /tb/MyRiscv/u_regfile/MUXA
# ** Warning: NUMERIC_STD.TO_INTEGER: metavalue detected, returning 0
#    Time: 3809980 ns  Iteration: 5  Instance: /tb/MyRiscv/u_regfile/MUXB
# ** Warning: NUMERIC_STD.TO_INTEGER: metavalue detected, returning 0
#    Time: 3830460 ns  Iteration: 2  Instance: /tb/MyRiscv/u_regfile/MUXB
# ** Warning: NUMERIC_STD.TO_INTEGER: metavalue detected, returning 0
#    Time: 3830460 ns  Iteration: 2  Instance: /tb/MyRiscv/u_regfile/MUXA
# ** Warning: NUMERIC_STD.TO_INTEGER: metavalue detected, returning 0
#    Time: 3830460 ns  Iteration: 5  Instance: /tb/MyRiscv/u_regfile/MUXA
# ** Warning: NUMERIC_STD.TO_INTEGER: metavalue detected, returning 0
#    Time: 3830460 ns  Iteration: 5  Instance: /tb/MyRiscv/u_regfile/MUXB
# ** Warning: NUMERIC_STD.TO_INTEGER: metavalue detected, returning 0
#    Time: 3850940 ns  Iteration: 2  Instance: /tb/MyRiscv/u_regfile/MUXB
# ** Warning: NUMERIC_STD.TO_INTEGER: metavalue detected, returning 0
#    Time: 3850940 ns  Iteration: 2  Instance: /tb/MyRiscv/u_regfile/MUXA
# ** Warning: NUMERIC_STD.TO_INTEGER: metavalue detected, returning 0
#    Time: 3850940 ns  Iteration: 5  Instance: /tb/MyRiscv/u_regfile/MUXA
# ** Warning: NUMERIC_STD.TO_INTEGER: metavalue detected, returning 0
#    Time: 3850940 ns  Iteration: 5  Instance: /tb/MyRiscv/u_regfile/MUXB
# ** Warning: NUMERIC_STD.TO_INTEGER: metavalue detected, returning 0
#    Time: 3871420 ns  Iteration: 2  Instance: /tb/MyRiscv/u_regfile/MUXB
# ** Warning: NUMERIC_STD.TO_INTEGER: metavalue detected, returning 0
#    Time: 3871420 ns  Iteration: 2  Instance: /tb/MyRiscv/u_regfile/MUXA
# ** Warning: NUMERIC_STD.TO_INTEGER: metavalue detected, returning 0
#    Time: 3871420 ns  Iteration: 5  Instance: /tb/MyRiscv/u_regfile/MUXA
# ** Warning: NUMERIC_STD.TO_INTEGER: metavalue detected, returning 0
#    Time: 3871420 ns  Iteration: 5  Instance: /tb/MyRiscv/u_regfile/MUXB
# ** Warning: NUMERIC_STD.TO_INTEGER: metavalue detected, returning 0
#    Time: 3891900 ns  Iteration: 2  Instance: /tb/MyRiscv/u_regfile/MUXB
# ** Warning: NUMERIC_STD.TO_INTEGER: metavalue detected, returning 0
#    Time: 3891900 ns  Iteration: 2  Instance: /tb/MyRiscv/u_regfile/MUXA
# ** Warning: NUMERIC_STD.TO_INTEGER: metavalue detected, returning 0
#    Time: 3891900 ns  Iteration: 5  Instance: /tb/MyRiscv/u_regfile/MUXA
# ** Warning: NUMERIC_STD.TO_INTEGER: metavalue detected, returning 0
#    Time: 3891900 ns  Iteration: 5  Instance: /tb/MyRiscv/u_regfile/MUXB
# ** Warning: NUMERIC_STD.TO_INTEGER: metavalue detected, returning 0
#    Time: 3912380 ns  Iteration: 2  Instance: /tb/MyRiscv/u_regfile/MUXB
# ** Warning: NUMERIC_STD.TO_INTEGER: metavalue detected, returning 0
#    Time: 3912380 ns  Iteration: 2  Instance: /tb/MyRiscv/u_regfile/MUXA
# ** Warning: NUMERIC_STD.TO_INTEGER: metavalue detected, returning 0
#    Time: 3912380 ns  Iteration: 5  Instance: /tb/MyRiscv/u_regfile/MUXA
# ** Warning: NUMERIC_STD.TO_INTEGER: metavalue detected, returning 0
#    Time: 3912380 ns  Iteration: 5  Instance: /tb/MyRiscv/u_regfile/MUXB
# ** Warning: NUMERIC_STD.TO_INTEGER: metavalue detected, returning 0
#    Time: 3932860 ns  Iteration: 2  Instance: /tb/MyRiscv/u_regfile/MUXB
# ** Warning: NUMERIC_STD.TO_INTEGER: metavalue detected, returning 0
#    Time: 3932860 ns  Iteration: 2  Instance: /tb/MyRiscv/u_regfile/MUXA
# ** Warning: NUMERIC_STD.TO_INTEGER: metavalue detected, returning 0
#    Time: 3932860 ns  Iteration: 5  Instance: /tb/MyRiscv/u_regfile/MUXA
# ** Warning: NUMERIC_STD.TO_INTEGER: metavalue detected, returning 0
#    Time: 3932860 ns  Iteration: 5  Instance: /tb/MyRiscv/u_regfile/MUXB
# ** Warning: NUMERIC_STD.TO_INTEGER: metavalue detected, returning 0
#    Time: 3953340 ns  Iteration: 2  Instance: /tb/MyRiscv/u_regfile/MUXB
# ** Warning: NUMERIC_STD.TO_INTEGER: metavalue detected, returning 0
#    Time: 3953340 ns  Iteration: 2  Instance: /tb/MyRiscv/u_regfile/MUXA
# ** Warning: NUMERIC_STD.TO_INTEGER: metavalue detected, returning 0
#    Time: 3953340 ns  Iteration: 5  Instance: /tb/MyRiscv/u_regfile/MUXA
# ** Warning: NUMERIC_STD.TO_INTEGER: metavalue detected, returning 0
#    Time: 3953340 ns  Iteration: 5  Instance: /tb/MyRiscv/u_regfile/MUXB
# ** Warning: NUMERIC_STD.TO_INTEGER: metavalue detected, returning 0
#    Time: 3973820 ns  Iteration: 2  Instance: /tb/MyRiscv/u_regfile/MUXB
# ** Warning: NUMERIC_STD.TO_INTEGER: metavalue detected, returning 0
#    Time: 3973820 ns  Iteration: 2  Instance: /tb/MyRiscv/u_regfile/MUXA
# ** Warning: NUMERIC_STD.TO_INTEGER: metavalue detected, returning 0
#    Time: 3973820 ns  Iteration: 5  Instance: /tb/MyRiscv/u_regfile/MUXA
# ** Warning: NUMERIC_STD.TO_INTEGER: metavalue detected, returning 0
#    Time: 3973820 ns  Iteration: 5  Instance: /tb/MyRiscv/u_regfile/MUXB
# ** Warning: NUMERIC_STD.TO_INTEGER: metavalue detected, returning 0
#    Time: 3994300 ns  Iteration: 2  Instance: /tb/MyRiscv/u_regfile/MUXB
# ** Warning: NUMERIC_STD.TO_INTEGER: metavalue detected, returning 0
#    Time: 3994300 ns  Iteration: 2  Instance: /tb/MyRiscv/u_regfile/MUXA
# ** Warning: NUMERIC_STD.TO_INTEGER: metavalue detected, returning 0
#    Time: 3994300 ns  Iteration: 5  Instance: /tb/MyRiscv/u_regfile/MUXA
# ** Warning: NUMERIC_STD.TO_INTEGER: metavalue detected, returning 0
#    Time: 3994300 ns  Iteration: 5  Instance: /tb/MyRiscv/u_regfile/MUXB
# ** Warning: NUMERIC_STD.TO_INTEGER: metavalue detected, returning 0
#    Time: 4014780 ns  Iteration: 2  Instance: /tb/MyRiscv/u_regfile/MUXB
# ** Warning: NUMERIC_STD.TO_INTEGER: metavalue detected, returning 0
#    Time: 4014780 ns  Iteration: 2  Instance: /tb/MyRiscv/u_regfile/MUXA
# ** Warning: NUMERIC_STD.TO_INTEGER: metavalue detected, returning 0
#    Time: 4014780 ns  Iteration: 5  Instance: /tb/MyRiscv/u_regfile/MUXA
# ** Warning: NUMERIC_STD.TO_INTEGER: metavalue detected, returning 0
#    Time: 4014780 ns  Iteration: 5  Instance: /tb/MyRiscv/u_regfile/MUXB
# ** Warning: NUMERIC_STD.TO_INTEGER: metavalue detected, returning 0
#    Time: 4035260 ns  Iteration: 2  Instance: /tb/MyRiscv/u_regfile/MUXB
# ** Warning: NUMERIC_STD.TO_INTEGER: metavalue detected, returning 0
#    Time: 4035260 ns  Iteration: 2  Instance: /tb/MyRiscv/u_regfile/MUXA
# ** Warning: NUMERIC_STD.TO_INTEGER: metavalue detected, returning 0
#    Time: 4035260 ns  Iteration: 5  Instance: /tb/MyRiscv/u_regfile/MUXA
# ** Warning: NUMERIC_STD.TO_INTEGER: metavalue detected, returning 0
#    Time: 4035260 ns  Iteration: 5  Instance: /tb/MyRiscv/u_regfile/MUXB
# ** Warning: NUMERIC_STD.TO_INTEGER: metavalue detected, returning 0
#    Time: 4055740 ns  Iteration: 2  Instance: /tb/MyRiscv/u_regfile/MUXB
# ** Warning: NUMERIC_STD.TO_INTEGER: metavalue detected, returning 0
#    Time: 4055740 ns  Iteration: 2  Instance: /tb/MyRiscv/u_regfile/MUXA
# ** Warning: NUMERIC_STD.TO_INTEGER: metavalue detected, returning 0
#    Time: 4055740 ns  Iteration: 5  Instance: /tb/MyRiscv/u_regfile/MUXA
# ** Warning: NUMERIC_STD.TO_INTEGER: metavalue detected, returning 0
#    Time: 4055740 ns  Iteration: 5  Instance: /tb/MyRiscv/u_regfile/MUXB
# ** Warning: NUMERIC_STD.TO_INTEGER: metavalue detected, returning 0
#    Time: 4076220 ns  Iteration: 2  Instance: /tb/MyRiscv/u_regfile/MUXB
# ** Warning: NUMERIC_STD.TO_INTEGER: metavalue detected, returning 0
#    Time: 4076220 ns  Iteration: 2  Instance: /tb/MyRiscv/u_regfile/MUXA
# ** Warning: NUMERIC_STD.TO_INTEGER: metavalue detected, returning 0
#    Time: 4076220 ns  Iteration: 5  Instance: /tb/MyRiscv/u_regfile/MUXA
# ** Warning: NUMERIC_STD.TO_INTEGER: metavalue detected, returning 0
#    Time: 4076220 ns  Iteration: 5  Instance: /tb/MyRiscv/u_regfile/MUXB
# ** Warning: NUMERIC_STD.TO_INTEGER: metavalue detected, returning 0
#    Time: 4096700 ns  Iteration: 2  Instance: /tb/MyRiscv/u_regfile/MUXB
# ** Warning: NUMERIC_STD.TO_INTEGER: metavalue detected, returning 0
#    Time: 4096700 ns  Iteration: 2  Instance: /tb/MyRiscv/u_regfile/MUXA
# ** Warning: NUMERIC_STD.TO_INTEGER: metavalue detected, returning 0
#    Time: 4096700 ns  Iteration: 5  Instance: /tb/MyRiscv/u_regfile/MUXA
# ** Warning: NUMERIC_STD.TO_INTEGER: metavalue detected, returning 0
#    Time: 4096700 ns  Iteration: 5  Instance: /tb/MyRiscv/u_regfile/MUXB
# ** Warning: NUMERIC_STD.TO_INTEGER: metavalue detected, returning 0
#    Time: 4117180 ns  Iteration: 2  Instance: /tb/MyRiscv/u_regfile/MUXB
# ** Warning: NUMERIC_STD.TO_INTEGER: metavalue detected, returning 0
#    Time: 4117180 ns  Iteration: 2  Instance: /tb/MyRiscv/u_regfile/MUXA
# ** Warning: NUMERIC_STD.TO_INTEGER: metavalue detected, returning 0
#    Time: 4117180 ns  Iteration: 5  Instance: /tb/MyRiscv/u_regfile/MUXA
# ** Warning: NUMERIC_STD.TO_INTEGER: metavalue detected, returning 0
#    Time: 4117180 ns  Iteration: 5  Instance: /tb/MyRiscv/u_regfile/MUXB
# ** Warning: NUMERIC_STD.TO_INTEGER: metavalue detected, returning 0
#    Time: 4137660 ns  Iteration: 2  Instance: /tb/MyRiscv/u_regfile/MUXB
# ** Warning: NUMERIC_STD.TO_INTEGER: metavalue detected, returning 0
#    Time: 4137660 ns  Iteration: 2  Instance: /tb/MyRiscv/u_regfile/MUXA
# ** Warning: NUMERIC_STD.TO_INTEGER: metavalue detected, returning 0
#    Time: 4137660 ns  Iteration: 5  Instance: /tb/MyRiscv/u_regfile/MUXA
# ** Warning: NUMERIC_STD.TO_INTEGER: metavalue detected, returning 0
#    Time: 4137660 ns  Iteration: 5  Instance: /tb/MyRiscv/u_regfile/MUXB
# ** Warning: NUMERIC_STD.TO_INTEGER: metavalue detected, returning 0
#    Time: 4158140 ns  Iteration: 2  Instance: /tb/MyRiscv/u_regfile/MUXB
# ** Warning: NUMERIC_STD.TO_INTEGER: metavalue detected, returning 0
#    Time: 4158140 ns  Iteration: 2  Instance: /tb/MyRiscv/u_regfile/MUXA
# ** Warning: NUMERIC_STD.TO_INTEGER: metavalue detected, returning 0
#    Time: 4158140 ns  Iteration: 5  Instance: /tb/MyRiscv/u_regfile/MUXA
# ** Warning: NUMERIC_STD.TO_INTEGER: metavalue detected, returning 0
#    Time: 4158140 ns  Iteration: 5  Instance: /tb/MyRiscv/u_regfile/MUXB
# ** Warning: NUMERIC_STD.TO_INTEGER: metavalue detected, returning 0
#    Time: 4178620 ns  Iteration: 2  Instance: /tb/MyRiscv/u_regfile/MUXB
# ** Warning: NUMERIC_STD.TO_INTEGER: metavalue detected, returning 0
#    Time: 4178620 ns  Iteration: 2  Instance: /tb/MyRiscv/u_regfile/MUXA
# ** Warning: NUMERIC_STD.TO_INTEGER: metavalue detected, returning 0
#    Time: 4178620 ns  Iteration: 5  Instance: /tb/MyRiscv/u_regfile/MUXA
# ** Warning: NUMERIC_STD.TO_INTEGER: metavalue detected, returning 0
#    Time: 4178620 ns  Iteration: 5  Instance: /tb/MyRiscv/u_regfile/MUXB
# ** Warning: NUMERIC_STD.TO_INTEGER: metavalue detected, returning 0
#    Time: 4199100 ns  Iteration: 2  Instance: /tb/MyRiscv/u_regfile/MUXB
# ** Warning: NUMERIC_STD.TO_INTEGER: metavalue detected, returning 0
#    Time: 4199100 ns  Iteration: 2  Instance: /tb/MyRiscv/u_regfile/MUXA
# ** Warning: NUMERIC_STD.TO_INTEGER: metavalue detected, returning 0
#    Time: 4199100 ns  Iteration: 5  Instance: /tb/MyRiscv/u_regfile/MUXA
# ** Warning: NUMERIC_STD.TO_INTEGER: metavalue detected, returning 0
#    Time: 4199100 ns  Iteration: 5  Instance: /tb/MyRiscv/u_regfile/MUXB
# ** Warning: NUMERIC_STD.TO_INTEGER: metavalue detected, returning 0
#    Time: 4219580 ns  Iteration: 2  Instance: /tb/MyRiscv/u_regfile/MUXB
# ** Warning: NUMERIC_STD.TO_INTEGER: metavalue detected, returning 0
#    Time: 4219580 ns  Iteration: 2  Instance: /tb/MyRiscv/u_regfile/MUXA
# ** Warning: NUMERIC_STD.TO_INTEGER: metavalue detected, returning 0
#    Time: 4219580 ns  Iteration: 5  Instance: /tb/MyRiscv/u_regfile/MUXA
# ** Warning: NUMERIC_STD.TO_INTEGER: metavalue detected, returning 0
#    Time: 4219580 ns  Iteration: 5  Instance: /tb/MyRiscv/u_regfile/MUXB
# ** Warning: NUMERIC_STD.TO_INTEGER: metavalue detected, returning 0
#    Time: 4240060 ns  Iteration: 2  Instance: /tb/MyRiscv/u_regfile/MUXB
# ** Warning: NUMERIC_STD.TO_INTEGER: metavalue detected, returning 0
#    Time: 4240060 ns  Iteration: 2  Instance: /tb/MyRiscv/u_regfile/MUXA
# ** Warning: NUMERIC_STD.TO_INTEGER: metavalue detected, returning 0
#    Time: 4240060 ns  Iteration: 5  Instance: /tb/MyRiscv/u_regfile/MUXA
# ** Warning: NUMERIC_STD.TO_INTEGER: metavalue detected, returning 0
#    Time: 4240060 ns  Iteration: 5  Instance: /tb/MyRiscv/u_regfile/MUXB
# ** Warning: NUMERIC_STD.TO_INTEGER: metavalue detected, returning 0
#    Time: 4260540 ns  Iteration: 2  Instance: /tb/MyRiscv/u_regfile/MUXB
# ** Warning: NUMERIC_STD.TO_INTEGER: metavalue detected, returning 0
#    Time: 4260540 ns  Iteration: 2  Instance: /tb/MyRiscv/u_regfile/MUXA
# ** Warning: NUMERIC_STD.TO_INTEGER: metavalue detected, returning 0
#    Time: 4260540 ns  Iteration: 5  Instance: /tb/MyRiscv/u_regfile/MUXA
# ** Warning: NUMERIC_STD.TO_INTEGER: metavalue detected, returning 0
#    Time: 4260540 ns  Iteration: 5  Instance: /tb/MyRiscv/u_regfile/MUXB
# ** Warning: NUMERIC_STD.TO_INTEGER: metavalue detected, returning 0
#    Time: 4281020 ns  Iteration: 2  Instance: /tb/MyRiscv/u_regfile/MUXB
# ** Warning: NUMERIC_STD.TO_INTEGER: metavalue detected, returning 0
#    Time: 4281020 ns  Iteration: 2  Instance: /tb/MyRiscv/u_regfile/MUXA
# ** Warning: NUMERIC_STD.TO_INTEGER: metavalue detected, returning 0
#    Time: 4281020 ns  Iteration: 5  Instance: /tb/MyRiscv/u_regfile/MUXA
# ** Warning: NUMERIC_STD.TO_INTEGER: metavalue detected, returning 0
#    Time: 4281020 ns  Iteration: 5  Instance: /tb/MyRiscv/u_regfile/MUXB
# ** Warning: NUMERIC_STD.TO_INTEGER: metavalue detected, returning 0
#    Time: 4301500 ns  Iteration: 2  Instance: /tb/MyRiscv/u_regfile/MUXB
# ** Warning: NUMERIC_STD.TO_INTEGER: metavalue detected, returning 0
#    Time: 4301500 ns  Iteration: 2  Instance: /tb/MyRiscv/u_regfile/MUXA
# ** Warning: NUMERIC_STD.TO_INTEGER: metavalue detected, returning 0
#    Time: 4301500 ns  Iteration: 5  Instance: /tb/MyRiscv/u_regfile/MUXA
# ** Warning: NUMERIC_STD.TO_INTEGER: metavalue detected, returning 0
#    Time: 4301500 ns  Iteration: 5  Instance: /tb/MyRiscv/u_regfile/MUXB
# ** Warning: NUMERIC_STD.TO_INTEGER: metavalue detected, returning 0
#    Time: 4321980 ns  Iteration: 2  Instance: /tb/MyRiscv/u_regfile/MUXB
# ** Warning: NUMERIC_STD.TO_INTEGER: metavalue detected, returning 0
#    Time: 4321980 ns  Iteration: 2  Instance: /tb/MyRiscv/u_regfile/MUXA
# ** Warning: NUMERIC_STD.TO_INTEGER: metavalue detected, returning 0
#    Time: 4321980 ns  Iteration: 5  Instance: /tb/MyRiscv/u_regfile/MUXA
# ** Warning: NUMERIC_STD.TO_INTEGER: metavalue detected, returning 0
#    Time: 4321980 ns  Iteration: 5  Instance: /tb/MyRiscv/u_regfile/MUXB
# ** Warning: NUMERIC_STD.TO_INTEGER: metavalue detected, returning 0
#    Time: 4342460 ns  Iteration: 2  Instance: /tb/MyRiscv/u_regfile/MUXB
# ** Warning: NUMERIC_STD.TO_INTEGER: metavalue detected, returning 0
#    Time: 4342460 ns  Iteration: 2  Instance: /tb/MyRiscv/u_regfile/MUXA
# ** Warning: NUMERIC_STD.TO_INTEGER: metavalue detected, returning 0
#    Time: 4342460 ns  Iteration: 5  Instance: /tb/MyRiscv/u_regfile/MUXA
# ** Warning: NUMERIC_STD.TO_INTEGER: metavalue detected, returning 0
#    Time: 4342460 ns  Iteration: 5  Instance: /tb/MyRiscv/u_regfile/MUXB
# ** Warning: NUMERIC_STD.TO_INTEGER: metavalue detected, returning 0
#    Time: 4362940 ns  Iteration: 2  Instance: /tb/MyRiscv/u_regfile/MUXB
# ** Warning: NUMERIC_STD.TO_INTEGER: metavalue detected, returning 0
#    Time: 4362940 ns  Iteration: 2  Instance: /tb/MyRiscv/u_regfile/MUXA
# ** Warning: NUMERIC_STD.TO_INTEGER: metavalue detected, returning 0
#    Time: 4362940 ns  Iteration: 5  Instance: /tb/MyRiscv/u_regfile/MUXA
# ** Warning: NUMERIC_STD.TO_INTEGER: metavalue detected, returning 0
#    Time: 4362940 ns  Iteration: 5  Instance: /tb/MyRiscv/u_regfile/MUXB
# ** Warning: NUMERIC_STD.TO_INTEGER: metavalue detected, returning 0
#    Time: 4383420 ns  Iteration: 2  Instance: /tb/MyRiscv/u_regfile/MUXB
# ** Warning: NUMERIC_STD.TO_INTEGER: metavalue detected, returning 0
#    Time: 4383420 ns  Iteration: 2  Instance: /tb/MyRiscv/u_regfile/MUXA
# ** Warning: NUMERIC_STD.TO_INTEGER: metavalue detected, returning 0
#    Time: 4383420 ns  Iteration: 5  Instance: /tb/MyRiscv/u_regfile/MUXA
# ** Warning: NUMERIC_STD.TO_INTEGER: metavalue detected, returning 0
#    Time: 4383420 ns  Iteration: 5  Instance: /tb/MyRiscv/u_regfile/MUXB
# ** Warning: NUMERIC_STD.TO_INTEGER: metavalue detected, returning 0
#    Time: 4403900 ns  Iteration: 2  Instance: /tb/MyRiscv/u_regfile/MUXB
# ** Warning: NUMERIC_STD.TO_INTEGER: metavalue detected, returning 0
#    Time: 4403900 ns  Iteration: 2  Instance: /tb/MyRiscv/u_regfile/MUXA
# ** Warning: NUMERIC_STD.TO_INTEGER: metavalue detected, returning 0
#    Time: 4403900 ns  Iteration: 5  Instance: /tb/MyRiscv/u_regfile/MUXA
# ** Warning: NUMERIC_STD.TO_INTEGER: metavalue detected, returning 0
#    Time: 4403900 ns  Iteration: 5  Instance: /tb/MyRiscv/u_regfile/MUXB
# ** Warning: NUMERIC_STD.TO_INTEGER: metavalue detected, returning 0
#    Time: 4424380 ns  Iteration: 2  Instance: /tb/MyRiscv/u_regfile/MUXB
# ** Warning: NUMERIC_STD.TO_INTEGER: metavalue detected, returning 0
#    Time: 4424380 ns  Iteration: 2  Instance: /tb/MyRiscv/u_regfile/MUXA
# ** Warning: NUMERIC_STD.TO_INTEGER: metavalue detected, returning 0
#    Time: 4424380 ns  Iteration: 5  Instance: /tb/MyRiscv/u_regfile/MUXA
# ** Warning: NUMERIC_STD.TO_INTEGER: metavalue detected, returning 0
#    Time: 4424380 ns  Iteration: 5  Instance: /tb/MyRiscv/u_regfile/MUXB
# ** Warning: NUMERIC_STD.TO_INTEGER: metavalue detected, returning 0
#    Time: 4444860 ns  Iteration: 2  Instance: /tb/MyRiscv/u_regfile/MUXB
# ** Warning: NUMERIC_STD.TO_INTEGER: metavalue detected, returning 0
#    Time: 4444860 ns  Iteration: 2  Instance: /tb/MyRiscv/u_regfile/MUXA
# ** Warning: NUMERIC_STD.TO_INTEGER: metavalue detected, returning 0
#    Time: 4444860 ns  Iteration: 5  Instance: /tb/MyRiscv/u_regfile/MUXA
# ** Warning: NUMERIC_STD.TO_INTEGER: metavalue detected, returning 0
#    Time: 4444860 ns  Iteration: 5  Instance: /tb/MyRiscv/u_regfile/MUXB
# ** Warning: NUMERIC_STD.TO_INTEGER: metavalue detected, returning 0
#    Time: 4465340 ns  Iteration: 2  Instance: /tb/MyRiscv/u_regfile/MUXB
# ** Warning: NUMERIC_STD.TO_INTEGER: metavalue detected, returning 0
#    Time: 4465340 ns  Iteration: 2  Instance: /tb/MyRiscv/u_regfile/MUXA
# ** Warning: NUMERIC_STD.TO_INTEGER: metavalue detected, returning 0
#    Time: 4465340 ns  Iteration: 5  Instance: /tb/MyRiscv/u_regfile/MUXA
# ** Warning: NUMERIC_STD.TO_INTEGER: metavalue detected, returning 0
#    Time: 4465340 ns  Iteration: 5  Instance: /tb/MyRiscv/u_regfile/MUXB
# ** Warning: NUMERIC_STD.TO_INTEGER: metavalue detected, returning 0
#    Time: 4485820 ns  Iteration: 2  Instance: /tb/MyRiscv/u_regfile/MUXB
# ** Warning: NUMERIC_STD.TO_INTEGER: metavalue detected, returning 0
#    Time: 4485820 ns  Iteration: 2  Instance: /tb/MyRiscv/u_regfile/MUXA
# ** Warning: NUMERIC_STD.TO_INTEGER: metavalue detected, returning 0
#    Time: 4485820 ns  Iteration: 5  Instance: /tb/MyRiscv/u_regfile/MUXA
# ** Warning: NUMERIC_STD.TO_INTEGER: metavalue detected, returning 0
#    Time: 4485820 ns  Iteration: 5  Instance: /tb/MyRiscv/u_regfile/MUXB
# ** Warning: NUMERIC_STD.TO_INTEGER: metavalue detected, returning 0
#    Time: 4506300 ns  Iteration: 2  Instance: /tb/MyRiscv/u_regfile/MUXB
# ** Warning: NUMERIC_STD.TO_INTEGER: metavalue detected, returning 0
#    Time: 4506300 ns  Iteration: 2  Instance: /tb/MyRiscv/u_regfile/MUXA
# ** Warning: NUMERIC_STD.TO_INTEGER: metavalue detected, returning 0
#    Time: 4506300 ns  Iteration: 5  Instance: /tb/MyRiscv/u_regfile/MUXA
# ** Warning: NUMERIC_STD.TO_INTEGER: metavalue detected, returning 0
#    Time: 4506300 ns  Iteration: 5  Instance: /tb/MyRiscv/u_regfile/MUXB
# ** Warning: NUMERIC_STD.TO_INTEGER: metavalue detected, returning 0
#    Time: 4526780 ns  Iteration: 2  Instance: /tb/MyRiscv/u_regfile/MUXB
# ** Warning: NUMERIC_STD.TO_INTEGER: metavalue detected, returning 0
#    Time: 4526780 ns  Iteration: 2  Instance: /tb/MyRiscv/u_regfile/MUXA
# ** Warning: NUMERIC_STD.TO_INTEGER: metavalue detected, returning 0
#    Time: 4526780 ns  Iteration: 5  Instance: /tb/MyRiscv/u_regfile/MUXA
# ** Warning: NUMERIC_STD.TO_INTEGER: metavalue detected, returning 0
#    Time: 4526780 ns  Iteration: 5  Instance: /tb/MyRiscv/u_regfile/MUXB
# ** Warning: NUMERIC_STD.TO_INTEGER: metavalue detected, returning 0
#    Time: 4547260 ns  Iteration: 2  Instance: /tb/MyRiscv/u_regfile/MUXB
# ** Warning: NUMERIC_STD.TO_INTEGER: metavalue detected, returning 0
#    Time: 4547260 ns  Iteration: 2  Instance: /tb/MyRiscv/u_regfile/MUXA
# ** Warning: NUMERIC_STD.TO_INTEGER: metavalue detected, returning 0
#    Time: 4547260 ns  Iteration: 5  Instance: /tb/MyRiscv/u_regfile/MUXA
# ** Warning: NUMERIC_STD.TO_INTEGER: metavalue detected, returning 0
#    Time: 4547260 ns  Iteration: 5  Instance: /tb/MyRiscv/u_regfile/MUXB
# ** Warning: NUMERIC_STD.TO_INTEGER: metavalue detected, returning 0
#    Time: 4567740 ns  Iteration: 2  Instance: /tb/MyRiscv/u_regfile/MUXB
# ** Warning: NUMERIC_STD.TO_INTEGER: metavalue detected, returning 0
#    Time: 4567740 ns  Iteration: 2  Instance: /tb/MyRiscv/u_regfile/MUXA
# ** Warning: NUMERIC_STD.TO_INTEGER: metavalue detected, returning 0
#    Time: 4567740 ns  Iteration: 5  Instance: /tb/MyRiscv/u_regfile/MUXA
# ** Warning: NUMERIC_STD.TO_INTEGER: metavalue detected, returning 0
#    Time: 4567740 ns  Iteration: 5  Instance: /tb/MyRiscv/u_regfile/MUXB
# ** Warning: NUMERIC_STD.TO_INTEGER: metavalue detected, returning 0
#    Time: 4588220 ns  Iteration: 2  Instance: /tb/MyRiscv/u_regfile/MUXB
# ** Warning: NUMERIC_STD.TO_INTEGER: metavalue detected, returning 0
#    Time: 4588220 ns  Iteration: 2  Instance: /tb/MyRiscv/u_regfile/MUXA
# ** Warning: NUMERIC_STD.TO_INTEGER: metavalue detected, returning 0
#    Time: 4588220 ns  Iteration: 5  Instance: /tb/MyRiscv/u_regfile/MUXA
# ** Warning: NUMERIC_STD.TO_INTEGER: metavalue detected, returning 0
#    Time: 4588220 ns  Iteration: 5  Instance: /tb/MyRiscv/u_regfile/MUXB
# ** Warning: NUMERIC_STD.TO_INTEGER: metavalue detected, returning 0
#    Time: 4608700 ns  Iteration: 2  Instance: /tb/MyRiscv/u_regfile/MUXB
# ** Warning: NUMERIC_STD.TO_INTEGER: metavalue detected, returning 0
#    Time: 4608700 ns  Iteration: 2  Instance: /tb/MyRiscv/u_regfile/MUXA
# ** Warning: NUMERIC_STD.TO_INTEGER: metavalue detected, returning 0
#    Time: 4608700 ns  Iteration: 5  Instance: /tb/MyRiscv/u_regfile/MUXA
# ** Warning: NUMERIC_STD.TO_INTEGER: metavalue detected, returning 0
#    Time: 4608700 ns  Iteration: 5  Instance: /tb/MyRiscv/u_regfile/MUXB
# ** Warning: NUMERIC_STD.TO_INTEGER: metavalue detected, returning 0
#    Time: 4629180 ns  Iteration: 2  Instance: /tb/MyRiscv/u_regfile/MUXB
# ** Warning: NUMERIC_STD.TO_INTEGER: metavalue detected, returning 0
#    Time: 4629180 ns  Iteration: 2  Instance: /tb/MyRiscv/u_regfile/MUXA
# ** Warning: NUMERIC_STD.TO_INTEGER: metavalue detected, returning 0
#    Time: 4629180 ns  Iteration: 5  Instance: /tb/MyRiscv/u_regfile/MUXA
# ** Warning: NUMERIC_STD.TO_INTEGER: metavalue detected, returning 0
#    Time: 4629180 ns  Iteration: 5  Instance: /tb/MyRiscv/u_regfile/MUXB
# ** Warning: NUMERIC_STD.TO_INTEGER: metavalue detected, returning 0
#    Time: 4649660 ns  Iteration: 2  Instance: /tb/MyRiscv/u_regfile/MUXB
# ** Warning: NUMERIC_STD.TO_INTEGER: metavalue detected, returning 0
#    Time: 4649660 ns  Iteration: 2  Instance: /tb/MyRiscv/u_regfile/MUXA
# ** Warning: NUMERIC_STD.TO_INTEGER: metavalue detected, returning 0
#    Time: 4649660 ns  Iteration: 5  Instance: /tb/MyRiscv/u_regfile/MUXA
# ** Warning: NUMERIC_STD.TO_INTEGER: metavalue detected, returning 0
#    Time: 4649660 ns  Iteration: 5  Instance: /tb/MyRiscv/u_regfile/MUXB
# ** Warning: NUMERIC_STD.TO_INTEGER: metavalue detected, returning 0
#    Time: 4670140 ns  Iteration: 2  Instance: /tb/MyRiscv/u_regfile/MUXB
# ** Warning: NUMERIC_STD.TO_INTEGER: metavalue detected, returning 0
#    Time: 4670140 ns  Iteration: 2  Instance: /tb/MyRiscv/u_regfile/MUXA
# ** Warning: NUMERIC_STD.TO_INTEGER: metavalue detected, returning 0
#    Time: 4670140 ns  Iteration: 5  Instance: /tb/MyRiscv/u_regfile/MUXA
# ** Warning: NUMERIC_STD.TO_INTEGER: metavalue detected, returning 0
#    Time: 4670140 ns  Iteration: 5  Instance: /tb/MyRiscv/u_regfile/MUXB
# ** Warning: NUMERIC_STD.TO_INTEGER: metavalue detected, returning 0
#    Time: 4690620 ns  Iteration: 2  Instance: /tb/MyRiscv/u_regfile/MUXB
# ** Warning: NUMERIC_STD.TO_INTEGER: metavalue detected, returning 0
#    Time: 4690620 ns  Iteration: 2  Instance: /tb/MyRiscv/u_regfile/MUXA
# ** Warning: NUMERIC_STD.TO_INTEGER: metavalue detected, returning 0
#    Time: 4690620 ns  Iteration: 5  Instance: /tb/MyRiscv/u_regfile/MUXA
# ** Warning: NUMERIC_STD.TO_INTEGER: metavalue detected, returning 0
#    Time: 4690620 ns  Iteration: 5  Instance: /tb/MyRiscv/u_regfile/MUXB
# ** Warning: NUMERIC_STD.TO_INTEGER: metavalue detected, returning 0
#    Time: 4711100 ns  Iteration: 2  Instance: /tb/MyRiscv/u_regfile/MUXB
# ** Warning: NUMERIC_STD.TO_INTEGER: metavalue detected, returning 0
#    Time: 4711100 ns  Iteration: 2  Instance: /tb/MyRiscv/u_regfile/MUXA
# ** Warning: NUMERIC_STD.TO_INTEGER: metavalue detected, returning 0
#    Time: 4711100 ns  Iteration: 5  Instance: /tb/MyRiscv/u_regfile/MUXA
# ** Warning: NUMERIC_STD.TO_INTEGER: metavalue detected, returning 0
#    Time: 4711100 ns  Iteration: 5  Instance: /tb/MyRiscv/u_regfile/MUXB
# ** Warning: NUMERIC_STD.TO_INTEGER: metavalue detected, returning 0
#    Time: 4731580 ns  Iteration: 2  Instance: /tb/MyRiscv/u_regfile/MUXB
# ** Warning: NUMERIC_STD.TO_INTEGER: metavalue detected, returning 0
#    Time: 4731580 ns  Iteration: 2  Instance: /tb/MyRiscv/u_regfile/MUXA
# ** Warning: NUMERIC_STD.TO_INTEGER: metavalue detected, returning 0
#    Time: 4731580 ns  Iteration: 5  Instance: /tb/MyRiscv/u_regfile/MUXA
# ** Warning: NUMERIC_STD.TO_INTEGER: metavalue detected, returning 0
#    Time: 4731580 ns  Iteration: 5  Instance: /tb/MyRiscv/u_regfile/MUXB
# ** Warning: NUMERIC_STD.TO_INTEGER: metavalue detected, returning 0
#    Time: 4752060 ns  Iteration: 2  Instance: /tb/MyRiscv/u_regfile/MUXB
# ** Warning: NUMERIC_STD.TO_INTEGER: metavalue detected, returning 0
#    Time: 4752060 ns  Iteration: 2  Instance: /tb/MyRiscv/u_regfile/MUXA
# ** Warning: NUMERIC_STD.TO_INTEGER: metavalue detected, returning 0
#    Time: 4752060 ns  Iteration: 5  Instance: /tb/MyRiscv/u_regfile/MUXA
# ** Warning: NUMERIC_STD.TO_INTEGER: metavalue detected, returning 0
#    Time: 4752060 ns  Iteration: 5  Instance: /tb/MyRiscv/u_regfile/MUXB
# ** Warning: NUMERIC_STD.TO_INTEGER: metavalue detected, returning 0
#    Time: 4772540 ns  Iteration: 2  Instance: /tb/MyRiscv/u_regfile/MUXB
# ** Warning: NUMERIC_STD.TO_INTEGER: metavalue detected, returning 0
#    Time: 4772540 ns  Iteration: 2  Instance: /tb/MyRiscv/u_regfile/MUXA
# ** Warning: NUMERIC_STD.TO_INTEGER: metavalue detected, returning 0
#    Time: 4772540 ns  Iteration: 5  Instance: /tb/MyRiscv/u_regfile/MUXA
# ** Warning: NUMERIC_STD.TO_INTEGER: metavalue detected, returning 0
#    Time: 4772540 ns  Iteration: 5  Instance: /tb/MyRiscv/u_regfile/MUXB
# ** Warning: NUMERIC_STD.TO_INTEGER: metavalue detected, returning 0
#    Time: 4793020 ns  Iteration: 2  Instance: /tb/MyRiscv/u_regfile/MUXB
# ** Warning: NUMERIC_STD.TO_INTEGER: metavalue detected, returning 0
#    Time: 4793020 ns  Iteration: 2  Instance: /tb/MyRiscv/u_regfile/MUXA
# ** Warning: NUMERIC_STD.TO_INTEGER: metavalue detected, returning 0
#    Time: 4793020 ns  Iteration: 5  Instance: /tb/MyRiscv/u_regfile/MUXA
# ** Warning: NUMERIC_STD.TO_INTEGER: metavalue detected, returning 0
#    Time: 4793020 ns  Iteration: 5  Instance: /tb/MyRiscv/u_regfile/MUXB
# ** Warning: NUMERIC_STD.TO_INTEGER: metavalue detected, returning 0
#    Time: 4813500 ns  Iteration: 2  Instance: /tb/MyRiscv/u_regfile/MUXB
# ** Warning: NUMERIC_STD.TO_INTEGER: metavalue detected, returning 0
#    Time: 4813500 ns  Iteration: 2  Instance: /tb/MyRiscv/u_regfile/MUXA
# ** Warning: NUMERIC_STD.TO_INTEGER: metavalue detected, returning 0
#    Time: 4813500 ns  Iteration: 5  Instance: /tb/MyRiscv/u_regfile/MUXA
# ** Warning: NUMERIC_STD.TO_INTEGER: metavalue detected, returning 0
#    Time: 4813500 ns  Iteration: 5  Instance: /tb/MyRiscv/u_regfile/MUXB
# ** Warning: NUMERIC_STD.TO_INTEGER: metavalue detected, returning 0
#    Time: 4833980 ns  Iteration: 2  Instance: /tb/MyRiscv/u_regfile/MUXB
# ** Warning: NUMERIC_STD.TO_INTEGER: metavalue detected, returning 0
#    Time: 4833980 ns  Iteration: 2  Instance: /tb/MyRiscv/u_regfile/MUXA
# ** Warning: NUMERIC_STD.TO_INTEGER: metavalue detected, returning 0
#    Time: 4833980 ns  Iteration: 5  Instance: /tb/MyRiscv/u_regfile/MUXA
# ** Warning: NUMERIC_STD.TO_INTEGER: metavalue detected, returning 0
#    Time: 4833980 ns  Iteration: 5  Instance: /tb/MyRiscv/u_regfile/MUXB
# ** Warning: NUMERIC_STD.TO_INTEGER: metavalue detected, returning 0
#    Time: 4854460 ns  Iteration: 2  Instance: /tb/MyRiscv/u_regfile/MUXB
# ** Warning: NUMERIC_STD.TO_INTEGER: metavalue detected, returning 0
#    Time: 4854460 ns  Iteration: 2  Instance: /tb/MyRiscv/u_regfile/MUXA
# ** Warning: NUMERIC_STD.TO_INTEGER: metavalue detected, returning 0
#    Time: 4854460 ns  Iteration: 5  Instance: /tb/MyRiscv/u_regfile/MUXA
# ** Warning: NUMERIC_STD.TO_INTEGER: metavalue detected, returning 0
#    Time: 4854460 ns  Iteration: 5  Instance: /tb/MyRiscv/u_regfile/MUXB
# ** Warning: NUMERIC_STD.TO_INTEGER: metavalue detected, returning 0
#    Time: 4874940 ns  Iteration: 2  Instance: /tb/MyRiscv/u_regfile/MUXB
# ** Warning: NUMERIC_STD.TO_INTEGER: metavalue detected, returning 0
#    Time: 4874940 ns  Iteration: 2  Instance: /tb/MyRiscv/u_regfile/MUXA
# ** Warning: NUMERIC_STD.TO_INTEGER: metavalue detected, returning 0
#    Time: 4874940 ns  Iteration: 5  Instance: /tb/MyRiscv/u_regfile/MUXA
# ** Warning: NUMERIC_STD.TO_INTEGER: metavalue detected, returning 0
#    Time: 4874940 ns  Iteration: 5  Instance: /tb/MyRiscv/u_regfile/MUXB
# ** Warning: NUMERIC_STD.TO_INTEGER: metavalue detected, returning 0
#    Time: 4895420 ns  Iteration: 2  Instance: /tb/MyRiscv/u_regfile/MUXB
# ** Warning: NUMERIC_STD.TO_INTEGER: metavalue detected, returning 0
#    Time: 4895420 ns  Iteration: 2  Instance: /tb/MyRiscv/u_regfile/MUXA
# ** Warning: NUMERIC_STD.TO_INTEGER: metavalue detected, returning 0
#    Time: 4895420 ns  Iteration: 5  Instance: /tb/MyRiscv/u_regfile/MUXA
# ** Warning: NUMERIC_STD.TO_INTEGER: metavalue detected, returning 0
#    Time: 4895420 ns  Iteration: 5  Instance: /tb/MyRiscv/u_regfile/MUXB
# ** Warning: NUMERIC_STD.TO_INTEGER: metavalue detected, returning 0
#    Time: 4915900 ns  Iteration: 2  Instance: /tb/MyRiscv/u_regfile/MUXB
# ** Warning: NUMERIC_STD.TO_INTEGER: metavalue detected, returning 0
#    Time: 4915900 ns  Iteration: 2  Instance: /tb/MyRiscv/u_regfile/MUXA
# ** Warning: NUMERIC_STD.TO_INTEGER: metavalue detected, returning 0
#    Time: 4915900 ns  Iteration: 5  Instance: /tb/MyRiscv/u_regfile/MUXA
# ** Warning: NUMERIC_STD.TO_INTEGER: metavalue detected, returning 0
#    Time: 4915900 ns  Iteration: 5  Instance: /tb/MyRiscv/u_regfile/MUXB
# ** Warning: NUMERIC_STD.TO_INTEGER: metavalue detected, returning 0
#    Time: 4936380 ns  Iteration: 2  Instance: /tb/MyRiscv/u_regfile/MUXB
# ** Warning: NUMERIC_STD.TO_INTEGER: metavalue detected, returning 0
#    Time: 4936380 ns  Iteration: 2  Instance: /tb/MyRiscv/u_regfile/MUXA
# ** Warning: NUMERIC_STD.TO_INTEGER: metavalue detected, returning 0
#    Time: 4936380 ns  Iteration: 5  Instance: /tb/MyRiscv/u_regfile/MUXA
# ** Warning: NUMERIC_STD.TO_INTEGER: metavalue detected, returning 0
#    Time: 4936380 ns  Iteration: 5  Instance: /tb/MyRiscv/u_regfile/MUXB
# ** Warning: NUMERIC_STD.TO_INTEGER: metavalue detected, returning 0
#    Time: 4956860 ns  Iteration: 2  Instance: /tb/MyRiscv/u_regfile/MUXB
# ** Warning: NUMERIC_STD.TO_INTEGER: metavalue detected, returning 0
#    Time: 4956860 ns  Iteration: 2  Instance: /tb/MyRiscv/u_regfile/MUXA
# ** Warning: NUMERIC_STD.TO_INTEGER: metavalue detected, returning 0
#    Time: 4956860 ns  Iteration: 5  Instance: /tb/MyRiscv/u_regfile/MUXA
# ** Warning: NUMERIC_STD.TO_INTEGER: metavalue detected, returning 0
#    Time: 4956860 ns  Iteration: 5  Instance: /tb/MyRiscv/u_regfile/MUXB
# ** Warning: NUMERIC_STD.TO_INTEGER: metavalue detected, returning 0
#    Time: 4977340 ns  Iteration: 2  Instance: /tb/MyRiscv/u_regfile/MUXB
# ** Warning: NUMERIC_STD.TO_INTEGER: metavalue detected, returning 0
#    Time: 4977340 ns  Iteration: 2  Instance: /tb/MyRiscv/u_regfile/MUXA
# ** Warning: NUMERIC_STD.TO_INTEGER: metavalue detected, returning 0
#    Time: 4977340 ns  Iteration: 5  Instance: /tb/MyRiscv/u_regfile/MUXA
# ** Warning: NUMERIC_STD.TO_INTEGER: metavalue detected, returning 0
#    Time: 4977340 ns  Iteration: 5  Instance: /tb/MyRiscv/u_regfile/MUXB
# ** Warning: NUMERIC_STD.TO_INTEGER: metavalue detected, returning 0
#    Time: 4997820 ns  Iteration: 2  Instance: /tb/MyRiscv/u_regfile/MUXB
# ** Warning: NUMERIC_STD.TO_INTEGER: metavalue detected, returning 0
#    Time: 4997820 ns  Iteration: 2  Instance: /tb/MyRiscv/u_regfile/MUXA
# ** Warning: NUMERIC_STD.TO_INTEGER: metavalue detected, returning 0
#    Time: 4997820 ns  Iteration: 5  Instance: /tb/MyRiscv/u_regfile/MUXA
# ** Warning: NUMERIC_STD.TO_INTEGER: metavalue detected, returning 0
#    Time: 4997820 ns  Iteration: 5  Instance: /tb/MyRiscv/u_regfile/MUXB
# ** Warning: NUMERIC_STD.TO_INTEGER: metavalue detected, returning 0
#    Time: 5018300 ns  Iteration: 2  Instance: /tb/MyRiscv/u_regfile/MUXB
# ** Warning: NUMERIC_STD.TO_INTEGER: metavalue detected, returning 0
#    Time: 5018300 ns  Iteration: 2  Instance: /tb/MyRiscv/u_regfile/MUXA
# ** Warning: NUMERIC_STD.TO_INTEGER: metavalue detected, returning 0
#    Time: 5018300 ns  Iteration: 5  Instance: /tb/MyRiscv/u_regfile/MUXA
# ** Warning: NUMERIC_STD.TO_INTEGER: metavalue detected, returning 0
#    Time: 5018300 ns  Iteration: 5  Instance: /tb/MyRiscv/u_regfile/MUXB
# ** Warning: NUMERIC_STD.TO_INTEGER: metavalue detected, returning 0
#    Time: 5038780 ns  Iteration: 2  Instance: /tb/MyRiscv/u_regfile/MUXB
# ** Warning: NUMERIC_STD.TO_INTEGER: metavalue detected, returning 0
#    Time: 5038780 ns  Iteration: 2  Instance: /tb/MyRiscv/u_regfile/MUXA
# ** Warning: NUMERIC_STD.TO_INTEGER: metavalue detected, returning 0
#    Time: 5038780 ns  Iteration: 5  Instance: /tb/MyRiscv/u_regfile/MUXA
# ** Warning: NUMERIC_STD.TO_INTEGER: metavalue detected, returning 0
#    Time: 5038780 ns  Iteration: 5  Instance: /tb/MyRiscv/u_regfile/MUXB
# ** Warning: NUMERIC_STD.TO_INTEGER: metavalue detected, returning 0
#    Time: 5059260 ns  Iteration: 2  Instance: /tb/MyRiscv/u_regfile/MUXB
# ** Warning: NUMERIC_STD.TO_INTEGER: metavalue detected, returning 0
#    Time: 5059260 ns  Iteration: 2  Instance: /tb/MyRiscv/u_regfile/MUXA
# ** Warning: NUMERIC_STD.TO_INTEGER: metavalue detected, returning 0
#    Time: 5059260 ns  Iteration: 5  Instance: /tb/MyRiscv/u_regfile/MUXA
# ** Warning: NUMERIC_STD.TO_INTEGER: metavalue detected, returning 0
#    Time: 5059260 ns  Iteration: 5  Instance: /tb/MyRiscv/u_regfile/MUXB
# ** Warning: NUMERIC_STD.TO_INTEGER: metavalue detected, returning 0
#    Time: 5079740 ns  Iteration: 2  Instance: /tb/MyRiscv/u_regfile/MUXB
# ** Warning: NUMERIC_STD.TO_INTEGER: metavalue detected, returning 0
#    Time: 5079740 ns  Iteration: 2  Instance: /tb/MyRiscv/u_regfile/MUXA
# ** Warning: NUMERIC_STD.TO_INTEGER: metavalue detected, returning 0
#    Time: 5079740 ns  Iteration: 5  Instance: /tb/MyRiscv/u_regfile/MUXA
# ** Warning: NUMERIC_STD.TO_INTEGER: metavalue detected, returning 0
#    Time: 5079740 ns  Iteration: 5  Instance: /tb/MyRiscv/u_regfile/MUXB
# ** Warning: NUMERIC_STD.TO_INTEGER: metavalue detected, returning 0
#    Time: 5100220 ns  Iteration: 2  Instance: /tb/MyRiscv/u_regfile/MUXB
# ** Warning: NUMERIC_STD.TO_INTEGER: metavalue detected, returning 0
#    Time: 5100220 ns  Iteration: 2  Instance: /tb/MyRiscv/u_regfile/MUXA
# ** Warning: NUMERIC_STD.TO_INTEGER: metavalue detected, returning 0
#    Time: 5100220 ns  Iteration: 5  Instance: /tb/MyRiscv/u_regfile/MUXA
# ** Warning: NUMERIC_STD.TO_INTEGER: metavalue detected, returning 0
#    Time: 5100220 ns  Iteration: 5  Instance: /tb/MyRiscv/u_regfile/MUXB
# ** Warning: NUMERIC_STD.TO_INTEGER: metavalue detected, returning 0
#    Time: 5120700 ns  Iteration: 2  Instance: /tb/MyRiscv/u_regfile/MUXB
# ** Warning: NUMERIC_STD.TO_INTEGER: metavalue detected, returning 0
#    Time: 5120700 ns  Iteration: 2  Instance: /tb/MyRiscv/u_regfile/MUXA
# ** Warning: NUMERIC_STD.TO_INTEGER: metavalue detected, returning 0
#    Time: 5120700 ns  Iteration: 5  Instance: /tb/MyRiscv/u_regfile/MUXA
# ** Warning: NUMERIC_STD.TO_INTEGER: metavalue detected, returning 0
#    Time: 5120700 ns  Iteration: 5  Instance: /tb/MyRiscv/u_regfile/MUXB
# ** Warning: NUMERIC_STD.TO_INTEGER: metavalue detected, returning 0
#    Time: 5141180 ns  Iteration: 2  Instance: /tb/MyRiscv/u_regfile/MUXB
# ** Warning: NUMERIC_STD.TO_INTEGER: metavalue detected, returning 0
#    Time: 5141180 ns  Iteration: 2  Instance: /tb/MyRiscv/u_regfile/MUXA
# ** Warning: NUMERIC_STD.TO_INTEGER: metavalue detected, returning 0
#    Time: 5141180 ns  Iteration: 5  Instance: /tb/MyRiscv/u_regfile/MUXA
# ** Warning: NUMERIC_STD.TO_INTEGER: metavalue detected, returning 0
#    Time: 5141180 ns  Iteration: 5  Instance: /tb/MyRiscv/u_regfile/MUXB
# ** Warning: NUMERIC_STD.TO_INTEGER: metavalue detected, returning 0
#    Time: 5161660 ns  Iteration: 2  Instance: /tb/MyRiscv/u_regfile/MUXB
# ** Warning: NUMERIC_STD.TO_INTEGER: metavalue detected, returning 0
#    Time: 5161660 ns  Iteration: 2  Instance: /tb/MyRiscv/u_regfile/MUXA
# ** Warning: NUMERIC_STD.TO_INTEGER: metavalue detected, returning 0
#    Time: 5161660 ns  Iteration: 5  Instance: /tb/MyRiscv/u_regfile/MUXA
# ** Warning: NUMERIC_STD.TO_INTEGER: metavalue detected, returning 0
#    Time: 5161660 ns  Iteration: 5  Instance: /tb/MyRiscv/u_regfile/MUXB
# ** Warning: NUMERIC_STD.TO_INTEGER: metavalue detected, returning 0
#    Time: 5182140 ns  Iteration: 2  Instance: /tb/MyRiscv/u_regfile/MUXB
# ** Warning: NUMERIC_STD.TO_INTEGER: metavalue detected, returning 0
#    Time: 5182140 ns  Iteration: 2  Instance: /tb/MyRiscv/u_regfile/MUXA
# ** Warning: NUMERIC_STD.TO_INTEGER: metavalue detected, returning 0
#    Time: 5182140 ns  Iteration: 5  Instance: /tb/MyRiscv/u_regfile/MUXA
# ** Warning: NUMERIC_STD.TO_INTEGER: metavalue detected, returning 0
#    Time: 5182140 ns  Iteration: 5  Instance: /tb/MyRiscv/u_regfile/MUXB
# ** Warning: NUMERIC_STD.TO_INTEGER: metavalue detected, returning 0
#    Time: 5202620 ns  Iteration: 2  Instance: /tb/MyRiscv/u_regfile/MUXB
# ** Warning: NUMERIC_STD.TO_INTEGER: metavalue detected, returning 0
#    Time: 5202620 ns  Iteration: 2  Instance: /tb/MyRiscv/u_regfile/MUXA
# ** Warning: NUMERIC_STD.TO_INTEGER: metavalue detected, returning 0
#    Time: 5202620 ns  Iteration: 5  Instance: /tb/MyRiscv/u_regfile/MUXA
# ** Warning: NUMERIC_STD.TO_INTEGER: metavalue detected, returning 0
#    Time: 5202620 ns  Iteration: 5  Instance: /tb/MyRiscv/u_regfile/MUXB
# ** Warning: NUMERIC_STD.TO_INTEGER: metavalue detected, returning 0
#    Time: 5223100 ns  Iteration: 2  Instance: /tb/MyRiscv/u_regfile/MUXB
# ** Warning: NUMERIC_STD.TO_INTEGER: metavalue detected, returning 0
#    Time: 5223100 ns  Iteration: 2  Instance: /tb/MyRiscv/u_regfile/MUXA
# ** Warning: NUMERIC_STD.TO_INTEGER: metavalue detected, returning 0
#    Time: 5223100 ns  Iteration: 5  Instance: /tb/MyRiscv/u_regfile/MUXA
# ** Warning: NUMERIC_STD.TO_INTEGER: metavalue detected, returning 0
#    Time: 5223100 ns  Iteration: 5  Instance: /tb/MyRiscv/u_regfile/MUXB
# ** Warning: NUMERIC_STD.TO_INTEGER: metavalue detected, returning 0
#    Time: 5243580 ns  Iteration: 2  Instance: /tb/MyRiscv/u_regfile/MUXB
# ** Warning: NUMERIC_STD.TO_INTEGER: metavalue detected, returning 0
#    Time: 5243580 ns  Iteration: 2  Instance: /tb/MyRiscv/u_regfile/MUXA
# ** Warning: NUMERIC_STD.TO_INTEGER: metavalue detected, returning 0
#    Time: 5243580 ns  Iteration: 5  Instance: /tb/MyRiscv/u_regfile/MUXA
# ** Warning: NUMERIC_STD.TO_INTEGER: metavalue detected, returning 0
#    Time: 5243580 ns  Iteration: 5  Instance: /tb/MyRiscv/u_regfile/MUXB
# ** Warning: NUMERIC_STD.TO_INTEGER: metavalue detected, returning 0
#    Time: 5264060 ns  Iteration: 2  Instance: /tb/MyRiscv/u_regfile/MUXB
# ** Warning: NUMERIC_STD.TO_INTEGER: metavalue detected, returning 0
#    Time: 5264060 ns  Iteration: 2  Instance: /tb/MyRiscv/u_regfile/MUXA
# ** Warning: NUMERIC_STD.TO_INTEGER: metavalue detected, returning 0
#    Time: 5264060 ns  Iteration: 5  Instance: /tb/MyRiscv/u_regfile/MUXA
# ** Warning: NUMERIC_STD.TO_INTEGER: metavalue detected, returning 0
#    Time: 5264060 ns  Iteration: 5  Instance: /tb/MyRiscv/u_regfile/MUXB
# ** Warning: NUMERIC_STD.TO_INTEGER: metavalue detected, returning 0
#    Time: 5284540 ns  Iteration: 2  Instance: /tb/MyRiscv/u_regfile/MUXB
# ** Warning: NUMERIC_STD.TO_INTEGER: metavalue detected, returning 0
#    Time: 5284540 ns  Iteration: 2  Instance: /tb/MyRiscv/u_regfile/MUXA
# ** Warning: NUMERIC_STD.TO_INTEGER: metavalue detected, returning 0
#    Time: 5284540 ns  Iteration: 5  Instance: /tb/MyRiscv/u_regfile/MUXA
# ** Warning: NUMERIC_STD.TO_INTEGER: metavalue detected, returning 0
#    Time: 5284540 ns  Iteration: 5  Instance: /tb/MyRiscv/u_regfile/MUXB
# ** Warning: NUMERIC_STD.TO_INTEGER: metavalue detected, returning 0
#    Time: 5305020 ns  Iteration: 2  Instance: /tb/MyRiscv/u_regfile/MUXB
# ** Warning: NUMERIC_STD.TO_INTEGER: metavalue detected, returning 0
#    Time: 5305020 ns  Iteration: 2  Instance: /tb/MyRiscv/u_regfile/MUXA
# ** Warning: NUMERIC_STD.TO_INTEGER: metavalue detected, returning 0
#    Time: 5305020 ns  Iteration: 5  Instance: /tb/MyRiscv/u_regfile/MUXA
# ** Warning: NUMERIC_STD.TO_INTEGER: metavalue detected, returning 0
#    Time: 5305020 ns  Iteration: 5  Instance: /tb/MyRiscv/u_regfile/MUXB
# ** Warning: NUMERIC_STD.TO_INTEGER: metavalue detected, returning 0
#    Time: 5325500 ns  Iteration: 2  Instance: /tb/MyRiscv/u_regfile/MUXB
# ** Warning: NUMERIC_STD.TO_INTEGER: metavalue detected, returning 0
#    Time: 5325500 ns  Iteration: 2  Instance: /tb/MyRiscv/u_regfile/MUXA
# ** Warning: NUMERIC_STD.TO_INTEGER: metavalue detected, returning 0
#    Time: 5325500 ns  Iteration: 5  Instance: /tb/MyRiscv/u_regfile/MUXA
# ** Warning: NUMERIC_STD.TO_INTEGER: metavalue detected, returning 0
#    Time: 5325500 ns  Iteration: 5  Instance: /tb/MyRiscv/u_regfile/MUXB
# ** Warning: NUMERIC_STD.TO_INTEGER: metavalue detected, returning 0
#    Time: 5345980 ns  Iteration: 2  Instance: /tb/MyRiscv/u_regfile/MUXB
# ** Warning: NUMERIC_STD.TO_INTEGER: metavalue detected, returning 0
#    Time: 5345980 ns  Iteration: 2  Instance: /tb/MyRiscv/u_regfile/MUXA
# ** Warning: NUMERIC_STD.TO_INTEGER: metavalue detected, returning 0
#    Time: 5345980 ns  Iteration: 5  Instance: /tb/MyRiscv/u_regfile/MUXA
# ** Warning: NUMERIC_STD.TO_INTEGER: metavalue detected, returning 0
#    Time: 5345980 ns  Iteration: 5  Instance: /tb/MyRiscv/u_regfile/MUXB
# ** Warning: NUMERIC_STD.TO_INTEGER: metavalue detected, returning 0
#    Time: 5366460 ns  Iteration: 2  Instance: /tb/MyRiscv/u_regfile/MUXB
# ** Warning: NUMERIC_STD.TO_INTEGER: metavalue detected, returning 0
#    Time: 5366460 ns  Iteration: 2  Instance: /tb/MyRiscv/u_regfile/MUXA
# ** Warning: NUMERIC_STD.TO_INTEGER: metavalue detected, returning 0
#    Time: 5366460 ns  Iteration: 5  Instance: /tb/MyRiscv/u_regfile/MUXA
# ** Warning: NUMERIC_STD.TO_INTEGER: metavalue detected, returning 0
#    Time: 5366460 ns  Iteration: 5  Instance: /tb/MyRiscv/u_regfile/MUXB
# ** Warning: NUMERIC_STD.TO_INTEGER: metavalue detected, returning 0
#    Time: 5386940 ns  Iteration: 2  Instance: /tb/MyRiscv/u_regfile/MUXB
# ** Warning: NUMERIC_STD.TO_INTEGER: metavalue detected, returning 0
#    Time: 5386940 ns  Iteration: 2  Instance: /tb/MyRiscv/u_regfile/MUXA
# ** Warning: NUMERIC_STD.TO_INTEGER: metavalue detected, returning 0
#    Time: 5386940 ns  Iteration: 5  Instance: /tb/MyRiscv/u_regfile/MUXA
# ** Warning: NUMERIC_STD.TO_INTEGER: metavalue detected, returning 0
#    Time: 5386940 ns  Iteration: 5  Instance: /tb/MyRiscv/u_regfile/MUXB
# ** Warning: NUMERIC_STD.TO_INTEGER: metavalue detected, returning 0
#    Time: 5407420 ns  Iteration: 2  Instance: /tb/MyRiscv/u_regfile/MUXB
# ** Warning: NUMERIC_STD.TO_INTEGER: metavalue detected, returning 0
#    Time: 5407420 ns  Iteration: 2  Instance: /tb/MyRiscv/u_regfile/MUXA
# ** Warning: NUMERIC_STD.TO_INTEGER: metavalue detected, returning 0
#    Time: 5407420 ns  Iteration: 5  Instance: /tb/MyRiscv/u_regfile/MUXA
# ** Warning: NUMERIC_STD.TO_INTEGER: metavalue detected, returning 0
#    Time: 5407420 ns  Iteration: 5  Instance: /tb/MyRiscv/u_regfile/MUXB
# ** Warning: NUMERIC_STD.TO_INTEGER: metavalue detected, returning 0
#    Time: 5427900 ns  Iteration: 2  Instance: /tb/MyRiscv/u_regfile/MUXB
# ** Warning: NUMERIC_STD.TO_INTEGER: metavalue detected, returning 0
#    Time: 5427900 ns  Iteration: 2  Instance: /tb/MyRiscv/u_regfile/MUXA
# ** Warning: NUMERIC_STD.TO_INTEGER: metavalue detected, returning 0
#    Time: 5427900 ns  Iteration: 5  Instance: /tb/MyRiscv/u_regfile/MUXA
# ** Warning: NUMERIC_STD.TO_INTEGER: metavalue detected, returning 0
#    Time: 5427900 ns  Iteration: 5  Instance: /tb/MyRiscv/u_regfile/MUXB
# ** Warning: NUMERIC_STD.TO_INTEGER: metavalue detected, returning 0
#    Time: 5448380 ns  Iteration: 2  Instance: /tb/MyRiscv/u_regfile/MUXB
# ** Warning: NUMERIC_STD.TO_INTEGER: metavalue detected, returning 0
#    Time: 5448380 ns  Iteration: 2  Instance: /tb/MyRiscv/u_regfile/MUXA
# ** Warning: NUMERIC_STD.TO_INTEGER: metavalue detected, returning 0
#    Time: 5448380 ns  Iteration: 5  Instance: /tb/MyRiscv/u_regfile/MUXA
# ** Warning: NUMERIC_STD.TO_INTEGER: metavalue detected, returning 0
#    Time: 5448380 ns  Iteration: 5  Instance: /tb/MyRiscv/u_regfile/MUXB
# ** Warning: NUMERIC_STD.TO_INTEGER: metavalue detected, returning 0
#    Time: 5468860 ns  Iteration: 2  Instance: /tb/MyRiscv/u_regfile/MUXB
# ** Warning: NUMERIC_STD.TO_INTEGER: metavalue detected, returning 0
#    Time: 5468860 ns  Iteration: 2  Instance: /tb/MyRiscv/u_regfile/MUXA
# ** Warning: NUMERIC_STD.TO_INTEGER: metavalue detected, returning 0
#    Time: 5468860 ns  Iteration: 5  Instance: /tb/MyRiscv/u_regfile/MUXA
# ** Warning: NUMERIC_STD.TO_INTEGER: metavalue detected, returning 0
#    Time: 5468860 ns  Iteration: 5  Instance: /tb/MyRiscv/u_regfile/MUXB
# ** Warning: NUMERIC_STD.TO_INTEGER: metavalue detected, returning 0
#    Time: 5489340 ns  Iteration: 2  Instance: /tb/MyRiscv/u_regfile/MUXB
# ** Warning: NUMERIC_STD.TO_INTEGER: metavalue detected, returning 0
#    Time: 5489340 ns  Iteration: 2  Instance: /tb/MyRiscv/u_regfile/MUXA
# ** Warning: NUMERIC_STD.TO_INTEGER: metavalue detected, returning 0
#    Time: 5489340 ns  Iteration: 5  Instance: /tb/MyRiscv/u_regfile/MUXA
# ** Warning: NUMERIC_STD.TO_INTEGER: metavalue detected, returning 0
#    Time: 5489340 ns  Iteration: 5  Instance: /tb/MyRiscv/u_regfile/MUXB
# ** Warning: NUMERIC_STD.TO_INTEGER: metavalue detected, returning 0
#    Time: 5509820 ns  Iteration: 2  Instance: /tb/MyRiscv/u_regfile/MUXB
# ** Warning: NUMERIC_STD.TO_INTEGER: metavalue detected, returning 0
#    Time: 5509820 ns  Iteration: 2  Instance: /tb/MyRiscv/u_regfile/MUXA
# ** Warning: NUMERIC_STD.TO_INTEGER: metavalue detected, returning 0
#    Time: 5509820 ns  Iteration: 5  Instance: /tb/MyRiscv/u_regfile/MUXA
# ** Warning: NUMERIC_STD.TO_INTEGER: metavalue detected, returning 0
#    Time: 5509820 ns  Iteration: 5  Instance: /tb/MyRiscv/u_regfile/MUXB
# ** Warning: NUMERIC_STD.TO_INTEGER: metavalue detected, returning 0
#    Time: 5530300 ns  Iteration: 2  Instance: /tb/MyRiscv/u_regfile/MUXB
# ** Warning: NUMERIC_STD.TO_INTEGER: metavalue detected, returning 0
#    Time: 5530300 ns  Iteration: 2  Instance: /tb/MyRiscv/u_regfile/MUXA
# ** Warning: NUMERIC_STD.TO_INTEGER: metavalue detected, returning 0
#    Time: 5530300 ns  Iteration: 5  Instance: /tb/MyRiscv/u_regfile/MUXA
# ** Warning: NUMERIC_STD.TO_INTEGER: metavalue detected, returning 0
#    Time: 5530300 ns  Iteration: 5  Instance: /tb/MyRiscv/u_regfile/MUXB
# ** Warning: NUMERIC_STD.TO_INTEGER: metavalue detected, returning 0
#    Time: 5550780 ns  Iteration: 2  Instance: /tb/MyRiscv/u_regfile/MUXB
# ** Warning: NUMERIC_STD.TO_INTEGER: metavalue detected, returning 0
#    Time: 5550780 ns  Iteration: 2  Instance: /tb/MyRiscv/u_regfile/MUXA
# ** Warning: NUMERIC_STD.TO_INTEGER: metavalue detected, returning 0
#    Time: 5550780 ns  Iteration: 5  Instance: /tb/MyRiscv/u_regfile/MUXA
# ** Warning: NUMERIC_STD.TO_INTEGER: metavalue detected, returning 0
#    Time: 5550780 ns  Iteration: 5  Instance: /tb/MyRiscv/u_regfile/MUXB
# ** Warning: NUMERIC_STD.TO_INTEGER: metavalue detected, returning 0
#    Time: 5571260 ns  Iteration: 2  Instance: /tb/MyRiscv/u_regfile/MUXB
# ** Warning: NUMERIC_STD.TO_INTEGER: metavalue detected, returning 0
#    Time: 5571260 ns  Iteration: 2  Instance: /tb/MyRiscv/u_regfile/MUXA
# ** Warning: NUMERIC_STD.TO_INTEGER: metavalue detected, returning 0
#    Time: 5571260 ns  Iteration: 5  Instance: /tb/MyRiscv/u_regfile/MUXA
# ** Warning: NUMERIC_STD.TO_INTEGER: metavalue detected, returning 0
#    Time: 5571260 ns  Iteration: 5  Instance: /tb/MyRiscv/u_regfile/MUXB
# ** Warning: NUMERIC_STD.TO_INTEGER: metavalue detected, returning 0
#    Time: 5591740 ns  Iteration: 2  Instance: /tb/MyRiscv/u_regfile/MUXB
# ** Warning: NUMERIC_STD.TO_INTEGER: metavalue detected, returning 0
#    Time: 5591740 ns  Iteration: 2  Instance: /tb/MyRiscv/u_regfile/MUXA
# ** Warning: NUMERIC_STD.TO_INTEGER: metavalue detected, returning 0
#    Time: 5591740 ns  Iteration: 5  Instance: /tb/MyRiscv/u_regfile/MUXA
# ** Warning: NUMERIC_STD.TO_INTEGER: metavalue detected, returning 0
#    Time: 5591740 ns  Iteration: 5  Instance: /tb/MyRiscv/u_regfile/MUXB
# ** Warning: NUMERIC_STD.TO_INTEGER: metavalue detected, returning 0
#    Time: 5612220 ns  Iteration: 2  Instance: /tb/MyRiscv/u_regfile/MUXB
# ** Warning: NUMERIC_STD.TO_INTEGER: metavalue detected, returning 0
#    Time: 5612220 ns  Iteration: 2  Instance: /tb/MyRiscv/u_regfile/MUXA
# ** Warning: NUMERIC_STD.TO_INTEGER: metavalue detected, returning 0
#    Time: 5612220 ns  Iteration: 5  Instance: /tb/MyRiscv/u_regfile/MUXA
# ** Warning: NUMERIC_STD.TO_INTEGER: metavalue detected, returning 0
#    Time: 5612220 ns  Iteration: 5  Instance: /tb/MyRiscv/u_regfile/MUXB
# ** Warning: NUMERIC_STD.TO_INTEGER: metavalue detected, returning 0
#    Time: 5632700 ns  Iteration: 2  Instance: /tb/MyRiscv/u_regfile/MUXB
# ** Warning: NUMERIC_STD.TO_INTEGER: metavalue detected, returning 0
#    Time: 5632700 ns  Iteration: 2  Instance: /tb/MyRiscv/u_regfile/MUXA
# ** Warning: NUMERIC_STD.TO_INTEGER: metavalue detected, returning 0
#    Time: 5632700 ns  Iteration: 5  Instance: /tb/MyRiscv/u_regfile/MUXA
# ** Warning: NUMERIC_STD.TO_INTEGER: metavalue detected, returning 0
#    Time: 5632700 ns  Iteration: 5  Instance: /tb/MyRiscv/u_regfile/MUXB
# ** Warning: NUMERIC_STD.TO_INTEGER: metavalue detected, returning 0
#    Time: 5653180 ns  Iteration: 2  Instance: /tb/MyRiscv/u_regfile/MUXB
# ** Warning: NUMERIC_STD.TO_INTEGER: metavalue detected, returning 0
#    Time: 5653180 ns  Iteration: 2  Instance: /tb/MyRiscv/u_regfile/MUXA
# ** Warning: NUMERIC_STD.TO_INTEGER: metavalue detected, returning 0
#    Time: 5653180 ns  Iteration: 5  Instance: /tb/MyRiscv/u_regfile/MUXA
# ** Warning: NUMERIC_STD.TO_INTEGER: metavalue detected, returning 0
#    Time: 5653180 ns  Iteration: 5  Instance: /tb/MyRiscv/u_regfile/MUXB
# ** Warning: NUMERIC_STD.TO_INTEGER: metavalue detected, returning 0
#    Time: 5673660 ns  Iteration: 2  Instance: /tb/MyRiscv/u_regfile/MUXB
# ** Warning: NUMERIC_STD.TO_INTEGER: metavalue detected, returning 0
#    Time: 5673660 ns  Iteration: 2  Instance: /tb/MyRiscv/u_regfile/MUXA
# ** Warning: NUMERIC_STD.TO_INTEGER: metavalue detected, returning 0
#    Time: 5673660 ns  Iteration: 5  Instance: /tb/MyRiscv/u_regfile/MUXA
# ** Warning: NUMERIC_STD.TO_INTEGER: metavalue detected, returning 0
#    Time: 5673660 ns  Iteration: 5  Instance: /tb/MyRiscv/u_regfile/MUXB
# ** Warning: NUMERIC_STD.TO_INTEGER: metavalue detected, returning 0
#    Time: 5694140 ns  Iteration: 2  Instance: /tb/MyRiscv/u_regfile/MUXB
# ** Warning: NUMERIC_STD.TO_INTEGER: metavalue detected, returning 0
#    Time: 5694140 ns  Iteration: 2  Instance: /tb/MyRiscv/u_regfile/MUXA
# ** Warning: NUMERIC_STD.TO_INTEGER: metavalue detected, returning 0
#    Time: 5694140 ns  Iteration: 5  Instance: /tb/MyRiscv/u_regfile/MUXA
# ** Warning: NUMERIC_STD.TO_INTEGER: metavalue detected, returning 0
#    Time: 5694140 ns  Iteration: 5  Instance: /tb/MyRiscv/u_regfile/MUXB
# ** Warning: NUMERIC_STD.TO_INTEGER: metavalue detected, returning 0
#    Time: 5714620 ns  Iteration: 2  Instance: /tb/MyRiscv/u_regfile/MUXB
# ** Warning: NUMERIC_STD.TO_INTEGER: metavalue detected, returning 0
#    Time: 5714620 ns  Iteration: 2  Instance: /tb/MyRiscv/u_regfile/MUXA
# ** Warning: NUMERIC_STD.TO_INTEGER: metavalue detected, returning 0
#    Time: 5714620 ns  Iteration: 5  Instance: /tb/MyRiscv/u_regfile/MUXA
# ** Warning: NUMERIC_STD.TO_INTEGER: metavalue detected, returning 0
#    Time: 5714620 ns  Iteration: 5  Instance: /tb/MyRiscv/u_regfile/MUXB
# ** Warning: NUMERIC_STD.TO_INTEGER: metavalue detected, returning 0
#    Time: 5735100 ns  Iteration: 2  Instance: /tb/MyRiscv/u_regfile/MUXB
# ** Warning: NUMERIC_STD.TO_INTEGER: metavalue detected, returning 0
#    Time: 5735100 ns  Iteration: 2  Instance: /tb/MyRiscv/u_regfile/MUXA
# ** Warning: NUMERIC_STD.TO_INTEGER: metavalue detected, returning 0
#    Time: 5735100 ns  Iteration: 5  Instance: /tb/MyRiscv/u_regfile/MUXA
# ** Warning: NUMERIC_STD.TO_INTEGER: metavalue detected, returning 0
#    Time: 5735100 ns  Iteration: 5  Instance: /tb/MyRiscv/u_regfile/MUXB
# ** Warning: NUMERIC_STD.TO_INTEGER: metavalue detected, returning 0
#    Time: 5755580 ns  Iteration: 2  Instance: /tb/MyRiscv/u_regfile/MUXB
# ** Warning: NUMERIC_STD.TO_INTEGER: metavalue detected, returning 0
#    Time: 5755580 ns  Iteration: 2  Instance: /tb/MyRiscv/u_regfile/MUXA
# ** Warning: NUMERIC_STD.TO_INTEGER: metavalue detected, returning 0
#    Time: 5755580 ns  Iteration: 5  Instance: /tb/MyRiscv/u_regfile/MUXA
# ** Warning: NUMERIC_STD.TO_INTEGER: metavalue detected, returning 0
#    Time: 5755580 ns  Iteration: 5  Instance: /tb/MyRiscv/u_regfile/MUXB
# ** Warning: NUMERIC_STD.TO_INTEGER: metavalue detected, returning 0
#    Time: 5776060 ns  Iteration: 2  Instance: /tb/MyRiscv/u_regfile/MUXB
# ** Warning: NUMERIC_STD.TO_INTEGER: metavalue detected, returning 0
#    Time: 5776060 ns  Iteration: 2  Instance: /tb/MyRiscv/u_regfile/MUXA
# ** Warning: NUMERIC_STD.TO_INTEGER: metavalue detected, returning 0
#    Time: 5776060 ns  Iteration: 5  Instance: /tb/MyRiscv/u_regfile/MUXA
# ** Warning: NUMERIC_STD.TO_INTEGER: metavalue detected, returning 0
#    Time: 5776060 ns  Iteration: 5  Instance: /tb/MyRiscv/u_regfile/MUXB
# ** Warning: NUMERIC_STD.TO_INTEGER: metavalue detected, returning 0
#    Time: 5796540 ns  Iteration: 2  Instance: /tb/MyRiscv/u_regfile/MUXB
# ** Warning: NUMERIC_STD.TO_INTEGER: metavalue detected, returning 0
#    Time: 5796540 ns  Iteration: 2  Instance: /tb/MyRiscv/u_regfile/MUXA
# ** Warning: NUMERIC_STD.TO_INTEGER: metavalue detected, returning 0
#    Time: 5796540 ns  Iteration: 5  Instance: /tb/MyRiscv/u_regfile/MUXA
# ** Warning: NUMERIC_STD.TO_INTEGER: metavalue detected, returning 0
#    Time: 5796540 ns  Iteration: 5  Instance: /tb/MyRiscv/u_regfile/MUXB
# ** Warning: NUMERIC_STD.TO_INTEGER: metavalue detected, returning 0
#    Time: 5817020 ns  Iteration: 2  Instance: /tb/MyRiscv/u_regfile/MUXB
# ** Warning: NUMERIC_STD.TO_INTEGER: metavalue detected, returning 0
#    Time: 5817020 ns  Iteration: 2  Instance: /tb/MyRiscv/u_regfile/MUXA
# ** Warning: NUMERIC_STD.TO_INTEGER: metavalue detected, returning 0
#    Time: 5817020 ns  Iteration: 5  Instance: /tb/MyRiscv/u_regfile/MUXA
# ** Warning: NUMERIC_STD.TO_INTEGER: metavalue detected, returning 0
#    Time: 5817020 ns  Iteration: 5  Instance: /tb/MyRiscv/u_regfile/MUXB
# ** Warning: NUMERIC_STD.TO_INTEGER: metavalue detected, returning 0
#    Time: 5837500 ns  Iteration: 2  Instance: /tb/MyRiscv/u_regfile/MUXB
# ** Warning: NUMERIC_STD.TO_INTEGER: metavalue detected, returning 0
#    Time: 5837500 ns  Iteration: 2  Instance: /tb/MyRiscv/u_regfile/MUXA
# ** Warning: NUMERIC_STD.TO_INTEGER: metavalue detected, returning 0
#    Time: 5837500 ns  Iteration: 5  Instance: /tb/MyRiscv/u_regfile/MUXA
# ** Warning: NUMERIC_STD.TO_INTEGER: metavalue detected, returning 0
#    Time: 5837500 ns  Iteration: 5  Instance: /tb/MyRiscv/u_regfile/MUXB
# ** Warning: NUMERIC_STD.TO_INTEGER: metavalue detected, returning 0
#    Time: 5857980 ns  Iteration: 2  Instance: /tb/MyRiscv/u_regfile/MUXB
# ** Warning: NUMERIC_STD.TO_INTEGER: metavalue detected, returning 0
#    Time: 5857980 ns  Iteration: 2  Instance: /tb/MyRiscv/u_regfile/MUXA
# ** Warning: NUMERIC_STD.TO_INTEGER: metavalue detected, returning 0
#    Time: 5857980 ns  Iteration: 5  Instance: /tb/MyRiscv/u_regfile/MUXA
# ** Warning: NUMERIC_STD.TO_INTEGER: metavalue detected, returning 0
#    Time: 5857980 ns  Iteration: 5  Instance: /tb/MyRiscv/u_regfile/MUXB
# ** Warning: NUMERIC_STD.TO_INTEGER: metavalue detected, returning 0
#    Time: 5878460 ns  Iteration: 2  Instance: /tb/MyRiscv/u_regfile/MUXB
# ** Warning: NUMERIC_STD.TO_INTEGER: metavalue detected, returning 0
#    Time: 5878460 ns  Iteration: 2  Instance: /tb/MyRiscv/u_regfile/MUXA
# ** Warning: NUMERIC_STD.TO_INTEGER: metavalue detected, returning 0
#    Time: 5878460 ns  Iteration: 5  Instance: /tb/MyRiscv/u_regfile/MUXA
# ** Warning: NUMERIC_STD.TO_INTEGER: metavalue detected, returning 0
#    Time: 5878460 ns  Iteration: 5  Instance: /tb/MyRiscv/u_regfile/MUXB
# ** Warning: NUMERIC_STD.TO_INTEGER: metavalue detected, returning 0
#    Time: 5898940 ns  Iteration: 2  Instance: /tb/MyRiscv/u_regfile/MUXB
# ** Warning: NUMERIC_STD.TO_INTEGER: metavalue detected, returning 0
#    Time: 5898940 ns  Iteration: 2  Instance: /tb/MyRiscv/u_regfile/MUXA
# ** Warning: NUMERIC_STD.TO_INTEGER: metavalue detected, returning 0
#    Time: 5898940 ns  Iteration: 5  Instance: /tb/MyRiscv/u_regfile/MUXA
# ** Warning: NUMERIC_STD.TO_INTEGER: metavalue detected, returning 0
#    Time: 5898940 ns  Iteration: 5  Instance: /tb/MyRiscv/u_regfile/MUXB
# ** Warning: NUMERIC_STD.TO_INTEGER: metavalue detected, returning 0
#    Time: 5919420 ns  Iteration: 2  Instance: /tb/MyRiscv/u_regfile/MUXB
# ** Warning: NUMERIC_STD.TO_INTEGER: metavalue detected, returning 0
#    Time: 5919420 ns  Iteration: 2  Instance: /tb/MyRiscv/u_regfile/MUXA
# ** Warning: NUMERIC_STD.TO_INTEGER: metavalue detected, returning 0
#    Time: 5919420 ns  Iteration: 5  Instance: /tb/MyRiscv/u_regfile/MUXA
# ** Warning: NUMERIC_STD.TO_INTEGER: metavalue detected, returning 0
#    Time: 5919420 ns  Iteration: 5  Instance: /tb/MyRiscv/u_regfile/MUXB
# ** Warning: NUMERIC_STD.TO_INTEGER: metavalue detected, returning 0
#    Time: 5939900 ns  Iteration: 2  Instance: /tb/MyRiscv/u_regfile/MUXB
# ** Warning: NUMERIC_STD.TO_INTEGER: metavalue detected, returning 0
#    Time: 5939900 ns  Iteration: 2  Instance: /tb/MyRiscv/u_regfile/MUXA
# ** Warning: NUMERIC_STD.TO_INTEGER: metavalue detected, returning 0
#    Time: 5939900 ns  Iteration: 5  Instance: /tb/MyRiscv/u_regfile/MUXA
# ** Warning: NUMERIC_STD.TO_INTEGER: metavalue detected, returning 0
#    Time: 5939900 ns  Iteration: 5  Instance: /tb/MyRiscv/u_regfile/MUXB
# ** Warning: NUMERIC_STD.TO_INTEGER: metavalue detected, returning 0
#    Time: 5960380 ns  Iteration: 2  Instance: /tb/MyRiscv/u_regfile/MUXB
# ** Warning: NUMERIC_STD.TO_INTEGER: metavalue detected, returning 0
#    Time: 5960380 ns  Iteration: 2  Instance: /tb/MyRiscv/u_regfile/MUXA
# ** Warning: NUMERIC_STD.TO_INTEGER: metavalue detected, returning 0
#    Time: 5960380 ns  Iteration: 5  Instance: /tb/MyRiscv/u_regfile/MUXA
# ** Warning: NUMERIC_STD.TO_INTEGER: metavalue detected, returning 0
#    Time: 5960380 ns  Iteration: 5  Instance: /tb/MyRiscv/u_regfile/MUXB
# ** Warning: NUMERIC_STD.TO_INTEGER: metavalue detected, returning 0
#    Time: 5980860 ns  Iteration: 2  Instance: /tb/MyRiscv/u_regfile/MUXB
# ** Warning: NUMERIC_STD.TO_INTEGER: metavalue detected, returning 0
#    Time: 5980860 ns  Iteration: 2  Instance: /tb/MyRiscv/u_regfile/MUXA
# ** Warning: NUMERIC_STD.TO_INTEGER: metavalue detected, returning 0
#    Time: 5980860 ns  Iteration: 5  Instance: /tb/MyRiscv/u_regfile/MUXA
# ** Warning: NUMERIC_STD.TO_INTEGER: metavalue detected, returning 0
#    Time: 5980860 ns  Iteration: 5  Instance: /tb/MyRiscv/u_regfile/MUXB
# ** Warning: NUMERIC_STD.TO_INTEGER: metavalue detected, returning 0
#    Time: 6001340 ns  Iteration: 2  Instance: /tb/MyRiscv/u_regfile/MUXB
# ** Warning: NUMERIC_STD.TO_INTEGER: metavalue detected, returning 0
#    Time: 6001340 ns  Iteration: 2  Instance: /tb/MyRiscv/u_regfile/MUXA
# ** Warning: NUMERIC_STD.TO_INTEGER: metavalue detected, returning 0
#    Time: 6001340 ns  Iteration: 5  Instance: /tb/MyRiscv/u_regfile/MUXA
# ** Warning: NUMERIC_STD.TO_INTEGER: metavalue detected, returning 0
#    Time: 6001340 ns  Iteration: 5  Instance: /tb/MyRiscv/u_regfile/MUXB
# ** Warning: NUMERIC_STD.TO_INTEGER: metavalue detected, returning 0
#    Time: 6021820 ns  Iteration: 2  Instance: /tb/MyRiscv/u_regfile/MUXB
# ** Warning: NUMERIC_STD.TO_INTEGER: metavalue detected, returning 0
#    Time: 6021820 ns  Iteration: 2  Instance: /tb/MyRiscv/u_regfile/MUXA
# ** Warning: NUMERIC_STD.TO_INTEGER: metavalue detected, returning 0
#    Time: 6021820 ns  Iteration: 5  Instance: /tb/MyRiscv/u_regfile/MUXA
# ** Warning: NUMERIC_STD.TO_INTEGER: metavalue detected, returning 0
#    Time: 6021820 ns  Iteration: 5  Instance: /tb/MyRiscv/u_regfile/MUXB
# ** Warning: NUMERIC_STD.TO_INTEGER: metavalue detected, returning 0
#    Time: 6042300 ns  Iteration: 2  Instance: /tb/MyRiscv/u_regfile/MUXB
# ** Warning: NUMERIC_STD.TO_INTEGER: metavalue detected, returning 0
#    Time: 6042300 ns  Iteration: 2  Instance: /tb/MyRiscv/u_regfile/MUXA
# ** Warning: NUMERIC_STD.TO_INTEGER: metavalue detected, returning 0
#    Time: 6042300 ns  Iteration: 5  Instance: /tb/MyRiscv/u_regfile/MUXA
# ** Warning: NUMERIC_STD.TO_INTEGER: metavalue detected, returning 0
#    Time: 6042300 ns  Iteration: 5  Instance: /tb/MyRiscv/u_regfile/MUXB
# ** Warning: NUMERIC_STD.TO_INTEGER: metavalue detected, returning 0
#    Time: 6062780 ns  Iteration: 2  Instance: /tb/MyRiscv/u_regfile/MUXB
# ** Warning: NUMERIC_STD.TO_INTEGER: metavalue detected, returning 0
#    Time: 6062780 ns  Iteration: 2  Instance: /tb/MyRiscv/u_regfile/MUXA
# ** Warning: NUMERIC_STD.TO_INTEGER: metavalue detected, returning 0
#    Time: 6062780 ns  Iteration: 5  Instance: /tb/MyRiscv/u_regfile/MUXA
# ** Warning: NUMERIC_STD.TO_INTEGER: metavalue detected, returning 0
#    Time: 6062780 ns  Iteration: 5  Instance: /tb/MyRiscv/u_regfile/MUXB
# ** Warning: NUMERIC_STD.TO_INTEGER: metavalue detected, returning 0
#    Time: 6083260 ns  Iteration: 2  Instance: /tb/MyRiscv/u_regfile/MUXB
# ** Warning: NUMERIC_STD.TO_INTEGER: metavalue detected, returning 0
#    Time: 6083260 ns  Iteration: 2  Instance: /tb/MyRiscv/u_regfile/MUXA
# ** Warning: NUMERIC_STD.TO_INTEGER: metavalue detected, returning 0
#    Time: 6083260 ns  Iteration: 5  Instance: /tb/MyRiscv/u_regfile/MUXA
# ** Warning: NUMERIC_STD.TO_INTEGER: metavalue detected, returning 0
#    Time: 6083260 ns  Iteration: 5  Instance: /tb/MyRiscv/u_regfile/MUXB
# ** Warning: NUMERIC_STD.TO_INTEGER: metavalue detected, returning 0
#    Time: 6103740 ns  Iteration: 2  Instance: /tb/MyRiscv/u_regfile/MUXB
# ** Warning: NUMERIC_STD.TO_INTEGER: metavalue detected, returning 0
#    Time: 6103740 ns  Iteration: 2  Instance: /tb/MyRiscv/u_regfile/MUXA
# ** Warning: NUMERIC_STD.TO_INTEGER: metavalue detected, returning 0
#    Time: 6103740 ns  Iteration: 5  Instance: /tb/MyRiscv/u_regfile/MUXA
# ** Warning: NUMERIC_STD.TO_INTEGER: metavalue detected, returning 0
#    Time: 6103740 ns  Iteration: 5  Instance: /tb/MyRiscv/u_regfile/MUXB
# ** Warning: NUMERIC_STD.TO_INTEGER: metavalue detected, returning 0
#    Time: 6124220 ns  Iteration: 2  Instance: /tb/MyRiscv/u_regfile/MUXB
# ** Warning: NUMERIC_STD.TO_INTEGER: metavalue detected, returning 0
#    Time: 6124220 ns  Iteration: 2  Instance: /tb/MyRiscv/u_regfile/MUXA
# ** Warning: NUMERIC_STD.TO_INTEGER: metavalue detected, returning 0
#    Time: 6124220 ns  Iteration: 5  Instance: /tb/MyRiscv/u_regfile/MUXA
# ** Warning: NUMERIC_STD.TO_INTEGER: metavalue detected, returning 0
#    Time: 6124220 ns  Iteration: 5  Instance: /tb/MyRiscv/u_regfile/MUXB
# ** Warning: NUMERIC_STD.TO_INTEGER: metavalue detected, returning 0
#    Time: 6144700 ns  Iteration: 2  Instance: /tb/MyRiscv/u_regfile/MUXB
# ** Warning: NUMERIC_STD.TO_INTEGER: metavalue detected, returning 0
#    Time: 6144700 ns  Iteration: 2  Instance: /tb/MyRiscv/u_regfile/MUXA
# ** Warning: NUMERIC_STD.TO_INTEGER: metavalue detected, returning 0
#    Time: 6144700 ns  Iteration: 5  Instance: /tb/MyRiscv/u_regfile/MUXA
# ** Warning: NUMERIC_STD.TO_INTEGER: metavalue detected, returning 0
#    Time: 6144700 ns  Iteration: 5  Instance: /tb/MyRiscv/u_regfile/MUXB
# ** Warning: NUMERIC_STD.TO_INTEGER: metavalue detected, returning 0
#    Time: 6165180 ns  Iteration: 2  Instance: /tb/MyRiscv/u_regfile/MUXB
# ** Warning: NUMERIC_STD.TO_INTEGER: metavalue detected, returning 0
#    Time: 6165180 ns  Iteration: 2  Instance: /tb/MyRiscv/u_regfile/MUXA
# ** Warning: NUMERIC_STD.TO_INTEGER: metavalue detected, returning 0
#    Time: 6165180 ns  Iteration: 5  Instance: /tb/MyRiscv/u_regfile/MUXA
# ** Warning: NUMERIC_STD.TO_INTEGER: metavalue detected, returning 0
#    Time: 6165180 ns  Iteration: 5  Instance: /tb/MyRiscv/u_regfile/MUXB
# ** Warning: NUMERIC_STD.TO_INTEGER: metavalue detected, returning 0
#    Time: 6185660 ns  Iteration: 2  Instance: /tb/MyRiscv/u_regfile/MUXB
# ** Warning: NUMERIC_STD.TO_INTEGER: metavalue detected, returning 0
#    Time: 6185660 ns  Iteration: 2  Instance: /tb/MyRiscv/u_regfile/MUXA
# ** Warning: NUMERIC_STD.TO_INTEGER: metavalue detected, returning 0
#    Time: 6185660 ns  Iteration: 5  Instance: /tb/MyRiscv/u_regfile/MUXA
# ** Warning: NUMERIC_STD.TO_INTEGER: metavalue detected, returning 0
#    Time: 6185660 ns  Iteration: 5  Instance: /tb/MyRiscv/u_regfile/MUXB
# ** Warning: NUMERIC_STD.TO_INTEGER: metavalue detected, returning 0
#    Time: 6206140 ns  Iteration: 2  Instance: /tb/MyRiscv/u_regfile/MUXB
# ** Warning: NUMERIC_STD.TO_INTEGER: metavalue detected, returning 0
#    Time: 6206140 ns  Iteration: 2  Instance: /tb/MyRiscv/u_regfile/MUXA
# ** Warning: NUMERIC_STD.TO_INTEGER: metavalue detected, returning 0
#    Time: 6206140 ns  Iteration: 5  Instance: /tb/MyRiscv/u_regfile/MUXA
# ** Warning: NUMERIC_STD.TO_INTEGER: metavalue detected, returning 0
#    Time: 6206140 ns  Iteration: 5  Instance: /tb/MyRiscv/u_regfile/MUXB
# ** Warning: NUMERIC_STD.TO_INTEGER: metavalue detected, returning 0
#    Time: 6226620 ns  Iteration: 2  Instance: /tb/MyRiscv/u_regfile/MUXB
# ** Warning: NUMERIC_STD.TO_INTEGER: metavalue detected, returning 0
#    Time: 6226620 ns  Iteration: 2  Instance: /tb/MyRiscv/u_regfile/MUXA
# ** Warning: NUMERIC_STD.TO_INTEGER: metavalue detected, returning 0
#    Time: 6226620 ns  Iteration: 5  Instance: /tb/MyRiscv/u_regfile/MUXA
# ** Warning: NUMERIC_STD.TO_INTEGER: metavalue detected, returning 0
#    Time: 6226620 ns  Iteration: 5  Instance: /tb/MyRiscv/u_regfile/MUXB
# ** Warning: NUMERIC_STD.TO_INTEGER: metavalue detected, returning 0
#    Time: 6247100 ns  Iteration: 2  Instance: /tb/MyRiscv/u_regfile/MUXB
# ** Warning: NUMERIC_STD.TO_INTEGER: metavalue detected, returning 0
#    Time: 6247100 ns  Iteration: 2  Instance: /tb/MyRiscv/u_regfile/MUXA
# ** Warning: NUMERIC_STD.TO_INTEGER: metavalue detected, returning 0
#    Time: 6247100 ns  Iteration: 5  Instance: /tb/MyRiscv/u_regfile/MUXA
# ** Warning: NUMERIC_STD.TO_INTEGER: metavalue detected, returning 0
#    Time: 6247100 ns  Iteration: 5  Instance: /tb/MyRiscv/u_regfile/MUXB
# ** Warning: NUMERIC_STD.TO_INTEGER: metavalue detected, returning 0
#    Time: 6267580 ns  Iteration: 2  Instance: /tb/MyRiscv/u_regfile/MUXB
# ** Warning: NUMERIC_STD.TO_INTEGER: metavalue detected, returning 0
#    Time: 6267580 ns  Iteration: 2  Instance: /tb/MyRiscv/u_regfile/MUXA
# ** Warning: NUMERIC_STD.TO_INTEGER: metavalue detected, returning 0
#    Time: 6267580 ns  Iteration: 5  Instance: /tb/MyRiscv/u_regfile/MUXA
# ** Warning: NUMERIC_STD.TO_INTEGER: metavalue detected, returning 0
#    Time: 6267580 ns  Iteration: 5  Instance: /tb/MyRiscv/u_regfile/MUXB
# ** Warning: NUMERIC_STD.TO_INTEGER: metavalue detected, returning 0
#    Time: 6288060 ns  Iteration: 2  Instance: /tb/MyRiscv/u_regfile/MUXB
# ** Warning: NUMERIC_STD.TO_INTEGER: metavalue detected, returning 0
#    Time: 6288060 ns  Iteration: 2  Instance: /tb/MyRiscv/u_regfile/MUXA
# ** Warning: NUMERIC_STD.TO_INTEGER: metavalue detected, returning 0
#    Time: 6288060 ns  Iteration: 5  Instance: /tb/MyRiscv/u_regfile/MUXA
# ** Warning: NUMERIC_STD.TO_INTEGER: metavalue detected, returning 0
#    Time: 6288060 ns  Iteration: 5  Instance: /tb/MyRiscv/u_regfile/MUXB
# ** Warning: NUMERIC_STD.TO_INTEGER: metavalue detected, returning 0
#    Time: 6308540 ns  Iteration: 2  Instance: /tb/MyRiscv/u_regfile/MUXB
# ** Warning: NUMERIC_STD.TO_INTEGER: metavalue detected, returning 0
#    Time: 6308540 ns  Iteration: 2  Instance: /tb/MyRiscv/u_regfile/MUXA
# ** Warning: NUMERIC_STD.TO_INTEGER: metavalue detected, returning 0
#    Time: 6308540 ns  Iteration: 5  Instance: /tb/MyRiscv/u_regfile/MUXA
# ** Warning: NUMERIC_STD.TO_INTEGER: metavalue detected, returning 0
#    Time: 6308540 ns  Iteration: 5  Instance: /tb/MyRiscv/u_regfile/MUXB
# ** Warning: NUMERIC_STD.TO_INTEGER: metavalue detected, returning 0
#    Time: 6329020 ns  Iteration: 2  Instance: /tb/MyRiscv/u_regfile/MUXB
# ** Warning: NUMERIC_STD.TO_INTEGER: metavalue detected, returning 0
#    Time: 6329020 ns  Iteration: 2  Instance: /tb/MyRiscv/u_regfile/MUXA
# ** Warning: NUMERIC_STD.TO_INTEGER: metavalue detected, returning 0
#    Time: 6329020 ns  Iteration: 5  Instance: /tb/MyRiscv/u_regfile/MUXA
# ** Warning: NUMERIC_STD.TO_INTEGER: metavalue detected, returning 0
#    Time: 6329020 ns  Iteration: 5  Instance: /tb/MyRiscv/u_regfile/MUXB
# ** Warning: NUMERIC_STD.TO_INTEGER: metavalue detected, returning 0
#    Time: 6349500 ns  Iteration: 2  Instance: /tb/MyRiscv/u_regfile/MUXB
# ** Warning: NUMERIC_STD.TO_INTEGER: metavalue detected, returning 0
#    Time: 6349500 ns  Iteration: 2  Instance: /tb/MyRiscv/u_regfile/MUXA
# ** Warning: NUMERIC_STD.TO_INTEGER: metavalue detected, returning 0
#    Time: 6349500 ns  Iteration: 5  Instance: /tb/MyRiscv/u_regfile/MUXA
# ** Warning: NUMERIC_STD.TO_INTEGER: metavalue detected, returning 0
#    Time: 6349500 ns  Iteration: 5  Instance: /tb/MyRiscv/u_regfile/MUXB
# ** Warning: NUMERIC_STD.TO_INTEGER: metavalue detected, returning 0
#    Time: 6369980 ns  Iteration: 2  Instance: /tb/MyRiscv/u_regfile/MUXB
# ** Warning: NUMERIC_STD.TO_INTEGER: metavalue detected, returning 0
#    Time: 6369980 ns  Iteration: 2  Instance: /tb/MyRiscv/u_regfile/MUXA
# ** Warning: NUMERIC_STD.TO_INTEGER: metavalue detected, returning 0
#    Time: 6369980 ns  Iteration: 5  Instance: /tb/MyRiscv/u_regfile/MUXA
# ** Warning: NUMERIC_STD.TO_INTEGER: metavalue detected, returning 0
#    Time: 6369980 ns  Iteration: 5  Instance: /tb/MyRiscv/u_regfile/MUXB
# ** Warning: NUMERIC_STD.TO_INTEGER: metavalue detected, returning 0
#    Time: 6390460 ns  Iteration: 2  Instance: /tb/MyRiscv/u_regfile/MUXB
# ** Warning: NUMERIC_STD.TO_INTEGER: metavalue detected, returning 0
#    Time: 6390460 ns  Iteration: 2  Instance: /tb/MyRiscv/u_regfile/MUXA
# ** Warning: NUMERIC_STD.TO_INTEGER: metavalue detected, returning 0
#    Time: 6390460 ns  Iteration: 5  Instance: /tb/MyRiscv/u_regfile/MUXA
# ** Warning: NUMERIC_STD.TO_INTEGER: metavalue detected, returning 0
#    Time: 6390460 ns  Iteration: 5  Instance: /tb/MyRiscv/u_regfile/MUXB
# ** Warning: NUMERIC_STD.TO_INTEGER: metavalue detected, returning 0
#    Time: 6410940 ns  Iteration: 2  Instance: /tb/MyRiscv/u_regfile/MUXB
# ** Warning: NUMERIC_STD.TO_INTEGER: metavalue detected, returning 0
#    Time: 6410940 ns  Iteration: 2  Instance: /tb/MyRiscv/u_regfile/MUXA
# ** Warning: NUMERIC_STD.TO_INTEGER: metavalue detected, returning 0
#    Time: 6410940 ns  Iteration: 5  Instance: /tb/MyRiscv/u_regfile/MUXA
# ** Warning: NUMERIC_STD.TO_INTEGER: metavalue detected, returning 0
#    Time: 6410940 ns  Iteration: 5  Instance: /tb/MyRiscv/u_regfile/MUXB
# ** Warning: NUMERIC_STD.TO_INTEGER: metavalue detected, returning 0
#    Time: 6431420 ns  Iteration: 2  Instance: /tb/MyRiscv/u_regfile/MUXB
# ** Warning: NUMERIC_STD.TO_INTEGER: metavalue detected, returning 0
#    Time: 6431420 ns  Iteration: 2  Instance: /tb/MyRiscv/u_regfile/MUXA
# ** Warning: NUMERIC_STD.TO_INTEGER: metavalue detected, returning 0
#    Time: 6431420 ns  Iteration: 5  Instance: /tb/MyRiscv/u_regfile/MUXA
# ** Warning: NUMERIC_STD.TO_INTEGER: metavalue detected, returning 0
#    Time: 6431420 ns  Iteration: 5  Instance: /tb/MyRiscv/u_regfile/MUXB
# ** Warning: NUMERIC_STD.TO_INTEGER: metavalue detected, returning 0
#    Time: 6451900 ns  Iteration: 2  Instance: /tb/MyRiscv/u_regfile/MUXB
# ** Warning: NUMERIC_STD.TO_INTEGER: metavalue detected, returning 0
#    Time: 6451900 ns  Iteration: 2  Instance: /tb/MyRiscv/u_regfile/MUXA
# ** Warning: NUMERIC_STD.TO_INTEGER: metavalue detected, returning 0
#    Time: 6451900 ns  Iteration: 5  Instance: /tb/MyRiscv/u_regfile/MUXA
# ** Warning: NUMERIC_STD.TO_INTEGER: metavalue detected, returning 0
#    Time: 6451900 ns  Iteration: 5  Instance: /tb/MyRiscv/u_regfile/MUXB
# ** Warning: NUMERIC_STD.TO_INTEGER: metavalue detected, returning 0
#    Time: 6472380 ns  Iteration: 2  Instance: /tb/MyRiscv/u_regfile/MUXB
# ** Warning: NUMERIC_STD.TO_INTEGER: metavalue detected, returning 0
#    Time: 6472380 ns  Iteration: 2  Instance: /tb/MyRiscv/u_regfile/MUXA
# ** Warning: NUMERIC_STD.TO_INTEGER: metavalue detected, returning 0
#    Time: 6472380 ns  Iteration: 5  Instance: /tb/MyRiscv/u_regfile/MUXA
# ** Warning: NUMERIC_STD.TO_INTEGER: metavalue detected, returning 0
#    Time: 6472380 ns  Iteration: 5  Instance: /tb/MyRiscv/u_regfile/MUXB
# ** Warning: NUMERIC_STD.TO_INTEGER: metavalue detected, returning 0
#    Time: 6492860 ns  Iteration: 2  Instance: /tb/MyRiscv/u_regfile/MUXB
# ** Warning: NUMERIC_STD.TO_INTEGER: metavalue detected, returning 0
#    Time: 6492860 ns  Iteration: 2  Instance: /tb/MyRiscv/u_regfile/MUXA
# ** Warning: NUMERIC_STD.TO_INTEGER: metavalue detected, returning 0
#    Time: 6492860 ns  Iteration: 5  Instance: /tb/MyRiscv/u_regfile/MUXA
# ** Warning: NUMERIC_STD.TO_INTEGER: metavalue detected, returning 0
#    Time: 6492860 ns  Iteration: 5  Instance: /tb/MyRiscv/u_regfile/MUXB
# ** Warning: NUMERIC_STD.TO_INTEGER: metavalue detected, returning 0
#    Time: 6513340 ns  Iteration: 2  Instance: /tb/MyRiscv/u_regfile/MUXB
# ** Warning: NUMERIC_STD.TO_INTEGER: metavalue detected, returning 0
#    Time: 6513340 ns  Iteration: 2  Instance: /tb/MyRiscv/u_regfile/MUXA
# ** Warning: NUMERIC_STD.TO_INTEGER: metavalue detected, returning 0
#    Time: 6513340 ns  Iteration: 5  Instance: /tb/MyRiscv/u_regfile/MUXA
# ** Warning: NUMERIC_STD.TO_INTEGER: metavalue detected, returning 0
#    Time: 6513340 ns  Iteration: 5  Instance: /tb/MyRiscv/u_regfile/MUXB
# ** Warning: NUMERIC_STD.TO_INTEGER: metavalue detected, returning 0
#    Time: 6533820 ns  Iteration: 2  Instance: /tb/MyRiscv/u_regfile/MUXB
# ** Warning: NUMERIC_STD.TO_INTEGER: metavalue detected, returning 0
#    Time: 6533820 ns  Iteration: 2  Instance: /tb/MyRiscv/u_regfile/MUXA
# ** Warning: NUMERIC_STD.TO_INTEGER: metavalue detected, returning 0
#    Time: 6533820 ns  Iteration: 5  Instance: /tb/MyRiscv/u_regfile/MUXA
# ** Warning: NUMERIC_STD.TO_INTEGER: metavalue detected, returning 0
#    Time: 6533820 ns  Iteration: 5  Instance: /tb/MyRiscv/u_regfile/MUXB
# ** Warning: NUMERIC_STD.TO_INTEGER: metavalue detected, returning 0
#    Time: 6554300 ns  Iteration: 2  Instance: /tb/MyRiscv/u_regfile/MUXB
# ** Warning: NUMERIC_STD.TO_INTEGER: metavalue detected, returning 0
#    Time: 6554300 ns  Iteration: 2  Instance: /tb/MyRiscv/u_regfile/MUXA
# ** Warning: NUMERIC_STD.TO_INTEGER: metavalue detected, returning 0
#    Time: 6554300 ns  Iteration: 5  Instance: /tb/MyRiscv/u_regfile/MUXA
# ** Warning: NUMERIC_STD.TO_INTEGER: metavalue detected, returning 0
#    Time: 6554300 ns  Iteration: 5  Instance: /tb/MyRiscv/u_regfile/MUXB
# ** Warning: NUMERIC_STD.TO_INTEGER: metavalue detected, returning 0
#    Time: 6574780 ns  Iteration: 2  Instance: /tb/MyRiscv/u_regfile/MUXB
# ** Warning: NUMERIC_STD.TO_INTEGER: metavalue detected, returning 0
#    Time: 6574780 ns  Iteration: 2  Instance: /tb/MyRiscv/u_regfile/MUXA
# ** Warning: NUMERIC_STD.TO_INTEGER: metavalue detected, returning 0
#    Time: 6574780 ns  Iteration: 5  Instance: /tb/MyRiscv/u_regfile/MUXA
# ** Warning: NUMERIC_STD.TO_INTEGER: metavalue detected, returning 0
#    Time: 6574780 ns  Iteration: 5  Instance: /tb/MyRiscv/u_regfile/MUXB
# ** Warning: NUMERIC_STD.TO_INTEGER: metavalue detected, returning 0
#    Time: 6595260 ns  Iteration: 2  Instance: /tb/MyRiscv/u_regfile/MUXB
# ** Warning: NUMERIC_STD.TO_INTEGER: metavalue detected, returning 0
#    Time: 6595260 ns  Iteration: 2  Instance: /tb/MyRiscv/u_regfile/MUXA
# ** Warning: NUMERIC_STD.TO_INTEGER: metavalue detected, returning 0
#    Time: 6595260 ns  Iteration: 5  Instance: /tb/MyRiscv/u_regfile/MUXA
# ** Warning: NUMERIC_STD.TO_INTEGER: metavalue detected, returning 0
#    Time: 6595260 ns  Iteration: 5  Instance: /tb/MyRiscv/u_regfile/MUXB
# ** Warning: NUMERIC_STD.TO_INTEGER: metavalue detected, returning 0
#    Time: 6615740 ns  Iteration: 2  Instance: /tb/MyRiscv/u_regfile/MUXB
# ** Warning: NUMERIC_STD.TO_INTEGER: metavalue detected, returning 0
#    Time: 6615740 ns  Iteration: 2  Instance: /tb/MyRiscv/u_regfile/MUXA
# ** Warning: NUMERIC_STD.TO_INTEGER: metavalue detected, returning 0
#    Time: 6615740 ns  Iteration: 5  Instance: /tb/MyRiscv/u_regfile/MUXA
# ** Warning: NUMERIC_STD.TO_INTEGER: metavalue detected, returning 0
#    Time: 6615740 ns  Iteration: 5  Instance: /tb/MyRiscv/u_regfile/MUXB
# ** Warning: NUMERIC_STD.TO_INTEGER: metavalue detected, returning 0
#    Time: 6636220 ns  Iteration: 2  Instance: /tb/MyRiscv/u_regfile/MUXB
# ** Warning: NUMERIC_STD.TO_INTEGER: metavalue detected, returning 0
#    Time: 6636220 ns  Iteration: 2  Instance: /tb/MyRiscv/u_regfile/MUXA
# ** Warning: NUMERIC_STD.TO_INTEGER: metavalue detected, returning 0
#    Time: 6636220 ns  Iteration: 5  Instance: /tb/MyRiscv/u_regfile/MUXA
# ** Warning: NUMERIC_STD.TO_INTEGER: metavalue detected, returning 0
#    Time: 6636220 ns  Iteration: 5  Instance: /tb/MyRiscv/u_regfile/MUXB
# ** Warning: NUMERIC_STD.TO_INTEGER: metavalue detected, returning 0
#    Time: 6656700 ns  Iteration: 2  Instance: /tb/MyRiscv/u_regfile/MUXB
# ** Warning: NUMERIC_STD.TO_INTEGER: metavalue detected, returning 0
#    Time: 6656700 ns  Iteration: 2  Instance: /tb/MyRiscv/u_regfile/MUXA
# ** Warning: NUMERIC_STD.TO_INTEGER: metavalue detected, returning 0
#    Time: 6656700 ns  Iteration: 5  Instance: /tb/MyRiscv/u_regfile/MUXA
# ** Warning: NUMERIC_STD.TO_INTEGER: metavalue detected, returning 0
#    Time: 6656700 ns  Iteration: 5  Instance: /tb/MyRiscv/u_regfile/MUXB
# ** Warning: NUMERIC_STD.TO_INTEGER: metavalue detected, returning 0
#    Time: 6677180 ns  Iteration: 2  Instance: /tb/MyRiscv/u_regfile/MUXB
# ** Warning: NUMERIC_STD.TO_INTEGER: metavalue detected, returning 0
#    Time: 6677180 ns  Iteration: 2  Instance: /tb/MyRiscv/u_regfile/MUXA
# ** Warning: NUMERIC_STD.TO_INTEGER: metavalue detected, returning 0
#    Time: 6677180 ns  Iteration: 5  Instance: /tb/MyRiscv/u_regfile/MUXA
# ** Warning: NUMERIC_STD.TO_INTEGER: metavalue detected, returning 0
#    Time: 6677180 ns  Iteration: 5  Instance: /tb/MyRiscv/u_regfile/MUXB
# ** Warning: NUMERIC_STD.TO_INTEGER: metavalue detected, returning 0
#    Time: 6697660 ns  Iteration: 2  Instance: /tb/MyRiscv/u_regfile/MUXB
# ** Warning: NUMERIC_STD.TO_INTEGER: metavalue detected, returning 0
#    Time: 6697660 ns  Iteration: 2  Instance: /tb/MyRiscv/u_regfile/MUXA
# ** Warning: NUMERIC_STD.TO_INTEGER: metavalue detected, returning 0
#    Time: 6697660 ns  Iteration: 5  Instance: /tb/MyRiscv/u_regfile/MUXA
# ** Warning: NUMERIC_STD.TO_INTEGER: metavalue detected, returning 0
#    Time: 6697660 ns  Iteration: 5  Instance: /tb/MyRiscv/u_regfile/MUXB
# ** Warning: NUMERIC_STD.TO_INTEGER: metavalue detected, returning 0
#    Time: 6718140 ns  Iteration: 2  Instance: /tb/MyRiscv/u_regfile/MUXB
# ** Warning: NUMERIC_STD.TO_INTEGER: metavalue detected, returning 0
#    Time: 6718140 ns  Iteration: 2  Instance: /tb/MyRiscv/u_regfile/MUXA
# ** Warning: NUMERIC_STD.TO_INTEGER: metavalue detected, returning 0
#    Time: 6718140 ns  Iteration: 5  Instance: /tb/MyRiscv/u_regfile/MUXA
# ** Warning: NUMERIC_STD.TO_INTEGER: metavalue detected, returning 0
#    Time: 6718140 ns  Iteration: 5  Instance: /tb/MyRiscv/u_regfile/MUXB
# ** Warning: NUMERIC_STD.TO_INTEGER: metavalue detected, returning 0
#    Time: 6738620 ns  Iteration: 2  Instance: /tb/MyRiscv/u_regfile/MUXB
# ** Warning: NUMERIC_STD.TO_INTEGER: metavalue detected, returning 0
#    Time: 6738620 ns  Iteration: 2  Instance: /tb/MyRiscv/u_regfile/MUXA
# ** Warning: NUMERIC_STD.TO_INTEGER: metavalue detected, returning 0
#    Time: 6738620 ns  Iteration: 5  Instance: /tb/MyRiscv/u_regfile/MUXA
# ** Warning: NUMERIC_STD.TO_INTEGER: metavalue detected, returning 0
#    Time: 6738620 ns  Iteration: 5  Instance: /tb/MyRiscv/u_regfile/MUXB
# ** Warning: NUMERIC_STD.TO_INTEGER: metavalue detected, returning 0
#    Time: 6759100 ns  Iteration: 2  Instance: /tb/MyRiscv/u_regfile/MUXB
# ** Warning: NUMERIC_STD.TO_INTEGER: metavalue detected, returning 0
#    Time: 6759100 ns  Iteration: 2  Instance: /tb/MyRiscv/u_regfile/MUXA
# ** Warning: NUMERIC_STD.TO_INTEGER: metavalue detected, returning 0
#    Time: 6759100 ns  Iteration: 5  Instance: /tb/MyRiscv/u_regfile/MUXA
# ** Warning: NUMERIC_STD.TO_INTEGER: metavalue detected, returning 0
#    Time: 6759100 ns  Iteration: 5  Instance: /tb/MyRiscv/u_regfile/MUXB
# ** Warning: NUMERIC_STD.TO_INTEGER: metavalue detected, returning 0
#    Time: 6779580 ns  Iteration: 2  Instance: /tb/MyRiscv/u_regfile/MUXB
# ** Warning: NUMERIC_STD.TO_INTEGER: metavalue detected, returning 0
#    Time: 6779580 ns  Iteration: 2  Instance: /tb/MyRiscv/u_regfile/MUXA
# ** Warning: NUMERIC_STD.TO_INTEGER: metavalue detected, returning 0
#    Time: 6779580 ns  Iteration: 5  Instance: /tb/MyRiscv/u_regfile/MUXA
# ** Warning: NUMERIC_STD.TO_INTEGER: metavalue detected, returning 0
#    Time: 6779580 ns  Iteration: 5  Instance: /tb/MyRiscv/u_regfile/MUXB
# ** Warning: NUMERIC_STD.TO_INTEGER: metavalue detected, returning 0
#    Time: 6800060 ns  Iteration: 2  Instance: /tb/MyRiscv/u_regfile/MUXB
# ** Warning: NUMERIC_STD.TO_INTEGER: metavalue detected, returning 0
#    Time: 6800060 ns  Iteration: 2  Instance: /tb/MyRiscv/u_regfile/MUXA
# ** Warning: NUMERIC_STD.TO_INTEGER: metavalue detected, returning 0
#    Time: 6800060 ns  Iteration: 5  Instance: /tb/MyRiscv/u_regfile/MUXA
# ** Warning: NUMERIC_STD.TO_INTEGER: metavalue detected, returning 0
#    Time: 6800060 ns  Iteration: 5  Instance: /tb/MyRiscv/u_regfile/MUXB
# ** Warning: NUMERIC_STD.TO_INTEGER: metavalue detected, returning 0
#    Time: 6820540 ns  Iteration: 2  Instance: /tb/MyRiscv/u_regfile/MUXB
# ** Warning: NUMERIC_STD.TO_INTEGER: metavalue detected, returning 0
#    Time: 6820540 ns  Iteration: 2  Instance: /tb/MyRiscv/u_regfile/MUXA
# ** Warning: NUMERIC_STD.TO_INTEGER: metavalue detected, returning 0
#    Time: 6820540 ns  Iteration: 5  Instance: /tb/MyRiscv/u_regfile/MUXA
# ** Warning: NUMERIC_STD.TO_INTEGER: metavalue detected, returning 0
#    Time: 6820540 ns  Iteration: 5  Instance: /tb/MyRiscv/u_regfile/MUXB
# ** Warning: NUMERIC_STD.TO_INTEGER: metavalue detected, returning 0
#    Time: 6841020 ns  Iteration: 2  Instance: /tb/MyRiscv/u_regfile/MUXB
# ** Warning: NUMERIC_STD.TO_INTEGER: metavalue detected, returning 0
#    Time: 6841020 ns  Iteration: 2  Instance: /tb/MyRiscv/u_regfile/MUXA
# ** Warning: NUMERIC_STD.TO_INTEGER: metavalue detected, returning 0
#    Time: 6841020 ns  Iteration: 5  Instance: /tb/MyRiscv/u_regfile/MUXA
# ** Warning: NUMERIC_STD.TO_INTEGER: metavalue detected, returning 0
#    Time: 6841020 ns  Iteration: 5  Instance: /tb/MyRiscv/u_regfile/MUXB
# ** Warning: NUMERIC_STD.TO_INTEGER: metavalue detected, returning 0
#    Time: 6861500 ns  Iteration: 2  Instance: /tb/MyRiscv/u_regfile/MUXB
# ** Warning: NUMERIC_STD.TO_INTEGER: metavalue detected, returning 0
#    Time: 6861500 ns  Iteration: 2  Instance: /tb/MyRiscv/u_regfile/MUXA
# ** Warning: NUMERIC_STD.TO_INTEGER: metavalue detected, returning 0
#    Time: 6861500 ns  Iteration: 5  Instance: /tb/MyRiscv/u_regfile/MUXA
# ** Warning: NUMERIC_STD.TO_INTEGER: metavalue detected, returning 0
#    Time: 6861500 ns  Iteration: 5  Instance: /tb/MyRiscv/u_regfile/MUXB
# ** Warning: NUMERIC_STD.TO_INTEGER: metavalue detected, returning 0
#    Time: 6881980 ns  Iteration: 2  Instance: /tb/MyRiscv/u_regfile/MUXB
# ** Warning: NUMERIC_STD.TO_INTEGER: metavalue detected, returning 0
#    Time: 6881980 ns  Iteration: 2  Instance: /tb/MyRiscv/u_regfile/MUXA
# ** Warning: NUMERIC_STD.TO_INTEGER: metavalue detected, returning 0
#    Time: 6881980 ns  Iteration: 5  Instance: /tb/MyRiscv/u_regfile/MUXA
# ** Warning: NUMERIC_STD.TO_INTEGER: metavalue detected, returning 0
#    Time: 6881980 ns  Iteration: 5  Instance: /tb/MyRiscv/u_regfile/MUXB
# ** Warning: NUMERIC_STD.TO_INTEGER: metavalue detected, returning 0
#    Time: 6902460 ns  Iteration: 2  Instance: /tb/MyRiscv/u_regfile/MUXB
# ** Warning: NUMERIC_STD.TO_INTEGER: metavalue detected, returning 0
#    Time: 6902460 ns  Iteration: 2  Instance: /tb/MyRiscv/u_regfile/MUXA
# ** Warning: NUMERIC_STD.TO_INTEGER: metavalue detected, returning 0
#    Time: 6902460 ns  Iteration: 5  Instance: /tb/MyRiscv/u_regfile/MUXA
# ** Warning: NUMERIC_STD.TO_INTEGER: metavalue detected, returning 0
#    Time: 6902460 ns  Iteration: 5  Instance: /tb/MyRiscv/u_regfile/MUXB
# ** Warning: NUMERIC_STD.TO_INTEGER: metavalue detected, returning 0
#    Time: 6922940 ns  Iteration: 2  Instance: /tb/MyRiscv/u_regfile/MUXB
# ** Warning: NUMERIC_STD.TO_INTEGER: metavalue detected, returning 0
#    Time: 6922940 ns  Iteration: 2  Instance: /tb/MyRiscv/u_regfile/MUXA
# ** Warning: NUMERIC_STD.TO_INTEGER: metavalue detected, returning 0
#    Time: 6922940 ns  Iteration: 5  Instance: /tb/MyRiscv/u_regfile/MUXA
# ** Warning: NUMERIC_STD.TO_INTEGER: metavalue detected, returning 0
#    Time: 6922940 ns  Iteration: 5  Instance: /tb/MyRiscv/u_regfile/MUXB
# ** Warning: NUMERIC_STD.TO_INTEGER: metavalue detected, returning 0
#    Time: 6943420 ns  Iteration: 2  Instance: /tb/MyRiscv/u_regfile/MUXB
# ** Warning: NUMERIC_STD.TO_INTEGER: metavalue detected, returning 0
#    Time: 6943420 ns  Iteration: 2  Instance: /tb/MyRiscv/u_regfile/MUXA
# ** Warning: NUMERIC_STD.TO_INTEGER: metavalue detected, returning 0
#    Time: 6943420 ns  Iteration: 5  Instance: /tb/MyRiscv/u_regfile/MUXA
# ** Warning: NUMERIC_STD.TO_INTEGER: metavalue detected, returning 0
#    Time: 6943420 ns  Iteration: 5  Instance: /tb/MyRiscv/u_regfile/MUXB
# ** Warning: NUMERIC_STD.TO_INTEGER: metavalue detected, returning 0
#    Time: 6963900 ns  Iteration: 2  Instance: /tb/MyRiscv/u_regfile/MUXB
# ** Warning: NUMERIC_STD.TO_INTEGER: metavalue detected, returning 0
#    Time: 6963900 ns  Iteration: 2  Instance: /tb/MyRiscv/u_regfile/MUXA
# ** Warning: NUMERIC_STD.TO_INTEGER: metavalue detected, returning 0
#    Time: 6963900 ns  Iteration: 5  Instance: /tb/MyRiscv/u_regfile/MUXA
# ** Warning: NUMERIC_STD.TO_INTEGER: metavalue detected, returning 0
#    Time: 6963900 ns  Iteration: 5  Instance: /tb/MyRiscv/u_regfile/MUXB
# ** Warning: NUMERIC_STD.TO_INTEGER: metavalue detected, returning 0
#    Time: 6984380 ns  Iteration: 2  Instance: /tb/MyRiscv/u_regfile/MUXB
# ** Warning: NUMERIC_STD.TO_INTEGER: metavalue detected, returning 0
#    Time: 6984380 ns  Iteration: 2  Instance: /tb/MyRiscv/u_regfile/MUXA
# ** Warning: NUMERIC_STD.TO_INTEGER: metavalue detected, returning 0
#    Time: 6984380 ns  Iteration: 5  Instance: /tb/MyRiscv/u_regfile/MUXA
# ** Warning: NUMERIC_STD.TO_INTEGER: metavalue detected, returning 0
#    Time: 6984380 ns  Iteration: 5  Instance: /tb/MyRiscv/u_regfile/MUXB
# ** Warning: NUMERIC_STD.TO_INTEGER: metavalue detected, returning 0
#    Time: 7004860 ns  Iteration: 2  Instance: /tb/MyRiscv/u_regfile/MUXB
# ** Warning: NUMERIC_STD.TO_INTEGER: metavalue detected, returning 0
#    Time: 7004860 ns  Iteration: 2  Instance: /tb/MyRiscv/u_regfile/MUXA
# ** Warning: NUMERIC_STD.TO_INTEGER: metavalue detected, returning 0
#    Time: 7004860 ns  Iteration: 5  Instance: /tb/MyRiscv/u_regfile/MUXA
# ** Warning: NUMERIC_STD.TO_INTEGER: metavalue detected, returning 0
#    Time: 7004860 ns  Iteration: 5  Instance: /tb/MyRiscv/u_regfile/MUXB
# ** Warning: NUMERIC_STD.TO_INTEGER: metavalue detected, returning 0
#    Time: 7025340 ns  Iteration: 2  Instance: /tb/MyRiscv/u_regfile/MUXB
# ** Warning: NUMERIC_STD.TO_INTEGER: metavalue detected, returning 0
#    Time: 7025340 ns  Iteration: 2  Instance: /tb/MyRiscv/u_regfile/MUXA
# ** Warning: NUMERIC_STD.TO_INTEGER: metavalue detected, returning 0
#    Time: 7025340 ns  Iteration: 5  Instance: /tb/MyRiscv/u_regfile/MUXA
# ** Warning: NUMERIC_STD.TO_INTEGER: metavalue detected, returning 0
#    Time: 7025340 ns  Iteration: 5  Instance: /tb/MyRiscv/u_regfile/MUXB
# ** Warning: NUMERIC_STD.TO_INTEGER: metavalue detected, returning 0
#    Time: 7045820 ns  Iteration: 2  Instance: /tb/MyRiscv/u_regfile/MUXB
# ** Warning: NUMERIC_STD.TO_INTEGER: metavalue detected, returning 0
#    Time: 7045820 ns  Iteration: 2  Instance: /tb/MyRiscv/u_regfile/MUXA
# ** Warning: NUMERIC_STD.TO_INTEGER: metavalue detected, returning 0
#    Time: 7045820 ns  Iteration: 5  Instance: /tb/MyRiscv/u_regfile/MUXA
# ** Warning: NUMERIC_STD.TO_INTEGER: metavalue detected, returning 0
#    Time: 7045820 ns  Iteration: 5  Instance: /tb/MyRiscv/u_regfile/MUXB
# ** Warning: NUMERIC_STD.TO_INTEGER: metavalue detected, returning 0
#    Time: 7066300 ns  Iteration: 2  Instance: /tb/MyRiscv/u_regfile/MUXB
# ** Warning: NUMERIC_STD.TO_INTEGER: metavalue detected, returning 0
#    Time: 7066300 ns  Iteration: 2  Instance: /tb/MyRiscv/u_regfile/MUXA
# ** Warning: NUMERIC_STD.TO_INTEGER: metavalue detected, returning 0
#    Time: 7066300 ns  Iteration: 5  Instance: /tb/MyRiscv/u_regfile/MUXA
# ** Warning: NUMERIC_STD.TO_INTEGER: metavalue detected, returning 0
#    Time: 7066300 ns  Iteration: 5  Instance: /tb/MyRiscv/u_regfile/MUXB
# ** Warning: NUMERIC_STD.TO_INTEGER: metavalue detected, returning 0
#    Time: 7086780 ns  Iteration: 2  Instance: /tb/MyRiscv/u_regfile/MUXB
# ** Warning: NUMERIC_STD.TO_INTEGER: metavalue detected, returning 0
#    Time: 7086780 ns  Iteration: 2  Instance: /tb/MyRiscv/u_regfile/MUXA
# ** Warning: NUMERIC_STD.TO_INTEGER: metavalue detected, returning 0
#    Time: 7086780 ns  Iteration: 5  Instance: /tb/MyRiscv/u_regfile/MUXA
# ** Warning: NUMERIC_STD.TO_INTEGER: metavalue detected, returning 0
#    Time: 7086780 ns  Iteration: 5  Instance: /tb/MyRiscv/u_regfile/MUXB
# ** Warning: NUMERIC_STD.TO_INTEGER: metavalue detected, returning 0
#    Time: 7107260 ns  Iteration: 2  Instance: /tb/MyRiscv/u_regfile/MUXB
# ** Warning: NUMERIC_STD.TO_INTEGER: metavalue detected, returning 0
#    Time: 7107260 ns  Iteration: 2  Instance: /tb/MyRiscv/u_regfile/MUXA
# ** Warning: NUMERIC_STD.TO_INTEGER: metavalue detected, returning 0
#    Time: 7107260 ns  Iteration: 5  Instance: /tb/MyRiscv/u_regfile/MUXA
# ** Warning: NUMERIC_STD.TO_INTEGER: metavalue detected, returning 0
#    Time: 7107260 ns  Iteration: 5  Instance: /tb/MyRiscv/u_regfile/MUXB
# ** Warning: NUMERIC_STD.TO_INTEGER: metavalue detected, returning 0
#    Time: 7127740 ns  Iteration: 2  Instance: /tb/MyRiscv/u_regfile/MUXB
# ** Warning: NUMERIC_STD.TO_INTEGER: metavalue detected, returning 0
#    Time: 7127740 ns  Iteration: 2  Instance: /tb/MyRiscv/u_regfile/MUXA
# ** Warning: NUMERIC_STD.TO_INTEGER: metavalue detected, returning 0
#    Time: 7127740 ns  Iteration: 5  Instance: /tb/MyRiscv/u_regfile/MUXA
# ** Warning: NUMERIC_STD.TO_INTEGER: metavalue detected, returning 0
#    Time: 7127740 ns  Iteration: 5  Instance: /tb/MyRiscv/u_regfile/MUXB
# ** Warning: NUMERIC_STD.TO_INTEGER: metavalue detected, returning 0
#    Time: 7148220 ns  Iteration: 2  Instance: /tb/MyRiscv/u_regfile/MUXB
# ** Warning: NUMERIC_STD.TO_INTEGER: metavalue detected, returning 0
#    Time: 7148220 ns  Iteration: 2  Instance: /tb/MyRiscv/u_regfile/MUXA
# ** Warning: NUMERIC_STD.TO_INTEGER: metavalue detected, returning 0
#    Time: 7148220 ns  Iteration: 5  Instance: /tb/MyRiscv/u_regfile/MUXA
# ** Warning: NUMERIC_STD.TO_INTEGER: metavalue detected, returning 0
#    Time: 7148220 ns  Iteration: 5  Instance: /tb/MyRiscv/u_regfile/MUXB
# ** Warning: NUMERIC_STD.TO_INTEGER: metavalue detected, returning 0
#    Time: 7168700 ns  Iteration: 2  Instance: /tb/MyRiscv/u_regfile/MUXB
# ** Warning: NUMERIC_STD.TO_INTEGER: metavalue detected, returning 0
#    Time: 7168700 ns  Iteration: 2  Instance: /tb/MyRiscv/u_regfile/MUXA
# ** Warning: NUMERIC_STD.TO_INTEGER: metavalue detected, returning 0
#    Time: 7168700 ns  Iteration: 5  Instance: /tb/MyRiscv/u_regfile/MUXA
# ** Warning: NUMERIC_STD.TO_INTEGER: metavalue detected, returning 0
#    Time: 7168700 ns  Iteration: 5  Instance: /tb/MyRiscv/u_regfile/MUXB
# ** Warning: NUMERIC_STD.TO_INTEGER: metavalue detected, returning 0
#    Time: 7189180 ns  Iteration: 2  Instance: /tb/MyRiscv/u_regfile/MUXB
# ** Warning: NUMERIC_STD.TO_INTEGER: metavalue detected, returning 0
#    Time: 7189180 ns  Iteration: 2  Instance: /tb/MyRiscv/u_regfile/MUXA
# ** Warning: NUMERIC_STD.TO_INTEGER: metavalue detected, returning 0
#    Time: 7189180 ns  Iteration: 5  Instance: /tb/MyRiscv/u_regfile/MUXA
# ** Warning: NUMERIC_STD.TO_INTEGER: metavalue detected, returning 0
#    Time: 7189180 ns  Iteration: 5  Instance: /tb/MyRiscv/u_regfile/MUXB
# ** Warning: NUMERIC_STD.TO_INTEGER: metavalue detected, returning 0
#    Time: 7209660 ns  Iteration: 2  Instance: /tb/MyRiscv/u_regfile/MUXB
# ** Warning: NUMERIC_STD.TO_INTEGER: metavalue detected, returning 0
#    Time: 7209660 ns  Iteration: 2  Instance: /tb/MyRiscv/u_regfile/MUXA
# ** Warning: NUMERIC_STD.TO_INTEGER: metavalue detected, returning 0
#    Time: 7209660 ns  Iteration: 5  Instance: /tb/MyRiscv/u_regfile/MUXA
# ** Warning: NUMERIC_STD.TO_INTEGER: metavalue detected, returning 0
#    Time: 7209660 ns  Iteration: 5  Instance: /tb/MyRiscv/u_regfile/MUXB
# ** Warning: NUMERIC_STD.TO_INTEGER: metavalue detected, returning 0
#    Time: 7230140 ns  Iteration: 2  Instance: /tb/MyRiscv/u_regfile/MUXB
# ** Warning: NUMERIC_STD.TO_INTEGER: metavalue detected, returning 0
#    Time: 7230140 ns  Iteration: 2  Instance: /tb/MyRiscv/u_regfile/MUXA
# ** Warning: NUMERIC_STD.TO_INTEGER: metavalue detected, returning 0
#    Time: 7230140 ns  Iteration: 5  Instance: /tb/MyRiscv/u_regfile/MUXA
# ** Warning: NUMERIC_STD.TO_INTEGER: metavalue detected, returning 0
#    Time: 7230140 ns  Iteration: 5  Instance: /tb/MyRiscv/u_regfile/MUXB
# ** Warning: NUMERIC_STD.TO_INTEGER: metavalue detected, returning 0
#    Time: 7250620 ns  Iteration: 2  Instance: /tb/MyRiscv/u_regfile/MUXB
# ** Warning: NUMERIC_STD.TO_INTEGER: metavalue detected, returning 0
#    Time: 7250620 ns  Iteration: 2  Instance: /tb/MyRiscv/u_regfile/MUXA
# ** Warning: NUMERIC_STD.TO_INTEGER: metavalue detected, returning 0
#    Time: 7250620 ns  Iteration: 5  Instance: /tb/MyRiscv/u_regfile/MUXA
# ** Warning: NUMERIC_STD.TO_INTEGER: metavalue detected, returning 0
#    Time: 7250620 ns  Iteration: 5  Instance: /tb/MyRiscv/u_regfile/MUXB
# ** Warning: NUMERIC_STD.TO_INTEGER: metavalue detected, returning 0
#    Time: 7271100 ns  Iteration: 2  Instance: /tb/MyRiscv/u_regfile/MUXB
# ** Warning: NUMERIC_STD.TO_INTEGER: metavalue detected, returning 0
#    Time: 7271100 ns  Iteration: 2  Instance: /tb/MyRiscv/u_regfile/MUXA
# ** Warning: NUMERIC_STD.TO_INTEGER: metavalue detected, returning 0
#    Time: 7271100 ns  Iteration: 5  Instance: /tb/MyRiscv/u_regfile/MUXA
# ** Warning: NUMERIC_STD.TO_INTEGER: metavalue detected, returning 0
#    Time: 7271100 ns  Iteration: 5  Instance: /tb/MyRiscv/u_regfile/MUXB
# ** Warning: NUMERIC_STD.TO_INTEGER: metavalue detected, returning 0
#    Time: 7291580 ns  Iteration: 2  Instance: /tb/MyRiscv/u_regfile/MUXB
# ** Warning: NUMERIC_STD.TO_INTEGER: metavalue detected, returning 0
#    Time: 7291580 ns  Iteration: 2  Instance: /tb/MyRiscv/u_regfile/MUXA
# ** Warning: NUMERIC_STD.TO_INTEGER: metavalue detected, returning 0
#    Time: 7291580 ns  Iteration: 5  Instance: /tb/MyRiscv/u_regfile/MUXA
# ** Warning: NUMERIC_STD.TO_INTEGER: metavalue detected, returning 0
#    Time: 7291580 ns  Iteration: 5  Instance: /tb/MyRiscv/u_regfile/MUXB
# ** Warning: NUMERIC_STD.TO_INTEGER: metavalue detected, returning 0
#    Time: 7312060 ns  Iteration: 2  Instance: /tb/MyRiscv/u_regfile/MUXB
# ** Warning: NUMERIC_STD.TO_INTEGER: metavalue detected, returning 0
#    Time: 7312060 ns  Iteration: 2  Instance: /tb/MyRiscv/u_regfile/MUXA
# ** Warning: NUMERIC_STD.TO_INTEGER: metavalue detected, returning 0
#    Time: 7312060 ns  Iteration: 5  Instance: /tb/MyRiscv/u_regfile/MUXA
# ** Warning: NUMERIC_STD.TO_INTEGER: metavalue detected, returning 0
#    Time: 7312060 ns  Iteration: 5  Instance: /tb/MyRiscv/u_regfile/MUXB
# ** Warning: NUMERIC_STD.TO_INTEGER: metavalue detected, returning 0
#    Time: 7332540 ns  Iteration: 2  Instance: /tb/MyRiscv/u_regfile/MUXB
# ** Warning: NUMERIC_STD.TO_INTEGER: metavalue detected, returning 0
#    Time: 7332540 ns  Iteration: 2  Instance: /tb/MyRiscv/u_regfile/MUXA
# ** Warning: NUMERIC_STD.TO_INTEGER: metavalue detected, returning 0
#    Time: 7332540 ns  Iteration: 5  Instance: /tb/MyRiscv/u_regfile/MUXA
# ** Warning: NUMERIC_STD.TO_INTEGER: metavalue detected, returning 0
#    Time: 7332540 ns  Iteration: 5  Instance: /tb/MyRiscv/u_regfile/MUXB
# ** Warning: NUMERIC_STD.TO_INTEGER: metavalue detected, returning 0
#    Time: 7353020 ns  Iteration: 2  Instance: /tb/MyRiscv/u_regfile/MUXB
# ** Warning: NUMERIC_STD.TO_INTEGER: metavalue detected, returning 0
#    Time: 7353020 ns  Iteration: 2  Instance: /tb/MyRiscv/u_regfile/MUXA
# ** Warning: NUMERIC_STD.TO_INTEGER: metavalue detected, returning 0
#    Time: 7353020 ns  Iteration: 5  Instance: /tb/MyRiscv/u_regfile/MUXA
# ** Warning: NUMERIC_STD.TO_INTEGER: metavalue detected, returning 0
#    Time: 7353020 ns  Iteration: 5  Instance: /tb/MyRiscv/u_regfile/MUXB
# ** Warning: NUMERIC_STD.TO_INTEGER: metavalue detected, returning 0
#    Time: 7373500 ns  Iteration: 2  Instance: /tb/MyRiscv/u_regfile/MUXB
# ** Warning: NUMERIC_STD.TO_INTEGER: metavalue detected, returning 0
#    Time: 7373500 ns  Iteration: 2  Instance: /tb/MyRiscv/u_regfile/MUXA
# ** Warning: NUMERIC_STD.TO_INTEGER: metavalue detected, returning 0
#    Time: 7373500 ns  Iteration: 5  Instance: /tb/MyRiscv/u_regfile/MUXA
# ** Warning: NUMERIC_STD.TO_INTEGER: metavalue detected, returning 0
#    Time: 7373500 ns  Iteration: 5  Instance: /tb/MyRiscv/u_regfile/MUXB
# ** Warning: NUMERIC_STD.TO_INTEGER: metavalue detected, returning 0
#    Time: 7393980 ns  Iteration: 2  Instance: /tb/MyRiscv/u_regfile/MUXB
# ** Warning: NUMERIC_STD.TO_INTEGER: metavalue detected, returning 0
#    Time: 7393980 ns  Iteration: 2  Instance: /tb/MyRiscv/u_regfile/MUXA
# ** Warning: NUMERIC_STD.TO_INTEGER: metavalue detected, returning 0
#    Time: 7393980 ns  Iteration: 5  Instance: /tb/MyRiscv/u_regfile/MUXA
# ** Warning: NUMERIC_STD.TO_INTEGER: metavalue detected, returning 0
#    Time: 7393980 ns  Iteration: 5  Instance: /tb/MyRiscv/u_regfile/MUXB
# ** Warning: NUMERIC_STD.TO_INTEGER: metavalue detected, returning 0
#    Time: 7414460 ns  Iteration: 2  Instance: /tb/MyRiscv/u_regfile/MUXB
# ** Warning: NUMERIC_STD.TO_INTEGER: metavalue detected, returning 0
#    Time: 7414460 ns  Iteration: 2  Instance: /tb/MyRiscv/u_regfile/MUXA
# ** Warning: NUMERIC_STD.TO_INTEGER: metavalue detected, returning 0
#    Time: 7414460 ns  Iteration: 5  Instance: /tb/MyRiscv/u_regfile/MUXA
# ** Warning: NUMERIC_STD.TO_INTEGER: metavalue detected, returning 0
#    Time: 7414460 ns  Iteration: 5  Instance: /tb/MyRiscv/u_regfile/MUXB
# ** Warning: NUMERIC_STD.TO_INTEGER: metavalue detected, returning 0
#    Time: 7434940 ns  Iteration: 2  Instance: /tb/MyRiscv/u_regfile/MUXB
# ** Warning: NUMERIC_STD.TO_INTEGER: metavalue detected, returning 0
#    Time: 7434940 ns  Iteration: 2  Instance: /tb/MyRiscv/u_regfile/MUXA
# ** Warning: NUMERIC_STD.TO_INTEGER: metavalue detected, returning 0
#    Time: 7434940 ns  Iteration: 5  Instance: /tb/MyRiscv/u_regfile/MUXA
# ** Warning: NUMERIC_STD.TO_INTEGER: metavalue detected, returning 0
#    Time: 7434940 ns  Iteration: 5  Instance: /tb/MyRiscv/u_regfile/MUXB
# ** Warning: NUMERIC_STD.TO_INTEGER: metavalue detected, returning 0
#    Time: 7455420 ns  Iteration: 2  Instance: /tb/MyRiscv/u_regfile/MUXB
# ** Warning: NUMERIC_STD.TO_INTEGER: metavalue detected, returning 0
#    Time: 7455420 ns  Iteration: 2  Instance: /tb/MyRiscv/u_regfile/MUXA
# ** Warning: NUMERIC_STD.TO_INTEGER: metavalue detected, returning 0
#    Time: 7455420 ns  Iteration: 5  Instance: /tb/MyRiscv/u_regfile/MUXA
# ** Warning: NUMERIC_STD.TO_INTEGER: metavalue detected, returning 0
#    Time: 7455420 ns  Iteration: 5  Instance: /tb/MyRiscv/u_regfile/MUXB
# ** Warning: NUMERIC_STD.TO_INTEGER: metavalue detected, returning 0
#    Time: 7475900 ns  Iteration: 2  Instance: /tb/MyRiscv/u_regfile/MUXB
# ** Warning: NUMERIC_STD.TO_INTEGER: metavalue detected, returning 0
#    Time: 7475900 ns  Iteration: 2  Instance: /tb/MyRiscv/u_regfile/MUXA
# ** Warning: NUMERIC_STD.TO_INTEGER: metavalue detected, returning 0
#    Time: 7475900 ns  Iteration: 5  Instance: /tb/MyRiscv/u_regfile/MUXA
# ** Warning: NUMERIC_STD.TO_INTEGER: metavalue detected, returning 0
#    Time: 7475900 ns  Iteration: 5  Instance: /tb/MyRiscv/u_regfile/MUXB
# ** Warning: NUMERIC_STD.TO_INTEGER: metavalue detected, returning 0
#    Time: 7496380 ns  Iteration: 2  Instance: /tb/MyRiscv/u_regfile/MUXB
# ** Warning: NUMERIC_STD.TO_INTEGER: metavalue detected, returning 0
#    Time: 7496380 ns  Iteration: 2  Instance: /tb/MyRiscv/u_regfile/MUXA
# ** Warning: NUMERIC_STD.TO_INTEGER: metavalue detected, returning 0
#    Time: 7496380 ns  Iteration: 5  Instance: /tb/MyRiscv/u_regfile/MUXA
# ** Warning: NUMERIC_STD.TO_INTEGER: metavalue detected, returning 0
#    Time: 7496380 ns  Iteration: 5  Instance: /tb/MyRiscv/u_regfile/MUXB
# ** Warning: NUMERIC_STD.TO_INTEGER: metavalue detected, returning 0
#    Time: 7516860 ns  Iteration: 2  Instance: /tb/MyRiscv/u_regfile/MUXB
# ** Warning: NUMERIC_STD.TO_INTEGER: metavalue detected, returning 0
#    Time: 7516860 ns  Iteration: 2  Instance: /tb/MyRiscv/u_regfile/MUXA
# ** Warning: NUMERIC_STD.TO_INTEGER: metavalue detected, returning 0
#    Time: 7516860 ns  Iteration: 5  Instance: /tb/MyRiscv/u_regfile/MUXA
# ** Warning: NUMERIC_STD.TO_INTEGER: metavalue detected, returning 0
#    Time: 7516860 ns  Iteration: 5  Instance: /tb/MyRiscv/u_regfile/MUXB
# ** Warning: NUMERIC_STD.TO_INTEGER: metavalue detected, returning 0
#    Time: 7537340 ns  Iteration: 2  Instance: /tb/MyRiscv/u_regfile/MUXB
# ** Warning: NUMERIC_STD.TO_INTEGER: metavalue detected, returning 0
#    Time: 7537340 ns  Iteration: 2  Instance: /tb/MyRiscv/u_regfile/MUXA
# ** Warning: NUMERIC_STD.TO_INTEGER: metavalue detected, returning 0
#    Time: 7537340 ns  Iteration: 5  Instance: /tb/MyRiscv/u_regfile/MUXA
# ** Warning: NUMERIC_STD.TO_INTEGER: metavalue detected, returning 0
#    Time: 7537340 ns  Iteration: 5  Instance: /tb/MyRiscv/u_regfile/MUXB
# ** Warning: NUMERIC_STD.TO_INTEGER: metavalue detected, returning 0
#    Time: 7557820 ns  Iteration: 2  Instance: /tb/MyRiscv/u_regfile/MUXB
# ** Warning: NUMERIC_STD.TO_INTEGER: metavalue detected, returning 0
#    Time: 7557820 ns  Iteration: 2  Instance: /tb/MyRiscv/u_regfile/MUXA
# ** Warning: NUMERIC_STD.TO_INTEGER: metavalue detected, returning 0
#    Time: 7557820 ns  Iteration: 5  Instance: /tb/MyRiscv/u_regfile/MUXA
# ** Warning: NUMERIC_STD.TO_INTEGER: metavalue detected, returning 0
#    Time: 7557820 ns  Iteration: 5  Instance: /tb/MyRiscv/u_regfile/MUXB
# ** Warning: NUMERIC_STD.TO_INTEGER: metavalue detected, returning 0
#    Time: 7578300 ns  Iteration: 2  Instance: /tb/MyRiscv/u_regfile/MUXB
# ** Warning: NUMERIC_STD.TO_INTEGER: metavalue detected, returning 0
#    Time: 7578300 ns  Iteration: 2  Instance: /tb/MyRiscv/u_regfile/MUXA
# ** Warning: NUMERIC_STD.TO_INTEGER: metavalue detected, returning 0
#    Time: 7578300 ns  Iteration: 5  Instance: /tb/MyRiscv/u_regfile/MUXA
# ** Warning: NUMERIC_STD.TO_INTEGER: metavalue detected, returning 0
#    Time: 7578300 ns  Iteration: 5  Instance: /tb/MyRiscv/u_regfile/MUXB
# ** Warning: NUMERIC_STD.TO_INTEGER: metavalue detected, returning 0
#    Time: 7598780 ns  Iteration: 2  Instance: /tb/MyRiscv/u_regfile/MUXB
# ** Warning: NUMERIC_STD.TO_INTEGER: metavalue detected, returning 0
#    Time: 7598780 ns  Iteration: 2  Instance: /tb/MyRiscv/u_regfile/MUXA
# ** Warning: NUMERIC_STD.TO_INTEGER: metavalue detected, returning 0
#    Time: 7598780 ns  Iteration: 5  Instance: /tb/MyRiscv/u_regfile/MUXA
# ** Warning: NUMERIC_STD.TO_INTEGER: metavalue detected, returning 0
#    Time: 7598780 ns  Iteration: 5  Instance: /tb/MyRiscv/u_regfile/MUXB
# ** Warning: NUMERIC_STD.TO_INTEGER: metavalue detected, returning 0
#    Time: 7619260 ns  Iteration: 2  Instance: /tb/MyRiscv/u_regfile/MUXB
# ** Warning: NUMERIC_STD.TO_INTEGER: metavalue detected, returning 0
#    Time: 7619260 ns  Iteration: 2  Instance: /tb/MyRiscv/u_regfile/MUXA
# ** Warning: NUMERIC_STD.TO_INTEGER: metavalue detected, returning 0
#    Time: 7619260 ns  Iteration: 5  Instance: /tb/MyRiscv/u_regfile/MUXA
# ** Warning: NUMERIC_STD.TO_INTEGER: metavalue detected, returning 0
#    Time: 7619260 ns  Iteration: 5  Instance: /tb/MyRiscv/u_regfile/MUXB
# ** Warning: NUMERIC_STD.TO_INTEGER: metavalue detected, returning 0
#    Time: 7639740 ns  Iteration: 2  Instance: /tb/MyRiscv/u_regfile/MUXB
# ** Warning: NUMERIC_STD.TO_INTEGER: metavalue detected, returning 0
#    Time: 7639740 ns  Iteration: 2  Instance: /tb/MyRiscv/u_regfile/MUXA
# ** Warning: NUMERIC_STD.TO_INTEGER: metavalue detected, returning 0
#    Time: 7639740 ns  Iteration: 5  Instance: /tb/MyRiscv/u_regfile/MUXA
# ** Warning: NUMERIC_STD.TO_INTEGER: metavalue detected, returning 0
#    Time: 7639740 ns  Iteration: 5  Instance: /tb/MyRiscv/u_regfile/MUXB
# ** Warning: NUMERIC_STD.TO_INTEGER: metavalue detected, returning 0
#    Time: 7660220 ns  Iteration: 2  Instance: /tb/MyRiscv/u_regfile/MUXB
# ** Warning: NUMERIC_STD.TO_INTEGER: metavalue detected, returning 0
#    Time: 7660220 ns  Iteration: 2  Instance: /tb/MyRiscv/u_regfile/MUXA
# ** Warning: NUMERIC_STD.TO_INTEGER: metavalue detected, returning 0
#    Time: 7660220 ns  Iteration: 5  Instance: /tb/MyRiscv/u_regfile/MUXA
# ** Warning: NUMERIC_STD.TO_INTEGER: metavalue detected, returning 0
#    Time: 7660220 ns  Iteration: 5  Instance: /tb/MyRiscv/u_regfile/MUXB
# ** Warning: NUMERIC_STD.TO_INTEGER: metavalue detected, returning 0
#    Time: 7680700 ns  Iteration: 2  Instance: /tb/MyRiscv/u_regfile/MUXB
# ** Warning: NUMERIC_STD.TO_INTEGER: metavalue detected, returning 0
#    Time: 7680700 ns  Iteration: 2  Instance: /tb/MyRiscv/u_regfile/MUXA
# ** Warning: NUMERIC_STD.TO_INTEGER: metavalue detected, returning 0
#    Time: 7680700 ns  Iteration: 5  Instance: /tb/MyRiscv/u_regfile/MUXA
# ** Warning: NUMERIC_STD.TO_INTEGER: metavalue detected, returning 0
#    Time: 7680700 ns  Iteration: 5  Instance: /tb/MyRiscv/u_regfile/MUXB
# ** Warning: NUMERIC_STD.TO_INTEGER: metavalue detected, returning 0
#    Time: 7701180 ns  Iteration: 2  Instance: /tb/MyRiscv/u_regfile/MUXB
# ** Warning: NUMERIC_STD.TO_INTEGER: metavalue detected, returning 0
#    Time: 7701180 ns  Iteration: 2  Instance: /tb/MyRiscv/u_regfile/MUXA
# ** Warning: NUMERIC_STD.TO_INTEGER: metavalue detected, returning 0
#    Time: 7701180 ns  Iteration: 5  Instance: /tb/MyRiscv/u_regfile/MUXA
# ** Warning: NUMERIC_STD.TO_INTEGER: metavalue detected, returning 0
#    Time: 7701180 ns  Iteration: 5  Instance: /tb/MyRiscv/u_regfile/MUXB
# ** Warning: NUMERIC_STD.TO_INTEGER: metavalue detected, returning 0
#    Time: 7721660 ns  Iteration: 2  Instance: /tb/MyRiscv/u_regfile/MUXB
# ** Warning: NUMERIC_STD.TO_INTEGER: metavalue detected, returning 0
#    Time: 7721660 ns  Iteration: 2  Instance: /tb/MyRiscv/u_regfile/MUXA
# ** Warning: NUMERIC_STD.TO_INTEGER: metavalue detected, returning 0
#    Time: 7721660 ns  Iteration: 5  Instance: /tb/MyRiscv/u_regfile/MUXA
# ** Warning: NUMERIC_STD.TO_INTEGER: metavalue detected, returning 0
#    Time: 7721660 ns  Iteration: 5  Instance: /tb/MyRiscv/u_regfile/MUXB
# ** Warning: NUMERIC_STD.TO_INTEGER: metavalue detected, returning 0
#    Time: 7742140 ns  Iteration: 2  Instance: /tb/MyRiscv/u_regfile/MUXB
# ** Warning: NUMERIC_STD.TO_INTEGER: metavalue detected, returning 0
#    Time: 7742140 ns  Iteration: 2  Instance: /tb/MyRiscv/u_regfile/MUXA
# ** Warning: NUMERIC_STD.TO_INTEGER: metavalue detected, returning 0
#    Time: 7742140 ns  Iteration: 5  Instance: /tb/MyRiscv/u_regfile/MUXA
# ** Warning: NUMERIC_STD.TO_INTEGER: metavalue detected, returning 0
#    Time: 7742140 ns  Iteration: 5  Instance: /tb/MyRiscv/u_regfile/MUXB
# ** Warning: NUMERIC_STD.TO_INTEGER: metavalue detected, returning 0
#    Time: 7762620 ns  Iteration: 2  Instance: /tb/MyRiscv/u_regfile/MUXB
# ** Warning: NUMERIC_STD.TO_INTEGER: metavalue detected, returning 0
#    Time: 7762620 ns  Iteration: 2  Instance: /tb/MyRiscv/u_regfile/MUXA
# ** Warning: NUMERIC_STD.TO_INTEGER: metavalue detected, returning 0
#    Time: 7762620 ns  Iteration: 5  Instance: /tb/MyRiscv/u_regfile/MUXA
# ** Warning: NUMERIC_STD.TO_INTEGER: metavalue detected, returning 0
#    Time: 7762620 ns  Iteration: 5  Instance: /tb/MyRiscv/u_regfile/MUXB
# ** Warning: NUMERIC_STD.TO_INTEGER: metavalue detected, returning 0
#    Time: 7783100 ns  Iteration: 2  Instance: /tb/MyRiscv/u_regfile/MUXB
# ** Warning: NUMERIC_STD.TO_INTEGER: metavalue detected, returning 0
#    Time: 7783100 ns  Iteration: 2  Instance: /tb/MyRiscv/u_regfile/MUXA
# ** Warning: NUMERIC_STD.TO_INTEGER: metavalue detected, returning 0
#    Time: 7783100 ns  Iteration: 5  Instance: /tb/MyRiscv/u_regfile/MUXA
# ** Warning: NUMERIC_STD.TO_INTEGER: metavalue detected, returning 0
#    Time: 7783100 ns  Iteration: 5  Instance: /tb/MyRiscv/u_regfile/MUXB
# ** Warning: NUMERIC_STD.TO_INTEGER: metavalue detected, returning 0
#    Time: 7803580 ns  Iteration: 2  Instance: /tb/MyRiscv/u_regfile/MUXB
# ** Warning: NUMERIC_STD.TO_INTEGER: metavalue detected, returning 0
#    Time: 7803580 ns  Iteration: 2  Instance: /tb/MyRiscv/u_regfile/MUXA
# ** Warning: NUMERIC_STD.TO_INTEGER: metavalue detected, returning 0
#    Time: 7803580 ns  Iteration: 5  Instance: /tb/MyRiscv/u_regfile/MUXA
# ** Warning: NUMERIC_STD.TO_INTEGER: metavalue detected, returning 0
#    Time: 7803580 ns  Iteration: 5  Instance: /tb/MyRiscv/u_regfile/MUXB
# ** Warning: NUMERIC_STD.TO_INTEGER: metavalue detected, returning 0
#    Time: 7824060 ns  Iteration: 2  Instance: /tb/MyRiscv/u_regfile/MUXB
# ** Warning: NUMERIC_STD.TO_INTEGER: metavalue detected, returning 0
#    Time: 7824060 ns  Iteration: 2  Instance: /tb/MyRiscv/u_regfile/MUXA
# ** Warning: NUMERIC_STD.TO_INTEGER: metavalue detected, returning 0
#    Time: 7824060 ns  Iteration: 5  Instance: /tb/MyRiscv/u_regfile/MUXA
# ** Warning: NUMERIC_STD.TO_INTEGER: metavalue detected, returning 0
#    Time: 7824060 ns  Iteration: 5  Instance: /tb/MyRiscv/u_regfile/MUXB
# ** Warning: NUMERIC_STD.TO_INTEGER: metavalue detected, returning 0
#    Time: 7844540 ns  Iteration: 2  Instance: /tb/MyRiscv/u_regfile/MUXB
# ** Warning: NUMERIC_STD.TO_INTEGER: metavalue detected, returning 0
#    Time: 7844540 ns  Iteration: 2  Instance: /tb/MyRiscv/u_regfile/MUXA
# ** Warning: NUMERIC_STD.TO_INTEGER: metavalue detected, returning 0
#    Time: 7844540 ns  Iteration: 5  Instance: /tb/MyRiscv/u_regfile/MUXA
# ** Warning: NUMERIC_STD.TO_INTEGER: metavalue detected, returning 0
#    Time: 7844540 ns  Iteration: 5  Instance: /tb/MyRiscv/u_regfile/MUXB
# ** Warning: NUMERIC_STD.TO_INTEGER: metavalue detected, returning 0
#    Time: 7865020 ns  Iteration: 2  Instance: /tb/MyRiscv/u_regfile/MUXB
# ** Warning: NUMERIC_STD.TO_INTEGER: metavalue detected, returning 0
#    Time: 7865020 ns  Iteration: 2  Instance: /tb/MyRiscv/u_regfile/MUXA
# ** Warning: NUMERIC_STD.TO_INTEGER: metavalue detected, returning 0
#    Time: 7865020 ns  Iteration: 5  Instance: /tb/MyRiscv/u_regfile/MUXA
# ** Warning: NUMERIC_STD.TO_INTEGER: metavalue detected, returning 0
#    Time: 7865020 ns  Iteration: 5  Instance: /tb/MyRiscv/u_regfile/MUXB
# ** Warning: NUMERIC_STD.TO_INTEGER: metavalue detected, returning 0
#    Time: 7885500 ns  Iteration: 2  Instance: /tb/MyRiscv/u_regfile/MUXB
# ** Warning: NUMERIC_STD.TO_INTEGER: metavalue detected, returning 0
#    Time: 7885500 ns  Iteration: 2  Instance: /tb/MyRiscv/u_regfile/MUXA
# ** Warning: NUMERIC_STD.TO_INTEGER: metavalue detected, returning 0
#    Time: 7885500 ns  Iteration: 5  Instance: /tb/MyRiscv/u_regfile/MUXA
# ** Warning: NUMERIC_STD.TO_INTEGER: metavalue detected, returning 0
#    Time: 7885500 ns  Iteration: 5  Instance: /tb/MyRiscv/u_regfile/MUXB
# ** Warning: NUMERIC_STD.TO_INTEGER: metavalue detected, returning 0
#    Time: 7905980 ns  Iteration: 2  Instance: /tb/MyRiscv/u_regfile/MUXB
# ** Warning: NUMERIC_STD.TO_INTEGER: metavalue detected, returning 0
#    Time: 7905980 ns  Iteration: 2  Instance: /tb/MyRiscv/u_regfile/MUXA
# ** Warning: NUMERIC_STD.TO_INTEGER: metavalue detected, returning 0
#    Time: 7905980 ns  Iteration: 5  Instance: /tb/MyRiscv/u_regfile/MUXA
# ** Warning: NUMERIC_STD.TO_INTEGER: metavalue detected, returning 0
#    Time: 7905980 ns  Iteration: 5  Instance: /tb/MyRiscv/u_regfile/MUXB
# ** Warning: NUMERIC_STD.TO_INTEGER: metavalue detected, returning 0
#    Time: 7926460 ns  Iteration: 2  Instance: /tb/MyRiscv/u_regfile/MUXB
# ** Warning: NUMERIC_STD.TO_INTEGER: metavalue detected, returning 0
#    Time: 7926460 ns  Iteration: 2  Instance: /tb/MyRiscv/u_regfile/MUXA
# ** Warning: NUMERIC_STD.TO_INTEGER: metavalue detected, returning 0
#    Time: 7926460 ns  Iteration: 5  Instance: /tb/MyRiscv/u_regfile/MUXA
# ** Warning: NUMERIC_STD.TO_INTEGER: metavalue detected, returning 0
#    Time: 7926460 ns  Iteration: 5  Instance: /tb/MyRiscv/u_regfile/MUXB
# ** Warning: NUMERIC_STD.TO_INTEGER: metavalue detected, returning 0
#    Time: 7946940 ns  Iteration: 2  Instance: /tb/MyRiscv/u_regfile/MUXB
# ** Warning: NUMERIC_STD.TO_INTEGER: metavalue detected, returning 0
#    Time: 7946940 ns  Iteration: 2  Instance: /tb/MyRiscv/u_regfile/MUXA
# ** Warning: NUMERIC_STD.TO_INTEGER: metavalue detected, returning 0
#    Time: 7946940 ns  Iteration: 5  Instance: /tb/MyRiscv/u_regfile/MUXA
# ** Warning: NUMERIC_STD.TO_INTEGER: metavalue detected, returning 0
#    Time: 7946940 ns  Iteration: 5  Instance: /tb/MyRiscv/u_regfile/MUXB
# ** Warning: NUMERIC_STD.TO_INTEGER: metavalue detected, returning 0
#    Time: 7967420 ns  Iteration: 2  Instance: /tb/MyRiscv/u_regfile/MUXB
# ** Warning: NUMERIC_STD.TO_INTEGER: metavalue detected, returning 0
#    Time: 7967420 ns  Iteration: 2  Instance: /tb/MyRiscv/u_regfile/MUXA
# ** Warning: NUMERIC_STD.TO_INTEGER: metavalue detected, returning 0
#    Time: 7967420 ns  Iteration: 5  Instance: /tb/MyRiscv/u_regfile/MUXA
# ** Warning: NUMERIC_STD.TO_INTEGER: metavalue detected, returning 0
#    Time: 7967420 ns  Iteration: 5  Instance: /tb/MyRiscv/u_regfile/MUXB
# ** Warning: NUMERIC_STD.TO_INTEGER: metavalue detected, returning 0
#    Time: 7987900 ns  Iteration: 2  Instance: /tb/MyRiscv/u_regfile/MUXB
# ** Warning: NUMERIC_STD.TO_INTEGER: metavalue detected, returning 0
#    Time: 7987900 ns  Iteration: 2  Instance: /tb/MyRiscv/u_regfile/MUXA
# ** Warning: NUMERIC_STD.TO_INTEGER: metavalue detected, returning 0
#    Time: 7987900 ns  Iteration: 5  Instance: /tb/MyRiscv/u_regfile/MUXA
# ** Warning: NUMERIC_STD.TO_INTEGER: metavalue detected, returning 0
#    Time: 7987900 ns  Iteration: 5  Instance: /tb/MyRiscv/u_regfile/MUXB
# ** Warning: NUMERIC_STD.TO_INTEGER: metavalue detected, returning 0
#    Time: 8008380 ns  Iteration: 2  Instance: /tb/MyRiscv/u_regfile/MUXB
# ** Warning: NUMERIC_STD.TO_INTEGER: metavalue detected, returning 0
#    Time: 8008380 ns  Iteration: 2  Instance: /tb/MyRiscv/u_regfile/MUXA
# ** Warning: NUMERIC_STD.TO_INTEGER: metavalue detected, returning 0
#    Time: 8008380 ns  Iteration: 5  Instance: /tb/MyRiscv/u_regfile/MUXA
# ** Warning: NUMERIC_STD.TO_INTEGER: metavalue detected, returning 0
#    Time: 8008380 ns  Iteration: 5  Instance: /tb/MyRiscv/u_regfile/MUXB
# ** Warning: NUMERIC_STD.TO_INTEGER: metavalue detected, returning 0
#    Time: 8028860 ns  Iteration: 2  Instance: /tb/MyRiscv/u_regfile/MUXB
# ** Warning: NUMERIC_STD.TO_INTEGER: metavalue detected, returning 0
#    Time: 8028860 ns  Iteration: 2  Instance: /tb/MyRiscv/u_regfile/MUXA
# ** Warning: NUMERIC_STD.TO_INTEGER: metavalue detected, returning 0
#    Time: 8028860 ns  Iteration: 5  Instance: /tb/MyRiscv/u_regfile/MUXA
# ** Warning: NUMERIC_STD.TO_INTEGER: metavalue detected, returning 0
#    Time: 8028860 ns  Iteration: 5  Instance: /tb/MyRiscv/u_regfile/MUXB
# ** Warning: NUMERIC_STD.TO_INTEGER: metavalue detected, returning 0
#    Time: 8049340 ns  Iteration: 2  Instance: /tb/MyRiscv/u_regfile/MUXB
# ** Warning: NUMERIC_STD.TO_INTEGER: metavalue detected, returning 0
#    Time: 8049340 ns  Iteration: 2  Instance: /tb/MyRiscv/u_regfile/MUXA
# ** Warning: NUMERIC_STD.TO_INTEGER: metavalue detected, returning 0
#    Time: 8049340 ns  Iteration: 5  Instance: /tb/MyRiscv/u_regfile/MUXA
# ** Warning: NUMERIC_STD.TO_INTEGER: metavalue detected, returning 0
#    Time: 8049340 ns  Iteration: 5  Instance: /tb/MyRiscv/u_regfile/MUXB
# ** Warning: NUMERIC_STD.TO_INTEGER: metavalue detected, returning 0
#    Time: 8069820 ns  Iteration: 2  Instance: /tb/MyRiscv/u_regfile/MUXB
# ** Warning: NUMERIC_STD.TO_INTEGER: metavalue detected, returning 0
#    Time: 8069820 ns  Iteration: 2  Instance: /tb/MyRiscv/u_regfile/MUXA
# ** Warning: NUMERIC_STD.TO_INTEGER: metavalue detected, returning 0
#    Time: 8069820 ns  Iteration: 5  Instance: /tb/MyRiscv/u_regfile/MUXA
# ** Warning: NUMERIC_STD.TO_INTEGER: metavalue detected, returning 0
#    Time: 8069820 ns  Iteration: 5  Instance: /tb/MyRiscv/u_regfile/MUXB
# ** Warning: NUMERIC_STD.TO_INTEGER: metavalue detected, returning 0
#    Time: 8090300 ns  Iteration: 2  Instance: /tb/MyRiscv/u_regfile/MUXB
# ** Warning: NUMERIC_STD.TO_INTEGER: metavalue detected, returning 0
#    Time: 8090300 ns  Iteration: 2  Instance: /tb/MyRiscv/u_regfile/MUXA
# ** Warning: NUMERIC_STD.TO_INTEGER: metavalue detected, returning 0
#    Time: 8090300 ns  Iteration: 5  Instance: /tb/MyRiscv/u_regfile/MUXA
# ** Warning: NUMERIC_STD.TO_INTEGER: metavalue detected, returning 0
#    Time: 8090300 ns  Iteration: 5  Instance: /tb/MyRiscv/u_regfile/MUXB
# ** Warning: NUMERIC_STD.TO_INTEGER: metavalue detected, returning 0
#    Time: 8110780 ns  Iteration: 2  Instance: /tb/MyRiscv/u_regfile/MUXB
# ** Warning: NUMERIC_STD.TO_INTEGER: metavalue detected, returning 0
#    Time: 8110780 ns  Iteration: 2  Instance: /tb/MyRiscv/u_regfile/MUXA
# ** Warning: NUMERIC_STD.TO_INTEGER: metavalue detected, returning 0
#    Time: 8110780 ns  Iteration: 5  Instance: /tb/MyRiscv/u_regfile/MUXA
# ** Warning: NUMERIC_STD.TO_INTEGER: metavalue detected, returning 0
#    Time: 8110780 ns  Iteration: 5  Instance: /tb/MyRiscv/u_regfile/MUXB
# ** Warning: NUMERIC_STD.TO_INTEGER: metavalue detected, returning 0
#    Time: 8131260 ns  Iteration: 2  Instance: /tb/MyRiscv/u_regfile/MUXB
# ** Warning: NUMERIC_STD.TO_INTEGER: metavalue detected, returning 0
#    Time: 8131260 ns  Iteration: 2  Instance: /tb/MyRiscv/u_regfile/MUXA
# ** Warning: NUMERIC_STD.TO_INTEGER: metavalue detected, returning 0
#    Time: 8131260 ns  Iteration: 5  Instance: /tb/MyRiscv/u_regfile/MUXA
# ** Warning: NUMERIC_STD.TO_INTEGER: metavalue detected, returning 0
#    Time: 8131260 ns  Iteration: 5  Instance: /tb/MyRiscv/u_regfile/MUXB
# ** Warning: NUMERIC_STD.TO_INTEGER: metavalue detected, returning 0
#    Time: 8151740 ns  Iteration: 2  Instance: /tb/MyRiscv/u_regfile/MUXB
# ** Warning: NUMERIC_STD.TO_INTEGER: metavalue detected, returning 0
#    Time: 8151740 ns  Iteration: 2  Instance: /tb/MyRiscv/u_regfile/MUXA
# ** Warning: NUMERIC_STD.TO_INTEGER: metavalue detected, returning 0
#    Time: 8151740 ns  Iteration: 5  Instance: /tb/MyRiscv/u_regfile/MUXA
# ** Warning: NUMERIC_STD.TO_INTEGER: metavalue detected, returning 0
#    Time: 8151740 ns  Iteration: 5  Instance: /tb/MyRiscv/u_regfile/MUXB
# ** Warning: NUMERIC_STD.TO_INTEGER: metavalue detected, returning 0
#    Time: 8172220 ns  Iteration: 2  Instance: /tb/MyRiscv/u_regfile/MUXB
# ** Warning: NUMERIC_STD.TO_INTEGER: metavalue detected, returning 0
#    Time: 8172220 ns  Iteration: 2  Instance: /tb/MyRiscv/u_regfile/MUXA
# ** Warning: NUMERIC_STD.TO_INTEGER: metavalue detected, returning 0
#    Time: 8172220 ns  Iteration: 5  Instance: /tb/MyRiscv/u_regfile/MUXA
# ** Warning: NUMERIC_STD.TO_INTEGER: metavalue detected, returning 0
#    Time: 8172220 ns  Iteration: 5  Instance: /tb/MyRiscv/u_regfile/MUXB
# ** Warning: NUMERIC_STD.TO_INTEGER: metavalue detected, returning 0
#    Time: 8192700 ns  Iteration: 2  Instance: /tb/MyRiscv/u_regfile/MUXB
# ** Warning: NUMERIC_STD.TO_INTEGER: metavalue detected, returning 0
#    Time: 8192700 ns  Iteration: 2  Instance: /tb/MyRiscv/u_regfile/MUXA
# ** Warning: NUMERIC_STD.TO_INTEGER: metavalue detected, returning 0
#    Time: 8192700 ns  Iteration: 5  Instance: /tb/MyRiscv/u_regfile/MUXA
# ** Warning: NUMERIC_STD.TO_INTEGER: metavalue detected, returning 0
#    Time: 8192700 ns  Iteration: 5  Instance: /tb/MyRiscv/u_regfile/MUXB
# ** Warning: NUMERIC_STD.TO_INTEGER: metavalue detected, returning 0
#    Time: 8213180 ns  Iteration: 2  Instance: /tb/MyRiscv/u_regfile/MUXB
# ** Warning: NUMERIC_STD.TO_INTEGER: metavalue detected, returning 0
#    Time: 8213180 ns  Iteration: 2  Instance: /tb/MyRiscv/u_regfile/MUXA
# ** Warning: NUMERIC_STD.TO_INTEGER: metavalue detected, returning 0
#    Time: 8213180 ns  Iteration: 5  Instance: /tb/MyRiscv/u_regfile/MUXA
# ** Warning: NUMERIC_STD.TO_INTEGER: metavalue detected, returning 0
#    Time: 8213180 ns  Iteration: 5  Instance: /tb/MyRiscv/u_regfile/MUXB
# ** Warning: NUMERIC_STD.TO_INTEGER: metavalue detected, returning 0
#    Time: 8233660 ns  Iteration: 2  Instance: /tb/MyRiscv/u_regfile/MUXB
# ** Warning: NUMERIC_STD.TO_INTEGER: metavalue detected, returning 0
#    Time: 8233660 ns  Iteration: 2  Instance: /tb/MyRiscv/u_regfile/MUXA
# ** Warning: NUMERIC_STD.TO_INTEGER: metavalue detected, returning 0
#    Time: 8233660 ns  Iteration: 5  Instance: /tb/MyRiscv/u_regfile/MUXA
# ** Warning: NUMERIC_STD.TO_INTEGER: metavalue detected, returning 0
#    Time: 8233660 ns  Iteration: 5  Instance: /tb/MyRiscv/u_regfile/MUXB
# ** Warning: NUMERIC_STD.TO_INTEGER: metavalue detected, returning 0
#    Time: 8254140 ns  Iteration: 2  Instance: /tb/MyRiscv/u_regfile/MUXB
# ** Warning: NUMERIC_STD.TO_INTEGER: metavalue detected, returning 0
#    Time: 8254140 ns  Iteration: 2  Instance: /tb/MyRiscv/u_regfile/MUXA
# ** Warning: NUMERIC_STD.TO_INTEGER: metavalue detected, returning 0
#    Time: 8254140 ns  Iteration: 5  Instance: /tb/MyRiscv/u_regfile/MUXA
# ** Warning: NUMERIC_STD.TO_INTEGER: metavalue detected, returning 0
#    Time: 8254140 ns  Iteration: 5  Instance: /tb/MyRiscv/u_regfile/MUXB
# ** Warning: NUMERIC_STD.TO_INTEGER: metavalue detected, returning 0
#    Time: 8274620 ns  Iteration: 2  Instance: /tb/MyRiscv/u_regfile/MUXB
# ** Warning: NUMERIC_STD.TO_INTEGER: metavalue detected, returning 0
#    Time: 8274620 ns  Iteration: 2  Instance: /tb/MyRiscv/u_regfile/MUXA
# ** Warning: NUMERIC_STD.TO_INTEGER: metavalue detected, returning 0
#    Time: 8274620 ns  Iteration: 5  Instance: /tb/MyRiscv/u_regfile/MUXA
# ** Warning: NUMERIC_STD.TO_INTEGER: metavalue detected, returning 0
#    Time: 8274620 ns  Iteration: 5  Instance: /tb/MyRiscv/u_regfile/MUXB
# ** Warning: NUMERIC_STD.TO_INTEGER: metavalue detected, returning 0
#    Time: 8295100 ns  Iteration: 2  Instance: /tb/MyRiscv/u_regfile/MUXB
# ** Warning: NUMERIC_STD.TO_INTEGER: metavalue detected, returning 0
#    Time: 8295100 ns  Iteration: 2  Instance: /tb/MyRiscv/u_regfile/MUXA
# ** Warning: NUMERIC_STD.TO_INTEGER: metavalue detected, returning 0
#    Time: 8295100 ns  Iteration: 5  Instance: /tb/MyRiscv/u_regfile/MUXA
# ** Warning: NUMERIC_STD.TO_INTEGER: metavalue detected, returning 0
#    Time: 8295100 ns  Iteration: 5  Instance: /tb/MyRiscv/u_regfile/MUXB
# ** Warning: NUMERIC_STD.TO_INTEGER: metavalue detected, returning 0
#    Time: 8315580 ns  Iteration: 2  Instance: /tb/MyRiscv/u_regfile/MUXB
# ** Warning: NUMERIC_STD.TO_INTEGER: metavalue detected, returning 0
#    Time: 8315580 ns  Iteration: 2  Instance: /tb/MyRiscv/u_regfile/MUXA
# ** Warning: NUMERIC_STD.TO_INTEGER: metavalue detected, returning 0
#    Time: 8315580 ns  Iteration: 5  Instance: /tb/MyRiscv/u_regfile/MUXA
# ** Warning: NUMERIC_STD.TO_INTEGER: metavalue detected, returning 0
#    Time: 8315580 ns  Iteration: 5  Instance: /tb/MyRiscv/u_regfile/MUXB
# ** Warning: NUMERIC_STD.TO_INTEGER: metavalue detected, returning 0
#    Time: 8336060 ns  Iteration: 2  Instance: /tb/MyRiscv/u_regfile/MUXB
# ** Warning: NUMERIC_STD.TO_INTEGER: metavalue detected, returning 0
#    Time: 8336060 ns  Iteration: 2  Instance: /tb/MyRiscv/u_regfile/MUXA
# ** Warning: NUMERIC_STD.TO_INTEGER: metavalue detected, returning 0
#    Time: 8336060 ns  Iteration: 5  Instance: /tb/MyRiscv/u_regfile/MUXA
# ** Warning: NUMERIC_STD.TO_INTEGER: metavalue detected, returning 0
#    Time: 8336060 ns  Iteration: 5  Instance: /tb/MyRiscv/u_regfile/MUXB
# ** Warning: NUMERIC_STD.TO_INTEGER: metavalue detected, returning 0
#    Time: 8356540 ns  Iteration: 2  Instance: /tb/MyRiscv/u_regfile/MUXB
# ** Warning: NUMERIC_STD.TO_INTEGER: metavalue detected, returning 0
#    Time: 8356540 ns  Iteration: 2  Instance: /tb/MyRiscv/u_regfile/MUXA
# ** Warning: NUMERIC_STD.TO_INTEGER: metavalue detected, returning 0
#    Time: 8356540 ns  Iteration: 5  Instance: /tb/MyRiscv/u_regfile/MUXA
# ** Warning: NUMERIC_STD.TO_INTEGER: metavalue detected, returning 0
#    Time: 8356540 ns  Iteration: 5  Instance: /tb/MyRiscv/u_regfile/MUXB
# ** Warning: NUMERIC_STD.TO_INTEGER: metavalue detected, returning 0
#    Time: 8377020 ns  Iteration: 2  Instance: /tb/MyRiscv/u_regfile/MUXB
# ** Warning: NUMERIC_STD.TO_INTEGER: metavalue detected, returning 0
#    Time: 8377020 ns  Iteration: 2  Instance: /tb/MyRiscv/u_regfile/MUXA
# ** Warning: NUMERIC_STD.TO_INTEGER: metavalue detected, returning 0
#    Time: 8377020 ns  Iteration: 5  Instance: /tb/MyRiscv/u_regfile/MUXA
# ** Warning: NUMERIC_STD.TO_INTEGER: metavalue detected, returning 0
#    Time: 8377020 ns  Iteration: 5  Instance: /tb/MyRiscv/u_regfile/MUXB
# ** Warning: NUMERIC_STD.TO_INTEGER: metavalue detected, returning 0
#    Time: 8397500 ns  Iteration: 2  Instance: /tb/MyRiscv/u_regfile/MUXB
# ** Warning: NUMERIC_STD.TO_INTEGER: metavalue detected, returning 0
#    Time: 8397500 ns  Iteration: 2  Instance: /tb/MyRiscv/u_regfile/MUXA
# ** Warning: NUMERIC_STD.TO_INTEGER: metavalue detected, returning 0
#    Time: 8397500 ns  Iteration: 5  Instance: /tb/MyRiscv/u_regfile/MUXA
# ** Warning: NUMERIC_STD.TO_INTEGER: metavalue detected, returning 0
#    Time: 8397500 ns  Iteration: 5  Instance: /tb/MyRiscv/u_regfile/MUXB
# ** Warning: NUMERIC_STD.TO_INTEGER: metavalue detected, returning 0
#    Time: 8417980 ns  Iteration: 2  Instance: /tb/MyRiscv/u_regfile/MUXB
# ** Warning: NUMERIC_STD.TO_INTEGER: metavalue detected, returning 0
#    Time: 8417980 ns  Iteration: 2  Instance: /tb/MyRiscv/u_regfile/MUXA
# ** Warning: NUMERIC_STD.TO_INTEGER: metavalue detected, returning 0
#    Time: 8417980 ns  Iteration: 5  Instance: /tb/MyRiscv/u_regfile/MUXA
# ** Warning: NUMERIC_STD.TO_INTEGER: metavalue detected, returning 0
#    Time: 8417980 ns  Iteration: 5  Instance: /tb/MyRiscv/u_regfile/MUXB
# ** Warning: NUMERIC_STD.TO_INTEGER: metavalue detected, returning 0
#    Time: 8438460 ns  Iteration: 2  Instance: /tb/MyRiscv/u_regfile/MUXB
# ** Warning: NUMERIC_STD.TO_INTEGER: metavalue detected, returning 0
#    Time: 8438460 ns  Iteration: 2  Instance: /tb/MyRiscv/u_regfile/MUXA
# ** Warning: NUMERIC_STD.TO_INTEGER: metavalue detected, returning 0
#    Time: 8438460 ns  Iteration: 5  Instance: /tb/MyRiscv/u_regfile/MUXA
# ** Warning: NUMERIC_STD.TO_INTEGER: metavalue detected, returning 0
#    Time: 8438460 ns  Iteration: 5  Instance: /tb/MyRiscv/u_regfile/MUXB
# ** Warning: NUMERIC_STD.TO_INTEGER: metavalue detected, returning 0
#    Time: 8458940 ns  Iteration: 2  Instance: /tb/MyRiscv/u_regfile/MUXB
# ** Warning: NUMERIC_STD.TO_INTEGER: metavalue detected, returning 0
#    Time: 8458940 ns  Iteration: 2  Instance: /tb/MyRiscv/u_regfile/MUXA
# ** Warning: NUMERIC_STD.TO_INTEGER: metavalue detected, returning 0
#    Time: 8458940 ns  Iteration: 5  Instance: /tb/MyRiscv/u_regfile/MUXA
# ** Warning: NUMERIC_STD.TO_INTEGER: metavalue detected, returning 0
#    Time: 8458940 ns  Iteration: 5  Instance: /tb/MyRiscv/u_regfile/MUXB
# ** Warning: NUMERIC_STD.TO_INTEGER: metavalue detected, returning 0
#    Time: 8479420 ns  Iteration: 2  Instance: /tb/MyRiscv/u_regfile/MUXB
# ** Warning: NUMERIC_STD.TO_INTEGER: metavalue detected, returning 0
#    Time: 8479420 ns  Iteration: 2  Instance: /tb/MyRiscv/u_regfile/MUXA
# ** Warning: NUMERIC_STD.TO_INTEGER: metavalue detected, returning 0
#    Time: 8479420 ns  Iteration: 5  Instance: /tb/MyRiscv/u_regfile/MUXA
# ** Warning: NUMERIC_STD.TO_INTEGER: metavalue detected, returning 0
#    Time: 8479420 ns  Iteration: 5  Instance: /tb/MyRiscv/u_regfile/MUXB
# ** Warning: NUMERIC_STD.TO_INTEGER: metavalue detected, returning 0
#    Time: 8499900 ns  Iteration: 2  Instance: /tb/MyRiscv/u_regfile/MUXB
# ** Warning: NUMERIC_STD.TO_INTEGER: metavalue detected, returning 0
#    Time: 8499900 ns  Iteration: 2  Instance: /tb/MyRiscv/u_regfile/MUXA
# ** Warning: NUMERIC_STD.TO_INTEGER: metavalue detected, returning 0
#    Time: 8499900 ns  Iteration: 5  Instance: /tb/MyRiscv/u_regfile/MUXA
# ** Warning: NUMERIC_STD.TO_INTEGER: metavalue detected, returning 0
#    Time: 8499900 ns  Iteration: 5  Instance: /tb/MyRiscv/u_regfile/MUXB
# ** Warning: NUMERIC_STD.TO_INTEGER: metavalue detected, returning 0
#    Time: 8520380 ns  Iteration: 2  Instance: /tb/MyRiscv/u_regfile/MUXB
# ** Warning: NUMERIC_STD.TO_INTEGER: metavalue detected, returning 0
#    Time: 8520380 ns  Iteration: 2  Instance: /tb/MyRiscv/u_regfile/MUXA
# ** Warning: NUMERIC_STD.TO_INTEGER: metavalue detected, returning 0
#    Time: 8520380 ns  Iteration: 5  Instance: /tb/MyRiscv/u_regfile/MUXA
# ** Warning: NUMERIC_STD.TO_INTEGER: metavalue detected, returning 0
#    Time: 8520380 ns  Iteration: 5  Instance: /tb/MyRiscv/u_regfile/MUXB
# ** Warning: NUMERIC_STD.TO_INTEGER: metavalue detected, returning 0
#    Time: 8540860 ns  Iteration: 2  Instance: /tb/MyRiscv/u_regfile/MUXB
# ** Warning: NUMERIC_STD.TO_INTEGER: metavalue detected, returning 0
#    Time: 8540860 ns  Iteration: 2  Instance: /tb/MyRiscv/u_regfile/MUXA
# ** Warning: NUMERIC_STD.TO_INTEGER: metavalue detected, returning 0
#    Time: 8540860 ns  Iteration: 5  Instance: /tb/MyRiscv/u_regfile/MUXA
# ** Warning: NUMERIC_STD.TO_INTEGER: metavalue detected, returning 0
#    Time: 8540860 ns  Iteration: 5  Instance: /tb/MyRiscv/u_regfile/MUXB
# ** Warning: NUMERIC_STD.TO_INTEGER: metavalue detected, returning 0
#    Time: 8561340 ns  Iteration: 2  Instance: /tb/MyRiscv/u_regfile/MUXB
# ** Warning: NUMERIC_STD.TO_INTEGER: metavalue detected, returning 0
#    Time: 8561340 ns  Iteration: 2  Instance: /tb/MyRiscv/u_regfile/MUXA
# ** Warning: NUMERIC_STD.TO_INTEGER: metavalue detected, returning 0
#    Time: 8561340 ns  Iteration: 5  Instance: /tb/MyRiscv/u_regfile/MUXA
# ** Warning: NUMERIC_STD.TO_INTEGER: metavalue detected, returning 0
#    Time: 8561340 ns  Iteration: 5  Instance: /tb/MyRiscv/u_regfile/MUXB
# ** Warning: NUMERIC_STD.TO_INTEGER: metavalue detected, returning 0
#    Time: 8581820 ns  Iteration: 2  Instance: /tb/MyRiscv/u_regfile/MUXB
# ** Warning: NUMERIC_STD.TO_INTEGER: metavalue detected, returning 0
#    Time: 8581820 ns  Iteration: 2  Instance: /tb/MyRiscv/u_regfile/MUXA
# ** Warning: NUMERIC_STD.TO_INTEGER: metavalue detected, returning 0
#    Time: 8581820 ns  Iteration: 5  Instance: /tb/MyRiscv/u_regfile/MUXA
# ** Warning: NUMERIC_STD.TO_INTEGER: metavalue detected, returning 0
#    Time: 8581820 ns  Iteration: 5  Instance: /tb/MyRiscv/u_regfile/MUXB
# ** Warning: NUMERIC_STD.TO_INTEGER: metavalue detected, returning 0
#    Time: 8602300 ns  Iteration: 2  Instance: /tb/MyRiscv/u_regfile/MUXB
# ** Warning: NUMERIC_STD.TO_INTEGER: metavalue detected, returning 0
#    Time: 8602300 ns  Iteration: 2  Instance: /tb/MyRiscv/u_regfile/MUXA
# ** Warning: NUMERIC_STD.TO_INTEGER: metavalue detected, returning 0
#    Time: 8602300 ns  Iteration: 5  Instance: /tb/MyRiscv/u_regfile/MUXA
# ** Warning: NUMERIC_STD.TO_INTEGER: metavalue detected, returning 0
#    Time: 8602300 ns  Iteration: 5  Instance: /tb/MyRiscv/u_regfile/MUXB
# ** Warning: NUMERIC_STD.TO_INTEGER: metavalue detected, returning 0
#    Time: 8622780 ns  Iteration: 2  Instance: /tb/MyRiscv/u_regfile/MUXB
# ** Warning: NUMERIC_STD.TO_INTEGER: metavalue detected, returning 0
#    Time: 8622780 ns  Iteration: 2  Instance: /tb/MyRiscv/u_regfile/MUXA
# ** Warning: NUMERIC_STD.TO_INTEGER: metavalue detected, returning 0
#    Time: 8622780 ns  Iteration: 5  Instance: /tb/MyRiscv/u_regfile/MUXA
# ** Warning: NUMERIC_STD.TO_INTEGER: metavalue detected, returning 0
#    Time: 8622780 ns  Iteration: 5  Instance: /tb/MyRiscv/u_regfile/MUXB
# ** Warning: NUMERIC_STD.TO_INTEGER: metavalue detected, returning 0
#    Time: 8643260 ns  Iteration: 2  Instance: /tb/MyRiscv/u_regfile/MUXB
# ** Warning: NUMERIC_STD.TO_INTEGER: metavalue detected, returning 0
#    Time: 8643260 ns  Iteration: 2  Instance: /tb/MyRiscv/u_regfile/MUXA
# ** Warning: NUMERIC_STD.TO_INTEGER: metavalue detected, returning 0
#    Time: 8643260 ns  Iteration: 5  Instance: /tb/MyRiscv/u_regfile/MUXA
# ** Warning: NUMERIC_STD.TO_INTEGER: metavalue detected, returning 0
#    Time: 8643260 ns  Iteration: 5  Instance: /tb/MyRiscv/u_regfile/MUXB
# ** Warning: NUMERIC_STD.TO_INTEGER: metavalue detected, returning 0
#    Time: 8663740 ns  Iteration: 2  Instance: /tb/MyRiscv/u_regfile/MUXB
# ** Warning: NUMERIC_STD.TO_INTEGER: metavalue detected, returning 0
#    Time: 8663740 ns  Iteration: 2  Instance: /tb/MyRiscv/u_regfile/MUXA
# ** Warning: NUMERIC_STD.TO_INTEGER: metavalue detected, returning 0
#    Time: 8663740 ns  Iteration: 5  Instance: /tb/MyRiscv/u_regfile/MUXA
# ** Warning: NUMERIC_STD.TO_INTEGER: metavalue detected, returning 0
#    Time: 8663740 ns  Iteration: 5  Instance: /tb/MyRiscv/u_regfile/MUXB
# ** Warning: NUMERIC_STD.TO_INTEGER: metavalue detected, returning 0
#    Time: 8684220 ns  Iteration: 2  Instance: /tb/MyRiscv/u_regfile/MUXB
# ** Warning: NUMERIC_STD.TO_INTEGER: metavalue detected, returning 0
#    Time: 8684220 ns  Iteration: 2  Instance: /tb/MyRiscv/u_regfile/MUXA
# ** Warning: NUMERIC_STD.TO_INTEGER: metavalue detected, returning 0
#    Time: 8684220 ns  Iteration: 5  Instance: /tb/MyRiscv/u_regfile/MUXA
# ** Warning: NUMERIC_STD.TO_INTEGER: metavalue detected, returning 0
#    Time: 8684220 ns  Iteration: 5  Instance: /tb/MyRiscv/u_regfile/MUXB
# ** Warning: NUMERIC_STD.TO_INTEGER: metavalue detected, returning 0
#    Time: 8704700 ns  Iteration: 2  Instance: /tb/MyRiscv/u_regfile/MUXB
# ** Warning: NUMERIC_STD.TO_INTEGER: metavalue detected, returning 0
#    Time: 8704700 ns  Iteration: 2  Instance: /tb/MyRiscv/u_regfile/MUXA
# ** Warning: NUMERIC_STD.TO_INTEGER: metavalue detected, returning 0
#    Time: 8704700 ns  Iteration: 5  Instance: /tb/MyRiscv/u_regfile/MUXA
# ** Warning: NUMERIC_STD.TO_INTEGER: metavalue detected, returning 0
#    Time: 8704700 ns  Iteration: 5  Instance: /tb/MyRiscv/u_regfile/MUXB
# ** Warning: NUMERIC_STD.TO_INTEGER: metavalue detected, returning 0
#    Time: 8725180 ns  Iteration: 2  Instance: /tb/MyRiscv/u_regfile/MUXB
# ** Warning: NUMERIC_STD.TO_INTEGER: metavalue detected, returning 0
#    Time: 8725180 ns  Iteration: 2  Instance: /tb/MyRiscv/u_regfile/MUXA
# ** Warning: NUMERIC_STD.TO_INTEGER: metavalue detected, returning 0
#    Time: 8725180 ns  Iteration: 5  Instance: /tb/MyRiscv/u_regfile/MUXA
# ** Warning: NUMERIC_STD.TO_INTEGER: metavalue detected, returning 0
#    Time: 8725180 ns  Iteration: 5  Instance: /tb/MyRiscv/u_regfile/MUXB
# ** Warning: NUMERIC_STD.TO_INTEGER: metavalue detected, returning 0
#    Time: 8745660 ns  Iteration: 2  Instance: /tb/MyRiscv/u_regfile/MUXB
# ** Warning: NUMERIC_STD.TO_INTEGER: metavalue detected, returning 0
#    Time: 8745660 ns  Iteration: 2  Instance: /tb/MyRiscv/u_regfile/MUXA
# ** Warning: NUMERIC_STD.TO_INTEGER: metavalue detected, returning 0
#    Time: 8745660 ns  Iteration: 5  Instance: /tb/MyRiscv/u_regfile/MUXA
# ** Warning: NUMERIC_STD.TO_INTEGER: metavalue detected, returning 0
#    Time: 8745660 ns  Iteration: 5  Instance: /tb/MyRiscv/u_regfile/MUXB
# ** Warning: NUMERIC_STD.TO_INTEGER: metavalue detected, returning 0
#    Time: 8766140 ns  Iteration: 2  Instance: /tb/MyRiscv/u_regfile/MUXB
# ** Warning: NUMERIC_STD.TO_INTEGER: metavalue detected, returning 0
#    Time: 8766140 ns  Iteration: 2  Instance: /tb/MyRiscv/u_regfile/MUXA
# ** Warning: NUMERIC_STD.TO_INTEGER: metavalue detected, returning 0
#    Time: 8766140 ns  Iteration: 5  Instance: /tb/MyRiscv/u_regfile/MUXA
# ** Warning: NUMERIC_STD.TO_INTEGER: metavalue detected, returning 0
#    Time: 8766140 ns  Iteration: 5  Instance: /tb/MyRiscv/u_regfile/MUXB
# ** Warning: NUMERIC_STD.TO_INTEGER: metavalue detected, returning 0
#    Time: 8786620 ns  Iteration: 2  Instance: /tb/MyRiscv/u_regfile/MUXB
# ** Warning: NUMERIC_STD.TO_INTEGER: metavalue detected, returning 0
#    Time: 8786620 ns  Iteration: 2  Instance: /tb/MyRiscv/u_regfile/MUXA
# ** Warning: NUMERIC_STD.TO_INTEGER: metavalue detected, returning 0
#    Time: 8786620 ns  Iteration: 5  Instance: /tb/MyRiscv/u_regfile/MUXA
# ** Warning: NUMERIC_STD.TO_INTEGER: metavalue detected, returning 0
#    Time: 8786620 ns  Iteration: 5  Instance: /tb/MyRiscv/u_regfile/MUXB
# ** Warning: NUMERIC_STD.TO_INTEGER: metavalue detected, returning 0
#    Time: 8807100 ns  Iteration: 2  Instance: /tb/MyRiscv/u_regfile/MUXB
# ** Warning: NUMERIC_STD.TO_INTEGER: metavalue detected, returning 0
#    Time: 8807100 ns  Iteration: 2  Instance: /tb/MyRiscv/u_regfile/MUXA
# ** Warning: NUMERIC_STD.TO_INTEGER: metavalue detected, returning 0
#    Time: 8807100 ns  Iteration: 5  Instance: /tb/MyRiscv/u_regfile/MUXA
# ** Warning: NUMERIC_STD.TO_INTEGER: metavalue detected, returning 0
#    Time: 8807100 ns  Iteration: 5  Instance: /tb/MyRiscv/u_regfile/MUXB
# ** Warning: NUMERIC_STD.TO_INTEGER: metavalue detected, returning 0
#    Time: 8827580 ns  Iteration: 2  Instance: /tb/MyRiscv/u_regfile/MUXB
# ** Warning: NUMERIC_STD.TO_INTEGER: metavalue detected, returning 0
#    Time: 8827580 ns  Iteration: 2  Instance: /tb/MyRiscv/u_regfile/MUXA
# ** Warning: NUMERIC_STD.TO_INTEGER: metavalue detected, returning 0
#    Time: 8827580 ns  Iteration: 5  Instance: /tb/MyRiscv/u_regfile/MUXA
# ** Warning: NUMERIC_STD.TO_INTEGER: metavalue detected, returning 0
#    Time: 8827580 ns  Iteration: 5  Instance: /tb/MyRiscv/u_regfile/MUXB
# ** Warning: NUMERIC_STD.TO_INTEGER: metavalue detected, returning 0
#    Time: 8848060 ns  Iteration: 2  Instance: /tb/MyRiscv/u_regfile/MUXB
# ** Warning: NUMERIC_STD.TO_INTEGER: metavalue detected, returning 0
#    Time: 8848060 ns  Iteration: 2  Instance: /tb/MyRiscv/u_regfile/MUXA
# ** Warning: NUMERIC_STD.TO_INTEGER: metavalue detected, returning 0
#    Time: 8848060 ns  Iteration: 5  Instance: /tb/MyRiscv/u_regfile/MUXA
# ** Warning: NUMERIC_STD.TO_INTEGER: metavalue detected, returning 0
#    Time: 8848060 ns  Iteration: 5  Instance: /tb/MyRiscv/u_regfile/MUXB
# ** Warning: NUMERIC_STD.TO_INTEGER: metavalue detected, returning 0
#    Time: 8868540 ns  Iteration: 2  Instance: /tb/MyRiscv/u_regfile/MUXB
# ** Warning: NUMERIC_STD.TO_INTEGER: metavalue detected, returning 0
#    Time: 8868540 ns  Iteration: 2  Instance: /tb/MyRiscv/u_regfile/MUXA
# ** Warning: NUMERIC_STD.TO_INTEGER: metavalue detected, returning 0
#    Time: 8868540 ns  Iteration: 5  Instance: /tb/MyRiscv/u_regfile/MUXA
# ** Warning: NUMERIC_STD.TO_INTEGER: metavalue detected, returning 0
#    Time: 8868540 ns  Iteration: 5  Instance: /tb/MyRiscv/u_regfile/MUXB
# ** Warning: NUMERIC_STD.TO_INTEGER: metavalue detected, returning 0
#    Time: 8889020 ns  Iteration: 2  Instance: /tb/MyRiscv/u_regfile/MUXB
# ** Warning: NUMERIC_STD.TO_INTEGER: metavalue detected, returning 0
#    Time: 8889020 ns  Iteration: 2  Instance: /tb/MyRiscv/u_regfile/MUXA
# ** Warning: NUMERIC_STD.TO_INTEGER: metavalue detected, returning 0
#    Time: 8889020 ns  Iteration: 5  Instance: /tb/MyRiscv/u_regfile/MUXA
# ** Warning: NUMERIC_STD.TO_INTEGER: metavalue detected, returning 0
#    Time: 8889020 ns  Iteration: 5  Instance: /tb/MyRiscv/u_regfile/MUXB
# ** Warning: NUMERIC_STD.TO_INTEGER: metavalue detected, returning 0
#    Time: 8909500 ns  Iteration: 2  Instance: /tb/MyRiscv/u_regfile/MUXB
# ** Warning: NUMERIC_STD.TO_INTEGER: metavalue detected, returning 0
#    Time: 8909500 ns  Iteration: 2  Instance: /tb/MyRiscv/u_regfile/MUXA
# ** Warning: NUMERIC_STD.TO_INTEGER: metavalue detected, returning 0
#    Time: 8909500 ns  Iteration: 5  Instance: /tb/MyRiscv/u_regfile/MUXA
# ** Warning: NUMERIC_STD.TO_INTEGER: metavalue detected, returning 0
#    Time: 8909500 ns  Iteration: 5  Instance: /tb/MyRiscv/u_regfile/MUXB
# ** Warning: NUMERIC_STD.TO_INTEGER: metavalue detected, returning 0
#    Time: 8929980 ns  Iteration: 2  Instance: /tb/MyRiscv/u_regfile/MUXB
# ** Warning: NUMERIC_STD.TO_INTEGER: metavalue detected, returning 0
#    Time: 8929980 ns  Iteration: 2  Instance: /tb/MyRiscv/u_regfile/MUXA
# ** Warning: NUMERIC_STD.TO_INTEGER: metavalue detected, returning 0
#    Time: 8929980 ns  Iteration: 5  Instance: /tb/MyRiscv/u_regfile/MUXA
# ** Warning: NUMERIC_STD.TO_INTEGER: metavalue detected, returning 0
#    Time: 8929980 ns  Iteration: 5  Instance: /tb/MyRiscv/u_regfile/MUXB
# ** Warning: NUMERIC_STD.TO_INTEGER: metavalue detected, returning 0
#    Time: 8950460 ns  Iteration: 2  Instance: /tb/MyRiscv/u_regfile/MUXB
# ** Warning: NUMERIC_STD.TO_INTEGER: metavalue detected, returning 0
#    Time: 8950460 ns  Iteration: 2  Instance: /tb/MyRiscv/u_regfile/MUXA
# ** Warning: NUMERIC_STD.TO_INTEGER: metavalue detected, returning 0
#    Time: 8950460 ns  Iteration: 5  Instance: /tb/MyRiscv/u_regfile/MUXA
# ** Warning: NUMERIC_STD.TO_INTEGER: metavalue detected, returning 0
#    Time: 8950460 ns  Iteration: 5  Instance: /tb/MyRiscv/u_regfile/MUXB
# ** Warning: NUMERIC_STD.TO_INTEGER: metavalue detected, returning 0
#    Time: 8970940 ns  Iteration: 2  Instance: /tb/MyRiscv/u_regfile/MUXB
# ** Warning: NUMERIC_STD.TO_INTEGER: metavalue detected, returning 0
#    Time: 8970940 ns  Iteration: 2  Instance: /tb/MyRiscv/u_regfile/MUXA
# ** Warning: NUMERIC_STD.TO_INTEGER: metavalue detected, returning 0
#    Time: 8970940 ns  Iteration: 5  Instance: /tb/MyRiscv/u_regfile/MUXA
# ** Warning: NUMERIC_STD.TO_INTEGER: metavalue detected, returning 0
#    Time: 8970940 ns  Iteration: 5  Instance: /tb/MyRiscv/u_regfile/MUXB
# ** Warning: NUMERIC_STD.TO_INTEGER: metavalue detected, returning 0
#    Time: 8991420 ns  Iteration: 2  Instance: /tb/MyRiscv/u_regfile/MUXB
# ** Warning: NUMERIC_STD.TO_INTEGER: metavalue detected, returning 0
#    Time: 8991420 ns  Iteration: 2  Instance: /tb/MyRiscv/u_regfile/MUXA
# ** Warning: NUMERIC_STD.TO_INTEGER: metavalue detected, returning 0
#    Time: 8991420 ns  Iteration: 5  Instance: /tb/MyRiscv/u_regfile/MUXA
# ** Warning: NUMERIC_STD.TO_INTEGER: metavalue detected, returning 0
#    Time: 8991420 ns  Iteration: 5  Instance: /tb/MyRiscv/u_regfile/MUXB
# ** Warning: NUMERIC_STD.TO_INTEGER: metavalue detected, returning 0
#    Time: 9011900 ns  Iteration: 2  Instance: /tb/MyRiscv/u_regfile/MUXB
# ** Warning: NUMERIC_STD.TO_INTEGER: metavalue detected, returning 0
#    Time: 9011900 ns  Iteration: 2  Instance: /tb/MyRiscv/u_regfile/MUXA
# ** Warning: NUMERIC_STD.TO_INTEGER: metavalue detected, returning 0
#    Time: 9011900 ns  Iteration: 5  Instance: /tb/MyRiscv/u_regfile/MUXA
# ** Warning: NUMERIC_STD.TO_INTEGER: metavalue detected, returning 0
#    Time: 9011900 ns  Iteration: 5  Instance: /tb/MyRiscv/u_regfile/MUXB
# ** Warning: NUMERIC_STD.TO_INTEGER: metavalue detected, returning 0
#    Time: 9032380 ns  Iteration: 2  Instance: /tb/MyRiscv/u_regfile/MUXB
# ** Warning: NUMERIC_STD.TO_INTEGER: metavalue detected, returning 0
#    Time: 9032380 ns  Iteration: 2  Instance: /tb/MyRiscv/u_regfile/MUXA
# ** Warning: NUMERIC_STD.TO_INTEGER: metavalue detected, returning 0
#    Time: 9032380 ns  Iteration: 5  Instance: /tb/MyRiscv/u_regfile/MUXA
# ** Warning: NUMERIC_STD.TO_INTEGER: metavalue detected, returning 0
#    Time: 9032380 ns  Iteration: 5  Instance: /tb/MyRiscv/u_regfile/MUXB
# ** Warning: NUMERIC_STD.TO_INTEGER: metavalue detected, returning 0
#    Time: 9052860 ns  Iteration: 2  Instance: /tb/MyRiscv/u_regfile/MUXB
# ** Warning: NUMERIC_STD.TO_INTEGER: metavalue detected, returning 0
#    Time: 9052860 ns  Iteration: 2  Instance: /tb/MyRiscv/u_regfile/MUXA
# ** Warning: NUMERIC_STD.TO_INTEGER: metavalue detected, returning 0
#    Time: 9052860 ns  Iteration: 5  Instance: /tb/MyRiscv/u_regfile/MUXA
# ** Warning: NUMERIC_STD.TO_INTEGER: metavalue detected, returning 0
#    Time: 9052860 ns  Iteration: 5  Instance: /tb/MyRiscv/u_regfile/MUXB
# ** Warning: NUMERIC_STD.TO_INTEGER: metavalue detected, returning 0
#    Time: 9073340 ns  Iteration: 2  Instance: /tb/MyRiscv/u_regfile/MUXB
# ** Warning: NUMERIC_STD.TO_INTEGER: metavalue detected, returning 0
#    Time: 9073340 ns  Iteration: 2  Instance: /tb/MyRiscv/u_regfile/MUXA
# ** Warning: NUMERIC_STD.TO_INTEGER: metavalue detected, returning 0
#    Time: 9073340 ns  Iteration: 5  Instance: /tb/MyRiscv/u_regfile/MUXA
# ** Warning: NUMERIC_STD.TO_INTEGER: metavalue detected, returning 0
#    Time: 9073340 ns  Iteration: 5  Instance: /tb/MyRiscv/u_regfile/MUXB
# ** Warning: NUMERIC_STD.TO_INTEGER: metavalue detected, returning 0
#    Time: 9093820 ns  Iteration: 2  Instance: /tb/MyRiscv/u_regfile/MUXB
# ** Warning: NUMERIC_STD.TO_INTEGER: metavalue detected, returning 0
#    Time: 9093820 ns  Iteration: 2  Instance: /tb/MyRiscv/u_regfile/MUXA
# ** Warning: NUMERIC_STD.TO_INTEGER: metavalue detected, returning 0
#    Time: 9093820 ns  Iteration: 5  Instance: /tb/MyRiscv/u_regfile/MUXA
# ** Warning: NUMERIC_STD.TO_INTEGER: metavalue detected, returning 0
#    Time: 9093820 ns  Iteration: 5  Instance: /tb/MyRiscv/u_regfile/MUXB
# ** Warning: NUMERIC_STD.TO_INTEGER: metavalue detected, returning 0
#    Time: 9114300 ns  Iteration: 2  Instance: /tb/MyRiscv/u_regfile/MUXB
# ** Warning: NUMERIC_STD.TO_INTEGER: metavalue detected, returning 0
#    Time: 9114300 ns  Iteration: 2  Instance: /tb/MyRiscv/u_regfile/MUXA
# ** Warning: NUMERIC_STD.TO_INTEGER: metavalue detected, returning 0
#    Time: 9114300 ns  Iteration: 5  Instance: /tb/MyRiscv/u_regfile/MUXA
# ** Warning: NUMERIC_STD.TO_INTEGER: metavalue detected, returning 0
#    Time: 9114300 ns  Iteration: 5  Instance: /tb/MyRiscv/u_regfile/MUXB
# ** Warning: NUMERIC_STD.TO_INTEGER: metavalue detected, returning 0
#    Time: 9134780 ns  Iteration: 2  Instance: /tb/MyRiscv/u_regfile/MUXB
# ** Warning: NUMERIC_STD.TO_INTEGER: metavalue detected, returning 0
#    Time: 9134780 ns  Iteration: 2  Instance: /tb/MyRiscv/u_regfile/MUXA
# ** Warning: NUMERIC_STD.TO_INTEGER: metavalue detected, returning 0
#    Time: 9134780 ns  Iteration: 5  Instance: /tb/MyRiscv/u_regfile/MUXA
# ** Warning: NUMERIC_STD.TO_INTEGER: metavalue detected, returning 0
#    Time: 9134780 ns  Iteration: 5  Instance: /tb/MyRiscv/u_regfile/MUXB
# ** Warning: NUMERIC_STD.TO_INTEGER: metavalue detected, returning 0
#    Time: 9155260 ns  Iteration: 2  Instance: /tb/MyRiscv/u_regfile/MUXB
# ** Warning: NUMERIC_STD.TO_INTEGER: metavalue detected, returning 0
#    Time: 9155260 ns  Iteration: 2  Instance: /tb/MyRiscv/u_regfile/MUXA
# ** Warning: NUMERIC_STD.TO_INTEGER: metavalue detected, returning 0
#    Time: 9155260 ns  Iteration: 5  Instance: /tb/MyRiscv/u_regfile/MUXA
# ** Warning: NUMERIC_STD.TO_INTEGER: metavalue detected, returning 0
#    Time: 9155260 ns  Iteration: 5  Instance: /tb/MyRiscv/u_regfile/MUXB
# ** Warning: NUMERIC_STD.TO_INTEGER: metavalue detected, returning 0
#    Time: 9175740 ns  Iteration: 2  Instance: /tb/MyRiscv/u_regfile/MUXB
# ** Warning: NUMERIC_STD.TO_INTEGER: metavalue detected, returning 0
#    Time: 9175740 ns  Iteration: 2  Instance: /tb/MyRiscv/u_regfile/MUXA
# ** Warning: NUMERIC_STD.TO_INTEGER: metavalue detected, returning 0
#    Time: 9175740 ns  Iteration: 5  Instance: /tb/MyRiscv/u_regfile/MUXA
# ** Warning: NUMERIC_STD.TO_INTEGER: metavalue detected, returning 0
#    Time: 9175740 ns  Iteration: 5  Instance: /tb/MyRiscv/u_regfile/MUXB
# ** Warning: NUMERIC_STD.TO_INTEGER: metavalue detected, returning 0
#    Time: 9196220 ns  Iteration: 2  Instance: /tb/MyRiscv/u_regfile/MUXB
# ** Warning: NUMERIC_STD.TO_INTEGER: metavalue detected, returning 0
#    Time: 9196220 ns  Iteration: 2  Instance: /tb/MyRiscv/u_regfile/MUXA
# ** Warning: NUMERIC_STD.TO_INTEGER: metavalue detected, returning 0
#    Time: 9196220 ns  Iteration: 5  Instance: /tb/MyRiscv/u_regfile/MUXA
# ** Warning: NUMERIC_STD.TO_INTEGER: metavalue detected, returning 0
#    Time: 9196220 ns  Iteration: 5  Instance: /tb/MyRiscv/u_regfile/MUXB
# ** Warning: NUMERIC_STD.TO_INTEGER: metavalue detected, returning 0
#    Time: 9216700 ns  Iteration: 2  Instance: /tb/MyRiscv/u_regfile/MUXB
# ** Warning: NUMERIC_STD.TO_INTEGER: metavalue detected, returning 0
#    Time: 9216700 ns  Iteration: 2  Instance: /tb/MyRiscv/u_regfile/MUXA
# ** Warning: NUMERIC_STD.TO_INTEGER: metavalue detected, returning 0
#    Time: 9216700 ns  Iteration: 5  Instance: /tb/MyRiscv/u_regfile/MUXA
# ** Warning: NUMERIC_STD.TO_INTEGER: metavalue detected, returning 0
#    Time: 9216700 ns  Iteration: 5  Instance: /tb/MyRiscv/u_regfile/MUXB
# ** Warning: NUMERIC_STD.TO_INTEGER: metavalue detected, returning 0
#    Time: 9237180 ns  Iteration: 2  Instance: /tb/MyRiscv/u_regfile/MUXB
# ** Warning: NUMERIC_STD.TO_INTEGER: metavalue detected, returning 0
#    Time: 9237180 ns  Iteration: 2  Instance: /tb/MyRiscv/u_regfile/MUXA
# ** Warning: NUMERIC_STD.TO_INTEGER: metavalue detected, returning 0
#    Time: 9237180 ns  Iteration: 5  Instance: /tb/MyRiscv/u_regfile/MUXA
# ** Warning: NUMERIC_STD.TO_INTEGER: metavalue detected, returning 0
#    Time: 9237180 ns  Iteration: 5  Instance: /tb/MyRiscv/u_regfile/MUXB
# ** Warning: NUMERIC_STD.TO_INTEGER: metavalue detected, returning 0
#    Time: 9257660 ns  Iteration: 2  Instance: /tb/MyRiscv/u_regfile/MUXB
# ** Warning: NUMERIC_STD.TO_INTEGER: metavalue detected, returning 0
#    Time: 9257660 ns  Iteration: 2  Instance: /tb/MyRiscv/u_regfile/MUXA
# ** Warning: NUMERIC_STD.TO_INTEGER: metavalue detected, returning 0
#    Time: 9257660 ns  Iteration: 5  Instance: /tb/MyRiscv/u_regfile/MUXA
# ** Warning: NUMERIC_STD.TO_INTEGER: metavalue detected, returning 0
#    Time: 9257660 ns  Iteration: 5  Instance: /tb/MyRiscv/u_regfile/MUXB
# ** Warning: NUMERIC_STD.TO_INTEGER: metavalue detected, returning 0
#    Time: 9278140 ns  Iteration: 2  Instance: /tb/MyRiscv/u_regfile/MUXB
# ** Warning: NUMERIC_STD.TO_INTEGER: metavalue detected, returning 0
#    Time: 9278140 ns  Iteration: 2  Instance: /tb/MyRiscv/u_regfile/MUXA
# ** Warning: NUMERIC_STD.TO_INTEGER: metavalue detected, returning 0
#    Time: 9278140 ns  Iteration: 5  Instance: /tb/MyRiscv/u_regfile/MUXA
# ** Warning: NUMERIC_STD.TO_INTEGER: metavalue detected, returning 0
#    Time: 9278140 ns  Iteration: 5  Instance: /tb/MyRiscv/u_regfile/MUXB
# ** Warning: NUMERIC_STD.TO_INTEGER: metavalue detected, returning 0
#    Time: 9298620 ns  Iteration: 2  Instance: /tb/MyRiscv/u_regfile/MUXB
# ** Warning: NUMERIC_STD.TO_INTEGER: metavalue detected, returning 0
#    Time: 9298620 ns  Iteration: 2  Instance: /tb/MyRiscv/u_regfile/MUXA
# ** Warning: NUMERIC_STD.TO_INTEGER: metavalue detected, returning 0
#    Time: 9298620 ns  Iteration: 5  Instance: /tb/MyRiscv/u_regfile/MUXA
# ** Warning: NUMERIC_STD.TO_INTEGER: metavalue detected, returning 0
#    Time: 9298620 ns  Iteration: 5  Instance: /tb/MyRiscv/u_regfile/MUXB
# ** Warning: NUMERIC_STD.TO_INTEGER: metavalue detected, returning 0
#    Time: 9319100 ns  Iteration: 2  Instance: /tb/MyRiscv/u_regfile/MUXB
# ** Warning: NUMERIC_STD.TO_INTEGER: metavalue detected, returning 0
#    Time: 9319100 ns  Iteration: 2  Instance: /tb/MyRiscv/u_regfile/MUXA
# ** Warning: NUMERIC_STD.TO_INTEGER: metavalue detected, returning 0
#    Time: 9319100 ns  Iteration: 5  Instance: /tb/MyRiscv/u_regfile/MUXA
# ** Warning: NUMERIC_STD.TO_INTEGER: metavalue detected, returning 0
#    Time: 9319100 ns  Iteration: 5  Instance: /tb/MyRiscv/u_regfile/MUXB
# ** Warning: NUMERIC_STD.TO_INTEGER: metavalue detected, returning 0
#    Time: 9339580 ns  Iteration: 2  Instance: /tb/MyRiscv/u_regfile/MUXB
# ** Warning: NUMERIC_STD.TO_INTEGER: metavalue detected, returning 0
#    Time: 9339580 ns  Iteration: 2  Instance: /tb/MyRiscv/u_regfile/MUXA
# ** Warning: NUMERIC_STD.TO_INTEGER: metavalue detected, returning 0
#    Time: 9339580 ns  Iteration: 5  Instance: /tb/MyRiscv/u_regfile/MUXA
# ** Warning: NUMERIC_STD.TO_INTEGER: metavalue detected, returning 0
#    Time: 9339580 ns  Iteration: 5  Instance: /tb/MyRiscv/u_regfile/MUXB
# ** Warning: NUMERIC_STD.TO_INTEGER: metavalue detected, returning 0
#    Time: 9360060 ns  Iteration: 2  Instance: /tb/MyRiscv/u_regfile/MUXB
# ** Warning: NUMERIC_STD.TO_INTEGER: metavalue detected, returning 0
#    Time: 9360060 ns  Iteration: 2  Instance: /tb/MyRiscv/u_regfile/MUXA
# ** Warning: NUMERIC_STD.TO_INTEGER: metavalue detected, returning 0
#    Time: 9360060 ns  Iteration: 5  Instance: /tb/MyRiscv/u_regfile/MUXA
# ** Warning: NUMERIC_STD.TO_INTEGER: metavalue detected, returning 0
#    Time: 9360060 ns  Iteration: 5  Instance: /tb/MyRiscv/u_regfile/MUXB
# ** Warning: NUMERIC_STD.TO_INTEGER: metavalue detected, returning 0
#    Time: 9380540 ns  Iteration: 2  Instance: /tb/MyRiscv/u_regfile/MUXB
# ** Warning: NUMERIC_STD.TO_INTEGER: metavalue detected, returning 0
#    Time: 9380540 ns  Iteration: 2  Instance: /tb/MyRiscv/u_regfile/MUXA
# ** Warning: NUMERIC_STD.TO_INTEGER: metavalue detected, returning 0
#    Time: 9380540 ns  Iteration: 5  Instance: /tb/MyRiscv/u_regfile/MUXA
# ** Warning: NUMERIC_STD.TO_INTEGER: metavalue detected, returning 0
#    Time: 9380540 ns  Iteration: 5  Instance: /tb/MyRiscv/u_regfile/MUXB
# ** Warning: NUMERIC_STD.TO_INTEGER: metavalue detected, returning 0
#    Time: 9401020 ns  Iteration: 2  Instance: /tb/MyRiscv/u_regfile/MUXB
# ** Warning: NUMERIC_STD.TO_INTEGER: metavalue detected, returning 0
#    Time: 9401020 ns  Iteration: 2  Instance: /tb/MyRiscv/u_regfile/MUXA
# ** Warning: NUMERIC_STD.TO_INTEGER: metavalue detected, returning 0
#    Time: 9401020 ns  Iteration: 5  Instance: /tb/MyRiscv/u_regfile/MUXA
# ** Warning: NUMERIC_STD.TO_INTEGER: metavalue detected, returning 0
#    Time: 9401020 ns  Iteration: 5  Instance: /tb/MyRiscv/u_regfile/MUXB
# ** Warning: NUMERIC_STD.TO_INTEGER: metavalue detected, returning 0
#    Time: 9421500 ns  Iteration: 2  Instance: /tb/MyRiscv/u_regfile/MUXB
# ** Warning: NUMERIC_STD.TO_INTEGER: metavalue detected, returning 0
#    Time: 9421500 ns  Iteration: 2  Instance: /tb/MyRiscv/u_regfile/MUXA
# ** Warning: NUMERIC_STD.TO_INTEGER: metavalue detected, returning 0
#    Time: 9421500 ns  Iteration: 5  Instance: /tb/MyRiscv/u_regfile/MUXA
# ** Warning: NUMERIC_STD.TO_INTEGER: metavalue detected, returning 0
#    Time: 9421500 ns  Iteration: 5  Instance: /tb/MyRiscv/u_regfile/MUXB
# ** Warning: NUMERIC_STD.TO_INTEGER: metavalue detected, returning 0
#    Time: 9441980 ns  Iteration: 2  Instance: /tb/MyRiscv/u_regfile/MUXB
# ** Warning: NUMERIC_STD.TO_INTEGER: metavalue detected, returning 0
#    Time: 9441980 ns  Iteration: 2  Instance: /tb/MyRiscv/u_regfile/MUXA
# ** Warning: NUMERIC_STD.TO_INTEGER: metavalue detected, returning 0
#    Time: 9441980 ns  Iteration: 5  Instance: /tb/MyRiscv/u_regfile/MUXA
# ** Warning: NUMERIC_STD.TO_INTEGER: metavalue detected, returning 0
#    Time: 9441980 ns  Iteration: 5  Instance: /tb/MyRiscv/u_regfile/MUXB
# ** Warning: NUMERIC_STD.TO_INTEGER: metavalue detected, returning 0
#    Time: 9462460 ns  Iteration: 2  Instance: /tb/MyRiscv/u_regfile/MUXB
# ** Warning: NUMERIC_STD.TO_INTEGER: metavalue detected, returning 0
#    Time: 9462460 ns  Iteration: 2  Instance: /tb/MyRiscv/u_regfile/MUXA
# ** Warning: NUMERIC_STD.TO_INTEGER: metavalue detected, returning 0
#    Time: 9462460 ns  Iteration: 5  Instance: /tb/MyRiscv/u_regfile/MUXA
# ** Warning: NUMERIC_STD.TO_INTEGER: metavalue detected, returning 0
#    Time: 9462460 ns  Iteration: 5  Instance: /tb/MyRiscv/u_regfile/MUXB
# ** Warning: NUMERIC_STD.TO_INTEGER: metavalue detected, returning 0
#    Time: 9482940 ns  Iteration: 2  Instance: /tb/MyRiscv/u_regfile/MUXB
# ** Warning: NUMERIC_STD.TO_INTEGER: metavalue detected, returning 0
#    Time: 9482940 ns  Iteration: 2  Instance: /tb/MyRiscv/u_regfile/MUXA
# ** Warning: NUMERIC_STD.TO_INTEGER: metavalue detected, returning 0
#    Time: 9482940 ns  Iteration: 5  Instance: /tb/MyRiscv/u_regfile/MUXA
# ** Warning: NUMERIC_STD.TO_INTEGER: metavalue detected, returning 0
#    Time: 9482940 ns  Iteration: 5  Instance: /tb/MyRiscv/u_regfile/MUXB
# ** Warning: NUMERIC_STD.TO_INTEGER: metavalue detected, returning 0
#    Time: 9503420 ns  Iteration: 2  Instance: /tb/MyRiscv/u_regfile/MUXB
# ** Warning: NUMERIC_STD.TO_INTEGER: metavalue detected, returning 0
#    Time: 9503420 ns  Iteration: 2  Instance: /tb/MyRiscv/u_regfile/MUXA
# ** Warning: NUMERIC_STD.TO_INTEGER: metavalue detected, returning 0
#    Time: 9503420 ns  Iteration: 5  Instance: /tb/MyRiscv/u_regfile/MUXA
# ** Warning: NUMERIC_STD.TO_INTEGER: metavalue detected, returning 0
#    Time: 9503420 ns  Iteration: 5  Instance: /tb/MyRiscv/u_regfile/MUXB
# ** Warning: NUMERIC_STD.TO_INTEGER: metavalue detected, returning 0
#    Time: 9523900 ns  Iteration: 2  Instance: /tb/MyRiscv/u_regfile/MUXB
# ** Warning: NUMERIC_STD.TO_INTEGER: metavalue detected, returning 0
#    Time: 9523900 ns  Iteration: 2  Instance: /tb/MyRiscv/u_regfile/MUXA
# ** Warning: NUMERIC_STD.TO_INTEGER: metavalue detected, returning 0
#    Time: 9523900 ns  Iteration: 5  Instance: /tb/MyRiscv/u_regfile/MUXA
# ** Warning: NUMERIC_STD.TO_INTEGER: metavalue detected, returning 0
#    Time: 9523900 ns  Iteration: 5  Instance: /tb/MyRiscv/u_regfile/MUXB
# ** Warning: NUMERIC_STD.TO_INTEGER: metavalue detected, returning 0
#    Time: 9544380 ns  Iteration: 2  Instance: /tb/MyRiscv/u_regfile/MUXB
# ** Warning: NUMERIC_STD.TO_INTEGER: metavalue detected, returning 0
#    Time: 9544380 ns  Iteration: 2  Instance: /tb/MyRiscv/u_regfile/MUXA
# ** Warning: NUMERIC_STD.TO_INTEGER: metavalue detected, returning 0
#    Time: 9544380 ns  Iteration: 5  Instance: /tb/MyRiscv/u_regfile/MUXA
# ** Warning: NUMERIC_STD.TO_INTEGER: metavalue detected, returning 0
#    Time: 9544380 ns  Iteration: 5  Instance: /tb/MyRiscv/u_regfile/MUXB
# ** Warning: NUMERIC_STD.TO_INTEGER: metavalue detected, returning 0
#    Time: 9564860 ns  Iteration: 2  Instance: /tb/MyRiscv/u_regfile/MUXB
# ** Warning: NUMERIC_STD.TO_INTEGER: metavalue detected, returning 0
#    Time: 9564860 ns  Iteration: 2  Instance: /tb/MyRiscv/u_regfile/MUXA
# ** Warning: NUMERIC_STD.TO_INTEGER: metavalue detected, returning 0
#    Time: 9564860 ns  Iteration: 5  Instance: /tb/MyRiscv/u_regfile/MUXA
# ** Warning: NUMERIC_STD.TO_INTEGER: metavalue detected, returning 0
#    Time: 9564860 ns  Iteration: 5  Instance: /tb/MyRiscv/u_regfile/MUXB
# ** Warning: NUMERIC_STD.TO_INTEGER: metavalue detected, returning 0
#    Time: 9585340 ns  Iteration: 2  Instance: /tb/MyRiscv/u_regfile/MUXB
# ** Warning: NUMERIC_STD.TO_INTEGER: metavalue detected, returning 0
#    Time: 9585340 ns  Iteration: 2  Instance: /tb/MyRiscv/u_regfile/MUXA
# ** Warning: NUMERIC_STD.TO_INTEGER: metavalue detected, returning 0
#    Time: 9585340 ns  Iteration: 5  Instance: /tb/MyRiscv/u_regfile/MUXA
# ** Warning: NUMERIC_STD.TO_INTEGER: metavalue detected, returning 0
#    Time: 9585340 ns  Iteration: 5  Instance: /tb/MyRiscv/u_regfile/MUXB
# ** Warning: NUMERIC_STD.TO_INTEGER: metavalue detected, returning 0
#    Time: 9605820 ns  Iteration: 2  Instance: /tb/MyRiscv/u_regfile/MUXB
# ** Warning: NUMERIC_STD.TO_INTEGER: metavalue detected, returning 0
#    Time: 9605820 ns  Iteration: 2  Instance: /tb/MyRiscv/u_regfile/MUXA
# ** Warning: NUMERIC_STD.TO_INTEGER: metavalue detected, returning 0
#    Time: 9605820 ns  Iteration: 5  Instance: /tb/MyRiscv/u_regfile/MUXA
# ** Warning: NUMERIC_STD.TO_INTEGER: metavalue detected, returning 0
#    Time: 9605820 ns  Iteration: 5  Instance: /tb/MyRiscv/u_regfile/MUXB
# ** Warning: NUMERIC_STD.TO_INTEGER: metavalue detected, returning 0
#    Time: 9626300 ns  Iteration: 2  Instance: /tb/MyRiscv/u_regfile/MUXB
# ** Warning: NUMERIC_STD.TO_INTEGER: metavalue detected, returning 0
#    Time: 9626300 ns  Iteration: 2  Instance: /tb/MyRiscv/u_regfile/MUXA
# ** Warning: NUMERIC_STD.TO_INTEGER: metavalue detected, returning 0
#    Time: 9626300 ns  Iteration: 5  Instance: /tb/MyRiscv/u_regfile/MUXA
# ** Warning: NUMERIC_STD.TO_INTEGER: metavalue detected, returning 0
#    Time: 9626300 ns  Iteration: 5  Instance: /tb/MyRiscv/u_regfile/MUXB
# ** Warning: NUMERIC_STD.TO_INTEGER: metavalue detected, returning 0
#    Time: 9646780 ns  Iteration: 2  Instance: /tb/MyRiscv/u_regfile/MUXB
# ** Warning: NUMERIC_STD.TO_INTEGER: metavalue detected, returning 0
#    Time: 9646780 ns  Iteration: 2  Instance: /tb/MyRiscv/u_regfile/MUXA
# ** Warning: NUMERIC_STD.TO_INTEGER: metavalue detected, returning 0
#    Time: 9646780 ns  Iteration: 5  Instance: /tb/MyRiscv/u_regfile/MUXA
# ** Warning: NUMERIC_STD.TO_INTEGER: metavalue detected, returning 0
#    Time: 9646780 ns  Iteration: 5  Instance: /tb/MyRiscv/u_regfile/MUXB
# ** Warning: NUMERIC_STD.TO_INTEGER: metavalue detected, returning 0
#    Time: 9667260 ns  Iteration: 2  Instance: /tb/MyRiscv/u_regfile/MUXB
# ** Warning: NUMERIC_STD.TO_INTEGER: metavalue detected, returning 0
#    Time: 9667260 ns  Iteration: 2  Instance: /tb/MyRiscv/u_regfile/MUXA
# ** Warning: NUMERIC_STD.TO_INTEGER: metavalue detected, returning 0
#    Time: 9667260 ns  Iteration: 5  Instance: /tb/MyRiscv/u_regfile/MUXA
# ** Warning: NUMERIC_STD.TO_INTEGER: metavalue detected, returning 0
#    Time: 9667260 ns  Iteration: 5  Instance: /tb/MyRiscv/u_regfile/MUXB
# ** Warning: NUMERIC_STD.TO_INTEGER: metavalue detected, returning 0
#    Time: 9687740 ns  Iteration: 2  Instance: /tb/MyRiscv/u_regfile/MUXB
# ** Warning: NUMERIC_STD.TO_INTEGER: metavalue detected, returning 0
#    Time: 9687740 ns  Iteration: 2  Instance: /tb/MyRiscv/u_regfile/MUXA
# ** Warning: NUMERIC_STD.TO_INTEGER: metavalue detected, returning 0
#    Time: 9687740 ns  Iteration: 5  Instance: /tb/MyRiscv/u_regfile/MUXA
# ** Warning: NUMERIC_STD.TO_INTEGER: metavalue detected, returning 0
#    Time: 9687740 ns  Iteration: 5  Instance: /tb/MyRiscv/u_regfile/MUXB
# ** Warning: NUMERIC_STD.TO_INTEGER: metavalue detected, returning 0
#    Time: 9708220 ns  Iteration: 2  Instance: /tb/MyRiscv/u_regfile/MUXB
# ** Warning: NUMERIC_STD.TO_INTEGER: metavalue detected, returning 0
#    Time: 9708220 ns  Iteration: 2  Instance: /tb/MyRiscv/u_regfile/MUXA
# ** Warning: NUMERIC_STD.TO_INTEGER: metavalue detected, returning 0
#    Time: 9708220 ns  Iteration: 5  Instance: /tb/MyRiscv/u_regfile/MUXA
# ** Warning: NUMERIC_STD.TO_INTEGER: metavalue detected, returning 0
#    Time: 9708220 ns  Iteration: 5  Instance: /tb/MyRiscv/u_regfile/MUXB
# ** Warning: NUMERIC_STD.TO_INTEGER: metavalue detected, returning 0
#    Time: 9728700 ns  Iteration: 2  Instance: /tb/MyRiscv/u_regfile/MUXB
# ** Warning: NUMERIC_STD.TO_INTEGER: metavalue detected, returning 0
#    Time: 9728700 ns  Iteration: 2  Instance: /tb/MyRiscv/u_regfile/MUXA
# ** Warning: NUMERIC_STD.TO_INTEGER: metavalue detected, returning 0
#    Time: 9728700 ns  Iteration: 5  Instance: /tb/MyRiscv/u_regfile/MUXA
# ** Warning: NUMERIC_STD.TO_INTEGER: metavalue detected, returning 0
#    Time: 9728700 ns  Iteration: 5  Instance: /tb/MyRiscv/u_regfile/MUXB
# ** Warning: NUMERIC_STD.TO_INTEGER: metavalue detected, returning 0
#    Time: 9749180 ns  Iteration: 2  Instance: /tb/MyRiscv/u_regfile/MUXB
# ** Warning: NUMERIC_STD.TO_INTEGER: metavalue detected, returning 0
#    Time: 9749180 ns  Iteration: 2  Instance: /tb/MyRiscv/u_regfile/MUXA
# ** Warning: NUMERIC_STD.TO_INTEGER: metavalue detected, returning 0
#    Time: 9749180 ns  Iteration: 5  Instance: /tb/MyRiscv/u_regfile/MUXA
# ** Warning: NUMERIC_STD.TO_INTEGER: metavalue detected, returning 0
#    Time: 9749180 ns  Iteration: 5  Instance: /tb/MyRiscv/u_regfile/MUXB
# ** Warning: NUMERIC_STD.TO_INTEGER: metavalue detected, returning 0
#    Time: 9769660 ns  Iteration: 2  Instance: /tb/MyRiscv/u_regfile/MUXB
# ** Warning: NUMERIC_STD.TO_INTEGER: metavalue detected, returning 0
#    Time: 9769660 ns  Iteration: 2  Instance: /tb/MyRiscv/u_regfile/MUXA
# ** Warning: NUMERIC_STD.TO_INTEGER: metavalue detected, returning 0
#    Time: 9769660 ns  Iteration: 5  Instance: /tb/MyRiscv/u_regfile/MUXA
# ** Warning: NUMERIC_STD.TO_INTEGER: metavalue detected, returning 0
#    Time: 9769660 ns  Iteration: 5  Instance: /tb/MyRiscv/u_regfile/MUXB
# ** Warning: NUMERIC_STD.TO_INTEGER: metavalue detected, returning 0
#    Time: 9790140 ns  Iteration: 2  Instance: /tb/MyRiscv/u_regfile/MUXB
# ** Warning: NUMERIC_STD.TO_INTEGER: metavalue detected, returning 0
#    Time: 9790140 ns  Iteration: 2  Instance: /tb/MyRiscv/u_regfile/MUXA
# ** Warning: NUMERIC_STD.TO_INTEGER: metavalue detected, returning 0
#    Time: 9790140 ns  Iteration: 5  Instance: /tb/MyRiscv/u_regfile/MUXA
# ** Warning: NUMERIC_STD.TO_INTEGER: metavalue detected, returning 0
#    Time: 9790140 ns  Iteration: 5  Instance: /tb/MyRiscv/u_regfile/MUXB
# ** Warning: NUMERIC_STD.TO_INTEGER: metavalue detected, returning 0
#    Time: 9810620 ns  Iteration: 2  Instance: /tb/MyRiscv/u_regfile/MUXB
# ** Warning: NUMERIC_STD.TO_INTEGER: metavalue detected, returning 0
#    Time: 9810620 ns  Iteration: 2  Instance: /tb/MyRiscv/u_regfile/MUXA
# ** Warning: NUMERIC_STD.TO_INTEGER: metavalue detected, returning 0
#    Time: 9810620 ns  Iteration: 5  Instance: /tb/MyRiscv/u_regfile/MUXA
# ** Warning: NUMERIC_STD.TO_INTEGER: metavalue detected, returning 0
#    Time: 9810620 ns  Iteration: 5  Instance: /tb/MyRiscv/u_regfile/MUXB
# ** Warning: NUMERIC_STD.TO_INTEGER: metavalue detected, returning 0
#    Time: 9831100 ns  Iteration: 2  Instance: /tb/MyRiscv/u_regfile/MUXB
# ** Warning: NUMERIC_STD.TO_INTEGER: metavalue detected, returning 0
#    Time: 9831100 ns  Iteration: 2  Instance: /tb/MyRiscv/u_regfile/MUXA
# ** Warning: NUMERIC_STD.TO_INTEGER: metavalue detected, returning 0
#    Time: 9831100 ns  Iteration: 5  Instance: /tb/MyRiscv/u_regfile/MUXA
# ** Warning: NUMERIC_STD.TO_INTEGER: metavalue detected, returning 0
#    Time: 9831100 ns  Iteration: 5  Instance: /tb/MyRiscv/u_regfile/MUXB
# ** Warning: NUMERIC_STD.TO_INTEGER: metavalue detected, returning 0
#    Time: 9851580 ns  Iteration: 2  Instance: /tb/MyRiscv/u_regfile/MUXB
# ** Warning: NUMERIC_STD.TO_INTEGER: metavalue detected, returning 0
#    Time: 9851580 ns  Iteration: 2  Instance: /tb/MyRiscv/u_regfile/MUXA
# ** Warning: NUMERIC_STD.TO_INTEGER: metavalue detected, returning 0
#    Time: 9851580 ns  Iteration: 5  Instance: /tb/MyRiscv/u_regfile/MUXA
# ** Warning: NUMERIC_STD.TO_INTEGER: metavalue detected, returning 0
#    Time: 9851580 ns  Iteration: 5  Instance: /tb/MyRiscv/u_regfile/MUXB
# ** Warning: NUMERIC_STD.TO_INTEGER: metavalue detected, returning 0
#    Time: 9872060 ns  Iteration: 2  Instance: /tb/MyRiscv/u_regfile/MUXB
# ** Warning: NUMERIC_STD.TO_INTEGER: metavalue detected, returning 0
#    Time: 9872060 ns  Iteration: 2  Instance: /tb/MyRiscv/u_regfile/MUXA
# ** Warning: NUMERIC_STD.TO_INTEGER: metavalue detected, returning 0
#    Time: 9872060 ns  Iteration: 5  Instance: /tb/MyRiscv/u_regfile/MUXA
# ** Warning: NUMERIC_STD.TO_INTEGER: metavalue detected, returning 0
#    Time: 9872060 ns  Iteration: 5  Instance: /tb/MyRiscv/u_regfile/MUXB
# ** Warning: NUMERIC_STD.TO_INTEGER: metavalue detected, returning 0
#    Time: 9892540 ns  Iteration: 2  Instance: /tb/MyRiscv/u_regfile/MUXB
# ** Warning: NUMERIC_STD.TO_INTEGER: metavalue detected, returning 0
#    Time: 9892540 ns  Iteration: 2  Instance: /tb/MyRiscv/u_regfile/MUXA
# ** Warning: NUMERIC_STD.TO_INTEGER: metavalue detected, returning 0
#    Time: 9892540 ns  Iteration: 5  Instance: /tb/MyRiscv/u_regfile/MUXA
# ** Warning: NUMERIC_STD.TO_INTEGER: metavalue detected, returning 0
#    Time: 9892540 ns  Iteration: 5  Instance: /tb/MyRiscv/u_regfile/MUXB
# ** Warning: NUMERIC_STD.TO_INTEGER: metavalue detected, returning 0
#    Time: 9913020 ns  Iteration: 2  Instance: /tb/MyRiscv/u_regfile/MUXB
# ** Warning: NUMERIC_STD.TO_INTEGER: metavalue detected, returning 0
#    Time: 9913020 ns  Iteration: 2  Instance: /tb/MyRiscv/u_regfile/MUXA
# ** Warning: NUMERIC_STD.TO_INTEGER: metavalue detected, returning 0
#    Time: 9913020 ns  Iteration: 5  Instance: /tb/MyRiscv/u_regfile/MUXA
# ** Warning: NUMERIC_STD.TO_INTEGER: metavalue detected, returning 0
#    Time: 9913020 ns  Iteration: 5  Instance: /tb/MyRiscv/u_regfile/MUXB
# ** Warning: NUMERIC_STD.TO_INTEGER: metavalue detected, returning 0
#    Time: 9933500 ns  Iteration: 2  Instance: /tb/MyRiscv/u_regfile/MUXB
# ** Warning: NUMERIC_STD.TO_INTEGER: metavalue detected, returning 0
#    Time: 9933500 ns  Iteration: 2  Instance: /tb/MyRiscv/u_regfile/MUXA
# ** Warning: NUMERIC_STD.TO_INTEGER: metavalue detected, returning 0
#    Time: 9933500 ns  Iteration: 5  Instance: /tb/MyRiscv/u_regfile/MUXA
# ** Warning: NUMERIC_STD.TO_INTEGER: metavalue detected, returning 0
#    Time: 9933500 ns  Iteration: 5  Instance: /tb/MyRiscv/u_regfile/MUXB
# ** Warning: NUMERIC_STD.TO_INTEGER: metavalue detected, returning 0
#    Time: 9953980 ns  Iteration: 2  Instance: /tb/MyRiscv/u_regfile/MUXB
# ** Warning: NUMERIC_STD.TO_INTEGER: metavalue detected, returning 0
#    Time: 9953980 ns  Iteration: 2  Instance: /tb/MyRiscv/u_regfile/MUXA
# ** Warning: NUMERIC_STD.TO_INTEGER: metavalue detected, returning 0
#    Time: 9953980 ns  Iteration: 5  Instance: /tb/MyRiscv/u_regfile/MUXA
# ** Warning: NUMERIC_STD.TO_INTEGER: metavalue detected, returning 0
#    Time: 9953980 ns  Iteration: 5  Instance: /tb/MyRiscv/u_regfile/MUXB
# ** Warning: NUMERIC_STD.TO_INTEGER: metavalue detected, returning 0
#    Time: 9974460 ns  Iteration: 2  Instance: /tb/MyRiscv/u_regfile/MUXB
# ** Warning: NUMERIC_STD.TO_INTEGER: metavalue detected, returning 0
#    Time: 9974460 ns  Iteration: 2  Instance: /tb/MyRiscv/u_regfile/MUXA
# ** Warning: NUMERIC_STD.TO_INTEGER: metavalue detected, returning 0
#    Time: 9974460 ns  Iteration: 5  Instance: /tb/MyRiscv/u_regfile/MUXA
# ** Warning: NUMERIC_STD.TO_INTEGER: metavalue detected, returning 0
#    Time: 9974460 ns  Iteration: 5  Instance: /tb/MyRiscv/u_regfile/MUXB
# ** Warning: NUMERIC_STD.TO_INTEGER: metavalue detected, returning 0
#    Time: 9994940 ns  Iteration: 2  Instance: /tb/MyRiscv/u_regfile/MUXB
# ** Warning: NUMERIC_STD.TO_INTEGER: metavalue detected, returning 0
#    Time: 9994940 ns  Iteration: 2  Instance: /tb/MyRiscv/u_regfile/MUXA
# ** Warning: NUMERIC_STD.TO_INTEGER: metavalue detected, returning 0
#    Time: 9994940 ns  Iteration: 5  Instance: /tb/MyRiscv/u_regfile/MUXA
# ** Warning: NUMERIC_STD.TO_INTEGER: metavalue detected, returning 0
#    Time: 9994940 ns  Iteration: 5  Instance: /tb/MyRiscv/u_regfile/MUXB
# End time: 15:22:19 on Nov 25,2025, Elapsed time: 0:00:03
# Errors: 0, Warnings: 1969
