In clock cycle: 4
Register Write to Reg: 0x03 Val: 0x10010000
In clock cycle: 5
Register Write to Reg: 0x03 Val: 0x00000000
In clock cycle: 6
Register Write to Reg: 0x04 Val: 0x00400008
In clock cycle: 7
Register Write to Reg: 0x04 Val: 0x00000010
In clock cycle: 8
Register Write to Reg: 0x04 Val: 0x00000008
In clock cycle: 9
Register Write to Reg: 0x01 Val: 0x00000000
In clock cycle: 10
Register Write to Reg: 0x00 Val: 0x00000000
In clock cycle: 11
Register Write to Reg: 0x03 Val: 0x0FC10000
In clock cycle: 12
Register Write to Reg: 0x03 Val: 0x00000000
In clock cycle: 13
Register Write to Reg: 0x04 Val: 0x00000008
In clock cycle: 14
Register Write to Reg: 0x04 Val: 0x00000018
In clock cycle: 15
Register Write to Reg: 0x04 Val: 0x00000010
In clock cycle: 16
Register Write to Reg: 0x01 Val: 0x00000008
In clock cycle: 17
Register Write to Reg: 0x00 Val: 0x00000000
In clock cycle: 18
Register Write to Reg: 0x04 Val: 0x00000008
In clock cycle: 19
Register Write to Reg: 0x04 Val: 0x00000020
In clock cycle: 20
Register Write to Reg: 0x04 Val: 0x00000018
In clock cycle: 21
Register Write to Reg: 0x01 Val: 0x00000010
In clock cycle: 22
Register Write to Reg: 0x00 Val: 0x00000000
In clock cycle: 23
Register Write to Reg: 0x04 Val: 0x00000028
In clock cycle: 24
Register Write to Reg: 0x01 Val: 0x00000018
In clock cycle: 25
Register Write to Reg: 0x00 Val: 0x00000000
In clock cycle: 26
Register Write to Reg: 0x00 Val: 0x00000000
In clock cycle: 27
Register Write to Reg: 0x00 Val: 0x00000000
In clock cycle: 28
Register Write to Reg: 0x00 Val: 0x00000000
In clock cycle: 29
Register Write to Reg: 0x05 Val: 0x00000001
In clock cycle: 29
Memory Write to Addr: 0x00000000 Val: 0x00000000
In clock cycle: 31
Register Write to Reg: 0x04 Val: 0x0000003C
In clock cycle: 32
Register Write to Reg: 0x01 Val: 0x00000028
In clock cycle: 33
Register Write to Reg: 0x05 Val: 0x00000003
In clock cycle: 33
Memory Write to Addr: 0x00000000 Val: 0x00000001
In clock cycle: 35
Register Write to Reg: 0x04 Val: 0x00000050
In clock cycle: 36
Register Write to Reg: 0x01 Val: 0x0000003C
In clock cycle: 37
Register Write to Reg: 0x05 Val: 0x00000003
In clock cycle: 1047
Register Write to Reg: 0x03 Val: 0x0FC11000
In clock cycle: 1048
Register Write to Reg: 0x03 Val: 0x00000000
In clock cycle: 1049
Register Write to Reg: 0x04 Val: 0x00001008
In clock cycle: 1050
Register Write to Reg: 0x04 Val: 0x00000060
In clock cycle: 1051
Register Write to Reg: 0x04 Val: 0x00000058
In clock cycle: 1052
Register Write to Reg: 0x01 Val: 0x00000050
In clock cycle: 1053
Register Write to Reg: 0x00 Val: 0x00000000
In clock cycle: 2058
Register Write to Reg: 0x03 Val: 0x0FC11000
In clock cycle: 2059
Register Write to Reg: 0x03 Val: 0x00000000
In clock cycle: 2060
Register Write to Reg: 0x04 Val: 0x00001008
In clock cycle: 2061
Register Write to Reg: 0x04 Val: 0x00000068
In clock cycle: 2062
Register Write to Reg: 0x04 Val: 0x00000060
In clock cycle: 2063
Register Write to Reg: 0x01 Val: 0x00000058
In clock cycle: 2064
Register Write to Reg: 0x00 Val: 0x00000000
In clock cycle: 3067
Register Write to Reg: 0x03 Val: 0x0FC11000
In clock cycle: 3068
Register Write to Reg: 0x03 Val: 0x00000000
In clock cycle: 3069
Register Write to Reg: 0x04 Val: 0x00001008
In clock cycle: 3070
Register Write to Reg: 0x04 Val: 0x00000070
In clock cycle: 3071
Register Write to Reg: 0x04 Val: 0x00000068
In clock cycle: 3072
Register Write to Reg: 0x01 Val: 0x00000060
In clock cycle: 3073
Register Write to Reg: 0x00 Val: 0x00000000
In clock cycle: 4074
Register Write to Reg: 0x03 Val: 0x0FC11000
In clock cycle: 4075
Register Write to Reg: 0x03 Val: 0x00000000
In clock cycle: 4076
Register Write to Reg: 0x04 Val: 0x00001008
In clock cycle: 4077
Register Write to Reg: 0x04 Val: 0x00000078
In clock cycle: 4078
Register Write to Reg: 0x04 Val: 0x00000070
In clock cycle: 4079
Register Write to Reg: 0x01 Val: 0x00000068
In clock cycle: 4080
Register Write to Reg: 0x00 Val: 0x00000000
In clock cycle: 5079
Register Write to Reg: 0x03 Val: 0x0FC11000
In clock cycle: 5080
Register Write to Reg: 0x03 Val: 0x00000000
In clock cycle: 5081
Register Write to Reg: 0x04 Val: 0x00001008
In clock cycle: 5082
Register Write to Reg: 0x04 Val: 0x00000080
In clock cycle: 5083
Register Write to Reg: 0x04 Val: 0x00000078
In clock cycle: 5084
Register Write to Reg: 0x01 Val: 0x00000070
In clock cycle: 5085
Register Write to Reg: 0x00 Val: 0x00000000
In clock cycle: 6082
Register Write to Reg: 0x03 Val: 0x0FC11000
In clock cycle: 6083
Register Write to Reg: 0x03 Val: 0x00000000
In clock cycle: 6084
Register Write to Reg: 0x04 Val: 0x00001008
In clock cycle: 6085
Register Write to Reg: 0x04 Val: 0x00000088
In clock cycle: 6086
Register Write to Reg: 0x04 Val: 0x00000080
In clock cycle: 6087
Register Write to Reg: 0x01 Val: 0x00000078
In clock cycle: 6088
Register Write to Reg: 0x00 Val: 0x00000000
In clock cycle: 7083
Register Write to Reg: 0x03 Val: 0x0FC11000
In clock cycle: 7084
Register Write to Reg: 0x03 Val: 0x00000000
In clock cycle: 7085
Register Write to Reg: 0x04 Val: 0x00001008
In clock cycle: 7086
Register Write to Reg: 0x04 Val: 0x00000090
In clock cycle: 7087
Register Write to Reg: 0x04 Val: 0x00000088
In clock cycle: 7088
Register Write to Reg: 0x01 Val: 0x00000080
In clock cycle: 7089
Register Write to Reg: 0x00 Val: 0x00000000
In clock cycle: 8082
Register Write to Reg: 0x03 Val: 0x0FC11000
In clock cycle: 8083
Register Write to Reg: 0x03 Val: 0x00000000
In clock cycle: 8084
Register Write to Reg: 0x04 Val: 0x00001008
In clock cycle: 8085
Register Write to Reg: 0x04 Val: 0x00000098
In clock cycle: 8086
Register Write to Reg: 0x04 Val: 0x00000090
In clock cycle: 8087
Register Write to Reg: 0x01 Val: 0x00000088
In clock cycle: 8088
Register Write to Reg: 0x00 Val: 0x00000000
In clock cycle: 9079
Register Write to Reg: 0x03 Val: 0x0FC11000
In clock cycle: 9080
Register Write to Reg: 0x03 Val: 0x00000000
In clock cycle: 9081
Register Write to Reg: 0x04 Val: 0x00001008
In clock cycle: 9082
Register Write to Reg: 0x04 Val: 0x000000A0
In clock cycle: 9083
Register Write to Reg: 0x04 Val: 0x00000098
In clock cycle: 9084
Register Write to Reg: 0x01 Val: 0x00000090
In clock cycle: 9085
Register Write to Reg: 0x00 Val: 0x00000000
In clock cycle: 10074
Register Write to Reg: 0x03 Val: 0x0FC11000
In clock cycle: 10075
Register Write to Reg: 0x03 Val: 0x00000000
In clock cycle: 10076
Register Write to Reg: 0x04 Val: 0x00001008
In clock cycle: 10077
Register Write to Reg: 0x04 Val: 0x000000A8
In clock cycle: 10078
Register Write to Reg: 0x04 Val: 0x000000A0
In clock cycle: 10079
Register Write to Reg: 0x01 Val: 0x00000098
In clock cycle: 10080
Register Write to Reg: 0x00 Val: 0x00000000
In clock cycle: 11067
Register Write to Reg: 0x03 Val: 0x0FC11000
In clock cycle: 11068
Register Write to Reg: 0x03 Val: 0x00000000
In clock cycle: 11069
Register Write to Reg: 0x04 Val: 0x00001008
In clock cycle: 11070
Register Write to Reg: 0x04 Val: 0x000000B0
In clock cycle: 11071
Register Write to Reg: 0x04 Val: 0x000000A8
In clock cycle: 11072
Register Write to Reg: 0x01 Val: 0x000000A0
In clock cycle: 11073
Register Write to Reg: 0x00 Val: 0x00000000
In clock cycle: 12058
Register Write to Reg: 0x03 Val: 0x0FC11000
In clock cycle: 12059
Register Write to Reg: 0x03 Val: 0x00000000
In clock cycle: 12060
Register Write to Reg: 0x04 Val: 0x00001008
In clock cycle: 12061
Register Write to Reg: 0x04 Val: 0x000000B8
In clock cycle: 12062
Register Write to Reg: 0x04 Val: 0x000000B0
In clock cycle: 12063
Register Write to Reg: 0x01 Val: 0x000000A8
In clock cycle: 12064
Register Write to Reg: 0x00 Val: 0x00000000
In clock cycle: 13047
Register Write to Reg: 0x03 Val: 0x0FC11000
In clock cycle: 13048
Register Write to Reg: 0x03 Val: 0x00000000
In clock cycle: 13049
Register Write to Reg: 0x04 Val: 0x00001008
In clock cycle: 13050
Register Write to Reg: 0x04 Val: 0x000000C0
In clock cycle: 13051
Register Write to Reg: 0x04 Val: 0x000000B8
In clock cycle: 13052
Register Write to Reg: 0x01 Val: 0x000000B0
In clock cycle: 13053
Register Write to Reg: 0x00 Val: 0x00000000
In clock cycle: 14034
Register Write to Reg: 0x03 Val: 0x0FC11000
In clock cycle: 14035
Register Write to Reg: 0x03 Val: 0x00000000
In clock cycle: 14036
Register Write to Reg: 0x04 Val: 0x00001008
In clock cycle: 14037
Register Write to Reg: 0x04 Val: 0x000000C8
In clock cycle: 14038
Register Write to Reg: 0x04 Val: 0x000000C0
In clock cycle: 14039
Register Write to Reg: 0x01 Val: 0x000000B8
In clock cycle: 14040
Register Write to Reg: 0x00 Val: 0x00000000
In clock cycle: 15019
Register Write to Reg: 0x03 Val: 0x0FC11000
In clock cycle: 15020
Register Write to Reg: 0x03 Val: 0x00000000
In clock cycle: 15021
Register Write to Reg: 0x04 Val: 0x00001008
In clock cycle: 15022
Register Write to Reg: 0x04 Val: 0x000000D0
In clock cycle: 15023
Register Write to Reg: 0x04 Val: 0x000000C8
In clock cycle: 15024
Register Write to Reg: 0x01 Val: 0x000000C0
In clock cycle: 15025
Register Write to Reg: 0x00 Val: 0x00000000
In clock cycle: 16002
Register Write to Reg: 0x03 Val: 0x0FC11000
In clock cycle: 16003
Register Write to Reg: 0x03 Val: 0x00000000
In clock cycle: 16004
Register Write to Reg: 0x04 Val: 0x00001008
In clock cycle: 16005
Register Write to Reg: 0x04 Val: 0x000000D8
In clock cycle: 16006
Register Write to Reg: 0x04 Val: 0x000000D0
In clock cycle: 16007
Register Write to Reg: 0x01 Val: 0x000000C8
In clock cycle: 16008
Register Write to Reg: 0x00 Val: 0x00000000
In clock cycle: 16983
Register Write to Reg: 0x03 Val: 0x0FC11000
In clock cycle: 16984
Register Write to Reg: 0x03 Val: 0x00000000
In clock cycle: 16985
Register Write to Reg: 0x04 Val: 0x00001008
In clock cycle: 16986
Register Write to Reg: 0x04 Val: 0x000000E0
In clock cycle: 16987
Register Write to Reg: 0x04 Val: 0x000000D8
In clock cycle: 16988
Register Write to Reg: 0x01 Val: 0x000000D0
In clock cycle: 16989
Register Write to Reg: 0x00 Val: 0x00000000
In clock cycle: 17962
Register Write to Reg: 0x03 Val: 0x0FC11000
In clock cycle: 17963
Register Write to Reg: 0x03 Val: 0x00000000
In clock cycle: 17964
Register Write to Reg: 0x04 Val: 0x00001008
In clock cycle: 17965
Register Write to Reg: 0x04 Val: 0x000000E8
In clock cycle: 17966
Register Write to Reg: 0x04 Val: 0x000000E0
In clock cycle: 17967
Register Write to Reg: 0x01 Val: 0x000000D8
In clock cycle: 17968
Register Write to Reg: 0x00 Val: 0x00000000
In clock cycle: 18939
Register Write to Reg: 0x03 Val: 0x0FC11000
In clock cycle: 18940
Register Write to Reg: 0x03 Val: 0x00000000
In clock cycle: 18941
Register Write to Reg: 0x04 Val: 0x00001008
In clock cycle: 18942
Register Write to Reg: 0x04 Val: 0x000000F0
In clock cycle: 18943
Register Write to Reg: 0x04 Val: 0x000000E8
In clock cycle: 18944
Register Write to Reg: 0x01 Val: 0x000000E0
In clock cycle: 18945
Register Write to Reg: 0x00 Val: 0x00000000
In clock cycle: 19914
Register Write to Reg: 0x03 Val: 0x0FC11000
In clock cycle: 19915
Register Write to Reg: 0x03 Val: 0x00000000
In clock cycle: 19916
Register Write to Reg: 0x04 Val: 0x00001008
In clock cycle: 19917
Register Write to Reg: 0x04 Val: 0x000000F8
In clock cycle: 19918
Register Write to Reg: 0x04 Val: 0x000000F0
In clock cycle: 19919
Register Write to Reg: 0x01 Val: 0x000000E8
In clock cycle: 19920
Register Write to Reg: 0x00 Val: 0x00000000
In clock cycle: 20887
Register Write to Reg: 0x03 Val: 0x0FC11000
In clock cycle: 20888
Register Write to Reg: 0x03 Val: 0x00000000
In clock cycle: 20889
Register Write to Reg: 0x04 Val: 0x00001008
In clock cycle: 20890
Register Write to Reg: 0x04 Val: 0x00000100
In clock cycle: 20891
Register Write to Reg: 0x04 Val: 0x000000F8
In clock cycle: 20892
Register Write to Reg: 0x01 Val: 0x000000F0
In clock cycle: 20893
Register Write to Reg: 0x00 Val: 0x00000000
In clock cycle: 21858
Register Write to Reg: 0x03 Val: 0x0FC11000
In clock cycle: 21859
Register Write to Reg: 0x03 Val: 0x00000000
In clock cycle: 21860
Register Write to Reg: 0x04 Val: 0x00001008
In clock cycle: 21861
Register Write to Reg: 0x04 Val: 0x00000108
In clock cycle: 21862
Register Write to Reg: 0x04 Val: 0x00000100
In clock cycle: 21863
Register Write to Reg: 0x01 Val: 0x000000F8
In clock cycle: 21864
Register Write to Reg: 0x00 Val: 0x00000000
In clock cycle: 22827
Register Write to Reg: 0x03 Val: 0x0FC11000
In clock cycle: 22828
Register Write to Reg: 0x03 Val: 0x00000000
In clock cycle: 22829
Register Write to Reg: 0x04 Val: 0x00001008
In clock cycle: 22830
Register Write to Reg: 0x04 Val: 0x00000110
In clock cycle: 22831
Register Write to Reg: 0x04 Val: 0x00000108
In clock cycle: 22832
Register Write to Reg: 0x01 Val: 0x00000100
In clock cycle: 22833
Register Write to Reg: 0x00 Val: 0x00000000
In clock cycle: 23794
Register Write to Reg: 0x03 Val: 0x0FC11000
In clock cycle: 23795
Register Write to Reg: 0x03 Val: 0x00000000
In clock cycle: 23796
Register Write to Reg: 0x04 Val: 0x00001008
In clock cycle: 23797
Register Write to Reg: 0x04 Val: 0x00000118
In clock cycle: 23798
Register Write to Reg: 0x04 Val: 0x00000110
In clock cycle: 23799
Register Write to Reg: 0x01 Val: 0x00000108
In clock cycle: 23800
Register Write to Reg: 0x00 Val: 0x00000000
In clock cycle: 24759
Register Write to Reg: 0x03 Val: 0x0FC11000
In clock cycle: 24760
Register Write to Reg: 0x03 Val: 0x00000000
In clock cycle: 24761
Register Write to Reg: 0x04 Val: 0x00001008
In clock cycle: 24762
Register Write to Reg: 0x04 Val: 0x00000120
In clock cycle: 24763
Register Write to Reg: 0x04 Val: 0x00000118
In clock cycle: 24764
Register Write to Reg: 0x01 Val: 0x00000110
In clock cycle: 24765
Register Write to Reg: 0x00 Val: 0x00000000
In clock cycle: 25722
Register Write to Reg: 0x03 Val: 0x0FC11000
In clock cycle: 25723
Register Write to Reg: 0x03 Val: 0x00000000
In clock cycle: 25724
Register Write to Reg: 0x04 Val: 0x00001008
In clock cycle: 25725
Register Write to Reg: 0x04 Val: 0x00000128
In clock cycle: 25726
Register Write to Reg: 0x04 Val: 0x00000120
In clock cycle: 25727
Register Write to Reg: 0x01 Val: 0x00000118
In clock cycle: 25728
Register Write to Reg: 0x00 Val: 0x00000000
In clock cycle: 26683
Register Write to Reg: 0x03 Val: 0x0FC11000
In clock cycle: 26684
Register Write to Reg: 0x03 Val: 0x00000000
In clock cycle: 26685
Register Write to Reg: 0x04 Val: 0x00001008
In clock cycle: 26686
Register Write to Reg: 0x04 Val: 0x00000130
In clock cycle: 26687
Register Write to Reg: 0x04 Val: 0x00000128
In clock cycle: 26688
Register Write to Reg: 0x01 Val: 0x00000120
In clock cycle: 26689
Register Write to Reg: 0x00 Val: 0x00000000
In clock cycle: 27642
Register Write to Reg: 0x03 Val: 0x0FC11000
In clock cycle: 27643
Register Write to Reg: 0x03 Val: 0x00000000
In clock cycle: 27644
Register Write to Reg: 0x04 Val: 0x00001008
In clock cycle: 27645
Register Write to Reg: 0x04 Val: 0x00000138
In clock cycle: 27646
Register Write to Reg: 0x04 Val: 0x00000130
In clock cycle: 27647
Register Write to Reg: 0x01 Val: 0x00000128
In clock cycle: 27648
Register Write to Reg: 0x00 Val: 0x00000000
In clock cycle: 28599
Register Write to Reg: 0x03 Val: 0x0FC11000
In clock cycle: 28600
Register Write to Reg: 0x03 Val: 0x00000000
In clock cycle: 28601
Register Write to Reg: 0x04 Val: 0x00001008
In clock cycle: 28602
Register Write to Reg: 0x04 Val: 0x00000140
In clock cycle: 28603
Register Write to Reg: 0x04 Val: 0x00000138
In clock cycle: 28604
Register Write to Reg: 0x01 Val: 0x00000130
In clock cycle: 28605
Register Write to Reg: 0x00 Val: 0x00000000
In clock cycle: 29554
Register Write to Reg: 0x03 Val: 0x0FC11000
In clock cycle: 29555
Register Write to Reg: 0x03 Val: 0x00000000
In clock cycle: 29556
Register Write to Reg: 0x04 Val: 0x00001008
In clock cycle: 29557
Register Write to Reg: 0x04 Val: 0x00000148
In clock cycle: 29558
Register Write to Reg: 0x04 Val: 0x00000140
In clock cycle: 29559
Register Write to Reg: 0x01 Val: 0x00000138
In clock cycle: 29560
Register Write to Reg: 0x00 Val: 0x00000000
In clock cycle: 30507
Register Write to Reg: 0x03 Val: 0x0FC11000
In clock cycle: 30508
Register Write to Reg: 0x03 Val: 0x00000000
In clock cycle: 30509
Register Write to Reg: 0x04 Val: 0x00001008
In clock cycle: 30510
Register Write to Reg: 0x04 Val: 0x00000150
In clock cycle: 30511
Register Write to Reg: 0x04 Val: 0x00000148
In clock cycle: 30512
Register Write to Reg: 0x01 Val: 0x00000140
In clock cycle: 30513
Register Write to Reg: 0x00 Val: 0x00000000
In clock cycle: 31458
Register Write to Reg: 0x03 Val: 0x0FC11000
In clock cycle: 31459
Register Write to Reg: 0x03 Val: 0x00000000
In clock cycle: 31460
Register Write to Reg: 0x04 Val: 0x00001008
In clock cycle: 31461
Register Write to Reg: 0x04 Val: 0x00000158
In clock cycle: 31462
Register Write to Reg: 0x04 Val: 0x00000150
In clock cycle: 31463
Register Write to Reg: 0x01 Val: 0x00000148
In clock cycle: 31464
Register Write to Reg: 0x00 Val: 0x00000000
In clock cycle: 32407
Register Write to Reg: 0x03 Val: 0x0FC11000
In clock cycle: 32408
Register Write to Reg: 0x03 Val: 0x00000000
In clock cycle: 32409
Register Write to Reg: 0x04 Val: 0x00001008
In clock cycle: 32410
Register Write to Reg: 0x04 Val: 0x00000160
In clock cycle: 32411
Register Write to Reg: 0x04 Val: 0x00000158
In clock cycle: 32412
Register Write to Reg: 0x01 Val: 0x00000150
In clock cycle: 32413
Register Write to Reg: 0x00 Val: 0x00000000
In clock cycle: 33354
Register Write to Reg: 0x03 Val: 0x0FC11000
In clock cycle: 33355
Register Write to Reg: 0x03 Val: 0x00000000
In clock cycle: 33356
Register Write to Reg: 0x04 Val: 0x00001008
In clock cycle: 33357
Register Write to Reg: 0x04 Val: 0x00000168
In clock cycle: 33358
Register Write to Reg: 0x04 Val: 0x00000160
In clock cycle: 33359
Register Write to Reg: 0x01 Val: 0x00000158
In clock cycle: 33360
Register Write to Reg: 0x00 Val: 0x00000000
In clock cycle: 34299
Register Write to Reg: 0x03 Val: 0x0FC11000
In clock cycle: 34300
Register Write to Reg: 0x03 Val: 0x00000000
In clock cycle: 34301
Register Write to Reg: 0x04 Val: 0x00001008
In clock cycle: 34302
Register Write to Reg: 0x04 Val: 0x00000170
In clock cycle: 34303
Register Write to Reg: 0x04 Val: 0x00000168
In clock cycle: 34304
Register Write to Reg: 0x01 Val: 0x00000160
In clock cycle: 34305
Register Write to Reg: 0x00 Val: 0x00000000
In clock cycle: 35242
Register Write to Reg: 0x03 Val: 0x0FC11000
In clock cycle: 35243
Register Write to Reg: 0x03 Val: 0x00000000
In clock cycle: 35244
Register Write to Reg: 0x04 Val: 0x00001008
In clock cycle: 35245
Register Write to Reg: 0x04 Val: 0x00000178
In clock cycle: 35246
Register Write to Reg: 0x04 Val: 0x00000170
In clock cycle: 35247
Register Write to Reg: 0x01 Val: 0x00000168
In clock cycle: 35248
Register Write to Reg: 0x00 Val: 0x00000000
In clock cycle: 36183
Register Write to Reg: 0x03 Val: 0x0FC11000
In clock cycle: 36184
Register Write to Reg: 0x03 Val: 0x00000000
In clock cycle: 36185
Register Write to Reg: 0x04 Val: 0x00001008
In clock cycle: 36186
Register Write to Reg: 0x04 Val: 0x00000180
In clock cycle: 36187
Register Write to Reg: 0x04 Val: 0x00000178
In clock cycle: 36188
Register Write to Reg: 0x01 Val: 0x00000170
In clock cycle: 36189
Register Write to Reg: 0x00 Val: 0x00000000
In clock cycle: 37122
Register Write to Reg: 0x03 Val: 0x0FC11000
In clock cycle: 37123
Register Write to Reg: 0x03 Val: 0x00000000
In clock cycle: 37124
Register Write to Reg: 0x04 Val: 0x00001008
In clock cycle: 37125
Register Write to Reg: 0x04 Val: 0x00000188
In clock cycle: 37126
Register Write to Reg: 0x04 Val: 0x00000180
In clock cycle: 37127
Register Write to Reg: 0x01 Val: 0x00000178
In clock cycle: 37128
Register Write to Reg: 0x00 Val: 0x00000000
In clock cycle: 38059
Register Write to Reg: 0x03 Val: 0x0FC11000
In clock cycle: 38060
Register Write to Reg: 0x03 Val: 0x00000000
In clock cycle: 38061
Register Write to Reg: 0x04 Val: 0x00001008
In clock cycle: 38062
Register Write to Reg: 0x04 Val: 0x00000190
In clock cycle: 38063
Register Write to Reg: 0x04 Val: 0x00000188
In clock cycle: 38064
Register Write to Reg: 0x01 Val: 0x00000180
In clock cycle: 38065
Register Write to Reg: 0x00 Val: 0x00000000
In clock cycle: 38994
Register Write to Reg: 0x03 Val: 0x0FC11000
In clock cycle: 38995
Register Write to Reg: 0x03 Val: 0x00000000
In clock cycle: 38996
Register Write to Reg: 0x04 Val: 0x00001008
In clock cycle: 38997
Register Write to Reg: 0x04 Val: 0x00000198
In clock cycle: 38998
Register Write to Reg: 0x04 Val: 0x00000190
In clock cycle: 38999
Register Write to Reg: 0x01 Val: 0x00000188
In clock cycle: 39000
Register Write to Reg: 0x00 Val: 0x00000000
In clock cycle: 39927
Register Write to Reg: 0x03 Val: 0x0FC11000
In clock cycle: 39928
Register Write to Reg: 0x03 Val: 0x00000000
In clock cycle: 39929
Register Write to Reg: 0x04 Val: 0x00001008
In clock cycle: 39930
Register Write to Reg: 0x04 Val: 0x000001A0
In clock cycle: 39931
Register Write to Reg: 0x04 Val: 0x00000198
In clock cycle: 39932
Register Write to Reg: 0x01 Val: 0x00000190
In clock cycle: 39933
Register Write to Reg: 0x00 Val: 0x00000000
In clock cycle: 40858
Register Write to Reg: 0x03 Val: 0x0FC11000
In clock cycle: 40859
Register Write to Reg: 0x03 Val: 0x00000000
In clock cycle: 40860
Register Write to Reg: 0x04 Val: 0x00001008
In clock cycle: 40861
Register Write to Reg: 0x04 Val: 0x000001A8
In clock cycle: 40862
Register Write to Reg: 0x04 Val: 0x000001A0
In clock cycle: 40863
Register Write to Reg: 0x01 Val: 0x00000198
In clock cycle: 40864
Register Write to Reg: 0x00 Val: 0x00000000
In clock cycle: 41787
Register Write to Reg: 0x03 Val: 0x0FC11000
In clock cycle: 41788
Register Write to Reg: 0x03 Val: 0x00000000
In clock cycle: 41789
Register Write to Reg: 0x04 Val: 0x00001008
In clock cycle: 41790
Register Write to Reg: 0x04 Val: 0x000001B0
In clock cycle: 41791
Register Write to Reg: 0x04 Val: 0x000001A8
In clock cycle: 41792
Register Write to Reg: 0x01 Val: 0x000001A0
In clock cycle: 41793
Register Write to Reg: 0x00 Val: 0x00000000
In clock cycle: 42714
Register Write to Reg: 0x03 Val: 0x0FC11000
In clock cycle: 42715
Register Write to Reg: 0x03 Val: 0x00000000
In clock cycle: 42716
Register Write to Reg: 0x04 Val: 0x00001008
In clock cycle: 42717
Register Write to Reg: 0x04 Val: 0x000001B8
In clock cycle: 42718
Register Write to Reg: 0x04 Val: 0x000001B0
In clock cycle: 42719
Register Write to Reg: 0x01 Val: 0x000001A8
In clock cycle: 42720
Register Write to Reg: 0x00 Val: 0x00000000
In clock cycle: 43639
Register Write to Reg: 0x03 Val: 0x0FC11000
In clock cycle: 43640
Register Write to Reg: 0x03 Val: 0x00000000
In clock cycle: 43641
Register Write to Reg: 0x04 Val: 0x00001008
In clock cycle: 43642
Register Write to Reg: 0x04 Val: 0x000001C0
In clock cycle: 43643
Register Write to Reg: 0x04 Val: 0x000001B8
In clock cycle: 43644
Register Write to Reg: 0x01 Val: 0x000001B0
In clock cycle: 43645
Register Write to Reg: 0x00 Val: 0x00000000
In clock cycle: 44562
Register Write to Reg: 0x03 Val: 0x0FC11000
In clock cycle: 44563
Register Write to Reg: 0x03 Val: 0x00000000
In clock cycle: 44564
Register Write to Reg: 0x04 Val: 0x00001008
In clock cycle: 44565
Register Write to Reg: 0x04 Val: 0x000001C8
In clock cycle: 44566
Register Write to Reg: 0x04 Val: 0x000001C0
In clock cycle: 44567
Register Write to Reg: 0x01 Val: 0x000001B8
In clock cycle: 44568
Register Write to Reg: 0x00 Val: 0x00000000
In clock cycle: 45483
Register Write to Reg: 0x03 Val: 0x0FC11000
In clock cycle: 45484
Register Write to Reg: 0x03 Val: 0x00000000
In clock cycle: 45485
Register Write to Reg: 0x04 Val: 0x00001008
In clock cycle: 45486
Register Write to Reg: 0x04 Val: 0x000001D0
In clock cycle: 45487
Register Write to Reg: 0x04 Val: 0x000001C8
In clock cycle: 45488
Register Write to Reg: 0x01 Val: 0x000001C0
In clock cycle: 45489
Register Write to Reg: 0x00 Val: 0x00000000
In clock cycle: 46402
Register Write to Reg: 0x03 Val: 0x0FC11000
In clock cycle: 46403
Register Write to Reg: 0x03 Val: 0x00000000
In clock cycle: 46404
Register Write to Reg: 0x04 Val: 0x00001008
In clock cycle: 46405
Register Write to Reg: 0x04 Val: 0x000001D8
In clock cycle: 46406
Register Write to Reg: 0x04 Val: 0x000001D0
In clock cycle: 46407
Register Write to Reg: 0x01 Val: 0x000001C8
In clock cycle: 46408
Register Write to Reg: 0x00 Val: 0x00000000
In clock cycle: 47319
Register Write to Reg: 0x03 Val: 0x0FC11000
In clock cycle: 47320
Register Write to Reg: 0x03 Val: 0x00000000
In clock cycle: 47321
Register Write to Reg: 0x04 Val: 0x00001008
In clock cycle: 47322
Register Write to Reg: 0x04 Val: 0x000001E0
In clock cycle: 47323
Register Write to Reg: 0x04 Val: 0x000001D8
In clock cycle: 47324
Register Write to Reg: 0x01 Val: 0x000001D0
In clock cycle: 47325
Register Write to Reg: 0x00 Val: 0x00000000
In clock cycle: 48234
Register Write to Reg: 0x03 Val: 0x0FC11000
In clock cycle: 48235
Register Write to Reg: 0x03 Val: 0x00000000
In clock cycle: 48236
Register Write to Reg: 0x04 Val: 0x00001008
In clock cycle: 48237
Register Write to Reg: 0x04 Val: 0x000001E8
In clock cycle: 48238
Register Write to Reg: 0x04 Val: 0x000001E0
In clock cycle: 48239
Register Write to Reg: 0x01 Val: 0x000001D8
In clock cycle: 48240
Register Write to Reg: 0x00 Val: 0x00000000
In clock cycle: 49147
Register Write to Reg: 0x03 Val: 0x0FC11000
In clock cycle: 49148
Register Write to Reg: 0x03 Val: 0x00000000
In clock cycle: 49149
Register Write to Reg: 0x04 Val: 0x00001008
In clock cycle: 49150
Register Write to Reg: 0x04 Val: 0x000001F0
In clock cycle: 49151
Register Write to Reg: 0x04 Val: 0x000001E8
In clock cycle: 49152
Register Write to Reg: 0x01 Val: 0x000001E0
In clock cycle: 49153
Register Write to Reg: 0x00 Val: 0x00000000
In clock cycle: 50058
Register Write to Reg: 0x03 Val: 0x0FC11000
In clock cycle: 50059
Register Write to Reg: 0x03 Val: 0x00000000
In clock cycle: 50060
Register Write to Reg: 0x04 Val: 0x00001008
In clock cycle: 50061
Register Write to Reg: 0x04 Val: 0x000001F8
In clock cycle: 50062
Register Write to Reg: 0x04 Val: 0x000001F0
In clock cycle: 50063
Register Write to Reg: 0x01 Val: 0x000001E8
In clock cycle: 50064
Register Write to Reg: 0x00 Val: 0x00000000
In clock cycle: 50967
Register Write to Reg: 0x03 Val: 0x0FC11000
In clock cycle: 50968
Register Write to Reg: 0x03 Val: 0x00000000
In clock cycle: 50969
Register Write to Reg: 0x04 Val: 0x00001008
In clock cycle: 50970
Register Write to Reg: 0x04 Val: 0x00000200
In clock cycle: 50971
Register Write to Reg: 0x04 Val: 0x000001F8
In clock cycle: 50972
Register Write to Reg: 0x01 Val: 0x000001F0
In clock cycle: 50973
Register Write to Reg: 0x00 Val: 0x00000000
In clock cycle: 51874
Register Write to Reg: 0x03 Val: 0x0FC11000
In clock cycle: 51875
Register Write to Reg: 0x03 Val: 0x00000000
In clock cycle: 51876
Register Write to Reg: 0x04 Val: 0x00001008
In clock cycle: 51877
Register Write to Reg: 0x04 Val: 0x00000208
In clock cycle: 51878
Register Write to Reg: 0x04 Val: 0x00000200
In clock cycle: 51879
Register Write to Reg: 0x01 Val: 0x000001F8
In clock cycle: 51880
Register Write to Reg: 0x00 Val: 0x00000000
In clock cycle: 52779
Register Write to Reg: 0x03 Val: 0x0FC11000
In clock cycle: 52780
Register Write to Reg: 0x03 Val: 0x00000000
In clock cycle: 52781
Register Write to Reg: 0x04 Val: 0x00001008
In clock cycle: 52782
Register Write to Reg: 0x04 Val: 0x00000210
In clock cycle: 52783
Register Write to Reg: 0x04 Val: 0x00000208
In clock cycle: 52784
Register Write to Reg: 0x01 Val: 0x00000200
In clock cycle: 52785
Register Write to Reg: 0x00 Val: 0x00000000
In clock cycle: 53682
Register Write to Reg: 0x03 Val: 0x0FC11000
In clock cycle: 53683
Register Write to Reg: 0x03 Val: 0x00000000
In clock cycle: 53684
Register Write to Reg: 0x04 Val: 0x00001008
In clock cycle: 53685
Register Write to Reg: 0x04 Val: 0x00000218
In clock cycle: 53686
Register Write to Reg: 0x04 Val: 0x00000210
In clock cycle: 53687
Register Write to Reg: 0x01 Val: 0x00000208
In clock cycle: 53688
Register Write to Reg: 0x00 Val: 0x00000000
In clock cycle: 54583
Register Write to Reg: 0x03 Val: 0x0FC11000
In clock cycle: 54584
Register Write to Reg: 0x03 Val: 0x00000000
In clock cycle: 54585
Register Write to Reg: 0x04 Val: 0x00001008
In clock cycle: 54586
Register Write to Reg: 0x04 Val: 0x00000220
In clock cycle: 54587
Register Write to Reg: 0x04 Val: 0x00000218
In clock cycle: 54588
Register Write to Reg: 0x01 Val: 0x00000210
In clock cycle: 54589
Register Write to Reg: 0x00 Val: 0x00000000
In clock cycle: 55482
Register Write to Reg: 0x03 Val: 0x0FC11000
In clock cycle: 55483
Register Write to Reg: 0x03 Val: 0x00000000
In clock cycle: 55484
Register Write to Reg: 0x04 Val: 0x00001008
In clock cycle: 55485
Register Write to Reg: 0x04 Val: 0x00000228
In clock cycle: 55486
Register Write to Reg: 0x04 Val: 0x00000220
In clock cycle: 55487
Register Write to Reg: 0x01 Val: 0x00000218
In clock cycle: 55488
Register Write to Reg: 0x00 Val: 0x00000000
In clock cycle: 56379
Register Write to Reg: 0x03 Val: 0x0FC11000
In clock cycle: 56380
Register Write to Reg: 0x03 Val: 0x00000000
In clock cycle: 56381
Register Write to Reg: 0x04 Val: 0x00001008
In clock cycle: 56382
Register Write to Reg: 0x04 Val: 0x00000230
In clock cycle: 56383
Register Write to Reg: 0x04 Val: 0x00000228
In clock cycle: 56384
Register Write to Reg: 0x01 Val: 0x00000220
In clock cycle: 56385
Register Write to Reg: 0x00 Val: 0x00000000
In clock cycle: 57274
Register Write to Reg: 0x03 Val: 0x0FC11000
In clock cycle: 57275
Register Write to Reg: 0x03 Val: 0x00000000
In clock cycle: 57276
Register Write to Reg: 0x04 Val: 0x00001008
In clock cycle: 57277
Register Write to Reg: 0x04 Val: 0x00000238
In clock cycle: 57278
Register Write to Reg: 0x04 Val: 0x00000230
In clock cycle: 57279
Register Write to Reg: 0x01 Val: 0x00000228
In clock cycle: 57280
Register Write to Reg: 0x00 Val: 0x00000000
In clock cycle: 58167
Register Write to Reg: 0x03 Val: 0x0FC11000
In clock cycle: 58168
Register Write to Reg: 0x03 Val: 0x00000000
In clock cycle: 58169
Register Write to Reg: 0x04 Val: 0x00001008
In clock cycle: 58170
Register Write to Reg: 0x04 Val: 0x00000240
In clock cycle: 58171
Register Write to Reg: 0x04 Val: 0x00000238
In clock cycle: 58172
Register Write to Reg: 0x01 Val: 0x00000230
In clock cycle: 58173
Register Write to Reg: 0x00 Val: 0x00000000
In clock cycle: 59058
Register Write to Reg: 0x03 Val: 0x0FC11000
In clock cycle: 59059
Register Write to Reg: 0x03 Val: 0x00000000
In clock cycle: 59060
Register Write to Reg: 0x04 Val: 0x00001008
In clock cycle: 59061
Register Write to Reg: 0x04 Val: 0x00000248
In clock cycle: 59062
Register Write to Reg: 0x04 Val: 0x00000240
In clock cycle: 59063
Register Write to Reg: 0x01 Val: 0x00000238
In clock cycle: 59064
Register Write to Reg: 0x00 Val: 0x00000000
In clock cycle: 59947
Register Write to Reg: 0x03 Val: 0x0FC11000
In clock cycle: 59948
Register Write to Reg: 0x03 Val: 0x00000000
In clock cycle: 59949
Register Write to Reg: 0x04 Val: 0x00001008
In clock cycle: 59950
Register Write to Reg: 0x04 Val: 0x00000250
In clock cycle: 59951
Register Write to Reg: 0x04 Val: 0x00000248
In clock cycle: 59952
Register Write to Reg: 0x01 Val: 0x00000240
In clock cycle: 59953
Register Write to Reg: 0x00 Val: 0x00000000
In clock cycle: 60834
Register Write to Reg: 0x03 Val: 0x0FC11000
In clock cycle: 60835
Register Write to Reg: 0x03 Val: 0x00000000
In clock cycle: 60836
Register Write to Reg: 0x04 Val: 0x00001008
In clock cycle: 60837
Register Write to Reg: 0x04 Val: 0x00000258
In clock cycle: 60838
Register Write to Reg: 0x04 Val: 0x00000250
In clock cycle: 60839
Register Write to Reg: 0x01 Val: 0x00000248
In clock cycle: 60840
Register Write to Reg: 0x00 Val: 0x00000000
In clock cycle: 61719
Register Write to Reg: 0x03 Val: 0x0FC11000
In clock cycle: 61720
Register Write to Reg: 0x03 Val: 0x00000000
In clock cycle: 61721
Register Write to Reg: 0x04 Val: 0x00001008
In clock cycle: 61722
Register Write to Reg: 0x04 Val: 0x00000260
In clock cycle: 61723
Register Write to Reg: 0x04 Val: 0x00000258
In clock cycle: 61724
Register Write to Reg: 0x01 Val: 0x00000250
In clock cycle: 61725
Register Write to Reg: 0x00 Val: 0x00000000
In clock cycle: 62602
Register Write to Reg: 0x03 Val: 0x0FC11000
In clock cycle: 62603
Register Write to Reg: 0x03 Val: 0x00000000
In clock cycle: 62604
Register Write to Reg: 0x04 Val: 0x00001008
In clock cycle: 62605
Register Write to Reg: 0x04 Val: 0x00000268
In clock cycle: 62606
Register Write to Reg: 0x04 Val: 0x00000260
In clock cycle: 62607
Register Write to Reg: 0x01 Val: 0x00000258
In clock cycle: 62608
Register Write to Reg: 0x00 Val: 0x00000000
In clock cycle: 63483
Register Write to Reg: 0x03 Val: 0x0FC11000
In clock cycle: 63484
Register Write to Reg: 0x03 Val: 0x00000000
In clock cycle: 63485
Register Write to Reg: 0x04 Val: 0x00001008
In clock cycle: 63486
Register Write to Reg: 0x04 Val: 0x00000270
In clock cycle: 63487
Register Write to Reg: 0x04 Val: 0x00000268
In clock cycle: 63488
Register Write to Reg: 0x01 Val: 0x00000260
In clock cycle: 63489
Register Write to Reg: 0x00 Val: 0x00000000
In clock cycle: 64362
Register Write to Reg: 0x03 Val: 0x0FC11000
In clock cycle: 64363
Register Write to Reg: 0x03 Val: 0x00000000
In clock cycle: 64364
Register Write to Reg: 0x04 Val: 0x00001008
In clock cycle: 64365
Register Write to Reg: 0x04 Val: 0x00000278
In clock cycle: 64366
Register Write to Reg: 0x04 Val: 0x00000270
In clock cycle: 64367
Register Write to Reg: 0x01 Val: 0x00000268
In clock cycle: 64368
Register Write to Reg: 0x00 Val: 0x00000000
In clock cycle: 65239
Register Write to Reg: 0x03 Val: 0x0FC11000
In clock cycle: 65240
Register Write to Reg: 0x03 Val: 0x00000000
In clock cycle: 65241
Register Write to Reg: 0x04 Val: 0x00001008
In clock cycle: 65242
Register Write to Reg: 0x04 Val: 0x00000280
In clock cycle: 65243
Register Write to Reg: 0x04 Val: 0x00000278
In clock cycle: 65244
Register Write to Reg: 0x01 Val: 0x00000270
In clock cycle: 65245
Register Write to Reg: 0x00 Val: 0x00000000
In clock cycle: 66114
Register Write to Reg: 0x03 Val: 0x0FC11000
In clock cycle: 66115
Register Write to Reg: 0x03 Val: 0x00000000
In clock cycle: 66116
Register Write to Reg: 0x04 Val: 0x00001008
In clock cycle: 66117
Register Write to Reg: 0x04 Val: 0x00000288
In clock cycle: 66118
Register Write to Reg: 0x04 Val: 0x00000280
In clock cycle: 66119
Register Write to Reg: 0x01 Val: 0x00000278
In clock cycle: 66120
Register Write to Reg: 0x00 Val: 0x00000000
In clock cycle: 66987
Register Write to Reg: 0x03 Val: 0x0FC11000
In clock cycle: 66988
Register Write to Reg: 0x03 Val: 0x00000000
In clock cycle: 66989
Register Write to Reg: 0x04 Val: 0x00001008
In clock cycle: 66990
Register Write to Reg: 0x04 Val: 0x00000290
In clock cycle: 66991
Register Write to Reg: 0x04 Val: 0x00000288
In clock cycle: 66992
Register Write to Reg: 0x01 Val: 0x00000280
In clock cycle: 66993
Register Write to Reg: 0x00 Val: 0x00000000
In clock cycle: 67858
Register Write to Reg: 0x03 Val: 0x0FC11000
In clock cycle: 67859
Register Write to Reg: 0x03 Val: 0x00000000
In clock cycle: 67860
Register Write to Reg: 0x04 Val: 0x00001008
In clock cycle: 67861
Register Write to Reg: 0x04 Val: 0x00000298
In clock cycle: 67862
Register Write to Reg: 0x04 Val: 0x00000290
In clock cycle: 67863
Register Write to Reg: 0x01 Val: 0x00000288
In clock cycle: 67864
Register Write to Reg: 0x00 Val: 0x00000000
In clock cycle: 68727
Register Write to Reg: 0x03 Val: 0x0FC11000
In clock cycle: 68728
Register Write to Reg: 0x03 Val: 0x00000000
In clock cycle: 68729
Register Write to Reg: 0x04 Val: 0x00001008
In clock cycle: 68730
Register Write to Reg: 0x04 Val: 0x000002A0
In clock cycle: 68731
Register Write to Reg: 0x04 Val: 0x00000298
In clock cycle: 68732
Register Write to Reg: 0x01 Val: 0x00000290
In clock cycle: 68733
Register Write to Reg: 0x00 Val: 0x00000000
In clock cycle: 69594
Register Write to Reg: 0x03 Val: 0x0FC11000
In clock cycle: 69595
Register Write to Reg: 0x03 Val: 0x00000000
In clock cycle: 69596
Register Write to Reg: 0x04 Val: 0x00001008
In clock cycle: 69597
Register Write to Reg: 0x04 Val: 0x000002A8
In clock cycle: 69598
Register Write to Reg: 0x04 Val: 0x000002A0
In clock cycle: 69599
Register Write to Reg: 0x01 Val: 0x00000298
In clock cycle: 69600
Register Write to Reg: 0x00 Val: 0x00000000
In clock cycle: 70459
Register Write to Reg: 0x03 Val: 0x0FC11000
In clock cycle: 70460
Register Write to Reg: 0x03 Val: 0x00000000
In clock cycle: 70461
Register Write to Reg: 0x04 Val: 0x00001008
In clock cycle: 70462
Register Write to Reg: 0x04 Val: 0x000002B0
In clock cycle: 70463
Register Write to Reg: 0x04 Val: 0x000002A8
In clock cycle: 70464
Register Write to Reg: 0x01 Val: 0x000002A0
In clock cycle: 70465
Register Write to Reg: 0x00 Val: 0x00000000
In clock cycle: 71322
Register Write to Reg: 0x03 Val: 0x0FC11000
In clock cycle: 71323
Register Write to Reg: 0x03 Val: 0x00000000
In clock cycle: 71324
Register Write to Reg: 0x04 Val: 0x00001008
In clock cycle: 71325
Register Write to Reg: 0x04 Val: 0x000002B8
In clock cycle: 71326
Register Write to Reg: 0x04 Val: 0x000002B0
In clock cycle: 71327
Register Write to Reg: 0x01 Val: 0x000002A8
In clock cycle: 71328
Register Write to Reg: 0x00 Val: 0x00000000
In clock cycle: 72183
Register Write to Reg: 0x03 Val: 0x0FC11000
In clock cycle: 72184
Register Write to Reg: 0x03 Val: 0x00000000
In clock cycle: 72185
Register Write to Reg: 0x04 Val: 0x00001008
In clock cycle: 72186
Register Write to Reg: 0x04 Val: 0x000002C0
In clock cycle: 72187
Register Write to Reg: 0x04 Val: 0x000002B8
In clock cycle: 72188
Register Write to Reg: 0x01 Val: 0x000002B0
In clock cycle: 72189
Register Write to Reg: 0x00 Val: 0x00000000
In clock cycle: 73042
Register Write to Reg: 0x03 Val: 0x0FC11000
In clock cycle: 73043
Register Write to Reg: 0x03 Val: 0x00000000
In clock cycle: 73044
Register Write to Reg: 0x04 Val: 0x00001008
In clock cycle: 73045
Register Write to Reg: 0x04 Val: 0x000002C8
In clock cycle: 73046
Register Write to Reg: 0x04 Val: 0x000002C0
In clock cycle: 73047
Register Write to Reg: 0x01 Val: 0x000002B8
In clock cycle: 73048
Register Write to Reg: 0x00 Val: 0x00000000
In clock cycle: 73899
Register Write to Reg: 0x03 Val: 0x0FC11000
In clock cycle: 73900
Register Write to Reg: 0x03 Val: 0x00000000
In clock cycle: 73901
Register Write to Reg: 0x04 Val: 0x00001008
In clock cycle: 73902
Register Write to Reg: 0x04 Val: 0x000002D0
In clock cycle: 73903
Register Write to Reg: 0x04 Val: 0x000002C8
In clock cycle: 73904
Register Write to Reg: 0x01 Val: 0x000002C0
In clock cycle: 73905
Register Write to Reg: 0x00 Val: 0x00000000
In clock cycle: 74754
Register Write to Reg: 0x03 Val: 0x0FC11000
In clock cycle: 74755
Register Write to Reg: 0x03 Val: 0x00000000
In clock cycle: 74756
Register Write to Reg: 0x04 Val: 0x00001008
In clock cycle: 74757
Register Write to Reg: 0x04 Val: 0x000002D8
In clock cycle: 74758
Register Write to Reg: 0x04 Val: 0x000002D0
In clock cycle: 74759
Register Write to Reg: 0x01 Val: 0x000002C8
In clock cycle: 74760
Register Write to Reg: 0x00 Val: 0x00000000
In clock cycle: 75607
Register Write to Reg: 0x03 Val: 0x0FC11000
In clock cycle: 75608
Register Write to Reg: 0x03 Val: 0x00000000
In clock cycle: 75609
Register Write to Reg: 0x04 Val: 0x00001008
In clock cycle: 75610
Register Write to Reg: 0x04 Val: 0x000002E0
In clock cycle: 75611
Register Write to Reg: 0x04 Val: 0x000002D8
In clock cycle: 75612
Register Write to Reg: 0x01 Val: 0x000002D0
In clock cycle: 75613
Register Write to Reg: 0x00 Val: 0x00000000
In clock cycle: 76458
Register Write to Reg: 0x03 Val: 0x0FC11000
In clock cycle: 76459
Register Write to Reg: 0x03 Val: 0x00000000
In clock cycle: 76460
Register Write to Reg: 0x04 Val: 0x00001008
In clock cycle: 76461
Register Write to Reg: 0x04 Val: 0x000002E8
In clock cycle: 76462
Register Write to Reg: 0x04 Val: 0x000002E0
In clock cycle: 76463
Register Write to Reg: 0x01 Val: 0x000002D8
In clock cycle: 76464
Register Write to Reg: 0x00 Val: 0x00000000
In clock cycle: 77307
Register Write to Reg: 0x03 Val: 0x0FC11000
In clock cycle: 77308
Register Write to Reg: 0x03 Val: 0x00000000
In clock cycle: 77309
Register Write to Reg: 0x04 Val: 0x00001008
In clock cycle: 77310
Register Write to Reg: 0x04 Val: 0x000002F0
In clock cycle: 77311
Register Write to Reg: 0x04 Val: 0x000002E8
In clock cycle: 77312
Register Write to Reg: 0x01 Val: 0x000002E0
In clock cycle: 77313
Register Write to Reg: 0x00 Val: 0x00000000
In clock cycle: 78154
Register Write to Reg: 0x03 Val: 0x0FC11000
In clock cycle: 78155
Register Write to Reg: 0x03 Val: 0x00000000
In clock cycle: 78156
Register Write to Reg: 0x04 Val: 0x00001008
In clock cycle: 78157
Register Write to Reg: 0x04 Val: 0x000002F8
In clock cycle: 78158
Register Write to Reg: 0x04 Val: 0x000002F0
In clock cycle: 78159
Register Write to Reg: 0x01 Val: 0x000002E8
In clock cycle: 78160
Register Write to Reg: 0x00 Val: 0x00000000
In clock cycle: 78999
Register Write to Reg: 0x03 Val: 0x0FC11000
In clock cycle: 79000
Register Write to Reg: 0x03 Val: 0x00000000
In clock cycle: 79001
Register Write to Reg: 0x04 Val: 0x00001008
In clock cycle: 79002
Register Write to Reg: 0x04 Val: 0x00000300
In clock cycle: 79003
Register Write to Reg: 0x04 Val: 0x000002F8
In clock cycle: 79004
Register Write to Reg: 0x01 Val: 0x000002F0
In clock cycle: 79005
Register Write to Reg: 0x00 Val: 0x00000000
In clock cycle: 79842
Register Write to Reg: 0x03 Val: 0x0FC11000
In clock cycle: 79843
Register Write to Reg: 0x03 Val: 0x00000000
In clock cycle: 79844
Register Write to Reg: 0x04 Val: 0x00001008
In clock cycle: 79845
Register Write to Reg: 0x04 Val: 0x00000308
In clock cycle: 79846
Register Write to Reg: 0x04 Val: 0x00000300
In clock cycle: 79847
Register Write to Reg: 0x01 Val: 0x000002F8
In clock cycle: 79848
Register Write to Reg: 0x00 Val: 0x00000000
In clock cycle: 80683
Register Write to Reg: 0x03 Val: 0x0FC11000
In clock cycle: 80684
Register Write to Reg: 0x03 Val: 0x00000000
In clock cycle: 80685
Register Write to Reg: 0x04 Val: 0x00001008
In clock cycle: 80686
Register Write to Reg: 0x04 Val: 0x00000310
In clock cycle: 80687
Register Write to Reg: 0x04 Val: 0x00000308
In clock cycle: 80688
Register Write to Reg: 0x01 Val: 0x00000300
In clock cycle: 80689
Register Write to Reg: 0x00 Val: 0x00000000
In clock cycle: 81522
Register Write to Reg: 0x03 Val: 0x0FC11000
In clock cycle: 81523
Register Write to Reg: 0x03 Val: 0x00000000
In clock cycle: 81524
Register Write to Reg: 0x04 Val: 0x00001008
In clock cycle: 81525
Register Write to Reg: 0x04 Val: 0x00000318
In clock cycle: 81526
Register Write to Reg: 0x04 Val: 0x00000310
In clock cycle: 81527
Register Write to Reg: 0x01 Val: 0x00000308
In clock cycle: 81528
Register Write to Reg: 0x00 Val: 0x00000000
In clock cycle: 82359
Register Write to Reg: 0x03 Val: 0x0FC11000
In clock cycle: 82360
Register Write to Reg: 0x03 Val: 0x00000000
In clock cycle: 82361
Register Write to Reg: 0x04 Val: 0x00001008
In clock cycle: 82362
Register Write to Reg: 0x04 Val: 0x00000320
In clock cycle: 82363
Register Write to Reg: 0x04 Val: 0x00000318
In clock cycle: 82364
Register Write to Reg: 0x01 Val: 0x00000310
In clock cycle: 82365
Register Write to Reg: 0x00 Val: 0x00000000
In clock cycle: 83194
Register Write to Reg: 0x03 Val: 0x0FC11000
In clock cycle: 83195
Register Write to Reg: 0x03 Val: 0x00000000
In clock cycle: 83196
Register Write to Reg: 0x04 Val: 0x00001008
In clock cycle: 83197
Register Write to Reg: 0x04 Val: 0x00000328
In clock cycle: 83198
Register Write to Reg: 0x04 Val: 0x00000320
In clock cycle: 83199
Register Write to Reg: 0x01 Val: 0x00000318
In clock cycle: 83200
Register Write to Reg: 0x00 Val: 0x00000000
In clock cycle: 84027
Register Write to Reg: 0x03 Val: 0x0FC11000
In clock cycle: 84028
Register Write to Reg: 0x03 Val: 0x00000000
In clock cycle: 84029
Register Write to Reg: 0x04 Val: 0x00001008
In clock cycle: 84030
Register Write to Reg: 0x04 Val: 0x00000330
In clock cycle: 84031
Register Write to Reg: 0x04 Val: 0x00000328
In clock cycle: 84032
Register Write to Reg: 0x01 Val: 0x00000320
In clock cycle: 84033
Register Write to Reg: 0x00 Val: 0x00000000
In clock cycle: 84858
Register Write to Reg: 0x03 Val: 0x0FC11000
In clock cycle: 84859
Register Write to Reg: 0x03 Val: 0x00000000
In clock cycle: 84860
Register Write to Reg: 0x04 Val: 0x00001008
In clock cycle: 84861
Register Write to Reg: 0x04 Val: 0x00000338
In clock cycle: 84862
Register Write to Reg: 0x04 Val: 0x00000330
In clock cycle: 84863
Register Write to Reg: 0x01 Val: 0x00000328
In clock cycle: 84864
Register Write to Reg: 0x00 Val: 0x00000000
In clock cycle: 85687
Register Write to Reg: 0x03 Val: 0x0FC11000
In clock cycle: 85688
Register Write to Reg: 0x03 Val: 0x00000000
In clock cycle: 85689
Register Write to Reg: 0x04 Val: 0x00001008
In clock cycle: 85690
Register Write to Reg: 0x04 Val: 0x00000340
In clock cycle: 85691
Register Write to Reg: 0x04 Val: 0x00000338
In clock cycle: 85692
Register Write to Reg: 0x01 Val: 0x00000330
In clock cycle: 85693
Register Write to Reg: 0x00 Val: 0x00000000
In clock cycle: 86514
Register Write to Reg: 0x03 Val: 0x0FC11000
In clock cycle: 86515
Register Write to Reg: 0x03 Val: 0x00000000
In clock cycle: 86516
Register Write to Reg: 0x04 Val: 0x00001008
In clock cycle: 86517
Register Write to Reg: 0x04 Val: 0x00000348
In clock cycle: 86518
Register Write to Reg: 0x04 Val: 0x00000340
In clock cycle: 86519
Register Write to Reg: 0x01 Val: 0x00000338
In clock cycle: 86520
Register Write to Reg: 0x00 Val: 0x00000000
In clock cycle: 87339
Register Write to Reg: 0x03 Val: 0x0FC11000
In clock cycle: 87340
Register Write to Reg: 0x03 Val: 0x00000000
In clock cycle: 87341
Register Write to Reg: 0x04 Val: 0x00001008
In clock cycle: 87342
Register Write to Reg: 0x04 Val: 0x00000350
In clock cycle: 87343
Register Write to Reg: 0x04 Val: 0x00000348
In clock cycle: 87344
Register Write to Reg: 0x01 Val: 0x00000340
In clock cycle: 87345
Register Write to Reg: 0x00 Val: 0x00000000
In clock cycle: 88162
Register Write to Reg: 0x03 Val: 0x0FC11000
In clock cycle: 88163
Register Write to Reg: 0x03 Val: 0x00000000
In clock cycle: 88164
Register Write to Reg: 0x04 Val: 0x00001008
In clock cycle: 88165
Register Write to Reg: 0x04 Val: 0x00000358
In clock cycle: 88166
Register Write to Reg: 0x04 Val: 0x00000350
In clock cycle: 88167
Register Write to Reg: 0x01 Val: 0x00000348
In clock cycle: 88168
Register Write to Reg: 0x00 Val: 0x00000000
In clock cycle: 88983
Register Write to Reg: 0x03 Val: 0x0FC11000
In clock cycle: 88984
Register Write to Reg: 0x03 Val: 0x00000000
In clock cycle: 88985
Register Write to Reg: 0x04 Val: 0x00001008
In clock cycle: 88986
Register Write to Reg: 0x04 Val: 0x00000360
In clock cycle: 88987
Register Write to Reg: 0x04 Val: 0x00000358
In clock cycle: 88988
Register Write to Reg: 0x01 Val: 0x00000350
In clock cycle: 88989
Register Write to Reg: 0x00 Val: 0x00000000
In clock cycle: 89802
Register Write to Reg: 0x03 Val: 0x0FC11000
In clock cycle: 89803
Register Write to Reg: 0x03 Val: 0x00000000
In clock cycle: 89804
Register Write to Reg: 0x04 Val: 0x00001008
In clock cycle: 89805
Register Write to Reg: 0x04 Val: 0x00000368
In clock cycle: 89806
Register Write to Reg: 0x04 Val: 0x00000360
In clock cycle: 89807
Register Write to Reg: 0x01 Val: 0x00000358
In clock cycle: 89808
Register Write to Reg: 0x00 Val: 0x00000000
In clock cycle: 90619
Register Write to Reg: 0x03 Val: 0x0FC11000
In clock cycle: 90620
Register Write to Reg: 0x03 Val: 0x00000000
In clock cycle: 90621
Register Write to Reg: 0x04 Val: 0x00001008
In clock cycle: 90622
Register Write to Reg: 0x04 Val: 0x00000370
In clock cycle: 90623
Register Write to Reg: 0x04 Val: 0x00000368
In clock cycle: 90624
Register Write to Reg: 0x01 Val: 0x00000360
In clock cycle: 90625
Register Write to Reg: 0x00 Val: 0x00000000
In clock cycle: 91434
Register Write to Reg: 0x03 Val: 0x0FC11000
In clock cycle: 91435
Register Write to Reg: 0x03 Val: 0x00000000
In clock cycle: 91436
Register Write to Reg: 0x04 Val: 0x00001008
In clock cycle: 91437
Register Write to Reg: 0x04 Val: 0x00000378
In clock cycle: 91438
Register Write to Reg: 0x04 Val: 0x00000370
In clock cycle: 91439
Register Write to Reg: 0x01 Val: 0x00000368
In clock cycle: 91440
Register Write to Reg: 0x00 Val: 0x00000000
In clock cycle: 92247
Register Write to Reg: 0x03 Val: 0x0FC11000
In clock cycle: 92248
Register Write to Reg: 0x03 Val: 0x00000000
In clock cycle: 92249
Register Write to Reg: 0x04 Val: 0x00001008
In clock cycle: 92250
Register Write to Reg: 0x04 Val: 0x00000380
In clock cycle: 92251
Register Write to Reg: 0x04 Val: 0x00000378
In clock cycle: 92252
Register Write to Reg: 0x01 Val: 0x00000370
In clock cycle: 92253
Register Write to Reg: 0x00 Val: 0x00000000
In clock cycle: 93058
Register Write to Reg: 0x03 Val: 0x0FC11000
In clock cycle: 93059
Register Write to Reg: 0x03 Val: 0x00000000
In clock cycle: 93060
Register Write to Reg: 0x04 Val: 0x00001008
In clock cycle: 93061
Register Write to Reg: 0x04 Val: 0x00000388
In clock cycle: 93062
Register Write to Reg: 0x04 Val: 0x00000380
In clock cycle: 93063
Register Write to Reg: 0x01 Val: 0x00000378
In clock cycle: 93064
Register Write to Reg: 0x00 Val: 0x00000000
In clock cycle: 93867
Register Write to Reg: 0x03 Val: 0x0FC11000
In clock cycle: 93868
Register Write to Reg: 0x03 Val: 0x00000000
In clock cycle: 93869
Register Write to Reg: 0x04 Val: 0x00001008
In clock cycle: 93870
Register Write to Reg: 0x04 Val: 0x00000390
In clock cycle: 93871
Register Write to Reg: 0x04 Val: 0x00000388
In clock cycle: 93872
Register Write to Reg: 0x01 Val: 0x00000380
In clock cycle: 93873
Register Write to Reg: 0x00 Val: 0x00000000
In clock cycle: 94674
Register Write to Reg: 0x03 Val: 0x0FC11000
In clock cycle: 94675
Register Write to Reg: 0x03 Val: 0x00000000
In clock cycle: 94676
Register Write to Reg: 0x04 Val: 0x00001008
In clock cycle: 94677
Register Write to Reg: 0x04 Val: 0x00000398
In clock cycle: 94678
Register Write to Reg: 0x04 Val: 0x00000390
In clock cycle: 94679
Register Write to Reg: 0x01 Val: 0x00000388
In clock cycle: 94680
Register Write to Reg: 0x00 Val: 0x00000000
In clock cycle: 95479
Register Write to Reg: 0x03 Val: 0x0FC11000
In clock cycle: 95480
Register Write to Reg: 0x03 Val: 0x00000000
In clock cycle: 95481
Register Write to Reg: 0x04 Val: 0x00001008
In clock cycle: 95482
Register Write to Reg: 0x04 Val: 0x000003A0
In clock cycle: 95483
Register Write to Reg: 0x04 Val: 0x00000398
In clock cycle: 95484
Register Write to Reg: 0x01 Val: 0x00000390
In clock cycle: 95485
Register Write to Reg: 0x00 Val: 0x00000000
In clock cycle: 96282
Register Write to Reg: 0x03 Val: 0x0FC11000
In clock cycle: 96283
Register Write to Reg: 0x03 Val: 0x00000000
In clock cycle: 96284
Register Write to Reg: 0x04 Val: 0x00001008
In clock cycle: 96285
Register Write to Reg: 0x04 Val: 0x000003A8
In clock cycle: 96286
Register Write to Reg: 0x04 Val: 0x000003A0
In clock cycle: 96287
Register Write to Reg: 0x01 Val: 0x00000398
In clock cycle: 96288
Register Write to Reg: 0x00 Val: 0x00000000
In clock cycle: 97083
Register Write to Reg: 0x03 Val: 0x0FC11000
In clock cycle: 97084
Register Write to Reg: 0x03 Val: 0x00000000
In clock cycle: 97085
Register Write to Reg: 0x04 Val: 0x00001008
In clock cycle: 97086
Register Write to Reg: 0x04 Val: 0x000003B0
In clock cycle: 97087
Register Write to Reg: 0x04 Val: 0x000003A8
In clock cycle: 97088
Register Write to Reg: 0x01 Val: 0x000003A0
In clock cycle: 97089
Register Write to Reg: 0x00 Val: 0x00000000
In clock cycle: 97882
Register Write to Reg: 0x03 Val: 0x0FC11000
In clock cycle: 97883
Register Write to Reg: 0x03 Val: 0x00000000
In clock cycle: 97884
Register Write to Reg: 0x04 Val: 0x00001008
In clock cycle: 97885
Register Write to Reg: 0x04 Val: 0x000003B8
In clock cycle: 97886
Register Write to Reg: 0x04 Val: 0x000003B0
In clock cycle: 97887
Register Write to Reg: 0x01 Val: 0x000003A8
In clock cycle: 97888
Register Write to Reg: 0x00 Val: 0x00000000
In clock cycle: 98679
Register Write to Reg: 0x03 Val: 0x0FC11000
In clock cycle: 98680
Register Write to Reg: 0x03 Val: 0x00000000
In clock cycle: 98681
Register Write to Reg: 0x04 Val: 0x00001008
In clock cycle: 98682
Register Write to Reg: 0x04 Val: 0x000003C0
In clock cycle: 98683
Register Write to Reg: 0x04 Val: 0x000003B8
In clock cycle: 98684
Register Write to Reg: 0x01 Val: 0x000003B0
In clock cycle: 98685
Register Write to Reg: 0x00 Val: 0x00000000
In clock cycle: 99474
Register Write to Reg: 0x03 Val: 0x0FC11000
In clock cycle: 99475
Register Write to Reg: 0x03 Val: 0x00000000
In clock cycle: 99476
Register Write to Reg: 0x04 Val: 0x00001008
In clock cycle: 99477
Register Write to Reg: 0x04 Val: 0x000003C8
In clock cycle: 99478
Register Write to Reg: 0x04 Val: 0x000003C0
In clock cycle: 99479
Register Write to Reg: 0x01 Val: 0x000003B8
In clock cycle: 99480
Register Write to Reg: 0x00 Val: 0x00000000
In clock cycle: 100267
Register Write to Reg: 0x03 Val: 0x0FC11000
In clock cycle: 100268
Register Write to Reg: 0x03 Val: 0x00000000
In clock cycle: 100269
Register Write to Reg: 0x04 Val: 0x00001008
In clock cycle: 100270
Register Write to Reg: 0x04 Val: 0x000003D0
In clock cycle: 100271
Register Write to Reg: 0x04 Val: 0x000003C8
In clock cycle: 100272
Register Write to Reg: 0x01 Val: 0x000003C0
In clock cycle: 100273
Register Write to Reg: 0x00 Val: 0x00000000
In clock cycle: 101058
Register Write to Reg: 0x03 Val: 0x0FC11000
In clock cycle: 101059
Register Write to Reg: 0x03 Val: 0x00000000
In clock cycle: 101060
Register Write to Reg: 0x04 Val: 0x00001008
In clock cycle: 101061
Register Write to Reg: 0x04 Val: 0x000003D8
In clock cycle: 101062
Register Write to Reg: 0x04 Val: 0x000003D0
In clock cycle: 101063
Register Write to Reg: 0x01 Val: 0x000003C8
In clock cycle: 101064
Register Write to Reg: 0x00 Val: 0x00000000
In clock cycle: 101847
Register Write to Reg: 0x03 Val: 0x0FC11000
In clock cycle: 101848
Register Write to Reg: 0x03 Val: 0x00000000
In clock cycle: 101849
Register Write to Reg: 0x04 Val: 0x00001008
In clock cycle: 101850
Register Write to Reg: 0x04 Val: 0x000003E0
In clock cycle: 101851
Register Write to Reg: 0x04 Val: 0x000003D8
In clock cycle: 101852
Register Write to Reg: 0x01 Val: 0x000003D0
In clock cycle: 101853
Register Write to Reg: 0x00 Val: 0x00000000
In clock cycle: 102634
Register Write to Reg: 0x03 Val: 0x0FC11000
In clock cycle: 102635
Register Write to Reg: 0x03 Val: 0x00000000
In clock cycle: 102636
Register Write to Reg: 0x04 Val: 0x00001008
In clock cycle: 102637
Register Write to Reg: 0x04 Val: 0x000003E8
In clock cycle: 102638
Register Write to Reg: 0x04 Val: 0x000003E0
In clock cycle: 102639
Register Write to Reg: 0x01 Val: 0x000003D8
In clock cycle: 102640
Register Write to Reg: 0x00 Val: 0x00000000
In clock cycle: 103419
Register Write to Reg: 0x03 Val: 0x0FC11000
In clock cycle: 103420
Register Write to Reg: 0x03 Val: 0x00000000
In clock cycle: 103421
Register Write to Reg: 0x04 Val: 0x00001008
In clock cycle: 103422
Register Write to Reg: 0x04 Val: 0x000003F0
In clock cycle: 103423
Register Write to Reg: 0x04 Val: 0x000003E8
In clock cycle: 103424
Register Write to Reg: 0x01 Val: 0x000003E0
In clock cycle: 103425
Register Write to Reg: 0x00 Val: 0x00000000
In clock cycle: 104202
Register Write to Reg: 0x03 Val: 0x0FC11000
In clock cycle: 104203
Register Write to Reg: 0x03 Val: 0x00000000
In clock cycle: 104204
Register Write to Reg: 0x04 Val: 0x00001008
In clock cycle: 104205
Register Write to Reg: 0x04 Val: 0x000003F8
In clock cycle: 104206
Register Write to Reg: 0x04 Val: 0x000003F0
In clock cycle: 104207
Register Write to Reg: 0x01 Val: 0x000003E8
In clock cycle: 104208
Register Write to Reg: 0x00 Val: 0x00000000
In clock cycle: 104983
Register Write to Reg: 0x03 Val: 0x0FC11000
In clock cycle: 104984
Register Write to Reg: 0x03 Val: 0x00000000
In clock cycle: 104985
Register Write to Reg: 0x04 Val: 0x00001008
In clock cycle: 104986
Register Write to Reg: 0x04 Val: 0x00000400
In clock cycle: 104987
Register Write to Reg: 0x04 Val: 0x000003F8
In clock cycle: 104988
Register Write to Reg: 0x01 Val: 0x000003F0
In clock cycle: 104989
Register Write to Reg: 0x00 Val: 0x00000000
In clock cycle: 105762
Register Write to Reg: 0x03 Val: 0x0FC11000
In clock cycle: 105763
Register Write to Reg: 0x03 Val: 0x00000000
In clock cycle: 105764
Register Write to Reg: 0x04 Val: 0x00001008
In clock cycle: 105765
Register Write to Reg: 0x04 Val: 0x00000408
In clock cycle: 105766
Register Write to Reg: 0x04 Val: 0x00000400
In clock cycle: 105767
Register Write to Reg: 0x01 Val: 0x000003F8
In clock cycle: 105768
Register Write to Reg: 0x00 Val: 0x00000000
In clock cycle: 106539
Register Write to Reg: 0x03 Val: 0x0FC11000
In clock cycle: 106540
Register Write to Reg: 0x03 Val: 0x00000000
In clock cycle: 106541
Register Write to Reg: 0x04 Val: 0x00001008
In clock cycle: 106542
Register Write to Reg: 0x04 Val: 0x00000410
In clock cycle: 106543
Register Write to Reg: 0x04 Val: 0x00000408
In clock cycle: 106544
Register Write to Reg: 0x01 Val: 0x00000400
In clock cycle: 106545
Register Write to Reg: 0x00 Val: 0x00000000
In clock cycle: 107314
Register Write to Reg: 0x03 Val: 0x0FC11000
In clock cycle: 107315
Register Write to Reg: 0x03 Val: 0x00000000
In clock cycle: 107316
Register Write to Reg: 0x04 Val: 0x00001008
In clock cycle: 107317
Register Write to Reg: 0x04 Val: 0x00000418
In clock cycle: 107318
Register Write to Reg: 0x04 Val: 0x00000410
In clock cycle: 107319
Register Write to Reg: 0x01 Val: 0x00000408
In clock cycle: 107320
Register Write to Reg: 0x00 Val: 0x00000000
In clock cycle: 108087
Register Write to Reg: 0x03 Val: 0x0FC11000
In clock cycle: 108088
Register Write to Reg: 0x03 Val: 0x00000000
In clock cycle: 108089
Register Write to Reg: 0x04 Val: 0x00001008
In clock cycle: 108090
Register Write to Reg: 0x04 Val: 0x00000420
In clock cycle: 108091
Register Write to Reg: 0x04 Val: 0x00000418
In clock cycle: 108092
Register Write to Reg: 0x01 Val: 0x00000410
In clock cycle: 108093
Register Write to Reg: 0x00 Val: 0x00000000
In clock cycle: 108858
Register Write to Reg: 0x03 Val: 0x0FC11000
In clock cycle: 108859
Register Write to Reg: 0x03 Val: 0x00000000
In clock cycle: 108860
Register Write to Reg: 0x04 Val: 0x00001008
In clock cycle: 108861
Register Write to Reg: 0x04 Val: 0x00000428
In clock cycle: 108862
Register Write to Reg: 0x04 Val: 0x00000420
In clock cycle: 108863
Register Write to Reg: 0x01 Val: 0x00000418
In clock cycle: 108864
Register Write to Reg: 0x00 Val: 0x00000000
In clock cycle: 109627
Register Write to Reg: 0x03 Val: 0x0FC11000
In clock cycle: 109628
Register Write to Reg: 0x03 Val: 0x00000000
In clock cycle: 109629
Register Write to Reg: 0x04 Val: 0x00001008
In clock cycle: 109630
Register Write to Reg: 0x04 Val: 0x00000430
In clock cycle: 109631
Register Write to Reg: 0x04 Val: 0x00000428
In clock cycle: 109632
Register Write to Reg: 0x01 Val: 0x00000420
In clock cycle: 109633
Register Write to Reg: 0x00 Val: 0x00000000
In clock cycle: 110394
Register Write to Reg: 0x03 Val: 0x0FC11000
In clock cycle: 110395
Register Write to Reg: 0x03 Val: 0x00000000
In clock cycle: 110396
Register Write to Reg: 0x04 Val: 0x00001008
In clock cycle: 110397
Register Write to Reg: 0x04 Val: 0x00000438
In clock cycle: 110398
Register Write to Reg: 0x04 Val: 0x00000430
In clock cycle: 110399
Register Write to Reg: 0x01 Val: 0x00000428
In clock cycle: 110400
Register Write to Reg: 0x00 Val: 0x00000000
In clock cycle: 111159
Register Write to Reg: 0x03 Val: 0x0FC11000
In clock cycle: 111160
Register Write to Reg: 0x03 Val: 0x00000000
In clock cycle: 111161
Register Write to Reg: 0x04 Val: 0x00001008
In clock cycle: 111162
Register Write to Reg: 0x04 Val: 0x00000440
In clock cycle: 111163
Register Write to Reg: 0x04 Val: 0x00000438
In clock cycle: 111164
Register Write to Reg: 0x01 Val: 0x00000430
In clock cycle: 111165
Register Write to Reg: 0x00 Val: 0x00000000
In clock cycle: 111922
Register Write to Reg: 0x03 Val: 0x0FC11000
In clock cycle: 111923
Register Write to Reg: 0x03 Val: 0x00000000
In clock cycle: 111924
Register Write to Reg: 0x04 Val: 0x00001008
In clock cycle: 111925
Register Write to Reg: 0x04 Val: 0x00000448
In clock cycle: 111926
Register Write to Reg: 0x04 Val: 0x00000440
In clock cycle: 111927
Register Write to Reg: 0x01 Val: 0x00000438
In clock cycle: 111928
Register Write to Reg: 0x00 Val: 0x00000000
In clock cycle: 112683
Register Write to Reg: 0x03 Val: 0x0FC11000
In clock cycle: 112684
Register Write to Reg: 0x03 Val: 0x00000000
In clock cycle: 112685
Register Write to Reg: 0x04 Val: 0x00001008
In clock cycle: 112686
Register Write to Reg: 0x04 Val: 0x00000450
In clock cycle: 112687
Register Write to Reg: 0x04 Val: 0x00000448
In clock cycle: 112688
Register Write to Reg: 0x01 Val: 0x00000440
In clock cycle: 112689
Register Write to Reg: 0x00 Val: 0x00000000
In clock cycle: 113442
Register Write to Reg: 0x03 Val: 0x0FC11000
In clock cycle: 113443
Register Write to Reg: 0x03 Val: 0x00000000
In clock cycle: 113444
Register Write to Reg: 0x04 Val: 0x00001008
In clock cycle: 113445
Register Write to Reg: 0x04 Val: 0x00000458
In clock cycle: 113446
Register Write to Reg: 0x04 Val: 0x00000450
In clock cycle: 113447
Register Write to Reg: 0x01 Val: 0x00000448
In clock cycle: 113448
Register Write to Reg: 0x00 Val: 0x00000000
In clock cycle: 114199
Register Write to Reg: 0x03 Val: 0x0FC11000
In clock cycle: 114200
Register Write to Reg: 0x03 Val: 0x00000000
In clock cycle: 114201
Register Write to Reg: 0x04 Val: 0x00001008
In clock cycle: 114202
Register Write to Reg: 0x04 Val: 0x00000460
In clock cycle: 114203
Register Write to Reg: 0x04 Val: 0x00000458
In clock cycle: 114204
Register Write to Reg: 0x01 Val: 0x00000450
In clock cycle: 114205
Register Write to Reg: 0x00 Val: 0x00000000
In clock cycle: 114954
Register Write to Reg: 0x03 Val: 0x0FC11000
In clock cycle: 114955
Register Write to Reg: 0x03 Val: 0x00000000
In clock cycle: 114956
Register Write to Reg: 0x04 Val: 0x00001008
In clock cycle: 114957
Register Write to Reg: 0x04 Val: 0x00000468
In clock cycle: 114958
Register Write to Reg: 0x04 Val: 0x00000460
In clock cycle: 114959
Register Write to Reg: 0x01 Val: 0x00000458
In clock cycle: 114960
Register Write to Reg: 0x00 Val: 0x00000000
In clock cycle: 115707
Register Write to Reg: 0x03 Val: 0x0FC11000
In clock cycle: 115708
Register Write to Reg: 0x03 Val: 0x00000000
In clock cycle: 115709
Register Write to Reg: 0x04 Val: 0x00001008
In clock cycle: 115710
Register Write to Reg: 0x04 Val: 0x00000470
In clock cycle: 115711
Register Write to Reg: 0x04 Val: 0x00000468
In clock cycle: 115712
Register Write to Reg: 0x01 Val: 0x00000460
In clock cycle: 115713
Register Write to Reg: 0x00 Val: 0x00000000
In clock cycle: 116458
Register Write to Reg: 0x03 Val: 0x0FC11000
In clock cycle: 116459
Register Write to Reg: 0x03 Val: 0x00000000
In clock cycle: 116460
Register Write to Reg: 0x04 Val: 0x00001008
In clock cycle: 116461
Register Write to Reg: 0x04 Val: 0x00000478
In clock cycle: 116462
Register Write to Reg: 0x04 Val: 0x00000470
In clock cycle: 116463
Register Write to Reg: 0x01 Val: 0x00000468
In clock cycle: 116464
Register Write to Reg: 0x00 Val: 0x00000000
In clock cycle: 117207
Register Write to Reg: 0x03 Val: 0x0FC11000
In clock cycle: 117208
Register Write to Reg: 0x03 Val: 0x00000000
In clock cycle: 117209
Register Write to Reg: 0x04 Val: 0x00001008
In clock cycle: 117210
Register Write to Reg: 0x04 Val: 0x00000480
In clock cycle: 117211
Register Write to Reg: 0x04 Val: 0x00000478
In clock cycle: 117212
Register Write to Reg: 0x01 Val: 0x00000470
In clock cycle: 117213
Register Write to Reg: 0x00 Val: 0x00000000
In clock cycle: 117954
Register Write to Reg: 0x03 Val: 0x0FC11000
In clock cycle: 117955
Register Write to Reg: 0x03 Val: 0x00000000
In clock cycle: 117956
Register Write to Reg: 0x04 Val: 0x00001008
In clock cycle: 117957
Register Write to Reg: 0x04 Val: 0x00000488
In clock cycle: 117958
Register Write to Reg: 0x04 Val: 0x00000480
In clock cycle: 117959
Register Write to Reg: 0x01 Val: 0x00000478
In clock cycle: 117960
Register Write to Reg: 0x00 Val: 0x00000000
In clock cycle: 118699
Register Write to Reg: 0x03 Val: 0x0FC11000
In clock cycle: 118700
Register Write to Reg: 0x03 Val: 0x00000000
In clock cycle: 118701
Register Write to Reg: 0x04 Val: 0x00001008
In clock cycle: 118702
Register Write to Reg: 0x04 Val: 0x00000490
In clock cycle: 118703
Register Write to Reg: 0x04 Val: 0x00000488
In clock cycle: 118704
Register Write to Reg: 0x01 Val: 0x00000480
In clock cycle: 118705
Register Write to Reg: 0x00 Val: 0x00000000
In clock cycle: 119442
Register Write to Reg: 0x03 Val: 0x0FC11000
In clock cycle: 119443
Register Write to Reg: 0x03 Val: 0x00000000
In clock cycle: 119444
Register Write to Reg: 0x04 Val: 0x00001008
In clock cycle: 119445
Register Write to Reg: 0x04 Val: 0x00000498
In clock cycle: 119446
Register Write to Reg: 0x04 Val: 0x00000490
In clock cycle: 119447
Register Write to Reg: 0x01 Val: 0x00000488
In clock cycle: 119448
Register Write to Reg: 0x00 Val: 0x00000000
In clock cycle: 120183
Register Write to Reg: 0x03 Val: 0x0FC11000
In clock cycle: 120184
Register Write to Reg: 0x03 Val: 0x00000000
In clock cycle: 120185
Register Write to Reg: 0x04 Val: 0x00001008
In clock cycle: 120186
Register Write to Reg: 0x04 Val: 0x000004A0
In clock cycle: 120187
Register Write to Reg: 0x04 Val: 0x00000498
In clock cycle: 120188
Register Write to Reg: 0x01 Val: 0x00000490
In clock cycle: 120189
Register Write to Reg: 0x00 Val: 0x00000000
In clock cycle: 120922
Register Write to Reg: 0x03 Val: 0x0FC11000
In clock cycle: 120923
Register Write to Reg: 0x03 Val: 0x00000000
In clock cycle: 120924
Register Write to Reg: 0x04 Val: 0x00001008
In clock cycle: 120925
Register Write to Reg: 0x04 Val: 0x000004A8
In clock cycle: 120926
Register Write to Reg: 0x04 Val: 0x000004A0
In clock cycle: 120927
Register Write to Reg: 0x01 Val: 0x00000498
In clock cycle: 120928
Register Write to Reg: 0x00 Val: 0x00000000
In clock cycle: 121659
Register Write to Reg: 0x03 Val: 0x0FC11000
In clock cycle: 121660
Register Write to Reg: 0x03 Val: 0x00000000
In clock cycle: 121661
Register Write to Reg: 0x04 Val: 0x00001008
In clock cycle: 121662
Register Write to Reg: 0x04 Val: 0x000004B0
In clock cycle: 121663
Register Write to Reg: 0x04 Val: 0x000004A8
In clock cycle: 121664
Register Write to Reg: 0x01 Val: 0x000004A0
In clock cycle: 121665
Register Write to Reg: 0x00 Val: 0x00000000
In clock cycle: 122394
Register Write to Reg: 0x03 Val: 0x0FC11000
In clock cycle: 122395
Register Write to Reg: 0x03 Val: 0x00000000
In clock cycle: 122396
Register Write to Reg: 0x04 Val: 0x00001008
In clock cycle: 122397
Register Write to Reg: 0x04 Val: 0x000004B8
In clock cycle: 122398
Register Write to Reg: 0x04 Val: 0x000004B0
In clock cycle: 122399
Register Write to Reg: 0x01 Val: 0x000004A8
In clock cycle: 122400
Register Write to Reg: 0x00 Val: 0x00000000
In clock cycle: 123127
Register Write to Reg: 0x03 Val: 0x0FC11000
In clock cycle: 123128
Register Write to Reg: 0x03 Val: 0x00000000
In clock cycle: 123129
Register Write to Reg: 0x04 Val: 0x00001008
In clock cycle: 123130
Register Write to Reg: 0x04 Val: 0x000004C0
In clock cycle: 123131
Register Write to Reg: 0x04 Val: 0x000004B8
In clock cycle: 123132
Register Write to Reg: 0x01 Val: 0x000004B0
In clock cycle: 123133
Register Write to Reg: 0x00 Val: 0x00000000
In clock cycle: 123858
Register Write to Reg: 0x03 Val: 0x0FC11000
In clock cycle: 123859
Register Write to Reg: 0x03 Val: 0x00000000
In clock cycle: 123860
Register Write to Reg: 0x04 Val: 0x00001008
In clock cycle: 123861
Register Write to Reg: 0x04 Val: 0x000004C8
In clock cycle: 123862
Register Write to Reg: 0x04 Val: 0x000004C0
In clock cycle: 123863
Register Write to Reg: 0x01 Val: 0x000004B8
In clock cycle: 123864
Register Write to Reg: 0x00 Val: 0x00000000
In clock cycle: 124587
Register Write to Reg: 0x03 Val: 0x0FC11000
In clock cycle: 124588
Register Write to Reg: 0x03 Val: 0x00000000
In clock cycle: 124589
Register Write to Reg: 0x04 Val: 0x00001008
In clock cycle: 124590
Register Write to Reg: 0x04 Val: 0x000004D0
In clock cycle: 124591
Register Write to Reg: 0x04 Val: 0x000004C8
In clock cycle: 124592
Register Write to Reg: 0x01 Val: 0x000004C0
In clock cycle: 124593
Register Write to Reg: 0x00 Val: 0x00000000
In clock cycle: 125314
Register Write to Reg: 0x03 Val: 0x0FC11000
In clock cycle: 125315
Register Write to Reg: 0x03 Val: 0x00000000
In clock cycle: 125316
Register Write to Reg: 0x04 Val: 0x00001008
In clock cycle: 125317
Register Write to Reg: 0x04 Val: 0x000004D8
In clock cycle: 125318
Register Write to Reg: 0x04 Val: 0x000004D0
In clock cycle: 125319
Register Write to Reg: 0x01 Val: 0x000004C8
In clock cycle: 125320
Register Write to Reg: 0x00 Val: 0x00000000
In clock cycle: 126039
Register Write to Reg: 0x03 Val: 0x0FC11000
In clock cycle: 126040
Register Write to Reg: 0x03 Val: 0x00000000
In clock cycle: 126041
Register Write to Reg: 0x04 Val: 0x00001008
In clock cycle: 126042
Register Write to Reg: 0x04 Val: 0x000004E0
In clock cycle: 126043
Register Write to Reg: 0x04 Val: 0x000004D8
In clock cycle: 126044
Register Write to Reg: 0x01 Val: 0x000004D0
In clock cycle: 126045
Register Write to Reg: 0x00 Val: 0x00000000
In clock cycle: 126762
Register Write to Reg: 0x03 Val: 0x0FC11000
In clock cycle: 126763
Register Write to Reg: 0x03 Val: 0x00000000
In clock cycle: 126764
Register Write to Reg: 0x04 Val: 0x00001008
In clock cycle: 126765
Register Write to Reg: 0x04 Val: 0x000004E8
In clock cycle: 126766
Register Write to Reg: 0x04 Val: 0x000004E0
In clock cycle: 126767
Register Write to Reg: 0x01 Val: 0x000004D8
In clock cycle: 126768
Register Write to Reg: 0x00 Val: 0x00000000
In clock cycle: 127483
Register Write to Reg: 0x03 Val: 0x0FC11000
In clock cycle: 127484
Register Write to Reg: 0x03 Val: 0x00000000
In clock cycle: 127485
Register Write to Reg: 0x04 Val: 0x00001008
In clock cycle: 127486
Register Write to Reg: 0x04 Val: 0x000004F0
In clock cycle: 127487
Register Write to Reg: 0x04 Val: 0x000004E8
In clock cycle: 127488
Register Write to Reg: 0x01 Val: 0x000004E0
In clock cycle: 127489
Register Write to Reg: 0x00 Val: 0x00000000
In clock cycle: 128202
Register Write to Reg: 0x03 Val: 0x0FC11000
In clock cycle: 128203
Register Write to Reg: 0x03 Val: 0x00000000
In clock cycle: 128204
Register Write to Reg: 0x04 Val: 0x00001008
In clock cycle: 128205
Register Write to Reg: 0x04 Val: 0x000004F8
In clock cycle: 128206
Register Write to Reg: 0x04 Val: 0x000004F0
In clock cycle: 128207
Register Write to Reg: 0x01 Val: 0x000004E8
In clock cycle: 128208
Register Write to Reg: 0x00 Val: 0x00000000
In clock cycle: 128919
Register Write to Reg: 0x03 Val: 0x0FC11000
In clock cycle: 128920
Register Write to Reg: 0x03 Val: 0x00000000
In clock cycle: 128921
Register Write to Reg: 0x04 Val: 0x00001008
In clock cycle: 128922
Register Write to Reg: 0x04 Val: 0x00000500
In clock cycle: 128923
Register Write to Reg: 0x04 Val: 0x000004F8
In clock cycle: 128924
Register Write to Reg: 0x01 Val: 0x000004F0
In clock cycle: 128925
Register Write to Reg: 0x00 Val: 0x00000000
In clock cycle: 129634
Register Write to Reg: 0x03 Val: 0x0FC11000
In clock cycle: 129635
Register Write to Reg: 0x03 Val: 0x00000000
In clock cycle: 129636
Register Write to Reg: 0x04 Val: 0x00001008
In clock cycle: 129637
Register Write to Reg: 0x04 Val: 0x00000508
In clock cycle: 129638
Register Write to Reg: 0x04 Val: 0x00000500
In clock cycle: 129639
Register Write to Reg: 0x01 Val: 0x000004F8
In clock cycle: 129640
Register Write to Reg: 0x00 Val: 0x00000000
In clock cycle: 130347
Register Write to Reg: 0x03 Val: 0x0FC11000
In clock cycle: 130348
Register Write to Reg: 0x03 Val: 0x00000000
In clock cycle: 130349
Register Write to Reg: 0x04 Val: 0x00001008
In clock cycle: 130350
Register Write to Reg: 0x04 Val: 0x00000510
In clock cycle: 130351
Register Write to Reg: 0x04 Val: 0x00000508
In clock cycle: 130352
Register Write to Reg: 0x01 Val: 0x00000500
In clock cycle: 130353
Register Write to Reg: 0x00 Val: 0x00000000
In clock cycle: 131058
Register Write to Reg: 0x03 Val: 0x0FC11000
In clock cycle: 131059
Register Write to Reg: 0x03 Val: 0x00000000
In clock cycle: 131060
Register Write to Reg: 0x04 Val: 0x00001008
In clock cycle: 131061
Register Write to Reg: 0x04 Val: 0x00000518
In clock cycle: 131062
Register Write to Reg: 0x04 Val: 0x00000510
In clock cycle: 131063
Register Write to Reg: 0x01 Val: 0x00000508
In clock cycle: 131064
Register Write to Reg: 0x00 Val: 0x00000000
In clock cycle: 131767
Register Write to Reg: 0x03 Val: 0x0FC11000
In clock cycle: 131768
Register Write to Reg: 0x03 Val: 0x00000000
In clock cycle: 131769
Register Write to Reg: 0x04 Val: 0x00001008
In clock cycle: 131770
Register Write to Reg: 0x04 Val: 0x00000520
In clock cycle: 131771
Register Write to Reg: 0x04 Val: 0x00000518
In clock cycle: 131772
Register Write to Reg: 0x01 Val: 0x00000510
In clock cycle: 131773
Register Write to Reg: 0x00 Val: 0x00000000
In clock cycle: 132474
Register Write to Reg: 0x03 Val: 0x0FC11000
In clock cycle: 132475
Register Write to Reg: 0x03 Val: 0x00000000
In clock cycle: 132476
Register Write to Reg: 0x04 Val: 0x00001008
In clock cycle: 132477
Register Write to Reg: 0x04 Val: 0x00000528
In clock cycle: 132478
Register Write to Reg: 0x04 Val: 0x00000520
In clock cycle: 132479
Register Write to Reg: 0x01 Val: 0x00000518
In clock cycle: 132480
Register Write to Reg: 0x00 Val: 0x00000000
In clock cycle: 133179
Register Write to Reg: 0x03 Val: 0x0FC11000
In clock cycle: 133180
Register Write to Reg: 0x03 Val: 0x00000000
In clock cycle: 133181
Register Write to Reg: 0x04 Val: 0x00001008
In clock cycle: 133182
Register Write to Reg: 0x04 Val: 0x00000530
In clock cycle: 133183
Register Write to Reg: 0x04 Val: 0x00000528
In clock cycle: 133184
Register Write to Reg: 0x01 Val: 0x00000520
In clock cycle: 133185
Register Write to Reg: 0x00 Val: 0x00000000
In clock cycle: 133882
Register Write to Reg: 0x03 Val: 0x0FC11000
In clock cycle: 133883
Register Write to Reg: 0x03 Val: 0x00000000
In clock cycle: 133884
Register Write to Reg: 0x04 Val: 0x00001008
In clock cycle: 133885
Register Write to Reg: 0x04 Val: 0x00000538
In clock cycle: 133886
Register Write to Reg: 0x04 Val: 0x00000530
In clock cycle: 133887
Register Write to Reg: 0x01 Val: 0x00000528
In clock cycle: 133888
Register Write to Reg: 0x00 Val: 0x00000000
In clock cycle: 134583
Register Write to Reg: 0x03 Val: 0x0FC11000
In clock cycle: 134584
Register Write to Reg: 0x03 Val: 0x00000000
In clock cycle: 134585
Register Write to Reg: 0x04 Val: 0x00001008
In clock cycle: 134586
Register Write to Reg: 0x04 Val: 0x00000540
In clock cycle: 134587
Register Write to Reg: 0x04 Val: 0x00000538
In clock cycle: 134588
Register Write to Reg: 0x01 Val: 0x00000530
In clock cycle: 134589
Register Write to Reg: 0x00 Val: 0x00000000
In clock cycle: 135282
Register Write to Reg: 0x03 Val: 0x0FC11000
In clock cycle: 135283
Register Write to Reg: 0x03 Val: 0x00000000
In clock cycle: 135284
Register Write to Reg: 0x04 Val: 0x00001008
In clock cycle: 135285
Register Write to Reg: 0x04 Val: 0x00000548
In clock cycle: 135286
Register Write to Reg: 0x04 Val: 0x00000540
In clock cycle: 135287
Register Write to Reg: 0x01 Val: 0x00000538
In clock cycle: 135288
Register Write to Reg: 0x00 Val: 0x00000000
In clock cycle: 135979
Register Write to Reg: 0x03 Val: 0x0FC11000
In clock cycle: 135980
Register Write to Reg: 0x03 Val: 0x00000000
In clock cycle: 135981
Register Write to Reg: 0x04 Val: 0x00001008
In clock cycle: 135982
Register Write to Reg: 0x04 Val: 0x00000550
In clock cycle: 135983
Register Write to Reg: 0x04 Val: 0x00000548
In clock cycle: 135984
Register Write to Reg: 0x01 Val: 0x00000540
In clock cycle: 135985
Register Write to Reg: 0x00 Val: 0x00000000
In clock cycle: 136674
Register Write to Reg: 0x03 Val: 0x0FC11000
In clock cycle: 136675
Register Write to Reg: 0x03 Val: 0x00000000
In clock cycle: 136676
Register Write to Reg: 0x04 Val: 0x00001008
In clock cycle: 136677
Register Write to Reg: 0x04 Val: 0x00000558
In clock cycle: 136678
Register Write to Reg: 0x04 Val: 0x00000550
In clock cycle: 136679
Register Write to Reg: 0x01 Val: 0x00000548
In clock cycle: 136680
Register Write to Reg: 0x00 Val: 0x00000000
In clock cycle: 137367
Register Write to Reg: 0x03 Val: 0x0FC11000
In clock cycle: 137368
Register Write to Reg: 0x03 Val: 0x00000000
In clock cycle: 137369
Register Write to Reg: 0x04 Val: 0x00001008
In clock cycle: 137370
Register Write to Reg: 0x04 Val: 0x00000560
In clock cycle: 137371
Register Write to Reg: 0x04 Val: 0x00000558
In clock cycle: 137372
Register Write to Reg: 0x01 Val: 0x00000550
In clock cycle: 137373
Register Write to Reg: 0x00 Val: 0x00000000
In clock cycle: 138058
Register Write to Reg: 0x03 Val: 0x0FC11000
In clock cycle: 138059
Register Write to Reg: 0x03 Val: 0x00000000
In clock cycle: 138060
Register Write to Reg: 0x04 Val: 0x00001008
In clock cycle: 138061
Register Write to Reg: 0x04 Val: 0x00000568
In clock cycle: 138062
Register Write to Reg: 0x04 Val: 0x00000560
In clock cycle: 138063
Register Write to Reg: 0x01 Val: 0x00000558
In clock cycle: 138064
Register Write to Reg: 0x00 Val: 0x00000000
In clock cycle: 138747
Register Write to Reg: 0x03 Val: 0x0FC11000
In clock cycle: 138748
Register Write to Reg: 0x03 Val: 0x00000000
In clock cycle: 138749
Register Write to Reg: 0x04 Val: 0x00001008
In clock cycle: 138750
Register Write to Reg: 0x04 Val: 0x00000570
In clock cycle: 138751
Register Write to Reg: 0x04 Val: 0x00000568
In clock cycle: 138752
Register Write to Reg: 0x01 Val: 0x00000560
In clock cycle: 138753
Register Write to Reg: 0x00 Val: 0x00000000
In clock cycle: 139434
Register Write to Reg: 0x03 Val: 0x0FC11000
In clock cycle: 139435
Register Write to Reg: 0x03 Val: 0x00000000
In clock cycle: 139436
Register Write to Reg: 0x04 Val: 0x00001008
In clock cycle: 139437
Register Write to Reg: 0x04 Val: 0x00000578
In clock cycle: 139438
Register Write to Reg: 0x04 Val: 0x00000570
In clock cycle: 139439
Register Write to Reg: 0x01 Val: 0x00000568
In clock cycle: 139440
Register Write to Reg: 0x00 Val: 0x00000000
In clock cycle: 140119
Register Write to Reg: 0x03 Val: 0x0FC11000
In clock cycle: 140120
Register Write to Reg: 0x03 Val: 0x00000000
In clock cycle: 140121
Register Write to Reg: 0x04 Val: 0x00001008
In clock cycle: 140122
Register Write to Reg: 0x04 Val: 0x00000580
In clock cycle: 140123
Register Write to Reg: 0x04 Val: 0x00000578
In clock cycle: 140124
Register Write to Reg: 0x01 Val: 0x00000570
In clock cycle: 140125
Register Write to Reg: 0x00 Val: 0x00000000
In clock cycle: 140802
Register Write to Reg: 0x03 Val: 0x0FC11000
In clock cycle: 140803
Register Write to Reg: 0x03 Val: 0x00000000
In clock cycle: 140804
Register Write to Reg: 0x04 Val: 0x00001008
In clock cycle: 140805
Register Write to Reg: 0x04 Val: 0x00000588
In clock cycle: 140806
Register Write to Reg: 0x04 Val: 0x00000580
In clock cycle: 140807
Register Write to Reg: 0x01 Val: 0x00000578
In clock cycle: 140808
Register Write to Reg: 0x00 Val: 0x00000000
In clock cycle: 141483
Register Write to Reg: 0x03 Val: 0x0FC11000
In clock cycle: 141484
Register Write to Reg: 0x03 Val: 0x00000000
In clock cycle: 141485
Register Write to Reg: 0x04 Val: 0x00001008
In clock cycle: 141486
Register Write to Reg: 0x04 Val: 0x00000590
In clock cycle: 141487
Register Write to Reg: 0x04 Val: 0x00000588
In clock cycle: 141488
Register Write to Reg: 0x01 Val: 0x00000580
In clock cycle: 141489
Register Write to Reg: 0x00 Val: 0x00000000
In clock cycle: 142162
Register Write to Reg: 0x03 Val: 0x0FC11000
In clock cycle: 142163
Register Write to Reg: 0x03 Val: 0x00000000
In clock cycle: 142164
Register Write to Reg: 0x04 Val: 0x00001008
In clock cycle: 142165
Register Write to Reg: 0x04 Val: 0x00000598
In clock cycle: 142166
Register Write to Reg: 0x04 Val: 0x00000590
In clock cycle: 142167
Register Write to Reg: 0x01 Val: 0x00000588
In clock cycle: 142168
Register Write to Reg: 0x00 Val: 0x00000000
In clock cycle: 142839
Register Write to Reg: 0x03 Val: 0x0FC11000
In clock cycle: 142840
Register Write to Reg: 0x03 Val: 0x00000000
In clock cycle: 142841
Register Write to Reg: 0x04 Val: 0x00001008
In clock cycle: 142842
Register Write to Reg: 0x04 Val: 0x000005A0
In clock cycle: 142843
Register Write to Reg: 0x04 Val: 0x00000598
In clock cycle: 142844
Register Write to Reg: 0x01 Val: 0x00000590
In clock cycle: 142845
Register Write to Reg: 0x00 Val: 0x00000000
In clock cycle: 143514
Register Write to Reg: 0x03 Val: 0x0FC11000
In clock cycle: 143515
Register Write to Reg: 0x03 Val: 0x00000000
In clock cycle: 143516
Register Write to Reg: 0x04 Val: 0x00001008
In clock cycle: 143517
Register Write to Reg: 0x04 Val: 0x000005A8
In clock cycle: 143518
Register Write to Reg: 0x04 Val: 0x000005A0
In clock cycle: 143519
Register Write to Reg: 0x01 Val: 0x00000598
In clock cycle: 143520
Register Write to Reg: 0x00 Val: 0x00000000
In clock cycle: 144187
Register Write to Reg: 0x03 Val: 0x0FC11000
In clock cycle: 144188
Register Write to Reg: 0x03 Val: 0x00000000
In clock cycle: 144189
Register Write to Reg: 0x04 Val: 0x00001008
In clock cycle: 144190
Register Write to Reg: 0x04 Val: 0x000005B0
In clock cycle: 144191
Register Write to Reg: 0x04 Val: 0x000005A8
In clock cycle: 144192
Register Write to Reg: 0x01 Val: 0x000005A0
In clock cycle: 144193
Register Write to Reg: 0x00 Val: 0x00000000
In clock cycle: 144858
Register Write to Reg: 0x03 Val: 0x0FC11000
In clock cycle: 144859
Register Write to Reg: 0x03 Val: 0x00000000
In clock cycle: 144860
Register Write to Reg: 0x04 Val: 0x00001008
In clock cycle: 144861
Register Write to Reg: 0x04 Val: 0x000005B8
In clock cycle: 144862
Register Write to Reg: 0x04 Val: 0x000005B0
In clock cycle: 144863
Register Write to Reg: 0x01 Val: 0x000005A8
In clock cycle: 144864
Register Write to Reg: 0x00 Val: 0x00000000
In clock cycle: 145527
Register Write to Reg: 0x03 Val: 0x0FC11000
In clock cycle: 145528
Register Write to Reg: 0x03 Val: 0x00000000
In clock cycle: 145529
Register Write to Reg: 0x04 Val: 0x00001008
In clock cycle: 145530
Register Write to Reg: 0x04 Val: 0x000005C0
In clock cycle: 145531
Register Write to Reg: 0x04 Val: 0x000005B8
In clock cycle: 145532
Register Write to Reg: 0x01 Val: 0x000005B0
In clock cycle: 145533
Register Write to Reg: 0x00 Val: 0x00000000
In clock cycle: 146194
Register Write to Reg: 0x03 Val: 0x0FC11000
In clock cycle: 146195
Register Write to Reg: 0x03 Val: 0x00000000
In clock cycle: 146196
Register Write to Reg: 0x04 Val: 0x00001008
In clock cycle: 146197
Register Write to Reg: 0x04 Val: 0x000005C8
In clock cycle: 146198
Register Write to Reg: 0x04 Val: 0x000005C0
In clock cycle: 146199
Register Write to Reg: 0x01 Val: 0x000005B8
In clock cycle: 146200
Register Write to Reg: 0x00 Val: 0x00000000
In clock cycle: 146859
Register Write to Reg: 0x03 Val: 0x0FC11000
In clock cycle: 146860
Register Write to Reg: 0x03 Val: 0x00000000
In clock cycle: 146861
Register Write to Reg: 0x04 Val: 0x00001008
In clock cycle: 146862
Register Write to Reg: 0x04 Val: 0x000005D0
In clock cycle: 146863
Register Write to Reg: 0x04 Val: 0x000005C8
In clock cycle: 146864
Register Write to Reg: 0x01 Val: 0x000005C0
In clock cycle: 146865
Register Write to Reg: 0x00 Val: 0x00000000
In clock cycle: 147522
Register Write to Reg: 0x03 Val: 0x0FC11000
In clock cycle: 147523
Register Write to Reg: 0x03 Val: 0x00000000
In clock cycle: 147524
Register Write to Reg: 0x04 Val: 0x00001008
In clock cycle: 147525
Register Write to Reg: 0x04 Val: 0x000005D8
In clock cycle: 147526
Register Write to Reg: 0x04 Val: 0x000005D0
In clock cycle: 147527
Register Write to Reg: 0x01 Val: 0x000005C8
In clock cycle: 147528
Register Write to Reg: 0x00 Val: 0x00000000
In clock cycle: 148183
Register Write to Reg: 0x03 Val: 0x0FC11000
In clock cycle: 148184
Register Write to Reg: 0x03 Val: 0x00000000
In clock cycle: 148185
Register Write to Reg: 0x04 Val: 0x00001008
In clock cycle: 148186
Register Write to Reg: 0x04 Val: 0x000005E0
In clock cycle: 148187
Register Write to Reg: 0x04 Val: 0x000005D8
In clock cycle: 148188
Register Write to Reg: 0x01 Val: 0x000005D0
In clock cycle: 148189
Register Write to Reg: 0x00 Val: 0x00000000
In clock cycle: 148842
Register Write to Reg: 0x03 Val: 0x0FC11000
In clock cycle: 148843
Register Write to Reg: 0x03 Val: 0x00000000
In clock cycle: 148844
Register Write to Reg: 0x04 Val: 0x00001008
In clock cycle: 148845
Register Write to Reg: 0x04 Val: 0x000005E8
In clock cycle: 148846
Register Write to Reg: 0x04 Val: 0x000005E0
In clock cycle: 148847
Register Write to Reg: 0x01 Val: 0x000005D8
In clock cycle: 148848
Register Write to Reg: 0x00 Val: 0x00000000
In clock cycle: 149499
Register Write to Reg: 0x03 Val: 0x0FC11000
In clock cycle: 149500
Register Write to Reg: 0x03 Val: 0x00000000
In clock cycle: 149501
Register Write to Reg: 0x04 Val: 0x00001008
In clock cycle: 149502
Register Write to Reg: 0x04 Val: 0x000005F0
In clock cycle: 149503
Register Write to Reg: 0x04 Val: 0x000005E8
In clock cycle: 149504
Register Write to Reg: 0x01 Val: 0x000005E0
In clock cycle: 149505
Register Write to Reg: 0x00 Val: 0x00000000
In clock cycle: 150154
Register Write to Reg: 0x03 Val: 0x0FC11000
In clock cycle: 150155
Register Write to Reg: 0x03 Val: 0x00000000
In clock cycle: 150156
Register Write to Reg: 0x04 Val: 0x00001008
In clock cycle: 150157
Register Write to Reg: 0x04 Val: 0x000005F8
In clock cycle: 150158
Register Write to Reg: 0x04 Val: 0x000005F0
In clock cycle: 150159
Register Write to Reg: 0x01 Val: 0x000005E8
In clock cycle: 150160
Register Write to Reg: 0x00 Val: 0x00000000
In clock cycle: 150807
Register Write to Reg: 0x03 Val: 0x0FC11000
In clock cycle: 150808
Register Write to Reg: 0x03 Val: 0x00000000
In clock cycle: 150809
Register Write to Reg: 0x04 Val: 0x00001008
In clock cycle: 150810
Register Write to Reg: 0x04 Val: 0x00000600
In clock cycle: 150811
Register Write to Reg: 0x04 Val: 0x000005F8
In clock cycle: 150812
Register Write to Reg: 0x01 Val: 0x000005F0
In clock cycle: 150813
Register Write to Reg: 0x00 Val: 0x00000000
In clock cycle: 151458
Register Write to Reg: 0x03 Val: 0x0FC11000
In clock cycle: 151459
Register Write to Reg: 0x03 Val: 0x00000000
In clock cycle: 151460
Register Write to Reg: 0x04 Val: 0x00001008
In clock cycle: 151461
Register Write to Reg: 0x04 Val: 0x00000608
In clock cycle: 151462
Register Write to Reg: 0x04 Val: 0x00000600
In clock cycle: 151463
Register Write to Reg: 0x01 Val: 0x000005F8
In clock cycle: 151464
Register Write to Reg: 0x00 Val: 0x00000000
In clock cycle: 152107
Register Write to Reg: 0x03 Val: 0x0FC11000
In clock cycle: 152108
Register Write to Reg: 0x03 Val: 0x00000000
In clock cycle: 152109
Register Write to Reg: 0x04 Val: 0x00001008
In clock cycle: 152110
Register Write to Reg: 0x04 Val: 0x00000610
In clock cycle: 152111
Register Write to Reg: 0x04 Val: 0x00000608
In clock cycle: 152112
Register Write to Reg: 0x01 Val: 0x00000600
In clock cycle: 152113
Register Write to Reg: 0x00 Val: 0x00000000
In clock cycle: 152754
Register Write to Reg: 0x03 Val: 0x0FC11000
In clock cycle: 152755
Register Write to Reg: 0x03 Val: 0x00000000
In clock cycle: 152756
Register Write to Reg: 0x04 Val: 0x00001008
In clock cycle: 152757
Register Write to Reg: 0x04 Val: 0x00000618
In clock cycle: 152758
Register Write to Reg: 0x04 Val: 0x00000610
In clock cycle: 152759
Register Write to Reg: 0x01 Val: 0x00000608
In clock cycle: 152760
Register Write to Reg: 0x00 Val: 0x00000000
In clock cycle: 153399
Register Write to Reg: 0x03 Val: 0x0FC11000
In clock cycle: 153400
Register Write to Reg: 0x03 Val: 0x00000000
In clock cycle: 153401
Register Write to Reg: 0x04 Val: 0x00001008
In clock cycle: 153402
Register Write to Reg: 0x04 Val: 0x00000620
In clock cycle: 153403
Register Write to Reg: 0x04 Val: 0x00000618
In clock cycle: 153404
Register Write to Reg: 0x01 Val: 0x00000610
In clock cycle: 153405
Register Write to Reg: 0x00 Val: 0x00000000
In clock cycle: 154042
Register Write to Reg: 0x03 Val: 0x0FC11000
In clock cycle: 154043
Register Write to Reg: 0x03 Val: 0x00000000
In clock cycle: 154044
Register Write to Reg: 0x04 Val: 0x00001008
In clock cycle: 154045
Register Write to Reg: 0x04 Val: 0x00000628
In clock cycle: 154046
Register Write to Reg: 0x04 Val: 0x00000620
In clock cycle: 154047
Register Write to Reg: 0x01 Val: 0x00000618
In clock cycle: 154048
Register Write to Reg: 0x00 Val: 0x00000000
In clock cycle: 154683
Register Write to Reg: 0x03 Val: 0x0FC11000
In clock cycle: 154684
Register Write to Reg: 0x03 Val: 0x00000000
In clock cycle: 154685
Register Write to Reg: 0x04 Val: 0x00001008
In clock cycle: 154686
Register Write to Reg: 0x04 Val: 0x00000630
In clock cycle: 154687
Register Write to Reg: 0x04 Val: 0x00000628
In clock cycle: 154688
Register Write to Reg: 0x01 Val: 0x00000620
In clock cycle: 154689
Register Write to Reg: 0x00 Val: 0x00000000
In clock cycle: 155322
Register Write to Reg: 0x03 Val: 0x0FC11000
In clock cycle: 155323
Register Write to Reg: 0x03 Val: 0x00000000
In clock cycle: 155324
Register Write to Reg: 0x04 Val: 0x00001008
In clock cycle: 155325
Register Write to Reg: 0x04 Val: 0x00000638
In clock cycle: 155326
Register Write to Reg: 0x04 Val: 0x00000630
In clock cycle: 155327
Register Write to Reg: 0x01 Val: 0x00000628
In clock cycle: 155328
Register Write to Reg: 0x00 Val: 0x00000000
In clock cycle: 155959
Register Write to Reg: 0x03 Val: 0x0FC11000
In clock cycle: 155960
Register Write to Reg: 0x03 Val: 0x00000000
In clock cycle: 155961
Register Write to Reg: 0x04 Val: 0x00001008
In clock cycle: 155962
Register Write to Reg: 0x04 Val: 0x00000640
In clock cycle: 155963
Register Write to Reg: 0x04 Val: 0x00000638
In clock cycle: 155964
Register Write to Reg: 0x01 Val: 0x00000630
In clock cycle: 155965
Register Write to Reg: 0x00 Val: 0x00000000
In clock cycle: 156594
Register Write to Reg: 0x03 Val: 0x0FC11000
In clock cycle: 156595
Register Write to Reg: 0x03 Val: 0x00000000
In clock cycle: 156596
Register Write to Reg: 0x04 Val: 0x00001008
In clock cycle: 156597
Register Write to Reg: 0x04 Val: 0x00000648
In clock cycle: 156598
Register Write to Reg: 0x04 Val: 0x00000640
In clock cycle: 156599
Register Write to Reg: 0x01 Val: 0x00000638
In clock cycle: 156600
Register Write to Reg: 0x00 Val: 0x00000000
In clock cycle: 157227
Register Write to Reg: 0x03 Val: 0x0FC11000
In clock cycle: 157228
Register Write to Reg: 0x03 Val: 0x00000000
In clock cycle: 157229
Register Write to Reg: 0x04 Val: 0x00001008
In clock cycle: 157230
Register Write to Reg: 0x04 Val: 0x00000650
In clock cycle: 157231
Register Write to Reg: 0x04 Val: 0x00000648
In clock cycle: 157232
Register Write to Reg: 0x01 Val: 0x00000640
In clock cycle: 157233
Register Write to Reg: 0x00 Val: 0x00000000
In clock cycle: 157858
Register Write to Reg: 0x03 Val: 0x0FC11000
In clock cycle: 157859
Register Write to Reg: 0x03 Val: 0x00000000
In clock cycle: 157860
Register Write to Reg: 0x04 Val: 0x00001008
In clock cycle: 157861
Register Write to Reg: 0x04 Val: 0x00000658
In clock cycle: 157862
Register Write to Reg: 0x04 Val: 0x00000650
In clock cycle: 157863
Register Write to Reg: 0x01 Val: 0x00000648
In clock cycle: 157864
Register Write to Reg: 0x00 Val: 0x00000000
In clock cycle: 158487
Register Write to Reg: 0x03 Val: 0x0FC11000
In clock cycle: 158488
Register Write to Reg: 0x03 Val: 0x00000000
In clock cycle: 158489
Register Write to Reg: 0x04 Val: 0x00001008
In clock cycle: 158490
Register Write to Reg: 0x04 Val: 0x00000660
In clock cycle: 158491
Register Write to Reg: 0x04 Val: 0x00000658
In clock cycle: 158492
Register Write to Reg: 0x01 Val: 0x00000650
In clock cycle: 158493
Register Write to Reg: 0x00 Val: 0x00000000
In clock cycle: 159114
Register Write to Reg: 0x03 Val: 0x0FC11000
In clock cycle: 159115
Register Write to Reg: 0x03 Val: 0x00000000
In clock cycle: 159116
Register Write to Reg: 0x04 Val: 0x00001008
In clock cycle: 159117
Register Write to Reg: 0x04 Val: 0x00000668
In clock cycle: 159118
Register Write to Reg: 0x04 Val: 0x00000660
In clock cycle: 159119
Register Write to Reg: 0x01 Val: 0x00000658
In clock cycle: 159120
Register Write to Reg: 0x00 Val: 0x00000000
In clock cycle: 159739
Register Write to Reg: 0x03 Val: 0x0FC11000
In clock cycle: 159740
Register Write to Reg: 0x03 Val: 0x00000000
In clock cycle: 159741
Register Write to Reg: 0x04 Val: 0x00001008
In clock cycle: 159742
Register Write to Reg: 0x04 Val: 0x00000670
In clock cycle: 159743
Register Write to Reg: 0x04 Val: 0x00000668
In clock cycle: 159744
Register Write to Reg: 0x01 Val: 0x00000660
In clock cycle: 159745
Register Write to Reg: 0x00 Val: 0x00000000
In clock cycle: 160362
Register Write to Reg: 0x03 Val: 0x0FC11000
In clock cycle: 160363
Register Write to Reg: 0x03 Val: 0x00000000
In clock cycle: 160364
Register Write to Reg: 0x04 Val: 0x00001008
In clock cycle: 160365
Register Write to Reg: 0x04 Val: 0x00000678
In clock cycle: 160366
Register Write to Reg: 0x04 Val: 0x00000670
In clock cycle: 160367
Register Write to Reg: 0x01 Val: 0x00000668
In clock cycle: 160368
Register Write to Reg: 0x00 Val: 0x00000000
In clock cycle: 160983
Register Write to Reg: 0x03 Val: 0x0FC11000
In clock cycle: 160984
Register Write to Reg: 0x03 Val: 0x00000000
In clock cycle: 160985
Register Write to Reg: 0x04 Val: 0x00001008
In clock cycle: 160986
Register Write to Reg: 0x04 Val: 0x00000680
In clock cycle: 160987
Register Write to Reg: 0x04 Val: 0x00000678
In clock cycle: 160988
Register Write to Reg: 0x01 Val: 0x00000670
In clock cycle: 160989
Register Write to Reg: 0x00 Val: 0x00000000
In clock cycle: 161602
Register Write to Reg: 0x03 Val: 0x0FC11000
In clock cycle: 161603
Register Write to Reg: 0x03 Val: 0x00000000
In clock cycle: 161604
Register Write to Reg: 0x04 Val: 0x00001008
In clock cycle: 161605
Register Write to Reg: 0x04 Val: 0x00000688
In clock cycle: 161606
Register Write to Reg: 0x04 Val: 0x00000680
In clock cycle: 161607
Register Write to Reg: 0x01 Val: 0x00000678
In clock cycle: 161608
Register Write to Reg: 0x00 Val: 0x00000000
In clock cycle: 162219
Register Write to Reg: 0x03 Val: 0x0FC11000
In clock cycle: 162220
Register Write to Reg: 0x03 Val: 0x00000000
In clock cycle: 162221
Register Write to Reg: 0x04 Val: 0x00001008
In clock cycle: 162222
Register Write to Reg: 0x04 Val: 0x00000690
In clock cycle: 162223
Register Write to Reg: 0x04 Val: 0x00000688
In clock cycle: 162224
Register Write to Reg: 0x01 Val: 0x00000680
In clock cycle: 162225
Register Write to Reg: 0x00 Val: 0x00000000
In clock cycle: 162834
Register Write to Reg: 0x03 Val: 0x0FC11000
In clock cycle: 162835
Register Write to Reg: 0x03 Val: 0x00000000
In clock cycle: 162836
Register Write to Reg: 0x04 Val: 0x00001008
In clock cycle: 162837
Register Write to Reg: 0x04 Val: 0x00000698
In clock cycle: 162838
Register Write to Reg: 0x04 Val: 0x00000690
In clock cycle: 162839
Register Write to Reg: 0x01 Val: 0x00000688
In clock cycle: 162840
Register Write to Reg: 0x00 Val: 0x00000000
In clock cycle: 163447
Register Write to Reg: 0x03 Val: 0x0FC11000
In clock cycle: 163448
Register Write to Reg: 0x03 Val: 0x00000000
In clock cycle: 163449
Register Write to Reg: 0x04 Val: 0x00001008
In clock cycle: 163450
Register Write to Reg: 0x04 Val: 0x000006A0
In clock cycle: 163451
Register Write to Reg: 0x04 Val: 0x00000698
In clock cycle: 163452
Register Write to Reg: 0x01 Val: 0x00000690
In clock cycle: 163453
Register Write to Reg: 0x00 Val: 0x00000000
In clock cycle: 164058
Register Write to Reg: 0x03 Val: 0x0FC11000
In clock cycle: 164059
Register Write to Reg: 0x03 Val: 0x00000000
In clock cycle: 164060
Register Write to Reg: 0x04 Val: 0x00001008
In clock cycle: 164061
Register Write to Reg: 0x04 Val: 0x000006A8
In clock cycle: 164062
Register Write to Reg: 0x04 Val: 0x000006A0
In clock cycle: 164063
Register Write to Reg: 0x01 Val: 0x00000698
In clock cycle: 164064
Register Write to Reg: 0x00 Val: 0x00000000
In clock cycle: 164667
Register Write to Reg: 0x03 Val: 0x0FC11000
In clock cycle: 164668
Register Write to Reg: 0x03 Val: 0x00000000
In clock cycle: 164669
Register Write to Reg: 0x04 Val: 0x00001008
In clock cycle: 164670
Register Write to Reg: 0x04 Val: 0x000006B0
In clock cycle: 164671
Register Write to Reg: 0x04 Val: 0x000006A8
In clock cycle: 164672
Register Write to Reg: 0x01 Val: 0x000006A0
In clock cycle: 164673
Register Write to Reg: 0x00 Val: 0x00000000
In clock cycle: 165274
Register Write to Reg: 0x03 Val: 0x0FC11000
In clock cycle: 165275
Register Write to Reg: 0x03 Val: 0x00000000
In clock cycle: 165276
Register Write to Reg: 0x04 Val: 0x00001008
In clock cycle: 165277
Register Write to Reg: 0x04 Val: 0x000006B8
In clock cycle: 165278
Register Write to Reg: 0x04 Val: 0x000006B0
In clock cycle: 165279
Register Write to Reg: 0x01 Val: 0x000006A8
In clock cycle: 165280
Register Write to Reg: 0x00 Val: 0x00000000
In clock cycle: 165879
Register Write to Reg: 0x03 Val: 0x0FC11000
In clock cycle: 165880
Register Write to Reg: 0x03 Val: 0x00000000
In clock cycle: 165881
Register Write to Reg: 0x04 Val: 0x00001008
In clock cycle: 165882
Register Write to Reg: 0x04 Val: 0x000006C0
In clock cycle: 165883
Register Write to Reg: 0x04 Val: 0x000006B8
In clock cycle: 165884
Register Write to Reg: 0x01 Val: 0x000006B0
In clock cycle: 165885
Register Write to Reg: 0x00 Val: 0x00000000
In clock cycle: 166482
Register Write to Reg: 0x03 Val: 0x0FC11000
In clock cycle: 166483
Register Write to Reg: 0x03 Val: 0x00000000
In clock cycle: 166484
Register Write to Reg: 0x04 Val: 0x00001008
In clock cycle: 166485
Register Write to Reg: 0x04 Val: 0x000006C8
In clock cycle: 166486
Register Write to Reg: 0x04 Val: 0x000006C0
In clock cycle: 166487
Register Write to Reg: 0x01 Val: 0x000006B8
In clock cycle: 166488
Register Write to Reg: 0x00 Val: 0x00000000
In clock cycle: 167083
Register Write to Reg: 0x03 Val: 0x0FC11000
In clock cycle: 167084
Register Write to Reg: 0x03 Val: 0x00000000
In clock cycle: 167085
Register Write to Reg: 0x04 Val: 0x00001008
In clock cycle: 167086
Register Write to Reg: 0x04 Val: 0x000006D0
In clock cycle: 167087
Register Write to Reg: 0x04 Val: 0x000006C8
In clock cycle: 167088
Register Write to Reg: 0x01 Val: 0x000006C0
In clock cycle: 167089
Register Write to Reg: 0x00 Val: 0x00000000
In clock cycle: 167682
Register Write to Reg: 0x03 Val: 0x0FC11000
In clock cycle: 167683
Register Write to Reg: 0x03 Val: 0x00000000
In clock cycle: 167684
Register Write to Reg: 0x04 Val: 0x00001008
In clock cycle: 167685
Register Write to Reg: 0x04 Val: 0x000006D8
In clock cycle: 167686
Register Write to Reg: 0x04 Val: 0x000006D0
In clock cycle: 167687
Register Write to Reg: 0x01 Val: 0x000006C8
In clock cycle: 167688
Register Write to Reg: 0x00 Val: 0x00000000
In clock cycle: 168279
Register Write to Reg: 0x03 Val: 0x0FC11000
In clock cycle: 168280
Register Write to Reg: 0x03 Val: 0x00000000
In clock cycle: 168281
Register Write to Reg: 0x04 Val: 0x00001008
In clock cycle: 168282
Register Write to Reg: 0x04 Val: 0x000006E0
In clock cycle: 168283
Register Write to Reg: 0x04 Val: 0x000006D8
In clock cycle: 168284
Register Write to Reg: 0x01 Val: 0x000006D0
In clock cycle: 168285
Register Write to Reg: 0x00 Val: 0x00000000
In clock cycle: 168874
Register Write to Reg: 0x03 Val: 0x0FC11000
In clock cycle: 168875
Register Write to Reg: 0x03 Val: 0x00000000
In clock cycle: 168876
Register Write to Reg: 0x04 Val: 0x00001008
In clock cycle: 168877
Register Write to Reg: 0x04 Val: 0x000006E8
In clock cycle: 168878
Register Write to Reg: 0x04 Val: 0x000006E0
In clock cycle: 168879
Register Write to Reg: 0x01 Val: 0x000006D8
In clock cycle: 168880
Register Write to Reg: 0x00 Val: 0x00000000
In clock cycle: 169467
Register Write to Reg: 0x03 Val: 0x0FC11000
In clock cycle: 169468
Register Write to Reg: 0x03 Val: 0x00000000
In clock cycle: 169469
Register Write to Reg: 0x04 Val: 0x00001008
In clock cycle: 169470
Register Write to Reg: 0x04 Val: 0x000006F0
In clock cycle: 169471
Register Write to Reg: 0x04 Val: 0x000006E8
In clock cycle: 169472
Register Write to Reg: 0x01 Val: 0x000006E0
In clock cycle: 169473
Register Write to Reg: 0x00 Val: 0x00000000
In clock cycle: 170058
Register Write to Reg: 0x03 Val: 0x0FC11000
In clock cycle: 170059
Register Write to Reg: 0x03 Val: 0x00000000
In clock cycle: 170060
Register Write to Reg: 0x04 Val: 0x00001008
In clock cycle: 170061
Register Write to Reg: 0x04 Val: 0x000006F8
In clock cycle: 170062
Register Write to Reg: 0x04 Val: 0x000006F0
In clock cycle: 170063
Register Write to Reg: 0x01 Val: 0x000006E8
In clock cycle: 170064
Register Write to Reg: 0x00 Val: 0x00000000
In clock cycle: 170647
Register Write to Reg: 0x03 Val: 0x0FC11000
In clock cycle: 170648
Register Write to Reg: 0x03 Val: 0x00000000
In clock cycle: 170649
Register Write to Reg: 0x04 Val: 0x00001008
In clock cycle: 170650
Register Write to Reg: 0x04 Val: 0x00000700
In clock cycle: 170651
Register Write to Reg: 0x04 Val: 0x000006F8
In clock cycle: 170652
Register Write to Reg: 0x01 Val: 0x000006F0
In clock cycle: 170653
Register Write to Reg: 0x00 Val: 0x00000000
In clock cycle: 171234
Register Write to Reg: 0x03 Val: 0x0FC11000
In clock cycle: 171235
Register Write to Reg: 0x03 Val: 0x00000000
In clock cycle: 171236
Register Write to Reg: 0x04 Val: 0x00001008
In clock cycle: 171237
Register Write to Reg: 0x04 Val: 0x00000708
In clock cycle: 171238
Register Write to Reg: 0x04 Val: 0x00000700
In clock cycle: 171239
Register Write to Reg: 0x01 Val: 0x000006F8
In clock cycle: 171240
Register Write to Reg: 0x00 Val: 0x00000000
In clock cycle: 171819
Register Write to Reg: 0x03 Val: 0x0FC11000
In clock cycle: 171820
Register Write to Reg: 0x03 Val: 0x00000000
In clock cycle: 171821
Register Write to Reg: 0x04 Val: 0x00001008
In clock cycle: 171822
Register Write to Reg: 0x04 Val: 0x00000710
In clock cycle: 171823
Register Write to Reg: 0x04 Val: 0x00000708
In clock cycle: 171824
Register Write to Reg: 0x01 Val: 0x00000700
In clock cycle: 171825
Register Write to Reg: 0x00 Val: 0x00000000
In clock cycle: 172402
Register Write to Reg: 0x03 Val: 0x0FC11000
In clock cycle: 172403
Register Write to Reg: 0x03 Val: 0x00000000
In clock cycle: 172404
Register Write to Reg: 0x04 Val: 0x00001008
In clock cycle: 172405
Register Write to Reg: 0x04 Val: 0x00000718
In clock cycle: 172406
Register Write to Reg: 0x04 Val: 0x00000710
In clock cycle: 172407
Register Write to Reg: 0x01 Val: 0x00000708
In clock cycle: 172408
Register Write to Reg: 0x00 Val: 0x00000000
In clock cycle: 172983
Register Write to Reg: 0x03 Val: 0x0FC11000
In clock cycle: 172984
Register Write to Reg: 0x03 Val: 0x00000000
In clock cycle: 172985
Register Write to Reg: 0x04 Val: 0x00001008
In clock cycle: 172986
Register Write to Reg: 0x04 Val: 0x00000720
In clock cycle: 172987
Register Write to Reg: 0x04 Val: 0x00000718
In clock cycle: 172988
Register Write to Reg: 0x01 Val: 0x00000710
In clock cycle: 172989
Register Write to Reg: 0x00 Val: 0x00000000
In clock cycle: 173562
Register Write to Reg: 0x03 Val: 0x0FC11000
In clock cycle: 173563
Register Write to Reg: 0x03 Val: 0x00000000
In clock cycle: 173564
Register Write to Reg: 0x04 Val: 0x00001008
In clock cycle: 173565
Register Write to Reg: 0x04 Val: 0x00000728
In clock cycle: 173566
Register Write to Reg: 0x04 Val: 0x00000720
In clock cycle: 173567
Register Write to Reg: 0x01 Val: 0x00000718
In clock cycle: 173568
Register Write to Reg: 0x00 Val: 0x00000000
In clock cycle: 174139
Register Write to Reg: 0x03 Val: 0x0FC11000
In clock cycle: 174140
Register Write to Reg: 0x03 Val: 0x00000000
In clock cycle: 174141
Register Write to Reg: 0x04 Val: 0x00001008
In clock cycle: 174142
Register Write to Reg: 0x04 Val: 0x00000730
In clock cycle: 174143
Register Write to Reg: 0x04 Val: 0x00000728
In clock cycle: 174144
Register Write to Reg: 0x01 Val: 0x00000720
In clock cycle: 174145
Register Write to Reg: 0x00 Val: 0x00000000
In clock cycle: 174714
Register Write to Reg: 0x03 Val: 0x0FC11000
In clock cycle: 174715
Register Write to Reg: 0x03 Val: 0x00000000
In clock cycle: 174716
Register Write to Reg: 0x04 Val: 0x00001008
In clock cycle: 174717
Register Write to Reg: 0x04 Val: 0x00000738
In clock cycle: 174718
Register Write to Reg: 0x04 Val: 0x00000730
In clock cycle: 174719
Register Write to Reg: 0x01 Val: 0x00000728
In clock cycle: 174720
Register Write to Reg: 0x00 Val: 0x00000000
In clock cycle: 175287
Register Write to Reg: 0x03 Val: 0x0FC11000
In clock cycle: 175288
Register Write to Reg: 0x03 Val: 0x00000000
In clock cycle: 175289
Register Write to Reg: 0x04 Val: 0x00001008
In clock cycle: 175290
Register Write to Reg: 0x04 Val: 0x00000740
In clock cycle: 175291
Register Write to Reg: 0x04 Val: 0x00000738
In clock cycle: 175292
Register Write to Reg: 0x01 Val: 0x00000730
In clock cycle: 175293
Register Write to Reg: 0x00 Val: 0x00000000
In clock cycle: 175858
Register Write to Reg: 0x03 Val: 0x0FC11000
In clock cycle: 175859
Register Write to Reg: 0x03 Val: 0x00000000
In clock cycle: 175860
Register Write to Reg: 0x04 Val: 0x00001008
In clock cycle: 175861
Register Write to Reg: 0x04 Val: 0x00000748
In clock cycle: 175862
Register Write to Reg: 0x04 Val: 0x00000740
In clock cycle: 175863
Register Write to Reg: 0x01 Val: 0x00000738
In clock cycle: 175864
Register Write to Reg: 0x00 Val: 0x00000000
In clock cycle: 176427
Register Write to Reg: 0x03 Val: 0x0FC11000
In clock cycle: 176428
Register Write to Reg: 0x03 Val: 0x00000000
In clock cycle: 176429
Register Write to Reg: 0x04 Val: 0x00001008
In clock cycle: 176430
Register Write to Reg: 0x04 Val: 0x00000750
In clock cycle: 176431
Register Write to Reg: 0x04 Val: 0x00000748
In clock cycle: 176432
Register Write to Reg: 0x01 Val: 0x00000740
In clock cycle: 176433
Register Write to Reg: 0x00 Val: 0x00000000
In clock cycle: 176994
Register Write to Reg: 0x03 Val: 0x0FC11000
In clock cycle: 176995
Register Write to Reg: 0x03 Val: 0x00000000
In clock cycle: 176996
Register Write to Reg: 0x04 Val: 0x00001008
In clock cycle: 176997
Register Write to Reg: 0x04 Val: 0x00000758
In clock cycle: 176998
Register Write to Reg: 0x04 Val: 0x00000750
In clock cycle: 176999
Register Write to Reg: 0x01 Val: 0x00000748
In clock cycle: 177000
Register Write to Reg: 0x00 Val: 0x00000000
In clock cycle: 177559
Register Write to Reg: 0x03 Val: 0x0FC11000
In clock cycle: 177560
Register Write to Reg: 0x03 Val: 0x00000000
In clock cycle: 177561
Register Write to Reg: 0x04 Val: 0x00001008
In clock cycle: 177562
Register Write to Reg: 0x04 Val: 0x00000760
In clock cycle: 177563
Register Write to Reg: 0x04 Val: 0x00000758
In clock cycle: 177564
Register Write to Reg: 0x01 Val: 0x00000750
In clock cycle: 177565
Register Write to Reg: 0x00 Val: 0x00000000
In clock cycle: 178122
Register Write to Reg: 0x03 Val: 0x0FC11000
In clock cycle: 178123
Register Write to Reg: 0x03 Val: 0x00000000
In clock cycle: 178124
Register Write to Reg: 0x04 Val: 0x00001008
In clock cycle: 178125
Register Write to Reg: 0x04 Val: 0x00000768
In clock cycle: 178126
Register Write to Reg: 0x04 Val: 0x00000760
In clock cycle: 178127
Register Write to Reg: 0x01 Val: 0x00000758
In clock cycle: 178128
Register Write to Reg: 0x00 Val: 0x00000000
In clock cycle: 178683
Register Write to Reg: 0x03 Val: 0x0FC11000
In clock cycle: 178684
Register Write to Reg: 0x03 Val: 0x00000000
In clock cycle: 178685
Register Write to Reg: 0x04 Val: 0x00001008
In clock cycle: 178686
Register Write to Reg: 0x04 Val: 0x00000770
In clock cycle: 178687
Register Write to Reg: 0x04 Val: 0x00000768
In clock cycle: 178688
Register Write to Reg: 0x01 Val: 0x00000760
In clock cycle: 178689
Register Write to Reg: 0x00 Val: 0x00000000
In clock cycle: 179242
Register Write to Reg: 0x03 Val: 0x0FC11000
In clock cycle: 179243
Register Write to Reg: 0x03 Val: 0x00000000
In clock cycle: 179244
Register Write to Reg: 0x04 Val: 0x00001008
In clock cycle: 179245
Register Write to Reg: 0x04 Val: 0x00000778
In clock cycle: 179246
Register Write to Reg: 0x04 Val: 0x00000770
In clock cycle: 179247
Register Write to Reg: 0x01 Val: 0x00000768
In clock cycle: 179248
Register Write to Reg: 0x00 Val: 0x00000000
In clock cycle: 179799
Register Write to Reg: 0x03 Val: 0x0FC11000
In clock cycle: 179800
Register Write to Reg: 0x03 Val: 0x00000000
In clock cycle: 179801
Register Write to Reg: 0x04 Val: 0x00001008
In clock cycle: 179802
Register Write to Reg: 0x04 Val: 0x00000780
In clock cycle: 179803
Register Write to Reg: 0x04 Val: 0x00000778
In clock cycle: 179804
Register Write to Reg: 0x01 Val: 0x00000770
In clock cycle: 179805
Register Write to Reg: 0x00 Val: 0x00000000
In clock cycle: 180354
Register Write to Reg: 0x03 Val: 0x0FC11000
In clock cycle: 180355
Register Write to Reg: 0x03 Val: 0x00000000
In clock cycle: 180356
Register Write to Reg: 0x04 Val: 0x00001008
In clock cycle: 180357
Register Write to Reg: 0x04 Val: 0x00000788
In clock cycle: 180358
Register Write to Reg: 0x04 Val: 0x00000780
In clock cycle: 180359
Register Write to Reg: 0x01 Val: 0x00000778
In clock cycle: 180360
Register Write to Reg: 0x00 Val: 0x00000000
In clock cycle: 180907
Register Write to Reg: 0x03 Val: 0x0FC11000
In clock cycle: 180908
Register Write to Reg: 0x03 Val: 0x00000000
In clock cycle: 180909
Register Write to Reg: 0x04 Val: 0x00001008
In clock cycle: 180910
Register Write to Reg: 0x04 Val: 0x00000790
In clock cycle: 180911
Register Write to Reg: 0x04 Val: 0x00000788
In clock cycle: 180912
Register Write to Reg: 0x01 Val: 0x00000780
In clock cycle: 180913
Register Write to Reg: 0x00 Val: 0x00000000
In clock cycle: 181458
Register Write to Reg: 0x03 Val: 0x0FC11000
In clock cycle: 181459
Register Write to Reg: 0x03 Val: 0x00000000
In clock cycle: 181460
Register Write to Reg: 0x04 Val: 0x00001008
In clock cycle: 181461
Register Write to Reg: 0x04 Val: 0x00000798
In clock cycle: 181462
Register Write to Reg: 0x04 Val: 0x00000790
In clock cycle: 181463
Register Write to Reg: 0x01 Val: 0x00000788
In clock cycle: 181464
Register Write to Reg: 0x00 Val: 0x00000000
In clock cycle: 182007
Register Write to Reg: 0x03 Val: 0x0FC11000
In clock cycle: 182008
Register Write to Reg: 0x03 Val: 0x00000000
In clock cycle: 182009
Register Write to Reg: 0x04 Val: 0x00001008
In clock cycle: 182010
Register Write to Reg: 0x04 Val: 0x000007A0
In clock cycle: 182011
Register Write to Reg: 0x04 Val: 0x00000798
In clock cycle: 182012
Register Write to Reg: 0x01 Val: 0x00000790
In clock cycle: 182013
Register Write to Reg: 0x00 Val: 0x00000000
In clock cycle: 182554
Register Write to Reg: 0x03 Val: 0x0FC11000
In clock cycle: 182555
Register Write to Reg: 0x03 Val: 0x00000000
In clock cycle: 182556
Register Write to Reg: 0x04 Val: 0x00001008
In clock cycle: 182557
Register Write to Reg: 0x04 Val: 0x000007A8
In clock cycle: 182558
Register Write to Reg: 0x04 Val: 0x000007A0
In clock cycle: 182559
Register Write to Reg: 0x01 Val: 0x00000798
In clock cycle: 182560
Register Write to Reg: 0x00 Val: 0x00000000
In clock cycle: 183099
Register Write to Reg: 0x03 Val: 0x0FC11000
In clock cycle: 183100
Register Write to Reg: 0x03 Val: 0x00000000
In clock cycle: 183101
Register Write to Reg: 0x04 Val: 0x00001008
In clock cycle: 183102
Register Write to Reg: 0x04 Val: 0x000007B0
In clock cycle: 183103
Register Write to Reg: 0x04 Val: 0x000007A8
In clock cycle: 183104
Register Write to Reg: 0x01 Val: 0x000007A0
In clock cycle: 183105
Register Write to Reg: 0x00 Val: 0x00000000
In clock cycle: 183642
Register Write to Reg: 0x03 Val: 0x0FC11000
In clock cycle: 183643
Register Write to Reg: 0x03 Val: 0x00000000
In clock cycle: 183644
Register Write to Reg: 0x04 Val: 0x00001008
In clock cycle: 183645
Register Write to Reg: 0x04 Val: 0x000007B8
In clock cycle: 183646
Register Write to Reg: 0x04 Val: 0x000007B0
In clock cycle: 183647
Register Write to Reg: 0x01 Val: 0x000007A8
In clock cycle: 183648
Register Write to Reg: 0x00 Val: 0x00000000
In clock cycle: 184183
Register Write to Reg: 0x03 Val: 0x0FC11000
In clock cycle: 184184
Register Write to Reg: 0x03 Val: 0x00000000
In clock cycle: 184185
Register Write to Reg: 0x04 Val: 0x00001008
In clock cycle: 184186
Register Write to Reg: 0x04 Val: 0x000007C0
In clock cycle: 184187
Register Write to Reg: 0x04 Val: 0x000007B8
In clock cycle: 184188
Register Write to Reg: 0x01 Val: 0x000007B0
In clock cycle: 184189
Register Write to Reg: 0x00 Val: 0x00000000
In clock cycle: 184722
Register Write to Reg: 0x03 Val: 0x0FC11000
In clock cycle: 184723
Register Write to Reg: 0x03 Val: 0x00000000
In clock cycle: 184724
Register Write to Reg: 0x04 Val: 0x00001008
In clock cycle: 184725
Register Write to Reg: 0x04 Val: 0x000007C8
In clock cycle: 184726
Register Write to Reg: 0x04 Val: 0x000007C0
In clock cycle: 184727
Register Write to Reg: 0x01 Val: 0x000007B8
In clock cycle: 184728
Register Write to Reg: 0x00 Val: 0x00000000
In clock cycle: 185259
Register Write to Reg: 0x03 Val: 0x0FC11000
In clock cycle: 185260
Register Write to Reg: 0x03 Val: 0x00000000
In clock cycle: 185261
Register Write to Reg: 0x04 Val: 0x00001008
In clock cycle: 185262
Register Write to Reg: 0x04 Val: 0x000007D0
In clock cycle: 185263
Register Write to Reg: 0x04 Val: 0x000007C8
In clock cycle: 185264
Register Write to Reg: 0x01 Val: 0x000007C0
In clock cycle: 185265
Register Write to Reg: 0x00 Val: 0x00000000
In clock cycle: 185794
Register Write to Reg: 0x03 Val: 0x0FC11000
In clock cycle: 185795
Register Write to Reg: 0x03 Val: 0x00000000
In clock cycle: 185796
Register Write to Reg: 0x04 Val: 0x00001008
In clock cycle: 185797
Register Write to Reg: 0x04 Val: 0x000007D8
In clock cycle: 185798
Register Write to Reg: 0x04 Val: 0x000007D0
In clock cycle: 185799
Register Write to Reg: 0x01 Val: 0x000007C8
In clock cycle: 185800
Register Write to Reg: 0x00 Val: 0x00000000
In clock cycle: 186327
Register Write to Reg: 0x03 Val: 0x0FC11000
In clock cycle: 186328
Register Write to Reg: 0x03 Val: 0x00000000
In clock cycle: 186329
Register Write to Reg: 0x04 Val: 0x00001008
In clock cycle: 186330
Register Write to Reg: 0x04 Val: 0x000007E0
In clock cycle: 186331
Register Write to Reg: 0x04 Val: 0x000007D8
In clock cycle: 186332
Register Write to Reg: 0x01 Val: 0x000007D0
In clock cycle: 186333
Register Write to Reg: 0x00 Val: 0x00000000
In clock cycle: 186858
Register Write to Reg: 0x03 Val: 0x0FC11000
In clock cycle: 186859
Register Write to Reg: 0x03 Val: 0x00000000
In clock cycle: 186860
Register Write to Reg: 0x04 Val: 0x00001008
In clock cycle: 186861
Register Write to Reg: 0x04 Val: 0x000007E8
In clock cycle: 186862
Register Write to Reg: 0x04 Val: 0x000007E0
In clock cycle: 186863
Register Write to Reg: 0x01 Val: 0x000007D8
In clock cycle: 186864
Register Write to Reg: 0x00 Val: 0x00000000
In clock cycle: 187387
Register Write to Reg: 0x03 Val: 0x0FC11000
In clock cycle: 187388
Register Write to Reg: 0x03 Val: 0x00000000
In clock cycle: 187389
Register Write to Reg: 0x04 Val: 0x00001008
In clock cycle: 187390
Register Write to Reg: 0x04 Val: 0x000007F0
In clock cycle: 187391
Register Write to Reg: 0x04 Val: 0x000007E8
In clock cycle: 187392
Register Write to Reg: 0x01 Val: 0x000007E0
In clock cycle: 187393
Register Write to Reg: 0x00 Val: 0x00000000
In clock cycle: 187914
Register Write to Reg: 0x03 Val: 0x0FC11000
In clock cycle: 187915
Register Write to Reg: 0x03 Val: 0x00000000
In clock cycle: 187916
Register Write to Reg: 0x04 Val: 0x00001008
In clock cycle: 187917
Register Write to Reg: 0x04 Val: 0x000007F8
In clock cycle: 187918
Register Write to Reg: 0x04 Val: 0x000007F0
In clock cycle: 187919
Register Write to Reg: 0x01 Val: 0x000007E8
In clock cycle: 187920
Register Write to Reg: 0x00 Val: 0x00000000
In clock cycle: 188439
Register Write to Reg: 0x03 Val: 0x0FC11000
In clock cycle: 188440
Register Write to Reg: 0x03 Val: 0x00000000
In clock cycle: 188441
Register Write to Reg: 0x04 Val: 0x00001008
In clock cycle: 188442
Register Write to Reg: 0x04 Val: 0x00000800
In clock cycle: 188443
Register Write to Reg: 0x04 Val: 0x000007F8
In clock cycle: 188444
Register Write to Reg: 0x01 Val: 0x000007F0
In clock cycle: 188445
Register Write to Reg: 0x00 Val: 0x00000000
In clock cycle: 188962
Register Write to Reg: 0x03 Val: 0x0FC11000
In clock cycle: 188963
Register Write to Reg: 0x03 Val: 0x00000000
In clock cycle: 188964
Register Write to Reg: 0x04 Val: 0x00001008
In clock cycle: 188965
Register Write to Reg: 0x04 Val: 0x00000808
In clock cycle: 188966
Register Write to Reg: 0x04 Val: 0x00000800
In clock cycle: 188967
Register Write to Reg: 0x01 Val: 0x000007F8
In clock cycle: 188968
Register Write to Reg: 0x00 Val: 0x00000000
In clock cycle: 189483
Register Write to Reg: 0x03 Val: 0x0FC11000
In clock cycle: 189484
Register Write to Reg: 0x03 Val: 0x00000000
In clock cycle: 189485
Register Write to Reg: 0x04 Val: 0x00001008
In clock cycle: 189486
Register Write to Reg: 0x04 Val: 0x00000810
In clock cycle: 189487
Register Write to Reg: 0x04 Val: 0x00000808
In clock cycle: 189488
Register Write to Reg: 0x01 Val: 0x00000800
In clock cycle: 189489
Register Write to Reg: 0x00 Val: 0x00000000
In clock cycle: 190002
Register Write to Reg: 0x03 Val: 0x0FC11000
In clock cycle: 190003
Register Write to Reg: 0x03 Val: 0x00000000
In clock cycle: 190004
Register Write to Reg: 0x04 Val: 0x00001008
In clock cycle: 190005
Register Write to Reg: 0x04 Val: 0x00000818
In clock cycle: 190006
Register Write to Reg: 0x04 Val: 0x00000810
In clock cycle: 190007
Register Write to Reg: 0x01 Val: 0x00000808
In clock cycle: 190008
Register Write to Reg: 0x00 Val: 0x00000000
In clock cycle: 190519
Register Write to Reg: 0x03 Val: 0x0FC11000
In clock cycle: 190520
Register Write to Reg: 0x03 Val: 0x00000000
In clock cycle: 190521
Register Write to Reg: 0x04 Val: 0x00001008
In clock cycle: 190522
Register Write to Reg: 0x04 Val: 0x00000820
In clock cycle: 190523
Register Write to Reg: 0x04 Val: 0x00000818
In clock cycle: 190524
Register Write to Reg: 0x01 Val: 0x00000810
In clock cycle: 190525
Register Write to Reg: 0x00 Val: 0x00000000
In clock cycle: 191034
Register Write to Reg: 0x03 Val: 0x0FC11000
In clock cycle: 191035
Register Write to Reg: 0x03 Val: 0x00000000
In clock cycle: 191036
Register Write to Reg: 0x04 Val: 0x00001008
In clock cycle: 191037
Register Write to Reg: 0x04 Val: 0x00000828
In clock cycle: 191038
Register Write to Reg: 0x04 Val: 0x00000820
In clock cycle: 191039
Register Write to Reg: 0x01 Val: 0x00000818
In clock cycle: 191040
Register Write to Reg: 0x00 Val: 0x00000000
In clock cycle: 191547
Register Write to Reg: 0x03 Val: 0x0FC11000
In clock cycle: 191548
Register Write to Reg: 0x03 Val: 0x00000000
In clock cycle: 191549
Register Write to Reg: 0x04 Val: 0x00001008
In clock cycle: 191550
Register Write to Reg: 0x04 Val: 0x00000830
In clock cycle: 191551
Register Write to Reg: 0x04 Val: 0x00000828
In clock cycle: 191552
Register Write to Reg: 0x01 Val: 0x00000820
In clock cycle: 191553
Register Write to Reg: 0x00 Val: 0x00000000
In clock cycle: 192058
Register Write to Reg: 0x03 Val: 0x0FC11000
In clock cycle: 192059
Register Write to Reg: 0x03 Val: 0x00000000
In clock cycle: 192060
Register Write to Reg: 0x04 Val: 0x00001008
In clock cycle: 192061
Register Write to Reg: 0x04 Val: 0x00000838
In clock cycle: 192062
Register Write to Reg: 0x04 Val: 0x00000830
In clock cycle: 192063
Register Write to Reg: 0x01 Val: 0x00000828
In clock cycle: 192064
Register Write to Reg: 0x00 Val: 0x00000000
In clock cycle: 192567
Register Write to Reg: 0x03 Val: 0x0FC11000
In clock cycle: 192568
Register Write to Reg: 0x03 Val: 0x00000000
In clock cycle: 192569
Register Write to Reg: 0x04 Val: 0x00001008
In clock cycle: 192570
Register Write to Reg: 0x04 Val: 0x00000840
In clock cycle: 192571
Register Write to Reg: 0x04 Val: 0x00000838
In clock cycle: 192572
Register Write to Reg: 0x01 Val: 0x00000830
In clock cycle: 192573
Register Write to Reg: 0x00 Val: 0x00000000
In clock cycle: 193074
Register Write to Reg: 0x03 Val: 0x0FC11000
In clock cycle: 193075
Register Write to Reg: 0x03 Val: 0x00000000
In clock cycle: 193076
Register Write to Reg: 0x04 Val: 0x00001008
In clock cycle: 193077
Register Write to Reg: 0x04 Val: 0x00000848
In clock cycle: 193078
Register Write to Reg: 0x04 Val: 0x00000840
In clock cycle: 193079
Register Write to Reg: 0x01 Val: 0x00000838
In clock cycle: 193080
Register Write to Reg: 0x00 Val: 0x00000000
In clock cycle: 193579
Register Write to Reg: 0x03 Val: 0x0FC11000
In clock cycle: 193580
Register Write to Reg: 0x03 Val: 0x00000000
In clock cycle: 193581
Register Write to Reg: 0x04 Val: 0x00001008
In clock cycle: 193582
Register Write to Reg: 0x04 Val: 0x00000850
In clock cycle: 193583
Register Write to Reg: 0x04 Val: 0x00000848
In clock cycle: 193584
Register Write to Reg: 0x01 Val: 0x00000840
In clock cycle: 193585
Register Write to Reg: 0x00 Val: 0x00000000
In clock cycle: 194082
Register Write to Reg: 0x03 Val: 0x0FC11000
In clock cycle: 194083
Register Write to Reg: 0x03 Val: 0x00000000
In clock cycle: 194084
Register Write to Reg: 0x04 Val: 0x00001008
In clock cycle: 194085
Register Write to Reg: 0x04 Val: 0x00000858
In clock cycle: 194086
Register Write to Reg: 0x04 Val: 0x00000850
In clock cycle: 194087
Register Write to Reg: 0x01 Val: 0x00000848
In clock cycle: 194088
Register Write to Reg: 0x00 Val: 0x00000000
In clock cycle: 194583
Register Write to Reg: 0x03 Val: 0x0FC11000
In clock cycle: 194584
Register Write to Reg: 0x03 Val: 0x00000000
In clock cycle: 194585
Register Write to Reg: 0x04 Val: 0x00001008
In clock cycle: 194586
Register Write to Reg: 0x04 Val: 0x00000860
In clock cycle: 194587
Register Write to Reg: 0x04 Val: 0x00000858
In clock cycle: 194588
Register Write to Reg: 0x01 Val: 0x00000850
In clock cycle: 194589
Register Write to Reg: 0x00 Val: 0x00000000
In clock cycle: 195082
Register Write to Reg: 0x03 Val: 0x0FC11000
In clock cycle: 195083
Register Write to Reg: 0x03 Val: 0x00000000
In clock cycle: 195084
Register Write to Reg: 0x04 Val: 0x00001008
In clock cycle: 195085
Register Write to Reg: 0x04 Val: 0x00000868
In clock cycle: 195086
Register Write to Reg: 0x04 Val: 0x00000860
In clock cycle: 195087
Register Write to Reg: 0x01 Val: 0x00000858
In clock cycle: 195088
Register Write to Reg: 0x00 Val: 0x00000000
In clock cycle: 195579
Register Write to Reg: 0x03 Val: 0x0FC11000
In clock cycle: 195580
Register Write to Reg: 0x03 Val: 0x00000000
In clock cycle: 195581
Register Write to Reg: 0x04 Val: 0x00001008
In clock cycle: 195582
Register Write to Reg: 0x04 Val: 0x00000870
In clock cycle: 195583
Register Write to Reg: 0x04 Val: 0x00000868
In clock cycle: 195584
Register Write to Reg: 0x01 Val: 0x00000860
In clock cycle: 195585
Register Write to Reg: 0x00 Val: 0x00000000
In clock cycle: 196074
Register Write to Reg: 0x03 Val: 0x0FC11000
In clock cycle: 196075
Register Write to Reg: 0x03 Val: 0x00000000
In clock cycle: 196076
Register Write to Reg: 0x04 Val: 0x00001008
In clock cycle: 196077
Register Write to Reg: 0x04 Val: 0x00000878
In clock cycle: 196078
Register Write to Reg: 0x04 Val: 0x00000870
In clock cycle: 196079
Register Write to Reg: 0x01 Val: 0x00000868
In clock cycle: 196080
Register Write to Reg: 0x00 Val: 0x00000000
In clock cycle: 196567
Register Write to Reg: 0x03 Val: 0x0FC11000
In clock cycle: 196568
Register Write to Reg: 0x03 Val: 0x00000000
In clock cycle: 196569
Register Write to Reg: 0x04 Val: 0x00001008
In clock cycle: 196570
Register Write to Reg: 0x04 Val: 0x00000880
In clock cycle: 196571
Register Write to Reg: 0x04 Val: 0x00000878
In clock cycle: 196572
Register Write to Reg: 0x01 Val: 0x00000870
In clock cycle: 196573
Register Write to Reg: 0x00 Val: 0x00000000
In clock cycle: 197058
Register Write to Reg: 0x03 Val: 0x0FC11000
In clock cycle: 197059
Register Write to Reg: 0x03 Val: 0x00000000
In clock cycle: 197060
Register Write to Reg: 0x04 Val: 0x00001008
In clock cycle: 197061
Register Write to Reg: 0x04 Val: 0x00000888
In clock cycle: 197062
Register Write to Reg: 0x04 Val: 0x00000880
In clock cycle: 197063
Register Write to Reg: 0x01 Val: 0x00000878
In clock cycle: 197064
Register Write to Reg: 0x00 Val: 0x00000000
In clock cycle: 197547
Register Write to Reg: 0x03 Val: 0x0FC11000
In clock cycle: 197548
Register Write to Reg: 0x03 Val: 0x00000000
In clock cycle: 197549
Register Write to Reg: 0x04 Val: 0x00001008
In clock cycle: 197550
Register Write to Reg: 0x04 Val: 0x00000890
In clock cycle: 197551
Register Write to Reg: 0x04 Val: 0x00000888
In clock cycle: 197552
Register Write to Reg: 0x01 Val: 0x00000880
In clock cycle: 197553
Register Write to Reg: 0x00 Val: 0x00000000
In clock cycle: 198034
Register Write to Reg: 0x03 Val: 0x0FC11000
In clock cycle: 198035
Register Write to Reg: 0x03 Val: 0x00000000
In clock cycle: 198036
Register Write to Reg: 0x04 Val: 0x00001008
In clock cycle: 198037
Register Write to Reg: 0x04 Val: 0x00000898
In clock cycle: 198038
Register Write to Reg: 0x04 Val: 0x00000890
In clock cycle: 198039
Register Write to Reg: 0x01 Val: 0x00000888
In clock cycle: 198040
Register Write to Reg: 0x00 Val: 0x00000000
In clock cycle: 198519
Register Write to Reg: 0x03 Val: 0x0FC11000
In clock cycle: 198520
Register Write to Reg: 0x03 Val: 0x00000000
In clock cycle: 198521
Register Write to Reg: 0x04 Val: 0x00001008
In clock cycle: 198522
Register Write to Reg: 0x04 Val: 0x000008A0
In clock cycle: 198523
Register Write to Reg: 0x04 Val: 0x00000898
In clock cycle: 198524
Register Write to Reg: 0x01 Val: 0x00000890
In clock cycle: 198525
Register Write to Reg: 0x00 Val: 0x00000000
In clock cycle: 199002
Register Write to Reg: 0x03 Val: 0x0FC11000
In clock cycle: 199003
Register Write to Reg: 0x03 Val: 0x00000000
In clock cycle: 199004
Register Write to Reg: 0x04 Val: 0x00001008
In clock cycle: 199005
Register Write to Reg: 0x04 Val: 0x000008A8
In clock cycle: 199006
Register Write to Reg: 0x04 Val: 0x000008A0
In clock cycle: 199007
Register Write to Reg: 0x01 Val: 0x00000898
In clock cycle: 199008
Register Write to Reg: 0x00 Val: 0x00000000
In clock cycle: 199483
Register Write to Reg: 0x03 Val: 0x0FC11000
In clock cycle: 199484
Register Write to Reg: 0x03 Val: 0x00000000
In clock cycle: 199485
Register Write to Reg: 0x04 Val: 0x00001008
In clock cycle: 199486
Register Write to Reg: 0x04 Val: 0x000008B0
In clock cycle: 199487
Register Write to Reg: 0x04 Val: 0x000008A8
In clock cycle: 199488
Register Write to Reg: 0x01 Val: 0x000008A0
In clock cycle: 199489
Register Write to Reg: 0x00 Val: 0x00000000
In clock cycle: 199962
Register Write to Reg: 0x03 Val: 0x0FC11000
In clock cycle: 199963
Register Write to Reg: 0x03 Val: 0x00000000
In clock cycle: 199964
Register Write to Reg: 0x04 Val: 0x00001008
In clock cycle: 199965
Register Write to Reg: 0x04 Val: 0x000008B8
In clock cycle: 199966
Register Write to Reg: 0x04 Val: 0x000008B0
In clock cycle: 199967
Register Write to Reg: 0x01 Val: 0x000008A8
In clock cycle: 199968
Register Write to Reg: 0x00 Val: 0x00000000
In clock cycle: 200439
Register Write to Reg: 0x03 Val: 0x0FC11000
In clock cycle: 200440
Register Write to Reg: 0x03 Val: 0x00000000
In clock cycle: 200441
Register Write to Reg: 0x04 Val: 0x00001008
In clock cycle: 200442
Register Write to Reg: 0x04 Val: 0x000008C0
In clock cycle: 200443
Register Write to Reg: 0x04 Val: 0x000008B8
In clock cycle: 200444
Register Write to Reg: 0x01 Val: 0x000008B0
In clock cycle: 200445
Register Write to Reg: 0x00 Val: 0x00000000
In clock cycle: 200914
Register Write to Reg: 0x03 Val: 0x0FC11000
In clock cycle: 200915
Register Write to Reg: 0x03 Val: 0x00000000
In clock cycle: 200916
Register Write to Reg: 0x04 Val: 0x00001008
In clock cycle: 200917
Register Write to Reg: 0x04 Val: 0x000008C8
In clock cycle: 200918
Register Write to Reg: 0x04 Val: 0x000008C0
In clock cycle: 200919
Register Write to Reg: 0x01 Val: 0x000008B8
In clock cycle: 200920
Register Write to Reg: 0x00 Val: 0x00000000
In clock cycle: 201387
Register Write to Reg: 0x03 Val: 0x0FC11000
In clock cycle: 201388
Register Write to Reg: 0x03 Val: 0x00000000
In clock cycle: 201389
Register Write to Reg: 0x04 Val: 0x00001008
In clock cycle: 201390
Register Write to Reg: 0x04 Val: 0x000008D0
In clock cycle: 201391
Register Write to Reg: 0x04 Val: 0x000008C8
In clock cycle: 201392
Register Write to Reg: 0x01 Val: 0x000008C0
In clock cycle: 201393
Register Write to Reg: 0x00 Val: 0x00000000
In clock cycle: 201858
Register Write to Reg: 0x03 Val: 0x0FC11000
In clock cycle: 201859
Register Write to Reg: 0x03 Val: 0x00000000
In clock cycle: 201860
Register Write to Reg: 0x04 Val: 0x00001008
In clock cycle: 201861
Register Write to Reg: 0x04 Val: 0x000008D8
In clock cycle: 201862
Register Write to Reg: 0x04 Val: 0x000008D0
In clock cycle: 201863
Register Write to Reg: 0x01 Val: 0x000008C8
In clock cycle: 201864
Register Write to Reg: 0x00 Val: 0x00000000
In clock cycle: 202327
Register Write to Reg: 0x03 Val: 0x0FC11000
In clock cycle: 202328
Register Write to Reg: 0x03 Val: 0x00000000
In clock cycle: 202329
Register Write to Reg: 0x04 Val: 0x00001008
In clock cycle: 202330
Register Write to Reg: 0x04 Val: 0x000008E0
In clock cycle: 202331
Register Write to Reg: 0x04 Val: 0x000008D8
In clock cycle: 202332
Register Write to Reg: 0x01 Val: 0x000008D0
In clock cycle: 202333
Register Write to Reg: 0x00 Val: 0x00000000
In clock cycle: 202794
Register Write to Reg: 0x03 Val: 0x0FC11000
In clock cycle: 202795
Register Write to Reg: 0x03 Val: 0x00000000
In clock cycle: 202796
Register Write to Reg: 0x04 Val: 0x00001008
In clock cycle: 202797
Register Write to Reg: 0x04 Val: 0x000008E8
In clock cycle: 202798
Register Write to Reg: 0x04 Val: 0x000008E0
In clock cycle: 202799
Register Write to Reg: 0x01 Val: 0x000008D8
In clock cycle: 202800
Register Write to Reg: 0x00 Val: 0x00000000
In clock cycle: 203259
Register Write to Reg: 0x03 Val: 0x0FC11000
In clock cycle: 203260
Register Write to Reg: 0x03 Val: 0x00000000
In clock cycle: 203261
Register Write to Reg: 0x04 Val: 0x00001008
In clock cycle: 203262
Register Write to Reg: 0x04 Val: 0x000008F0
In clock cycle: 203263
Register Write to Reg: 0x04 Val: 0x000008E8
In clock cycle: 203264
Register Write to Reg: 0x01 Val: 0x000008E0
In clock cycle: 203265
Register Write to Reg: 0x00 Val: 0x00000000
In clock cycle: 203722
Register Write to Reg: 0x03 Val: 0x0FC11000
In clock cycle: 203723
Register Write to Reg: 0x03 Val: 0x00000000
In clock cycle: 203724
Register Write to Reg: 0x04 Val: 0x00001008
In clock cycle: 203725
Register Write to Reg: 0x04 Val: 0x000008F8
In clock cycle: 203726
Register Write to Reg: 0x04 Val: 0x000008F0
In clock cycle: 203727
Register Write to Reg: 0x01 Val: 0x000008E8
In clock cycle: 203728
Register Write to Reg: 0x00 Val: 0x00000000
In clock cycle: 204183
Register Write to Reg: 0x03 Val: 0x0FC11000
In clock cycle: 204184
Register Write to Reg: 0x03 Val: 0x00000000
In clock cycle: 204185
Register Write to Reg: 0x04 Val: 0x00001008
In clock cycle: 204186
Register Write to Reg: 0x04 Val: 0x00000900
In clock cycle: 204187
Register Write to Reg: 0x04 Val: 0x000008F8
In clock cycle: 204188
Register Write to Reg: 0x01 Val: 0x000008F0
In clock cycle: 204189
Register Write to Reg: 0x00 Val: 0x00000000
In clock cycle: 204642
Register Write to Reg: 0x03 Val: 0x0FC11000
In clock cycle: 204643
Register Write to Reg: 0x03 Val: 0x00000000
In clock cycle: 204644
Register Write to Reg: 0x04 Val: 0x00001008
In clock cycle: 204645
Register Write to Reg: 0x04 Val: 0x00000908
In clock cycle: 204646
Register Write to Reg: 0x04 Val: 0x00000900
In clock cycle: 204647
Register Write to Reg: 0x01 Val: 0x000008F8
In clock cycle: 204648
Register Write to Reg: 0x00 Val: 0x00000000
In clock cycle: 205099
Register Write to Reg: 0x03 Val: 0x0FC11000
In clock cycle: 205100
Register Write to Reg: 0x03 Val: 0x00000000
In clock cycle: 205101
Register Write to Reg: 0x04 Val: 0x00001008
In clock cycle: 205102
Register Write to Reg: 0x04 Val: 0x00000910
In clock cycle: 205103
Register Write to Reg: 0x04 Val: 0x00000908
In clock cycle: 205104
Register Write to Reg: 0x01 Val: 0x00000900
In clock cycle: 205105
Register Write to Reg: 0x00 Val: 0x00000000
In clock cycle: 205554
Register Write to Reg: 0x03 Val: 0x0FC11000
In clock cycle: 205555
Register Write to Reg: 0x03 Val: 0x00000000
In clock cycle: 205556
Register Write to Reg: 0x04 Val: 0x00001008
In clock cycle: 205557
Register Write to Reg: 0x04 Val: 0x00000918
In clock cycle: 205558
Register Write to Reg: 0x04 Val: 0x00000910
In clock cycle: 205559
Register Write to Reg: 0x01 Val: 0x00000908
In clock cycle: 205560
Register Write to Reg: 0x00 Val: 0x00000000
In clock cycle: 206007
Register Write to Reg: 0x03 Val: 0x0FC11000
In clock cycle: 206008
Register Write to Reg: 0x03 Val: 0x00000000
In clock cycle: 206009
Register Write to Reg: 0x04 Val: 0x00001008
In clock cycle: 206010
Register Write to Reg: 0x04 Val: 0x00000920
In clock cycle: 206011
Register Write to Reg: 0x04 Val: 0x00000918
In clock cycle: 206012
Register Write to Reg: 0x01 Val: 0x00000910
In clock cycle: 206013
Register Write to Reg: 0x00 Val: 0x00000000
In clock cycle: 206458
Register Write to Reg: 0x03 Val: 0x0FC11000
In clock cycle: 206459
Register Write to Reg: 0x03 Val: 0x00000000
In clock cycle: 206460
Register Write to Reg: 0x04 Val: 0x00001008
In clock cycle: 206461
Register Write to Reg: 0x04 Val: 0x00000928
In clock cycle: 206462
Register Write to Reg: 0x04 Val: 0x00000920
In clock cycle: 206463
Register Write to Reg: 0x01 Val: 0x00000918
In clock cycle: 206464
Register Write to Reg: 0x00 Val: 0x00000000
In clock cycle: 206907
Register Write to Reg: 0x03 Val: 0x0FC11000
In clock cycle: 206908
Register Write to Reg: 0x03 Val: 0x00000000
In clock cycle: 206909
Register Write to Reg: 0x04 Val: 0x00001008
In clock cycle: 206910
Register Write to Reg: 0x04 Val: 0x00000930
In clock cycle: 206911
Register Write to Reg: 0x04 Val: 0x00000928
In clock cycle: 206912
Register Write to Reg: 0x01 Val: 0x00000920
In clock cycle: 206913
Register Write to Reg: 0x00 Val: 0x00000000
In clock cycle: 207354
Register Write to Reg: 0x03 Val: 0x0FC11000
In clock cycle: 207355
Register Write to Reg: 0x03 Val: 0x00000000
In clock cycle: 207356
Register Write to Reg: 0x04 Val: 0x00001008
In clock cycle: 207357
Register Write to Reg: 0x04 Val: 0x00000938
In clock cycle: 207358
Register Write to Reg: 0x04 Val: 0x00000930
In clock cycle: 207359
Register Write to Reg: 0x01 Val: 0x00000928
In clock cycle: 207360
Register Write to Reg: 0x00 Val: 0x00000000
In clock cycle: 207799
Register Write to Reg: 0x03 Val: 0x0FC11000
In clock cycle: 207800
Register Write to Reg: 0x03 Val: 0x00000000
In clock cycle: 207801
Register Write to Reg: 0x04 Val: 0x00001008
In clock cycle: 207802
Register Write to Reg: 0x04 Val: 0x00000940
In clock cycle: 207803
Register Write to Reg: 0x04 Val: 0x00000938
In clock cycle: 207804
Register Write to Reg: 0x01 Val: 0x00000930
In clock cycle: 207805
Register Write to Reg: 0x00 Val: 0x00000000
In clock cycle: 208242
Register Write to Reg: 0x03 Val: 0x0FC11000
In clock cycle: 208243
Register Write to Reg: 0x03 Val: 0x00000000
In clock cycle: 208244
Register Write to Reg: 0x04 Val: 0x00001008
In clock cycle: 208245
Register Write to Reg: 0x04 Val: 0x00000948
In clock cycle: 208246
Register Write to Reg: 0x04 Val: 0x00000940
In clock cycle: 208247
Register Write to Reg: 0x01 Val: 0x00000938
In clock cycle: 208248
Register Write to Reg: 0x00 Val: 0x00000000
In clock cycle: 208683
Register Write to Reg: 0x03 Val: 0x0FC11000
In clock cycle: 208684
Register Write to Reg: 0x03 Val: 0x00000000
In clock cycle: 208685
Register Write to Reg: 0x04 Val: 0x00001008
In clock cycle: 208686
Register Write to Reg: 0x04 Val: 0x00000950
In clock cycle: 208687
Register Write to Reg: 0x04 Val: 0x00000948
In clock cycle: 208688
Register Write to Reg: 0x01 Val: 0x00000940
In clock cycle: 208689
Register Write to Reg: 0x00 Val: 0x00000000
In clock cycle: 209122
Register Write to Reg: 0x03 Val: 0x0FC11000
In clock cycle: 209123
Register Write to Reg: 0x03 Val: 0x00000000
In clock cycle: 209124
Register Write to Reg: 0x04 Val: 0x00001008
In clock cycle: 209125
Register Write to Reg: 0x04 Val: 0x00000958
In clock cycle: 209126
Register Write to Reg: 0x04 Val: 0x00000950
In clock cycle: 209127
Register Write to Reg: 0x01 Val: 0x00000948
In clock cycle: 209128
Register Write to Reg: 0x00 Val: 0x00000000
In clock cycle: 209559
Register Write to Reg: 0x03 Val: 0x0FC11000
In clock cycle: 209560
Register Write to Reg: 0x03 Val: 0x00000000
In clock cycle: 209561
Register Write to Reg: 0x04 Val: 0x00001008
In clock cycle: 209562
Register Write to Reg: 0x04 Val: 0x00000960
In clock cycle: 209563
Register Write to Reg: 0x04 Val: 0x00000958
In clock cycle: 209564
Register Write to Reg: 0x01 Val: 0x00000950
In clock cycle: 209565
Register Write to Reg: 0x00 Val: 0x00000000
In clock cycle: 209994
Register Write to Reg: 0x03 Val: 0x0FC11000
In clock cycle: 209995
Register Write to Reg: 0x03 Val: 0x00000000
In clock cycle: 209996
Register Write to Reg: 0x04 Val: 0x00001008
In clock cycle: 209997
Register Write to Reg: 0x04 Val: 0x00000968
In clock cycle: 209998
Register Write to Reg: 0x04 Val: 0x00000960
In clock cycle: 209999
Register Write to Reg: 0x01 Val: 0x00000958
In clock cycle: 210000
Register Write to Reg: 0x00 Val: 0x00000000
In clock cycle: 210427
Register Write to Reg: 0x03 Val: 0x0FC11000
In clock cycle: 210428
Register Write to Reg: 0x03 Val: 0x00000000
In clock cycle: 210429
Register Write to Reg: 0x04 Val: 0x00001008
In clock cycle: 210430
Register Write to Reg: 0x04 Val: 0x00000970
In clock cycle: 210431
Register Write to Reg: 0x04 Val: 0x00000968
In clock cycle: 210432
Register Write to Reg: 0x01 Val: 0x00000960
In clock cycle: 210433
Register Write to Reg: 0x00 Val: 0x00000000
In clock cycle: 210858
Register Write to Reg: 0x03 Val: 0x0FC11000
In clock cycle: 210859
Register Write to Reg: 0x03 Val: 0x00000000
In clock cycle: 210860
Register Write to Reg: 0x04 Val: 0x00001008
In clock cycle: 210861
Register Write to Reg: 0x04 Val: 0x00000978
In clock cycle: 210862
Register Write to Reg: 0x04 Val: 0x00000970
In clock cycle: 210863
Register Write to Reg: 0x01 Val: 0x00000968
In clock cycle: 210864
Register Write to Reg: 0x00 Val: 0x00000000
In clock cycle: 211287
Register Write to Reg: 0x03 Val: 0x0FC11000
In clock cycle: 211288
Register Write to Reg: 0x03 Val: 0x00000000
In clock cycle: 211289
Register Write to Reg: 0x04 Val: 0x00001008
In clock cycle: 211290
Register Write to Reg: 0x04 Val: 0x00000980
In clock cycle: 211291
Register Write to Reg: 0x04 Val: 0x00000978
In clock cycle: 211292
Register Write to Reg: 0x01 Val: 0x00000970
In clock cycle: 211293
Register Write to Reg: 0x00 Val: 0x00000000
In clock cycle: 211714
Register Write to Reg: 0x03 Val: 0x0FC11000
In clock cycle: 211715
Register Write to Reg: 0x03 Val: 0x00000000
In clock cycle: 211716
Register Write to Reg: 0x04 Val: 0x00001008
In clock cycle: 211717
Register Write to Reg: 0x04 Val: 0x00000988
In clock cycle: 211718
Register Write to Reg: 0x04 Val: 0x00000980
In clock cycle: 211719
Register Write to Reg: 0x01 Val: 0x00000978
In clock cycle: 211720
Register Write to Reg: 0x00 Val: 0x00000000
In clock cycle: 212139
Register Write to Reg: 0x03 Val: 0x0FC11000
In clock cycle: 212140
Register Write to Reg: 0x03 Val: 0x00000000
In clock cycle: 212141
Register Write to Reg: 0x04 Val: 0x00001008
In clock cycle: 212142
Register Write to Reg: 0x04 Val: 0x00000990
In clock cycle: 212143
Register Write to Reg: 0x04 Val: 0x00000988
In clock cycle: 212144
Register Write to Reg: 0x01 Val: 0x00000980
In clock cycle: 212145
Register Write to Reg: 0x00 Val: 0x00000000
In clock cycle: 212562
Register Write to Reg: 0x03 Val: 0x0FC11000
In clock cycle: 212563
Register Write to Reg: 0x03 Val: 0x00000000
In clock cycle: 212564
Register Write to Reg: 0x04 Val: 0x00001008
In clock cycle: 212565
Register Write to Reg: 0x04 Val: 0x00000998
In clock cycle: 212566
Register Write to Reg: 0x04 Val: 0x00000990
In clock cycle: 212567
Register Write to Reg: 0x01 Val: 0x00000988
In clock cycle: 212568
Register Write to Reg: 0x00 Val: 0x00000000
In clock cycle: 212983
Register Write to Reg: 0x03 Val: 0x0FC11000
In clock cycle: 212984
Register Write to Reg: 0x03 Val: 0x00000000
In clock cycle: 212985
Register Write to Reg: 0x04 Val: 0x00001008
In clock cycle: 212986
Register Write to Reg: 0x04 Val: 0x000009A0
In clock cycle: 212987
Register Write to Reg: 0x04 Val: 0x00000998
In clock cycle: 212988
Register Write to Reg: 0x01 Val: 0x00000990
In clock cycle: 212989
Register Write to Reg: 0x00 Val: 0x00000000
In clock cycle: 213402
Register Write to Reg: 0x03 Val: 0x0FC11000
In clock cycle: 213403
Register Write to Reg: 0x03 Val: 0x00000000
In clock cycle: 213404
Register Write to Reg: 0x04 Val: 0x00001008
In clock cycle: 213405
Register Write to Reg: 0x04 Val: 0x000009A8
In clock cycle: 213406
Register Write to Reg: 0x04 Val: 0x000009A0
In clock cycle: 213407
Register Write to Reg: 0x01 Val: 0x00000998
In clock cycle: 213408
Register Write to Reg: 0x00 Val: 0x00000000
In clock cycle: 213819
Register Write to Reg: 0x03 Val: 0x0FC11000
In clock cycle: 213820
Register Write to Reg: 0x03 Val: 0x00000000
In clock cycle: 213821
Register Write to Reg: 0x04 Val: 0x00001008
In clock cycle: 213822
Register Write to Reg: 0x04 Val: 0x000009B0
In clock cycle: 213823
Register Write to Reg: 0x04 Val: 0x000009A8
In clock cycle: 213824
Register Write to Reg: 0x01 Val: 0x000009A0
In clock cycle: 213825
Register Write to Reg: 0x00 Val: 0x00000000
In clock cycle: 214234
Register Write to Reg: 0x03 Val: 0x0FC11000
In clock cycle: 214235
Register Write to Reg: 0x03 Val: 0x00000000
In clock cycle: 214236
Register Write to Reg: 0x04 Val: 0x00001008
In clock cycle: 214237
Register Write to Reg: 0x04 Val: 0x000009B8
In clock cycle: 214238
Register Write to Reg: 0x04 Val: 0x000009B0
In clock cycle: 214239
Register Write to Reg: 0x01 Val: 0x000009A8
In clock cycle: 214240
Register Write to Reg: 0x00 Val: 0x00000000
In clock cycle: 214647
Register Write to Reg: 0x03 Val: 0x0FC11000
In clock cycle: 214648
Register Write to Reg: 0x03 Val: 0x00000000
In clock cycle: 214649
Register Write to Reg: 0x04 Val: 0x00001008
In clock cycle: 214650
Register Write to Reg: 0x04 Val: 0x000009C0
In clock cycle: 214651
Register Write to Reg: 0x04 Val: 0x000009B8
In clock cycle: 214652
Register Write to Reg: 0x01 Val: 0x000009B0
In clock cycle: 214653
Register Write to Reg: 0x00 Val: 0x00000000
In clock cycle: 215058
Register Write to Reg: 0x03 Val: 0x0FC11000
In clock cycle: 215059
Register Write to Reg: 0x03 Val: 0x00000000
In clock cycle: 215060
Register Write to Reg: 0x04 Val: 0x00001008
In clock cycle: 215061
Register Write to Reg: 0x04 Val: 0x000009C8
In clock cycle: 215062
Register Write to Reg: 0x04 Val: 0x000009C0
In clock cycle: 215063
Register Write to Reg: 0x01 Val: 0x000009B8
In clock cycle: 215064
Register Write to Reg: 0x00 Val: 0x00000000
In clock cycle: 215467
Register Write to Reg: 0x03 Val: 0x0FC11000
In clock cycle: 215468
Register Write to Reg: 0x03 Val: 0x00000000
In clock cycle: 215469
Register Write to Reg: 0x04 Val: 0x00001008
In clock cycle: 215470
Register Write to Reg: 0x04 Val: 0x000009D0
In clock cycle: 215471
Register Write to Reg: 0x04 Val: 0x000009C8
In clock cycle: 215472
Register Write to Reg: 0x01 Val: 0x000009C0
In clock cycle: 215473
Register Write to Reg: 0x00 Val: 0x00000000
In clock cycle: 215874
Register Write to Reg: 0x03 Val: 0x0FC11000
In clock cycle: 215875
Register Write to Reg: 0x03 Val: 0x00000000
In clock cycle: 215876
Register Write to Reg: 0x04 Val: 0x00001008
In clock cycle: 215877
Register Write to Reg: 0x04 Val: 0x000009D8
In clock cycle: 215878
Register Write to Reg: 0x04 Val: 0x000009D0
In clock cycle: 215879
Register Write to Reg: 0x01 Val: 0x000009C8
In clock cycle: 215880
Register Write to Reg: 0x00 Val: 0x00000000
In clock cycle: 216279
Register Write to Reg: 0x03 Val: 0x0FC11000
In clock cycle: 216280
Register Write to Reg: 0x03 Val: 0x00000000
In clock cycle: 216281
Register Write to Reg: 0x04 Val: 0x00001008
In clock cycle: 216282
Register Write to Reg: 0x04 Val: 0x000009E0
In clock cycle: 216283
Register Write to Reg: 0x04 Val: 0x000009D8
In clock cycle: 216284
Register Write to Reg: 0x01 Val: 0x000009D0
In clock cycle: 216285
Register Write to Reg: 0x00 Val: 0x00000000
In clock cycle: 216682
Register Write to Reg: 0x03 Val: 0x0FC11000
In clock cycle: 216683
Register Write to Reg: 0x03 Val: 0x00000000
In clock cycle: 216684
Register Write to Reg: 0x04 Val: 0x00001008
In clock cycle: 216685
Register Write to Reg: 0x04 Val: 0x000009E8
In clock cycle: 216686
Register Write to Reg: 0x04 Val: 0x000009E0
In clock cycle: 216687
Register Write to Reg: 0x01 Val: 0x000009D8
In clock cycle: 216688
Register Write to Reg: 0x00 Val: 0x00000000
In clock cycle: 217083
Register Write to Reg: 0x03 Val: 0x0FC11000
In clock cycle: 217084
Register Write to Reg: 0x03 Val: 0x00000000
In clock cycle: 217085
Register Write to Reg: 0x04 Val: 0x00001008
In clock cycle: 217086
Register Write to Reg: 0x04 Val: 0x000009F0
In clock cycle: 217087
Register Write to Reg: 0x04 Val: 0x000009E8
In clock cycle: 217088
Register Write to Reg: 0x01 Val: 0x000009E0
In clock cycle: 217089
Register Write to Reg: 0x00 Val: 0x00000000
In clock cycle: 217482
Register Write to Reg: 0x03 Val: 0x0FC11000
In clock cycle: 217483
Register Write to Reg: 0x03 Val: 0x00000000
In clock cycle: 217484
Register Write to Reg: 0x04 Val: 0x00001008
In clock cycle: 217485
Register Write to Reg: 0x04 Val: 0x000009F8
In clock cycle: 217486
Register Write to Reg: 0x04 Val: 0x000009F0
In clock cycle: 217487
Register Write to Reg: 0x01 Val: 0x000009E8
In clock cycle: 217488
Register Write to Reg: 0x00 Val: 0x00000000
In clock cycle: 217879
Register Write to Reg: 0x03 Val: 0x0FC11000
In clock cycle: 217880
Register Write to Reg: 0x03 Val: 0x00000000
In clock cycle: 217881
Register Write to Reg: 0x04 Val: 0x00001008
In clock cycle: 217882
Register Write to Reg: 0x04 Val: 0x00000A00
In clock cycle: 217883
Register Write to Reg: 0x04 Val: 0x000009F8
In clock cycle: 217884
Register Write to Reg: 0x01 Val: 0x000009F0
In clock cycle: 217885
Register Write to Reg: 0x00 Val: 0x00000000
In clock cycle: 218274
Register Write to Reg: 0x03 Val: 0x0FC11000
In clock cycle: 218275
Register Write to Reg: 0x03 Val: 0x00000000
In clock cycle: 218276
Register Write to Reg: 0x04 Val: 0x00001008
In clock cycle: 218277
Register Write to Reg: 0x04 Val: 0x00000A08
In clock cycle: 218278
Register Write to Reg: 0x04 Val: 0x00000A00
In clock cycle: 218279
Register Write to Reg: 0x01 Val: 0x000009F8
In clock cycle: 218280
Register Write to Reg: 0x00 Val: 0x00000000
In clock cycle: 218667
Register Write to Reg: 0x03 Val: 0x0FC11000
In clock cycle: 218668
Register Write to Reg: 0x03 Val: 0x00000000
In clock cycle: 218669
Register Write to Reg: 0x04 Val: 0x00001008
In clock cycle: 218670
Register Write to Reg: 0x04 Val: 0x00000A10
In clock cycle: 218671
Register Write to Reg: 0x04 Val: 0x00000A08
In clock cycle: 218672
Register Write to Reg: 0x01 Val: 0x00000A00
In clock cycle: 218673
Register Write to Reg: 0x00 Val: 0x00000000
In clock cycle: 219058
Register Write to Reg: 0x03 Val: 0x0FC11000
In clock cycle: 219059
Register Write to Reg: 0x03 Val: 0x00000000
In clock cycle: 219060
Register Write to Reg: 0x04 Val: 0x00001008
In clock cycle: 219061
Register Write to Reg: 0x04 Val: 0x00000A18
In clock cycle: 219062
Register Write to Reg: 0x04 Val: 0x00000A10
In clock cycle: 219063
Register Write to Reg: 0x01 Val: 0x00000A08
In clock cycle: 219064
Register Write to Reg: 0x00 Val: 0x00000000
In clock cycle: 219447
Register Write to Reg: 0x03 Val: 0x0FC11000
In clock cycle: 219448
Register Write to Reg: 0x03 Val: 0x00000000
In clock cycle: 219449
Register Write to Reg: 0x04 Val: 0x00001008
In clock cycle: 219450
Register Write to Reg: 0x04 Val: 0x00000A20
In clock cycle: 219451
Register Write to Reg: 0x04 Val: 0x00000A18
In clock cycle: 219452
Register Write to Reg: 0x01 Val: 0x00000A10
In clock cycle: 219453
Register Write to Reg: 0x00 Val: 0x00000000
In clock cycle: 219834
Register Write to Reg: 0x03 Val: 0x0FC11000
In clock cycle: 219835
Register Write to Reg: 0x03 Val: 0x00000000
In clock cycle: 219836
Register Write to Reg: 0x04 Val: 0x00001008
In clock cycle: 219837
Register Write to Reg: 0x04 Val: 0x00000A28
In clock cycle: 219838
Register Write to Reg: 0x04 Val: 0x00000A20
In clock cycle: 219839
Register Write to Reg: 0x01 Val: 0x00000A18
In clock cycle: 219840
Register Write to Reg: 0x00 Val: 0x00000000
In clock cycle: 220219
Register Write to Reg: 0x03 Val: 0x0FC11000
In clock cycle: 220220
Register Write to Reg: 0x03 Val: 0x00000000
In clock cycle: 220221
Register Write to Reg: 0x04 Val: 0x00001008
In clock cycle: 220222
Register Write to Reg: 0x04 Val: 0x00000A30
In clock cycle: 220223
Register Write to Reg: 0x04 Val: 0x00000A28
In clock cycle: 220224
Register Write to Reg: 0x01 Val: 0x00000A20
In clock cycle: 220225
Register Write to Reg: 0x00 Val: 0x00000000
In clock cycle: 220602
Register Write to Reg: 0x03 Val: 0x0FC11000
In clock cycle: 220603
Register Write to Reg: 0x03 Val: 0x00000000
In clock cycle: 220604
Register Write to Reg: 0x04 Val: 0x00001008
In clock cycle: 220605
Register Write to Reg: 0x04 Val: 0x00000A38
In clock cycle: 220606
Register Write to Reg: 0x04 Val: 0x00000A30
In clock cycle: 220607
Register Write to Reg: 0x01 Val: 0x00000A28
In clock cycle: 220608
Register Write to Reg: 0x00 Val: 0x00000000
In clock cycle: 220983
Register Write to Reg: 0x03 Val: 0x0FC11000
In clock cycle: 220984
Register Write to Reg: 0x03 Val: 0x00000000
In clock cycle: 220985
Register Write to Reg: 0x04 Val: 0x00001008
In clock cycle: 220986
Register Write to Reg: 0x04 Val: 0x00000A40
In clock cycle: 220987
Register Write to Reg: 0x04 Val: 0x00000A38
In clock cycle: 220988
Register Write to Reg: 0x01 Val: 0x00000A30
In clock cycle: 220989
Register Write to Reg: 0x00 Val: 0x00000000
In clock cycle: 221362
Register Write to Reg: 0x03 Val: 0x0FC11000
In clock cycle: 221363
Register Write to Reg: 0x03 Val: 0x00000000
In clock cycle: 221364
Register Write to Reg: 0x04 Val: 0x00001008
In clock cycle: 221365
Register Write to Reg: 0x04 Val: 0x00000A48
In clock cycle: 221366
Register Write to Reg: 0x04 Val: 0x00000A40
In clock cycle: 221367
Register Write to Reg: 0x01 Val: 0x00000A38
In clock cycle: 221368
Register Write to Reg: 0x00 Val: 0x00000000
In clock cycle: 221739
Register Write to Reg: 0x03 Val: 0x0FC11000
In clock cycle: 221740
Register Write to Reg: 0x03 Val: 0x00000000
In clock cycle: 221741
Register Write to Reg: 0x04 Val: 0x00001008
In clock cycle: 221742
Register Write to Reg: 0x04 Val: 0x00000A50
In clock cycle: 221743
Register Write to Reg: 0x04 Val: 0x00000A48
In clock cycle: 221744
Register Write to Reg: 0x01 Val: 0x00000A40
In clock cycle: 221745
Register Write to Reg: 0x00 Val: 0x00000000
In clock cycle: 222114
Register Write to Reg: 0x03 Val: 0x0FC11000
In clock cycle: 222115
Register Write to Reg: 0x03 Val: 0x00000000
In clock cycle: 222116
Register Write to Reg: 0x04 Val: 0x00001008
In clock cycle: 222117
Register Write to Reg: 0x04 Val: 0x00000A58
In clock cycle: 222118
Register Write to Reg: 0x04 Val: 0x00000A50
In clock cycle: 222119
Register Write to Reg: 0x01 Val: 0x00000A48
In clock cycle: 222120
Register Write to Reg: 0x00 Val: 0x00000000
In clock cycle: 222487
Register Write to Reg: 0x03 Val: 0x0FC11000
In clock cycle: 222488
Register Write to Reg: 0x03 Val: 0x00000000
In clock cycle: 222489
Register Write to Reg: 0x04 Val: 0x00001008
In clock cycle: 222490
Register Write to Reg: 0x04 Val: 0x00000A60
In clock cycle: 222491
Register Write to Reg: 0x04 Val: 0x00000A58
In clock cycle: 222492
Register Write to Reg: 0x01 Val: 0x00000A50
In clock cycle: 222493
Register Write to Reg: 0x00 Val: 0x00000000
In clock cycle: 222858
Register Write to Reg: 0x03 Val: 0x0FC11000
In clock cycle: 222859
Register Write to Reg: 0x03 Val: 0x00000000
In clock cycle: 222860
Register Write to Reg: 0x04 Val: 0x00001008
In clock cycle: 222861
Register Write to Reg: 0x04 Val: 0x00000A68
In clock cycle: 222862
Register Write to Reg: 0x04 Val: 0x00000A60
In clock cycle: 222863
Register Write to Reg: 0x01 Val: 0x00000A58
In clock cycle: 222864
Register Write to Reg: 0x00 Val: 0x00000000
In clock cycle: 223227
Register Write to Reg: 0x03 Val: 0x0FC11000
In clock cycle: 223228
Register Write to Reg: 0x03 Val: 0x00000000
In clock cycle: 223229
Register Write to Reg: 0x04 Val: 0x00001008
In clock cycle: 223230
Register Write to Reg: 0x04 Val: 0x00000A70
In clock cycle: 223231
Register Write to Reg: 0x04 Val: 0x00000A68
In clock cycle: 223232
Register Write to Reg: 0x01 Val: 0x00000A60
In clock cycle: 223233
Register Write to Reg: 0x00 Val: 0x00000000
In clock cycle: 223594
Register Write to Reg: 0x03 Val: 0x0FC11000
In clock cycle: 223595
Register Write to Reg: 0x03 Val: 0x00000000
In clock cycle: 223596
Register Write to Reg: 0x04 Val: 0x00001008
In clock cycle: 223597
Register Write to Reg: 0x04 Val: 0x00000A78
In clock cycle: 223598
Register Write to Reg: 0x04 Val: 0x00000A70
In clock cycle: 223599
Register Write to Reg: 0x01 Val: 0x00000A68
In clock cycle: 223600
Register Write to Reg: 0x00 Val: 0x00000000
In clock cycle: 223959
Register Write to Reg: 0x03 Val: 0x0FC11000
In clock cycle: 223960
Register Write to Reg: 0x03 Val: 0x00000000
In clock cycle: 223961
Register Write to Reg: 0x04 Val: 0x00001008
In clock cycle: 223962
Register Write to Reg: 0x04 Val: 0x00000A80
In clock cycle: 223963
Register Write to Reg: 0x04 Val: 0x00000A78
In clock cycle: 223964
Register Write to Reg: 0x01 Val: 0x00000A70
In clock cycle: 223965
Register Write to Reg: 0x00 Val: 0x00000000
In clock cycle: 224322
Register Write to Reg: 0x03 Val: 0x0FC11000
In clock cycle: 224323
Register Write to Reg: 0x03 Val: 0x00000000
In clock cycle: 224324
Register Write to Reg: 0x04 Val: 0x00001008
In clock cycle: 224325
Register Write to Reg: 0x04 Val: 0x00000A88
In clock cycle: 224326
Register Write to Reg: 0x04 Val: 0x00000A80
In clock cycle: 224327
Register Write to Reg: 0x01 Val: 0x00000A78
In clock cycle: 224328
Register Write to Reg: 0x00 Val: 0x00000000
In clock cycle: 224683
Register Write to Reg: 0x03 Val: 0x0FC11000
In clock cycle: 224684
Register Write to Reg: 0x03 Val: 0x00000000
In clock cycle: 224685
Register Write to Reg: 0x04 Val: 0x00001008
In clock cycle: 224686
Register Write to Reg: 0x04 Val: 0x00000A90
In clock cycle: 224687
Register Write to Reg: 0x04 Val: 0x00000A88
In clock cycle: 224688
Register Write to Reg: 0x01 Val: 0x00000A80
In clock cycle: 224689
Register Write to Reg: 0x00 Val: 0x00000000
In clock cycle: 225042
Register Write to Reg: 0x03 Val: 0x0FC11000
In clock cycle: 225043
Register Write to Reg: 0x03 Val: 0x00000000
In clock cycle: 225044
Register Write to Reg: 0x04 Val: 0x00001008
In clock cycle: 225045
Register Write to Reg: 0x04 Val: 0x00000A98
In clock cycle: 225046
Register Write to Reg: 0x04 Val: 0x00000A90
In clock cycle: 225047
Register Write to Reg: 0x01 Val: 0x00000A88
In clock cycle: 225048
Register Write to Reg: 0x00 Val: 0x00000000
In clock cycle: 225399
Register Write to Reg: 0x03 Val: 0x0FC11000
In clock cycle: 225400
Register Write to Reg: 0x03 Val: 0x00000000
In clock cycle: 225401
Register Write to Reg: 0x04 Val: 0x00001008
In clock cycle: 225402
Register Write to Reg: 0x04 Val: 0x00000AA0
In clock cycle: 225403
Register Write to Reg: 0x04 Val: 0x00000A98
In clock cycle: 225404
Register Write to Reg: 0x01 Val: 0x00000A90
In clock cycle: 225405
Register Write to Reg: 0x00 Val: 0x00000000
In clock cycle: 225754
Register Write to Reg: 0x03 Val: 0x0FC11000
In clock cycle: 225755
Register Write to Reg: 0x03 Val: 0x00000000
In clock cycle: 225756
Register Write to Reg: 0x04 Val: 0x00001008
In clock cycle: 225757
Register Write to Reg: 0x04 Val: 0x00000AA8
In clock cycle: 225758
Register Write to Reg: 0x04 Val: 0x00000AA0
In clock cycle: 225759
Register Write to Reg: 0x01 Val: 0x00000A98
In clock cycle: 225760
Register Write to Reg: 0x00 Val: 0x00000000
In clock cycle: 226107
Register Write to Reg: 0x03 Val: 0x0FC11000
In clock cycle: 226108
Register Write to Reg: 0x03 Val: 0x00000000
In clock cycle: 226109
Register Write to Reg: 0x04 Val: 0x00001008
In clock cycle: 226110
Register Write to Reg: 0x04 Val: 0x00000AB0
In clock cycle: 226111
Register Write to Reg: 0x04 Val: 0x00000AA8
In clock cycle: 226112
Register Write to Reg: 0x01 Val: 0x00000AA0
In clock cycle: 226113
Register Write to Reg: 0x00 Val: 0x00000000
In clock cycle: 226458
Register Write to Reg: 0x03 Val: 0x0FC11000
In clock cycle: 226459
Register Write to Reg: 0x03 Val: 0x00000000
In clock cycle: 226460
Register Write to Reg: 0x04 Val: 0x00001008
In clock cycle: 226461
Register Write to Reg: 0x04 Val: 0x00000AB8
In clock cycle: 226462
Register Write to Reg: 0x04 Val: 0x00000AB0
In clock cycle: 226463
Register Write to Reg: 0x01 Val: 0x00000AA8
In clock cycle: 226464
Register Write to Reg: 0x00 Val: 0x00000000
In clock cycle: 226807
Register Write to Reg: 0x03 Val: 0x0FC11000
In clock cycle: 226808
Register Write to Reg: 0x03 Val: 0x00000000
In clock cycle: 226809
Register Write to Reg: 0x04 Val: 0x00001008
In clock cycle: 226810
Register Write to Reg: 0x04 Val: 0x00000AC0
In clock cycle: 226811
Register Write to Reg: 0x04 Val: 0x00000AB8
In clock cycle: 226812
Register Write to Reg: 0x01 Val: 0x00000AB0
In clock cycle: 226813
Register Write to Reg: 0x00 Val: 0x00000000
In clock cycle: 227154
Register Write to Reg: 0x03 Val: 0x0FC11000
In clock cycle: 227155
Register Write to Reg: 0x03 Val: 0x00000000
In clock cycle: 227156
Register Write to Reg: 0x04 Val: 0x00001008
In clock cycle: 227157
Register Write to Reg: 0x04 Val: 0x00000AC8
In clock cycle: 227158
Register Write to Reg: 0x04 Val: 0x00000AC0
In clock cycle: 227159
Register Write to Reg: 0x01 Val: 0x00000AB8
In clock cycle: 227160
Register Write to Reg: 0x00 Val: 0x00000000
In clock cycle: 227499
Register Write to Reg: 0x03 Val: 0x0FC11000
In clock cycle: 227500
Register Write to Reg: 0x03 Val: 0x00000000
In clock cycle: 227501
Register Write to Reg: 0x04 Val: 0x00001008
In clock cycle: 227502
Register Write to Reg: 0x04 Val: 0x00000AD0
In clock cycle: 227503
Register Write to Reg: 0x04 Val: 0x00000AC8
In clock cycle: 227504
Register Write to Reg: 0x01 Val: 0x00000AC0
In clock cycle: 227505
Register Write to Reg: 0x00 Val: 0x00000000
In clock cycle: 227842
Register Write to Reg: 0x03 Val: 0x0FC11000
In clock cycle: 227843
Register Write to Reg: 0x03 Val: 0x00000000
In clock cycle: 227844
Register Write to Reg: 0x04 Val: 0x00001008
In clock cycle: 227845
Register Write to Reg: 0x04 Val: 0x00000AD8
In clock cycle: 227846
Register Write to Reg: 0x04 Val: 0x00000AD0
In clock cycle: 227847
Register Write to Reg: 0x01 Val: 0x00000AC8
In clock cycle: 227848
Register Write to Reg: 0x00 Val: 0x00000000
In clock cycle: 228183
Register Write to Reg: 0x03 Val: 0x0FC11000
In clock cycle: 228184
Register Write to Reg: 0x03 Val: 0x00000000
In clock cycle: 228185
Register Write to Reg: 0x04 Val: 0x00001008
In clock cycle: 228186
Register Write to Reg: 0x04 Val: 0x00000AE0
In clock cycle: 228187
Register Write to Reg: 0x04 Val: 0x00000AD8
In clock cycle: 228188
Register Write to Reg: 0x01 Val: 0x00000AD0
In clock cycle: 228189
Register Write to Reg: 0x00 Val: 0x00000000
In clock cycle: 228522
Register Write to Reg: 0x03 Val: 0x0FC11000
In clock cycle: 228523
Register Write to Reg: 0x03 Val: 0x00000000
In clock cycle: 228524
Register Write to Reg: 0x04 Val: 0x00001008
In clock cycle: 228525
Register Write to Reg: 0x04 Val: 0x00000AE8
In clock cycle: 228526
Register Write to Reg: 0x04 Val: 0x00000AE0
In clock cycle: 228527
Register Write to Reg: 0x01 Val: 0x00000AD8
In clock cycle: 228528
Register Write to Reg: 0x00 Val: 0x00000000
In clock cycle: 228859
Register Write to Reg: 0x03 Val: 0x0FC11000
In clock cycle: 228860
Register Write to Reg: 0x03 Val: 0x00000000
In clock cycle: 228861
Register Write to Reg: 0x04 Val: 0x00001008
In clock cycle: 228862
Register Write to Reg: 0x04 Val: 0x00000AF0
In clock cycle: 228863
Register Write to Reg: 0x04 Val: 0x00000AE8
In clock cycle: 228864
Register Write to Reg: 0x01 Val: 0x00000AE0
In clock cycle: 228865
Register Write to Reg: 0x00 Val: 0x00000000
In clock cycle: 229194
Register Write to Reg: 0x03 Val: 0x0FC11000
In clock cycle: 229195
Register Write to Reg: 0x03 Val: 0x00000000
In clock cycle: 229196
Register Write to Reg: 0x04 Val: 0x00001008
In clock cycle: 229197
Register Write to Reg: 0x04 Val: 0x00000AF8
In clock cycle: 229198
Register Write to Reg: 0x04 Val: 0x00000AF0
In clock cycle: 229199
Register Write to Reg: 0x01 Val: 0x00000AE8
In clock cycle: 229200
Register Write to Reg: 0x00 Val: 0x00000000
In clock cycle: 229527
Register Write to Reg: 0x03 Val: 0x0FC11000
In clock cycle: 229528
Register Write to Reg: 0x03 Val: 0x00000000
In clock cycle: 229529
Register Write to Reg: 0x04 Val: 0x00001008
In clock cycle: 229530
Register Write to Reg: 0x04 Val: 0x00000B00
In clock cycle: 229531
Register Write to Reg: 0x04 Val: 0x00000AF8
In clock cycle: 229532
Register Write to Reg: 0x01 Val: 0x00000AF0
In clock cycle: 229533
Register Write to Reg: 0x00 Val: 0x00000000
In clock cycle: 229858
Register Write to Reg: 0x03 Val: 0x0FC11000
In clock cycle: 229859
Register Write to Reg: 0x03 Val: 0x00000000
In clock cycle: 229860
Register Write to Reg: 0x04 Val: 0x00001008
In clock cycle: 229861
Register Write to Reg: 0x04 Val: 0x00000B08
In clock cycle: 229862
Register Write to Reg: 0x04 Val: 0x00000B00
In clock cycle: 229863
Register Write to Reg: 0x01 Val: 0x00000AF8
In clock cycle: 229864
Register Write to Reg: 0x00 Val: 0x00000000
In clock cycle: 230187
Register Write to Reg: 0x03 Val: 0x0FC11000
In clock cycle: 230188
Register Write to Reg: 0x03 Val: 0x00000000
In clock cycle: 230189
Register Write to Reg: 0x04 Val: 0x00001008
In clock cycle: 230190
Register Write to Reg: 0x04 Val: 0x00000B10
In clock cycle: 230191
Register Write to Reg: 0x04 Val: 0x00000B08
In clock cycle: 230192
Register Write to Reg: 0x01 Val: 0x00000B00
In clock cycle: 230193
Register Write to Reg: 0x00 Val: 0x00000000
In clock cycle: 230514
Register Write to Reg: 0x03 Val: 0x0FC11000
In clock cycle: 230515
Register Write to Reg: 0x03 Val: 0x00000000
In clock cycle: 230516
Register Write to Reg: 0x04 Val: 0x00001008
In clock cycle: 230517
Register Write to Reg: 0x04 Val: 0x00000B18
In clock cycle: 230518
Register Write to Reg: 0x04 Val: 0x00000B10
In clock cycle: 230519
Register Write to Reg: 0x01 Val: 0x00000B08
In clock cycle: 230520
Register Write to Reg: 0x00 Val: 0x00000000
In clock cycle: 230839
Register Write to Reg: 0x03 Val: 0x0FC11000
In clock cycle: 230840
Register Write to Reg: 0x03 Val: 0x00000000
In clock cycle: 230841
Register Write to Reg: 0x04 Val: 0x00001008
In clock cycle: 230842
Register Write to Reg: 0x04 Val: 0x00000B20
In clock cycle: 230843
Register Write to Reg: 0x04 Val: 0x00000B18
In clock cycle: 230844
Register Write to Reg: 0x01 Val: 0x00000B10
In clock cycle: 230845
Register Write to Reg: 0x00 Val: 0x00000000
In clock cycle: 231162
Register Write to Reg: 0x03 Val: 0x0FC11000
In clock cycle: 231163
Register Write to Reg: 0x03 Val: 0x00000000
In clock cycle: 231164
Register Write to Reg: 0x04 Val: 0x00001008
In clock cycle: 231165
Register Write to Reg: 0x04 Val: 0x00000B28
In clock cycle: 231166
Register Write to Reg: 0x04 Val: 0x00000B20
In clock cycle: 231167
Register Write to Reg: 0x01 Val: 0x00000B18
In clock cycle: 231168
Register Write to Reg: 0x00 Val: 0x00000000
In clock cycle: 231483
Register Write to Reg: 0x03 Val: 0x0FC11000
In clock cycle: 231484
Register Write to Reg: 0x03 Val: 0x00000000
In clock cycle: 231485
Register Write to Reg: 0x04 Val: 0x00001008
In clock cycle: 231486
Register Write to Reg: 0x04 Val: 0x00000B30
In clock cycle: 231487
Register Write to Reg: 0x04 Val: 0x00000B28
In clock cycle: 231488
Register Write to Reg: 0x01 Val: 0x00000B20
In clock cycle: 231489
Register Write to Reg: 0x00 Val: 0x00000000
In clock cycle: 231802
Register Write to Reg: 0x03 Val: 0x0FC11000
In clock cycle: 231803
Register Write to Reg: 0x03 Val: 0x00000000
In clock cycle: 231804
Register Write to Reg: 0x04 Val: 0x00001008
In clock cycle: 231805
Register Write to Reg: 0x04 Val: 0x00000B38
In clock cycle: 231806
Register Write to Reg: 0x04 Val: 0x00000B30
In clock cycle: 231807
Register Write to Reg: 0x01 Val: 0x00000B28
In clock cycle: 231808
Register Write to Reg: 0x00 Val: 0x00000000
In clock cycle: 232119
Register Write to Reg: 0x03 Val: 0x0FC11000
In clock cycle: 232120
Register Write to Reg: 0x03 Val: 0x00000000
In clock cycle: 232121
Register Write to Reg: 0x04 Val: 0x00001008
In clock cycle: 232122
Register Write to Reg: 0x04 Val: 0x00000B40
In clock cycle: 232123
Register Write to Reg: 0x04 Val: 0x00000B38
In clock cycle: 232124
Register Write to Reg: 0x01 Val: 0x00000B30
In clock cycle: 232125
Register Write to Reg: 0x00 Val: 0x00000000
In clock cycle: 232434
Register Write to Reg: 0x03 Val: 0x0FC11000
In clock cycle: 232435
Register Write to Reg: 0x03 Val: 0x00000000
In clock cycle: 232436
Register Write to Reg: 0x04 Val: 0x00001008
In clock cycle: 232437
Register Write to Reg: 0x04 Val: 0x00000B48
In clock cycle: 232438
Register Write to Reg: 0x04 Val: 0x00000B40
In clock cycle: 232439
Register Write to Reg: 0x01 Val: 0x00000B38
In clock cycle: 232440
Register Write to Reg: 0x00 Val: 0x00000000
In clock cycle: 232747
Register Write to Reg: 0x03 Val: 0x0FC11000
In clock cycle: 232748
Register Write to Reg: 0x03 Val: 0x00000000
In clock cycle: 232749
Register Write to Reg: 0x04 Val: 0x00001008
In clock cycle: 232750
Register Write to Reg: 0x04 Val: 0x00000B50
In clock cycle: 232751
Register Write to Reg: 0x04 Val: 0x00000B48
In clock cycle: 232752
Register Write to Reg: 0x01 Val: 0x00000B40
In clock cycle: 232753
Register Write to Reg: 0x00 Val: 0x00000000
In clock cycle: 233058
Register Write to Reg: 0x03 Val: 0x0FC11000
In clock cycle: 233059
Register Write to Reg: 0x03 Val: 0x00000000
In clock cycle: 233060
Register Write to Reg: 0x04 Val: 0x00001008
In clock cycle: 233061
Register Write to Reg: 0x04 Val: 0x00000B58
In clock cycle: 233062
Register Write to Reg: 0x04 Val: 0x00000B50
In clock cycle: 233063
Register Write to Reg: 0x01 Val: 0x00000B48
In clock cycle: 233064
Register Write to Reg: 0x00 Val: 0x00000000
In clock cycle: 233367
Register Write to Reg: 0x03 Val: 0x0FC11000
In clock cycle: 233368
Register Write to Reg: 0x03 Val: 0x00000000
In clock cycle: 233369
Register Write to Reg: 0x04 Val: 0x00001008
In clock cycle: 233370
Register Write to Reg: 0x04 Val: 0x00000B60
In clock cycle: 233371
Register Write to Reg: 0x04 Val: 0x00000B58
In clock cycle: 233372
Register Write to Reg: 0x01 Val: 0x00000B50
In clock cycle: 233373
Register Write to Reg: 0x00 Val: 0x00000000
In clock cycle: 233674
Register Write to Reg: 0x03 Val: 0x0FC11000
In clock cycle: 233675
Register Write to Reg: 0x03 Val: 0x00000000
In clock cycle: 233676
Register Write to Reg: 0x04 Val: 0x00001008
In clock cycle: 233677
Register Write to Reg: 0x04 Val: 0x00000B68
In clock cycle: 233678
Register Write to Reg: 0x04 Val: 0x00000B60
In clock cycle: 233679
Register Write to Reg: 0x01 Val: 0x00000B58
In clock cycle: 233680
Register Write to Reg: 0x00 Val: 0x00000000
In clock cycle: 233979
Register Write to Reg: 0x03 Val: 0x0FC11000
In clock cycle: 233980
Register Write to Reg: 0x03 Val: 0x00000000
In clock cycle: 233981
Register Write to Reg: 0x04 Val: 0x00001008
In clock cycle: 233982
Register Write to Reg: 0x04 Val: 0x00000B70
In clock cycle: 233983
Register Write to Reg: 0x04 Val: 0x00000B68
In clock cycle: 233984
Register Write to Reg: 0x01 Val: 0x00000B60
In clock cycle: 233985
Register Write to Reg: 0x00 Val: 0x00000000
In clock cycle: 234282
Register Write to Reg: 0x03 Val: 0x0FC11000
In clock cycle: 234283
Register Write to Reg: 0x03 Val: 0x00000000
In clock cycle: 234284
Register Write to Reg: 0x04 Val: 0x00001008
In clock cycle: 234285
Register Write to Reg: 0x04 Val: 0x00000B78
In clock cycle: 234286
Register Write to Reg: 0x04 Val: 0x00000B70
In clock cycle: 234287
Register Write to Reg: 0x01 Val: 0x00000B68
In clock cycle: 234288
Register Write to Reg: 0x00 Val: 0x00000000
In clock cycle: 234583
Register Write to Reg: 0x03 Val: 0x0FC11000
In clock cycle: 234584
Register Write to Reg: 0x03 Val: 0x00000000
In clock cycle: 234585
Register Write to Reg: 0x04 Val: 0x00001008
In clock cycle: 234586
Register Write to Reg: 0x04 Val: 0x00000B80
In clock cycle: 234587
Register Write to Reg: 0x04 Val: 0x00000B78
In clock cycle: 234588
Register Write to Reg: 0x01 Val: 0x00000B70
In clock cycle: 234589
Register Write to Reg: 0x00 Val: 0x00000000
In clock cycle: 234882
Register Write to Reg: 0x03 Val: 0x0FC11000
In clock cycle: 234883
Register Write to Reg: 0x03 Val: 0x00000000
In clock cycle: 234884
Register Write to Reg: 0x04 Val: 0x00001008
In clock cycle: 234885
Register Write to Reg: 0x04 Val: 0x00000B88
In clock cycle: 234886
Register Write to Reg: 0x04 Val: 0x00000B80
In clock cycle: 234887
Register Write to Reg: 0x01 Val: 0x00000B78
In clock cycle: 234888
Register Write to Reg: 0x00 Val: 0x00000000
In clock cycle: 235179
Register Write to Reg: 0x03 Val: 0x0FC11000
In clock cycle: 235180
Register Write to Reg: 0x03 Val: 0x00000000
In clock cycle: 235181
Register Write to Reg: 0x04 Val: 0x00001008
In clock cycle: 235182
Register Write to Reg: 0x04 Val: 0x00000B90
In clock cycle: 235183
Register Write to Reg: 0x04 Val: 0x00000B88
In clock cycle: 235184
Register Write to Reg: 0x01 Val: 0x00000B80
In clock cycle: 235185
Register Write to Reg: 0x00 Val: 0x00000000
In clock cycle: 235474
Register Write to Reg: 0x03 Val: 0x0FC11000
In clock cycle: 235475
Register Write to Reg: 0x03 Val: 0x00000000
In clock cycle: 235476
Register Write to Reg: 0x04 Val: 0x00001008
In clock cycle: 235477
Register Write to Reg: 0x04 Val: 0x00000B98
In clock cycle: 235478
Register Write to Reg: 0x04 Val: 0x00000B90
In clock cycle: 235479
Register Write to Reg: 0x01 Val: 0x00000B88
In clock cycle: 235480
Register Write to Reg: 0x00 Val: 0x00000000
In clock cycle: 235767
Register Write to Reg: 0x03 Val: 0x0FC11000
In clock cycle: 235768
Register Write to Reg: 0x03 Val: 0x00000000
In clock cycle: 235769
Register Write to Reg: 0x04 Val: 0x00001008
In clock cycle: 235770
Register Write to Reg: 0x04 Val: 0x00000BA0
In clock cycle: 235771
Register Write to Reg: 0x04 Val: 0x00000B98
In clock cycle: 235772
Register Write to Reg: 0x01 Val: 0x00000B90
In clock cycle: 235773
Register Write to Reg: 0x00 Val: 0x00000000
In clock cycle: 236058
Register Write to Reg: 0x03 Val: 0x0FC11000
In clock cycle: 236059
Register Write to Reg: 0x03 Val: 0x00000000
In clock cycle: 236060
Register Write to Reg: 0x04 Val: 0x00001008
In clock cycle: 236061
Register Write to Reg: 0x04 Val: 0x00000BA8
In clock cycle: 236062
Register Write to Reg: 0x04 Val: 0x00000BA0
In clock cycle: 236063
Register Write to Reg: 0x01 Val: 0x00000B98
In clock cycle: 236064
Register Write to Reg: 0x00 Val: 0x00000000
In clock cycle: 236347
Register Write to Reg: 0x03 Val: 0x0FC11000
In clock cycle: 236348
Register Write to Reg: 0x03 Val: 0x00000000
In clock cycle: 236349
Register Write to Reg: 0x04 Val: 0x00001008
In clock cycle: 236350
Register Write to Reg: 0x04 Val: 0x00000BB0
In clock cycle: 236351
Register Write to Reg: 0x04 Val: 0x00000BA8
In clock cycle: 236352
Register Write to Reg: 0x01 Val: 0x00000BA0
In clock cycle: 236353
Register Write to Reg: 0x00 Val: 0x00000000
In clock cycle: 236634
Register Write to Reg: 0x03 Val: 0x0FC11000
In clock cycle: 236635
Register Write to Reg: 0x03 Val: 0x00000000
In clock cycle: 236636
Register Write to Reg: 0x04 Val: 0x00001008
In clock cycle: 236637
Register Write to Reg: 0x04 Val: 0x00000BB8
In clock cycle: 236638
Register Write to Reg: 0x04 Val: 0x00000BB0
In clock cycle: 236639
Register Write to Reg: 0x01 Val: 0x00000BA8
In clock cycle: 236640
Register Write to Reg: 0x00 Val: 0x00000000
In clock cycle: 236919
Register Write to Reg: 0x03 Val: 0x0FC11000
In clock cycle: 236920
Register Write to Reg: 0x03 Val: 0x00000000
In clock cycle: 236921
Register Write to Reg: 0x04 Val: 0x00001008
In clock cycle: 236922
Register Write to Reg: 0x04 Val: 0x00000BC0
In clock cycle: 236923
Register Write to Reg: 0x04 Val: 0x00000BB8
In clock cycle: 236924
Register Write to Reg: 0x01 Val: 0x00000BB0
In clock cycle: 236925
Register Write to Reg: 0x00 Val: 0x00000000
In clock cycle: 237202
Register Write to Reg: 0x03 Val: 0x0FC11000
In clock cycle: 237203
Register Write to Reg: 0x03 Val: 0x00000000
In clock cycle: 237204
Register Write to Reg: 0x04 Val: 0x00001008
In clock cycle: 237205
Register Write to Reg: 0x04 Val: 0x00000BC8
In clock cycle: 237206
Register Write to Reg: 0x04 Val: 0x00000BC0
In clock cycle: 237207
Register Write to Reg: 0x01 Val: 0x00000BB8
In clock cycle: 237208
Register Write to Reg: 0x00 Val: 0x00000000
In clock cycle: 237483
Register Write to Reg: 0x03 Val: 0x0FC11000
In clock cycle: 237484
Register Write to Reg: 0x03 Val: 0x00000000
In clock cycle: 237485
Register Write to Reg: 0x04 Val: 0x00001008
In clock cycle: 237486
Register Write to Reg: 0x04 Val: 0x00000BD0
In clock cycle: 237487
Register Write to Reg: 0x04 Val: 0x00000BC8
In clock cycle: 237488
Register Write to Reg: 0x01 Val: 0x00000BC0
In clock cycle: 237489
Register Write to Reg: 0x00 Val: 0x00000000
In clock cycle: 237762
Register Write to Reg: 0x03 Val: 0x0FC11000
In clock cycle: 237763
Register Write to Reg: 0x03 Val: 0x00000000
In clock cycle: 237764
Register Write to Reg: 0x04 Val: 0x00001008
In clock cycle: 237765
Register Write to Reg: 0x04 Val: 0x00000BD8
In clock cycle: 237766
Register Write to Reg: 0x04 Val: 0x00000BD0
In clock cycle: 237767
Register Write to Reg: 0x01 Val: 0x00000BC8
In clock cycle: 237768
Register Write to Reg: 0x00 Val: 0x00000000
In clock cycle: 238039
Register Write to Reg: 0x03 Val: 0x0FC11000
In clock cycle: 238040
Register Write to Reg: 0x03 Val: 0x00000000
In clock cycle: 238041
Register Write to Reg: 0x04 Val: 0x00001008
In clock cycle: 238042
Register Write to Reg: 0x04 Val: 0x00000BE0
In clock cycle: 238043
Register Write to Reg: 0x04 Val: 0x00000BD8
In clock cycle: 238044
Register Write to Reg: 0x01 Val: 0x00000BD0
In clock cycle: 238045
Register Write to Reg: 0x00 Val: 0x00000000
In clock cycle: 238314
Register Write to Reg: 0x03 Val: 0x0FC11000
In clock cycle: 238315
Register Write to Reg: 0x03 Val: 0x00000000
In clock cycle: 238316
Register Write to Reg: 0x04 Val: 0x00001008
In clock cycle: 238317
Register Write to Reg: 0x04 Val: 0x00000BE8
In clock cycle: 238318
Register Write to Reg: 0x04 Val: 0x00000BE0
In clock cycle: 238319
Register Write to Reg: 0x01 Val: 0x00000BD8
In clock cycle: 238320
Register Write to Reg: 0x00 Val: 0x00000000
In clock cycle: 238587
Register Write to Reg: 0x03 Val: 0x0FC11000
In clock cycle: 238588
Register Write to Reg: 0x03 Val: 0x00000000
In clock cycle: 238589
Register Write to Reg: 0x04 Val: 0x00001008
In clock cycle: 238590
Register Write to Reg: 0x04 Val: 0x00000BF0
In clock cycle: 238591
Register Write to Reg: 0x04 Val: 0x00000BE8
In clock cycle: 238592
Register Write to Reg: 0x01 Val: 0x00000BE0
In clock cycle: 238593
Register Write to Reg: 0x00 Val: 0x00000000
In clock cycle: 238858
Register Write to Reg: 0x03 Val: 0x0FC11000
In clock cycle: 238859
Register Write to Reg: 0x03 Val: 0x00000000
In clock cycle: 238860
Register Write to Reg: 0x04 Val: 0x00001008
In clock cycle: 238861
Register Write to Reg: 0x04 Val: 0x00000BF8
In clock cycle: 238862
Register Write to Reg: 0x04 Val: 0x00000BF0
In clock cycle: 238863
Register Write to Reg: 0x01 Val: 0x00000BE8
In clock cycle: 238864
Register Write to Reg: 0x00 Val: 0x00000000
In clock cycle: 239127
Register Write to Reg: 0x03 Val: 0x0FC11000
In clock cycle: 239128
Register Write to Reg: 0x03 Val: 0x00000000
In clock cycle: 239129
Register Write to Reg: 0x04 Val: 0x00001008
In clock cycle: 239130
Register Write to Reg: 0x04 Val: 0x00000C00
In clock cycle: 239131
Register Write to Reg: 0x04 Val: 0x00000BF8
In clock cycle: 239132
Register Write to Reg: 0x01 Val: 0x00000BF0
In clock cycle: 239133
Register Write to Reg: 0x00 Val: 0x00000000
In clock cycle: 239394
Register Write to Reg: 0x03 Val: 0x0FC11000
In clock cycle: 239395
Register Write to Reg: 0x03 Val: 0x00000000
In clock cycle: 239396
Register Write to Reg: 0x04 Val: 0x00001008
In clock cycle: 239397
Register Write to Reg: 0x04 Val: 0x00000C08
In clock cycle: 239398
Register Write to Reg: 0x04 Val: 0x00000C00
In clock cycle: 239399
Register Write to Reg: 0x01 Val: 0x00000BF8
In clock cycle: 239400
Register Write to Reg: 0x00 Val: 0x00000000
In clock cycle: 239659
Register Write to Reg: 0x03 Val: 0x0FC11000
In clock cycle: 239660
Register Write to Reg: 0x03 Val: 0x00000000
In clock cycle: 239661
Register Write to Reg: 0x04 Val: 0x00001008
In clock cycle: 239662
Register Write to Reg: 0x04 Val: 0x00000C10
In clock cycle: 239663
Register Write to Reg: 0x04 Val: 0x00000C08
In clock cycle: 239664
Register Write to Reg: 0x01 Val: 0x00000C00
In clock cycle: 239665
Register Write to Reg: 0x00 Val: 0x00000000
In clock cycle: 239922
Register Write to Reg: 0x03 Val: 0x0FC11000
In clock cycle: 239923
Register Write to Reg: 0x03 Val: 0x00000000
In clock cycle: 239924
Register Write to Reg: 0x04 Val: 0x00001008
In clock cycle: 239925
Register Write to Reg: 0x04 Val: 0x00000C18
In clock cycle: 239926
Register Write to Reg: 0x04 Val: 0x00000C10
In clock cycle: 239927
Register Write to Reg: 0x01 Val: 0x00000C08
In clock cycle: 239928
Register Write to Reg: 0x00 Val: 0x00000000
In clock cycle: 240183
Register Write to Reg: 0x03 Val: 0x0FC11000
In clock cycle: 240184
Register Write to Reg: 0x03 Val: 0x00000000
In clock cycle: 240185
Register Write to Reg: 0x04 Val: 0x00001008
In clock cycle: 240186
Register Write to Reg: 0x04 Val: 0x00000C20
In clock cycle: 240187
Register Write to Reg: 0x04 Val: 0x00000C18
In clock cycle: 240188
Register Write to Reg: 0x01 Val: 0x00000C10
In clock cycle: 240189
Register Write to Reg: 0x00 Val: 0x00000000
In clock cycle: 240442
Register Write to Reg: 0x03 Val: 0x0FC11000
In clock cycle: 240443
Register Write to Reg: 0x03 Val: 0x00000000
In clock cycle: 240444
Register Write to Reg: 0x04 Val: 0x00001008
In clock cycle: 240445
Register Write to Reg: 0x04 Val: 0x00000C28
In clock cycle: 240446
Register Write to Reg: 0x04 Val: 0x00000C20
In clock cycle: 240447
Register Write to Reg: 0x01 Val: 0x00000C18
In clock cycle: 240448
Register Write to Reg: 0x00 Val: 0x00000000
In clock cycle: 240699
Register Write to Reg: 0x03 Val: 0x0FC11000
In clock cycle: 240700
Register Write to Reg: 0x03 Val: 0x00000000
In clock cycle: 240701
Register Write to Reg: 0x04 Val: 0x00001008
In clock cycle: 240702
Register Write to Reg: 0x04 Val: 0x00000C30
In clock cycle: 240703
Register Write to Reg: 0x04 Val: 0x00000C28
In clock cycle: 240704
Register Write to Reg: 0x01 Val: 0x00000C20
In clock cycle: 240705
Register Write to Reg: 0x00 Val: 0x00000000
In clock cycle: 240954
Register Write to Reg: 0x03 Val: 0x0FC11000
In clock cycle: 240955
Register Write to Reg: 0x03 Val: 0x00000000
In clock cycle: 240956
Register Write to Reg: 0x04 Val: 0x00001008
In clock cycle: 240957
Register Write to Reg: 0x04 Val: 0x00000C38
In clock cycle: 240958
Register Write to Reg: 0x04 Val: 0x00000C30
In clock cycle: 240959
Register Write to Reg: 0x01 Val: 0x00000C28
In clock cycle: 240960
Register Write to Reg: 0x00 Val: 0x00000000
In clock cycle: 241207
Register Write to Reg: 0x03 Val: 0x0FC11000
In clock cycle: 241208
Register Write to Reg: 0x03 Val: 0x00000000
In clock cycle: 241209
Register Write to Reg: 0x04 Val: 0x00001008
In clock cycle: 241210
Register Write to Reg: 0x04 Val: 0x00000C40
In clock cycle: 241211
Register Write to Reg: 0x04 Val: 0x00000C38
In clock cycle: 241212
Register Write to Reg: 0x01 Val: 0x00000C30
In clock cycle: 241213
Register Write to Reg: 0x00 Val: 0x00000000
In clock cycle: 241458
Register Write to Reg: 0x03 Val: 0x0FC11000
In clock cycle: 241459
Register Write to Reg: 0x03 Val: 0x00000000
In clock cycle: 241460
Register Write to Reg: 0x04 Val: 0x00001008
In clock cycle: 241461
Register Write to Reg: 0x04 Val: 0x00000C48
In clock cycle: 241462
Register Write to Reg: 0x04 Val: 0x00000C40
In clock cycle: 241463
Register Write to Reg: 0x01 Val: 0x00000C38
In clock cycle: 241464
Register Write to Reg: 0x00 Val: 0x00000000
In clock cycle: 241707
Register Write to Reg: 0x03 Val: 0x0FC11000
In clock cycle: 241708
Register Write to Reg: 0x03 Val: 0x00000000
In clock cycle: 241709
Register Write to Reg: 0x04 Val: 0x00001008
In clock cycle: 241710
Register Write to Reg: 0x04 Val: 0x00000C50
In clock cycle: 241711
Register Write to Reg: 0x04 Val: 0x00000C48
In clock cycle: 241712
Register Write to Reg: 0x01 Val: 0x00000C40
In clock cycle: 241713
Register Write to Reg: 0x00 Val: 0x00000000
In clock cycle: 241954
Register Write to Reg: 0x03 Val: 0x0FC11000
In clock cycle: 241955
Register Write to Reg: 0x03 Val: 0x00000000
In clock cycle: 241956
Register Write to Reg: 0x04 Val: 0x00001008
In clock cycle: 241957
Register Write to Reg: 0x04 Val: 0x00000C58
In clock cycle: 241958
Register Write to Reg: 0x04 Val: 0x00000C50
In clock cycle: 241959
Register Write to Reg: 0x01 Val: 0x00000C48
In clock cycle: 241960
Register Write to Reg: 0x00 Val: 0x00000000
In clock cycle: 242199
Register Write to Reg: 0x03 Val: 0x0FC11000
In clock cycle: 242200
Register Write to Reg: 0x03 Val: 0x00000000
In clock cycle: 242201
Register Write to Reg: 0x04 Val: 0x00001008
In clock cycle: 242202
Register Write to Reg: 0x04 Val: 0x00000C60
In clock cycle: 242203
Register Write to Reg: 0x04 Val: 0x00000C58
In clock cycle: 242204
Register Write to Reg: 0x01 Val: 0x00000C50
In clock cycle: 242205
Register Write to Reg: 0x00 Val: 0x00000000
In clock cycle: 242442
Register Write to Reg: 0x03 Val: 0x0FC11000
In clock cycle: 242443
Register Write to Reg: 0x03 Val: 0x00000000
In clock cycle: 242444
Register Write to Reg: 0x04 Val: 0x00001008
In clock cycle: 242445
Register Write to Reg: 0x04 Val: 0x00000C68
In clock cycle: 242446
Register Write to Reg: 0x04 Val: 0x00000C60
In clock cycle: 242447
Register Write to Reg: 0x01 Val: 0x00000C58
In clock cycle: 242448
Register Write to Reg: 0x00 Val: 0x00000000
In clock cycle: 242683
Register Write to Reg: 0x03 Val: 0x0FC11000
In clock cycle: 242684
Register Write to Reg: 0x03 Val: 0x00000000
In clock cycle: 242685
Register Write to Reg: 0x04 Val: 0x00001008
In clock cycle: 242686
Register Write to Reg: 0x04 Val: 0x00000C70
In clock cycle: 242687
Register Write to Reg: 0x04 Val: 0x00000C68
In clock cycle: 242688
Register Write to Reg: 0x01 Val: 0x00000C60
In clock cycle: 242689
Register Write to Reg: 0x00 Val: 0x00000000
In clock cycle: 242922
Register Write to Reg: 0x03 Val: 0x0FC11000
In clock cycle: 242923
Register Write to Reg: 0x03 Val: 0x00000000
In clock cycle: 242924
Register Write to Reg: 0x04 Val: 0x00001008
In clock cycle: 242925
Register Write to Reg: 0x04 Val: 0x00000C78
In clock cycle: 242926
Register Write to Reg: 0x04 Val: 0x00000C70
In clock cycle: 242927
Register Write to Reg: 0x01 Val: 0x00000C68
In clock cycle: 242928
Register Write to Reg: 0x00 Val: 0x00000000
In clock cycle: 243159
Register Write to Reg: 0x03 Val: 0x0FC11000
In clock cycle: 243160
Register Write to Reg: 0x03 Val: 0x00000000
In clock cycle: 243161
Register Write to Reg: 0x04 Val: 0x00001008
In clock cycle: 243162
Register Write to Reg: 0x04 Val: 0x00000C80
In clock cycle: 243163
Register Write to Reg: 0x04 Val: 0x00000C78
In clock cycle: 243164
Register Write to Reg: 0x01 Val: 0x00000C70
In clock cycle: 243165
Register Write to Reg: 0x00 Val: 0x00000000
In clock cycle: 243394
Register Write to Reg: 0x03 Val: 0x0FC11000
In clock cycle: 243395
Register Write to Reg: 0x03 Val: 0x00000000
In clock cycle: 243396
Register Write to Reg: 0x04 Val: 0x00001008
In clock cycle: 243397
Register Write to Reg: 0x04 Val: 0x00000C88
In clock cycle: 243398
Register Write to Reg: 0x04 Val: 0x00000C80
In clock cycle: 243399
Register Write to Reg: 0x01 Val: 0x00000C78
In clock cycle: 243400
Register Write to Reg: 0x00 Val: 0x00000000
In clock cycle: 243627
Register Write to Reg: 0x03 Val: 0x0FC11000
In clock cycle: 243628
Register Write to Reg: 0x03 Val: 0x00000000
In clock cycle: 243629
Register Write to Reg: 0x04 Val: 0x00001008
In clock cycle: 243630
Register Write to Reg: 0x04 Val: 0x00000C90
In clock cycle: 243631
Register Write to Reg: 0x04 Val: 0x00000C88
In clock cycle: 243632
Register Write to Reg: 0x01 Val: 0x00000C80
In clock cycle: 243633
Register Write to Reg: 0x00 Val: 0x00000000
In clock cycle: 243858
Register Write to Reg: 0x03 Val: 0x0FC11000
In clock cycle: 243859
Register Write to Reg: 0x03 Val: 0x00000000
In clock cycle: 243860
Register Write to Reg: 0x04 Val: 0x00001008
In clock cycle: 243861
Register Write to Reg: 0x04 Val: 0x00000C98
In clock cycle: 243862
Register Write to Reg: 0x04 Val: 0x00000C90
In clock cycle: 243863
Register Write to Reg: 0x01 Val: 0x00000C88
In clock cycle: 243864
Register Write to Reg: 0x00 Val: 0x00000000
In clock cycle: 244087
Register Write to Reg: 0x03 Val: 0x0FC11000
In clock cycle: 244088
Register Write to Reg: 0x03 Val: 0x00000000
In clock cycle: 244089
Register Write to Reg: 0x04 Val: 0x00001008
In clock cycle: 244090
Register Write to Reg: 0x04 Val: 0x00000CA0
In clock cycle: 244091
Register Write to Reg: 0x04 Val: 0x00000C98
In clock cycle: 244092
Register Write to Reg: 0x01 Val: 0x00000C90
In clock cycle: 244093
Register Write to Reg: 0x00 Val: 0x00000000
In clock cycle: 244314
Register Write to Reg: 0x03 Val: 0x0FC11000
In clock cycle: 244315
Register Write to Reg: 0x03 Val: 0x00000000
In clock cycle: 244316
Register Write to Reg: 0x04 Val: 0x00001008
In clock cycle: 244317
Register Write to Reg: 0x04 Val: 0x00000CA8
In clock cycle: 244318
Register Write to Reg: 0x04 Val: 0x00000CA0
In clock cycle: 244319
Register Write to Reg: 0x01 Val: 0x00000C98
In clock cycle: 244320
Register Write to Reg: 0x00 Val: 0x00000000
In clock cycle: 244539
Register Write to Reg: 0x03 Val: 0x0FC11000
In clock cycle: 244540
Register Write to Reg: 0x03 Val: 0x00000000
In clock cycle: 244541
Register Write to Reg: 0x04 Val: 0x00001008
In clock cycle: 244542
Register Write to Reg: 0x04 Val: 0x00000CB0
In clock cycle: 244543
Register Write to Reg: 0x04 Val: 0x00000CA8
In clock cycle: 244544
Register Write to Reg: 0x01 Val: 0x00000CA0
In clock cycle: 244545
Register Write to Reg: 0x00 Val: 0x00000000
In clock cycle: 244762
Register Write to Reg: 0x03 Val: 0x0FC11000
In clock cycle: 244763
Register Write to Reg: 0x03 Val: 0x00000000
In clock cycle: 244764
Register Write to Reg: 0x04 Val: 0x00001008
In clock cycle: 244765
Register Write to Reg: 0x04 Val: 0x00000CB8
In clock cycle: 244766
Register Write to Reg: 0x04 Val: 0x00000CB0
In clock cycle: 244767
Register Write to Reg: 0x01 Val: 0x00000CA8
In clock cycle: 244768
Register Write to Reg: 0x00 Val: 0x00000000
In clock cycle: 244983
Register Write to Reg: 0x03 Val: 0x0FC11000
In clock cycle: 244984
Register Write to Reg: 0x03 Val: 0x00000000
In clock cycle: 244985
Register Write to Reg: 0x04 Val: 0x00001008
In clock cycle: 244986
Register Write to Reg: 0x04 Val: 0x00000CC0
In clock cycle: 244987
Register Write to Reg: 0x04 Val: 0x00000CB8
In clock cycle: 244988
Register Write to Reg: 0x01 Val: 0x00000CB0
In clock cycle: 244989
Register Write to Reg: 0x00 Val: 0x00000000
In clock cycle: 245202
Register Write to Reg: 0x03 Val: 0x0FC11000
In clock cycle: 245203
Register Write to Reg: 0x03 Val: 0x00000000
In clock cycle: 245204
Register Write to Reg: 0x04 Val: 0x00001008
In clock cycle: 245205
Register Write to Reg: 0x04 Val: 0x00000CC8
In clock cycle: 245206
Register Write to Reg: 0x04 Val: 0x00000CC0
In clock cycle: 245207
Register Write to Reg: 0x01 Val: 0x00000CB8
In clock cycle: 245208
Register Write to Reg: 0x00 Val: 0x00000000
In clock cycle: 245419
Register Write to Reg: 0x03 Val: 0x0FC11000
In clock cycle: 245420
Register Write to Reg: 0x03 Val: 0x00000000
In clock cycle: 245421
Register Write to Reg: 0x04 Val: 0x00001008
In clock cycle: 245422
Register Write to Reg: 0x04 Val: 0x00000CD0
In clock cycle: 245423
Register Write to Reg: 0x04 Val: 0x00000CC8
In clock cycle: 245424
Register Write to Reg: 0x01 Val: 0x00000CC0
In clock cycle: 245425
Register Write to Reg: 0x00 Val: 0x00000000
In clock cycle: 245634
Register Write to Reg: 0x03 Val: 0x0FC11000
In clock cycle: 245635
Register Write to Reg: 0x03 Val: 0x00000000
In clock cycle: 245636
Register Write to Reg: 0x04 Val: 0x00001008
In clock cycle: 245637
Register Write to Reg: 0x04 Val: 0x00000CD8
In clock cycle: 245638
Register Write to Reg: 0x04 Val: 0x00000CD0
In clock cycle: 245639
Register Write to Reg: 0x01 Val: 0x00000CC8
In clock cycle: 245640
Register Write to Reg: 0x00 Val: 0x00000000
In clock cycle: 245847
Register Write to Reg: 0x03 Val: 0x0FC11000
In clock cycle: 245848
Register Write to Reg: 0x03 Val: 0x00000000
In clock cycle: 245849
Register Write to Reg: 0x04 Val: 0x00001008
In clock cycle: 245850
Register Write to Reg: 0x04 Val: 0x00000CE0
In clock cycle: 245851
Register Write to Reg: 0x04 Val: 0x00000CD8
In clock cycle: 245852
Register Write to Reg: 0x01 Val: 0x00000CD0
In clock cycle: 245853
Register Write to Reg: 0x00 Val: 0x00000000
In clock cycle: 246058
Register Write to Reg: 0x03 Val: 0x0FC11000
In clock cycle: 246059
Register Write to Reg: 0x03 Val: 0x00000000
In clock cycle: 246060
Register Write to Reg: 0x04 Val: 0x00001008
In clock cycle: 246061
Register Write to Reg: 0x04 Val: 0x00000CE8
In clock cycle: 246062
Register Write to Reg: 0x04 Val: 0x00000CE0
In clock cycle: 246063
Register Write to Reg: 0x01 Val: 0x00000CD8
In clock cycle: 246064
Register Write to Reg: 0x00 Val: 0x00000000
In clock cycle: 246267
Register Write to Reg: 0x03 Val: 0x0FC11000
In clock cycle: 246268
Register Write to Reg: 0x03 Val: 0x00000000
In clock cycle: 246269
Register Write to Reg: 0x04 Val: 0x00001008
In clock cycle: 246270
Register Write to Reg: 0x04 Val: 0x00000CF0
In clock cycle: 246271
Register Write to Reg: 0x04 Val: 0x00000CE8
In clock cycle: 246272
Register Write to Reg: 0x01 Val: 0x00000CE0
In clock cycle: 246273
Register Write to Reg: 0x00 Val: 0x00000000
In clock cycle: 246474
Register Write to Reg: 0x03 Val: 0x0FC11000
In clock cycle: 246475
Register Write to Reg: 0x03 Val: 0x00000000
In clock cycle: 246476
Register Write to Reg: 0x04 Val: 0x00001008
In clock cycle: 246477
Register Write to Reg: 0x04 Val: 0x00000CF8
In clock cycle: 246478
Register Write to Reg: 0x04 Val: 0x00000CF0
In clock cycle: 246479
Register Write to Reg: 0x01 Val: 0x00000CE8
In clock cycle: 246480
Register Write to Reg: 0x00 Val: 0x00000000
In clock cycle: 246679
Register Write to Reg: 0x03 Val: 0x0FC11000
In clock cycle: 246680
Register Write to Reg: 0x03 Val: 0x00000000
In clock cycle: 246681
Register Write to Reg: 0x04 Val: 0x00001008
In clock cycle: 246682
Register Write to Reg: 0x04 Val: 0x00000D00
In clock cycle: 246683
Register Write to Reg: 0x04 Val: 0x00000CF8
In clock cycle: 246684
Register Write to Reg: 0x01 Val: 0x00000CF0
In clock cycle: 246685
Register Write to Reg: 0x00 Val: 0x00000000
In clock cycle: 246882
Register Write to Reg: 0x03 Val: 0x0FC11000
In clock cycle: 246883
Register Write to Reg: 0x03 Val: 0x00000000
In clock cycle: 246884
Register Write to Reg: 0x04 Val: 0x00001008
In clock cycle: 246885
Register Write to Reg: 0x04 Val: 0x00000D08
In clock cycle: 246886
Register Write to Reg: 0x04 Val: 0x00000D00
In clock cycle: 246887
Register Write to Reg: 0x01 Val: 0x00000CF8
In clock cycle: 246888
Register Write to Reg: 0x00 Val: 0x00000000
In clock cycle: 247083
Register Write to Reg: 0x03 Val: 0x0FC11000
In clock cycle: 247084
Register Write to Reg: 0x03 Val: 0x00000000
In clock cycle: 247085
Register Write to Reg: 0x04 Val: 0x00001008
In clock cycle: 247086
Register Write to Reg: 0x04 Val: 0x00000D10
In clock cycle: 247087
Register Write to Reg: 0x04 Val: 0x00000D08
In clock cycle: 247088
Register Write to Reg: 0x01 Val: 0x00000D00
In clock cycle: 247089
Register Write to Reg: 0x00 Val: 0x00000000
In clock cycle: 247282
Register Write to Reg: 0x03 Val: 0x0FC11000
In clock cycle: 247283
Register Write to Reg: 0x03 Val: 0x00000000
In clock cycle: 247284
Register Write to Reg: 0x04 Val: 0x00001008
In clock cycle: 247285
Register Write to Reg: 0x04 Val: 0x00000D18
In clock cycle: 247286
Register Write to Reg: 0x04 Val: 0x00000D10
In clock cycle: 247287
Register Write to Reg: 0x01 Val: 0x00000D08
In clock cycle: 247288
Register Write to Reg: 0x00 Val: 0x00000000
In clock cycle: 247479
Register Write to Reg: 0x03 Val: 0x0FC11000
In clock cycle: 247480
Register Write to Reg: 0x03 Val: 0x00000000
In clock cycle: 247481
Register Write to Reg: 0x04 Val: 0x00001008
In clock cycle: 247482
Register Write to Reg: 0x04 Val: 0x00000D20
In clock cycle: 247483
Register Write to Reg: 0x04 Val: 0x00000D18
In clock cycle: 247484
Register Write to Reg: 0x01 Val: 0x00000D10
In clock cycle: 247485
Register Write to Reg: 0x00 Val: 0x00000000
In clock cycle: 247674
Register Write to Reg: 0x03 Val: 0x0FC11000
In clock cycle: 247675
Register Write to Reg: 0x03 Val: 0x00000000
In clock cycle: 247676
Register Write to Reg: 0x04 Val: 0x00001008
In clock cycle: 247677
Register Write to Reg: 0x04 Val: 0x00000D28
In clock cycle: 247678
Register Write to Reg: 0x04 Val: 0x00000D20
In clock cycle: 247679
Register Write to Reg: 0x01 Val: 0x00000D18
In clock cycle: 247680
Register Write to Reg: 0x00 Val: 0x00000000
In clock cycle: 247867
Register Write to Reg: 0x03 Val: 0x0FC11000
In clock cycle: 247868
Register Write to Reg: 0x03 Val: 0x00000000
In clock cycle: 247869
Register Write to Reg: 0x04 Val: 0x00001008
In clock cycle: 247870
Register Write to Reg: 0x04 Val: 0x00000D30
In clock cycle: 247871
Register Write to Reg: 0x04 Val: 0x00000D28
In clock cycle: 247872
Register Write to Reg: 0x01 Val: 0x00000D20
In clock cycle: 247873
Register Write to Reg: 0x00 Val: 0x00000000
In clock cycle: 248058
Register Write to Reg: 0x03 Val: 0x0FC11000
In clock cycle: 248059
Register Write to Reg: 0x03 Val: 0x00000000
In clock cycle: 248060
Register Write to Reg: 0x04 Val: 0x00001008
In clock cycle: 248061
Register Write to Reg: 0x04 Val: 0x00000D38
In clock cycle: 248062
Register Write to Reg: 0x04 Val: 0x00000D30
In clock cycle: 248063
Register Write to Reg: 0x01 Val: 0x00000D28
In clock cycle: 248064
Register Write to Reg: 0x00 Val: 0x00000000
In clock cycle: 248247
Register Write to Reg: 0x03 Val: 0x0FC11000
In clock cycle: 248248
Register Write to Reg: 0x03 Val: 0x00000000
In clock cycle: 248249
Register Write to Reg: 0x04 Val: 0x00001008
In clock cycle: 248250
Register Write to Reg: 0x04 Val: 0x00000D40
In clock cycle: 248251
Register Write to Reg: 0x04 Val: 0x00000D38
In clock cycle: 248252
Register Write to Reg: 0x01 Val: 0x00000D30
In clock cycle: 248253
Register Write to Reg: 0x00 Val: 0x00000000
In clock cycle: 248434
Register Write to Reg: 0x03 Val: 0x0FC11000
In clock cycle: 248435
Register Write to Reg: 0x03 Val: 0x00000000
In clock cycle: 248436
Register Write to Reg: 0x04 Val: 0x00001008
In clock cycle: 248437
Register Write to Reg: 0x04 Val: 0x00000D48
In clock cycle: 248438
Register Write to Reg: 0x04 Val: 0x00000D40
In clock cycle: 248439
Register Write to Reg: 0x01 Val: 0x00000D38
In clock cycle: 248440
Register Write to Reg: 0x00 Val: 0x00000000
In clock cycle: 248619
Register Write to Reg: 0x03 Val: 0x0FC11000
In clock cycle: 248620
Register Write to Reg: 0x03 Val: 0x00000000
In clock cycle: 248621
Register Write to Reg: 0x04 Val: 0x00001008
In clock cycle: 248622
Register Write to Reg: 0x04 Val: 0x00000D50
In clock cycle: 248623
Register Write to Reg: 0x04 Val: 0x00000D48
In clock cycle: 248624
Register Write to Reg: 0x01 Val: 0x00000D40
In clock cycle: 248625
Register Write to Reg: 0x00 Val: 0x00000000
In clock cycle: 248802
Register Write to Reg: 0x03 Val: 0x0FC11000
In clock cycle: 248803
Register Write to Reg: 0x03 Val: 0x00000000
In clock cycle: 248804
Register Write to Reg: 0x04 Val: 0x00001008
In clock cycle: 248805
Register Write to Reg: 0x04 Val: 0x00000D58
In clock cycle: 248806
Register Write to Reg: 0x04 Val: 0x00000D50
In clock cycle: 248807
Register Write to Reg: 0x01 Val: 0x00000D48
In clock cycle: 248808
Register Write to Reg: 0x00 Val: 0x00000000
In clock cycle: 248983
Register Write to Reg: 0x03 Val: 0x0FC11000
In clock cycle: 248984
Register Write to Reg: 0x03 Val: 0x00000000
In clock cycle: 248985
Register Write to Reg: 0x04 Val: 0x00001008
In clock cycle: 248986
Register Write to Reg: 0x04 Val: 0x00000D60
In clock cycle: 248987
Register Write to Reg: 0x04 Val: 0x00000D58
In clock cycle: 248988
Register Write to Reg: 0x01 Val: 0x00000D50
In clock cycle: 248989
Register Write to Reg: 0x00 Val: 0x00000000
In clock cycle: 249162
Register Write to Reg: 0x03 Val: 0x0FC11000
In clock cycle: 249163
Register Write to Reg: 0x03 Val: 0x00000000
In clock cycle: 249164
Register Write to Reg: 0x04 Val: 0x00001008
In clock cycle: 249165
Register Write to Reg: 0x04 Val: 0x00000D68
In clock cycle: 249166
Register Write to Reg: 0x04 Val: 0x00000D60
In clock cycle: 249167
Register Write to Reg: 0x01 Val: 0x00000D58
In clock cycle: 249168
Register Write to Reg: 0x00 Val: 0x00000000
In clock cycle: 249339
Register Write to Reg: 0x03 Val: 0x0FC11000
In clock cycle: 249340
Register Write to Reg: 0x03 Val: 0x00000000
In clock cycle: 249341
Register Write to Reg: 0x04 Val: 0x00001008
In clock cycle: 249342
Register Write to Reg: 0x04 Val: 0x00000D70
In clock cycle: 249343
Register Write to Reg: 0x04 Val: 0x00000D68
In clock cycle: 249344
Register Write to Reg: 0x01 Val: 0x00000D60
In clock cycle: 249345
Register Write to Reg: 0x00 Val: 0x00000000
In clock cycle: 249514
Register Write to Reg: 0x03 Val: 0x0FC11000
In clock cycle: 249515
Register Write to Reg: 0x03 Val: 0x00000000
In clock cycle: 249516
Register Write to Reg: 0x04 Val: 0x00001008
In clock cycle: 249517
Register Write to Reg: 0x04 Val: 0x00000D78
In clock cycle: 249518
Register Write to Reg: 0x04 Val: 0x00000D70
In clock cycle: 249519
Register Write to Reg: 0x01 Val: 0x00000D68
In clock cycle: 249520
Register Write to Reg: 0x00 Val: 0x00000000
In clock cycle: 249687
Register Write to Reg: 0x03 Val: 0x0FC11000
In clock cycle: 249688
Register Write to Reg: 0x03 Val: 0x00000000
In clock cycle: 249689
Register Write to Reg: 0x04 Val: 0x00001008
In clock cycle: 249690
Register Write to Reg: 0x04 Val: 0x00000D80
In clock cycle: 249691
Register Write to Reg: 0x04 Val: 0x00000D78
In clock cycle: 249692
Register Write to Reg: 0x01 Val: 0x00000D70
In clock cycle: 249693
Register Write to Reg: 0x00 Val: 0x00000000
In clock cycle: 249858
Register Write to Reg: 0x03 Val: 0x0FC11000
In clock cycle: 249859
Register Write to Reg: 0x03 Val: 0x00000000
In clock cycle: 249860
Register Write to Reg: 0x04 Val: 0x00001008
In clock cycle: 249861
Register Write to Reg: 0x04 Val: 0x00000D88
In clock cycle: 249862
Register Write to Reg: 0x04 Val: 0x00000D80
In clock cycle: 249863
Register Write to Reg: 0x01 Val: 0x00000D78
In clock cycle: 249864
Register Write to Reg: 0x00 Val: 0x00000000
In clock cycle: 250027
Register Write to Reg: 0x03 Val: 0x0FC11000
In clock cycle: 250028
Register Write to Reg: 0x03 Val: 0x00000000
In clock cycle: 250029
Register Write to Reg: 0x04 Val: 0x00001008
In clock cycle: 250030
Register Write to Reg: 0x04 Val: 0x00000D90
In clock cycle: 250031
Register Write to Reg: 0x04 Val: 0x00000D88
In clock cycle: 250032
Register Write to Reg: 0x01 Val: 0x00000D80
In clock cycle: 250033
Register Write to Reg: 0x00 Val: 0x00000000
In clock cycle: 250194
Register Write to Reg: 0x03 Val: 0x0FC11000
In clock cycle: 250195
Register Write to Reg: 0x03 Val: 0x00000000
In clock cycle: 250196
Register Write to Reg: 0x04 Val: 0x00001008
In clock cycle: 250197
Register Write to Reg: 0x04 Val: 0x00000D98
In clock cycle: 250198
Register Write to Reg: 0x04 Val: 0x00000D90
In clock cycle: 250199
Register Write to Reg: 0x01 Val: 0x00000D88
In clock cycle: 250200
Register Write to Reg: 0x00 Val: 0x00000000
In clock cycle: 250359
Register Write to Reg: 0x03 Val: 0x0FC11000
In clock cycle: 250360
Register Write to Reg: 0x03 Val: 0x00000000
In clock cycle: 250361
Register Write to Reg: 0x04 Val: 0x00001008
In clock cycle: 250362
Register Write to Reg: 0x04 Val: 0x00000DA0
In clock cycle: 250363
Register Write to Reg: 0x04 Val: 0x00000D98
In clock cycle: 250364
Register Write to Reg: 0x01 Val: 0x00000D90
In clock cycle: 250365
Register Write to Reg: 0x00 Val: 0x00000000
In clock cycle: 250522
Register Write to Reg: 0x03 Val: 0x0FC11000
In clock cycle: 250523
Register Write to Reg: 0x03 Val: 0x00000000
In clock cycle: 250524
Register Write to Reg: 0x04 Val: 0x00001008
In clock cycle: 250525
Register Write to Reg: 0x04 Val: 0x00000DA8
In clock cycle: 250526
Register Write to Reg: 0x04 Val: 0x00000DA0
In clock cycle: 250527
Register Write to Reg: 0x01 Val: 0x00000D98
In clock cycle: 250528
Register Write to Reg: 0x00 Val: 0x00000000
In clock cycle: 250683
Register Write to Reg: 0x03 Val: 0x0FC11000
In clock cycle: 250684
Register Write to Reg: 0x03 Val: 0x00000000
In clock cycle: 250685
Register Write to Reg: 0x04 Val: 0x00001008
In clock cycle: 250686
Register Write to Reg: 0x04 Val: 0x00000DB0
In clock cycle: 250687
Register Write to Reg: 0x04 Val: 0x00000DA8
In clock cycle: 250688
Register Write to Reg: 0x01 Val: 0x00000DA0
In clock cycle: 250689
Register Write to Reg: 0x00 Val: 0x00000000
In clock cycle: 250842
Register Write to Reg: 0x03 Val: 0x0FC11000
In clock cycle: 250843
Register Write to Reg: 0x03 Val: 0x00000000
In clock cycle: 250844
Register Write to Reg: 0x04 Val: 0x00001008
In clock cycle: 250845
Register Write to Reg: 0x04 Val: 0x00000DB8
In clock cycle: 250846
Register Write to Reg: 0x04 Val: 0x00000DB0
In clock cycle: 250847
Register Write to Reg: 0x01 Val: 0x00000DA8
In clock cycle: 250848
Register Write to Reg: 0x00 Val: 0x00000000
In clock cycle: 250999
Register Write to Reg: 0x03 Val: 0x0FC11000
In clock cycle: 251000
Register Write to Reg: 0x03 Val: 0x00000000
In clock cycle: 251001
Register Write to Reg: 0x04 Val: 0x00001008
In clock cycle: 251002
Register Write to Reg: 0x04 Val: 0x00000DC0
In clock cycle: 251003
Register Write to Reg: 0x04 Val: 0x00000DB8
In clock cycle: 251004
Register Write to Reg: 0x01 Val: 0x00000DB0
In clock cycle: 251005
Register Write to Reg: 0x00 Val: 0x00000000
In clock cycle: 251154
Register Write to Reg: 0x03 Val: 0x0FC11000
In clock cycle: 251155
Register Write to Reg: 0x03 Val: 0x00000000
In clock cycle: 251156
Register Write to Reg: 0x04 Val: 0x00001008
In clock cycle: 251157
Register Write to Reg: 0x04 Val: 0x00000DC8
In clock cycle: 251158
Register Write to Reg: 0x04 Val: 0x00000DC0
In clock cycle: 251159
Register Write to Reg: 0x01 Val: 0x00000DB8
In clock cycle: 251160
Register Write to Reg: 0x00 Val: 0x00000000
In clock cycle: 251307
Register Write to Reg: 0x03 Val: 0x0FC11000
In clock cycle: 251308
Register Write to Reg: 0x03 Val: 0x00000000
In clock cycle: 251309
Register Write to Reg: 0x04 Val: 0x00001008
In clock cycle: 251310
Register Write to Reg: 0x04 Val: 0x00000DD0
In clock cycle: 251311
Register Write to Reg: 0x04 Val: 0x00000DC8
In clock cycle: 251312
Register Write to Reg: 0x01 Val: 0x00000DC0
In clock cycle: 251313
Register Write to Reg: 0x00 Val: 0x00000000
In clock cycle: 251458
Register Write to Reg: 0x03 Val: 0x0FC11000
In clock cycle: 251459
Register Write to Reg: 0x03 Val: 0x00000000
In clock cycle: 251460
Register Write to Reg: 0x04 Val: 0x00001008
In clock cycle: 251461
Register Write to Reg: 0x04 Val: 0x00000DD8
In clock cycle: 251462
Register Write to Reg: 0x04 Val: 0x00000DD0
In clock cycle: 251463
Register Write to Reg: 0x01 Val: 0x00000DC8
In clock cycle: 251464
Register Write to Reg: 0x00 Val: 0x00000000
In clock cycle: 251607
Register Write to Reg: 0x03 Val: 0x0FC11000
In clock cycle: 251608
Register Write to Reg: 0x03 Val: 0x00000000
In clock cycle: 251609
Register Write to Reg: 0x04 Val: 0x00001008
In clock cycle: 251610
Register Write to Reg: 0x04 Val: 0x00000DE0
In clock cycle: 251611
Register Write to Reg: 0x04 Val: 0x00000DD8
In clock cycle: 251612
Register Write to Reg: 0x01 Val: 0x00000DD0
In clock cycle: 251613
Register Write to Reg: 0x00 Val: 0x00000000
In clock cycle: 251754
Register Write to Reg: 0x03 Val: 0x0FC11000
In clock cycle: 251755
Register Write to Reg: 0x03 Val: 0x00000000
In clock cycle: 251756
Register Write to Reg: 0x04 Val: 0x00001008
In clock cycle: 251757
Register Write to Reg: 0x04 Val: 0x00000DE8
In clock cycle: 251758
Register Write to Reg: 0x04 Val: 0x00000DE0
In clock cycle: 251759
Register Write to Reg: 0x01 Val: 0x00000DD8
In clock cycle: 251760
Register Write to Reg: 0x00 Val: 0x00000000
In clock cycle: 251899
Register Write to Reg: 0x03 Val: 0x0FC11000
In clock cycle: 251900
Register Write to Reg: 0x03 Val: 0x00000000
In clock cycle: 251901
Register Write to Reg: 0x04 Val: 0x00001008
In clock cycle: 251902
Register Write to Reg: 0x04 Val: 0x00000DF0
In clock cycle: 251903
Register Write to Reg: 0x04 Val: 0x00000DE8
In clock cycle: 251904
Register Write to Reg: 0x01 Val: 0x00000DE0
In clock cycle: 251905
Register Write to Reg: 0x00 Val: 0x00000000
In clock cycle: 252042
Register Write to Reg: 0x03 Val: 0x0FC11000
In clock cycle: 252043
Register Write to Reg: 0x03 Val: 0x00000000
In clock cycle: 252044
Register Write to Reg: 0x04 Val: 0x00001008
In clock cycle: 252045
Register Write to Reg: 0x04 Val: 0x00000DF8
In clock cycle: 252046
Register Write to Reg: 0x04 Val: 0x00000DF0
In clock cycle: 252047
Register Write to Reg: 0x01 Val: 0x00000DE8
In clock cycle: 252048
Register Write to Reg: 0x00 Val: 0x00000000
In clock cycle: 252183
Register Write to Reg: 0x03 Val: 0x0FC11000
In clock cycle: 252184
Register Write to Reg: 0x03 Val: 0x00000000
In clock cycle: 252185
Register Write to Reg: 0x04 Val: 0x00001008
In clock cycle: 252186
Register Write to Reg: 0x04 Val: 0x00000E00
In clock cycle: 252187
Register Write to Reg: 0x04 Val: 0x00000DF8
In clock cycle: 252188
Register Write to Reg: 0x01 Val: 0x00000DF0
In clock cycle: 252189
Register Write to Reg: 0x00 Val: 0x00000000
In clock cycle: 252322
Register Write to Reg: 0x03 Val: 0x0FC11000
In clock cycle: 252323
Register Write to Reg: 0x03 Val: 0x00000000
In clock cycle: 252324
Register Write to Reg: 0x04 Val: 0x00001008
In clock cycle: 252325
Register Write to Reg: 0x04 Val: 0x00000E08
In clock cycle: 252326
Register Write to Reg: 0x04 Val: 0x00000E00
In clock cycle: 252327
Register Write to Reg: 0x01 Val: 0x00000DF8
In clock cycle: 252328
Register Write to Reg: 0x00 Val: 0x00000000
In clock cycle: 252459
Register Write to Reg: 0x03 Val: 0x0FC11000
In clock cycle: 252460
Register Write to Reg: 0x03 Val: 0x00000000
In clock cycle: 252461
Register Write to Reg: 0x04 Val: 0x00001008
In clock cycle: 252462
Register Write to Reg: 0x04 Val: 0x00000E10
In clock cycle: 252463
Register Write to Reg: 0x04 Val: 0x00000E08
In clock cycle: 252464
Register Write to Reg: 0x01 Val: 0x00000E00
In clock cycle: 252465
Register Write to Reg: 0x00 Val: 0x00000000
In clock cycle: 252594
Register Write to Reg: 0x03 Val: 0x0FC11000
In clock cycle: 252595
Register Write to Reg: 0x03 Val: 0x00000000
In clock cycle: 252596
Register Write to Reg: 0x04 Val: 0x00001008
In clock cycle: 252597
Register Write to Reg: 0x04 Val: 0x00000E18
In clock cycle: 252598
Register Write to Reg: 0x04 Val: 0x00000E10
In clock cycle: 252599
Register Write to Reg: 0x01 Val: 0x00000E08
In clock cycle: 252600
Register Write to Reg: 0x00 Val: 0x00000000
In clock cycle: 252727
Register Write to Reg: 0x03 Val: 0x0FC11000
In clock cycle: 252728
Register Write to Reg: 0x03 Val: 0x00000000
In clock cycle: 252729
Register Write to Reg: 0x04 Val: 0x00001008
In clock cycle: 252730
Register Write to Reg: 0x04 Val: 0x00000E20
In clock cycle: 252731
Register Write to Reg: 0x04 Val: 0x00000E18
In clock cycle: 252732
Register Write to Reg: 0x01 Val: 0x00000E10
In clock cycle: 252733
Register Write to Reg: 0x00 Val: 0x00000000
In clock cycle: 252858
Register Write to Reg: 0x03 Val: 0x0FC11000
In clock cycle: 252859
Register Write to Reg: 0x03 Val: 0x00000000
In clock cycle: 252860
Register Write to Reg: 0x04 Val: 0x00001008
In clock cycle: 252861
Register Write to Reg: 0x04 Val: 0x00000E28
In clock cycle: 252862
Register Write to Reg: 0x04 Val: 0x00000E20
In clock cycle: 252863
Register Write to Reg: 0x01 Val: 0x00000E18
In clock cycle: 252864
Register Write to Reg: 0x00 Val: 0x00000000
In clock cycle: 252987
Register Write to Reg: 0x03 Val: 0x0FC11000
In clock cycle: 252988
Register Write to Reg: 0x03 Val: 0x00000000
In clock cycle: 252989
Register Write to Reg: 0x04 Val: 0x00001008
In clock cycle: 252990
Register Write to Reg: 0x04 Val: 0x00000E30
In clock cycle: 252991
Register Write to Reg: 0x04 Val: 0x00000E28
In clock cycle: 252992
Register Write to Reg: 0x01 Val: 0x00000E20
In clock cycle: 252993
Register Write to Reg: 0x00 Val: 0x00000000
In clock cycle: 253114
Register Write to Reg: 0x03 Val: 0x0FC11000
In clock cycle: 253115
Register Write to Reg: 0x03 Val: 0x00000000
In clock cycle: 253116
Register Write to Reg: 0x04 Val: 0x00001008
In clock cycle: 253117
Register Write to Reg: 0x04 Val: 0x00000E38
In clock cycle: 253118
Register Write to Reg: 0x04 Val: 0x00000E30
In clock cycle: 253119
Register Write to Reg: 0x01 Val: 0x00000E28
In clock cycle: 253120
Register Write to Reg: 0x00 Val: 0x00000000
In clock cycle: 253239
Register Write to Reg: 0x03 Val: 0x0FC11000
In clock cycle: 253240
Register Write to Reg: 0x03 Val: 0x00000000
In clock cycle: 253241
Register Write to Reg: 0x04 Val: 0x00001008
In clock cycle: 253242
Register Write to Reg: 0x04 Val: 0x00000E40
In clock cycle: 253243
Register Write to Reg: 0x04 Val: 0x00000E38
In clock cycle: 253244
Register Write to Reg: 0x01 Val: 0x00000E30
In clock cycle: 253245
Register Write to Reg: 0x00 Val: 0x00000000
In clock cycle: 253362
Register Write to Reg: 0x03 Val: 0x0FC11000
In clock cycle: 253363
Register Write to Reg: 0x03 Val: 0x00000000
In clock cycle: 253364
Register Write to Reg: 0x04 Val: 0x00001008
In clock cycle: 253365
Register Write to Reg: 0x04 Val: 0x00000E48
In clock cycle: 253366
Register Write to Reg: 0x04 Val: 0x00000E40
In clock cycle: 253367
Register Write to Reg: 0x01 Val: 0x00000E38
In clock cycle: 253368
Register Write to Reg: 0x00 Val: 0x00000000
In clock cycle: 253483
Register Write to Reg: 0x03 Val: 0x0FC11000
In clock cycle: 253484
Register Write to Reg: 0x03 Val: 0x00000000
In clock cycle: 253485
Register Write to Reg: 0x04 Val: 0x00001008
In clock cycle: 253486
Register Write to Reg: 0x04 Val: 0x00000E50
In clock cycle: 253487
Register Write to Reg: 0x04 Val: 0x00000E48
In clock cycle: 253488
Register Write to Reg: 0x01 Val: 0x00000E40
In clock cycle: 253489
Register Write to Reg: 0x00 Val: 0x00000000
In clock cycle: 253602
Register Write to Reg: 0x03 Val: 0x0FC11000
In clock cycle: 253603
Register Write to Reg: 0x03 Val: 0x00000000
In clock cycle: 253604
Register Write to Reg: 0x04 Val: 0x00001008
In clock cycle: 253605
Register Write to Reg: 0x04 Val: 0x00000E58
In clock cycle: 253606
Register Write to Reg: 0x04 Val: 0x00000E50
In clock cycle: 253607
Register Write to Reg: 0x01 Val: 0x00000E48
In clock cycle: 253608
Register Write to Reg: 0x00 Val: 0x00000000
In clock cycle: 253719
Register Write to Reg: 0x03 Val: 0x0FC11000
In clock cycle: 253720
Register Write to Reg: 0x03 Val: 0x00000000
In clock cycle: 253721
Register Write to Reg: 0x04 Val: 0x00001008
In clock cycle: 253722
Register Write to Reg: 0x04 Val: 0x00000E60
In clock cycle: 253723
Register Write to Reg: 0x04 Val: 0x00000E58
In clock cycle: 253724
Register Write to Reg: 0x01 Val: 0x00000E50
In clock cycle: 253725
Register Write to Reg: 0x00 Val: 0x00000000
In clock cycle: 253834
Register Write to Reg: 0x03 Val: 0x0FC11000
In clock cycle: 253835
Register Write to Reg: 0x03 Val: 0x00000000
In clock cycle: 253836
Register Write to Reg: 0x04 Val: 0x00001008
In clock cycle: 253837
Register Write to Reg: 0x04 Val: 0x00000E68
In clock cycle: 253838
Register Write to Reg: 0x04 Val: 0x00000E60
In clock cycle: 253839
Register Write to Reg: 0x01 Val: 0x00000E58
In clock cycle: 253840
Register Write to Reg: 0x00 Val: 0x00000000
In clock cycle: 253947
Register Write to Reg: 0x03 Val: 0x0FC11000
In clock cycle: 253948
Register Write to Reg: 0x03 Val: 0x00000000
In clock cycle: 253949
Register Write to Reg: 0x04 Val: 0x00001008
In clock cycle: 253950
Register Write to Reg: 0x04 Val: 0x00000E70
In clock cycle: 253951
Register Write to Reg: 0x04 Val: 0x00000E68
In clock cycle: 253952
Register Write to Reg: 0x01 Val: 0x00000E60
In clock cycle: 253953
Register Write to Reg: 0x00 Val: 0x00000000
In clock cycle: 254058
Register Write to Reg: 0x03 Val: 0x0FC11000
In clock cycle: 254059
Register Write to Reg: 0x03 Val: 0x00000000
In clock cycle: 254060
Register Write to Reg: 0x04 Val: 0x00001008
In clock cycle: 254061
Register Write to Reg: 0x04 Val: 0x00000E78
In clock cycle: 254062
Register Write to Reg: 0x04 Val: 0x00000E70
In clock cycle: 254063
Register Write to Reg: 0x01 Val: 0x00000E68
In clock cycle: 254064
Register Write to Reg: 0x00 Val: 0x00000000
In clock cycle: 254167
Register Write to Reg: 0x03 Val: 0x0FC11000
In clock cycle: 254168
Register Write to Reg: 0x03 Val: 0x00000000
In clock cycle: 254169
Register Write to Reg: 0x04 Val: 0x00001008
In clock cycle: 254170
Register Write to Reg: 0x04 Val: 0x00000E80
In clock cycle: 254171
Register Write to Reg: 0x04 Val: 0x00000E78
In clock cycle: 254172
Register Write to Reg: 0x01 Val: 0x00000E70
In clock cycle: 254173
Register Write to Reg: 0x00 Val: 0x00000000
In clock cycle: 254274
Register Write to Reg: 0x03 Val: 0x0FC11000
In clock cycle: 254275
Register Write to Reg: 0x03 Val: 0x00000000
In clock cycle: 254276
Register Write to Reg: 0x04 Val: 0x00001008
In clock cycle: 254277
Register Write to Reg: 0x04 Val: 0x00000E88
In clock cycle: 254278
Register Write to Reg: 0x04 Val: 0x00000E80
In clock cycle: 254279
Register Write to Reg: 0x01 Val: 0x00000E78
In clock cycle: 254280
Register Write to Reg: 0x00 Val: 0x00000000
In clock cycle: 254379
Register Write to Reg: 0x03 Val: 0x0FC11000
In clock cycle: 254380
Register Write to Reg: 0x03 Val: 0x00000000
In clock cycle: 254381
Register Write to Reg: 0x04 Val: 0x00001008
In clock cycle: 254382
Register Write to Reg: 0x04 Val: 0x00000E90
In clock cycle: 254383
Register Write to Reg: 0x04 Val: 0x00000E88
In clock cycle: 254384
Register Write to Reg: 0x01 Val: 0x00000E80
In clock cycle: 254385
Register Write to Reg: 0x00 Val: 0x00000000
In clock cycle: 254482
Register Write to Reg: 0x03 Val: 0x0FC11000
In clock cycle: 254483
Register Write to Reg: 0x03 Val: 0x00000000
In clock cycle: 254484
Register Write to Reg: 0x04 Val: 0x00001008
In clock cycle: 254485
Register Write to Reg: 0x04 Val: 0x00000E98
In clock cycle: 254486
Register Write to Reg: 0x04 Val: 0x00000E90
In clock cycle: 254487
Register Write to Reg: 0x01 Val: 0x00000E88
In clock cycle: 254488
Register Write to Reg: 0x00 Val: 0x00000000
In clock cycle: 254583
Register Write to Reg: 0x03 Val: 0x0FC11000
In clock cycle: 254584
Register Write to Reg: 0x03 Val: 0x00000000
In clock cycle: 254585
Register Write to Reg: 0x04 Val: 0x00001008
In clock cycle: 254586
Register Write to Reg: 0x04 Val: 0x00000EA0
In clock cycle: 254587
Register Write to Reg: 0x04 Val: 0x00000E98
In clock cycle: 254588
Register Write to Reg: 0x01 Val: 0x00000E90
In clock cycle: 254589
Register Write to Reg: 0x00 Val: 0x00000000
In clock cycle: 254682
Register Write to Reg: 0x03 Val: 0x0FC11000
In clock cycle: 254683
Register Write to Reg: 0x03 Val: 0x00000000
In clock cycle: 254684
Register Write to Reg: 0x04 Val: 0x00001008
In clock cycle: 254685
Register Write to Reg: 0x04 Val: 0x00000EA8
In clock cycle: 254686
Register Write to Reg: 0x04 Val: 0x00000EA0
In clock cycle: 254687
Register Write to Reg: 0x01 Val: 0x00000E98
In clock cycle: 254688
Register Write to Reg: 0x00 Val: 0x00000000
In clock cycle: 254779
Register Write to Reg: 0x03 Val: 0x0FC11000
In clock cycle: 254780
Register Write to Reg: 0x03 Val: 0x00000000
In clock cycle: 254781
Register Write to Reg: 0x04 Val: 0x00001008
In clock cycle: 254782
Register Write to Reg: 0x04 Val: 0x00000EB0
In clock cycle: 254783
Register Write to Reg: 0x04 Val: 0x00000EA8
In clock cycle: 254784
Register Write to Reg: 0x01 Val: 0x00000EA0
In clock cycle: 254785
Register Write to Reg: 0x00 Val: 0x00000000
In clock cycle: 254874
Register Write to Reg: 0x03 Val: 0x0FC11000
In clock cycle: 254875
Register Write to Reg: 0x03 Val: 0x00000000
In clock cycle: 254876
Register Write to Reg: 0x04 Val: 0x00001008
In clock cycle: 254877
Register Write to Reg: 0x04 Val: 0x00000EB8
In clock cycle: 254878
Register Write to Reg: 0x04 Val: 0x00000EB0
In clock cycle: 254879
Register Write to Reg: 0x01 Val: 0x00000EA8
In clock cycle: 254880
Register Write to Reg: 0x00 Val: 0x00000000
In clock cycle: 254967
Register Write to Reg: 0x03 Val: 0x0FC11000
In clock cycle: 254968
Register Write to Reg: 0x03 Val: 0x00000000
In clock cycle: 254969
Register Write to Reg: 0x04 Val: 0x00001008
In clock cycle: 254970
Register Write to Reg: 0x04 Val: 0x00000EC0
In clock cycle: 254971
Register Write to Reg: 0x04 Val: 0x00000EB8
In clock cycle: 254972
Register Write to Reg: 0x01 Val: 0x00000EB0
In clock cycle: 254973
Register Write to Reg: 0x00 Val: 0x00000000
In clock cycle: 255058
Register Write to Reg: 0x03 Val: 0x0FC11000
In clock cycle: 255059
Register Write to Reg: 0x03 Val: 0x00000000
In clock cycle: 255060
Register Write to Reg: 0x04 Val: 0x00001008
In clock cycle: 255061
Register Write to Reg: 0x04 Val: 0x00000EC8
In clock cycle: 255062
Register Write to Reg: 0x04 Val: 0x00000EC0
In clock cycle: 255063
Register Write to Reg: 0x01 Val: 0x00000EB8
In clock cycle: 255064
Register Write to Reg: 0x00 Val: 0x00000000
In clock cycle: 255147
Register Write to Reg: 0x03 Val: 0x0FC11000
In clock cycle: 255148
Register Write to Reg: 0x03 Val: 0x00000000
In clock cycle: 255149
Register Write to Reg: 0x04 Val: 0x00001008
In clock cycle: 255150
Register Write to Reg: 0x04 Val: 0x00000ED0
In clock cycle: 255151
Register Write to Reg: 0x04 Val: 0x00000EC8
In clock cycle: 255152
Register Write to Reg: 0x01 Val: 0x00000EC0
In clock cycle: 255153
Register Write to Reg: 0x00 Val: 0x00000000
In clock cycle: 255234
Register Write to Reg: 0x03 Val: 0x0FC11000
In clock cycle: 255235
Register Write to Reg: 0x03 Val: 0x00000000
In clock cycle: 255236
Register Write to Reg: 0x04 Val: 0x00001008
In clock cycle: 255237
Register Write to Reg: 0x04 Val: 0x00000ED8
In clock cycle: 255238
Register Write to Reg: 0x04 Val: 0x00000ED0
In clock cycle: 255239
Register Write to Reg: 0x01 Val: 0x00000EC8
In clock cycle: 255240
Register Write to Reg: 0x00 Val: 0x00000000
In clock cycle: 255319
Register Write to Reg: 0x03 Val: 0x0FC11000
In clock cycle: 255320
Register Write to Reg: 0x03 Val: 0x00000000
In clock cycle: 255321
Register Write to Reg: 0x04 Val: 0x00001008
In clock cycle: 255322
Register Write to Reg: 0x04 Val: 0x00000EE0
In clock cycle: 255323
Register Write to Reg: 0x04 Val: 0x00000ED8
In clock cycle: 255324
Register Write to Reg: 0x01 Val: 0x00000ED0
In clock cycle: 255325
Register Write to Reg: 0x00 Val: 0x00000000
In clock cycle: 255402
Register Write to Reg: 0x03 Val: 0x0FC11000
In clock cycle: 255403
Register Write to Reg: 0x03 Val: 0x00000000
In clock cycle: 255404
Register Write to Reg: 0x04 Val: 0x00001008
In clock cycle: 255405
Register Write to Reg: 0x04 Val: 0x00000EE8
In clock cycle: 255406
Register Write to Reg: 0x04 Val: 0x00000EE0
In clock cycle: 255407
Register Write to Reg: 0x01 Val: 0x00000ED8
In clock cycle: 255408
Register Write to Reg: 0x00 Val: 0x00000000
In clock cycle: 255483
Register Write to Reg: 0x03 Val: 0x0FC11000
In clock cycle: 255484
Register Write to Reg: 0x03 Val: 0x00000000
In clock cycle: 255485
Register Write to Reg: 0x04 Val: 0x00001008
In clock cycle: 255486
Register Write to Reg: 0x04 Val: 0x00000EF0
In clock cycle: 255487
Register Write to Reg: 0x04 Val: 0x00000EE8
In clock cycle: 255488
Register Write to Reg: 0x01 Val: 0x00000EE0
In clock cycle: 255489
Register Write to Reg: 0x00 Val: 0x00000000
In clock cycle: 255562
Register Write to Reg: 0x03 Val: 0x0FC11000
In clock cycle: 255563
Register Write to Reg: 0x03 Val: 0x00000000
In clock cycle: 255564
Register Write to Reg: 0x04 Val: 0x00001008
In clock cycle: 255565
Register Write to Reg: 0x04 Val: 0x00000EF8
In clock cycle: 255566
Register Write to Reg: 0x04 Val: 0x00000EF0
In clock cycle: 255567
Register Write to Reg: 0x01 Val: 0x00000EE8
In clock cycle: 255568
Register Write to Reg: 0x00 Val: 0x00000000
In clock cycle: 255639
Register Write to Reg: 0x03 Val: 0x0FC11000
In clock cycle: 255640
Register Write to Reg: 0x03 Val: 0x00000000
In clock cycle: 255641
Register Write to Reg: 0x04 Val: 0x00001008
In clock cycle: 255642
Register Write to Reg: 0x04 Val: 0x00000F00
In clock cycle: 255643
Register Write to Reg: 0x04 Val: 0x00000EF8
In clock cycle: 255644
Register Write to Reg: 0x01 Val: 0x00000EF0
In clock cycle: 255645
Register Write to Reg: 0x00 Val: 0x00000000
In clock cycle: 255714
Register Write to Reg: 0x03 Val: 0x0FC11000
In clock cycle: 255715
Register Write to Reg: 0x03 Val: 0x00000000
In clock cycle: 255716
Register Write to Reg: 0x04 Val: 0x00001008
In clock cycle: 255717
Register Write to Reg: 0x04 Val: 0x00000F08
In clock cycle: 255718
Register Write to Reg: 0x04 Val: 0x00000F00
In clock cycle: 255719
Register Write to Reg: 0x01 Val: 0x00000EF8
In clock cycle: 255720
Register Write to Reg: 0x00 Val: 0x00000000
In clock cycle: 255787
Register Write to Reg: 0x03 Val: 0x0FC11000
In clock cycle: 255788
Register Write to Reg: 0x03 Val: 0x00000000
In clock cycle: 255789
Register Write to Reg: 0x04 Val: 0x00001008
In clock cycle: 255790
Register Write to Reg: 0x04 Val: 0x00000F10
In clock cycle: 255791
Register Write to Reg: 0x04 Val: 0x00000F08
In clock cycle: 255792
Register Write to Reg: 0x01 Val: 0x00000F00
In clock cycle: 255793
Register Write to Reg: 0x00 Val: 0x00000000
In clock cycle: 255858
Register Write to Reg: 0x03 Val: 0x0FC11000
In clock cycle: 255859
Register Write to Reg: 0x03 Val: 0x00000000
In clock cycle: 255860
Register Write to Reg: 0x04 Val: 0x00001008
In clock cycle: 255861
Register Write to Reg: 0x04 Val: 0x00000F18
In clock cycle: 255862
Register Write to Reg: 0x04 Val: 0x00000F10
In clock cycle: 255863
Register Write to Reg: 0x01 Val: 0x00000F08
In clock cycle: 255864
Register Write to Reg: 0x00 Val: 0x00000000
In clock cycle: 255927
Register Write to Reg: 0x03 Val: 0x0FC11000
In clock cycle: 255928
Register Write to Reg: 0x03 Val: 0x00000000
In clock cycle: 255929
Register Write to Reg: 0x04 Val: 0x00001008
In clock cycle: 255930
Register Write to Reg: 0x04 Val: 0x00000F20
In clock cycle: 255931
Register Write to Reg: 0x04 Val: 0x00000F18
In clock cycle: 255932
Register Write to Reg: 0x01 Val: 0x00000F10
In clock cycle: 255933
Register Write to Reg: 0x00 Val: 0x00000000
In clock cycle: 255994
Register Write to Reg: 0x03 Val: 0x0FC11000
In clock cycle: 255995
Register Write to Reg: 0x03 Val: 0x00000000
In clock cycle: 255996
Register Write to Reg: 0x04 Val: 0x00001008
In clock cycle: 255997
Register Write to Reg: 0x04 Val: 0x00000F28
In clock cycle: 255998
Register Write to Reg: 0x04 Val: 0x00000F20
In clock cycle: 255999
Register Write to Reg: 0x01 Val: 0x00000F18
In clock cycle: 256000
Register Write to Reg: 0x00 Val: 0x00000000
In clock cycle: 256059
Register Write to Reg: 0x03 Val: 0x0FC11000
In clock cycle: 256060
Register Write to Reg: 0x03 Val: 0x00000000
In clock cycle: 256061
Register Write to Reg: 0x04 Val: 0x00001008
In clock cycle: 256062
Register Write to Reg: 0x04 Val: 0x00000F30
In clock cycle: 256063
Register Write to Reg: 0x04 Val: 0x00000F28
In clock cycle: 256064
Register Write to Reg: 0x01 Val: 0x00000F20
In clock cycle: 256065
Register Write to Reg: 0x00 Val: 0x00000000
In clock cycle: 256122
Register Write to Reg: 0x03 Val: 0x0FC11000
In clock cycle: 256123
Register Write to Reg: 0x03 Val: 0x00000000
In clock cycle: 256124
Register Write to Reg: 0x04 Val: 0x00001008
In clock cycle: 256125
Register Write to Reg: 0x04 Val: 0x00000F38
In clock cycle: 256126
Register Write to Reg: 0x04 Val: 0x00000F30
In clock cycle: 256127
Register Write to Reg: 0x01 Val: 0x00000F28
In clock cycle: 256128
Register Write to Reg: 0x00 Val: 0x00000000
In clock cycle: 256183
Register Write to Reg: 0x03 Val: 0x0FC11000
In clock cycle: 256184
Register Write to Reg: 0x03 Val: 0x00000000
In clock cycle: 256185
Register Write to Reg: 0x04 Val: 0x00001008
In clock cycle: 256186
Register Write to Reg: 0x04 Val: 0x00000F40
In clock cycle: 256187
Register Write to Reg: 0x04 Val: 0x00000F38
In clock cycle: 256188
Register Write to Reg: 0x01 Val: 0x00000F30
In clock cycle: 256189
Register Write to Reg: 0x00 Val: 0x00000000
In clock cycle: 256242
Register Write to Reg: 0x03 Val: 0x0FC11000
In clock cycle: 256243
Register Write to Reg: 0x03 Val: 0x00000000
In clock cycle: 256244
Register Write to Reg: 0x04 Val: 0x00001008
In clock cycle: 256245
Register Write to Reg: 0x04 Val: 0x00000F48
In clock cycle: 256246
Register Write to Reg: 0x04 Val: 0x00000F40
In clock cycle: 256247
Register Write to Reg: 0x01 Val: 0x00000F38
In clock cycle: 256248
Register Write to Reg: 0x00 Val: 0x00000000
In clock cycle: 256299
Register Write to Reg: 0x03 Val: 0x0FC11000
In clock cycle: 256300
Register Write to Reg: 0x03 Val: 0x00000000
In clock cycle: 256301
Register Write to Reg: 0x04 Val: 0x00001008
In clock cycle: 256302
Register Write to Reg: 0x04 Val: 0x00000F50
In clock cycle: 256303
Register Write to Reg: 0x04 Val: 0x00000F48
In clock cycle: 256304
Register Write to Reg: 0x01 Val: 0x00000F40
In clock cycle: 256305
Register Write to Reg: 0x00 Val: 0x00000000
In clock cycle: 256354
Register Write to Reg: 0x03 Val: 0x0FC11000
In clock cycle: 256355
Register Write to Reg: 0x03 Val: 0x00000000
In clock cycle: 256356
Register Write to Reg: 0x04 Val: 0x00001008
In clock cycle: 256357
Register Write to Reg: 0x04 Val: 0x00000F58
In clock cycle: 256358
Register Write to Reg: 0x04 Val: 0x00000F50
In clock cycle: 256359
Register Write to Reg: 0x01 Val: 0x00000F48
In clock cycle: 256360
Register Write to Reg: 0x00 Val: 0x00000000
In clock cycle: 256407
Register Write to Reg: 0x03 Val: 0x0FC11000
In clock cycle: 256408
Register Write to Reg: 0x03 Val: 0x00000000
In clock cycle: 256409
Register Write to Reg: 0x04 Val: 0x00001008
In clock cycle: 256410
Register Write to Reg: 0x04 Val: 0x00000F60
In clock cycle: 256411
Register Write to Reg: 0x04 Val: 0x00000F58
In clock cycle: 256412
Register Write to Reg: 0x01 Val: 0x00000F50
In clock cycle: 256413
Register Write to Reg: 0x00 Val: 0x00000000
In clock cycle: 256458
Register Write to Reg: 0x03 Val: 0x0FC11000
In clock cycle: 256459
Register Write to Reg: 0x03 Val: 0x00000000
In clock cycle: 256460
Register Write to Reg: 0x04 Val: 0x00001008
In clock cycle: 256461
Register Write to Reg: 0x04 Val: 0x00000F68
In clock cycle: 256462
Register Write to Reg: 0x04 Val: 0x00000F60
In clock cycle: 256463
Register Write to Reg: 0x01 Val: 0x00000F58
In clock cycle: 256464
Register Write to Reg: 0x00 Val: 0x00000000
In clock cycle: 256507
Register Write to Reg: 0x03 Val: 0x0FC11000
In clock cycle: 256508
Register Write to Reg: 0x03 Val: 0x00000000
In clock cycle: 256509
Register Write to Reg: 0x04 Val: 0x00001008
In clock cycle: 256510
Register Write to Reg: 0x04 Val: 0x00000F70
In clock cycle: 256511
Register Write to Reg: 0x04 Val: 0x00000F68
In clock cycle: 256512
Register Write to Reg: 0x01 Val: 0x00000F60
In clock cycle: 256513
Register Write to Reg: 0x00 Val: 0x00000000
In clock cycle: 256554
Register Write to Reg: 0x03 Val: 0x0FC11000
In clock cycle: 256555
Register Write to Reg: 0x03 Val: 0x00000000
In clock cycle: 256556
Register Write to Reg: 0x04 Val: 0x00001008
In clock cycle: 256557
Register Write to Reg: 0x04 Val: 0x00000F78
In clock cycle: 256558
Register Write to Reg: 0x04 Val: 0x00000F70
In clock cycle: 256559
Register Write to Reg: 0x01 Val: 0x00000F68
In clock cycle: 256560
Register Write to Reg: 0x00 Val: 0x00000000
In clock cycle: 256599
Register Write to Reg: 0x03 Val: 0x0FC11000
In clock cycle: 256600
Register Write to Reg: 0x03 Val: 0x00000000
In clock cycle: 256601
Register Write to Reg: 0x04 Val: 0x00001008
In clock cycle: 256602
Register Write to Reg: 0x04 Val: 0x00000F80
In clock cycle: 256603
Register Write to Reg: 0x04 Val: 0x00000F78
In clock cycle: 256604
Register Write to Reg: 0x01 Val: 0x00000F70
In clock cycle: 256605
Register Write to Reg: 0x00 Val: 0x00000000
In clock cycle: 256642
Register Write to Reg: 0x03 Val: 0x0FC11000
In clock cycle: 256643
Register Write to Reg: 0x03 Val: 0x00000000
In clock cycle: 256644
Register Write to Reg: 0x04 Val: 0x00001008
In clock cycle: 256645
Register Write to Reg: 0x04 Val: 0x00000F88
In clock cycle: 256646
Register Write to Reg: 0x04 Val: 0x00000F80
In clock cycle: 256647
Register Write to Reg: 0x01 Val: 0x00000F78
In clock cycle: 256648
Register Write to Reg: 0x00 Val: 0x00000000
In clock cycle: 256683
Register Write to Reg: 0x03 Val: 0x0FC11000
In clock cycle: 256684
Register Write to Reg: 0x03 Val: 0x00000000
In clock cycle: 256685
Register Write to Reg: 0x04 Val: 0x00001008
In clock cycle: 256686
Register Write to Reg: 0x04 Val: 0x00000F90
In clock cycle: 256687
Register Write to Reg: 0x04 Val: 0x00000F88
In clock cycle: 256688
Register Write to Reg: 0x01 Val: 0x00000F80
In clock cycle: 256689
Register Write to Reg: 0x00 Val: 0x00000000
In clock cycle: 256722
Register Write to Reg: 0x03 Val: 0x0FC11000
In clock cycle: 256723
Register Write to Reg: 0x03 Val: 0x00000000
In clock cycle: 256724
Register Write to Reg: 0x04 Val: 0x00001008
In clock cycle: 256725
Register Write to Reg: 0x04 Val: 0x00000F98
In clock cycle: 256726
Register Write to Reg: 0x04 Val: 0x00000F90
In clock cycle: 256727
Register Write to Reg: 0x01 Val: 0x00000F88
In clock cycle: 256728
Register Write to Reg: 0x00 Val: 0x00000000
In clock cycle: 256759
Register Write to Reg: 0x03 Val: 0x0FC11000
In clock cycle: 256760
Register Write to Reg: 0x03 Val: 0x00000000
In clock cycle: 256761
Register Write to Reg: 0x04 Val: 0x00001008
In clock cycle: 256762
Register Write to Reg: 0x04 Val: 0x00000FA0
In clock cycle: 256763
Register Write to Reg: 0x04 Val: 0x00000F98
In clock cycle: 256764
Register Write to Reg: 0x01 Val: 0x00000F90
In clock cycle: 256765
Register Write to Reg: 0x00 Val: 0x00000000
In clock cycle: 256794
Register Write to Reg: 0x03 Val: 0x0FC11000
In clock cycle: 256795
Register Write to Reg: 0x03 Val: 0x00000000
In clock cycle: 256796
Register Write to Reg: 0x04 Val: 0x00001008
In clock cycle: 256797
Register Write to Reg: 0x04 Val: 0x00000FA8
In clock cycle: 256798
Register Write to Reg: 0x04 Val: 0x00000FA0
In clock cycle: 256799
Register Write to Reg: 0x01 Val: 0x00000F98
In clock cycle: 256800
Register Write to Reg: 0x00 Val: 0x00000000
In clock cycle: 256827
Register Write to Reg: 0x03 Val: 0x0FC11000
In clock cycle: 256828
Register Write to Reg: 0x03 Val: 0x00000000
In clock cycle: 256829
Register Write to Reg: 0x04 Val: 0x00001008
In clock cycle: 256830
Register Write to Reg: 0x04 Val: 0x00000FB0
In clock cycle: 256831
Register Write to Reg: 0x04 Val: 0x00000FA8
In clock cycle: 256832
Register Write to Reg: 0x01 Val: 0x00000FA0
In clock cycle: 256833
Register Write to Reg: 0x00 Val: 0x00000000
In clock cycle: 256858
Register Write to Reg: 0x03 Val: 0x0FC11000
In clock cycle: 256859
Register Write to Reg: 0x03 Val: 0x00000000
In clock cycle: 256860
Register Write to Reg: 0x04 Val: 0x00001008
In clock cycle: 256861
Register Write to Reg: 0x04 Val: 0x00000FB8
In clock cycle: 256862
Register Write to Reg: 0x04 Val: 0x00000FB0
In clock cycle: 256863
Register Write to Reg: 0x01 Val: 0x00000FA8
In clock cycle: 256864
Register Write to Reg: 0x00 Val: 0x00000000
In clock cycle: 256887
Register Write to Reg: 0x03 Val: 0x0FC11000
In clock cycle: 256888
Register Write to Reg: 0x03 Val: 0x00000000
In clock cycle: 256889
Register Write to Reg: 0x04 Val: 0x00001008
In clock cycle: 256890
Register Write to Reg: 0x04 Val: 0x00000FC0
In clock cycle: 256891
Register Write to Reg: 0x04 Val: 0x00000FB8
In clock cycle: 256892
Register Write to Reg: 0x01 Val: 0x00000FB0
In clock cycle: 256893
Register Write to Reg: 0x00 Val: 0x00000000
In clock cycle: 256914
Register Write to Reg: 0x03 Val: 0x0FC11000
In clock cycle: 256915
Register Write to Reg: 0x03 Val: 0x00000000
In clock cycle: 256916
Register Write to Reg: 0x04 Val: 0x00001008
In clock cycle: 256917
Register Write to Reg: 0x04 Val: 0x00000FC8
In clock cycle: 256918
Register Write to Reg: 0x04 Val: 0x00000FC0
In clock cycle: 256919
Register Write to Reg: 0x01 Val: 0x00000FB8
In clock cycle: 256920
Register Write to Reg: 0x00 Val: 0x00000000
In clock cycle: 256939
Register Write to Reg: 0x03 Val: 0x0FC11000
In clock cycle: 256940
Register Write to Reg: 0x03 Val: 0x00000000
In clock cycle: 256941
Register Write to Reg: 0x04 Val: 0x00001008
In clock cycle: 256942
Register Write to Reg: 0x04 Val: 0x00000FD0
In clock cycle: 256943
Register Write to Reg: 0x04 Val: 0x00000FC8
In clock cycle: 256944
Register Write to Reg: 0x01 Val: 0x00000FC0
In clock cycle: 256945
Register Write to Reg: 0x00 Val: 0x00000000
In clock cycle: 256962
Register Write to Reg: 0x03 Val: 0x0FC11000
In clock cycle: 256963
Register Write to Reg: 0x03 Val: 0x00000000
In clock cycle: 256964
Register Write to Reg: 0x04 Val: 0x00001008
In clock cycle: 256965
Register Write to Reg: 0x04 Val: 0x00000FD8
In clock cycle: 256966
Register Write to Reg: 0x04 Val: 0x00000FD0
In clock cycle: 256967
Register Write to Reg: 0x01 Val: 0x00000FC8
In clock cycle: 256968
Register Write to Reg: 0x00 Val: 0x00000000
In clock cycle: 256983
Register Write to Reg: 0x03 Val: 0x0FC11000
In clock cycle: 256984
Register Write to Reg: 0x03 Val: 0x00000000
In clock cycle: 256985
Register Write to Reg: 0x04 Val: 0x00001008
In clock cycle: 256986
Register Write to Reg: 0x04 Val: 0x00000FE0
In clock cycle: 256987
Register Write to Reg: 0x04 Val: 0x00000FD8
In clock cycle: 256988
Register Write to Reg: 0x01 Val: 0x00000FD0
In clock cycle: 256989
Register Write to Reg: 0x00 Val: 0x00000000
In clock cycle: 257002
Register Write to Reg: 0x03 Val: 0x0FC11000
In clock cycle: 257003
Register Write to Reg: 0x03 Val: 0x00000000
In clock cycle: 257004
Register Write to Reg: 0x04 Val: 0x00001008
In clock cycle: 257005
Register Write to Reg: 0x04 Val: 0x00000FE8
In clock cycle: 257006
Register Write to Reg: 0x04 Val: 0x00000FE0
In clock cycle: 257007
Register Write to Reg: 0x01 Val: 0x00000FD8
In clock cycle: 257008
Register Write to Reg: 0x00 Val: 0x00000000
In clock cycle: 257019
Register Write to Reg: 0x03 Val: 0x0FC11000
In clock cycle: 257020
Register Write to Reg: 0x03 Val: 0x00000000
In clock cycle: 257021
Register Write to Reg: 0x04 Val: 0x00001008
In clock cycle: 257022
Register Write to Reg: 0x04 Val: 0x00000FF0
In clock cycle: 257023
Register Write to Reg: 0x04 Val: 0x00000FE8
In clock cycle: 257024
Register Write to Reg: 0x01 Val: 0x00000FE0
In clock cycle: 257025
Register Write to Reg: 0x00 Val: 0x00000000
In clock cycle: 257034
Register Write to Reg: 0x03 Val: 0x0FC11000
In clock cycle: 257035
Register Write to Reg: 0x03 Val: 0x00000000
In clock cycle: 257036
Register Write to Reg: 0x04 Val: 0x00001008
In clock cycle: 257037
Register Write to Reg: 0x04 Val: 0x00000FF8
In clock cycle: 257038
Register Write to Reg: 0x04 Val: 0x00000FF0
In clock cycle: 257039
Register Write to Reg: 0x01 Val: 0x00000FE8
In clock cycle: 257040
Register Write to Reg: 0x00 Val: 0x00000000
In clock cycle: 257047
Register Write to Reg: 0x03 Val: 0x0FC11000
In clock cycle: 257048
Register Write to Reg: 0x03 Val: 0x00000000
In clock cycle: 257049
Register Write to Reg: 0x04 Val: 0x00001008
In clock cycle: 257050
Register Write to Reg: 0x04 Val: 0x00001000
In clock cycle: 257051
Register Write to Reg: 0x04 Val: 0x00000FF8
In clock cycle: 257052
Register Write to Reg: 0x01 Val: 0x00000FF0
In clock cycle: 257053
Register Write to Reg: 0x00 Val: 0x00000000
In clock cycle: 257058
Register Write to Reg: 0x03 Val: 0x0FC11000
In clock cycle: 257059
Register Write to Reg: 0x03 Val: 0x00000000
In clock cycle: 257060
Register Write to Reg: 0x04 Val: 0x00001008
In clock cycle: 257061
Register Write to Reg: 0x04 Val: 0x00001008
In clock cycle: 257062
Register Write to Reg: 0x04 Val: 0x00001000
In clock cycle: 257063
Register Write to Reg: 0x01 Val: 0x00000FF8
In clock cycle: 257064
Register Write to Reg: 0x00 Val: 0x00000000
In clock cycle: 257067
Register Write to Reg: 0x03 Val: 0x0FC11000
In clock cycle: 257068
Register Write to Reg: 0x03 Val: 0x00000000
In clock cycle: 257069
Register Write to Reg: 0x04 Val: 0x00001008
In clock cycle: 257070
Register Write to Reg: 0x04 Val: 0x00001010
In clock cycle: 257071
Register Write to Reg: 0x04 Val: 0x00001008
In clock cycle: 257072
Register Write to Reg: 0x01 Val: 0x00001000
In clock cycle: 257073
Register Write to Reg: 0x00 Val: 0x00000000
In clock cycle: 257074
Register Write to Reg: 0x03 Val: 0x0FC11000
In clock cycle: 257075
Register Write to Reg: 0x03 Val: 0x00000000
In clock cycle: 257076
Register Write to Reg: 0x04 Val: 0x00001008
In clock cycle: 257077
Register Write to Reg: 0x04 Val: 0x00001018
In clock cycle: 257078
Register Write to Reg: 0x04 Val: 0x00001010
In clock cycle: 257079
Register Write to Reg: 0x01 Val: 0x00001008
In clock cycle: 257080
Register Write to Reg: 0x00 Val: 0x00000000
In clock cycle: 257081
Register Write to Reg: 0x04 Val: 0x00001008
In clock cycle: 257082
Register Write to Reg: 0x04 Val: 0x00001020
In clock cycle: 257083
Register Write to Reg: 0x04 Val: 0x00001018
In clock cycle: 257084
Register Write to Reg: 0x01 Val: 0x00001010
In clock cycle: 257085
Register Write to Reg: 0x00 Val: 0x00000000
In clock cycle: 257086
Register Write to Reg: 0x04 Val: 0x00001028
In clock cycle: 257087
Register Write to Reg: 0x01 Val: 0x00001018
In clock cycle: 257088
Register Write to Reg: 0x00 Val: 0x00000000
In clock cycle: 257089
Register Write to Reg: 0x00 Val: 0x00000000
In clock cycle: 257090
Register Write to Reg: 0x00 Val: 0x00000000
In clock cycle: 257091
Register Write to Reg: 0x00 Val: 0x00000000
In clock cycle: 257092
Register Write to Reg: 0x05 Val: 0x00000001
In clock cycle: 257092
Memory Write to Addr: 0x00000000 Val: 0x00000003
In clock cycle: 257094
Register Write to Reg: 0x04 Val: 0x0000103C
In clock cycle: 257095
Register Write to Reg: 0x01 Val: 0x00001028
In clock cycle: 257096
Register Write to Reg: 0x05 Val: 0x00000003
In clock cycle: 257096
Memory Write to Addr: 0x00000000 Val: 0x00000001
In clock cycle: 257098
Register Write to Reg: 0x04 Val: 0x00001050
In clock cycle: 257099
Register Write to Reg: 0x01 Val: 0x0000103C
In clock cycle: 257100
Register Write to Reg: 0x05 Val: 0x00000003
In clock cycle: 258110
Register Write to Reg: 0x03 Val: 0x0FC12000
In clock cycle: 258111
Register Write to Reg: 0x03 Val: 0x00000000
In clock cycle: 258112
Register Write to Reg: 0x04 Val: 0x00002008
In clock cycle: 258113
Register Write to Reg: 0x04 Val: 0x00001060
In clock cycle: 258114
Register Write to Reg: 0x04 Val: 0x00001058
In clock cycle: 258115
Register Write to Reg: 0x01 Val: 0x00001050
In clock cycle: 258116
Register Write to Reg: 0x00 Val: 0x00000000
In clock cycle: 259121
Register Write to Reg: 0x03 Val: 0x0FC12000
In clock cycle: 259122
Register Write to Reg: 0x03 Val: 0x00000000
In clock cycle: 259123
Register Write to Reg: 0x04 Val: 0x00002008
In clock cycle: 259124
Register Write to Reg: 0x04 Val: 0x00001068
In clock cycle: 259125
Register Write to Reg: 0x04 Val: 0x00001060
In clock cycle: 259126
Register Write to Reg: 0x01 Val: 0x00001058
In clock cycle: 259127
Register Write to Reg: 0x00 Val: 0x00000000
In clock cycle: 260130
Register Write to Reg: 0x03 Val: 0x0FC12000
In clock cycle: 260131
Register Write to Reg: 0x03 Val: 0x00000000
In clock cycle: 260132
Register Write to Reg: 0x04 Val: 0x00002008
In clock cycle: 260133
Register Write to Reg: 0x04 Val: 0x00001070
In clock cycle: 260134
Register Write to Reg: 0x04 Val: 0x00001068
In clock cycle: 260135
Register Write to Reg: 0x01 Val: 0x00001060
In clock cycle: 260136
Register Write to Reg: 0x00 Val: 0x00000000
In clock cycle: 261137
Register Write to Reg: 0x03 Val: 0x0FC12000
In clock cycle: 261138
Register Write to Reg: 0x03 Val: 0x00000000
In clock cycle: 261139
Register Write to Reg: 0x04 Val: 0x00002008
In clock cycle: 261140
Register Write to Reg: 0x04 Val: 0x00001078
In clock cycle: 261141
Register Write to Reg: 0x04 Val: 0x00001070
In clock cycle: 261142
Register Write to Reg: 0x01 Val: 0x00001068
In clock cycle: 261143
Register Write to Reg: 0x00 Val: 0x00000000
In clock cycle: 262142
Register Write to Reg: 0x03 Val: 0x0FC12000
In clock cycle: 262143
Register Write to Reg: 0x03 Val: 0x00000000
In clock cycle: 262144
Register Write to Reg: 0x04 Val: 0x00002008
In clock cycle: 262145
Register Write to Reg: 0x04 Val: 0x00001080
In clock cycle: 262146
Register Write to Reg: 0x04 Val: 0x00001078
In clock cycle: 262147
Register Write to Reg: 0x01 Val: 0x00001070
In clock cycle: 262148
Register Write to Reg: 0x00 Val: 0x00000000
In clock cycle: 263145
Register Write to Reg: 0x03 Val: 0x0FC12000
In clock cycle: 263146
Register Write to Reg: 0x03 Val: 0x00000000
In clock cycle: 263147
Register Write to Reg: 0x04 Val: 0x00002008
In clock cycle: 263148
Register Write to Reg: 0x04 Val: 0x00001088
In clock cycle: 263149
Register Write to Reg: 0x04 Val: 0x00001080
In clock cycle: 263150
Register Write to Reg: 0x01 Val: 0x00001078
In clock cycle: 263151
Register Write to Reg: 0x00 Val: 0x00000000
In clock cycle: 264146
Register Write to Reg: 0x03 Val: 0x0FC12000
In clock cycle: 264147
Register Write to Reg: 0x03 Val: 0x00000000
In clock cycle: 264148
Register Write to Reg: 0x04 Val: 0x00002008
In clock cycle: 264149
Register Write to Reg: 0x04 Val: 0x00001090
In clock cycle: 264150
Register Write to Reg: 0x04 Val: 0x00001088
In clock cycle: 264151
Register Write to Reg: 0x01 Val: 0x00001080
In clock cycle: 264152
Register Write to Reg: 0x00 Val: 0x00000000
In clock cycle: 265145
Register Write to Reg: 0x03 Val: 0x0FC12000
In clock cycle: 265146
Register Write to Reg: 0x03 Val: 0x00000000
In clock cycle: 265147
Register Write to Reg: 0x04 Val: 0x00002008
In clock cycle: 265148
Register Write to Reg: 0x04 Val: 0x00001098
In clock cycle: 265149
Register Write to Reg: 0x04 Val: 0x00001090
In clock cycle: 265150
Register Write to Reg: 0x01 Val: 0x00001088
In clock cycle: 265151
Register Write to Reg: 0x00 Val: 0x00000000
In clock cycle: 266142
Register Write to Reg: 0x03 Val: 0x0FC12000
In clock cycle: 266143
Register Write to Reg: 0x03 Val: 0x00000000
In clock cycle: 266144
Register Write to Reg: 0x04 Val: 0x00002008
In clock cycle: 266145
Register Write to Reg: 0x04 Val: 0x000010A0
In clock cycle: 266146
Register Write to Reg: 0x04 Val: 0x00001098
In clock cycle: 266147
Register Write to Reg: 0x01 Val: 0x00001090
In clock cycle: 266148
Register Write to Reg: 0x00 Val: 0x00000000
In clock cycle: 267137
Register Write to Reg: 0x03 Val: 0x0FC12000
In clock cycle: 267138
Register Write to Reg: 0x03 Val: 0x00000000
In clock cycle: 267139
Register Write to Reg: 0x04 Val: 0x00002008
In clock cycle: 267140
Register Write to Reg: 0x04 Val: 0x000010A8
In clock cycle: 267141
Register Write to Reg: 0x04 Val: 0x000010A0
In clock cycle: 267142
Register Write to Reg: 0x01 Val: 0x00001098
In clock cycle: 267143
Register Write to Reg: 0x00 Val: 0x00000000
In clock cycle: 268130
Register Write to Reg: 0x03 Val: 0x0FC12000
In clock cycle: 268131
Register Write to Reg: 0x03 Val: 0x00000000
In clock cycle: 268132
Register Write to Reg: 0x04 Val: 0x00002008
In clock cycle: 268133
Register Write to Reg: 0x04 Val: 0x000010B0
In clock cycle: 268134
Register Write to Reg: 0x04 Val: 0x000010A8
In clock cycle: 268135
Register Write to Reg: 0x01 Val: 0x000010A0
In clock cycle: 268136
Register Write to Reg: 0x00 Val: 0x00000000
In clock cycle: 269121
Register Write to Reg: 0x03 Val: 0x0FC12000
In clock cycle: 269122
Register Write to Reg: 0x03 Val: 0x00000000
In clock cycle: 269123
Register Write to Reg: 0x04 Val: 0x00002008
In clock cycle: 269124
Register Write to Reg: 0x04 Val: 0x000010B8
In clock cycle: 269125
Register Write to Reg: 0x04 Val: 0x000010B0
In clock cycle: 269126
Register Write to Reg: 0x01 Val: 0x000010A8
In clock cycle: 269127
Register Write to Reg: 0x00 Val: 0x00000000
In clock cycle: 270110
Register Write to Reg: 0x03 Val: 0x0FC12000
In clock cycle: 270111
Register Write to Reg: 0x03 Val: 0x00000000
In clock cycle: 270112
Register Write to Reg: 0x04 Val: 0x00002008
In clock cycle: 270113
Register Write to Reg: 0x04 Val: 0x000010C0
In clock cycle: 270114
Register Write to Reg: 0x04 Val: 0x000010B8
In clock cycle: 270115
Register Write to Reg: 0x01 Val: 0x000010B0
In clock cycle: 270116
Register Write to Reg: 0x00 Val: 0x00000000
In clock cycle: 271097
Register Write to Reg: 0x03 Val: 0x0FC12000
In clock cycle: 271098
Register Write to Reg: 0x03 Val: 0x00000000
In clock cycle: 271099
Register Write to Reg: 0x04 Val: 0x00002008
In clock cycle: 271100
Register Write to Reg: 0x04 Val: 0x000010C8
In clock cycle: 271101
Register Write to Reg: 0x04 Val: 0x000010C0
In clock cycle: 271102
Register Write to Reg: 0x01 Val: 0x000010B8
In clock cycle: 271103
Register Write to Reg: 0x00 Val: 0x00000000
In clock cycle: 272082
Register Write to Reg: 0x03 Val: 0x0FC12000
In clock cycle: 272083
Register Write to Reg: 0x03 Val: 0x00000000
In clock cycle: 272084
Register Write to Reg: 0x04 Val: 0x00002008
In clock cycle: 272085
Register Write to Reg: 0x04 Val: 0x000010D0
In clock cycle: 272086
Register Write to Reg: 0x04 Val: 0x000010C8
In clock cycle: 272087
Register Write to Reg: 0x01 Val: 0x000010C0
In clock cycle: 272088
Register Write to Reg: 0x00 Val: 0x00000000
In clock cycle: 273065
Register Write to Reg: 0x03 Val: 0x0FC12000
In clock cycle: 273066
Register Write to Reg: 0x03 Val: 0x00000000
In clock cycle: 273067
Register Write to Reg: 0x04 Val: 0x00002008
In clock cycle: 273068
Register Write to Reg: 0x04 Val: 0x000010D8
In clock cycle: 273069
Register Write to Reg: 0x04 Val: 0x000010D0
In clock cycle: 273070
Register Write to Reg: 0x01 Val: 0x000010C8
In clock cycle: 273071
Register Write to Reg: 0x00 Val: 0x00000000
In clock cycle: 274046
Register Write to Reg: 0x03 Val: 0x0FC12000
In clock cycle: 274047
Register Write to Reg: 0x03 Val: 0x00000000
In clock cycle: 274048
Register Write to Reg: 0x04 Val: 0x00002008
In clock cycle: 274049
Register Write to Reg: 0x04 Val: 0x000010E0
In clock cycle: 274050
Register Write to Reg: 0x04 Val: 0x000010D8
In clock cycle: 274051
Register Write to Reg: 0x01 Val: 0x000010D0
In clock cycle: 274052
Register Write to Reg: 0x00 Val: 0x00000000
In clock cycle: 275025
Register Write to Reg: 0x03 Val: 0x0FC12000
In clock cycle: 275026
Register Write to Reg: 0x03 Val: 0x00000000
In clock cycle: 275027
Register Write to Reg: 0x04 Val: 0x00002008
In clock cycle: 275028
Register Write to Reg: 0x04 Val: 0x000010E8
In clock cycle: 275029
Register Write to Reg: 0x04 Val: 0x000010E0
In clock cycle: 275030
Register Write to Reg: 0x01 Val: 0x000010D8
In clock cycle: 275031
Register Write to Reg: 0x00 Val: 0x00000000
In clock cycle: 276002
Register Write to Reg: 0x03 Val: 0x0FC12000
In clock cycle: 276003
Register Write to Reg: 0x03 Val: 0x00000000
In clock cycle: 276004
Register Write to Reg: 0x04 Val: 0x00002008
In clock cycle: 276005
Register Write to Reg: 0x04 Val: 0x000010F0
In clock cycle: 276006
Register Write to Reg: 0x04 Val: 0x000010E8
In clock cycle: 276007
Register Write to Reg: 0x01 Val: 0x000010E0
In clock cycle: 276008
Register Write to Reg: 0x00 Val: 0x00000000
In clock cycle: 276977
Register Write to Reg: 0x03 Val: 0x0FC12000
In clock cycle: 276978
Register Write to Reg: 0x03 Val: 0x00000000
In clock cycle: 276979
Register Write to Reg: 0x04 Val: 0x00002008
In clock cycle: 276980
Register Write to Reg: 0x04 Val: 0x000010F8
In clock cycle: 276981
Register Write to Reg: 0x04 Val: 0x000010F0
In clock cycle: 276982
Register Write to Reg: 0x01 Val: 0x000010E8
In clock cycle: 276983
Register Write to Reg: 0x00 Val: 0x00000000
In clock cycle: 277950
Register Write to Reg: 0x03 Val: 0x0FC12000
In clock cycle: 277951
Register Write to Reg: 0x03 Val: 0x00000000
In clock cycle: 277952
Register Write to Reg: 0x04 Val: 0x00002008
In clock cycle: 277953
Register Write to Reg: 0x04 Val: 0x00001100
In clock cycle: 277954
Register Write to Reg: 0x04 Val: 0x000010F8
In clock cycle: 277955
Register Write to Reg: 0x01 Val: 0x000010F0
In clock cycle: 277956
Register Write to Reg: 0x00 Val: 0x00000000
In clock cycle: 278921
Register Write to Reg: 0x03 Val: 0x0FC12000
In clock cycle: 278922
Register Write to Reg: 0x03 Val: 0x00000000
In clock cycle: 278923
Register Write to Reg: 0x04 Val: 0x00002008
In clock cycle: 278924
Register Write to Reg: 0x04 Val: 0x00001108
In clock cycle: 278925
Register Write to Reg: 0x04 Val: 0x00001100
In clock cycle: 278926
Register Write to Reg: 0x01 Val: 0x000010F8
In clock cycle: 278927
Register Write to Reg: 0x00 Val: 0x00000000
In clock cycle: 279890
Register Write to Reg: 0x03 Val: 0x0FC12000
In clock cycle: 279891
Register Write to Reg: 0x03 Val: 0x00000000
In clock cycle: 279892
Register Write to Reg: 0x04 Val: 0x00002008
In clock cycle: 279893
Register Write to Reg: 0x04 Val: 0x00001110
In clock cycle: 279894
Register Write to Reg: 0x04 Val: 0x00001108
In clock cycle: 279895
Register Write to Reg: 0x01 Val: 0x00001100
In clock cycle: 279896
Register Write to Reg: 0x00 Val: 0x00000000
In clock cycle: 280857
Register Write to Reg: 0x03 Val: 0x0FC12000
In clock cycle: 280858
Register Write to Reg: 0x03 Val: 0x00000000
In clock cycle: 280859
Register Write to Reg: 0x04 Val: 0x00002008
In clock cycle: 280860
Register Write to Reg: 0x04 Val: 0x00001118
In clock cycle: 280861
Register Write to Reg: 0x04 Val: 0x00001110
In clock cycle: 280862
Register Write to Reg: 0x01 Val: 0x00001108
In clock cycle: 280863
Register Write to Reg: 0x00 Val: 0x00000000
In clock cycle: 281822
Register Write to Reg: 0x03 Val: 0x0FC12000
In clock cycle: 281823
Register Write to Reg: 0x03 Val: 0x00000000
In clock cycle: 281824
Register Write to Reg: 0x04 Val: 0x00002008
In clock cycle: 281825
Register Write to Reg: 0x04 Val: 0x00001120
In clock cycle: 281826
Register Write to Reg: 0x04 Val: 0x00001118
In clock cycle: 281827
Register Write to Reg: 0x01 Val: 0x00001110
In clock cycle: 281828
Register Write to Reg: 0x00 Val: 0x00000000
In clock cycle: 282785
Register Write to Reg: 0x03 Val: 0x0FC12000
In clock cycle: 282786
Register Write to Reg: 0x03 Val: 0x00000000
In clock cycle: 282787
Register Write to Reg: 0x04 Val: 0x00002008
In clock cycle: 282788
Register Write to Reg: 0x04 Val: 0x00001128
In clock cycle: 282789
Register Write to Reg: 0x04 Val: 0x00001120
In clock cycle: 282790
Register Write to Reg: 0x01 Val: 0x00001118
In clock cycle: 282791
Register Write to Reg: 0x00 Val: 0x00000000
In clock cycle: 283746
Register Write to Reg: 0x03 Val: 0x0FC12000
In clock cycle: 283747
Register Write to Reg: 0x03 Val: 0x00000000
In clock cycle: 283748
Register Write to Reg: 0x04 Val: 0x00002008
In clock cycle: 283749
Register Write to Reg: 0x04 Val: 0x00001130
In clock cycle: 283750
Register Write to Reg: 0x04 Val: 0x00001128
In clock cycle: 283751
Register Write to Reg: 0x01 Val: 0x00001120
In clock cycle: 283752
Register Write to Reg: 0x00 Val: 0x00000000
In clock cycle: 284705
Register Write to Reg: 0x03 Val: 0x0FC12000
In clock cycle: 284706
Register Write to Reg: 0x03 Val: 0x00000000
In clock cycle: 284707
Register Write to Reg: 0x04 Val: 0x00002008
In clock cycle: 284708
Register Write to Reg: 0x04 Val: 0x00001138
In clock cycle: 284709
Register Write to Reg: 0x04 Val: 0x00001130
In clock cycle: 284710
Register Write to Reg: 0x01 Val: 0x00001128
In clock cycle: 284711
Register Write to Reg: 0x00 Val: 0x00000000
In clock cycle: 285662
Register Write to Reg: 0x03 Val: 0x0FC12000
In clock cycle: 285663
Register Write to Reg: 0x03 Val: 0x00000000
In clock cycle: 285664
Register Write to Reg: 0x04 Val: 0x00002008
In clock cycle: 285665
Register Write to Reg: 0x04 Val: 0x00001140
In clock cycle: 285666
Register Write to Reg: 0x04 Val: 0x00001138
In clock cycle: 285667
Register Write to Reg: 0x01 Val: 0x00001130
In clock cycle: 285668
Register Write to Reg: 0x00 Val: 0x00000000
In clock cycle: 286617
Register Write to Reg: 0x03 Val: 0x0FC12000
In clock cycle: 286618
Register Write to Reg: 0x03 Val: 0x00000000
In clock cycle: 286619
Register Write to Reg: 0x04 Val: 0x00002008
In clock cycle: 286620
Register Write to Reg: 0x04 Val: 0x00001148
In clock cycle: 286621
Register Write to Reg: 0x04 Val: 0x00001140
In clock cycle: 286622
Register Write to Reg: 0x01 Val: 0x00001138
In clock cycle: 286623
Register Write to Reg: 0x00 Val: 0x00000000
In clock cycle: 287570
Register Write to Reg: 0x03 Val: 0x0FC12000
In clock cycle: 287571
Register Write to Reg: 0x03 Val: 0x00000000
In clock cycle: 287572
Register Write to Reg: 0x04 Val: 0x00002008
In clock cycle: 287573
Register Write to Reg: 0x04 Val: 0x00001150
In clock cycle: 287574
Register Write to Reg: 0x04 Val: 0x00001148
In clock cycle: 287575
Register Write to Reg: 0x01 Val: 0x00001140
In clock cycle: 287576
Register Write to Reg: 0x00 Val: 0x00000000
In clock cycle: 288521
Register Write to Reg: 0x03 Val: 0x0FC12000
In clock cycle: 288522
Register Write to Reg: 0x03 Val: 0x00000000
In clock cycle: 288523
Register Write to Reg: 0x04 Val: 0x00002008
In clock cycle: 288524
Register Write to Reg: 0x04 Val: 0x00001158
In clock cycle: 288525
Register Write to Reg: 0x04 Val: 0x00001150
In clock cycle: 288526
Register Write to Reg: 0x01 Val: 0x00001148
In clock cycle: 288527
Register Write to Reg: 0x00 Val: 0x00000000
In clock cycle: 289470
Register Write to Reg: 0x03 Val: 0x0FC12000
In clock cycle: 289471
Register Write to Reg: 0x03 Val: 0x00000000
In clock cycle: 289472
Register Write to Reg: 0x04 Val: 0x00002008
In clock cycle: 289473
Register Write to Reg: 0x04 Val: 0x00001160
In clock cycle: 289474
Register Write to Reg: 0x04 Val: 0x00001158
In clock cycle: 289475
Register Write to Reg: 0x01 Val: 0x00001150
In clock cycle: 289476
Register Write to Reg: 0x00 Val: 0x00000000
In clock cycle: 290417
Register Write to Reg: 0x03 Val: 0x0FC12000
In clock cycle: 290418
Register Write to Reg: 0x03 Val: 0x00000000
In clock cycle: 290419
Register Write to Reg: 0x04 Val: 0x00002008
In clock cycle: 290420
Register Write to Reg: 0x04 Val: 0x00001168
In clock cycle: 290421
Register Write to Reg: 0x04 Val: 0x00001160
In clock cycle: 290422
Register Write to Reg: 0x01 Val: 0x00001158
In clock cycle: 290423
Register Write to Reg: 0x00 Val: 0x00000000
In clock cycle: 291362
Register Write to Reg: 0x03 Val: 0x0FC12000
In clock cycle: 291363
Register Write to Reg: 0x03 Val: 0x00000000
In clock cycle: 291364
Register Write to Reg: 0x04 Val: 0x00002008
In clock cycle: 291365
Register Write to Reg: 0x04 Val: 0x00001170
In clock cycle: 291366
Register Write to Reg: 0x04 Val: 0x00001168
In clock cycle: 291367
Register Write to Reg: 0x01 Val: 0x00001160
In clock cycle: 291368
Register Write to Reg: 0x00 Val: 0x00000000
In clock cycle: 292305
Register Write to Reg: 0x03 Val: 0x0FC12000
In clock cycle: 292306
Register Write to Reg: 0x03 Val: 0x00000000
In clock cycle: 292307
Register Write to Reg: 0x04 Val: 0x00002008
In clock cycle: 292308
Register Write to Reg: 0x04 Val: 0x00001178
In clock cycle: 292309
Register Write to Reg: 0x04 Val: 0x00001170
In clock cycle: 292310
Register Write to Reg: 0x01 Val: 0x00001168
In clock cycle: 292311
Register Write to Reg: 0x00 Val: 0x00000000
In clock cycle: 293246
Register Write to Reg: 0x03 Val: 0x0FC12000
In clock cycle: 293247
Register Write to Reg: 0x03 Val: 0x00000000
In clock cycle: 293248
Register Write to Reg: 0x04 Val: 0x00002008
In clock cycle: 293249
Register Write to Reg: 0x04 Val: 0x00001180
In clock cycle: 293250
Register Write to Reg: 0x04 Val: 0x00001178
In clock cycle: 293251
Register Write to Reg: 0x01 Val: 0x00001170
In clock cycle: 293252
Register Write to Reg: 0x00 Val: 0x00000000
In clock cycle: 294185
Register Write to Reg: 0x03 Val: 0x0FC12000
In clock cycle: 294186
Register Write to Reg: 0x03 Val: 0x00000000
In clock cycle: 294187
Register Write to Reg: 0x04 Val: 0x00002008
In clock cycle: 294188
Register Write to Reg: 0x04 Val: 0x00001188
In clock cycle: 294189
Register Write to Reg: 0x04 Val: 0x00001180
In clock cycle: 294190
Register Write to Reg: 0x01 Val: 0x00001178
In clock cycle: 294191
Register Write to Reg: 0x00 Val: 0x00000000
In clock cycle: 295122
Register Write to Reg: 0x03 Val: 0x0FC12000
In clock cycle: 295123
Register Write to Reg: 0x03 Val: 0x00000000
In clock cycle: 295124
Register Write to Reg: 0x04 Val: 0x00002008
In clock cycle: 295125
Register Write to Reg: 0x04 Val: 0x00001190
In clock cycle: 295126
Register Write to Reg: 0x04 Val: 0x00001188
In clock cycle: 295127
Register Write to Reg: 0x01 Val: 0x00001180
In clock cycle: 295128
Register Write to Reg: 0x00 Val: 0x00000000
In clock cycle: 296057
Register Write to Reg: 0x03 Val: 0x0FC12000
In clock cycle: 296058
Register Write to Reg: 0x03 Val: 0x00000000
In clock cycle: 296059
Register Write to Reg: 0x04 Val: 0x00002008
In clock cycle: 296060
Register Write to Reg: 0x04 Val: 0x00001198
In clock cycle: 296061
Register Write to Reg: 0x04 Val: 0x00001190
In clock cycle: 296062
Register Write to Reg: 0x01 Val: 0x00001188
In clock cycle: 296063
Register Write to Reg: 0x00 Val: 0x00000000
In clock cycle: 296990
Register Write to Reg: 0x03 Val: 0x0FC12000
In clock cycle: 296991
Register Write to Reg: 0x03 Val: 0x00000000
In clock cycle: 296992
Register Write to Reg: 0x04 Val: 0x00002008
In clock cycle: 296993
Register Write to Reg: 0x04 Val: 0x000011A0
In clock cycle: 296994
Register Write to Reg: 0x04 Val: 0x00001198
In clock cycle: 296995
Register Write to Reg: 0x01 Val: 0x00001190
In clock cycle: 296996
Register Write to Reg: 0x00 Val: 0x00000000
In clock cycle: 297921
Register Write to Reg: 0x03 Val: 0x0FC12000
In clock cycle: 297922
Register Write to Reg: 0x03 Val: 0x00000000
In clock cycle: 297923
Register Write to Reg: 0x04 Val: 0x00002008
In clock cycle: 297924
Register Write to Reg: 0x04 Val: 0x000011A8
In clock cycle: 297925
Register Write to Reg: 0x04 Val: 0x000011A0
In clock cycle: 297926
Register Write to Reg: 0x01 Val: 0x00001198
In clock cycle: 297927
Register Write to Reg: 0x00 Val: 0x00000000
In clock cycle: 298850
Register Write to Reg: 0x03 Val: 0x0FC12000
In clock cycle: 298851
Register Write to Reg: 0x03 Val: 0x00000000
In clock cycle: 298852
Register Write to Reg: 0x04 Val: 0x00002008
In clock cycle: 298853
Register Write to Reg: 0x04 Val: 0x000011B0
In clock cycle: 298854
Register Write to Reg: 0x04 Val: 0x000011A8
In clock cycle: 298855
Register Write to Reg: 0x01 Val: 0x000011A0
In clock cycle: 298856
Register Write to Reg: 0x00 Val: 0x00000000
In clock cycle: 299777
Register Write to Reg: 0x03 Val: 0x0FC12000
In clock cycle: 299778
Register Write to Reg: 0x03 Val: 0x00000000
In clock cycle: 299779
Register Write to Reg: 0x04 Val: 0x00002008
In clock cycle: 299780
Register Write to Reg: 0x04 Val: 0x000011B8
In clock cycle: 299781
Register Write to Reg: 0x04 Val: 0x000011B0
In clock cycle: 299782
Register Write to Reg: 0x01 Val: 0x000011A8
In clock cycle: 299783
Register Write to Reg: 0x00 Val: 0x00000000
In clock cycle: 300702
Register Write to Reg: 0x03 Val: 0x0FC12000
In clock cycle: 300703
Register Write to Reg: 0x03 Val: 0x00000000
In clock cycle: 300704
Register Write to Reg: 0x04 Val: 0x00002008
In clock cycle: 300705
Register Write to Reg: 0x04 Val: 0x000011C0
In clock cycle: 300706
Register Write to Reg: 0x04 Val: 0x000011B8
In clock cycle: 300707
Register Write to Reg: 0x01 Val: 0x000011B0
In clock cycle: 300708
Register Write to Reg: 0x00 Val: 0x00000000
In clock cycle: 301625
Register Write to Reg: 0x03 Val: 0x0FC12000
In clock cycle: 301626
Register Write to Reg: 0x03 Val: 0x00000000
In clock cycle: 301627
Register Write to Reg: 0x04 Val: 0x00002008
In clock cycle: 301628
Register Write to Reg: 0x04 Val: 0x000011C8
In clock cycle: 301629
Register Write to Reg: 0x04 Val: 0x000011C0
In clock cycle: 301630
Register Write to Reg: 0x01 Val: 0x000011B8
In clock cycle: 301631
Register Write to Reg: 0x00 Val: 0x00000000
In clock cycle: 302546
Register Write to Reg: 0x03 Val: 0x0FC12000
In clock cycle: 302547
Register Write to Reg: 0x03 Val: 0x00000000
In clock cycle: 302548
Register Write to Reg: 0x04 Val: 0x00002008
In clock cycle: 302549
Register Write to Reg: 0x04 Val: 0x000011D0
In clock cycle: 302550
Register Write to Reg: 0x04 Val: 0x000011C8
In clock cycle: 302551
Register Write to Reg: 0x01 Val: 0x000011C0
In clock cycle: 302552
Register Write to Reg: 0x00 Val: 0x00000000
In clock cycle: 303465
Register Write to Reg: 0x03 Val: 0x0FC12000
In clock cycle: 303466
Register Write to Reg: 0x03 Val: 0x00000000
In clock cycle: 303467
Register Write to Reg: 0x04 Val: 0x00002008
In clock cycle: 303468
Register Write to Reg: 0x04 Val: 0x000011D8
In clock cycle: 303469
Register Write to Reg: 0x04 Val: 0x000011D0
In clock cycle: 303470
Register Write to Reg: 0x01 Val: 0x000011C8
In clock cycle: 303471
Register Write to Reg: 0x00 Val: 0x00000000
In clock cycle: 304382
Register Write to Reg: 0x03 Val: 0x0FC12000
In clock cycle: 304383
Register Write to Reg: 0x03 Val: 0x00000000
In clock cycle: 304384
Register Write to Reg: 0x04 Val: 0x00002008
In clock cycle: 304385
Register Write to Reg: 0x04 Val: 0x000011E0
In clock cycle: 304386
Register Write to Reg: 0x04 Val: 0x000011D8
In clock cycle: 304387
Register Write to Reg: 0x01 Val: 0x000011D0
In clock cycle: 304388
Register Write to Reg: 0x00 Val: 0x00000000
In clock cycle: 305297
Register Write to Reg: 0x03 Val: 0x0FC12000
In clock cycle: 305298
Register Write to Reg: 0x03 Val: 0x00000000
In clock cycle: 305299
Register Write to Reg: 0x04 Val: 0x00002008
In clock cycle: 305300
Register Write to Reg: 0x04 Val: 0x000011E8
In clock cycle: 305301
Register Write to Reg: 0x04 Val: 0x000011E0
In clock cycle: 305302
Register Write to Reg: 0x01 Val: 0x000011D8
In clock cycle: 305303
Register Write to Reg: 0x00 Val: 0x00000000
In clock cycle: 306210
Register Write to Reg: 0x03 Val: 0x0FC12000
In clock cycle: 306211
Register Write to Reg: 0x03 Val: 0x00000000
In clock cycle: 306212
Register Write to Reg: 0x04 Val: 0x00002008
In clock cycle: 306213
Register Write to Reg: 0x04 Val: 0x000011F0
In clock cycle: 306214
Register Write to Reg: 0x04 Val: 0x000011E8
In clock cycle: 306215
Register Write to Reg: 0x01 Val: 0x000011E0
In clock cycle: 306216
Register Write to Reg: 0x00 Val: 0x00000000
In clock cycle: 307121
Register Write to Reg: 0x03 Val: 0x0FC12000
In clock cycle: 307122
Register Write to Reg: 0x03 Val: 0x00000000
In clock cycle: 307123
Register Write to Reg: 0x04 Val: 0x00002008
In clock cycle: 307124
Register Write to Reg: 0x04 Val: 0x000011F8
In clock cycle: 307125
Register Write to Reg: 0x04 Val: 0x000011F0
In clock cycle: 307126
Register Write to Reg: 0x01 Val: 0x000011E8
In clock cycle: 307127
Register Write to Reg: 0x00 Val: 0x00000000
In clock cycle: 308030
Register Write to Reg: 0x03 Val: 0x0FC12000
In clock cycle: 308031
Register Write to Reg: 0x03 Val: 0x00000000
In clock cycle: 308032
Register Write to Reg: 0x04 Val: 0x00002008
In clock cycle: 308033
Register Write to Reg: 0x04 Val: 0x00001200
In clock cycle: 308034
Register Write to Reg: 0x04 Val: 0x000011F8
In clock cycle: 308035
Register Write to Reg: 0x01 Val: 0x000011F0
In clock cycle: 308036
Register Write to Reg: 0x00 Val: 0x00000000
In clock cycle: 308937
Register Write to Reg: 0x03 Val: 0x0FC12000
In clock cycle: 308938
Register Write to Reg: 0x03 Val: 0x00000000
In clock cycle: 308939
Register Write to Reg: 0x04 Val: 0x00002008
In clock cycle: 308940
Register Write to Reg: 0x04 Val: 0x00001208
In clock cycle: 308941
Register Write to Reg: 0x04 Val: 0x00001200
In clock cycle: 308942
Register Write to Reg: 0x01 Val: 0x000011F8
In clock cycle: 308943
Register Write to Reg: 0x00 Val: 0x00000000
In clock cycle: 309842
Register Write to Reg: 0x03 Val: 0x0FC12000
In clock cycle: 309843
Register Write to Reg: 0x03 Val: 0x00000000
In clock cycle: 309844
Register Write to Reg: 0x04 Val: 0x00002008
In clock cycle: 309845
Register Write to Reg: 0x04 Val: 0x00001210
In clock cycle: 309846
Register Write to Reg: 0x04 Val: 0x00001208
In clock cycle: 309847
Register Write to Reg: 0x01 Val: 0x00001200
In clock cycle: 309848
Register Write to Reg: 0x00 Val: 0x00000000
In clock cycle: 310745
Register Write to Reg: 0x03 Val: 0x0FC12000
In clock cycle: 310746
Register Write to Reg: 0x03 Val: 0x00000000
In clock cycle: 310747
Register Write to Reg: 0x04 Val: 0x00002008
In clock cycle: 310748
Register Write to Reg: 0x04 Val: 0x00001218
In clock cycle: 310749
Register Write to Reg: 0x04 Val: 0x00001210
In clock cycle: 310750
Register Write to Reg: 0x01 Val: 0x00001208
In clock cycle: 310751
Register Write to Reg: 0x00 Val: 0x00000000
In clock cycle: 311646
Register Write to Reg: 0x03 Val: 0x0FC12000
In clock cycle: 311647
Register Write to Reg: 0x03 Val: 0x00000000
In clock cycle: 311648
Register Write to Reg: 0x04 Val: 0x00002008
In clock cycle: 311649
Register Write to Reg: 0x04 Val: 0x00001220
In clock cycle: 311650
Register Write to Reg: 0x04 Val: 0x00001218
In clock cycle: 311651
Register Write to Reg: 0x01 Val: 0x00001210
In clock cycle: 311652
Register Write to Reg: 0x00 Val: 0x00000000
In clock cycle: 312545
Register Write to Reg: 0x03 Val: 0x0FC12000
In clock cycle: 312546
Register Write to Reg: 0x03 Val: 0x00000000
In clock cycle: 312547
Register Write to Reg: 0x04 Val: 0x00002008
In clock cycle: 312548
Register Write to Reg: 0x04 Val: 0x00001228
In clock cycle: 312549
Register Write to Reg: 0x04 Val: 0x00001220
In clock cycle: 312550
Register Write to Reg: 0x01 Val: 0x00001218
In clock cycle: 312551
Register Write to Reg: 0x00 Val: 0x00000000
In clock cycle: 313442
Register Write to Reg: 0x03 Val: 0x0FC12000
In clock cycle: 313443
Register Write to Reg: 0x03 Val: 0x00000000
In clock cycle: 313444
Register Write to Reg: 0x04 Val: 0x00002008
In clock cycle: 313445
Register Write to Reg: 0x04 Val: 0x00001230
In clock cycle: 313446
Register Write to Reg: 0x04 Val: 0x00001228
In clock cycle: 313447
Register Write to Reg: 0x01 Val: 0x00001220
In clock cycle: 313448
Register Write to Reg: 0x00 Val: 0x00000000
In clock cycle: 314337
Register Write to Reg: 0x03 Val: 0x0FC12000
In clock cycle: 314338
Register Write to Reg: 0x03 Val: 0x00000000
In clock cycle: 314339
Register Write to Reg: 0x04 Val: 0x00002008
In clock cycle: 314340
Register Write to Reg: 0x04 Val: 0x00001238
In clock cycle: 314341
Register Write to Reg: 0x04 Val: 0x00001230
In clock cycle: 314342
Register Write to Reg: 0x01 Val: 0x00001228
In clock cycle: 314343
Register Write to Reg: 0x00 Val: 0x00000000
In clock cycle: 315230
Register Write to Reg: 0x03 Val: 0x0FC12000
In clock cycle: 315231
Register Write to Reg: 0x03 Val: 0x00000000
In clock cycle: 315232
Register Write to Reg: 0x04 Val: 0x00002008
In clock cycle: 315233
Register Write to Reg: 0x04 Val: 0x00001240
In clock cycle: 315234
Register Write to Reg: 0x04 Val: 0x00001238
In clock cycle: 315235
Register Write to Reg: 0x01 Val: 0x00001230
In clock cycle: 315236
Register Write to Reg: 0x00 Val: 0x00000000
In clock cycle: 316121
Register Write to Reg: 0x03 Val: 0x0FC12000
In clock cycle: 316122
Register Write to Reg: 0x03 Val: 0x00000000
In clock cycle: 316123
Register Write to Reg: 0x04 Val: 0x00002008
In clock cycle: 316124
Register Write to Reg: 0x04 Val: 0x00001248
In clock cycle: 316125
Register Write to Reg: 0x04 Val: 0x00001240
In clock cycle: 316126
Register Write to Reg: 0x01 Val: 0x00001238
In clock cycle: 316127
Register Write to Reg: 0x00 Val: 0x00000000
In clock cycle: 317010
Register Write to Reg: 0x03 Val: 0x0FC12000
In clock cycle: 317011
Register Write to Reg: 0x03 Val: 0x00000000
In clock cycle: 317012
Register Write to Reg: 0x04 Val: 0x00002008
In clock cycle: 317013
Register Write to Reg: 0x04 Val: 0x00001250
In clock cycle: 317014
Register Write to Reg: 0x04 Val: 0x00001248
In clock cycle: 317015
Register Write to Reg: 0x01 Val: 0x00001240
In clock cycle: 317016
Register Write to Reg: 0x00 Val: 0x00000000
In clock cycle: 317897
Register Write to Reg: 0x03 Val: 0x0FC12000
In clock cycle: 317898
Register Write to Reg: 0x03 Val: 0x00000000
In clock cycle: 317899
Register Write to Reg: 0x04 Val: 0x00002008
In clock cycle: 317900
Register Write to Reg: 0x04 Val: 0x00001258
In clock cycle: 317901
Register Write to Reg: 0x04 Val: 0x00001250
In clock cycle: 317902
Register Write to Reg: 0x01 Val: 0x00001248
In clock cycle: 317903
Register Write to Reg: 0x00 Val: 0x00000000
In clock cycle: 318782
Register Write to Reg: 0x03 Val: 0x0FC12000
In clock cycle: 318783
Register Write to Reg: 0x03 Val: 0x00000000
In clock cycle: 318784
Register Write to Reg: 0x04 Val: 0x00002008
In clock cycle: 318785
Register Write to Reg: 0x04 Val: 0x00001260
In clock cycle: 318786
Register Write to Reg: 0x04 Val: 0x00001258
In clock cycle: 318787
Register Write to Reg: 0x01 Val: 0x00001250
In clock cycle: 318788
Register Write to Reg: 0x00 Val: 0x00000000
In clock cycle: 319665
Register Write to Reg: 0x03 Val: 0x0FC12000
In clock cycle: 319666
Register Write to Reg: 0x03 Val: 0x00000000
In clock cycle: 319667
Register Write to Reg: 0x04 Val: 0x00002008
In clock cycle: 319668
Register Write to Reg: 0x04 Val: 0x00001268
In clock cycle: 319669
Register Write to Reg: 0x04 Val: 0x00001260
In clock cycle: 319670
Register Write to Reg: 0x01 Val: 0x00001258
In clock cycle: 319671
Register Write to Reg: 0x00 Val: 0x00000000
In clock cycle: 320546
Register Write to Reg: 0x03 Val: 0x0FC12000
In clock cycle: 320547
Register Write to Reg: 0x03 Val: 0x00000000
In clock cycle: 320548
Register Write to Reg: 0x04 Val: 0x00002008
In clock cycle: 320549
Register Write to Reg: 0x04 Val: 0x00001270
In clock cycle: 320550
Register Write to Reg: 0x04 Val: 0x00001268
In clock cycle: 320551
Register Write to Reg: 0x01 Val: 0x00001260
In clock cycle: 320552
Register Write to Reg: 0x00 Val: 0x00000000
In clock cycle: 321425
Register Write to Reg: 0x03 Val: 0x0FC12000
In clock cycle: 321426
Register Write to Reg: 0x03 Val: 0x00000000
In clock cycle: 321427
Register Write to Reg: 0x04 Val: 0x00002008
In clock cycle: 321428
Register Write to Reg: 0x04 Val: 0x00001278
In clock cycle: 321429
Register Write to Reg: 0x04 Val: 0x00001270
In clock cycle: 321430
Register Write to Reg: 0x01 Val: 0x00001268
In clock cycle: 321431
Register Write to Reg: 0x00 Val: 0x00000000
In clock cycle: 322302
Register Write to Reg: 0x03 Val: 0x0FC12000
In clock cycle: 322303
Register Write to Reg: 0x03 Val: 0x00000000
In clock cycle: 322304
Register Write to Reg: 0x04 Val: 0x00002008
In clock cycle: 322305
Register Write to Reg: 0x04 Val: 0x00001280
In clock cycle: 322306
Register Write to Reg: 0x04 Val: 0x00001278
In clock cycle: 322307
Register Write to Reg: 0x01 Val: 0x00001270
In clock cycle: 322308
Register Write to Reg: 0x00 Val: 0x00000000
In clock cycle: 323177
Register Write to Reg: 0x03 Val: 0x0FC12000
In clock cycle: 323178
Register Write to Reg: 0x03 Val: 0x00000000
In clock cycle: 323179
Register Write to Reg: 0x04 Val: 0x00002008
In clock cycle: 323180
Register Write to Reg: 0x04 Val: 0x00001288
In clock cycle: 323181
Register Write to Reg: 0x04 Val: 0x00001280
In clock cycle: 323182
Register Write to Reg: 0x01 Val: 0x00001278
In clock cycle: 323183
Register Write to Reg: 0x00 Val: 0x00000000
In clock cycle: 324050
Register Write to Reg: 0x03 Val: 0x0FC12000
In clock cycle: 324051
Register Write to Reg: 0x03 Val: 0x00000000
In clock cycle: 324052
Register Write to Reg: 0x04 Val: 0x00002008
In clock cycle: 324053
Register Write to Reg: 0x04 Val: 0x00001290
In clock cycle: 324054
Register Write to Reg: 0x04 Val: 0x00001288
In clock cycle: 324055
Register Write to Reg: 0x01 Val: 0x00001280
In clock cycle: 324056
Register Write to Reg: 0x00 Val: 0x00000000
In clock cycle: 324921
Register Write to Reg: 0x03 Val: 0x0FC12000
In clock cycle: 324922
Register Write to Reg: 0x03 Val: 0x00000000
In clock cycle: 324923
Register Write to Reg: 0x04 Val: 0x00002008
In clock cycle: 324924
Register Write to Reg: 0x04 Val: 0x00001298
In clock cycle: 324925
Register Write to Reg: 0x04 Val: 0x00001290
In clock cycle: 324926
Register Write to Reg: 0x01 Val: 0x00001288
In clock cycle: 324927
Register Write to Reg: 0x00 Val: 0x00000000
In clock cycle: 325790
Register Write to Reg: 0x03 Val: 0x0FC12000
In clock cycle: 325791
Register Write to Reg: 0x03 Val: 0x00000000
In clock cycle: 325792
Register Write to Reg: 0x04 Val: 0x00002008
In clock cycle: 325793
Register Write to Reg: 0x04 Val: 0x000012A0
In clock cycle: 325794
Register Write to Reg: 0x04 Val: 0x00001298
In clock cycle: 325795
Register Write to Reg: 0x01 Val: 0x00001290
In clock cycle: 325796
Register Write to Reg: 0x00 Val: 0x00000000
In clock cycle: 326657
Register Write to Reg: 0x03 Val: 0x0FC12000
In clock cycle: 326658
Register Write to Reg: 0x03 Val: 0x00000000
In clock cycle: 326659
Register Write to Reg: 0x04 Val: 0x00002008
In clock cycle: 326660
Register Write to Reg: 0x04 Val: 0x000012A8
In clock cycle: 326661
Register Write to Reg: 0x04 Val: 0x000012A0
In clock cycle: 326662
Register Write to Reg: 0x01 Val: 0x00001298
In clock cycle: 326663
Register Write to Reg: 0x00 Val: 0x00000000
In clock cycle: 327522
Register Write to Reg: 0x03 Val: 0x0FC12000
In clock cycle: 327523
Register Write to Reg: 0x03 Val: 0x00000000
In clock cycle: 327524
Register Write to Reg: 0x04 Val: 0x00002008
In clock cycle: 327525
Register Write to Reg: 0x04 Val: 0x000012B0
In clock cycle: 327526
Register Write to Reg: 0x04 Val: 0x000012A8
In clock cycle: 327527
Register Write to Reg: 0x01 Val: 0x000012A0
In clock cycle: 327528
Register Write to Reg: 0x00 Val: 0x00000000
In clock cycle: 328385
Register Write to Reg: 0x03 Val: 0x0FC12000
In clock cycle: 328386
Register Write to Reg: 0x03 Val: 0x00000000
In clock cycle: 328387
Register Write to Reg: 0x04 Val: 0x00002008
In clock cycle: 328388
Register Write to Reg: 0x04 Val: 0x000012B8
In clock cycle: 328389
Register Write to Reg: 0x04 Val: 0x000012B0
In clock cycle: 328390
Register Write to Reg: 0x01 Val: 0x000012A8
In clock cycle: 328391
Register Write to Reg: 0x00 Val: 0x00000000
In clock cycle: 329246
Register Write to Reg: 0x03 Val: 0x0FC12000
In clock cycle: 329247
Register Write to Reg: 0x03 Val: 0x00000000
In clock cycle: 329248
Register Write to Reg: 0x04 Val: 0x00002008
In clock cycle: 329249
Register Write to Reg: 0x04 Val: 0x000012C0
In clock cycle: 329250
Register Write to Reg: 0x04 Val: 0x000012B8
In clock cycle: 329251
Register Write to Reg: 0x01 Val: 0x000012B0
In clock cycle: 329252
Register Write to Reg: 0x00 Val: 0x00000000
In clock cycle: 330105
Register Write to Reg: 0x03 Val: 0x0FC12000
In clock cycle: 330106
Register Write to Reg: 0x03 Val: 0x00000000
In clock cycle: 330107
Register Write to Reg: 0x04 Val: 0x00002008
In clock cycle: 330108
Register Write to Reg: 0x04 Val: 0x000012C8
In clock cycle: 330109
Register Write to Reg: 0x04 Val: 0x000012C0
In clock cycle: 330110
Register Write to Reg: 0x01 Val: 0x000012B8
In clock cycle: 330111
Register Write to Reg: 0x00 Val: 0x00000000
In clock cycle: 330962
Register Write to Reg: 0x03 Val: 0x0FC12000
In clock cycle: 330963
Register Write to Reg: 0x03 Val: 0x00000000
In clock cycle: 330964
Register Write to Reg: 0x04 Val: 0x00002008
In clock cycle: 330965
Register Write to Reg: 0x04 Val: 0x000012D0
In clock cycle: 330966
Register Write to Reg: 0x04 Val: 0x000012C8
In clock cycle: 330967
Register Write to Reg: 0x01 Val: 0x000012C0
In clock cycle: 330968
Register Write to Reg: 0x00 Val: 0x00000000
In clock cycle: 331817
Register Write to Reg: 0x03 Val: 0x0FC12000
In clock cycle: 331818
Register Write to Reg: 0x03 Val: 0x00000000
In clock cycle: 331819
Register Write to Reg: 0x04 Val: 0x00002008
In clock cycle: 331820
Register Write to Reg: 0x04 Val: 0x000012D8
In clock cycle: 331821
Register Write to Reg: 0x04 Val: 0x000012D0
In clock cycle: 331822
Register Write to Reg: 0x01 Val: 0x000012C8
In clock cycle: 331823
Register Write to Reg: 0x00 Val: 0x00000000
In clock cycle: 332670
Register Write to Reg: 0x03 Val: 0x0FC12000
In clock cycle: 332671
Register Write to Reg: 0x03 Val: 0x00000000
In clock cycle: 332672
Register Write to Reg: 0x04 Val: 0x00002008
In clock cycle: 332673
Register Write to Reg: 0x04 Val: 0x000012E0
In clock cycle: 332674
Register Write to Reg: 0x04 Val: 0x000012D8
In clock cycle: 332675
Register Write to Reg: 0x01 Val: 0x000012D0
In clock cycle: 332676
Register Write to Reg: 0x00 Val: 0x00000000
In clock cycle: 333521
Register Write to Reg: 0x03 Val: 0x0FC12000
In clock cycle: 333522
Register Write to Reg: 0x03 Val: 0x00000000
In clock cycle: 333523
Register Write to Reg: 0x04 Val: 0x00002008
In clock cycle: 333524
Register Write to Reg: 0x04 Val: 0x000012E8
In clock cycle: 333525
Register Write to Reg: 0x04 Val: 0x000012E0
In clock cycle: 333526
Register Write to Reg: 0x01 Val: 0x000012D8
In clock cycle: 333527
Register Write to Reg: 0x00 Val: 0x00000000
In clock cycle: 334370
Register Write to Reg: 0x03 Val: 0x0FC12000
In clock cycle: 334371
Register Write to Reg: 0x03 Val: 0x00000000
In clock cycle: 334372
Register Write to Reg: 0x04 Val: 0x00002008
In clock cycle: 334373
Register Write to Reg: 0x04 Val: 0x000012F0
In clock cycle: 334374
Register Write to Reg: 0x04 Val: 0x000012E8
In clock cycle: 334375
Register Write to Reg: 0x01 Val: 0x000012E0
In clock cycle: 334376
Register Write to Reg: 0x00 Val: 0x00000000
In clock cycle: 335217
Register Write to Reg: 0x03 Val: 0x0FC12000
In clock cycle: 335218
Register Write to Reg: 0x03 Val: 0x00000000
In clock cycle: 335219
Register Write to Reg: 0x04 Val: 0x00002008
In clock cycle: 335220
Register Write to Reg: 0x04 Val: 0x000012F8
In clock cycle: 335221
Register Write to Reg: 0x04 Val: 0x000012F0
In clock cycle: 335222
Register Write to Reg: 0x01 Val: 0x000012E8
In clock cycle: 335223
Register Write to Reg: 0x00 Val: 0x00000000
In clock cycle: 336062
Register Write to Reg: 0x03 Val: 0x0FC12000
In clock cycle: 336063
Register Write to Reg: 0x03 Val: 0x00000000
In clock cycle: 336064
Register Write to Reg: 0x04 Val: 0x00002008
In clock cycle: 336065
Register Write to Reg: 0x04 Val: 0x00001300
In clock cycle: 336066
Register Write to Reg: 0x04 Val: 0x000012F8
In clock cycle: 336067
Register Write to Reg: 0x01 Val: 0x000012F0
In clock cycle: 336068
Register Write to Reg: 0x00 Val: 0x00000000
In clock cycle: 336905
Register Write to Reg: 0x03 Val: 0x0FC12000
In clock cycle: 336906
Register Write to Reg: 0x03 Val: 0x00000000
In clock cycle: 336907
Register Write to Reg: 0x04 Val: 0x00002008
In clock cycle: 336908
Register Write to Reg: 0x04 Val: 0x00001308
In clock cycle: 336909
Register Write to Reg: 0x04 Val: 0x00001300
In clock cycle: 336910
Register Write to Reg: 0x01 Val: 0x000012F8
In clock cycle: 336911
Register Write to Reg: 0x00 Val: 0x00000000
In clock cycle: 337746
Register Write to Reg: 0x03 Val: 0x0FC12000
In clock cycle: 337747
Register Write to Reg: 0x03 Val: 0x00000000
In clock cycle: 337748
Register Write to Reg: 0x04 Val: 0x00002008
In clock cycle: 337749
Register Write to Reg: 0x04 Val: 0x00001310
In clock cycle: 337750
Register Write to Reg: 0x04 Val: 0x00001308
In clock cycle: 337751
Register Write to Reg: 0x01 Val: 0x00001300
In clock cycle: 337752
Register Write to Reg: 0x00 Val: 0x00000000
In clock cycle: 338585
Register Write to Reg: 0x03 Val: 0x0FC12000
In clock cycle: 338586
Register Write to Reg: 0x03 Val: 0x00000000
In clock cycle: 338587
Register Write to Reg: 0x04 Val: 0x00002008
In clock cycle: 338588
Register Write to Reg: 0x04 Val: 0x00001318
In clock cycle: 338589
Register Write to Reg: 0x04 Val: 0x00001310
In clock cycle: 338590
Register Write to Reg: 0x01 Val: 0x00001308
In clock cycle: 338591
Register Write to Reg: 0x00 Val: 0x00000000
In clock cycle: 339422
Register Write to Reg: 0x03 Val: 0x0FC12000
In clock cycle: 339423
Register Write to Reg: 0x03 Val: 0x00000000
In clock cycle: 339424
Register Write to Reg: 0x04 Val: 0x00002008
In clock cycle: 339425
Register Write to Reg: 0x04 Val: 0x00001320
In clock cycle: 339426
Register Write to Reg: 0x04 Val: 0x00001318
In clock cycle: 339427
Register Write to Reg: 0x01 Val: 0x00001310
In clock cycle: 339428
Register Write to Reg: 0x00 Val: 0x00000000
In clock cycle: 340257
Register Write to Reg: 0x03 Val: 0x0FC12000
In clock cycle: 340258
Register Write to Reg: 0x03 Val: 0x00000000
In clock cycle: 340259
Register Write to Reg: 0x04 Val: 0x00002008
In clock cycle: 340260
Register Write to Reg: 0x04 Val: 0x00001328
In clock cycle: 340261
Register Write to Reg: 0x04 Val: 0x00001320
In clock cycle: 340262
Register Write to Reg: 0x01 Val: 0x00001318
In clock cycle: 340263
Register Write to Reg: 0x00 Val: 0x00000000
In clock cycle: 341090
Register Write to Reg: 0x03 Val: 0x0FC12000
In clock cycle: 341091
Register Write to Reg: 0x03 Val: 0x00000000
In clock cycle: 341092
Register Write to Reg: 0x04 Val: 0x00002008
In clock cycle: 341093
Register Write to Reg: 0x04 Val: 0x00001330
In clock cycle: 341094
Register Write to Reg: 0x04 Val: 0x00001328
In clock cycle: 341095
Register Write to Reg: 0x01 Val: 0x00001320
In clock cycle: 341096
Register Write to Reg: 0x00 Val: 0x00000000
In clock cycle: 341921
Register Write to Reg: 0x03 Val: 0x0FC12000
In clock cycle: 341922
Register Write to Reg: 0x03 Val: 0x00000000
In clock cycle: 341923
Register Write to Reg: 0x04 Val: 0x00002008
In clock cycle: 341924
Register Write to Reg: 0x04 Val: 0x00001338
In clock cycle: 341925
Register Write to Reg: 0x04 Val: 0x00001330
In clock cycle: 341926
Register Write to Reg: 0x01 Val: 0x00001328
In clock cycle: 341927
Register Write to Reg: 0x00 Val: 0x00000000
In clock cycle: 342750
Register Write to Reg: 0x03 Val: 0x0FC12000
In clock cycle: 342751
Register Write to Reg: 0x03 Val: 0x00000000
In clock cycle: 342752
Register Write to Reg: 0x04 Val: 0x00002008
In clock cycle: 342753
Register Write to Reg: 0x04 Val: 0x00001340
In clock cycle: 342754
Register Write to Reg: 0x04 Val: 0x00001338
In clock cycle: 342755
Register Write to Reg: 0x01 Val: 0x00001330
In clock cycle: 342756
Register Write to Reg: 0x00 Val: 0x00000000
In clock cycle: 343577
Register Write to Reg: 0x03 Val: 0x0FC12000
In clock cycle: 343578
Register Write to Reg: 0x03 Val: 0x00000000
In clock cycle: 343579
Register Write to Reg: 0x04 Val: 0x00002008
In clock cycle: 343580
Register Write to Reg: 0x04 Val: 0x00001348
In clock cycle: 343581
Register Write to Reg: 0x04 Val: 0x00001340
In clock cycle: 343582
Register Write to Reg: 0x01 Val: 0x00001338
In clock cycle: 343583
Register Write to Reg: 0x00 Val: 0x00000000
In clock cycle: 344402
Register Write to Reg: 0x03 Val: 0x0FC12000
In clock cycle: 344403
Register Write to Reg: 0x03 Val: 0x00000000
In clock cycle: 344404
Register Write to Reg: 0x04 Val: 0x00002008
In clock cycle: 344405
Register Write to Reg: 0x04 Val: 0x00001350
In clock cycle: 344406
Register Write to Reg: 0x04 Val: 0x00001348
In clock cycle: 344407
Register Write to Reg: 0x01 Val: 0x00001340
In clock cycle: 344408
Register Write to Reg: 0x00 Val: 0x00000000
In clock cycle: 345225
Register Write to Reg: 0x03 Val: 0x0FC12000
In clock cycle: 345226
Register Write to Reg: 0x03 Val: 0x00000000
In clock cycle: 345227
Register Write to Reg: 0x04 Val: 0x00002008
In clock cycle: 345228
Register Write to Reg: 0x04 Val: 0x00001358
In clock cycle: 345229
Register Write to Reg: 0x04 Val: 0x00001350
In clock cycle: 345230
Register Write to Reg: 0x01 Val: 0x00001348
In clock cycle: 345231
Register Write to Reg: 0x00 Val: 0x00000000
In clock cycle: 346046
Register Write to Reg: 0x03 Val: 0x0FC12000
In clock cycle: 346047
Register Write to Reg: 0x03 Val: 0x00000000
In clock cycle: 346048
Register Write to Reg: 0x04 Val: 0x00002008
In clock cycle: 346049
Register Write to Reg: 0x04 Val: 0x00001360
In clock cycle: 346050
Register Write to Reg: 0x04 Val: 0x00001358
In clock cycle: 346051
Register Write to Reg: 0x01 Val: 0x00001350
In clock cycle: 346052
Register Write to Reg: 0x00 Val: 0x00000000
In clock cycle: 346865
Register Write to Reg: 0x03 Val: 0x0FC12000
In clock cycle: 346866
Register Write to Reg: 0x03 Val: 0x00000000
In clock cycle: 346867
Register Write to Reg: 0x04 Val: 0x00002008
In clock cycle: 346868
Register Write to Reg: 0x04 Val: 0x00001368
In clock cycle: 346869
Register Write to Reg: 0x04 Val: 0x00001360
In clock cycle: 346870
Register Write to Reg: 0x01 Val: 0x00001358
In clock cycle: 346871
Register Write to Reg: 0x00 Val: 0x00000000
In clock cycle: 347682
Register Write to Reg: 0x03 Val: 0x0FC12000
In clock cycle: 347683
Register Write to Reg: 0x03 Val: 0x00000000
In clock cycle: 347684
Register Write to Reg: 0x04 Val: 0x00002008
In clock cycle: 347685
Register Write to Reg: 0x04 Val: 0x00001370
In clock cycle: 347686
Register Write to Reg: 0x04 Val: 0x00001368
In clock cycle: 347687
Register Write to Reg: 0x01 Val: 0x00001360
In clock cycle: 347688
Register Write to Reg: 0x00 Val: 0x00000000
In clock cycle: 348497
Register Write to Reg: 0x03 Val: 0x0FC12000
In clock cycle: 348498
Register Write to Reg: 0x03 Val: 0x00000000
In clock cycle: 348499
Register Write to Reg: 0x04 Val: 0x00002008
In clock cycle: 348500
Register Write to Reg: 0x04 Val: 0x00001378
In clock cycle: 348501
Register Write to Reg: 0x04 Val: 0x00001370
In clock cycle: 348502
Register Write to Reg: 0x01 Val: 0x00001368
In clock cycle: 348503
Register Write to Reg: 0x00 Val: 0x00000000
In clock cycle: 349310
Register Write to Reg: 0x03 Val: 0x0FC12000
In clock cycle: 349311
Register Write to Reg: 0x03 Val: 0x00000000
In clock cycle: 349312
Register Write to Reg: 0x04 Val: 0x00002008
In clock cycle: 349313
Register Write to Reg: 0x04 Val: 0x00001380
In clock cycle: 349314
Register Write to Reg: 0x04 Val: 0x00001378
In clock cycle: 349315
Register Write to Reg: 0x01 Val: 0x00001370
In clock cycle: 349316
Register Write to Reg: 0x00 Val: 0x00000000
In clock cycle: 350121
Register Write to Reg: 0x03 Val: 0x0FC12000
In clock cycle: 350122
Register Write to Reg: 0x03 Val: 0x00000000
In clock cycle: 350123
Register Write to Reg: 0x04 Val: 0x00002008
In clock cycle: 350124
Register Write to Reg: 0x04 Val: 0x00001388
In clock cycle: 350125
Register Write to Reg: 0x04 Val: 0x00001380
In clock cycle: 350126
Register Write to Reg: 0x01 Val: 0x00001378
In clock cycle: 350127
Register Write to Reg: 0x00 Val: 0x00000000
In clock cycle: 350930
Register Write to Reg: 0x03 Val: 0x0FC12000
In clock cycle: 350931
Register Write to Reg: 0x03 Val: 0x00000000
In clock cycle: 350932
Register Write to Reg: 0x04 Val: 0x00002008
In clock cycle: 350933
Register Write to Reg: 0x04 Val: 0x00001390
In clock cycle: 350934
Register Write to Reg: 0x04 Val: 0x00001388
In clock cycle: 350935
Register Write to Reg: 0x01 Val: 0x00001380
In clock cycle: 350936
Register Write to Reg: 0x00 Val: 0x00000000
In clock cycle: 351737
Register Write to Reg: 0x03 Val: 0x0FC12000
In clock cycle: 351738
Register Write to Reg: 0x03 Val: 0x00000000
In clock cycle: 351739
Register Write to Reg: 0x04 Val: 0x00002008
In clock cycle: 351740
Register Write to Reg: 0x04 Val: 0x00001398
In clock cycle: 351741
Register Write to Reg: 0x04 Val: 0x00001390
In clock cycle: 351742
Register Write to Reg: 0x01 Val: 0x00001388
In clock cycle: 351743
Register Write to Reg: 0x00 Val: 0x00000000
In clock cycle: 352542
Register Write to Reg: 0x03 Val: 0x0FC12000
In clock cycle: 352543
Register Write to Reg: 0x03 Val: 0x00000000
In clock cycle: 352544
Register Write to Reg: 0x04 Val: 0x00002008
In clock cycle: 352545
Register Write to Reg: 0x04 Val: 0x000013A0
In clock cycle: 352546
Register Write to Reg: 0x04 Val: 0x00001398
In clock cycle: 352547
Register Write to Reg: 0x01 Val: 0x00001390
In clock cycle: 352548
Register Write to Reg: 0x00 Val: 0x00000000
In clock cycle: 353345
Register Write to Reg: 0x03 Val: 0x0FC12000
In clock cycle: 353346
Register Write to Reg: 0x03 Val: 0x00000000
In clock cycle: 353347
Register Write to Reg: 0x04 Val: 0x00002008
In clock cycle: 353348
Register Write to Reg: 0x04 Val: 0x000013A8
In clock cycle: 353349
Register Write to Reg: 0x04 Val: 0x000013A0
In clock cycle: 353350
Register Write to Reg: 0x01 Val: 0x00001398
In clock cycle: 353351
Register Write to Reg: 0x00 Val: 0x00000000
In clock cycle: 354146
Register Write to Reg: 0x03 Val: 0x0FC12000
In clock cycle: 354147
Register Write to Reg: 0x03 Val: 0x00000000
In clock cycle: 354148
Register Write to Reg: 0x04 Val: 0x00002008
In clock cycle: 354149
Register Write to Reg: 0x04 Val: 0x000013B0
In clock cycle: 354150
Register Write to Reg: 0x04 Val: 0x000013A8
In clock cycle: 354151
Register Write to Reg: 0x01 Val: 0x000013A0
In clock cycle: 354152
Register Write to Reg: 0x00 Val: 0x00000000
In clock cycle: 354945
Register Write to Reg: 0x03 Val: 0x0FC12000
In clock cycle: 354946
Register Write to Reg: 0x03 Val: 0x00000000
In clock cycle: 354947
Register Write to Reg: 0x04 Val: 0x00002008
In clock cycle: 354948
Register Write to Reg: 0x04 Val: 0x000013B8
In clock cycle: 354949
Register Write to Reg: 0x04 Val: 0x000013B0
In clock cycle: 354950
Register Write to Reg: 0x01 Val: 0x000013A8
In clock cycle: 354951
Register Write to Reg: 0x00 Val: 0x00000000
In clock cycle: 355742
Register Write to Reg: 0x03 Val: 0x0FC12000
In clock cycle: 355743
Register Write to Reg: 0x03 Val: 0x00000000
In clock cycle: 355744
Register Write to Reg: 0x04 Val: 0x00002008
In clock cycle: 355745
Register Write to Reg: 0x04 Val: 0x000013C0
In clock cycle: 355746
Register Write to Reg: 0x04 Val: 0x000013B8
In clock cycle: 355747
Register Write to Reg: 0x01 Val: 0x000013B0
In clock cycle: 355748
Register Write to Reg: 0x00 Val: 0x00000000
In clock cycle: 356537
Register Write to Reg: 0x03 Val: 0x0FC12000
In clock cycle: 356538
Register Write to Reg: 0x03 Val: 0x00000000
In clock cycle: 356539
Register Write to Reg: 0x04 Val: 0x00002008
In clock cycle: 356540
Register Write to Reg: 0x04 Val: 0x000013C8
In clock cycle: 356541
Register Write to Reg: 0x04 Val: 0x000013C0
In clock cycle: 356542
Register Write to Reg: 0x01 Val: 0x000013B8
In clock cycle: 356543
Register Write to Reg: 0x00 Val: 0x00000000
In clock cycle: 357330
Register Write to Reg: 0x03 Val: 0x0FC12000
In clock cycle: 357331
Register Write to Reg: 0x03 Val: 0x00000000
In clock cycle: 357332
Register Write to Reg: 0x04 Val: 0x00002008
In clock cycle: 357333
Register Write to Reg: 0x04 Val: 0x000013D0
In clock cycle: 357334
Register Write to Reg: 0x04 Val: 0x000013C8
In clock cycle: 357335
Register Write to Reg: 0x01 Val: 0x000013C0
In clock cycle: 357336
Register Write to Reg: 0x00 Val: 0x00000000
In clock cycle: 358121
Register Write to Reg: 0x03 Val: 0x0FC12000
In clock cycle: 358122
Register Write to Reg: 0x03 Val: 0x00000000
In clock cycle: 358123
Register Write to Reg: 0x04 Val: 0x00002008
In clock cycle: 358124
Register Write to Reg: 0x04 Val: 0x000013D8
In clock cycle: 358125
Register Write to Reg: 0x04 Val: 0x000013D0
In clock cycle: 358126
Register Write to Reg: 0x01 Val: 0x000013C8
In clock cycle: 358127
Register Write to Reg: 0x00 Val: 0x00000000
In clock cycle: 358910
Register Write to Reg: 0x03 Val: 0x0FC12000
In clock cycle: 358911
Register Write to Reg: 0x03 Val: 0x00000000
In clock cycle: 358912
Register Write to Reg: 0x04 Val: 0x00002008
In clock cycle: 358913
Register Write to Reg: 0x04 Val: 0x000013E0
In clock cycle: 358914
Register Write to Reg: 0x04 Val: 0x000013D8
In clock cycle: 358915
Register Write to Reg: 0x01 Val: 0x000013D0
In clock cycle: 358916
Register Write to Reg: 0x00 Val: 0x00000000
In clock cycle: 359697
Register Write to Reg: 0x03 Val: 0x0FC12000
In clock cycle: 359698
Register Write to Reg: 0x03 Val: 0x00000000
In clock cycle: 359699
Register Write to Reg: 0x04 Val: 0x00002008
In clock cycle: 359700
Register Write to Reg: 0x04 Val: 0x000013E8
In clock cycle: 359701
Register Write to Reg: 0x04 Val: 0x000013E0
In clock cycle: 359702
Register Write to Reg: 0x01 Val: 0x000013D8
In clock cycle: 359703
Register Write to Reg: 0x00 Val: 0x00000000
In clock cycle: 360482
Register Write to Reg: 0x03 Val: 0x0FC12000
In clock cycle: 360483
Register Write to Reg: 0x03 Val: 0x00000000
In clock cycle: 360484
Register Write to Reg: 0x04 Val: 0x00002008
In clock cycle: 360485
Register Write to Reg: 0x04 Val: 0x000013F0
In clock cycle: 360486
Register Write to Reg: 0x04 Val: 0x000013E8
In clock cycle: 360487
Register Write to Reg: 0x01 Val: 0x000013E0
In clock cycle: 360488
Register Write to Reg: 0x00 Val: 0x00000000
In clock cycle: 361265
Register Write to Reg: 0x03 Val: 0x0FC12000
In clock cycle: 361266
Register Write to Reg: 0x03 Val: 0x00000000
In clock cycle: 361267
Register Write to Reg: 0x04 Val: 0x00002008
In clock cycle: 361268
Register Write to Reg: 0x04 Val: 0x000013F8
In clock cycle: 361269
Register Write to Reg: 0x04 Val: 0x000013F0
In clock cycle: 361270
Register Write to Reg: 0x01 Val: 0x000013E8
In clock cycle: 361271
Register Write to Reg: 0x00 Val: 0x00000000
In clock cycle: 362046
Register Write to Reg: 0x03 Val: 0x0FC12000
In clock cycle: 362047
Register Write to Reg: 0x03 Val: 0x00000000
In clock cycle: 362048
Register Write to Reg: 0x04 Val: 0x00002008
In clock cycle: 362049
Register Write to Reg: 0x04 Val: 0x00001400
In clock cycle: 362050
Register Write to Reg: 0x04 Val: 0x000013F8
In clock cycle: 362051
Register Write to Reg: 0x01 Val: 0x000013F0
In clock cycle: 362052
Register Write to Reg: 0x00 Val: 0x00000000
In clock cycle: 362825
Register Write to Reg: 0x03 Val: 0x0FC12000
In clock cycle: 362826
Register Write to Reg: 0x03 Val: 0x00000000
In clock cycle: 362827
Register Write to Reg: 0x04 Val: 0x00002008
In clock cycle: 362828
Register Write to Reg: 0x04 Val: 0x00001408
In clock cycle: 362829
Register Write to Reg: 0x04 Val: 0x00001400
In clock cycle: 362830
Register Write to Reg: 0x01 Val: 0x000013F8
In clock cycle: 362831
Register Write to Reg: 0x00 Val: 0x00000000
In clock cycle: 363602
Register Write to Reg: 0x03 Val: 0x0FC12000
In clock cycle: 363603
Register Write to Reg: 0x03 Val: 0x00000000
In clock cycle: 363604
Register Write to Reg: 0x04 Val: 0x00002008
In clock cycle: 363605
Register Write to Reg: 0x04 Val: 0x00001410
In clock cycle: 363606
Register Write to Reg: 0x04 Val: 0x00001408
In clock cycle: 363607
Register Write to Reg: 0x01 Val: 0x00001400
In clock cycle: 363608
Register Write to Reg: 0x00 Val: 0x00000000
In clock cycle: 364377
Register Write to Reg: 0x03 Val: 0x0FC12000
In clock cycle: 364378
Register Write to Reg: 0x03 Val: 0x00000000
In clock cycle: 364379
Register Write to Reg: 0x04 Val: 0x00002008
In clock cycle: 364380
Register Write to Reg: 0x04 Val: 0x00001418
In clock cycle: 364381
Register Write to Reg: 0x04 Val: 0x00001410
In clock cycle: 364382
Register Write to Reg: 0x01 Val: 0x00001408
In clock cycle: 364383
Register Write to Reg: 0x00 Val: 0x00000000
In clock cycle: 365150
Register Write to Reg: 0x03 Val: 0x0FC12000
In clock cycle: 365151
Register Write to Reg: 0x03 Val: 0x00000000
In clock cycle: 365152
Register Write to Reg: 0x04 Val: 0x00002008
In clock cycle: 365153
Register Write to Reg: 0x04 Val: 0x00001420
In clock cycle: 365154
Register Write to Reg: 0x04 Val: 0x00001418
In clock cycle: 365155
Register Write to Reg: 0x01 Val: 0x00001410
In clock cycle: 365156
Register Write to Reg: 0x00 Val: 0x00000000
In clock cycle: 365921
Register Write to Reg: 0x03 Val: 0x0FC12000
In clock cycle: 365922
Register Write to Reg: 0x03 Val: 0x00000000
In clock cycle: 365923
Register Write to Reg: 0x04 Val: 0x00002008
In clock cycle: 365924
Register Write to Reg: 0x04 Val: 0x00001428
In clock cycle: 365925
Register Write to Reg: 0x04 Val: 0x00001420
In clock cycle: 365926
Register Write to Reg: 0x01 Val: 0x00001418
In clock cycle: 365927
Register Write to Reg: 0x00 Val: 0x00000000
In clock cycle: 366690
Register Write to Reg: 0x03 Val: 0x0FC12000
In clock cycle: 366691
Register Write to Reg: 0x03 Val: 0x00000000
In clock cycle: 366692
Register Write to Reg: 0x04 Val: 0x00002008
In clock cycle: 366693
Register Write to Reg: 0x04 Val: 0x00001430
In clock cycle: 366694
Register Write to Reg: 0x04 Val: 0x00001428
In clock cycle: 366695
Register Write to Reg: 0x01 Val: 0x00001420
In clock cycle: 366696
Register Write to Reg: 0x00 Val: 0x00000000
In clock cycle: 367457
Register Write to Reg: 0x03 Val: 0x0FC12000
In clock cycle: 367458
Register Write to Reg: 0x03 Val: 0x00000000
In clock cycle: 367459
Register Write to Reg: 0x04 Val: 0x00002008
In clock cycle: 367460
Register Write to Reg: 0x04 Val: 0x00001438
In clock cycle: 367461
Register Write to Reg: 0x04 Val: 0x00001430
In clock cycle: 367462
Register Write to Reg: 0x01 Val: 0x00001428
In clock cycle: 367463
Register Write to Reg: 0x00 Val: 0x00000000
In clock cycle: 368222
Register Write to Reg: 0x03 Val: 0x0FC12000
In clock cycle: 368223
Register Write to Reg: 0x03 Val: 0x00000000
In clock cycle: 368224
Register Write to Reg: 0x04 Val: 0x00002008
In clock cycle: 368225
Register Write to Reg: 0x04 Val: 0x00001440
In clock cycle: 368226
Register Write to Reg: 0x04 Val: 0x00001438
In clock cycle: 368227
Register Write to Reg: 0x01 Val: 0x00001430
In clock cycle: 368228
Register Write to Reg: 0x00 Val: 0x00000000
In clock cycle: 368985
Register Write to Reg: 0x03 Val: 0x0FC12000
In clock cycle: 368986
Register Write to Reg: 0x03 Val: 0x00000000
In clock cycle: 368987
Register Write to Reg: 0x04 Val: 0x00002008
In clock cycle: 368988
Register Write to Reg: 0x04 Val: 0x00001448
In clock cycle: 368989
Register Write to Reg: 0x04 Val: 0x00001440
In clock cycle: 368990
Register Write to Reg: 0x01 Val: 0x00001438
In clock cycle: 368991
Register Write to Reg: 0x00 Val: 0x00000000
In clock cycle: 369746
Register Write to Reg: 0x03 Val: 0x0FC12000
In clock cycle: 369747
Register Write to Reg: 0x03 Val: 0x00000000
In clock cycle: 369748
Register Write to Reg: 0x04 Val: 0x00002008
In clock cycle: 369749
Register Write to Reg: 0x04 Val: 0x00001450
In clock cycle: 369750
Register Write to Reg: 0x04 Val: 0x00001448
In clock cycle: 369751
Register Write to Reg: 0x01 Val: 0x00001440
In clock cycle: 369752
Register Write to Reg: 0x00 Val: 0x00000000
In clock cycle: 370505
Register Write to Reg: 0x03 Val: 0x0FC12000
In clock cycle: 370506
Register Write to Reg: 0x03 Val: 0x00000000
In clock cycle: 370507
Register Write to Reg: 0x04 Val: 0x00002008
In clock cycle: 370508
Register Write to Reg: 0x04 Val: 0x00001458
In clock cycle: 370509
Register Write to Reg: 0x04 Val: 0x00001450
In clock cycle: 370510
Register Write to Reg: 0x01 Val: 0x00001448
In clock cycle: 370511
Register Write to Reg: 0x00 Val: 0x00000000
In clock cycle: 371262
Register Write to Reg: 0x03 Val: 0x0FC12000
In clock cycle: 371263
Register Write to Reg: 0x03 Val: 0x00000000
In clock cycle: 371264
Register Write to Reg: 0x04 Val: 0x00002008
In clock cycle: 371265
Register Write to Reg: 0x04 Val: 0x00001460
In clock cycle: 371266
Register Write to Reg: 0x04 Val: 0x00001458
In clock cycle: 371267
Register Write to Reg: 0x01 Val: 0x00001450
In clock cycle: 371268
Register Write to Reg: 0x00 Val: 0x00000000
In clock cycle: 372017
Register Write to Reg: 0x03 Val: 0x0FC12000
In clock cycle: 372018
Register Write to Reg: 0x03 Val: 0x00000000
In clock cycle: 372019
Register Write to Reg: 0x04 Val: 0x00002008
In clock cycle: 372020
Register Write to Reg: 0x04 Val: 0x00001468
In clock cycle: 372021
Register Write to Reg: 0x04 Val: 0x00001460
In clock cycle: 372022
Register Write to Reg: 0x01 Val: 0x00001458
In clock cycle: 372023
Register Write to Reg: 0x00 Val: 0x00000000
In clock cycle: 372770
Register Write to Reg: 0x03 Val: 0x0FC12000
In clock cycle: 372771
Register Write to Reg: 0x03 Val: 0x00000000
In clock cycle: 372772
Register Write to Reg: 0x04 Val: 0x00002008
In clock cycle: 372773
Register Write to Reg: 0x04 Val: 0x00001470
In clock cycle: 372774
Register Write to Reg: 0x04 Val: 0x00001468
In clock cycle: 372775
Register Write to Reg: 0x01 Val: 0x00001460
In clock cycle: 372776
Register Write to Reg: 0x00 Val: 0x00000000
In clock cycle: 373521
Register Write to Reg: 0x03 Val: 0x0FC12000
In clock cycle: 373522
Register Write to Reg: 0x03 Val: 0x00000000
In clock cycle: 373523
Register Write to Reg: 0x04 Val: 0x00002008
In clock cycle: 373524
Register Write to Reg: 0x04 Val: 0x00001478
In clock cycle: 373525
Register Write to Reg: 0x04 Val: 0x00001470
In clock cycle: 373526
Register Write to Reg: 0x01 Val: 0x00001468
In clock cycle: 373527
Register Write to Reg: 0x00 Val: 0x00000000
In clock cycle: 374270
Register Write to Reg: 0x03 Val: 0x0FC12000
In clock cycle: 374271
Register Write to Reg: 0x03 Val: 0x00000000
In clock cycle: 374272
Register Write to Reg: 0x04 Val: 0x00002008
In clock cycle: 374273
Register Write to Reg: 0x04 Val: 0x00001480
In clock cycle: 374274
Register Write to Reg: 0x04 Val: 0x00001478
In clock cycle: 374275
Register Write to Reg: 0x01 Val: 0x00001470
In clock cycle: 374276
Register Write to Reg: 0x00 Val: 0x00000000
In clock cycle: 375017
Register Write to Reg: 0x03 Val: 0x0FC12000
In clock cycle: 375018
Register Write to Reg: 0x03 Val: 0x00000000
In clock cycle: 375019
Register Write to Reg: 0x04 Val: 0x00002008
In clock cycle: 375020
Register Write to Reg: 0x04 Val: 0x00001488
In clock cycle: 375021
Register Write to Reg: 0x04 Val: 0x00001480
In clock cycle: 375022
Register Write to Reg: 0x01 Val: 0x00001478
In clock cycle: 375023
Register Write to Reg: 0x00 Val: 0x00000000
In clock cycle: 375762
Register Write to Reg: 0x03 Val: 0x0FC12000
In clock cycle: 375763
Register Write to Reg: 0x03 Val: 0x00000000
In clock cycle: 375764
Register Write to Reg: 0x04 Val: 0x00002008
In clock cycle: 375765
Register Write to Reg: 0x04 Val: 0x00001490
In clock cycle: 375766
Register Write to Reg: 0x04 Val: 0x00001488
In clock cycle: 375767
Register Write to Reg: 0x01 Val: 0x00001480
In clock cycle: 375768
Register Write to Reg: 0x00 Val: 0x00000000
In clock cycle: 376505
Register Write to Reg: 0x03 Val: 0x0FC12000
In clock cycle: 376506
Register Write to Reg: 0x03 Val: 0x00000000
In clock cycle: 376507
Register Write to Reg: 0x04 Val: 0x00002008
In clock cycle: 376508
Register Write to Reg: 0x04 Val: 0x00001498
In clock cycle: 376509
Register Write to Reg: 0x04 Val: 0x00001490
In clock cycle: 376510
Register Write to Reg: 0x01 Val: 0x00001488
In clock cycle: 376511
Register Write to Reg: 0x00 Val: 0x00000000
In clock cycle: 377246
Register Write to Reg: 0x03 Val: 0x0FC12000
In clock cycle: 377247
Register Write to Reg: 0x03 Val: 0x00000000
In clock cycle: 377248
Register Write to Reg: 0x04 Val: 0x00002008
In clock cycle: 377249
Register Write to Reg: 0x04 Val: 0x000014A0
In clock cycle: 377250
Register Write to Reg: 0x04 Val: 0x00001498
In clock cycle: 377251
Register Write to Reg: 0x01 Val: 0x00001490
In clock cycle: 377252
Register Write to Reg: 0x00 Val: 0x00000000
In clock cycle: 377985
Register Write to Reg: 0x03 Val: 0x0FC12000
In clock cycle: 377986
Register Write to Reg: 0x03 Val: 0x00000000
In clock cycle: 377987
Register Write to Reg: 0x04 Val: 0x00002008
In clock cycle: 377988
Register Write to Reg: 0x04 Val: 0x000014A8
In clock cycle: 377989
Register Write to Reg: 0x04 Val: 0x000014A0
In clock cycle: 377990
Register Write to Reg: 0x01 Val: 0x00001498
In clock cycle: 377991
Register Write to Reg: 0x00 Val: 0x00000000
In clock cycle: 378722
Register Write to Reg: 0x03 Val: 0x0FC12000
In clock cycle: 378723
Register Write to Reg: 0x03 Val: 0x00000000
In clock cycle: 378724
Register Write to Reg: 0x04 Val: 0x00002008
In clock cycle: 378725
Register Write to Reg: 0x04 Val: 0x000014B0
In clock cycle: 378726
Register Write to Reg: 0x04 Val: 0x000014A8
In clock cycle: 378727
Register Write to Reg: 0x01 Val: 0x000014A0
In clock cycle: 378728
Register Write to Reg: 0x00 Val: 0x00000000
In clock cycle: 379457
Register Write to Reg: 0x03 Val: 0x0FC12000
In clock cycle: 379458
Register Write to Reg: 0x03 Val: 0x00000000
In clock cycle: 379459
Register Write to Reg: 0x04 Val: 0x00002008
In clock cycle: 379460
Register Write to Reg: 0x04 Val: 0x000014B8
In clock cycle: 379461
Register Write to Reg: 0x04 Val: 0x000014B0
In clock cycle: 379462
Register Write to Reg: 0x01 Val: 0x000014A8
In clock cycle: 379463
Register Write to Reg: 0x00 Val: 0x00000000
In clock cycle: 380190
Register Write to Reg: 0x03 Val: 0x0FC12000
In clock cycle: 380191
Register Write to Reg: 0x03 Val: 0x00000000
In clock cycle: 380192
Register Write to Reg: 0x04 Val: 0x00002008
In clock cycle: 380193
Register Write to Reg: 0x04 Val: 0x000014C0
In clock cycle: 380194
Register Write to Reg: 0x04 Val: 0x000014B8
In clock cycle: 380195
Register Write to Reg: 0x01 Val: 0x000014B0
In clock cycle: 380196
Register Write to Reg: 0x00 Val: 0x00000000
In clock cycle: 380921
Register Write to Reg: 0x03 Val: 0x0FC12000
In clock cycle: 380922
Register Write to Reg: 0x03 Val: 0x00000000
In clock cycle: 380923
Register Write to Reg: 0x04 Val: 0x00002008
In clock cycle: 380924
Register Write to Reg: 0x04 Val: 0x000014C8
In clock cycle: 380925
Register Write to Reg: 0x04 Val: 0x000014C0
In clock cycle: 380926
Register Write to Reg: 0x01 Val: 0x000014B8
In clock cycle: 380927
Register Write to Reg: 0x00 Val: 0x00000000
In clock cycle: 381650
Register Write to Reg: 0x03 Val: 0x0FC12000
In clock cycle: 381651
Register Write to Reg: 0x03 Val: 0x00000000
In clock cycle: 381652
Register Write to Reg: 0x04 Val: 0x00002008
In clock cycle: 381653
Register Write to Reg: 0x04 Val: 0x000014D0
In clock cycle: 381654
Register Write to Reg: 0x04 Val: 0x000014C8
In clock cycle: 381655
Register Write to Reg: 0x01 Val: 0x000014C0
In clock cycle: 381656
Register Write to Reg: 0x00 Val: 0x00000000
In clock cycle: 382377
Register Write to Reg: 0x03 Val: 0x0FC12000
In clock cycle: 382378
Register Write to Reg: 0x03 Val: 0x00000000
In clock cycle: 382379
Register Write to Reg: 0x04 Val: 0x00002008
In clock cycle: 382380
Register Write to Reg: 0x04 Val: 0x000014D8
In clock cycle: 382381
Register Write to Reg: 0x04 Val: 0x000014D0
In clock cycle: 382382
Register Write to Reg: 0x01 Val: 0x000014C8
In clock cycle: 382383
Register Write to Reg: 0x00 Val: 0x00000000
In clock cycle: 383102
Register Write to Reg: 0x03 Val: 0x0FC12000
In clock cycle: 383103
Register Write to Reg: 0x03 Val: 0x00000000
In clock cycle: 383104
Register Write to Reg: 0x04 Val: 0x00002008
In clock cycle: 383105
Register Write to Reg: 0x04 Val: 0x000014E0
In clock cycle: 383106
Register Write to Reg: 0x04 Val: 0x000014D8
In clock cycle: 383107
Register Write to Reg: 0x01 Val: 0x000014D0
In clock cycle: 383108
Register Write to Reg: 0x00 Val: 0x00000000
In clock cycle: 383825
Register Write to Reg: 0x03 Val: 0x0FC12000
In clock cycle: 383826
Register Write to Reg: 0x03 Val: 0x00000000
In clock cycle: 383827
Register Write to Reg: 0x04 Val: 0x00002008
In clock cycle: 383828
Register Write to Reg: 0x04 Val: 0x000014E8
In clock cycle: 383829
Register Write to Reg: 0x04 Val: 0x000014E0
In clock cycle: 383830
Register Write to Reg: 0x01 Val: 0x000014D8
In clock cycle: 383831
Register Write to Reg: 0x00 Val: 0x00000000
In clock cycle: 384546
Register Write to Reg: 0x03 Val: 0x0FC12000
In clock cycle: 384547
Register Write to Reg: 0x03 Val: 0x00000000
In clock cycle: 384548
Register Write to Reg: 0x04 Val: 0x00002008
In clock cycle: 384549
Register Write to Reg: 0x04 Val: 0x000014F0
In clock cycle: 384550
Register Write to Reg: 0x04 Val: 0x000014E8
In clock cycle: 384551
Register Write to Reg: 0x01 Val: 0x000014E0
In clock cycle: 384552
Register Write to Reg: 0x00 Val: 0x00000000
In clock cycle: 385265
Register Write to Reg: 0x03 Val: 0x0FC12000
In clock cycle: 385266
Register Write to Reg: 0x03 Val: 0x00000000
In clock cycle: 385267
Register Write to Reg: 0x04 Val: 0x00002008
In clock cycle: 385268
Register Write to Reg: 0x04 Val: 0x000014F8
In clock cycle: 385269
Register Write to Reg: 0x04 Val: 0x000014F0
In clock cycle: 385270
Register Write to Reg: 0x01 Val: 0x000014E8
In clock cycle: 385271
Register Write to Reg: 0x00 Val: 0x00000000
In clock cycle: 385982
Register Write to Reg: 0x03 Val: 0x0FC12000
In clock cycle: 385983
Register Write to Reg: 0x03 Val: 0x00000000
In clock cycle: 385984
Register Write to Reg: 0x04 Val: 0x00002008
In clock cycle: 385985
Register Write to Reg: 0x04 Val: 0x00001500
In clock cycle: 385986
Register Write to Reg: 0x04 Val: 0x000014F8
In clock cycle: 385987
Register Write to Reg: 0x01 Val: 0x000014F0
In clock cycle: 385988
Register Write to Reg: 0x00 Val: 0x00000000
In clock cycle: 386697
Register Write to Reg: 0x03 Val: 0x0FC12000
In clock cycle: 386698
Register Write to Reg: 0x03 Val: 0x00000000
In clock cycle: 386699
Register Write to Reg: 0x04 Val: 0x00002008
In clock cycle: 386700
Register Write to Reg: 0x04 Val: 0x00001508
In clock cycle: 386701
Register Write to Reg: 0x04 Val: 0x00001500
In clock cycle: 386702
Register Write to Reg: 0x01 Val: 0x000014F8
In clock cycle: 386703
Register Write to Reg: 0x00 Val: 0x00000000
In clock cycle: 387410
Register Write to Reg: 0x03 Val: 0x0FC12000
In clock cycle: 387411
Register Write to Reg: 0x03 Val: 0x00000000
In clock cycle: 387412
Register Write to Reg: 0x04 Val: 0x00002008
In clock cycle: 387413
Register Write to Reg: 0x04 Val: 0x00001510
In clock cycle: 387414
Register Write to Reg: 0x04 Val: 0x00001508
In clock cycle: 387415
Register Write to Reg: 0x01 Val: 0x00001500
In clock cycle: 387416
Register Write to Reg: 0x00 Val: 0x00000000
In clock cycle: 388121
Register Write to Reg: 0x03 Val: 0x0FC12000
In clock cycle: 388122
Register Write to Reg: 0x03 Val: 0x00000000
In clock cycle: 388123
Register Write to Reg: 0x04 Val: 0x00002008
In clock cycle: 388124
Register Write to Reg: 0x04 Val: 0x00001518
In clock cycle: 388125
Register Write to Reg: 0x04 Val: 0x00001510
In clock cycle: 388126
Register Write to Reg: 0x01 Val: 0x00001508
In clock cycle: 388127
Register Write to Reg: 0x00 Val: 0x00000000
In clock cycle: 388830
Register Write to Reg: 0x03 Val: 0x0FC12000
In clock cycle: 388831
Register Write to Reg: 0x03 Val: 0x00000000
In clock cycle: 388832
Register Write to Reg: 0x04 Val: 0x00002008
In clock cycle: 388833
Register Write to Reg: 0x04 Val: 0x00001520
In clock cycle: 388834
Register Write to Reg: 0x04 Val: 0x00001518
In clock cycle: 388835
Register Write to Reg: 0x01 Val: 0x00001510
In clock cycle: 388836
Register Write to Reg: 0x00 Val: 0x00000000
In clock cycle: 389537
Register Write to Reg: 0x03 Val: 0x0FC12000
In clock cycle: 389538
Register Write to Reg: 0x03 Val: 0x00000000
In clock cycle: 389539
Register Write to Reg: 0x04 Val: 0x00002008
In clock cycle: 389540
Register Write to Reg: 0x04 Val: 0x00001528
In clock cycle: 389541
Register Write to Reg: 0x04 Val: 0x00001520
In clock cycle: 389542
Register Write to Reg: 0x01 Val: 0x00001518
In clock cycle: 389543
Register Write to Reg: 0x00 Val: 0x00000000
In clock cycle: 390242
Register Write to Reg: 0x03 Val: 0x0FC12000
In clock cycle: 390243
Register Write to Reg: 0x03 Val: 0x00000000
In clock cycle: 390244
Register Write to Reg: 0x04 Val: 0x00002008
In clock cycle: 390245
Register Write to Reg: 0x04 Val: 0x00001530
In clock cycle: 390246
Register Write to Reg: 0x04 Val: 0x00001528
In clock cycle: 390247
Register Write to Reg: 0x01 Val: 0x00001520
In clock cycle: 390248
Register Write to Reg: 0x00 Val: 0x00000000
In clock cycle: 390945
Register Write to Reg: 0x03 Val: 0x0FC12000
In clock cycle: 390946
Register Write to Reg: 0x03 Val: 0x00000000
In clock cycle: 390947
Register Write to Reg: 0x04 Val: 0x00002008
In clock cycle: 390948
Register Write to Reg: 0x04 Val: 0x00001538
In clock cycle: 390949
Register Write to Reg: 0x04 Val: 0x00001530
In clock cycle: 390950
Register Write to Reg: 0x01 Val: 0x00001528
In clock cycle: 390951
Register Write to Reg: 0x00 Val: 0x00000000
In clock cycle: 391646
Register Write to Reg: 0x03 Val: 0x0FC12000
In clock cycle: 391647
Register Write to Reg: 0x03 Val: 0x00000000
In clock cycle: 391648
Register Write to Reg: 0x04 Val: 0x00002008
In clock cycle: 391649
Register Write to Reg: 0x04 Val: 0x00001540
In clock cycle: 391650
Register Write to Reg: 0x04 Val: 0x00001538
In clock cycle: 391651
Register Write to Reg: 0x01 Val: 0x00001530
In clock cycle: 391652
Register Write to Reg: 0x00 Val: 0x00000000
In clock cycle: 392345
Register Write to Reg: 0x03 Val: 0x0FC12000
In clock cycle: 392346
Register Write to Reg: 0x03 Val: 0x00000000
In clock cycle: 392347
Register Write to Reg: 0x04 Val: 0x00002008
In clock cycle: 392348
Register Write to Reg: 0x04 Val: 0x00001548
In clock cycle: 392349
Register Write to Reg: 0x04 Val: 0x00001540
In clock cycle: 392350
Register Write to Reg: 0x01 Val: 0x00001538
In clock cycle: 392351
Register Write to Reg: 0x00 Val: 0x00000000
In clock cycle: 393042
Register Write to Reg: 0x03 Val: 0x0FC12000
In clock cycle: 393043
Register Write to Reg: 0x03 Val: 0x00000000
In clock cycle: 393044
Register Write to Reg: 0x04 Val: 0x00002008
In clock cycle: 393045
Register Write to Reg: 0x04 Val: 0x00001550
In clock cycle: 393046
Register Write to Reg: 0x04 Val: 0x00001548
In clock cycle: 393047
Register Write to Reg: 0x01 Val: 0x00001540
In clock cycle: 393048
Register Write to Reg: 0x00 Val: 0x00000000
In clock cycle: 393737
Register Write to Reg: 0x03 Val: 0x0FC12000
In clock cycle: 393738
Register Write to Reg: 0x03 Val: 0x00000000
In clock cycle: 393739
Register Write to Reg: 0x04 Val: 0x00002008
In clock cycle: 393740
Register Write to Reg: 0x04 Val: 0x00001558
In clock cycle: 393741
Register Write to Reg: 0x04 Val: 0x00001550
In clock cycle: 393742
Register Write to Reg: 0x01 Val: 0x00001548
In clock cycle: 393743
Register Write to Reg: 0x00 Val: 0x00000000
In clock cycle: 394430
Register Write to Reg: 0x03 Val: 0x0FC12000
In clock cycle: 394431
Register Write to Reg: 0x03 Val: 0x00000000
In clock cycle: 394432
Register Write to Reg: 0x04 Val: 0x00002008
In clock cycle: 394433
Register Write to Reg: 0x04 Val: 0x00001560
In clock cycle: 394434
Register Write to Reg: 0x04 Val: 0x00001558
In clock cycle: 394435
Register Write to Reg: 0x01 Val: 0x00001550
In clock cycle: 394436
Register Write to Reg: 0x00 Val: 0x00000000
In clock cycle: 395121
Register Write to Reg: 0x03 Val: 0x0FC12000
In clock cycle: 395122
Register Write to Reg: 0x03 Val: 0x00000000
In clock cycle: 395123
Register Write to Reg: 0x04 Val: 0x00002008
In clock cycle: 395124
Register Write to Reg: 0x04 Val: 0x00001568
In clock cycle: 395125
Register Write to Reg: 0x04 Val: 0x00001560
In clock cycle: 395126
Register Write to Reg: 0x01 Val: 0x00001558
In clock cycle: 395127
Register Write to Reg: 0x00 Val: 0x00000000
In clock cycle: 395810
Register Write to Reg: 0x03 Val: 0x0FC12000
In clock cycle: 395811
Register Write to Reg: 0x03 Val: 0x00000000
In clock cycle: 395812
Register Write to Reg: 0x04 Val: 0x00002008
In clock cycle: 395813
Register Write to Reg: 0x04 Val: 0x00001570
In clock cycle: 395814
Register Write to Reg: 0x04 Val: 0x00001568
In clock cycle: 395815
Register Write to Reg: 0x01 Val: 0x00001560
In clock cycle: 395816
Register Write to Reg: 0x00 Val: 0x00000000
In clock cycle: 396497
Register Write to Reg: 0x03 Val: 0x0FC12000
In clock cycle: 396498
Register Write to Reg: 0x03 Val: 0x00000000
In clock cycle: 396499
Register Write to Reg: 0x04 Val: 0x00002008
In clock cycle: 396500
Register Write to Reg: 0x04 Val: 0x00001578
In clock cycle: 396501
Register Write to Reg: 0x04 Val: 0x00001570
In clock cycle: 396502
Register Write to Reg: 0x01 Val: 0x00001568
In clock cycle: 396503
Register Write to Reg: 0x00 Val: 0x00000000
In clock cycle: 397182
Register Write to Reg: 0x03 Val: 0x0FC12000
In clock cycle: 397183
Register Write to Reg: 0x03 Val: 0x00000000
In clock cycle: 397184
Register Write to Reg: 0x04 Val: 0x00002008
In clock cycle: 397185
Register Write to Reg: 0x04 Val: 0x00001580
In clock cycle: 397186
Register Write to Reg: 0x04 Val: 0x00001578
In clock cycle: 397187
Register Write to Reg: 0x01 Val: 0x00001570
In clock cycle: 397188
Register Write to Reg: 0x00 Val: 0x00000000
In clock cycle: 397865
Register Write to Reg: 0x03 Val: 0x0FC12000
In clock cycle: 397866
Register Write to Reg: 0x03 Val: 0x00000000
In clock cycle: 397867
Register Write to Reg: 0x04 Val: 0x00002008
In clock cycle: 397868
Register Write to Reg: 0x04 Val: 0x00001588
In clock cycle: 397869
Register Write to Reg: 0x04 Val: 0x00001580
In clock cycle: 397870
Register Write to Reg: 0x01 Val: 0x00001578
In clock cycle: 397871
Register Write to Reg: 0x00 Val: 0x00000000
In clock cycle: 398546
Register Write to Reg: 0x03 Val: 0x0FC12000
In clock cycle: 398547
Register Write to Reg: 0x03 Val: 0x00000000
In clock cycle: 398548
Register Write to Reg: 0x04 Val: 0x00002008
In clock cycle: 398549
Register Write to Reg: 0x04 Val: 0x00001590
In clock cycle: 398550
Register Write to Reg: 0x04 Val: 0x00001588
In clock cycle: 398551
Register Write to Reg: 0x01 Val: 0x00001580
In clock cycle: 398552
Register Write to Reg: 0x00 Val: 0x00000000
In clock cycle: 399225
Register Write to Reg: 0x03 Val: 0x0FC12000
In clock cycle: 399226
Register Write to Reg: 0x03 Val: 0x00000000
In clock cycle: 399227
Register Write to Reg: 0x04 Val: 0x00002008
In clock cycle: 399228
Register Write to Reg: 0x04 Val: 0x00001598
In clock cycle: 399229
Register Write to Reg: 0x04 Val: 0x00001590
In clock cycle: 399230
Register Write to Reg: 0x01 Val: 0x00001588
In clock cycle: 399231
Register Write to Reg: 0x00 Val: 0x00000000
In clock cycle: 399902
Register Write to Reg: 0x03 Val: 0x0FC12000
In clock cycle: 399903
Register Write to Reg: 0x03 Val: 0x00000000
In clock cycle: 399904
Register Write to Reg: 0x04 Val: 0x00002008
In clock cycle: 399905
Register Write to Reg: 0x04 Val: 0x000015A0
In clock cycle: 399906
Register Write to Reg: 0x04 Val: 0x00001598
In clock cycle: 399907
Register Write to Reg: 0x01 Val: 0x00001590
In clock cycle: 399908
Register Write to Reg: 0x00 Val: 0x00000000
In clock cycle: 400577
Register Write to Reg: 0x03 Val: 0x0FC12000
In clock cycle: 400578
Register Write to Reg: 0x03 Val: 0x00000000
In clock cycle: 400579
Register Write to Reg: 0x04 Val: 0x00002008
In clock cycle: 400580
Register Write to Reg: 0x04 Val: 0x000015A8
In clock cycle: 400581
Register Write to Reg: 0x04 Val: 0x000015A0
In clock cycle: 400582
Register Write to Reg: 0x01 Val: 0x00001598
In clock cycle: 400583
Register Write to Reg: 0x00 Val: 0x00000000
In clock cycle: 401250
Register Write to Reg: 0x03 Val: 0x0FC12000
In clock cycle: 401251
Register Write to Reg: 0x03 Val: 0x00000000
In clock cycle: 401252
Register Write to Reg: 0x04 Val: 0x00002008
In clock cycle: 401253
Register Write to Reg: 0x04 Val: 0x000015B0
In clock cycle: 401254
Register Write to Reg: 0x04 Val: 0x000015A8
In clock cycle: 401255
Register Write to Reg: 0x01 Val: 0x000015A0
In clock cycle: 401256
Register Write to Reg: 0x00 Val: 0x00000000
In clock cycle: 401921
Register Write to Reg: 0x03 Val: 0x0FC12000
In clock cycle: 401922
Register Write to Reg: 0x03 Val: 0x00000000
In clock cycle: 401923
Register Write to Reg: 0x04 Val: 0x00002008
In clock cycle: 401924
Register Write to Reg: 0x04 Val: 0x000015B8
In clock cycle: 401925
Register Write to Reg: 0x04 Val: 0x000015B0
In clock cycle: 401926
Register Write to Reg: 0x01 Val: 0x000015A8
In clock cycle: 401927
Register Write to Reg: 0x00 Val: 0x00000000
In clock cycle: 402590
Register Write to Reg: 0x03 Val: 0x0FC12000
In clock cycle: 402591
Register Write to Reg: 0x03 Val: 0x00000000
In clock cycle: 402592
Register Write to Reg: 0x04 Val: 0x00002008
In clock cycle: 402593
Register Write to Reg: 0x04 Val: 0x000015C0
In clock cycle: 402594
Register Write to Reg: 0x04 Val: 0x000015B8
In clock cycle: 402595
Register Write to Reg: 0x01 Val: 0x000015B0
In clock cycle: 402596
Register Write to Reg: 0x00 Val: 0x00000000
In clock cycle: 403257
Register Write to Reg: 0x03 Val: 0x0FC12000
In clock cycle: 403258
Register Write to Reg: 0x03 Val: 0x00000000
In clock cycle: 403259
Register Write to Reg: 0x04 Val: 0x00002008
In clock cycle: 403260
Register Write to Reg: 0x04 Val: 0x000015C8
In clock cycle: 403261
Register Write to Reg: 0x04 Val: 0x000015C0
In clock cycle: 403262
Register Write to Reg: 0x01 Val: 0x000015B8
In clock cycle: 403263
Register Write to Reg: 0x00 Val: 0x00000000
In clock cycle: 403922
Register Write to Reg: 0x03 Val: 0x0FC12000
In clock cycle: 403923
Register Write to Reg: 0x03 Val: 0x00000000
In clock cycle: 403924
Register Write to Reg: 0x04 Val: 0x00002008
In clock cycle: 403925
Register Write to Reg: 0x04 Val: 0x000015D0
In clock cycle: 403926
Register Write to Reg: 0x04 Val: 0x000015C8
In clock cycle: 403927
Register Write to Reg: 0x01 Val: 0x000015C0
In clock cycle: 403928
Register Write to Reg: 0x00 Val: 0x00000000
In clock cycle: 404585
Register Write to Reg: 0x03 Val: 0x0FC12000
In clock cycle: 404586
Register Write to Reg: 0x03 Val: 0x00000000
In clock cycle: 404587
Register Write to Reg: 0x04 Val: 0x00002008
In clock cycle: 404588
Register Write to Reg: 0x04 Val: 0x000015D8
In clock cycle: 404589
Register Write to Reg: 0x04 Val: 0x000015D0
In clock cycle: 404590
Register Write to Reg: 0x01 Val: 0x000015C8
In clock cycle: 404591
Register Write to Reg: 0x00 Val: 0x00000000
In clock cycle: 405246
Register Write to Reg: 0x03 Val: 0x0FC12000
In clock cycle: 405247
Register Write to Reg: 0x03 Val: 0x00000000
In clock cycle: 405248
Register Write to Reg: 0x04 Val: 0x00002008
In clock cycle: 405249
Register Write to Reg: 0x04 Val: 0x000015E0
In clock cycle: 405250
Register Write to Reg: 0x04 Val: 0x000015D8
In clock cycle: 405251
Register Write to Reg: 0x01 Val: 0x000015D0
In clock cycle: 405252
Register Write to Reg: 0x00 Val: 0x00000000
In clock cycle: 405905
Register Write to Reg: 0x03 Val: 0x0FC12000
In clock cycle: 405906
Register Write to Reg: 0x03 Val: 0x00000000
In clock cycle: 405907
Register Write to Reg: 0x04 Val: 0x00002008
In clock cycle: 405908
Register Write to Reg: 0x04 Val: 0x000015E8
In clock cycle: 405909
Register Write to Reg: 0x04 Val: 0x000015E0
In clock cycle: 405910
Register Write to Reg: 0x01 Val: 0x000015D8
In clock cycle: 405911
Register Write to Reg: 0x00 Val: 0x00000000
In clock cycle: 406562
Register Write to Reg: 0x03 Val: 0x0FC12000
In clock cycle: 406563
Register Write to Reg: 0x03 Val: 0x00000000
In clock cycle: 406564
Register Write to Reg: 0x04 Val: 0x00002008
In clock cycle: 406565
Register Write to Reg: 0x04 Val: 0x000015F0
In clock cycle: 406566
Register Write to Reg: 0x04 Val: 0x000015E8
In clock cycle: 406567
Register Write to Reg: 0x01 Val: 0x000015E0
In clock cycle: 406568
Register Write to Reg: 0x00 Val: 0x00000000
In clock cycle: 407217
Register Write to Reg: 0x03 Val: 0x0FC12000
In clock cycle: 407218
Register Write to Reg: 0x03 Val: 0x00000000
In clock cycle: 407219
Register Write to Reg: 0x04 Val: 0x00002008
In clock cycle: 407220
Register Write to Reg: 0x04 Val: 0x000015F8
In clock cycle: 407221
Register Write to Reg: 0x04 Val: 0x000015F0
In clock cycle: 407222
Register Write to Reg: 0x01 Val: 0x000015E8
In clock cycle: 407223
Register Write to Reg: 0x00 Val: 0x00000000
In clock cycle: 407870
Register Write to Reg: 0x03 Val: 0x0FC12000
In clock cycle: 407871
Register Write to Reg: 0x03 Val: 0x00000000
In clock cycle: 407872
Register Write to Reg: 0x04 Val: 0x00002008
In clock cycle: 407873
Register Write to Reg: 0x04 Val: 0x00001600
In clock cycle: 407874
Register Write to Reg: 0x04 Val: 0x000015F8
In clock cycle: 407875
Register Write to Reg: 0x01 Val: 0x000015F0
In clock cycle: 407876
Register Write to Reg: 0x00 Val: 0x00000000
In clock cycle: 408521
Register Write to Reg: 0x03 Val: 0x0FC12000
In clock cycle: 408522
Register Write to Reg: 0x03 Val: 0x00000000
In clock cycle: 408523
Register Write to Reg: 0x04 Val: 0x00002008
In clock cycle: 408524
Register Write to Reg: 0x04 Val: 0x00001608
In clock cycle: 408525
Register Write to Reg: 0x04 Val: 0x00001600
In clock cycle: 408526
Register Write to Reg: 0x01 Val: 0x000015F8
In clock cycle: 408527
Register Write to Reg: 0x00 Val: 0x00000000
In clock cycle: 409170
Register Write to Reg: 0x03 Val: 0x0FC12000
In clock cycle: 409171
Register Write to Reg: 0x03 Val: 0x00000000
In clock cycle: 409172
Register Write to Reg: 0x04 Val: 0x00002008
In clock cycle: 409173
Register Write to Reg: 0x04 Val: 0x00001610
In clock cycle: 409174
Register Write to Reg: 0x04 Val: 0x00001608
In clock cycle: 409175
Register Write to Reg: 0x01 Val: 0x00001600
In clock cycle: 409176
Register Write to Reg: 0x00 Val: 0x00000000
In clock cycle: 409817
Register Write to Reg: 0x03 Val: 0x0FC12000
In clock cycle: 409818
Register Write to Reg: 0x03 Val: 0x00000000
In clock cycle: 409819
Register Write to Reg: 0x04 Val: 0x00002008
In clock cycle: 409820
Register Write to Reg: 0x04 Val: 0x00001618
In clock cycle: 409821
Register Write to Reg: 0x04 Val: 0x00001610
In clock cycle: 409822
Register Write to Reg: 0x01 Val: 0x00001608
In clock cycle: 409823
Register Write to Reg: 0x00 Val: 0x00000000
In clock cycle: 410462
Register Write to Reg: 0x03 Val: 0x0FC12000
In clock cycle: 410463
Register Write to Reg: 0x03 Val: 0x00000000
In clock cycle: 410464
Register Write to Reg: 0x04 Val: 0x00002008
In clock cycle: 410465
Register Write to Reg: 0x04 Val: 0x00001620
In clock cycle: 410466
Register Write to Reg: 0x04 Val: 0x00001618
In clock cycle: 410467
Register Write to Reg: 0x01 Val: 0x00001610
In clock cycle: 410468
Register Write to Reg: 0x00 Val: 0x00000000
In clock cycle: 411105
Register Write to Reg: 0x03 Val: 0x0FC12000
In clock cycle: 411106
Register Write to Reg: 0x03 Val: 0x00000000
In clock cycle: 411107
Register Write to Reg: 0x04 Val: 0x00002008
In clock cycle: 411108
Register Write to Reg: 0x04 Val: 0x00001628
In clock cycle: 411109
Register Write to Reg: 0x04 Val: 0x00001620
In clock cycle: 411110
Register Write to Reg: 0x01 Val: 0x00001618
In clock cycle: 411111
Register Write to Reg: 0x00 Val: 0x00000000
In clock cycle: 411746
Register Write to Reg: 0x03 Val: 0x0FC12000
In clock cycle: 411747
Register Write to Reg: 0x03 Val: 0x00000000
In clock cycle: 411748
Register Write to Reg: 0x04 Val: 0x00002008
In clock cycle: 411749
Register Write to Reg: 0x04 Val: 0x00001630
In clock cycle: 411750
Register Write to Reg: 0x04 Val: 0x00001628
In clock cycle: 411751
Register Write to Reg: 0x01 Val: 0x00001620
In clock cycle: 411752
Register Write to Reg: 0x00 Val: 0x00000000
In clock cycle: 412385
Register Write to Reg: 0x03 Val: 0x0FC12000
In clock cycle: 412386
Register Write to Reg: 0x03 Val: 0x00000000
In clock cycle: 412387
Register Write to Reg: 0x04 Val: 0x00002008
In clock cycle: 412388
Register Write to Reg: 0x04 Val: 0x00001638
In clock cycle: 412389
Register Write to Reg: 0x04 Val: 0x00001630
In clock cycle: 412390
Register Write to Reg: 0x01 Val: 0x00001628
In clock cycle: 412391
Register Write to Reg: 0x00 Val: 0x00000000
In clock cycle: 413022
Register Write to Reg: 0x03 Val: 0x0FC12000
In clock cycle: 413023
Register Write to Reg: 0x03 Val: 0x00000000
In clock cycle: 413024
Register Write to Reg: 0x04 Val: 0x00002008
In clock cycle: 413025
Register Write to Reg: 0x04 Val: 0x00001640
In clock cycle: 413026
Register Write to Reg: 0x04 Val: 0x00001638
In clock cycle: 413027
Register Write to Reg: 0x01 Val: 0x00001630
In clock cycle: 413028
Register Write to Reg: 0x00 Val: 0x00000000
In clock cycle: 413657
Register Write to Reg: 0x03 Val: 0x0FC12000
In clock cycle: 413658
Register Write to Reg: 0x03 Val: 0x00000000
In clock cycle: 413659
Register Write to Reg: 0x04 Val: 0x00002008
In clock cycle: 413660
Register Write to Reg: 0x04 Val: 0x00001648
In clock cycle: 413661
Register Write to Reg: 0x04 Val: 0x00001640
In clock cycle: 413662
Register Write to Reg: 0x01 Val: 0x00001638
In clock cycle: 413663
Register Write to Reg: 0x00 Val: 0x00000000
In clock cycle: 414290
Register Write to Reg: 0x03 Val: 0x0FC12000
In clock cycle: 414291
Register Write to Reg: 0x03 Val: 0x00000000
In clock cycle: 414292
Register Write to Reg: 0x04 Val: 0x00002008
In clock cycle: 414293
Register Write to Reg: 0x04 Val: 0x00001650
In clock cycle: 414294
Register Write to Reg: 0x04 Val: 0x00001648
In clock cycle: 414295
Register Write to Reg: 0x01 Val: 0x00001640
In clock cycle: 414296
Register Write to Reg: 0x00 Val: 0x00000000
In clock cycle: 414921
Register Write to Reg: 0x03 Val: 0x0FC12000
In clock cycle: 414922
Register Write to Reg: 0x03 Val: 0x00000000
In clock cycle: 414923
Register Write to Reg: 0x04 Val: 0x00002008
In clock cycle: 414924
Register Write to Reg: 0x04 Val: 0x00001658
In clock cycle: 414925
Register Write to Reg: 0x04 Val: 0x00001650
In clock cycle: 414926
Register Write to Reg: 0x01 Val: 0x00001648
In clock cycle: 414927
Register Write to Reg: 0x00 Val: 0x00000000
In clock cycle: 415550
Register Write to Reg: 0x03 Val: 0x0FC12000
In clock cycle: 415551
Register Write to Reg: 0x03 Val: 0x00000000
In clock cycle: 415552
Register Write to Reg: 0x04 Val: 0x00002008
In clock cycle: 415553
Register Write to Reg: 0x04 Val: 0x00001660
In clock cycle: 415554
Register Write to Reg: 0x04 Val: 0x00001658
In clock cycle: 415555
Register Write to Reg: 0x01 Val: 0x00001650
In clock cycle: 415556
Register Write to Reg: 0x00 Val: 0x00000000
In clock cycle: 416177
Register Write to Reg: 0x03 Val: 0x0FC12000
In clock cycle: 416178
Register Write to Reg: 0x03 Val: 0x00000000
In clock cycle: 416179
Register Write to Reg: 0x04 Val: 0x00002008
In clock cycle: 416180
Register Write to Reg: 0x04 Val: 0x00001668
In clock cycle: 416181
Register Write to Reg: 0x04 Val: 0x00001660
In clock cycle: 416182
Register Write to Reg: 0x01 Val: 0x00001658
In clock cycle: 416183
Register Write to Reg: 0x00 Val: 0x00000000
In clock cycle: 416802
Register Write to Reg: 0x03 Val: 0x0FC12000
In clock cycle: 416803
Register Write to Reg: 0x03 Val: 0x00000000
In clock cycle: 416804
Register Write to Reg: 0x04 Val: 0x00002008
In clock cycle: 416805
Register Write to Reg: 0x04 Val: 0x00001670
In clock cycle: 416806
Register Write to Reg: 0x04 Val: 0x00001668
In clock cycle: 416807
Register Write to Reg: 0x01 Val: 0x00001660
In clock cycle: 416808
Register Write to Reg: 0x00 Val: 0x00000000
In clock cycle: 417425
Register Write to Reg: 0x03 Val: 0x0FC12000
In clock cycle: 417426
Register Write to Reg: 0x03 Val: 0x00000000
In clock cycle: 417427
Register Write to Reg: 0x04 Val: 0x00002008
In clock cycle: 417428
Register Write to Reg: 0x04 Val: 0x00001678
In clock cycle: 417429
Register Write to Reg: 0x04 Val: 0x00001670
In clock cycle: 417430
Register Write to Reg: 0x01 Val: 0x00001668
In clock cycle: 417431
Register Write to Reg: 0x00 Val: 0x00000000
In clock cycle: 418046
Register Write to Reg: 0x03 Val: 0x0FC12000
In clock cycle: 418047
Register Write to Reg: 0x03 Val: 0x00000000
In clock cycle: 418048
Register Write to Reg: 0x04 Val: 0x00002008
In clock cycle: 418049
Register Write to Reg: 0x04 Val: 0x00001680
In clock cycle: 418050
Register Write to Reg: 0x04 Val: 0x00001678
In clock cycle: 418051
Register Write to Reg: 0x01 Val: 0x00001670
In clock cycle: 418052
Register Write to Reg: 0x00 Val: 0x00000000
In clock cycle: 418665
Register Write to Reg: 0x03 Val: 0x0FC12000
In clock cycle: 418666
Register Write to Reg: 0x03 Val: 0x00000000
In clock cycle: 418667
Register Write to Reg: 0x04 Val: 0x00002008
In clock cycle: 418668
Register Write to Reg: 0x04 Val: 0x00001688
In clock cycle: 418669
Register Write to Reg: 0x04 Val: 0x00001680
In clock cycle: 418670
Register Write to Reg: 0x01 Val: 0x00001678
In clock cycle: 418671
Register Write to Reg: 0x00 Val: 0x00000000
In clock cycle: 419282
Register Write to Reg: 0x03 Val: 0x0FC12000
In clock cycle: 419283
Register Write to Reg: 0x03 Val: 0x00000000
In clock cycle: 419284
Register Write to Reg: 0x04 Val: 0x00002008
In clock cycle: 419285
Register Write to Reg: 0x04 Val: 0x00001690
In clock cycle: 419286
Register Write to Reg: 0x04 Val: 0x00001688
In clock cycle: 419287
Register Write to Reg: 0x01 Val: 0x00001680
In clock cycle: 419288
Register Write to Reg: 0x00 Val: 0x00000000
In clock cycle: 419897
Register Write to Reg: 0x03 Val: 0x0FC12000
In clock cycle: 419898
Register Write to Reg: 0x03 Val: 0x00000000
In clock cycle: 419899
Register Write to Reg: 0x04 Val: 0x00002008
In clock cycle: 419900
Register Write to Reg: 0x04 Val: 0x00001698
In clock cycle: 419901
Register Write to Reg: 0x04 Val: 0x00001690
In clock cycle: 419902
Register Write to Reg: 0x01 Val: 0x00001688
In clock cycle: 419903
Register Write to Reg: 0x00 Val: 0x00000000
In clock cycle: 420510
Register Write to Reg: 0x03 Val: 0x0FC12000
In clock cycle: 420511
Register Write to Reg: 0x03 Val: 0x00000000
In clock cycle: 420512
Register Write to Reg: 0x04 Val: 0x00002008
In clock cycle: 420513
Register Write to Reg: 0x04 Val: 0x000016A0
In clock cycle: 420514
Register Write to Reg: 0x04 Val: 0x00001698
In clock cycle: 420515
Register Write to Reg: 0x01 Val: 0x00001690
In clock cycle: 420516
Register Write to Reg: 0x00 Val: 0x00000000
In clock cycle: 421121
Register Write to Reg: 0x03 Val: 0x0FC12000
In clock cycle: 421122
Register Write to Reg: 0x03 Val: 0x00000000
In clock cycle: 421123
Register Write to Reg: 0x04 Val: 0x00002008
In clock cycle: 421124
Register Write to Reg: 0x04 Val: 0x000016A8
In clock cycle: 421125
Register Write to Reg: 0x04 Val: 0x000016A0
In clock cycle: 421126
Register Write to Reg: 0x01 Val: 0x00001698
In clock cycle: 421127
Register Write to Reg: 0x00 Val: 0x00000000
In clock cycle: 421730
Register Write to Reg: 0x03 Val: 0x0FC12000
In clock cycle: 421731
Register Write to Reg: 0x03 Val: 0x00000000
In clock cycle: 421732
Register Write to Reg: 0x04 Val: 0x00002008
In clock cycle: 421733
Register Write to Reg: 0x04 Val: 0x000016B0
In clock cycle: 421734
Register Write to Reg: 0x04 Val: 0x000016A8
In clock cycle: 421735
Register Write to Reg: 0x01 Val: 0x000016A0
In clock cycle: 421736
Register Write to Reg: 0x00 Val: 0x00000000
In clock cycle: 422337
Register Write to Reg: 0x03 Val: 0x0FC12000
In clock cycle: 422338
Register Write to Reg: 0x03 Val: 0x00000000
In clock cycle: 422339
Register Write to Reg: 0x04 Val: 0x00002008
In clock cycle: 422340
Register Write to Reg: 0x04 Val: 0x000016B8
In clock cycle: 422341
Register Write to Reg: 0x04 Val: 0x000016B0
In clock cycle: 422342
Register Write to Reg: 0x01 Val: 0x000016A8
In clock cycle: 422343
Register Write to Reg: 0x00 Val: 0x00000000
In clock cycle: 422942
Register Write to Reg: 0x03 Val: 0x0FC12000
In clock cycle: 422943
Register Write to Reg: 0x03 Val: 0x00000000
In clock cycle: 422944
Register Write to Reg: 0x04 Val: 0x00002008
In clock cycle: 422945
Register Write to Reg: 0x04 Val: 0x000016C0
In clock cycle: 422946
Register Write to Reg: 0x04 Val: 0x000016B8
In clock cycle: 422947
Register Write to Reg: 0x01 Val: 0x000016B0
In clock cycle: 422948
Register Write to Reg: 0x00 Val: 0x00000000
In clock cycle: 423545
Register Write to Reg: 0x03 Val: 0x0FC12000
In clock cycle: 423546
Register Write to Reg: 0x03 Val: 0x00000000
In clock cycle: 423547
Register Write to Reg: 0x04 Val: 0x00002008
In clock cycle: 423548
Register Write to Reg: 0x04 Val: 0x000016C8
In clock cycle: 423549
Register Write to Reg: 0x04 Val: 0x000016C0
In clock cycle: 423550
Register Write to Reg: 0x01 Val: 0x000016B8
In clock cycle: 423551
Register Write to Reg: 0x00 Val: 0x00000000
In clock cycle: 424146
Register Write to Reg: 0x03 Val: 0x0FC12000
In clock cycle: 424147
Register Write to Reg: 0x03 Val: 0x00000000
In clock cycle: 424148
Register Write to Reg: 0x04 Val: 0x00002008
In clock cycle: 424149
Register Write to Reg: 0x04 Val: 0x000016D0
In clock cycle: 424150
Register Write to Reg: 0x04 Val: 0x000016C8
In clock cycle: 424151
Register Write to Reg: 0x01 Val: 0x000016C0
In clock cycle: 424152
Register Write to Reg: 0x00 Val: 0x00000000
In clock cycle: 424745
Register Write to Reg: 0x03 Val: 0x0FC12000
In clock cycle: 424746
Register Write to Reg: 0x03 Val: 0x00000000
In clock cycle: 424747
Register Write to Reg: 0x04 Val: 0x00002008
In clock cycle: 424748
Register Write to Reg: 0x04 Val: 0x000016D8
In clock cycle: 424749
Register Write to Reg: 0x04 Val: 0x000016D0
In clock cycle: 424750
Register Write to Reg: 0x01 Val: 0x000016C8
In clock cycle: 424751
Register Write to Reg: 0x00 Val: 0x00000000
In clock cycle: 425342
Register Write to Reg: 0x03 Val: 0x0FC12000
In clock cycle: 425343
Register Write to Reg: 0x03 Val: 0x00000000
In clock cycle: 425344
Register Write to Reg: 0x04 Val: 0x00002008
In clock cycle: 425345
Register Write to Reg: 0x04 Val: 0x000016E0
In clock cycle: 425346
Register Write to Reg: 0x04 Val: 0x000016D8
In clock cycle: 425347
Register Write to Reg: 0x01 Val: 0x000016D0
In clock cycle: 425348
Register Write to Reg: 0x00 Val: 0x00000000
In clock cycle: 425937
Register Write to Reg: 0x03 Val: 0x0FC12000
In clock cycle: 425938
Register Write to Reg: 0x03 Val: 0x00000000
In clock cycle: 425939
Register Write to Reg: 0x04 Val: 0x00002008
In clock cycle: 425940
Register Write to Reg: 0x04 Val: 0x000016E8
In clock cycle: 425941
Register Write to Reg: 0x04 Val: 0x000016E0
In clock cycle: 425942
Register Write to Reg: 0x01 Val: 0x000016D8
In clock cycle: 425943
Register Write to Reg: 0x00 Val: 0x00000000
In clock cycle: 426530
Register Write to Reg: 0x03 Val: 0x0FC12000
In clock cycle: 426531
Register Write to Reg: 0x03 Val: 0x00000000
In clock cycle: 426532
Register Write to Reg: 0x04 Val: 0x00002008
In clock cycle: 426533
Register Write to Reg: 0x04 Val: 0x000016F0
In clock cycle: 426534
Register Write to Reg: 0x04 Val: 0x000016E8
In clock cycle: 426535
Register Write to Reg: 0x01 Val: 0x000016E0
In clock cycle: 426536
Register Write to Reg: 0x00 Val: 0x00000000
In clock cycle: 427121
Register Write to Reg: 0x03 Val: 0x0FC12000
In clock cycle: 427122
Register Write to Reg: 0x03 Val: 0x00000000
In clock cycle: 427123
Register Write to Reg: 0x04 Val: 0x00002008
In clock cycle: 427124
Register Write to Reg: 0x04 Val: 0x000016F8
In clock cycle: 427125
Register Write to Reg: 0x04 Val: 0x000016F0
In clock cycle: 427126
Register Write to Reg: 0x01 Val: 0x000016E8
In clock cycle: 427127
Register Write to Reg: 0x00 Val: 0x00000000
In clock cycle: 427710
Register Write to Reg: 0x03 Val: 0x0FC12000
In clock cycle: 427711
Register Write to Reg: 0x03 Val: 0x00000000
In clock cycle: 427712
Register Write to Reg: 0x04 Val: 0x00002008
In clock cycle: 427713
Register Write to Reg: 0x04 Val: 0x00001700
In clock cycle: 427714
Register Write to Reg: 0x04 Val: 0x000016F8
In clock cycle: 427715
Register Write to Reg: 0x01 Val: 0x000016F0
In clock cycle: 427716
Register Write to Reg: 0x00 Val: 0x00000000
In clock cycle: 428297
Register Write to Reg: 0x03 Val: 0x0FC12000
In clock cycle: 428298
Register Write to Reg: 0x03 Val: 0x00000000
In clock cycle: 428299
Register Write to Reg: 0x04 Val: 0x00002008
In clock cycle: 428300
Register Write to Reg: 0x04 Val: 0x00001708
In clock cycle: 428301
Register Write to Reg: 0x04 Val: 0x00001700
In clock cycle: 428302
Register Write to Reg: 0x01 Val: 0x000016F8
In clock cycle: 428303
Register Write to Reg: 0x00 Val: 0x00000000
In clock cycle: 428882
Register Write to Reg: 0x03 Val: 0x0FC12000
In clock cycle: 428883
Register Write to Reg: 0x03 Val: 0x00000000
In clock cycle: 428884
Register Write to Reg: 0x04 Val: 0x00002008
In clock cycle: 428885
Register Write to Reg: 0x04 Val: 0x00001710
In clock cycle: 428886
Register Write to Reg: 0x04 Val: 0x00001708
In clock cycle: 428887
Register Write to Reg: 0x01 Val: 0x00001700
In clock cycle: 428888
Register Write to Reg: 0x00 Val: 0x00000000
In clock cycle: 429465
Register Write to Reg: 0x03 Val: 0x0FC12000
In clock cycle: 429466
Register Write to Reg: 0x03 Val: 0x00000000
In clock cycle: 429467
Register Write to Reg: 0x04 Val: 0x00002008
In clock cycle: 429468
Register Write to Reg: 0x04 Val: 0x00001718
In clock cycle: 429469
Register Write to Reg: 0x04 Val: 0x00001710
In clock cycle: 429470
Register Write to Reg: 0x01 Val: 0x00001708
In clock cycle: 429471
Register Write to Reg: 0x00 Val: 0x00000000
In clock cycle: 430046
Register Write to Reg: 0x03 Val: 0x0FC12000
In clock cycle: 430047
Register Write to Reg: 0x03 Val: 0x00000000
In clock cycle: 430048
Register Write to Reg: 0x04 Val: 0x00002008
In clock cycle: 430049
Register Write to Reg: 0x04 Val: 0x00001720
In clock cycle: 430050
Register Write to Reg: 0x04 Val: 0x00001718
In clock cycle: 430051
Register Write to Reg: 0x01 Val: 0x00001710
In clock cycle: 430052
Register Write to Reg: 0x00 Val: 0x00000000
In clock cycle: 430625
Register Write to Reg: 0x03 Val: 0x0FC12000
In clock cycle: 430626
Register Write to Reg: 0x03 Val: 0x00000000
In clock cycle: 430627
Register Write to Reg: 0x04 Val: 0x00002008
In clock cycle: 430628
Register Write to Reg: 0x04 Val: 0x00001728
In clock cycle: 430629
Register Write to Reg: 0x04 Val: 0x00001720
In clock cycle: 430630
Register Write to Reg: 0x01 Val: 0x00001718
In clock cycle: 430631
Register Write to Reg: 0x00 Val: 0x00000000
In clock cycle: 431202
Register Write to Reg: 0x03 Val: 0x0FC12000
In clock cycle: 431203
Register Write to Reg: 0x03 Val: 0x00000000
In clock cycle: 431204
Register Write to Reg: 0x04 Val: 0x00002008
In clock cycle: 431205
Register Write to Reg: 0x04 Val: 0x00001730
In clock cycle: 431206
Register Write to Reg: 0x04 Val: 0x00001728
In clock cycle: 431207
Register Write to Reg: 0x01 Val: 0x00001720
In clock cycle: 431208
Register Write to Reg: 0x00 Val: 0x00000000
In clock cycle: 431777
Register Write to Reg: 0x03 Val: 0x0FC12000
In clock cycle: 431778
Register Write to Reg: 0x03 Val: 0x00000000
In clock cycle: 431779
Register Write to Reg: 0x04 Val: 0x00002008
In clock cycle: 431780
Register Write to Reg: 0x04 Val: 0x00001738
In clock cycle: 431781
Register Write to Reg: 0x04 Val: 0x00001730
In clock cycle: 431782
Register Write to Reg: 0x01 Val: 0x00001728
In clock cycle: 431783
Register Write to Reg: 0x00 Val: 0x00000000
In clock cycle: 432350
Register Write to Reg: 0x03 Val: 0x0FC12000
In clock cycle: 432351
Register Write to Reg: 0x03 Val: 0x00000000
In clock cycle: 432352
Register Write to Reg: 0x04 Val: 0x00002008
In clock cycle: 432353
Register Write to Reg: 0x04 Val: 0x00001740
In clock cycle: 432354
Register Write to Reg: 0x04 Val: 0x00001738
In clock cycle: 432355
Register Write to Reg: 0x01 Val: 0x00001730
In clock cycle: 432356
Register Write to Reg: 0x00 Val: 0x00000000
In clock cycle: 432921
Register Write to Reg: 0x03 Val: 0x0FC12000
In clock cycle: 432922
Register Write to Reg: 0x03 Val: 0x00000000
In clock cycle: 432923
Register Write to Reg: 0x04 Val: 0x00002008
In clock cycle: 432924
Register Write to Reg: 0x04 Val: 0x00001748
In clock cycle: 432925
Register Write to Reg: 0x04 Val: 0x00001740
In clock cycle: 432926
Register Write to Reg: 0x01 Val: 0x00001738
In clock cycle: 432927
Register Write to Reg: 0x00 Val: 0x00000000
In clock cycle: 433490
Register Write to Reg: 0x03 Val: 0x0FC12000
In clock cycle: 433491
Register Write to Reg: 0x03 Val: 0x00000000
In clock cycle: 433492
Register Write to Reg: 0x04 Val: 0x00002008
In clock cycle: 433493
Register Write to Reg: 0x04 Val: 0x00001750
In clock cycle: 433494
Register Write to Reg: 0x04 Val: 0x00001748
In clock cycle: 433495
Register Write to Reg: 0x01 Val: 0x00001740
In clock cycle: 433496
Register Write to Reg: 0x00 Val: 0x00000000
In clock cycle: 434057
Register Write to Reg: 0x03 Val: 0x0FC12000
In clock cycle: 434058
Register Write to Reg: 0x03 Val: 0x00000000
In clock cycle: 434059
Register Write to Reg: 0x04 Val: 0x00002008
In clock cycle: 434060
Register Write to Reg: 0x04 Val: 0x00001758
In clock cycle: 434061
Register Write to Reg: 0x04 Val: 0x00001750
In clock cycle: 434062
Register Write to Reg: 0x01 Val: 0x00001748
In clock cycle: 434063
Register Write to Reg: 0x00 Val: 0x00000000
In clock cycle: 434622
Register Write to Reg: 0x03 Val: 0x0FC12000
In clock cycle: 434623
Register Write to Reg: 0x03 Val: 0x00000000
In clock cycle: 434624
Register Write to Reg: 0x04 Val: 0x00002008
In clock cycle: 434625
Register Write to Reg: 0x04 Val: 0x00001760
In clock cycle: 434626
Register Write to Reg: 0x04 Val: 0x00001758
In clock cycle: 434627
Register Write to Reg: 0x01 Val: 0x00001750
In clock cycle: 434628
Register Write to Reg: 0x00 Val: 0x00000000
In clock cycle: 435185
Register Write to Reg: 0x03 Val: 0x0FC12000
In clock cycle: 435186
Register Write to Reg: 0x03 Val: 0x00000000
In clock cycle: 435187
Register Write to Reg: 0x04 Val: 0x00002008
In clock cycle: 435188
Register Write to Reg: 0x04 Val: 0x00001768
In clock cycle: 435189
Register Write to Reg: 0x04 Val: 0x00001760
In clock cycle: 435190
Register Write to Reg: 0x01 Val: 0x00001758
In clock cycle: 435191
Register Write to Reg: 0x00 Val: 0x00000000
In clock cycle: 435746
Register Write to Reg: 0x03 Val: 0x0FC12000
In clock cycle: 435747
Register Write to Reg: 0x03 Val: 0x00000000
In clock cycle: 435748
Register Write to Reg: 0x04 Val: 0x00002008
In clock cycle: 435749
Register Write to Reg: 0x04 Val: 0x00001770
In clock cycle: 435750
Register Write to Reg: 0x04 Val: 0x00001768
In clock cycle: 435751
Register Write to Reg: 0x01 Val: 0x00001760
In clock cycle: 435752
Register Write to Reg: 0x00 Val: 0x00000000
In clock cycle: 436305
Register Write to Reg: 0x03 Val: 0x0FC12000
In clock cycle: 436306
Register Write to Reg: 0x03 Val: 0x00000000
In clock cycle: 436307
Register Write to Reg: 0x04 Val: 0x00002008
In clock cycle: 436308
Register Write to Reg: 0x04 Val: 0x00001778
In clock cycle: 436309
Register Write to Reg: 0x04 Val: 0x00001770
In clock cycle: 436310
Register Write to Reg: 0x01 Val: 0x00001768
In clock cycle: 436311
Register Write to Reg: 0x00 Val: 0x00000000
In clock cycle: 436862
Register Write to Reg: 0x03 Val: 0x0FC12000
In clock cycle: 436863
Register Write to Reg: 0x03 Val: 0x00000000
In clock cycle: 436864
Register Write to Reg: 0x04 Val: 0x00002008
In clock cycle: 436865
Register Write to Reg: 0x04 Val: 0x00001780
In clock cycle: 436866
Register Write to Reg: 0x04 Val: 0x00001778
In clock cycle: 436867
Register Write to Reg: 0x01 Val: 0x00001770
In clock cycle: 436868
Register Write to Reg: 0x00 Val: 0x00000000
In clock cycle: 437417
Register Write to Reg: 0x03 Val: 0x0FC12000
In clock cycle: 437418
Register Write to Reg: 0x03 Val: 0x00000000
In clock cycle: 437419
Register Write to Reg: 0x04 Val: 0x00002008
In clock cycle: 437420
Register Write to Reg: 0x04 Val: 0x00001788
In clock cycle: 437421
Register Write to Reg: 0x04 Val: 0x00001780
In clock cycle: 437422
Register Write to Reg: 0x01 Val: 0x00001778
In clock cycle: 437423
Register Write to Reg: 0x00 Val: 0x00000000
In clock cycle: 437970
Register Write to Reg: 0x03 Val: 0x0FC12000
In clock cycle: 437971
Register Write to Reg: 0x03 Val: 0x00000000
In clock cycle: 437972
Register Write to Reg: 0x04 Val: 0x00002008
In clock cycle: 437973
Register Write to Reg: 0x04 Val: 0x00001790
In clock cycle: 437974
Register Write to Reg: 0x04 Val: 0x00001788
In clock cycle: 437975
Register Write to Reg: 0x01 Val: 0x00001780
In clock cycle: 437976
Register Write to Reg: 0x00 Val: 0x00000000
In clock cycle: 438521
Register Write to Reg: 0x03 Val: 0x0FC12000
In clock cycle: 438522
Register Write to Reg: 0x03 Val: 0x00000000
In clock cycle: 438523
Register Write to Reg: 0x04 Val: 0x00002008
In clock cycle: 438524
Register Write to Reg: 0x04 Val: 0x00001798
In clock cycle: 438525
Register Write to Reg: 0x04 Val: 0x00001790
In clock cycle: 438526
Register Write to Reg: 0x01 Val: 0x00001788
In clock cycle: 438527
Register Write to Reg: 0x00 Val: 0x00000000
In clock cycle: 439070
Register Write to Reg: 0x03 Val: 0x0FC12000
In clock cycle: 439071
Register Write to Reg: 0x03 Val: 0x00000000
In clock cycle: 439072
Register Write to Reg: 0x04 Val: 0x00002008
In clock cycle: 439073
Register Write to Reg: 0x04 Val: 0x000017A0
In clock cycle: 439074
Register Write to Reg: 0x04 Val: 0x00001798
In clock cycle: 439075
Register Write to Reg: 0x01 Val: 0x00001790
In clock cycle: 439076
Register Write to Reg: 0x00 Val: 0x00000000
In clock cycle: 439617
Register Write to Reg: 0x03 Val: 0x0FC12000
In clock cycle: 439618
Register Write to Reg: 0x03 Val: 0x00000000
In clock cycle: 439619
Register Write to Reg: 0x04 Val: 0x00002008
In clock cycle: 439620
Register Write to Reg: 0x04 Val: 0x000017A8
In clock cycle: 439621
Register Write to Reg: 0x04 Val: 0x000017A0
In clock cycle: 439622
Register Write to Reg: 0x01 Val: 0x00001798
In clock cycle: 439623
Register Write to Reg: 0x00 Val: 0x00000000
In clock cycle: 440162
Register Write to Reg: 0x03 Val: 0x0FC12000
In clock cycle: 440163
Register Write to Reg: 0x03 Val: 0x00000000
In clock cycle: 440164
Register Write to Reg: 0x04 Val: 0x00002008
In clock cycle: 440165
Register Write to Reg: 0x04 Val: 0x000017B0
In clock cycle: 440166
Register Write to Reg: 0x04 Val: 0x000017A8
In clock cycle: 440167
Register Write to Reg: 0x01 Val: 0x000017A0
In clock cycle: 440168
Register Write to Reg: 0x00 Val: 0x00000000
In clock cycle: 440705
Register Write to Reg: 0x03 Val: 0x0FC12000
In clock cycle: 440706
Register Write to Reg: 0x03 Val: 0x00000000
In clock cycle: 440707
Register Write to Reg: 0x04 Val: 0x00002008
In clock cycle: 440708
Register Write to Reg: 0x04 Val: 0x000017B8
In clock cycle: 440709
Register Write to Reg: 0x04 Val: 0x000017B0
In clock cycle: 440710
Register Write to Reg: 0x01 Val: 0x000017A8
In clock cycle: 440711
Register Write to Reg: 0x00 Val: 0x00000000
In clock cycle: 441246
Register Write to Reg: 0x03 Val: 0x0FC12000
In clock cycle: 441247
Register Write to Reg: 0x03 Val: 0x00000000
In clock cycle: 441248
Register Write to Reg: 0x04 Val: 0x00002008
In clock cycle: 441249
Register Write to Reg: 0x04 Val: 0x000017C0
In clock cycle: 441250
Register Write to Reg: 0x04 Val: 0x000017B8
In clock cycle: 441251
Register Write to Reg: 0x01 Val: 0x000017B0
In clock cycle: 441252
Register Write to Reg: 0x00 Val: 0x00000000
In clock cycle: 441785
Register Write to Reg: 0x03 Val: 0x0FC12000
In clock cycle: 441786
Register Write to Reg: 0x03 Val: 0x00000000
In clock cycle: 441787
Register Write to Reg: 0x04 Val: 0x00002008
In clock cycle: 441788
Register Write to Reg: 0x04 Val: 0x000017C8
In clock cycle: 441789
Register Write to Reg: 0x04 Val: 0x000017C0
In clock cycle: 441790
Register Write to Reg: 0x01 Val: 0x000017B8
In clock cycle: 441791
Register Write to Reg: 0x00 Val: 0x00000000
In clock cycle: 442322
Register Write to Reg: 0x03 Val: 0x0FC12000
In clock cycle: 442323
Register Write to Reg: 0x03 Val: 0x00000000
In clock cycle: 442324
Register Write to Reg: 0x04 Val: 0x00002008
In clock cycle: 442325
Register Write to Reg: 0x04 Val: 0x000017D0
In clock cycle: 442326
Register Write to Reg: 0x04 Val: 0x000017C8
In clock cycle: 442327
Register Write to Reg: 0x01 Val: 0x000017C0
In clock cycle: 442328
Register Write to Reg: 0x00 Val: 0x00000000
In clock cycle: 442857
Register Write to Reg: 0x03 Val: 0x0FC12000
In clock cycle: 442858
Register Write to Reg: 0x03 Val: 0x00000000
In clock cycle: 442859
Register Write to Reg: 0x04 Val: 0x00002008
In clock cycle: 442860
Register Write to Reg: 0x04 Val: 0x000017D8
In clock cycle: 442861
Register Write to Reg: 0x04 Val: 0x000017D0
In clock cycle: 442862
Register Write to Reg: 0x01 Val: 0x000017C8
In clock cycle: 442863
Register Write to Reg: 0x00 Val: 0x00000000
In clock cycle: 443390
Register Write to Reg: 0x03 Val: 0x0FC12000
In clock cycle: 443391
Register Write to Reg: 0x03 Val: 0x00000000
In clock cycle: 443392
Register Write to Reg: 0x04 Val: 0x00002008
In clock cycle: 443393
Register Write to Reg: 0x04 Val: 0x000017E0
In clock cycle: 443394
Register Write to Reg: 0x04 Val: 0x000017D8
In clock cycle: 443395
Register Write to Reg: 0x01 Val: 0x000017D0
In clock cycle: 443396
Register Write to Reg: 0x00 Val: 0x00000000
In clock cycle: 443921
Register Write to Reg: 0x03 Val: 0x0FC12000
In clock cycle: 443922
Register Write to Reg: 0x03 Val: 0x00000000
In clock cycle: 443923
Register Write to Reg: 0x04 Val: 0x00002008
In clock cycle: 443924
Register Write to Reg: 0x04 Val: 0x000017E8
In clock cycle: 443925
Register Write to Reg: 0x04 Val: 0x000017E0
In clock cycle: 443926
Register Write to Reg: 0x01 Val: 0x000017D8
In clock cycle: 443927
Register Write to Reg: 0x00 Val: 0x00000000
In clock cycle: 444450
Register Write to Reg: 0x03 Val: 0x0FC12000
In clock cycle: 444451
Register Write to Reg: 0x03 Val: 0x00000000
In clock cycle: 444452
Register Write to Reg: 0x04 Val: 0x00002008
In clock cycle: 444453
Register Write to Reg: 0x04 Val: 0x000017F0
In clock cycle: 444454
Register Write to Reg: 0x04 Val: 0x000017E8
In clock cycle: 444455
Register Write to Reg: 0x01 Val: 0x000017E0
In clock cycle: 444456
Register Write to Reg: 0x00 Val: 0x00000000
In clock cycle: 444977
Register Write to Reg: 0x03 Val: 0x0FC12000
In clock cycle: 444978
Register Write to Reg: 0x03 Val: 0x00000000
In clock cycle: 444979
Register Write to Reg: 0x04 Val: 0x00002008
In clock cycle: 444980
Register Write to Reg: 0x04 Val: 0x000017F8
In clock cycle: 444981
Register Write to Reg: 0x04 Val: 0x000017F0
In clock cycle: 444982
Register Write to Reg: 0x01 Val: 0x000017E8
In clock cycle: 444983
Register Write to Reg: 0x00 Val: 0x00000000
In clock cycle: 445502
Register Write to Reg: 0x03 Val: 0x0FC12000
In clock cycle: 445503
Register Write to Reg: 0x03 Val: 0x00000000
In clock cycle: 445504
Register Write to Reg: 0x04 Val: 0x00002008
In clock cycle: 445505
Register Write to Reg: 0x04 Val: 0x00001800
In clock cycle: 445506
Register Write to Reg: 0x04 Val: 0x000017F8
In clock cycle: 445507
Register Write to Reg: 0x01 Val: 0x000017F0
In clock cycle: 445508
Register Write to Reg: 0x00 Val: 0x00000000
In clock cycle: 446025
Register Write to Reg: 0x03 Val: 0x0FC12000
In clock cycle: 446026
Register Write to Reg: 0x03 Val: 0x00000000
In clock cycle: 446027
Register Write to Reg: 0x04 Val: 0x00002008
In clock cycle: 446028
Register Write to Reg: 0x04 Val: 0x00001808
In clock cycle: 446029
Register Write to Reg: 0x04 Val: 0x00001800
In clock cycle: 446030
Register Write to Reg: 0x01 Val: 0x000017F8
In clock cycle: 446031
Register Write to Reg: 0x00 Val: 0x00000000
In clock cycle: 446546
Register Write to Reg: 0x03 Val: 0x0FC12000
In clock cycle: 446547
Register Write to Reg: 0x03 Val: 0x00000000
In clock cycle: 446548
Register Write to Reg: 0x04 Val: 0x00002008
In clock cycle: 446549
Register Write to Reg: 0x04 Val: 0x00001810
In clock cycle: 446550
Register Write to Reg: 0x04 Val: 0x00001808
In clock cycle: 446551
Register Write to Reg: 0x01 Val: 0x00001800
In clock cycle: 446552
Register Write to Reg: 0x00 Val: 0x00000000
In clock cycle: 447065
Register Write to Reg: 0x03 Val: 0x0FC12000
In clock cycle: 447066
Register Write to Reg: 0x03 Val: 0x00000000
In clock cycle: 447067
Register Write to Reg: 0x04 Val: 0x00002008
In clock cycle: 447068
Register Write to Reg: 0x04 Val: 0x00001818
In clock cycle: 447069
Register Write to Reg: 0x04 Val: 0x00001810
In clock cycle: 447070
Register Write to Reg: 0x01 Val: 0x00001808
In clock cycle: 447071
Register Write to Reg: 0x00 Val: 0x00000000
In clock cycle: 447582
Register Write to Reg: 0x03 Val: 0x0FC12000
In clock cycle: 447583
Register Write to Reg: 0x03 Val: 0x00000000
In clock cycle: 447584
Register Write to Reg: 0x04 Val: 0x00002008
In clock cycle: 447585
Register Write to Reg: 0x04 Val: 0x00001820
In clock cycle: 447586
Register Write to Reg: 0x04 Val: 0x00001818
In clock cycle: 447587
Register Write to Reg: 0x01 Val: 0x00001810
In clock cycle: 447588
Register Write to Reg: 0x00 Val: 0x00000000
In clock cycle: 448097
Register Write to Reg: 0x03 Val: 0x0FC12000
In clock cycle: 448098
Register Write to Reg: 0x03 Val: 0x00000000
In clock cycle: 448099
Register Write to Reg: 0x04 Val: 0x00002008
In clock cycle: 448100
Register Write to Reg: 0x04 Val: 0x00001828
In clock cycle: 448101
Register Write to Reg: 0x04 Val: 0x00001820
In clock cycle: 448102
Register Write to Reg: 0x01 Val: 0x00001818
In clock cycle: 448103
Register Write to Reg: 0x00 Val: 0x00000000
In clock cycle: 448610
Register Write to Reg: 0x03 Val: 0x0FC12000
In clock cycle: 448611
Register Write to Reg: 0x03 Val: 0x00000000
In clock cycle: 448612
Register Write to Reg: 0x04 Val: 0x00002008
In clock cycle: 448613
Register Write to Reg: 0x04 Val: 0x00001830
In clock cycle: 448614
Register Write to Reg: 0x04 Val: 0x00001828
In clock cycle: 448615
Register Write to Reg: 0x01 Val: 0x00001820
In clock cycle: 448616
Register Write to Reg: 0x00 Val: 0x00000000
In clock cycle: 449121
Register Write to Reg: 0x03 Val: 0x0FC12000
In clock cycle: 449122
Register Write to Reg: 0x03 Val: 0x00000000
In clock cycle: 449123
Register Write to Reg: 0x04 Val: 0x00002008
In clock cycle: 449124
Register Write to Reg: 0x04 Val: 0x00001838
In clock cycle: 449125
Register Write to Reg: 0x04 Val: 0x00001830
In clock cycle: 449126
Register Write to Reg: 0x01 Val: 0x00001828
In clock cycle: 449127
Register Write to Reg: 0x00 Val: 0x00000000
In clock cycle: 449630
Register Write to Reg: 0x03 Val: 0x0FC12000
In clock cycle: 449631
Register Write to Reg: 0x03 Val: 0x00000000
In clock cycle: 449632
Register Write to Reg: 0x04 Val: 0x00002008
In clock cycle: 449633
Register Write to Reg: 0x04 Val: 0x00001840
In clock cycle: 449634
Register Write to Reg: 0x04 Val: 0x00001838
In clock cycle: 449635
Register Write to Reg: 0x01 Val: 0x00001830
In clock cycle: 449636
Register Write to Reg: 0x00 Val: 0x00000000
In clock cycle: 450137
Register Write to Reg: 0x03 Val: 0x0FC12000
In clock cycle: 450138
Register Write to Reg: 0x03 Val: 0x00000000
In clock cycle: 450139
Register Write to Reg: 0x04 Val: 0x00002008
In clock cycle: 450140
Register Write to Reg: 0x04 Val: 0x00001848
In clock cycle: 450141
Register Write to Reg: 0x04 Val: 0x00001840
In clock cycle: 450142
Register Write to Reg: 0x01 Val: 0x00001838
In clock cycle: 450143
Register Write to Reg: 0x00 Val: 0x00000000
In clock cycle: 450642
Register Write to Reg: 0x03 Val: 0x0FC12000
In clock cycle: 450643
Register Write to Reg: 0x03 Val: 0x00000000
In clock cycle: 450644
Register Write to Reg: 0x04 Val: 0x00002008
In clock cycle: 450645
Register Write to Reg: 0x04 Val: 0x00001850
In clock cycle: 450646
Register Write to Reg: 0x04 Val: 0x00001848
In clock cycle: 450647
Register Write to Reg: 0x01 Val: 0x00001840
In clock cycle: 450648
Register Write to Reg: 0x00 Val: 0x00000000
In clock cycle: 451145
Register Write to Reg: 0x03 Val: 0x0FC12000
In clock cycle: 451146
Register Write to Reg: 0x03 Val: 0x00000000
In clock cycle: 451147
Register Write to Reg: 0x04 Val: 0x00002008
In clock cycle: 451148
Register Write to Reg: 0x04 Val: 0x00001858
In clock cycle: 451149
Register Write to Reg: 0x04 Val: 0x00001850
In clock cycle: 451150
Register Write to Reg: 0x01 Val: 0x00001848
In clock cycle: 451151
Register Write to Reg: 0x00 Val: 0x00000000
In clock cycle: 451646
Register Write to Reg: 0x03 Val: 0x0FC12000
In clock cycle: 451647
Register Write to Reg: 0x03 Val: 0x00000000
In clock cycle: 451648
Register Write to Reg: 0x04 Val: 0x00002008
In clock cycle: 451649
Register Write to Reg: 0x04 Val: 0x00001860
In clock cycle: 451650
Register Write to Reg: 0x04 Val: 0x00001858
In clock cycle: 451651
Register Write to Reg: 0x01 Val: 0x00001850
In clock cycle: 451652
Register Write to Reg: 0x00 Val: 0x00000000
In clock cycle: 452145
Register Write to Reg: 0x03 Val: 0x0FC12000
In clock cycle: 452146
Register Write to Reg: 0x03 Val: 0x00000000
In clock cycle: 452147
Register Write to Reg: 0x04 Val: 0x00002008
In clock cycle: 452148
Register Write to Reg: 0x04 Val: 0x00001868
In clock cycle: 452149
Register Write to Reg: 0x04 Val: 0x00001860
In clock cycle: 452150
Register Write to Reg: 0x01 Val: 0x00001858
In clock cycle: 452151
Register Write to Reg: 0x00 Val: 0x00000000
In clock cycle: 452642
Register Write to Reg: 0x03 Val: 0x0FC12000
In clock cycle: 452643
Register Write to Reg: 0x03 Val: 0x00000000
In clock cycle: 452644
Register Write to Reg: 0x04 Val: 0x00002008
In clock cycle: 452645
Register Write to Reg: 0x04 Val: 0x00001870
In clock cycle: 452646
Register Write to Reg: 0x04 Val: 0x00001868
In clock cycle: 452647
Register Write to Reg: 0x01 Val: 0x00001860
In clock cycle: 452648
Register Write to Reg: 0x00 Val: 0x00000000
In clock cycle: 453137
Register Write to Reg: 0x03 Val: 0x0FC12000
In clock cycle: 453138
Register Write to Reg: 0x03 Val: 0x00000000
In clock cycle: 453139
Register Write to Reg: 0x04 Val: 0x00002008
In clock cycle: 453140
Register Write to Reg: 0x04 Val: 0x00001878
In clock cycle: 453141
Register Write to Reg: 0x04 Val: 0x00001870
In clock cycle: 453142
Register Write to Reg: 0x01 Val: 0x00001868
In clock cycle: 453143
Register Write to Reg: 0x00 Val: 0x00000000
In clock cycle: 453630
Register Write to Reg: 0x03 Val: 0x0FC12000
In clock cycle: 453631
Register Write to Reg: 0x03 Val: 0x00000000
In clock cycle: 453632
Register Write to Reg: 0x04 Val: 0x00002008
In clock cycle: 453633
Register Write to Reg: 0x04 Val: 0x00001880
In clock cycle: 453634
Register Write to Reg: 0x04 Val: 0x00001878
In clock cycle: 453635
Register Write to Reg: 0x01 Val: 0x00001870
In clock cycle: 453636
Register Write to Reg: 0x00 Val: 0x00000000
In clock cycle: 454121
Register Write to Reg: 0x03 Val: 0x0FC12000
In clock cycle: 454122
Register Write to Reg: 0x03 Val: 0x00000000
In clock cycle: 454123
Register Write to Reg: 0x04 Val: 0x00002008
In clock cycle: 454124
Register Write to Reg: 0x04 Val: 0x00001888
In clock cycle: 454125
Register Write to Reg: 0x04 Val: 0x00001880
In clock cycle: 454126
Register Write to Reg: 0x01 Val: 0x00001878
In clock cycle: 454127
Register Write to Reg: 0x00 Val: 0x00000000
In clock cycle: 454610
Register Write to Reg: 0x03 Val: 0x0FC12000
In clock cycle: 454611
Register Write to Reg: 0x03 Val: 0x00000000
In clock cycle: 454612
Register Write to Reg: 0x04 Val: 0x00002008
In clock cycle: 454613
Register Write to Reg: 0x04 Val: 0x00001890
In clock cycle: 454614
Register Write to Reg: 0x04 Val: 0x00001888
In clock cycle: 454615
Register Write to Reg: 0x01 Val: 0x00001880
In clock cycle: 454616
Register Write to Reg: 0x00 Val: 0x00000000
In clock cycle: 455097
Register Write to Reg: 0x03 Val: 0x0FC12000
In clock cycle: 455098
Register Write to Reg: 0x03 Val: 0x00000000
In clock cycle: 455099
Register Write to Reg: 0x04 Val: 0x00002008
In clock cycle: 455100
Register Write to Reg: 0x04 Val: 0x00001898
In clock cycle: 455101
Register Write to Reg: 0x04 Val: 0x00001890
In clock cycle: 455102
Register Write to Reg: 0x01 Val: 0x00001888
In clock cycle: 455103
Register Write to Reg: 0x00 Val: 0x00000000
In clock cycle: 455582
Register Write to Reg: 0x03 Val: 0x0FC12000
In clock cycle: 455583
Register Write to Reg: 0x03 Val: 0x00000000
In clock cycle: 455584
Register Write to Reg: 0x04 Val: 0x00002008
In clock cycle: 455585
Register Write to Reg: 0x04 Val: 0x000018A0
In clock cycle: 455586
Register Write to Reg: 0x04 Val: 0x00001898
In clock cycle: 455587
Register Write to Reg: 0x01 Val: 0x00001890
In clock cycle: 455588
Register Write to Reg: 0x00 Val: 0x00000000
In clock cycle: 456065
Register Write to Reg: 0x03 Val: 0x0FC12000
In clock cycle: 456066
Register Write to Reg: 0x03 Val: 0x00000000
In clock cycle: 456067
Register Write to Reg: 0x04 Val: 0x00002008
In clock cycle: 456068
Register Write to Reg: 0x04 Val: 0x000018A8
In clock cycle: 456069
Register Write to Reg: 0x04 Val: 0x000018A0
In clock cycle: 456070
Register Write to Reg: 0x01 Val: 0x00001898
In clock cycle: 456071
Register Write to Reg: 0x00 Val: 0x00000000
In clock cycle: 456546
Register Write to Reg: 0x03 Val: 0x0FC12000
In clock cycle: 456547
Register Write to Reg: 0x03 Val: 0x00000000
In clock cycle: 456548
Register Write to Reg: 0x04 Val: 0x00002008
In clock cycle: 456549
Register Write to Reg: 0x04 Val: 0x000018B0
In clock cycle: 456550
Register Write to Reg: 0x04 Val: 0x000018A8
In clock cycle: 456551
Register Write to Reg: 0x01 Val: 0x000018A0
In clock cycle: 456552
Register Write to Reg: 0x00 Val: 0x00000000
In clock cycle: 457025
Register Write to Reg: 0x03 Val: 0x0FC12000
In clock cycle: 457026
Register Write to Reg: 0x03 Val: 0x00000000
In clock cycle: 457027
Register Write to Reg: 0x04 Val: 0x00002008
In clock cycle: 457028
Register Write to Reg: 0x04 Val: 0x000018B8
In clock cycle: 457029
Register Write to Reg: 0x04 Val: 0x000018B0
In clock cycle: 457030
Register Write to Reg: 0x01 Val: 0x000018A8
In clock cycle: 457031
Register Write to Reg: 0x00 Val: 0x00000000
In clock cycle: 457502
Register Write to Reg: 0x03 Val: 0x0FC12000
In clock cycle: 457503
Register Write to Reg: 0x03 Val: 0x00000000
In clock cycle: 457504
Register Write to Reg: 0x04 Val: 0x00002008
In clock cycle: 457505
Register Write to Reg: 0x04 Val: 0x000018C0
In clock cycle: 457506
Register Write to Reg: 0x04 Val: 0x000018B8
In clock cycle: 457507
Register Write to Reg: 0x01 Val: 0x000018B0
In clock cycle: 457508
Register Write to Reg: 0x00 Val: 0x00000000
In clock cycle: 457977
Register Write to Reg: 0x03 Val: 0x0FC12000
In clock cycle: 457978
Register Write to Reg: 0x03 Val: 0x00000000
In clock cycle: 457979
Register Write to Reg: 0x04 Val: 0x00002008
In clock cycle: 457980
Register Write to Reg: 0x04 Val: 0x000018C8
In clock cycle: 457981
Register Write to Reg: 0x04 Val: 0x000018C0
In clock cycle: 457982
Register Write to Reg: 0x01 Val: 0x000018B8
In clock cycle: 457983
Register Write to Reg: 0x00 Val: 0x00000000
In clock cycle: 458450
Register Write to Reg: 0x03 Val: 0x0FC12000
In clock cycle: 458451
Register Write to Reg: 0x03 Val: 0x00000000
In clock cycle: 458452
Register Write to Reg: 0x04 Val: 0x00002008
In clock cycle: 458453
Register Write to Reg: 0x04 Val: 0x000018D0
In clock cycle: 458454
Register Write to Reg: 0x04 Val: 0x000018C8
In clock cycle: 458455
Register Write to Reg: 0x01 Val: 0x000018C0
In clock cycle: 458456
Register Write to Reg: 0x00 Val: 0x00000000
In clock cycle: 458921
Register Write to Reg: 0x03 Val: 0x0FC12000
In clock cycle: 458922
Register Write to Reg: 0x03 Val: 0x00000000
In clock cycle: 458923
Register Write to Reg: 0x04 Val: 0x00002008
In clock cycle: 458924
Register Write to Reg: 0x04 Val: 0x000018D8
In clock cycle: 458925
Register Write to Reg: 0x04 Val: 0x000018D0
In clock cycle: 458926
Register Write to Reg: 0x01 Val: 0x000018C8
In clock cycle: 458927
Register Write to Reg: 0x00 Val: 0x00000000
In clock cycle: 459390
Register Write to Reg: 0x03 Val: 0x0FC12000
In clock cycle: 459391
Register Write to Reg: 0x03 Val: 0x00000000
In clock cycle: 459392
Register Write to Reg: 0x04 Val: 0x00002008
In clock cycle: 459393
Register Write to Reg: 0x04 Val: 0x000018E0
In clock cycle: 459394
Register Write to Reg: 0x04 Val: 0x000018D8
In clock cycle: 459395
Register Write to Reg: 0x01 Val: 0x000018D0
In clock cycle: 459396
Register Write to Reg: 0x00 Val: 0x00000000
In clock cycle: 459857
Register Write to Reg: 0x03 Val: 0x0FC12000
In clock cycle: 459858
Register Write to Reg: 0x03 Val: 0x00000000
In clock cycle: 459859
Register Write to Reg: 0x04 Val: 0x00002008
In clock cycle: 459860
Register Write to Reg: 0x04 Val: 0x000018E8
In clock cycle: 459861
Register Write to Reg: 0x04 Val: 0x000018E0
In clock cycle: 459862
Register Write to Reg: 0x01 Val: 0x000018D8
In clock cycle: 459863
Register Write to Reg: 0x00 Val: 0x00000000
In clock cycle: 460322
Register Write to Reg: 0x03 Val: 0x0FC12000
In clock cycle: 460323
Register Write to Reg: 0x03 Val: 0x00000000
In clock cycle: 460324
Register Write to Reg: 0x04 Val: 0x00002008
In clock cycle: 460325
Register Write to Reg: 0x04 Val: 0x000018F0
In clock cycle: 460326
Register Write to Reg: 0x04 Val: 0x000018E8
In clock cycle: 460327
Register Write to Reg: 0x01 Val: 0x000018E0
In clock cycle: 460328
Register Write to Reg: 0x00 Val: 0x00000000
In clock cycle: 460785
Register Write to Reg: 0x03 Val: 0x0FC12000
In clock cycle: 460786
Register Write to Reg: 0x03 Val: 0x00000000
In clock cycle: 460787
Register Write to Reg: 0x04 Val: 0x00002008
In clock cycle: 460788
Register Write to Reg: 0x04 Val: 0x000018F8
In clock cycle: 460789
Register Write to Reg: 0x04 Val: 0x000018F0
In clock cycle: 460790
Register Write to Reg: 0x01 Val: 0x000018E8
In clock cycle: 460791
Register Write to Reg: 0x00 Val: 0x00000000
In clock cycle: 461246
Register Write to Reg: 0x03 Val: 0x0FC12000
In clock cycle: 461247
Register Write to Reg: 0x03 Val: 0x00000000
In clock cycle: 461248
Register Write to Reg: 0x04 Val: 0x00002008
In clock cycle: 461249
Register Write to Reg: 0x04 Val: 0x00001900
In clock cycle: 461250
Register Write to Reg: 0x04 Val: 0x000018F8
In clock cycle: 461251
Register Write to Reg: 0x01 Val: 0x000018F0
In clock cycle: 461252
Register Write to Reg: 0x00 Val: 0x00000000
In clock cycle: 461705
Register Write to Reg: 0x03 Val: 0x0FC12000
In clock cycle: 461706
Register Write to Reg: 0x03 Val: 0x00000000
In clock cycle: 461707
Register Write to Reg: 0x04 Val: 0x00002008
In clock cycle: 461708
Register Write to Reg: 0x04 Val: 0x00001908
In clock cycle: 461709
Register Write to Reg: 0x04 Val: 0x00001900
In clock cycle: 461710
Register Write to Reg: 0x01 Val: 0x000018F8
In clock cycle: 461711
Register Write to Reg: 0x00 Val: 0x00000000
In clock cycle: 462162
Register Write to Reg: 0x03 Val: 0x0FC12000
In clock cycle: 462163
Register Write to Reg: 0x03 Val: 0x00000000
In clock cycle: 462164
Register Write to Reg: 0x04 Val: 0x00002008
In clock cycle: 462165
Register Write to Reg: 0x04 Val: 0x00001910
In clock cycle: 462166
Register Write to Reg: 0x04 Val: 0x00001908
In clock cycle: 462167
Register Write to Reg: 0x01 Val: 0x00001900
In clock cycle: 462168
Register Write to Reg: 0x00 Val: 0x00000000
In clock cycle: 462617
Register Write to Reg: 0x03 Val: 0x0FC12000
In clock cycle: 462618
Register Write to Reg: 0x03 Val: 0x00000000
In clock cycle: 462619
Register Write to Reg: 0x04 Val: 0x00002008
In clock cycle: 462620
Register Write to Reg: 0x04 Val: 0x00001918
In clock cycle: 462621
Register Write to Reg: 0x04 Val: 0x00001910
In clock cycle: 462622
Register Write to Reg: 0x01 Val: 0x00001908
In clock cycle: 462623
Register Write to Reg: 0x00 Val: 0x00000000
In clock cycle: 463070
Register Write to Reg: 0x03 Val: 0x0FC12000
In clock cycle: 463071
Register Write to Reg: 0x03 Val: 0x00000000
In clock cycle: 463072
Register Write to Reg: 0x04 Val: 0x00002008
In clock cycle: 463073
Register Write to Reg: 0x04 Val: 0x00001920
In clock cycle: 463074
Register Write to Reg: 0x04 Val: 0x00001918
In clock cycle: 463075
Register Write to Reg: 0x01 Val: 0x00001910
In clock cycle: 463076
Register Write to Reg: 0x00 Val: 0x00000000
In clock cycle: 463521
Register Write to Reg: 0x03 Val: 0x0FC12000
In clock cycle: 463522
Register Write to Reg: 0x03 Val: 0x00000000
In clock cycle: 463523
Register Write to Reg: 0x04 Val: 0x00002008
In clock cycle: 463524
Register Write to Reg: 0x04 Val: 0x00001928
In clock cycle: 463525
Register Write to Reg: 0x04 Val: 0x00001920
In clock cycle: 463526
Register Write to Reg: 0x01 Val: 0x00001918
In clock cycle: 463527
Register Write to Reg: 0x00 Val: 0x00000000
In clock cycle: 463970
Register Write to Reg: 0x03 Val: 0x0FC12000
In clock cycle: 463971
Register Write to Reg: 0x03 Val: 0x00000000
In clock cycle: 463972
Register Write to Reg: 0x04 Val: 0x00002008
In clock cycle: 463973
Register Write to Reg: 0x04 Val: 0x00001930
In clock cycle: 463974
Register Write to Reg: 0x04 Val: 0x00001928
In clock cycle: 463975
Register Write to Reg: 0x01 Val: 0x00001920
In clock cycle: 463976
Register Write to Reg: 0x00 Val: 0x00000000
In clock cycle: 464417
Register Write to Reg: 0x03 Val: 0x0FC12000
In clock cycle: 464418
Register Write to Reg: 0x03 Val: 0x00000000
In clock cycle: 464419
Register Write to Reg: 0x04 Val: 0x00002008
In clock cycle: 464420
Register Write to Reg: 0x04 Val: 0x00001938
In clock cycle: 464421
Register Write to Reg: 0x04 Val: 0x00001930
In clock cycle: 464422
Register Write to Reg: 0x01 Val: 0x00001928
In clock cycle: 464423
Register Write to Reg: 0x00 Val: 0x00000000
In clock cycle: 464862
Register Write to Reg: 0x03 Val: 0x0FC12000
In clock cycle: 464863
Register Write to Reg: 0x03 Val: 0x00000000
In clock cycle: 464864
Register Write to Reg: 0x04 Val: 0x00002008
In clock cycle: 464865
Register Write to Reg: 0x04 Val: 0x00001940
In clock cycle: 464866
Register Write to Reg: 0x04 Val: 0x00001938
In clock cycle: 464867
Register Write to Reg: 0x01 Val: 0x00001930
In clock cycle: 464868
Register Write to Reg: 0x00 Val: 0x00000000
In clock cycle: 465305
Register Write to Reg: 0x03 Val: 0x0FC12000
In clock cycle: 465306
Register Write to Reg: 0x03 Val: 0x00000000
In clock cycle: 465307
Register Write to Reg: 0x04 Val: 0x00002008
In clock cycle: 465308
Register Write to Reg: 0x04 Val: 0x00001948
In clock cycle: 465309
Register Write to Reg: 0x04 Val: 0x00001940
In clock cycle: 465310
Register Write to Reg: 0x01 Val: 0x00001938
In clock cycle: 465311
Register Write to Reg: 0x00 Val: 0x00000000
In clock cycle: 465746
Register Write to Reg: 0x03 Val: 0x0FC12000
In clock cycle: 465747
Register Write to Reg: 0x03 Val: 0x00000000
In clock cycle: 465748
Register Write to Reg: 0x04 Val: 0x00002008
In clock cycle: 465749
Register Write to Reg: 0x04 Val: 0x00001950
In clock cycle: 465750
Register Write to Reg: 0x04 Val: 0x00001948
In clock cycle: 465751
Register Write to Reg: 0x01 Val: 0x00001940
In clock cycle: 465752
Register Write to Reg: 0x00 Val: 0x00000000
In clock cycle: 466185
Register Write to Reg: 0x03 Val: 0x0FC12000
In clock cycle: 466186
Register Write to Reg: 0x03 Val: 0x00000000
In clock cycle: 466187
Register Write to Reg: 0x04 Val: 0x00002008
In clock cycle: 466188
Register Write to Reg: 0x04 Val: 0x00001958
In clock cycle: 466189
Register Write to Reg: 0x04 Val: 0x00001950
In clock cycle: 466190
Register Write to Reg: 0x01 Val: 0x00001948
In clock cycle: 466191
Register Write to Reg: 0x00 Val: 0x00000000
In clock cycle: 466622
Register Write to Reg: 0x03 Val: 0x0FC12000
In clock cycle: 466623
Register Write to Reg: 0x03 Val: 0x00000000
In clock cycle: 466624
Register Write to Reg: 0x04 Val: 0x00002008
In clock cycle: 466625
Register Write to Reg: 0x04 Val: 0x00001960
In clock cycle: 466626
Register Write to Reg: 0x04 Val: 0x00001958
In clock cycle: 466627
Register Write to Reg: 0x01 Val: 0x00001950
In clock cycle: 466628
Register Write to Reg: 0x00 Val: 0x00000000
In clock cycle: 467057
Register Write to Reg: 0x03 Val: 0x0FC12000
In clock cycle: 467058
Register Write to Reg: 0x03 Val: 0x00000000
In clock cycle: 467059
Register Write to Reg: 0x04 Val: 0x00002008
In clock cycle: 467060
Register Write to Reg: 0x04 Val: 0x00001968
In clock cycle: 467061
Register Write to Reg: 0x04 Val: 0x00001960
In clock cycle: 467062
Register Write to Reg: 0x01 Val: 0x00001958
In clock cycle: 467063
Register Write to Reg: 0x00 Val: 0x00000000
In clock cycle: 467490
Register Write to Reg: 0x03 Val: 0x0FC12000
In clock cycle: 467491
Register Write to Reg: 0x03 Val: 0x00000000
In clock cycle: 467492
Register Write to Reg: 0x04 Val: 0x00002008
In clock cycle: 467493
Register Write to Reg: 0x04 Val: 0x00001970
In clock cycle: 467494
Register Write to Reg: 0x04 Val: 0x00001968
In clock cycle: 467495
Register Write to Reg: 0x01 Val: 0x00001960
In clock cycle: 467496
Register Write to Reg: 0x00 Val: 0x00000000
In clock cycle: 467921
Register Write to Reg: 0x03 Val: 0x0FC12000
In clock cycle: 467922
Register Write to Reg: 0x03 Val: 0x00000000
In clock cycle: 467923
Register Write to Reg: 0x04 Val: 0x00002008
In clock cycle: 467924
Register Write to Reg: 0x04 Val: 0x00001978
In clock cycle: 467925
Register Write to Reg: 0x04 Val: 0x00001970
In clock cycle: 467926
Register Write to Reg: 0x01 Val: 0x00001968
In clock cycle: 467927
Register Write to Reg: 0x00 Val: 0x00000000
In clock cycle: 468350
Register Write to Reg: 0x03 Val: 0x0FC12000
In clock cycle: 468351
Register Write to Reg: 0x03 Val: 0x00000000
In clock cycle: 468352
Register Write to Reg: 0x04 Val: 0x00002008
In clock cycle: 468353
Register Write to Reg: 0x04 Val: 0x00001980
In clock cycle: 468354
Register Write to Reg: 0x04 Val: 0x00001978
In clock cycle: 468355
Register Write to Reg: 0x01 Val: 0x00001970
In clock cycle: 468356
Register Write to Reg: 0x00 Val: 0x00000000
In clock cycle: 468777
Register Write to Reg: 0x03 Val: 0x0FC12000
In clock cycle: 468778
Register Write to Reg: 0x03 Val: 0x00000000
In clock cycle: 468779
Register Write to Reg: 0x04 Val: 0x00002008
In clock cycle: 468780
Register Write to Reg: 0x04 Val: 0x00001988
In clock cycle: 468781
Register Write to Reg: 0x04 Val: 0x00001980
In clock cycle: 468782
Register Write to Reg: 0x01 Val: 0x00001978
In clock cycle: 468783
Register Write to Reg: 0x00 Val: 0x00000000
In clock cycle: 469202
Register Write to Reg: 0x03 Val: 0x0FC12000
In clock cycle: 469203
Register Write to Reg: 0x03 Val: 0x00000000
In clock cycle: 469204
Register Write to Reg: 0x04 Val: 0x00002008
In clock cycle: 469205
Register Write to Reg: 0x04 Val: 0x00001990
In clock cycle: 469206
Register Write to Reg: 0x04 Val: 0x00001988
In clock cycle: 469207
Register Write to Reg: 0x01 Val: 0x00001980
In clock cycle: 469208
Register Write to Reg: 0x00 Val: 0x00000000
In clock cycle: 469625
Register Write to Reg: 0x03 Val: 0x0FC12000
In clock cycle: 469626
Register Write to Reg: 0x03 Val: 0x00000000
In clock cycle: 469627
Register Write to Reg: 0x04 Val: 0x00002008
In clock cycle: 469628
Register Write to Reg: 0x04 Val: 0x00001998
In clock cycle: 469629
Register Write to Reg: 0x04 Val: 0x00001990
In clock cycle: 469630
Register Write to Reg: 0x01 Val: 0x00001988
In clock cycle: 469631
Register Write to Reg: 0x00 Val: 0x00000000
In clock cycle: 470046
Register Write to Reg: 0x03 Val: 0x0FC12000
In clock cycle: 470047
Register Write to Reg: 0x03 Val: 0x00000000
In clock cycle: 470048
Register Write to Reg: 0x04 Val: 0x00002008
In clock cycle: 470049
Register Write to Reg: 0x04 Val: 0x000019A0
In clock cycle: 470050
Register Write to Reg: 0x04 Val: 0x00001998
In clock cycle: 470051
Register Write to Reg: 0x01 Val: 0x00001990
In clock cycle: 470052
Register Write to Reg: 0x00 Val: 0x00000000
In clock cycle: 470465
Register Write to Reg: 0x03 Val: 0x0FC12000
In clock cycle: 470466
Register Write to Reg: 0x03 Val: 0x00000000
In clock cycle: 470467
Register Write to Reg: 0x04 Val: 0x00002008
In clock cycle: 470468
Register Write to Reg: 0x04 Val: 0x000019A8
In clock cycle: 470469
Register Write to Reg: 0x04 Val: 0x000019A0
In clock cycle: 470470
Register Write to Reg: 0x01 Val: 0x00001998
In clock cycle: 470471
Register Write to Reg: 0x00 Val: 0x00000000
In clock cycle: 470882
Register Write to Reg: 0x03 Val: 0x0FC12000
In clock cycle: 470883
Register Write to Reg: 0x03 Val: 0x00000000
In clock cycle: 470884
Register Write to Reg: 0x04 Val: 0x00002008
In clock cycle: 470885
Register Write to Reg: 0x04 Val: 0x000019B0
In clock cycle: 470886
Register Write to Reg: 0x04 Val: 0x000019A8
In clock cycle: 470887
Register Write to Reg: 0x01 Val: 0x000019A0
In clock cycle: 470888
Register Write to Reg: 0x00 Val: 0x00000000
In clock cycle: 471297
Register Write to Reg: 0x03 Val: 0x0FC12000
In clock cycle: 471298
Register Write to Reg: 0x03 Val: 0x00000000
In clock cycle: 471299
Register Write to Reg: 0x04 Val: 0x00002008
In clock cycle: 471300
Register Write to Reg: 0x04 Val: 0x000019B8
In clock cycle: 471301
Register Write to Reg: 0x04 Val: 0x000019B0
In clock cycle: 471302
Register Write to Reg: 0x01 Val: 0x000019A8
In clock cycle: 471303
Register Write to Reg: 0x00 Val: 0x00000000
In clock cycle: 471710
Register Write to Reg: 0x03 Val: 0x0FC12000
In clock cycle: 471711
Register Write to Reg: 0x03 Val: 0x00000000
In clock cycle: 471712
Register Write to Reg: 0x04 Val: 0x00002008
In clock cycle: 471713
Register Write to Reg: 0x04 Val: 0x000019C0
In clock cycle: 471714
Register Write to Reg: 0x04 Val: 0x000019B8
In clock cycle: 471715
Register Write to Reg: 0x01 Val: 0x000019B0
In clock cycle: 471716
Register Write to Reg: 0x00 Val: 0x00000000
In clock cycle: 472121
Register Write to Reg: 0x03 Val: 0x0FC12000
In clock cycle: 472122
Register Write to Reg: 0x03 Val: 0x00000000
In clock cycle: 472123
Register Write to Reg: 0x04 Val: 0x00002008
In clock cycle: 472124
Register Write to Reg: 0x04 Val: 0x000019C8
In clock cycle: 472125
Register Write to Reg: 0x04 Val: 0x000019C0
In clock cycle: 472126
Register Write to Reg: 0x01 Val: 0x000019B8
In clock cycle: 472127
Register Write to Reg: 0x00 Val: 0x00000000
In clock cycle: 472530
Register Write to Reg: 0x03 Val: 0x0FC12000
In clock cycle: 472531
Register Write to Reg: 0x03 Val: 0x00000000
In clock cycle: 472532
Register Write to Reg: 0x04 Val: 0x00002008
In clock cycle: 472533
Register Write to Reg: 0x04 Val: 0x000019D0
In clock cycle: 472534
Register Write to Reg: 0x04 Val: 0x000019C8
In clock cycle: 472535
Register Write to Reg: 0x01 Val: 0x000019C0
In clock cycle: 472536
Register Write to Reg: 0x00 Val: 0x00000000
In clock cycle: 472937
Register Write to Reg: 0x03 Val: 0x0FC12000
In clock cycle: 472938
Register Write to Reg: 0x03 Val: 0x00000000
In clock cycle: 472939
Register Write to Reg: 0x04 Val: 0x00002008
In clock cycle: 472940
Register Write to Reg: 0x04 Val: 0x000019D8
In clock cycle: 472941
Register Write to Reg: 0x04 Val: 0x000019D0
In clock cycle: 472942
Register Write to Reg: 0x01 Val: 0x000019C8
In clock cycle: 472943
Register Write to Reg: 0x00 Val: 0x00000000
In clock cycle: 473342
Register Write to Reg: 0x03 Val: 0x0FC12000
In clock cycle: 473343
Register Write to Reg: 0x03 Val: 0x00000000
In clock cycle: 473344
Register Write to Reg: 0x04 Val: 0x00002008
In clock cycle: 473345
Register Write to Reg: 0x04 Val: 0x000019E0
In clock cycle: 473346
Register Write to Reg: 0x04 Val: 0x000019D8
In clock cycle: 473347
Register Write to Reg: 0x01 Val: 0x000019D0
In clock cycle: 473348
Register Write to Reg: 0x00 Val: 0x00000000
In clock cycle: 473745
Register Write to Reg: 0x03 Val: 0x0FC12000
In clock cycle: 473746
Register Write to Reg: 0x03 Val: 0x00000000
In clock cycle: 473747
Register Write to Reg: 0x04 Val: 0x00002008
In clock cycle: 473748
Register Write to Reg: 0x04 Val: 0x000019E8
In clock cycle: 473749
Register Write to Reg: 0x04 Val: 0x000019E0
In clock cycle: 473750
Register Write to Reg: 0x01 Val: 0x000019D8
In clock cycle: 473751
Register Write to Reg: 0x00 Val: 0x00000000
In clock cycle: 474146
Register Write to Reg: 0x03 Val: 0x0FC12000
In clock cycle: 474147
Register Write to Reg: 0x03 Val: 0x00000000
In clock cycle: 474148
Register Write to Reg: 0x04 Val: 0x00002008
In clock cycle: 474149
Register Write to Reg: 0x04 Val: 0x000019F0
In clock cycle: 474150
Register Write to Reg: 0x04 Val: 0x000019E8
In clock cycle: 474151
Register Write to Reg: 0x01 Val: 0x000019E0
In clock cycle: 474152
Register Write to Reg: 0x00 Val: 0x00000000
In clock cycle: 474545
Register Write to Reg: 0x03 Val: 0x0FC12000
In clock cycle: 474546
Register Write to Reg: 0x03 Val: 0x00000000
In clock cycle: 474547
Register Write to Reg: 0x04 Val: 0x00002008
In clock cycle: 474548
Register Write to Reg: 0x04 Val: 0x000019F8
In clock cycle: 474549
Register Write to Reg: 0x04 Val: 0x000019F0
In clock cycle: 474550
Register Write to Reg: 0x01 Val: 0x000019E8
In clock cycle: 474551
Register Write to Reg: 0x00 Val: 0x00000000
In clock cycle: 474942
Register Write to Reg: 0x03 Val: 0x0FC12000
In clock cycle: 474943
Register Write to Reg: 0x03 Val: 0x00000000
In clock cycle: 474944
Register Write to Reg: 0x04 Val: 0x00002008
In clock cycle: 474945
Register Write to Reg: 0x04 Val: 0x00001A00
In clock cycle: 474946
Register Write to Reg: 0x04 Val: 0x000019F8
In clock cycle: 474947
Register Write to Reg: 0x01 Val: 0x000019F0
In clock cycle: 474948
Register Write to Reg: 0x00 Val: 0x00000000
In clock cycle: 475337
Register Write to Reg: 0x03 Val: 0x0FC12000
In clock cycle: 475338
Register Write to Reg: 0x03 Val: 0x00000000
In clock cycle: 475339
Register Write to Reg: 0x04 Val: 0x00002008
In clock cycle: 475340
Register Write to Reg: 0x04 Val: 0x00001A08
In clock cycle: 475341
Register Write to Reg: 0x04 Val: 0x00001A00
In clock cycle: 475342
Register Write to Reg: 0x01 Val: 0x000019F8
In clock cycle: 475343
Register Write to Reg: 0x00 Val: 0x00000000
In clock cycle: 475730
Register Write to Reg: 0x03 Val: 0x0FC12000
In clock cycle: 475731
Register Write to Reg: 0x03 Val: 0x00000000
In clock cycle: 475732
Register Write to Reg: 0x04 Val: 0x00002008
In clock cycle: 475733
Register Write to Reg: 0x04 Val: 0x00001A10
In clock cycle: 475734
Register Write to Reg: 0x04 Val: 0x00001A08
In clock cycle: 475735
Register Write to Reg: 0x01 Val: 0x00001A00
In clock cycle: 475736
Register Write to Reg: 0x00 Val: 0x00000000
In clock cycle: 476121
Register Write to Reg: 0x03 Val: 0x0FC12000
In clock cycle: 476122
Register Write to Reg: 0x03 Val: 0x00000000
In clock cycle: 476123
Register Write to Reg: 0x04 Val: 0x00002008
In clock cycle: 476124
Register Write to Reg: 0x04 Val: 0x00001A18
In clock cycle: 476125
Register Write to Reg: 0x04 Val: 0x00001A10
In clock cycle: 476126
Register Write to Reg: 0x01 Val: 0x00001A08
In clock cycle: 476127
Register Write to Reg: 0x00 Val: 0x00000000
In clock cycle: 476510
Register Write to Reg: 0x03 Val: 0x0FC12000
In clock cycle: 476511
Register Write to Reg: 0x03 Val: 0x00000000
In clock cycle: 476512
Register Write to Reg: 0x04 Val: 0x00002008
In clock cycle: 476513
Register Write to Reg: 0x04 Val: 0x00001A20
In clock cycle: 476514
Register Write to Reg: 0x04 Val: 0x00001A18
In clock cycle: 476515
Register Write to Reg: 0x01 Val: 0x00001A10
In clock cycle: 476516
Register Write to Reg: 0x00 Val: 0x00000000
In clock cycle: 476897
Register Write to Reg: 0x03 Val: 0x0FC12000
In clock cycle: 476898
Register Write to Reg: 0x03 Val: 0x00000000
In clock cycle: 476899
Register Write to Reg: 0x04 Val: 0x00002008
In clock cycle: 476900
Register Write to Reg: 0x04 Val: 0x00001A28
In clock cycle: 476901
Register Write to Reg: 0x04 Val: 0x00001A20
In clock cycle: 476902
Register Write to Reg: 0x01 Val: 0x00001A18
In clock cycle: 476903
Register Write to Reg: 0x00 Val: 0x00000000
In clock cycle: 477282
Register Write to Reg: 0x03 Val: 0x0FC12000
In clock cycle: 477283
Register Write to Reg: 0x03 Val: 0x00000000
In clock cycle: 477284
Register Write to Reg: 0x04 Val: 0x00002008
In clock cycle: 477285
Register Write to Reg: 0x04 Val: 0x00001A30
In clock cycle: 477286
Register Write to Reg: 0x04 Val: 0x00001A28
In clock cycle: 477287
Register Write to Reg: 0x01 Val: 0x00001A20
In clock cycle: 477288
Register Write to Reg: 0x00 Val: 0x00000000
In clock cycle: 477665
Register Write to Reg: 0x03 Val: 0x0FC12000
In clock cycle: 477666
Register Write to Reg: 0x03 Val: 0x00000000
In clock cycle: 477667
Register Write to Reg: 0x04 Val: 0x00002008
In clock cycle: 477668
Register Write to Reg: 0x04 Val: 0x00001A38
In clock cycle: 477669
Register Write to Reg: 0x04 Val: 0x00001A30
In clock cycle: 477670
Register Write to Reg: 0x01 Val: 0x00001A28
In clock cycle: 477671
Register Write to Reg: 0x00 Val: 0x00000000
In clock cycle: 478046
Register Write to Reg: 0x03 Val: 0x0FC12000
In clock cycle: 478047
Register Write to Reg: 0x03 Val: 0x00000000
In clock cycle: 478048
Register Write to Reg: 0x04 Val: 0x00002008
In clock cycle: 478049
Register Write to Reg: 0x04 Val: 0x00001A40
In clock cycle: 478050
Register Write to Reg: 0x04 Val: 0x00001A38
In clock cycle: 478051
Register Write to Reg: 0x01 Val: 0x00001A30
In clock cycle: 478052
Register Write to Reg: 0x00 Val: 0x00000000
In clock cycle: 478425
Register Write to Reg: 0x03 Val: 0x0FC12000
In clock cycle: 478426
Register Write to Reg: 0x03 Val: 0x00000000
In clock cycle: 478427
Register Write to Reg: 0x04 Val: 0x00002008
In clock cycle: 478428
Register Write to Reg: 0x04 Val: 0x00001A48
In clock cycle: 478429
Register Write to Reg: 0x04 Val: 0x00001A40
In clock cycle: 478430
Register Write to Reg: 0x01 Val: 0x00001A38
In clock cycle: 478431
Register Write to Reg: 0x00 Val: 0x00000000
In clock cycle: 478802
Register Write to Reg: 0x03 Val: 0x0FC12000
In clock cycle: 478803
Register Write to Reg: 0x03 Val: 0x00000000
In clock cycle: 478804
Register Write to Reg: 0x04 Val: 0x00002008
In clock cycle: 478805
Register Write to Reg: 0x04 Val: 0x00001A50
In clock cycle: 478806
Register Write to Reg: 0x04 Val: 0x00001A48
In clock cycle: 478807
Register Write to Reg: 0x01 Val: 0x00001A40
In clock cycle: 478808
Register Write to Reg: 0x00 Val: 0x00000000
In clock cycle: 479177
Register Write to Reg: 0x03 Val: 0x0FC12000
In clock cycle: 479178
Register Write to Reg: 0x03 Val: 0x00000000
In clock cycle: 479179
Register Write to Reg: 0x04 Val: 0x00002008
In clock cycle: 479180
Register Write to Reg: 0x04 Val: 0x00001A58
In clock cycle: 479181
Register Write to Reg: 0x04 Val: 0x00001A50
In clock cycle: 479182
Register Write to Reg: 0x01 Val: 0x00001A48
In clock cycle: 479183
Register Write to Reg: 0x00 Val: 0x00000000
In clock cycle: 479550
Register Write to Reg: 0x03 Val: 0x0FC12000
In clock cycle: 479551
Register Write to Reg: 0x03 Val: 0x00000000
In clock cycle: 479552
Register Write to Reg: 0x04 Val: 0x00002008
In clock cycle: 479553
Register Write to Reg: 0x04 Val: 0x00001A60
In clock cycle: 479554
Register Write to Reg: 0x04 Val: 0x00001A58
In clock cycle: 479555
Register Write to Reg: 0x01 Val: 0x00001A50
In clock cycle: 479556
Register Write to Reg: 0x00 Val: 0x00000000
In clock cycle: 479921
Register Write to Reg: 0x03 Val: 0x0FC12000
In clock cycle: 479922
Register Write to Reg: 0x03 Val: 0x00000000
In clock cycle: 479923
Register Write to Reg: 0x04 Val: 0x00002008
In clock cycle: 479924
Register Write to Reg: 0x04 Val: 0x00001A68
In clock cycle: 479925
Register Write to Reg: 0x04 Val: 0x00001A60
In clock cycle: 479926
Register Write to Reg: 0x01 Val: 0x00001A58
In clock cycle: 479927
Register Write to Reg: 0x00 Val: 0x00000000
In clock cycle: 480290
Register Write to Reg: 0x03 Val: 0x0FC12000
In clock cycle: 480291
Register Write to Reg: 0x03 Val: 0x00000000
In clock cycle: 480292
Register Write to Reg: 0x04 Val: 0x00002008
In clock cycle: 480293
Register Write to Reg: 0x04 Val: 0x00001A70
In clock cycle: 480294
Register Write to Reg: 0x04 Val: 0x00001A68
In clock cycle: 480295
Register Write to Reg: 0x01 Val: 0x00001A60
In clock cycle: 480296
Register Write to Reg: 0x00 Val: 0x00000000
In clock cycle: 480657
Register Write to Reg: 0x03 Val: 0x0FC12000
In clock cycle: 480658
Register Write to Reg: 0x03 Val: 0x00000000
In clock cycle: 480659
Register Write to Reg: 0x04 Val: 0x00002008
In clock cycle: 480660
Register Write to Reg: 0x04 Val: 0x00001A78
In clock cycle: 480661
Register Write to Reg: 0x04 Val: 0x00001A70
In clock cycle: 480662
Register Write to Reg: 0x01 Val: 0x00001A68
In clock cycle: 480663
Register Write to Reg: 0x00 Val: 0x00000000
In clock cycle: 481022
Register Write to Reg: 0x03 Val: 0x0FC12000
In clock cycle: 481023
Register Write to Reg: 0x03 Val: 0x00000000
In clock cycle: 481024
Register Write to Reg: 0x04 Val: 0x00002008
In clock cycle: 481025
Register Write to Reg: 0x04 Val: 0x00001A80
In clock cycle: 481026
Register Write to Reg: 0x04 Val: 0x00001A78
In clock cycle: 481027
Register Write to Reg: 0x01 Val: 0x00001A70
In clock cycle: 481028
Register Write to Reg: 0x00 Val: 0x00000000
In clock cycle: 481385
Register Write to Reg: 0x03 Val: 0x0FC12000
In clock cycle: 481386
Register Write to Reg: 0x03 Val: 0x00000000
In clock cycle: 481387
Register Write to Reg: 0x04 Val: 0x00002008
In clock cycle: 481388
Register Write to Reg: 0x04 Val: 0x00001A88
In clock cycle: 481389
Register Write to Reg: 0x04 Val: 0x00001A80
In clock cycle: 481390
Register Write to Reg: 0x01 Val: 0x00001A78
In clock cycle: 481391
Register Write to Reg: 0x00 Val: 0x00000000
In clock cycle: 481746
Register Write to Reg: 0x03 Val: 0x0FC12000
In clock cycle: 481747
Register Write to Reg: 0x03 Val: 0x00000000
In clock cycle: 481748
Register Write to Reg: 0x04 Val: 0x00002008
In clock cycle: 481749
Register Write to Reg: 0x04 Val: 0x00001A90
In clock cycle: 481750
Register Write to Reg: 0x04 Val: 0x00001A88
In clock cycle: 481751
Register Write to Reg: 0x01 Val: 0x00001A80
In clock cycle: 481752
Register Write to Reg: 0x00 Val: 0x00000000
In clock cycle: 482105
Register Write to Reg: 0x03 Val: 0x0FC12000
In clock cycle: 482106
Register Write to Reg: 0x03 Val: 0x00000000
In clock cycle: 482107
Register Write to Reg: 0x04 Val: 0x00002008
In clock cycle: 482108
Register Write to Reg: 0x04 Val: 0x00001A98
In clock cycle: 482109
Register Write to Reg: 0x04 Val: 0x00001A90
In clock cycle: 482110
Register Write to Reg: 0x01 Val: 0x00001A88
In clock cycle: 482111
Register Write to Reg: 0x00 Val: 0x00000000
In clock cycle: 482462
Register Write to Reg: 0x03 Val: 0x0FC12000
In clock cycle: 482463
Register Write to Reg: 0x03 Val: 0x00000000
In clock cycle: 482464
Register Write to Reg: 0x04 Val: 0x00002008
In clock cycle: 482465
Register Write to Reg: 0x04 Val: 0x00001AA0
In clock cycle: 482466
Register Write to Reg: 0x04 Val: 0x00001A98
In clock cycle: 482467
Register Write to Reg: 0x01 Val: 0x00001A90
In clock cycle: 482468
Register Write to Reg: 0x00 Val: 0x00000000
In clock cycle: 482817
Register Write to Reg: 0x03 Val: 0x0FC12000
In clock cycle: 482818
Register Write to Reg: 0x03 Val: 0x00000000
In clock cycle: 482819
Register Write to Reg: 0x04 Val: 0x00002008
In clock cycle: 482820
Register Write to Reg: 0x04 Val: 0x00001AA8
In clock cycle: 482821
Register Write to Reg: 0x04 Val: 0x00001AA0
In clock cycle: 482822
Register Write to Reg: 0x01 Val: 0x00001A98
In clock cycle: 482823
Register Write to Reg: 0x00 Val: 0x00000000
In clock cycle: 483170
Register Write to Reg: 0x03 Val: 0x0FC12000
In clock cycle: 483171
Register Write to Reg: 0x03 Val: 0x00000000
In clock cycle: 483172
Register Write to Reg: 0x04 Val: 0x00002008
In clock cycle: 483173
Register Write to Reg: 0x04 Val: 0x00001AB0
In clock cycle: 483174
Register Write to Reg: 0x04 Val: 0x00001AA8
In clock cycle: 483175
Register Write to Reg: 0x01 Val: 0x00001AA0
In clock cycle: 483176
Register Write to Reg: 0x00 Val: 0x00000000
In clock cycle: 483521
Register Write to Reg: 0x03 Val: 0x0FC12000
In clock cycle: 483522
Register Write to Reg: 0x03 Val: 0x00000000
In clock cycle: 483523
Register Write to Reg: 0x04 Val: 0x00002008
In clock cycle: 483524
Register Write to Reg: 0x04 Val: 0x00001AB8
In clock cycle: 483525
Register Write to Reg: 0x04 Val: 0x00001AB0
In clock cycle: 483526
Register Write to Reg: 0x01 Val: 0x00001AA8
In clock cycle: 483527
Register Write to Reg: 0x00 Val: 0x00000000
In clock cycle: 483870
Register Write to Reg: 0x03 Val: 0x0FC12000
In clock cycle: 483871
Register Write to Reg: 0x03 Val: 0x00000000
In clock cycle: 483872
Register Write to Reg: 0x04 Val: 0x00002008
In clock cycle: 483873
Register Write to Reg: 0x04 Val: 0x00001AC0
In clock cycle: 483874
Register Write to Reg: 0x04 Val: 0x00001AB8
In clock cycle: 483875
Register Write to Reg: 0x01 Val: 0x00001AB0
In clock cycle: 483876
Register Write to Reg: 0x00 Val: 0x00000000
In clock cycle: 484217
Register Write to Reg: 0x03 Val: 0x0FC12000
In clock cycle: 484218
Register Write to Reg: 0x03 Val: 0x00000000
In clock cycle: 484219
Register Write to Reg: 0x04 Val: 0x00002008
In clock cycle: 484220
Register Write to Reg: 0x04 Val: 0x00001AC8
In clock cycle: 484221
Register Write to Reg: 0x04 Val: 0x00001AC0
In clock cycle: 484222
Register Write to Reg: 0x01 Val: 0x00001AB8
In clock cycle: 484223
Register Write to Reg: 0x00 Val: 0x00000000
In clock cycle: 484562
Register Write to Reg: 0x03 Val: 0x0FC12000
In clock cycle: 484563
Register Write to Reg: 0x03 Val: 0x00000000
In clock cycle: 484564
Register Write to Reg: 0x04 Val: 0x00002008
In clock cycle: 484565
Register Write to Reg: 0x04 Val: 0x00001AD0
In clock cycle: 484566
Register Write to Reg: 0x04 Val: 0x00001AC8
In clock cycle: 484567
Register Write to Reg: 0x01 Val: 0x00001AC0
In clock cycle: 484568
Register Write to Reg: 0x00 Val: 0x00000000
In clock cycle: 484905
Register Write to Reg: 0x03 Val: 0x0FC12000
In clock cycle: 484906
Register Write to Reg: 0x03 Val: 0x00000000
In clock cycle: 484907
Register Write to Reg: 0x04 Val: 0x00002008
In clock cycle: 484908
Register Write to Reg: 0x04 Val: 0x00001AD8
In clock cycle: 484909
Register Write to Reg: 0x04 Val: 0x00001AD0
In clock cycle: 484910
Register Write to Reg: 0x01 Val: 0x00001AC8
In clock cycle: 484911
Register Write to Reg: 0x00 Val: 0x00000000
In clock cycle: 485246
Register Write to Reg: 0x03 Val: 0x0FC12000
In clock cycle: 485247
Register Write to Reg: 0x03 Val: 0x00000000
In clock cycle: 485248
Register Write to Reg: 0x04 Val: 0x00002008
In clock cycle: 485249
Register Write to Reg: 0x04 Val: 0x00001AE0
In clock cycle: 485250
Register Write to Reg: 0x04 Val: 0x00001AD8
In clock cycle: 485251
Register Write to Reg: 0x01 Val: 0x00001AD0
In clock cycle: 485252
Register Write to Reg: 0x00 Val: 0x00000000
In clock cycle: 485585
Register Write to Reg: 0x03 Val: 0x0FC12000
In clock cycle: 485586
Register Write to Reg: 0x03 Val: 0x00000000
In clock cycle: 485587
Register Write to Reg: 0x04 Val: 0x00002008
In clock cycle: 485588
Register Write to Reg: 0x04 Val: 0x00001AE8
In clock cycle: 485589
Register Write to Reg: 0x04 Val: 0x00001AE0
In clock cycle: 485590
Register Write to Reg: 0x01 Val: 0x00001AD8
In clock cycle: 485591
Register Write to Reg: 0x00 Val: 0x00000000
In clock cycle: 485922
Register Write to Reg: 0x03 Val: 0x0FC12000
In clock cycle: 485923
Register Write to Reg: 0x03 Val: 0x00000000
In clock cycle: 485924
Register Write to Reg: 0x04 Val: 0x00002008
In clock cycle: 485925
Register Write to Reg: 0x04 Val: 0x00001AF0
In clock cycle: 485926
Register Write to Reg: 0x04 Val: 0x00001AE8
In clock cycle: 485927
Register Write to Reg: 0x01 Val: 0x00001AE0
In clock cycle: 485928
Register Write to Reg: 0x00 Val: 0x00000000
In clock cycle: 486257
Register Write to Reg: 0x03 Val: 0x0FC12000
In clock cycle: 486258
Register Write to Reg: 0x03 Val: 0x00000000
In clock cycle: 486259
Register Write to Reg: 0x04 Val: 0x00002008
In clock cycle: 486260
Register Write to Reg: 0x04 Val: 0x00001AF8
In clock cycle: 486261
Register Write to Reg: 0x04 Val: 0x00001AF0
In clock cycle: 486262
Register Write to Reg: 0x01 Val: 0x00001AE8
In clock cycle: 486263
Register Write to Reg: 0x00 Val: 0x00000000
In clock cycle: 486590
Register Write to Reg: 0x03 Val: 0x0FC12000
In clock cycle: 486591
Register Write to Reg: 0x03 Val: 0x00000000
In clock cycle: 486592
Register Write to Reg: 0x04 Val: 0x00002008
In clock cycle: 486593
Register Write to Reg: 0x04 Val: 0x00001B00
In clock cycle: 486594
Register Write to Reg: 0x04 Val: 0x00001AF8
In clock cycle: 486595
Register Write to Reg: 0x01 Val: 0x00001AF0
In clock cycle: 486596
Register Write to Reg: 0x00 Val: 0x00000000
In clock cycle: 486921
Register Write to Reg: 0x03 Val: 0x0FC12000
In clock cycle: 486922
Register Write to Reg: 0x03 Val: 0x00000000
In clock cycle: 486923
Register Write to Reg: 0x04 Val: 0x00002008
In clock cycle: 486924
Register Write to Reg: 0x04 Val: 0x00001B08
In clock cycle: 486925
Register Write to Reg: 0x04 Val: 0x00001B00
In clock cycle: 486926
Register Write to Reg: 0x01 Val: 0x00001AF8
In clock cycle: 486927
Register Write to Reg: 0x00 Val: 0x00000000
In clock cycle: 487250
Register Write to Reg: 0x03 Val: 0x0FC12000
In clock cycle: 487251
Register Write to Reg: 0x03 Val: 0x00000000
In clock cycle: 487252
Register Write to Reg: 0x04 Val: 0x00002008
In clock cycle: 487253
Register Write to Reg: 0x04 Val: 0x00001B10
In clock cycle: 487254
Register Write to Reg: 0x04 Val: 0x00001B08
In clock cycle: 487255
Register Write to Reg: 0x01 Val: 0x00001B00
In clock cycle: 487256
Register Write to Reg: 0x00 Val: 0x00000000
In clock cycle: 487577
Register Write to Reg: 0x03 Val: 0x0FC12000
In clock cycle: 487578
Register Write to Reg: 0x03 Val: 0x00000000
In clock cycle: 487579
Register Write to Reg: 0x04 Val: 0x00002008
In clock cycle: 487580
Register Write to Reg: 0x04 Val: 0x00001B18
In clock cycle: 487581
Register Write to Reg: 0x04 Val: 0x00001B10
In clock cycle: 487582
Register Write to Reg: 0x01 Val: 0x00001B08
In clock cycle: 487583
Register Write to Reg: 0x00 Val: 0x00000000
In clock cycle: 487902
Register Write to Reg: 0x03 Val: 0x0FC12000
In clock cycle: 487903
Register Write to Reg: 0x03 Val: 0x00000000
In clock cycle: 487904
Register Write to Reg: 0x04 Val: 0x00002008
In clock cycle: 487905
Register Write to Reg: 0x04 Val: 0x00001B20
In clock cycle: 487906
Register Write to Reg: 0x04 Val: 0x00001B18
In clock cycle: 487907
Register Write to Reg: 0x01 Val: 0x00001B10
In clock cycle: 487908
Register Write to Reg: 0x00 Val: 0x00000000
In clock cycle: 488225
Register Write to Reg: 0x03 Val: 0x0FC12000
In clock cycle: 488226
Register Write to Reg: 0x03 Val: 0x00000000
In clock cycle: 488227
Register Write to Reg: 0x04 Val: 0x00002008
In clock cycle: 488228
Register Write to Reg: 0x04 Val: 0x00001B28
In clock cycle: 488229
Register Write to Reg: 0x04 Val: 0x00001B20
In clock cycle: 488230
Register Write to Reg: 0x01 Val: 0x00001B18
In clock cycle: 488231
Register Write to Reg: 0x00 Val: 0x00000000
In clock cycle: 488546
Register Write to Reg: 0x03 Val: 0x0FC12000
In clock cycle: 488547
Register Write to Reg: 0x03 Val: 0x00000000
In clock cycle: 488548
Register Write to Reg: 0x04 Val: 0x00002008
In clock cycle: 488549
Register Write to Reg: 0x04 Val: 0x00001B30
In clock cycle: 488550
Register Write to Reg: 0x04 Val: 0x00001B28
In clock cycle: 488551
Register Write to Reg: 0x01 Val: 0x00001B20
In clock cycle: 488552
Register Write to Reg: 0x00 Val: 0x00000000
In clock cycle: 488865
Register Write to Reg: 0x03 Val: 0x0FC12000
In clock cycle: 488866
Register Write to Reg: 0x03 Val: 0x00000000
In clock cycle: 488867
Register Write to Reg: 0x04 Val: 0x00002008
In clock cycle: 488868
Register Write to Reg: 0x04 Val: 0x00001B38
In clock cycle: 488869
Register Write to Reg: 0x04 Val: 0x00001B30
In clock cycle: 488870
Register Write to Reg: 0x01 Val: 0x00001B28
In clock cycle: 488871
Register Write to Reg: 0x00 Val: 0x00000000
In clock cycle: 489182
Register Write to Reg: 0x03 Val: 0x0FC12000
In clock cycle: 489183
Register Write to Reg: 0x03 Val: 0x00000000
In clock cycle: 489184
Register Write to Reg: 0x04 Val: 0x00002008
In clock cycle: 489185
Register Write to Reg: 0x04 Val: 0x00001B40
In clock cycle: 489186
Register Write to Reg: 0x04 Val: 0x00001B38
In clock cycle: 489187
Register Write to Reg: 0x01 Val: 0x00001B30
In clock cycle: 489188
Register Write to Reg: 0x00 Val: 0x00000000
In clock cycle: 489497
Register Write to Reg: 0x03 Val: 0x0FC12000
In clock cycle: 489498
Register Write to Reg: 0x03 Val: 0x00000000
In clock cycle: 489499
Register Write to Reg: 0x04 Val: 0x00002008
In clock cycle: 489500
Register Write to Reg: 0x04 Val: 0x00001B48
In clock cycle: 489501
Register Write to Reg: 0x04 Val: 0x00001B40
In clock cycle: 489502
Register Write to Reg: 0x01 Val: 0x00001B38
In clock cycle: 489503
Register Write to Reg: 0x00 Val: 0x00000000
In clock cycle: 489810
Register Write to Reg: 0x03 Val: 0x0FC12000
In clock cycle: 489811
Register Write to Reg: 0x03 Val: 0x00000000
In clock cycle: 489812
Register Write to Reg: 0x04 Val: 0x00002008
In clock cycle: 489813
Register Write to Reg: 0x04 Val: 0x00001B50
In clock cycle: 489814
Register Write to Reg: 0x04 Val: 0x00001B48
In clock cycle: 489815
Register Write to Reg: 0x01 Val: 0x00001B40
In clock cycle: 489816
Register Write to Reg: 0x00 Val: 0x00000000
In clock cycle: 490121
Register Write to Reg: 0x03 Val: 0x0FC12000
In clock cycle: 490122
Register Write to Reg: 0x03 Val: 0x00000000
In clock cycle: 490123
Register Write to Reg: 0x04 Val: 0x00002008
In clock cycle: 490124
Register Write to Reg: 0x04 Val: 0x00001B58
In clock cycle: 490125
Register Write to Reg: 0x04 Val: 0x00001B50
In clock cycle: 490126
Register Write to Reg: 0x01 Val: 0x00001B48
In clock cycle: 490127
Register Write to Reg: 0x00 Val: 0x00000000
In clock cycle: 490430
Register Write to Reg: 0x03 Val: 0x0FC12000
In clock cycle: 490431
Register Write to Reg: 0x03 Val: 0x00000000
In clock cycle: 490432
Register Write to Reg: 0x04 Val: 0x00002008
In clock cycle: 490433
Register Write to Reg: 0x04 Val: 0x00001B60
In clock cycle: 490434
Register Write to Reg: 0x04 Val: 0x00001B58
In clock cycle: 490435
Register Write to Reg: 0x01 Val: 0x00001B50
In clock cycle: 490436
Register Write to Reg: 0x00 Val: 0x00000000
In clock cycle: 490737
Register Write to Reg: 0x03 Val: 0x0FC12000
In clock cycle: 490738
Register Write to Reg: 0x03 Val: 0x00000000
In clock cycle: 490739
Register Write to Reg: 0x04 Val: 0x00002008
In clock cycle: 490740
Register Write to Reg: 0x04 Val: 0x00001B68
In clock cycle: 490741
Register Write to Reg: 0x04 Val: 0x00001B60
In clock cycle: 490742
Register Write to Reg: 0x01 Val: 0x00001B58
In clock cycle: 490743
Register Write to Reg: 0x00 Val: 0x00000000
In clock cycle: 491042
Register Write to Reg: 0x03 Val: 0x0FC12000
In clock cycle: 491043
Register Write to Reg: 0x03 Val: 0x00000000
In clock cycle: 491044
Register Write to Reg: 0x04 Val: 0x00002008
In clock cycle: 491045
Register Write to Reg: 0x04 Val: 0x00001B70
In clock cycle: 491046
Register Write to Reg: 0x04 Val: 0x00001B68
In clock cycle: 491047
Register Write to Reg: 0x01 Val: 0x00001B60
In clock cycle: 491048
Register Write to Reg: 0x00 Val: 0x00000000
In clock cycle: 491345
Register Write to Reg: 0x03 Val: 0x0FC12000
In clock cycle: 491346
Register Write to Reg: 0x03 Val: 0x00000000
In clock cycle: 491347
Register Write to Reg: 0x04 Val: 0x00002008
In clock cycle: 491348
Register Write to Reg: 0x04 Val: 0x00001B78
In clock cycle: 491349
Register Write to Reg: 0x04 Val: 0x00001B70
In clock cycle: 491350
Register Write to Reg: 0x01 Val: 0x00001B68
In clock cycle: 491351
Register Write to Reg: 0x00 Val: 0x00000000
In clock cycle: 491646
Register Write to Reg: 0x03 Val: 0x0FC12000
In clock cycle: 491647
Register Write to Reg: 0x03 Val: 0x00000000
In clock cycle: 491648
Register Write to Reg: 0x04 Val: 0x00002008
In clock cycle: 491649
Register Write to Reg: 0x04 Val: 0x00001B80
In clock cycle: 491650
Register Write to Reg: 0x04 Val: 0x00001B78
In clock cycle: 491651
Register Write to Reg: 0x01 Val: 0x00001B70
In clock cycle: 491652
Register Write to Reg: 0x00 Val: 0x00000000
In clock cycle: 491945
Register Write to Reg: 0x03 Val: 0x0FC12000
In clock cycle: 491946
Register Write to Reg: 0x03 Val: 0x00000000
In clock cycle: 491947
Register Write to Reg: 0x04 Val: 0x00002008
In clock cycle: 491948
Register Write to Reg: 0x04 Val: 0x00001B88
In clock cycle: 491949
Register Write to Reg: 0x04 Val: 0x00001B80
In clock cycle: 491950
Register Write to Reg: 0x01 Val: 0x00001B78
In clock cycle: 491951
Register Write to Reg: 0x00 Val: 0x00000000
In clock cycle: 492242
Register Write to Reg: 0x03 Val: 0x0FC12000
In clock cycle: 492243
Register Write to Reg: 0x03 Val: 0x00000000
In clock cycle: 492244
Register Write to Reg: 0x04 Val: 0x00002008
In clock cycle: 492245
Register Write to Reg: 0x04 Val: 0x00001B90
In clock cycle: 492246
Register Write to Reg: 0x04 Val: 0x00001B88
In clock cycle: 492247
Register Write to Reg: 0x01 Val: 0x00001B80
In clock cycle: 492248
Register Write to Reg: 0x00 Val: 0x00000000
In clock cycle: 492537
Register Write to Reg: 0x03 Val: 0x0FC12000
In clock cycle: 492538
Register Write to Reg: 0x03 Val: 0x00000000
In clock cycle: 492539
Register Write to Reg: 0x04 Val: 0x00002008
In clock cycle: 492540
Register Write to Reg: 0x04 Val: 0x00001B98
In clock cycle: 492541
Register Write to Reg: 0x04 Val: 0x00001B90
In clock cycle: 492542
Register Write to Reg: 0x01 Val: 0x00001B88
In clock cycle: 492543
Register Write to Reg: 0x00 Val: 0x00000000
In clock cycle: 492830
Register Write to Reg: 0x03 Val: 0x0FC12000
In clock cycle: 492831
Register Write to Reg: 0x03 Val: 0x00000000
In clock cycle: 492832
Register Write to Reg: 0x04 Val: 0x00002008
In clock cycle: 492833
Register Write to Reg: 0x04 Val: 0x00001BA0
In clock cycle: 492834
Register Write to Reg: 0x04 Val: 0x00001B98
In clock cycle: 492835
Register Write to Reg: 0x01 Val: 0x00001B90
In clock cycle: 492836
Register Write to Reg: 0x00 Val: 0x00000000
In clock cycle: 493121
Register Write to Reg: 0x03 Val: 0x0FC12000
In clock cycle: 493122
Register Write to Reg: 0x03 Val: 0x00000000
In clock cycle: 493123
Register Write to Reg: 0x04 Val: 0x00002008
In clock cycle: 493124
Register Write to Reg: 0x04 Val: 0x00001BA8
In clock cycle: 493125
Register Write to Reg: 0x04 Val: 0x00001BA0
In clock cycle: 493126
Register Write to Reg: 0x01 Val: 0x00001B98
In clock cycle: 493127
Register Write to Reg: 0x00 Val: 0x00000000
In clock cycle: 493410
Register Write to Reg: 0x03 Val: 0x0FC12000
In clock cycle: 493411
Register Write to Reg: 0x03 Val: 0x00000000
In clock cycle: 493412
Register Write to Reg: 0x04 Val: 0x00002008
In clock cycle: 493413
Register Write to Reg: 0x04 Val: 0x00001BB0
In clock cycle: 493414
Register Write to Reg: 0x04 Val: 0x00001BA8
In clock cycle: 493415
Register Write to Reg: 0x01 Val: 0x00001BA0
In clock cycle: 493416
Register Write to Reg: 0x00 Val: 0x00000000
In clock cycle: 493697
Register Write to Reg: 0x03 Val: 0x0FC12000
In clock cycle: 493698
Register Write to Reg: 0x03 Val: 0x00000000
In clock cycle: 493699
Register Write to Reg: 0x04 Val: 0x00002008
In clock cycle: 493700
Register Write to Reg: 0x04 Val: 0x00001BB8
In clock cycle: 493701
Register Write to Reg: 0x04 Val: 0x00001BB0
In clock cycle: 493702
Register Write to Reg: 0x01 Val: 0x00001BA8
In clock cycle: 493703
Register Write to Reg: 0x00 Val: 0x00000000
In clock cycle: 493982
Register Write to Reg: 0x03 Val: 0x0FC12000
In clock cycle: 493983
Register Write to Reg: 0x03 Val: 0x00000000
In clock cycle: 493984
Register Write to Reg: 0x04 Val: 0x00002008
In clock cycle: 493985
Register Write to Reg: 0x04 Val: 0x00001BC0
In clock cycle: 493986
Register Write to Reg: 0x04 Val: 0x00001BB8
In clock cycle: 493987
Register Write to Reg: 0x01 Val: 0x00001BB0
In clock cycle: 493988
Register Write to Reg: 0x00 Val: 0x00000000
In clock cycle: 494265
Register Write to Reg: 0x03 Val: 0x0FC12000
In clock cycle: 494266
Register Write to Reg: 0x03 Val: 0x00000000
In clock cycle: 494267
Register Write to Reg: 0x04 Val: 0x00002008
In clock cycle: 494268
Register Write to Reg: 0x04 Val: 0x00001BC8
In clock cycle: 494269
Register Write to Reg: 0x04 Val: 0x00001BC0
In clock cycle: 494270
Register Write to Reg: 0x01 Val: 0x00001BB8
In clock cycle: 494271
Register Write to Reg: 0x00 Val: 0x00000000
In clock cycle: 494546
Register Write to Reg: 0x03 Val: 0x0FC12000
In clock cycle: 494547
Register Write to Reg: 0x03 Val: 0x00000000
In clock cycle: 494548
Register Write to Reg: 0x04 Val: 0x00002008
In clock cycle: 494549
Register Write to Reg: 0x04 Val: 0x00001BD0
In clock cycle: 494550
Register Write to Reg: 0x04 Val: 0x00001BC8
In clock cycle: 494551
Register Write to Reg: 0x01 Val: 0x00001BC0
In clock cycle: 494552
Register Write to Reg: 0x00 Val: 0x00000000
In clock cycle: 494825
Register Write to Reg: 0x03 Val: 0x0FC12000
In clock cycle: 494826
Register Write to Reg: 0x03 Val: 0x00000000
In clock cycle: 494827
Register Write to Reg: 0x04 Val: 0x00002008
In clock cycle: 494828
Register Write to Reg: 0x04 Val: 0x00001BD8
In clock cycle: 494829
Register Write to Reg: 0x04 Val: 0x00001BD0
In clock cycle: 494830
Register Write to Reg: 0x01 Val: 0x00001BC8
In clock cycle: 494831
Register Write to Reg: 0x00 Val: 0x00000000
In clock cycle: 495102
Register Write to Reg: 0x03 Val: 0x0FC12000
In clock cycle: 495103
Register Write to Reg: 0x03 Val: 0x00000000
In clock cycle: 495104
Register Write to Reg: 0x04 Val: 0x00002008
In clock cycle: 495105
Register Write to Reg: 0x04 Val: 0x00001BE0
In clock cycle: 495106
Register Write to Reg: 0x04 Val: 0x00001BD8
In clock cycle: 495107
Register Write to Reg: 0x01 Val: 0x00001BD0
In clock cycle: 495108
Register Write to Reg: 0x00 Val: 0x00000000
In clock cycle: 495377
Register Write to Reg: 0x03 Val: 0x0FC12000
In clock cycle: 495378
Register Write to Reg: 0x03 Val: 0x00000000
In clock cycle: 495379
Register Write to Reg: 0x04 Val: 0x00002008
In clock cycle: 495380
Register Write to Reg: 0x04 Val: 0x00001BE8
In clock cycle: 495381
Register Write to Reg: 0x04 Val: 0x00001BE0
In clock cycle: 495382
Register Write to Reg: 0x01 Val: 0x00001BD8
In clock cycle: 495383
Register Write to Reg: 0x00 Val: 0x00000000
In clock cycle: 495650
Register Write to Reg: 0x03 Val: 0x0FC12000
In clock cycle: 495651
Register Write to Reg: 0x03 Val: 0x00000000
In clock cycle: 495652
Register Write to Reg: 0x04 Val: 0x00002008
In clock cycle: 495653
Register Write to Reg: 0x04 Val: 0x00001BF0
In clock cycle: 495654
Register Write to Reg: 0x04 Val: 0x00001BE8
In clock cycle: 495655
Register Write to Reg: 0x01 Val: 0x00001BE0
In clock cycle: 495656
Register Write to Reg: 0x00 Val: 0x00000000
In clock cycle: 495921
Register Write to Reg: 0x03 Val: 0x0FC12000
In clock cycle: 495922
Register Write to Reg: 0x03 Val: 0x00000000
In clock cycle: 495923
Register Write to Reg: 0x04 Val: 0x00002008
In clock cycle: 495924
Register Write to Reg: 0x04 Val: 0x00001BF8
In clock cycle: 495925
Register Write to Reg: 0x04 Val: 0x00001BF0
In clock cycle: 495926
Register Write to Reg: 0x01 Val: 0x00001BE8
In clock cycle: 495927
Register Write to Reg: 0x00 Val: 0x00000000
In clock cycle: 496190
Register Write to Reg: 0x03 Val: 0x0FC12000
In clock cycle: 496191
Register Write to Reg: 0x03 Val: 0x00000000
In clock cycle: 496192
Register Write to Reg: 0x04 Val: 0x00002008
In clock cycle: 496193
Register Write to Reg: 0x04 Val: 0x00001C00
In clock cycle: 496194
Register Write to Reg: 0x04 Val: 0x00001BF8
In clock cycle: 496195
Register Write to Reg: 0x01 Val: 0x00001BF0
In clock cycle: 496196
Register Write to Reg: 0x00 Val: 0x00000000
In clock cycle: 496457
Register Write to Reg: 0x03 Val: 0x0FC12000
In clock cycle: 496458
Register Write to Reg: 0x03 Val: 0x00000000
In clock cycle: 496459
Register Write to Reg: 0x04 Val: 0x00002008
In clock cycle: 496460
Register Write to Reg: 0x04 Val: 0x00001C08
In clock cycle: 496461
Register Write to Reg: 0x04 Val: 0x00001C00
In clock cycle: 496462
Register Write to Reg: 0x01 Val: 0x00001BF8
In clock cycle: 496463
Register Write to Reg: 0x00 Val: 0x00000000
In clock cycle: 496722
Register Write to Reg: 0x03 Val: 0x0FC12000
In clock cycle: 496723
Register Write to Reg: 0x03 Val: 0x00000000
In clock cycle: 496724
Register Write to Reg: 0x04 Val: 0x00002008
In clock cycle: 496725
Register Write to Reg: 0x04 Val: 0x00001C10
In clock cycle: 496726
Register Write to Reg: 0x04 Val: 0x00001C08
In clock cycle: 496727
Register Write to Reg: 0x01 Val: 0x00001C00
In clock cycle: 496728
Register Write to Reg: 0x00 Val: 0x00000000
In clock cycle: 496985
Register Write to Reg: 0x03 Val: 0x0FC12000
In clock cycle: 496986
Register Write to Reg: 0x03 Val: 0x00000000
In clock cycle: 496987
Register Write to Reg: 0x04 Val: 0x00002008
In clock cycle: 496988
Register Write to Reg: 0x04 Val: 0x00001C18
In clock cycle: 496989
Register Write to Reg: 0x04 Val: 0x00001C10
In clock cycle: 496990
Register Write to Reg: 0x01 Val: 0x00001C08
In clock cycle: 496991
Register Write to Reg: 0x00 Val: 0x00000000
In clock cycle: 497246
Register Write to Reg: 0x03 Val: 0x0FC12000
In clock cycle: 497247
Register Write to Reg: 0x03 Val: 0x00000000
In clock cycle: 497248
Register Write to Reg: 0x04 Val: 0x00002008
In clock cycle: 497249
Register Write to Reg: 0x04 Val: 0x00001C20
In clock cycle: 497250
Register Write to Reg: 0x04 Val: 0x00001C18
In clock cycle: 497251
Register Write to Reg: 0x01 Val: 0x00001C10
In clock cycle: 497252
Register Write to Reg: 0x00 Val: 0x00000000
In clock cycle: 497505
Register Write to Reg: 0x03 Val: 0x0FC12000
In clock cycle: 497506
Register Write to Reg: 0x03 Val: 0x00000000
In clock cycle: 497507
Register Write to Reg: 0x04 Val: 0x00002008
In clock cycle: 497508
Register Write to Reg: 0x04 Val: 0x00001C28
In clock cycle: 497509
Register Write to Reg: 0x04 Val: 0x00001C20
In clock cycle: 497510
Register Write to Reg: 0x01 Val: 0x00001C18
In clock cycle: 497511
Register Write to Reg: 0x00 Val: 0x00000000
In clock cycle: 497762
Register Write to Reg: 0x03 Val: 0x0FC12000
In clock cycle: 497763
Register Write to Reg: 0x03 Val: 0x00000000
In clock cycle: 497764
Register Write to Reg: 0x04 Val: 0x00002008
In clock cycle: 497765
Register Write to Reg: 0x04 Val: 0x00001C30
In clock cycle: 497766
Register Write to Reg: 0x04 Val: 0x00001C28
In clock cycle: 497767
Register Write to Reg: 0x01 Val: 0x00001C20
In clock cycle: 497768
Register Write to Reg: 0x00 Val: 0x00000000
In clock cycle: 498017
Register Write to Reg: 0x03 Val: 0x0FC12000
In clock cycle: 498018
Register Write to Reg: 0x03 Val: 0x00000000
In clock cycle: 498019
Register Write to Reg: 0x04 Val: 0x00002008
In clock cycle: 498020
Register Write to Reg: 0x04 Val: 0x00001C38
In clock cycle: 498021
Register Write to Reg: 0x04 Val: 0x00001C30
In clock cycle: 498022
Register Write to Reg: 0x01 Val: 0x00001C28
In clock cycle: 498023
Register Write to Reg: 0x00 Val: 0x00000000
In clock cycle: 498270
Register Write to Reg: 0x03 Val: 0x0FC12000
In clock cycle: 498271
Register Write to Reg: 0x03 Val: 0x00000000
In clock cycle: 498272
Register Write to Reg: 0x04 Val: 0x00002008
In clock cycle: 498273
Register Write to Reg: 0x04 Val: 0x00001C40
In clock cycle: 498274
Register Write to Reg: 0x04 Val: 0x00001C38
In clock cycle: 498275
Register Write to Reg: 0x01 Val: 0x00001C30
In clock cycle: 498276
Register Write to Reg: 0x00 Val: 0x00000000
In clock cycle: 498521
Register Write to Reg: 0x03 Val: 0x0FC12000
In clock cycle: 498522
Register Write to Reg: 0x03 Val: 0x00000000
In clock cycle: 498523
Register Write to Reg: 0x04 Val: 0x00002008
In clock cycle: 498524
Register Write to Reg: 0x04 Val: 0x00001C48
In clock cycle: 498525
Register Write to Reg: 0x04 Val: 0x00001C40
In clock cycle: 498526
Register Write to Reg: 0x01 Val: 0x00001C38
In clock cycle: 498527
Register Write to Reg: 0x00 Val: 0x00000000
In clock cycle: 498770
Register Write to Reg: 0x03 Val: 0x0FC12000
In clock cycle: 498771
Register Write to Reg: 0x03 Val: 0x00000000
In clock cycle: 498772
Register Write to Reg: 0x04 Val: 0x00002008
In clock cycle: 498773
Register Write to Reg: 0x04 Val: 0x00001C50
In clock cycle: 498774
Register Write to Reg: 0x04 Val: 0x00001C48
In clock cycle: 498775
Register Write to Reg: 0x01 Val: 0x00001C40
In clock cycle: 498776
Register Write to Reg: 0x00 Val: 0x00000000
In clock cycle: 499017
Register Write to Reg: 0x03 Val: 0x0FC12000
In clock cycle: 499018
Register Write to Reg: 0x03 Val: 0x00000000
In clock cycle: 499019
Register Write to Reg: 0x04 Val: 0x00002008
In clock cycle: 499020
Register Write to Reg: 0x04 Val: 0x00001C58
In clock cycle: 499021
Register Write to Reg: 0x04 Val: 0x00001C50
In clock cycle: 499022
Register Write to Reg: 0x01 Val: 0x00001C48
In clock cycle: 499023
Register Write to Reg: 0x00 Val: 0x00000000
In clock cycle: 499262
Register Write to Reg: 0x03 Val: 0x0FC12000
In clock cycle: 499263
Register Write to Reg: 0x03 Val: 0x00000000
In clock cycle: 499264
Register Write to Reg: 0x04 Val: 0x00002008
In clock cycle: 499265
Register Write to Reg: 0x04 Val: 0x00001C60
In clock cycle: 499266
Register Write to Reg: 0x04 Val: 0x00001C58
In clock cycle: 499267
Register Write to Reg: 0x01 Val: 0x00001C50
In clock cycle: 499268
Register Write to Reg: 0x00 Val: 0x00000000
In clock cycle: 499505
Register Write to Reg: 0x03 Val: 0x0FC12000
In clock cycle: 499506
Register Write to Reg: 0x03 Val: 0x00000000
In clock cycle: 499507
Register Write to Reg: 0x04 Val: 0x00002008
In clock cycle: 499508
Register Write to Reg: 0x04 Val: 0x00001C68
In clock cycle: 499509
Register Write to Reg: 0x04 Val: 0x00001C60
In clock cycle: 499510
Register Write to Reg: 0x01 Val: 0x00001C58
In clock cycle: 499511
Register Write to Reg: 0x00 Val: 0x00000000
In clock cycle: 499746
Register Write to Reg: 0x03 Val: 0x0FC12000
In clock cycle: 499747
Register Write to Reg: 0x03 Val: 0x00000000
In clock cycle: 499748
Register Write to Reg: 0x04 Val: 0x00002008
In clock cycle: 499749
Register Write to Reg: 0x04 Val: 0x00001C70
In clock cycle: 499750
Register Write to Reg: 0x04 Val: 0x00001C68
In clock cycle: 499751
Register Write to Reg: 0x01 Val: 0x00001C60
In clock cycle: 499752
Register Write to Reg: 0x00 Val: 0x00000000
In clock cycle: 499985
Register Write to Reg: 0x03 Val: 0x0FC12000
In clock cycle: 499986
Register Write to Reg: 0x03 Val: 0x00000000
In clock cycle: 499987
Register Write to Reg: 0x04 Val: 0x00002008
In clock cycle: 499988
Register Write to Reg: 0x04 Val: 0x00001C78
In clock cycle: 499989
Register Write to Reg: 0x04 Val: 0x00001C70
In clock cycle: 499990
Register Write to Reg: 0x01 Val: 0x00001C68
In clock cycle: 499991
Register Write to Reg: 0x00 Val: 0x00000000
