In clock cycle: 4
Register Write to Reg: 0x0A Val: 0x00523000
In clock cycle: 5
Register Write to Reg: 0x0A Val: 0x000007FF
In clock cycle: 6
Register Write to Reg: 0x0B Val: 0x00123000
In clock cycle: 7
Register Write to Reg: 0x0B Val: 0x000007FF
In clock cycle: 8
Register Write to Reg: 0x0C Val: 0x00523000
In clock cycle: 1028
Register Write to Reg: 0x0A Val: 0x00524000
In clock cycle: 1029
Register Write to Reg: 0x0A Val: 0x00000FFE
In clock cycle: 1030
Register Write to Reg: 0x0B Val: 0x00123000
In clock cycle: 1031
Register Write to Reg: 0x0B Val: 0x00000FFE
In clock cycle: 1032
Register Write to Reg: 0x0C Val: 0x00523801
In clock cycle: 2052
Register Write to Reg: 0x0A Val: 0x00525000
In clock cycle: 2053
Register Write to Reg: 0x0A Val: 0x000017FD
In clock cycle: 2054
Register Write to Reg: 0x0B Val: 0x00123000
In clock cycle: 2055
Register Write to Reg: 0x0B Val: 0x000017FD
In clock cycle: 2056
Register Write to Reg: 0x0C Val: 0x00524002
In clock cycle: 3076
Register Write to Reg: 0x0A Val: 0x00526000
In clock cycle: 3077
Register Write to Reg: 0x0A Val: 0x00001FFC
In clock cycle: 3078
Register Write to Reg: 0x0B Val: 0x00123000
In clock cycle: 3079
Register Write to Reg: 0x0B Val: 0x00001FFC
In clock cycle: 3080
Register Write to Reg: 0x0C Val: 0x00524803
In clock cycle: 4100
Register Write to Reg: 0x0A Val: 0x00527000
In clock cycle: 4101
Register Write to Reg: 0x0A Val: 0x000027FB
In clock cycle: 4102
Register Write to Reg: 0x0B Val: 0x00123000
In clock cycle: 4103
Register Write to Reg: 0x0B Val: 0x000027FB
In clock cycle: 4104
Register Write to Reg: 0x0C Val: 0x00525004
In clock cycle: 5124
Register Write to Reg: 0x0A Val: 0x00528000
In clock cycle: 5125
Register Write to Reg: 0x0A Val: 0x00002FFA
In clock cycle: 5126
Register Write to Reg: 0x0B Val: 0x00123000
In clock cycle: 5127
Register Write to Reg: 0x0B Val: 0x00002FFA
In clock cycle: 5128
Register Write to Reg: 0x0C Val: 0x00525805
In clock cycle: 6148
Register Write to Reg: 0x0A Val: 0x00529000
In clock cycle: 6149
Register Write to Reg: 0x0A Val: 0x000037F9
In clock cycle: 6150
Register Write to Reg: 0x0B Val: 0x00123000
In clock cycle: 6151
Register Write to Reg: 0x0B Val: 0x000037F9
In clock cycle: 6152
Register Write to Reg: 0x0C Val: 0x00526006
In clock cycle: 7172
Register Write to Reg: 0x0A Val: 0x0052A000
In clock cycle: 7173
Register Write to Reg: 0x0A Val: 0x00003FF8
In clock cycle: 7174
Register Write to Reg: 0x0B Val: 0x00123000
In clock cycle: 7175
Register Write to Reg: 0x0B Val: 0x00003FF8
In clock cycle: 7176
Register Write to Reg: 0x0C Val: 0x00526807
In clock cycle: 8196
Register Write to Reg: 0x0A Val: 0x0052B000
In clock cycle: 8197
Register Write to Reg: 0x0A Val: 0x000047F7
In clock cycle: 8198
Register Write to Reg: 0x0B Val: 0x00123000
In clock cycle: 8199
Register Write to Reg: 0x0B Val: 0x000047F7
In clock cycle: 8200
Register Write to Reg: 0x0C Val: 0x00527008
In clock cycle: 9220
Register Write to Reg: 0x0A Val: 0x0052C000
In clock cycle: 9221
Register Write to Reg: 0x0A Val: 0x00004FF6
In clock cycle: 9222
Register Write to Reg: 0x0B Val: 0x00123000
In clock cycle: 9223
Register Write to Reg: 0x0B Val: 0x00004FF6
In clock cycle: 9224
Register Write to Reg: 0x0C Val: 0x00527809
In clock cycle: 10244
Register Write to Reg: 0x0A Val: 0x0052D000
In clock cycle: 10245
Register Write to Reg: 0x0A Val: 0x000057F5
In clock cycle: 10246
Register Write to Reg: 0x0B Val: 0x00123000
In clock cycle: 10247
Register Write to Reg: 0x0B Val: 0x000057F5
In clock cycle: 10248
Register Write to Reg: 0x0C Val: 0x0052800A
In clock cycle: 11268
Register Write to Reg: 0x0A Val: 0x0052E000
In clock cycle: 11269
Register Write to Reg: 0x0A Val: 0x00005FF4
In clock cycle: 11270
Register Write to Reg: 0x0B Val: 0x00123000
In clock cycle: 11271
Register Write to Reg: 0x0B Val: 0x00005FF4
In clock cycle: 11272
Register Write to Reg: 0x0C Val: 0x0052880B
In clock cycle: 12292
Register Write to Reg: 0x0A Val: 0x0052F000
In clock cycle: 12293
Register Write to Reg: 0x0A Val: 0x000067F3
In clock cycle: 12294
Register Write to Reg: 0x0B Val: 0x00123000
In clock cycle: 12295
Register Write to Reg: 0x0B Val: 0x000067F3
In clock cycle: 12296
Register Write to Reg: 0x0C Val: 0x0052900C
In clock cycle: 13316
Register Write to Reg: 0x0A Val: 0x00530000
In clock cycle: 13317
Register Write to Reg: 0x0A Val: 0x00006FF2
In clock cycle: 13318
Register Write to Reg: 0x0B Val: 0x00123000
In clock cycle: 13319
Register Write to Reg: 0x0B Val: 0x00006FF2
In clock cycle: 13320
Register Write to Reg: 0x0C Val: 0x0052980D
In clock cycle: 14340
Register Write to Reg: 0x0A Val: 0x00531000
In clock cycle: 14341
Register Write to Reg: 0x0A Val: 0x000077F1
In clock cycle: 14342
Register Write to Reg: 0x0B Val: 0x00123000
In clock cycle: 14343
Register Write to Reg: 0x0B Val: 0x000077F1
In clock cycle: 14344
Register Write to Reg: 0x0C Val: 0x0052A00E
In clock cycle: 15364
Register Write to Reg: 0x0A Val: 0x00532000
In clock cycle: 15365
Register Write to Reg: 0x0A Val: 0x00007FF0
In clock cycle: 15366
Register Write to Reg: 0x0B Val: 0x00123000
In clock cycle: 15367
Register Write to Reg: 0x0B Val: 0x00007FF0
In clock cycle: 15368
Register Write to Reg: 0x0C Val: 0x0052A80F
In clock cycle: 16388
Register Write to Reg: 0x0A Val: 0x00533000
In clock cycle: 16389
Register Write to Reg: 0x0A Val: 0x000087EF
In clock cycle: 16390
Register Write to Reg: 0x0B Val: 0x00123000
In clock cycle: 16391
Register Write to Reg: 0x0B Val: 0x000087EF
In clock cycle: 16392
Register Write to Reg: 0x0C Val: 0x0052B010
In clock cycle: 17412
Register Write to Reg: 0x0A Val: 0x00534000
In clock cycle: 17413
Register Write to Reg: 0x0A Val: 0x00008FEE
In clock cycle: 17414
Register Write to Reg: 0x0B Val: 0x00123000
In clock cycle: 17415
Register Write to Reg: 0x0B Val: 0x00008FEE
In clock cycle: 17416
Register Write to Reg: 0x0C Val: 0x0052B811
In clock cycle: 18436
Register Write to Reg: 0x0A Val: 0x00535000
In clock cycle: 18437
Register Write to Reg: 0x0A Val: 0x000097ED
In clock cycle: 18438
Register Write to Reg: 0x0B Val: 0x00123000
In clock cycle: 18439
Register Write to Reg: 0x0B Val: 0x000097ED
In clock cycle: 18440
Register Write to Reg: 0x0C Val: 0x0052C012
In clock cycle: 19460
Register Write to Reg: 0x0A Val: 0x00536000
In clock cycle: 19461
Register Write to Reg: 0x0A Val: 0x00009FEC
In clock cycle: 19462
Register Write to Reg: 0x0B Val: 0x00123000
In clock cycle: 19463
Register Write to Reg: 0x0B Val: 0x00009FEC
In clock cycle: 19464
Register Write to Reg: 0x0C Val: 0x0052C813
In clock cycle: 20484
Register Write to Reg: 0x0A Val: 0x00537000
In clock cycle: 20485
Register Write to Reg: 0x0A Val: 0x0000A7EB
In clock cycle: 20486
Register Write to Reg: 0x0B Val: 0x00123000
In clock cycle: 20487
Register Write to Reg: 0x0B Val: 0x0000A7EB
In clock cycle: 20488
Register Write to Reg: 0x0C Val: 0x0052D014
In clock cycle: 21508
Register Write to Reg: 0x0A Val: 0x00538000
In clock cycle: 21509
Register Write to Reg: 0x0A Val: 0x0000AFEA
In clock cycle: 21510
Register Write to Reg: 0x0B Val: 0x00123000
In clock cycle: 21511
Register Write to Reg: 0x0B Val: 0x0000AFEA
In clock cycle: 21512
Register Write to Reg: 0x0C Val: 0x0052D815
In clock cycle: 22532
Register Write to Reg: 0x0A Val: 0x00539000
In clock cycle: 22533
Register Write to Reg: 0x0A Val: 0x0000B7E9
In clock cycle: 22534
Register Write to Reg: 0x0B Val: 0x00123000
In clock cycle: 22535
Register Write to Reg: 0x0B Val: 0x0000B7E9
In clock cycle: 22536
Register Write to Reg: 0x0C Val: 0x0052E016
In clock cycle: 23556
Register Write to Reg: 0x0A Val: 0x0053A000
In clock cycle: 23557
Register Write to Reg: 0x0A Val: 0x0000BFE8
In clock cycle: 23558
Register Write to Reg: 0x0B Val: 0x00123000
In clock cycle: 23559
Register Write to Reg: 0x0B Val: 0x0000BFE8
In clock cycle: 23560
Register Write to Reg: 0x0C Val: 0x0052E817
In clock cycle: 24580
Register Write to Reg: 0x0A Val: 0x0053B000
In clock cycle: 24581
Register Write to Reg: 0x0A Val: 0x0000C7E7
In clock cycle: 24582
Register Write to Reg: 0x0B Val: 0x00123000
In clock cycle: 24583
Register Write to Reg: 0x0B Val: 0x0000C7E7
In clock cycle: 24584
Register Write to Reg: 0x0C Val: 0x0052F018
In clock cycle: 25604
Register Write to Reg: 0x0A Val: 0x0053C000
In clock cycle: 25605
Register Write to Reg: 0x0A Val: 0x0000CFE6
In clock cycle: 25606
Register Write to Reg: 0x0B Val: 0x00123000
In clock cycle: 25607
Register Write to Reg: 0x0B Val: 0x0000CFE6
In clock cycle: 25608
Register Write to Reg: 0x0C Val: 0x0052F819
In clock cycle: 26628
Register Write to Reg: 0x0A Val: 0x0053D000
In clock cycle: 26629
Register Write to Reg: 0x0A Val: 0x0000D7E5
In clock cycle: 26630
Register Write to Reg: 0x0B Val: 0x00123000
In clock cycle: 26631
Register Write to Reg: 0x0B Val: 0x0000D7E5
In clock cycle: 26632
Register Write to Reg: 0x0C Val: 0x0053001A
In clock cycle: 27652
Register Write to Reg: 0x0A Val: 0x0053E000
In clock cycle: 27653
Register Write to Reg: 0x0A Val: 0x0000DFE4
In clock cycle: 27654
Register Write to Reg: 0x0B Val: 0x00123000
In clock cycle: 27655
Register Write to Reg: 0x0B Val: 0x0000DFE4
In clock cycle: 27656
Register Write to Reg: 0x0C Val: 0x0053081B
In clock cycle: 28676
Register Write to Reg: 0x0A Val: 0x0053F000
In clock cycle: 28677
Register Write to Reg: 0x0A Val: 0x0000E7E3
In clock cycle: 28678
Register Write to Reg: 0x0B Val: 0x00123000
In clock cycle: 28679
Register Write to Reg: 0x0B Val: 0x0000E7E3
In clock cycle: 28680
Register Write to Reg: 0x0C Val: 0x0053101C
In clock cycle: 29700
Register Write to Reg: 0x0A Val: 0x00540000
In clock cycle: 29701
Register Write to Reg: 0x0A Val: 0x0000EFE2
In clock cycle: 29702
Register Write to Reg: 0x0B Val: 0x00123000
In clock cycle: 29703
Register Write to Reg: 0x0B Val: 0x0000EFE2
In clock cycle: 29704
Register Write to Reg: 0x0C Val: 0x0053181D
In clock cycle: 30724
Register Write to Reg: 0x0A Val: 0x00541000
In clock cycle: 30725
Register Write to Reg: 0x0A Val: 0x0000F7E1
In clock cycle: 30726
Register Write to Reg: 0x0B Val: 0x00123000
In clock cycle: 30727
Register Write to Reg: 0x0B Val: 0x0000F7E1
In clock cycle: 30728
Register Write to Reg: 0x0C Val: 0x0053201E
In clock cycle: 31748
Register Write to Reg: 0x0A Val: 0x00542000
In clock cycle: 31749
Register Write to Reg: 0x0A Val: 0x0000FFE0
In clock cycle: 31750
Register Write to Reg: 0x0B Val: 0x00123000
In clock cycle: 31751
Register Write to Reg: 0x0B Val: 0x0000FFE0
In clock cycle: 31752
Register Write to Reg: 0x0C Val: 0x0053281F
In clock cycle: 32772
Register Write to Reg: 0x0A Val: 0x00543000
In clock cycle: 32773
Register Write to Reg: 0x0A Val: 0x000107DF
In clock cycle: 32774
Register Write to Reg: 0x0B Val: 0x00123000
In clock cycle: 32775
Register Write to Reg: 0x0B Val: 0x000107DF
In clock cycle: 32776
Register Write to Reg: 0x0C Val: 0x00533020
In clock cycle: 33796
Register Write to Reg: 0x0A Val: 0x00544000
In clock cycle: 33797
Register Write to Reg: 0x0A Val: 0x00010FDE
In clock cycle: 33798
Register Write to Reg: 0x0B Val: 0x00123000
In clock cycle: 33799
Register Write to Reg: 0x0B Val: 0x00010FDE
In clock cycle: 33800
Register Write to Reg: 0x0C Val: 0x00533821
In clock cycle: 34820
Register Write to Reg: 0x0A Val: 0x00545000
In clock cycle: 34821
Register Write to Reg: 0x0A Val: 0x000117DD
In clock cycle: 34822
Register Write to Reg: 0x0B Val: 0x00123000
In clock cycle: 34823
Register Write to Reg: 0x0B Val: 0x000117DD
In clock cycle: 34824
Register Write to Reg: 0x0C Val: 0x00534022
In clock cycle: 35844
Register Write to Reg: 0x0A Val: 0x00546000
In clock cycle: 35845
Register Write to Reg: 0x0A Val: 0x00011FDC
In clock cycle: 35846
Register Write to Reg: 0x0B Val: 0x00123000
In clock cycle: 35847
Register Write to Reg: 0x0B Val: 0x00011FDC
In clock cycle: 35848
Register Write to Reg: 0x0C Val: 0x00534823
In clock cycle: 36868
Register Write to Reg: 0x0A Val: 0x00547000
In clock cycle: 36869
Register Write to Reg: 0x0A Val: 0x000127DB
In clock cycle: 36870
Register Write to Reg: 0x0B Val: 0x00123000
In clock cycle: 36871
Register Write to Reg: 0x0B Val: 0x000127DB
In clock cycle: 36872
Register Write to Reg: 0x0C Val: 0x00535024
In clock cycle: 37892
Register Write to Reg: 0x0A Val: 0x00548000
In clock cycle: 37893
Register Write to Reg: 0x0A Val: 0x00012FDA
In clock cycle: 37894
Register Write to Reg: 0x0B Val: 0x00123000
In clock cycle: 37895
Register Write to Reg: 0x0B Val: 0x00012FDA
In clock cycle: 37896
Register Write to Reg: 0x0C Val: 0x00535825
In clock cycle: 38916
Register Write to Reg: 0x0A Val: 0x00549000
In clock cycle: 38917
Register Write to Reg: 0x0A Val: 0x000137D9
In clock cycle: 38918
Register Write to Reg: 0x0B Val: 0x00123000
In clock cycle: 38919
Register Write to Reg: 0x0B Val: 0x000137D9
In clock cycle: 38920
Register Write to Reg: 0x0C Val: 0x00536026
In clock cycle: 39940
Register Write to Reg: 0x0A Val: 0x0054A000
In clock cycle: 39941
Register Write to Reg: 0x0A Val: 0x00013FD8
In clock cycle: 39942
Register Write to Reg: 0x0B Val: 0x00123000
In clock cycle: 39943
Register Write to Reg: 0x0B Val: 0x00013FD8
In clock cycle: 39944
Register Write to Reg: 0x0C Val: 0x00536827
In clock cycle: 40964
Register Write to Reg: 0x0A Val: 0x0054B000
In clock cycle: 40965
Register Write to Reg: 0x0A Val: 0x000147D7
In clock cycle: 40966
Register Write to Reg: 0x0B Val: 0x00123000
In clock cycle: 40967
Register Write to Reg: 0x0B Val: 0x000147D7
In clock cycle: 40968
Register Write to Reg: 0x0C Val: 0x00537028
In clock cycle: 41988
Register Write to Reg: 0x0A Val: 0x0054C000
In clock cycle: 41989
Register Write to Reg: 0x0A Val: 0x00014FD6
In clock cycle: 41990
Register Write to Reg: 0x0B Val: 0x00123000
In clock cycle: 41991
Register Write to Reg: 0x0B Val: 0x00014FD6
In clock cycle: 41992
Register Write to Reg: 0x0C Val: 0x00537829
In clock cycle: 43012
Register Write to Reg: 0x0A Val: 0x0054D000
In clock cycle: 43013
Register Write to Reg: 0x0A Val: 0x000157D5
In clock cycle: 43014
Register Write to Reg: 0x0B Val: 0x00123000
In clock cycle: 43015
Register Write to Reg: 0x0B Val: 0x000157D5
In clock cycle: 43016
Register Write to Reg: 0x0C Val: 0x0053802A
In clock cycle: 44036
Register Write to Reg: 0x0A Val: 0x0054E000
In clock cycle: 44037
Register Write to Reg: 0x0A Val: 0x00015FD4
In clock cycle: 44038
Register Write to Reg: 0x0B Val: 0x00123000
In clock cycle: 44039
Register Write to Reg: 0x0B Val: 0x00015FD4
In clock cycle: 44040
Register Write to Reg: 0x0C Val: 0x0053882B
In clock cycle: 45060
Register Write to Reg: 0x0A Val: 0x0054F000
In clock cycle: 45061
Register Write to Reg: 0x0A Val: 0x000167D3
In clock cycle: 45062
Register Write to Reg: 0x0B Val: 0x00123000
In clock cycle: 45063
Register Write to Reg: 0x0B Val: 0x000167D3
In clock cycle: 45064
Register Write to Reg: 0x0C Val: 0x0053902C
In clock cycle: 46084
Register Write to Reg: 0x0A Val: 0x00550000
In clock cycle: 46085
Register Write to Reg: 0x0A Val: 0x00016FD2
In clock cycle: 46086
Register Write to Reg: 0x0B Val: 0x00123000
In clock cycle: 46087
Register Write to Reg: 0x0B Val: 0x00016FD2
In clock cycle: 46088
Register Write to Reg: 0x0C Val: 0x0053982D
In clock cycle: 47108
Register Write to Reg: 0x0A Val: 0x00551000
In clock cycle: 47109
Register Write to Reg: 0x0A Val: 0x000177D1
In clock cycle: 47110
Register Write to Reg: 0x0B Val: 0x00123000
In clock cycle: 47111
Register Write to Reg: 0x0B Val: 0x000177D1
In clock cycle: 47112
Register Write to Reg: 0x0C Val: 0x0053A02E
In clock cycle: 48132
Register Write to Reg: 0x0A Val: 0x00552000
In clock cycle: 48133
Register Write to Reg: 0x0A Val: 0x00017FD0
In clock cycle: 48134
Register Write to Reg: 0x0B Val: 0x00123000
In clock cycle: 48135
Register Write to Reg: 0x0B Val: 0x00017FD0
In clock cycle: 48136
Register Write to Reg: 0x0C Val: 0x0053A82F
In clock cycle: 49156
Register Write to Reg: 0x0A Val: 0x00553000
In clock cycle: 49157
Register Write to Reg: 0x0A Val: 0x000187CF
In clock cycle: 49158
Register Write to Reg: 0x0B Val: 0x00123000
In clock cycle: 49159
Register Write to Reg: 0x0B Val: 0x000187CF
In clock cycle: 49160
Register Write to Reg: 0x0C Val: 0x0053B030
In clock cycle: 50180
Register Write to Reg: 0x0A Val: 0x00554000
In clock cycle: 50181
Register Write to Reg: 0x0A Val: 0x00018FCE
In clock cycle: 50182
Register Write to Reg: 0x0B Val: 0x00123000
In clock cycle: 50183
Register Write to Reg: 0x0B Val: 0x00018FCE
In clock cycle: 50184
Register Write to Reg: 0x0C Val: 0x0053B831
In clock cycle: 51204
Register Write to Reg: 0x0A Val: 0x00555000
In clock cycle: 51205
Register Write to Reg: 0x0A Val: 0x000197CD
In clock cycle: 51206
Register Write to Reg: 0x0B Val: 0x00123000
In clock cycle: 51207
Register Write to Reg: 0x0B Val: 0x000197CD
In clock cycle: 51208
Register Write to Reg: 0x0C Val: 0x0053C032
In clock cycle: 52228
Register Write to Reg: 0x0A Val: 0x00556000
In clock cycle: 52229
Register Write to Reg: 0x0A Val: 0x00019FCC
In clock cycle: 52230
Register Write to Reg: 0x0B Val: 0x00123000
In clock cycle: 52231
Register Write to Reg: 0x0B Val: 0x00019FCC
In clock cycle: 52232
Register Write to Reg: 0x0C Val: 0x0053C833
In clock cycle: 53252
Register Write to Reg: 0x0A Val: 0x00557000
In clock cycle: 53253
Register Write to Reg: 0x0A Val: 0x0001A7CB
In clock cycle: 53254
Register Write to Reg: 0x0B Val: 0x00123000
In clock cycle: 53255
Register Write to Reg: 0x0B Val: 0x0001A7CB
In clock cycle: 53256
Register Write to Reg: 0x0C Val: 0x0053D034
In clock cycle: 54276
Register Write to Reg: 0x0A Val: 0x00558000
In clock cycle: 54277
Register Write to Reg: 0x0A Val: 0x0001AFCA
In clock cycle: 54278
Register Write to Reg: 0x0B Val: 0x00123000
In clock cycle: 54279
Register Write to Reg: 0x0B Val: 0x0001AFCA
In clock cycle: 54280
Register Write to Reg: 0x0C Val: 0x0053D835
In clock cycle: 55300
Register Write to Reg: 0x0A Val: 0x00559000
In clock cycle: 55301
Register Write to Reg: 0x0A Val: 0x0001B7C9
In clock cycle: 55302
Register Write to Reg: 0x0B Val: 0x00123000
In clock cycle: 55303
Register Write to Reg: 0x0B Val: 0x0001B7C9
In clock cycle: 55304
Register Write to Reg: 0x0C Val: 0x0053E036
In clock cycle: 56324
Register Write to Reg: 0x0A Val: 0x0055A000
In clock cycle: 56325
Register Write to Reg: 0x0A Val: 0x0001BFC8
In clock cycle: 56326
Register Write to Reg: 0x0B Val: 0x00123000
In clock cycle: 56327
Register Write to Reg: 0x0B Val: 0x0001BFC8
In clock cycle: 56328
Register Write to Reg: 0x0C Val: 0x0053E837
In clock cycle: 57348
Register Write to Reg: 0x0A Val: 0x0055B000
In clock cycle: 57349
Register Write to Reg: 0x0A Val: 0x0001C7C7
In clock cycle: 57350
Register Write to Reg: 0x0B Val: 0x00123000
In clock cycle: 57351
Register Write to Reg: 0x0B Val: 0x0001C7C7
In clock cycle: 57352
Register Write to Reg: 0x0C Val: 0x0053F038
In clock cycle: 58372
Register Write to Reg: 0x0A Val: 0x0055C000
In clock cycle: 58373
Register Write to Reg: 0x0A Val: 0x0001CFC6
In clock cycle: 58374
Register Write to Reg: 0x0B Val: 0x00123000
In clock cycle: 58375
Register Write to Reg: 0x0B Val: 0x0001CFC6
In clock cycle: 58376
Register Write to Reg: 0x0C Val: 0x0053F839
In clock cycle: 59396
Register Write to Reg: 0x0A Val: 0x0055D000
In clock cycle: 59397
Register Write to Reg: 0x0A Val: 0x0001D7C5
In clock cycle: 59398
Register Write to Reg: 0x0B Val: 0x00123000
In clock cycle: 59399
Register Write to Reg: 0x0B Val: 0x0001D7C5
In clock cycle: 59400
Register Write to Reg: 0x0C Val: 0x0054003A
In clock cycle: 60420
Register Write to Reg: 0x0A Val: 0x0055E000
In clock cycle: 60421
Register Write to Reg: 0x0A Val: 0x0001DFC4
In clock cycle: 60422
Register Write to Reg: 0x0B Val: 0x00123000
In clock cycle: 60423
Register Write to Reg: 0x0B Val: 0x0001DFC4
In clock cycle: 60424
Register Write to Reg: 0x0C Val: 0x0054083B
In clock cycle: 61444
Register Write to Reg: 0x0A Val: 0x0055F000
In clock cycle: 61445
Register Write to Reg: 0x0A Val: 0x0001E7C3
In clock cycle: 61446
Register Write to Reg: 0x0B Val: 0x00123000
In clock cycle: 61447
Register Write to Reg: 0x0B Val: 0x0001E7C3
In clock cycle: 61448
Register Write to Reg: 0x0C Val: 0x0054103C
In clock cycle: 62468
Register Write to Reg: 0x0A Val: 0x00560000
In clock cycle: 62469
Register Write to Reg: 0x0A Val: 0x0001EFC2
In clock cycle: 62470
Register Write to Reg: 0x0B Val: 0x00123000
In clock cycle: 62471
Register Write to Reg: 0x0B Val: 0x0001EFC2
In clock cycle: 62472
Register Write to Reg: 0x0C Val: 0x0054183D
In clock cycle: 63492
Register Write to Reg: 0x0A Val: 0x00561000
In clock cycle: 63493
Register Write to Reg: 0x0A Val: 0x0001F7C1
In clock cycle: 63494
Register Write to Reg: 0x0B Val: 0x00123000
In clock cycle: 63495
Register Write to Reg: 0x0B Val: 0x0001F7C1
In clock cycle: 63496
Register Write to Reg: 0x0C Val: 0x0054203E
In clock cycle: 64516
Register Write to Reg: 0x0A Val: 0x00562000
In clock cycle: 64517
Register Write to Reg: 0x0A Val: 0x0001FFC0
In clock cycle: 64518
Register Write to Reg: 0x0B Val: 0x00123000
In clock cycle: 64519
Register Write to Reg: 0x0B Val: 0x0001FFC0
In clock cycle: 64520
Register Write to Reg: 0x0C Val: 0x0054283F
In clock cycle: 65540
Register Write to Reg: 0x0A Val: 0x00563000
In clock cycle: 65541
Register Write to Reg: 0x0A Val: 0x000207BF
In clock cycle: 65542
Register Write to Reg: 0x0B Val: 0x00123000
In clock cycle: 65543
Register Write to Reg: 0x0B Val: 0x000207BF
In clock cycle: 65544
Register Write to Reg: 0x0C Val: 0x00543040
In clock cycle: 66564
Register Write to Reg: 0x0A Val: 0x00564000
In clock cycle: 66565
Register Write to Reg: 0x0A Val: 0x00020FBE
In clock cycle: 66566
Register Write to Reg: 0x0B Val: 0x00123000
In clock cycle: 66567
Register Write to Reg: 0x0B Val: 0x00020FBE
In clock cycle: 66568
Register Write to Reg: 0x0C Val: 0x00543841
In clock cycle: 67588
Register Write to Reg: 0x0A Val: 0x00565000
In clock cycle: 67589
Register Write to Reg: 0x0A Val: 0x000217BD
In clock cycle: 67590
Register Write to Reg: 0x0B Val: 0x00123000
In clock cycle: 67591
Register Write to Reg: 0x0B Val: 0x000217BD
In clock cycle: 67592
Register Write to Reg: 0x0C Val: 0x00544042
In clock cycle: 68612
Register Write to Reg: 0x0A Val: 0x00566000
In clock cycle: 68613
Register Write to Reg: 0x0A Val: 0x00021FBC
In clock cycle: 68614
Register Write to Reg: 0x0B Val: 0x00123000
In clock cycle: 68615
Register Write to Reg: 0x0B Val: 0x00021FBC
In clock cycle: 68616
Register Write to Reg: 0x0C Val: 0x00544843
In clock cycle: 69636
Register Write to Reg: 0x0A Val: 0x00567000
In clock cycle: 69637
Register Write to Reg: 0x0A Val: 0x000227BB
In clock cycle: 69638
Register Write to Reg: 0x0B Val: 0x00123000
In clock cycle: 69639
Register Write to Reg: 0x0B Val: 0x000227BB
In clock cycle: 69640
Register Write to Reg: 0x0C Val: 0x00545044
In clock cycle: 70660
Register Write to Reg: 0x0A Val: 0x00568000
In clock cycle: 70661
Register Write to Reg: 0x0A Val: 0x00022FBA
In clock cycle: 70662
Register Write to Reg: 0x0B Val: 0x00123000
In clock cycle: 70663
Register Write to Reg: 0x0B Val: 0x00022FBA
In clock cycle: 70664
Register Write to Reg: 0x0C Val: 0x00545845
In clock cycle: 71684
Register Write to Reg: 0x0A Val: 0x00569000
In clock cycle: 71685
Register Write to Reg: 0x0A Val: 0x000237B9
In clock cycle: 71686
Register Write to Reg: 0x0B Val: 0x00123000
In clock cycle: 71687
Register Write to Reg: 0x0B Val: 0x000237B9
In clock cycle: 71688
Register Write to Reg: 0x0C Val: 0x00546046
In clock cycle: 72708
Register Write to Reg: 0x0A Val: 0x0056A000
In clock cycle: 72709
Register Write to Reg: 0x0A Val: 0x00023FB8
In clock cycle: 72710
Register Write to Reg: 0x0B Val: 0x00123000
In clock cycle: 72711
Register Write to Reg: 0x0B Val: 0x00023FB8
In clock cycle: 72712
Register Write to Reg: 0x0C Val: 0x00546847
In clock cycle: 73732
Register Write to Reg: 0x0A Val: 0x0056B000
In clock cycle: 73733
Register Write to Reg: 0x0A Val: 0x000247B7
In clock cycle: 73734
Register Write to Reg: 0x0B Val: 0x00123000
In clock cycle: 73735
Register Write to Reg: 0x0B Val: 0x000247B7
In clock cycle: 73736
Register Write to Reg: 0x0C Val: 0x00547048
In clock cycle: 74756
Register Write to Reg: 0x0A Val: 0x0056C000
In clock cycle: 74757
Register Write to Reg: 0x0A Val: 0x00024FB6
In clock cycle: 74758
Register Write to Reg: 0x0B Val: 0x00123000
In clock cycle: 74759
Register Write to Reg: 0x0B Val: 0x00024FB6
In clock cycle: 74760
Register Write to Reg: 0x0C Val: 0x00547849
In clock cycle: 75780
Register Write to Reg: 0x0A Val: 0x0056D000
In clock cycle: 75781
Register Write to Reg: 0x0A Val: 0x000257B5
In clock cycle: 75782
Register Write to Reg: 0x0B Val: 0x00123000
In clock cycle: 75783
Register Write to Reg: 0x0B Val: 0x000257B5
In clock cycle: 75784
Register Write to Reg: 0x0C Val: 0x0054804A
In clock cycle: 76804
Register Write to Reg: 0x0A Val: 0x0056E000
In clock cycle: 76805
Register Write to Reg: 0x0A Val: 0x00025FB4
In clock cycle: 76806
Register Write to Reg: 0x0B Val: 0x00123000
In clock cycle: 76807
Register Write to Reg: 0x0B Val: 0x00025FB4
In clock cycle: 76808
Register Write to Reg: 0x0C Val: 0x0054884B
In clock cycle: 77828
Register Write to Reg: 0x0A Val: 0x0056F000
In clock cycle: 77829
Register Write to Reg: 0x0A Val: 0x000267B3
In clock cycle: 77830
Register Write to Reg: 0x0B Val: 0x00123000
In clock cycle: 77831
Register Write to Reg: 0x0B Val: 0x000267B3
In clock cycle: 77832
Register Write to Reg: 0x0C Val: 0x0054904C
In clock cycle: 78852
Register Write to Reg: 0x0A Val: 0x00570000
In clock cycle: 78853
Register Write to Reg: 0x0A Val: 0x00026FB2
In clock cycle: 78854
Register Write to Reg: 0x0B Val: 0x00123000
In clock cycle: 78855
Register Write to Reg: 0x0B Val: 0x00026FB2
In clock cycle: 78856
Register Write to Reg: 0x0C Val: 0x0054984D
In clock cycle: 79876
Register Write to Reg: 0x0A Val: 0x00571000
In clock cycle: 79877
Register Write to Reg: 0x0A Val: 0x000277B1
In clock cycle: 79878
Register Write to Reg: 0x0B Val: 0x00123000
In clock cycle: 79879
Register Write to Reg: 0x0B Val: 0x000277B1
In clock cycle: 79880
Register Write to Reg: 0x0C Val: 0x0054A04E
In clock cycle: 80900
Register Write to Reg: 0x0A Val: 0x00572000
In clock cycle: 80901
Register Write to Reg: 0x0A Val: 0x00027FB0
In clock cycle: 80902
Register Write to Reg: 0x0B Val: 0x00123000
In clock cycle: 80903
Register Write to Reg: 0x0B Val: 0x00027FB0
In clock cycle: 80904
Register Write to Reg: 0x0C Val: 0x0054A84F
In clock cycle: 81924
Register Write to Reg: 0x0A Val: 0x00573000
In clock cycle: 81925
Register Write to Reg: 0x0A Val: 0x000287AF
In clock cycle: 81926
Register Write to Reg: 0x0B Val: 0x00123000
In clock cycle: 81927
Register Write to Reg: 0x0B Val: 0x000287AF
In clock cycle: 81928
Register Write to Reg: 0x0C Val: 0x0054B050
In clock cycle: 82948
Register Write to Reg: 0x0A Val: 0x00574000
In clock cycle: 82949
Register Write to Reg: 0x0A Val: 0x00028FAE
In clock cycle: 82950
Register Write to Reg: 0x0B Val: 0x00123000
In clock cycle: 82951
Register Write to Reg: 0x0B Val: 0x00028FAE
In clock cycle: 82952
Register Write to Reg: 0x0C Val: 0x0054B851
In clock cycle: 83972
Register Write to Reg: 0x0A Val: 0x00575000
In clock cycle: 83973
Register Write to Reg: 0x0A Val: 0x000297AD
In clock cycle: 83974
Register Write to Reg: 0x0B Val: 0x00123000
In clock cycle: 83975
Register Write to Reg: 0x0B Val: 0x000297AD
In clock cycle: 83976
Register Write to Reg: 0x0C Val: 0x0054C052
In clock cycle: 84996
Register Write to Reg: 0x0A Val: 0x00576000
In clock cycle: 84997
Register Write to Reg: 0x0A Val: 0x00029FAC
In clock cycle: 84998
Register Write to Reg: 0x0B Val: 0x00123000
In clock cycle: 84999
Register Write to Reg: 0x0B Val: 0x00029FAC
In clock cycle: 85000
Register Write to Reg: 0x0C Val: 0x0054C853
In clock cycle: 86020
Register Write to Reg: 0x0A Val: 0x00577000
In clock cycle: 86021
Register Write to Reg: 0x0A Val: 0x0002A7AB
In clock cycle: 86022
Register Write to Reg: 0x0B Val: 0x00123000
In clock cycle: 86023
Register Write to Reg: 0x0B Val: 0x0002A7AB
In clock cycle: 86024
Register Write to Reg: 0x0C Val: 0x0054D054
In clock cycle: 87044
Register Write to Reg: 0x0A Val: 0x00578000
In clock cycle: 87045
Register Write to Reg: 0x0A Val: 0x0002AFAA
In clock cycle: 87046
Register Write to Reg: 0x0B Val: 0x00123000
In clock cycle: 87047
Register Write to Reg: 0x0B Val: 0x0002AFAA
In clock cycle: 87048
Register Write to Reg: 0x0C Val: 0x0054D855
In clock cycle: 88068
Register Write to Reg: 0x0A Val: 0x00579000
In clock cycle: 88069
Register Write to Reg: 0x0A Val: 0x0002B7A9
In clock cycle: 88070
Register Write to Reg: 0x0B Val: 0x00123000
In clock cycle: 88071
Register Write to Reg: 0x0B Val: 0x0002B7A9
In clock cycle: 88072
Register Write to Reg: 0x0C Val: 0x0054E056
In clock cycle: 89092
Register Write to Reg: 0x0A Val: 0x0057A000
In clock cycle: 89093
Register Write to Reg: 0x0A Val: 0x0002BFA8
In clock cycle: 89094
Register Write to Reg: 0x0B Val: 0x00123000
In clock cycle: 89095
Register Write to Reg: 0x0B Val: 0x0002BFA8
In clock cycle: 89096
Register Write to Reg: 0x0C Val: 0x0054E857
In clock cycle: 90116
Register Write to Reg: 0x0A Val: 0x0057B000
In clock cycle: 90117
Register Write to Reg: 0x0A Val: 0x0002C7A7
In clock cycle: 90118
Register Write to Reg: 0x0B Val: 0x00123000
In clock cycle: 90119
Register Write to Reg: 0x0B Val: 0x0002C7A7
In clock cycle: 90120
Register Write to Reg: 0x0C Val: 0x0054F058
In clock cycle: 91140
Register Write to Reg: 0x0A Val: 0x0057C000
In clock cycle: 91141
Register Write to Reg: 0x0A Val: 0x0002CFA6
In clock cycle: 91142
Register Write to Reg: 0x0B Val: 0x00123000
In clock cycle: 91143
Register Write to Reg: 0x0B Val: 0x0002CFA6
In clock cycle: 91144
Register Write to Reg: 0x0C Val: 0x0054F859
In clock cycle: 92164
Register Write to Reg: 0x0A Val: 0x0057D000
In clock cycle: 92165
Register Write to Reg: 0x0A Val: 0x0002D7A5
In clock cycle: 92166
Register Write to Reg: 0x0B Val: 0x00123000
In clock cycle: 92167
Register Write to Reg: 0x0B Val: 0x0002D7A5
In clock cycle: 92168
Register Write to Reg: 0x0C Val: 0x0055005A
In clock cycle: 93188
Register Write to Reg: 0x0A Val: 0x0057E000
In clock cycle: 93189
Register Write to Reg: 0x0A Val: 0x0002DFA4
In clock cycle: 93190
Register Write to Reg: 0x0B Val: 0x00123000
In clock cycle: 93191
Register Write to Reg: 0x0B Val: 0x0002DFA4
In clock cycle: 93192
Register Write to Reg: 0x0C Val: 0x0055085B
In clock cycle: 94212
Register Write to Reg: 0x0A Val: 0x0057F000
In clock cycle: 94213
Register Write to Reg: 0x0A Val: 0x0002E7A3
In clock cycle: 94214
Register Write to Reg: 0x0B Val: 0x00123000
In clock cycle: 94215
Register Write to Reg: 0x0B Val: 0x0002E7A3
In clock cycle: 94216
Register Write to Reg: 0x0C Val: 0x0055105C
In clock cycle: 95236
Register Write to Reg: 0x0A Val: 0x00580000
In clock cycle: 95237
Register Write to Reg: 0x0A Val: 0x0002EFA2
In clock cycle: 95238
Register Write to Reg: 0x0B Val: 0x00123000
In clock cycle: 95239
Register Write to Reg: 0x0B Val: 0x0002EFA2
In clock cycle: 95240
Register Write to Reg: 0x0C Val: 0x0055185D
In clock cycle: 96260
Register Write to Reg: 0x0A Val: 0x00581000
In clock cycle: 96261
Register Write to Reg: 0x0A Val: 0x0002F7A1
In clock cycle: 96262
Register Write to Reg: 0x0B Val: 0x00123000
In clock cycle: 96263
Register Write to Reg: 0x0B Val: 0x0002F7A1
In clock cycle: 96264
Register Write to Reg: 0x0C Val: 0x0055205E
In clock cycle: 97284
Register Write to Reg: 0x0A Val: 0x00582000
In clock cycle: 97285
Register Write to Reg: 0x0A Val: 0x0002FFA0
In clock cycle: 97286
Register Write to Reg: 0x0B Val: 0x00123000
In clock cycle: 97287
Register Write to Reg: 0x0B Val: 0x0002FFA0
In clock cycle: 97288
Register Write to Reg: 0x0C Val: 0x0055285F
In clock cycle: 98308
Register Write to Reg: 0x0A Val: 0x00583000
In clock cycle: 98309
Register Write to Reg: 0x0A Val: 0x0003079F
In clock cycle: 98310
Register Write to Reg: 0x0B Val: 0x00123000
In clock cycle: 98311
Register Write to Reg: 0x0B Val: 0x0003079F
In clock cycle: 98312
Register Write to Reg: 0x0C Val: 0x00553060
In clock cycle: 99332
Register Write to Reg: 0x0A Val: 0x00584000
In clock cycle: 99333
Register Write to Reg: 0x0A Val: 0x00030F9E
In clock cycle: 99334
Register Write to Reg: 0x0B Val: 0x00123000
In clock cycle: 99335
Register Write to Reg: 0x0B Val: 0x00030F9E
In clock cycle: 99336
Register Write to Reg: 0x0C Val: 0x00553861
In clock cycle: 100356
Register Write to Reg: 0x0A Val: 0x00585000
In clock cycle: 100357
Register Write to Reg: 0x0A Val: 0x0003179D
In clock cycle: 100358
Register Write to Reg: 0x0B Val: 0x00123000
In clock cycle: 100359
Register Write to Reg: 0x0B Val: 0x0003179D
In clock cycle: 100360
Register Write to Reg: 0x0C Val: 0x00554062
In clock cycle: 101380
Register Write to Reg: 0x0A Val: 0x00586000
In clock cycle: 101381
Register Write to Reg: 0x0A Val: 0x00031F9C
In clock cycle: 101382
Register Write to Reg: 0x0B Val: 0x00123000
In clock cycle: 101383
Register Write to Reg: 0x0B Val: 0x00031F9C
In clock cycle: 101384
Register Write to Reg: 0x0C Val: 0x00554863
In clock cycle: 102404
Register Write to Reg: 0x0A Val: 0x00587000
In clock cycle: 102405
Register Write to Reg: 0x0A Val: 0x0003279B
In clock cycle: 102406
Register Write to Reg: 0x0B Val: 0x00123000
In clock cycle: 102407
Register Write to Reg: 0x0B Val: 0x0003279B
In clock cycle: 102408
Register Write to Reg: 0x0C Val: 0x00555064
In clock cycle: 103428
Register Write to Reg: 0x0A Val: 0x00588000
In clock cycle: 103429
Register Write to Reg: 0x0A Val: 0x00032F9A
In clock cycle: 103430
Register Write to Reg: 0x0B Val: 0x00123000
In clock cycle: 103431
Register Write to Reg: 0x0B Val: 0x00032F9A
In clock cycle: 103432
Register Write to Reg: 0x0C Val: 0x00555865
In clock cycle: 104452
Register Write to Reg: 0x0A Val: 0x00589000
In clock cycle: 104453
Register Write to Reg: 0x0A Val: 0x00033799
In clock cycle: 104454
Register Write to Reg: 0x0B Val: 0x00123000
In clock cycle: 104455
Register Write to Reg: 0x0B Val: 0x00033799
In clock cycle: 104456
Register Write to Reg: 0x0C Val: 0x00556066
In clock cycle: 105476
Register Write to Reg: 0x0A Val: 0x0058A000
In clock cycle: 105477
Register Write to Reg: 0x0A Val: 0x00033F98
In clock cycle: 105478
Register Write to Reg: 0x0B Val: 0x00123000
In clock cycle: 105479
Register Write to Reg: 0x0B Val: 0x00033F98
In clock cycle: 105480
Register Write to Reg: 0x0C Val: 0x00556867
In clock cycle: 106500
Register Write to Reg: 0x0A Val: 0x0058B000
In clock cycle: 106501
Register Write to Reg: 0x0A Val: 0x00034797
In clock cycle: 106502
Register Write to Reg: 0x0B Val: 0x00123000
In clock cycle: 106503
Register Write to Reg: 0x0B Val: 0x00034797
In clock cycle: 106504
Register Write to Reg: 0x0C Val: 0x00557068
In clock cycle: 107524
Register Write to Reg: 0x0A Val: 0x0058C000
In clock cycle: 107525
Register Write to Reg: 0x0A Val: 0x00034F96
In clock cycle: 107526
Register Write to Reg: 0x0B Val: 0x00123000
In clock cycle: 107527
Register Write to Reg: 0x0B Val: 0x00034F96
In clock cycle: 107528
Register Write to Reg: 0x0C Val: 0x00557869
In clock cycle: 108548
Register Write to Reg: 0x0A Val: 0x0058D000
In clock cycle: 108549
Register Write to Reg: 0x0A Val: 0x00035795
In clock cycle: 108550
Register Write to Reg: 0x0B Val: 0x00123000
In clock cycle: 108551
Register Write to Reg: 0x0B Val: 0x00035795
In clock cycle: 108552
Register Write to Reg: 0x0C Val: 0x0055806A
In clock cycle: 109572
Register Write to Reg: 0x0A Val: 0x0058E000
In clock cycle: 109573
Register Write to Reg: 0x0A Val: 0x00035F94
In clock cycle: 109574
Register Write to Reg: 0x0B Val: 0x00123000
In clock cycle: 109575
Register Write to Reg: 0x0B Val: 0x00035F94
In clock cycle: 109576
Register Write to Reg: 0x0C Val: 0x0055886B
In clock cycle: 110596
Register Write to Reg: 0x0A Val: 0x0058F000
In clock cycle: 110597
Register Write to Reg: 0x0A Val: 0x00036793
In clock cycle: 110598
Register Write to Reg: 0x0B Val: 0x00123000
In clock cycle: 110599
Register Write to Reg: 0x0B Val: 0x00036793
In clock cycle: 110600
Register Write to Reg: 0x0C Val: 0x0055906C
In clock cycle: 111620
Register Write to Reg: 0x0A Val: 0x00590000
In clock cycle: 111621
Register Write to Reg: 0x0A Val: 0x00036F92
In clock cycle: 111622
Register Write to Reg: 0x0B Val: 0x00123000
In clock cycle: 111623
Register Write to Reg: 0x0B Val: 0x00036F92
In clock cycle: 111624
Register Write to Reg: 0x0C Val: 0x0055986D
In clock cycle: 112644
Register Write to Reg: 0x0A Val: 0x00591000
In clock cycle: 112645
Register Write to Reg: 0x0A Val: 0x00037791
In clock cycle: 112646
Register Write to Reg: 0x0B Val: 0x00123000
In clock cycle: 112647
Register Write to Reg: 0x0B Val: 0x00037791
In clock cycle: 112648
Register Write to Reg: 0x0C Val: 0x0055A06E
In clock cycle: 113668
Register Write to Reg: 0x0A Val: 0x00592000
In clock cycle: 113669
Register Write to Reg: 0x0A Val: 0x00037F90
In clock cycle: 113670
Register Write to Reg: 0x0B Val: 0x00123000
In clock cycle: 113671
Register Write to Reg: 0x0B Val: 0x00037F90
In clock cycle: 113672
Register Write to Reg: 0x0C Val: 0x0055A86F
In clock cycle: 114692
Register Write to Reg: 0x0A Val: 0x00593000
In clock cycle: 114693
Register Write to Reg: 0x0A Val: 0x0003878F
In clock cycle: 114694
Register Write to Reg: 0x0B Val: 0x00123000
In clock cycle: 114695
Register Write to Reg: 0x0B Val: 0x0003878F
In clock cycle: 114696
Register Write to Reg: 0x0C Val: 0x0055B070
In clock cycle: 115716
Register Write to Reg: 0x0A Val: 0x00594000
In clock cycle: 115717
Register Write to Reg: 0x0A Val: 0x00038F8E
In clock cycle: 115718
Register Write to Reg: 0x0B Val: 0x00123000
In clock cycle: 115719
Register Write to Reg: 0x0B Val: 0x00038F8E
In clock cycle: 115720
Register Write to Reg: 0x0C Val: 0x0055B871
In clock cycle: 116740
Register Write to Reg: 0x0A Val: 0x00595000
In clock cycle: 116741
Register Write to Reg: 0x0A Val: 0x0003978D
In clock cycle: 116742
Register Write to Reg: 0x0B Val: 0x00123000
In clock cycle: 116743
Register Write to Reg: 0x0B Val: 0x0003978D
In clock cycle: 116744
Register Write to Reg: 0x0C Val: 0x0055C072
In clock cycle: 117764
Register Write to Reg: 0x0A Val: 0x00596000
In clock cycle: 117765
Register Write to Reg: 0x0A Val: 0x00039F8C
In clock cycle: 117766
Register Write to Reg: 0x0B Val: 0x00123000
In clock cycle: 117767
Register Write to Reg: 0x0B Val: 0x00039F8C
In clock cycle: 117768
Register Write to Reg: 0x0C Val: 0x0055C873
In clock cycle: 118788
Register Write to Reg: 0x0A Val: 0x00597000
In clock cycle: 118789
Register Write to Reg: 0x0A Val: 0x0003A78B
In clock cycle: 118790
Register Write to Reg: 0x0B Val: 0x00123000
In clock cycle: 118791
Register Write to Reg: 0x0B Val: 0x0003A78B
In clock cycle: 118792
Register Write to Reg: 0x0C Val: 0x0055D074
In clock cycle: 119812
Register Write to Reg: 0x0A Val: 0x00598000
In clock cycle: 119813
Register Write to Reg: 0x0A Val: 0x0003AF8A
In clock cycle: 119814
Register Write to Reg: 0x0B Val: 0x00123000
In clock cycle: 119815
Register Write to Reg: 0x0B Val: 0x0003AF8A
In clock cycle: 119816
Register Write to Reg: 0x0C Val: 0x0055D875
In clock cycle: 120836
Register Write to Reg: 0x0A Val: 0x00599000
In clock cycle: 120837
Register Write to Reg: 0x0A Val: 0x0003B789
In clock cycle: 120838
Register Write to Reg: 0x0B Val: 0x00123000
In clock cycle: 120839
Register Write to Reg: 0x0B Val: 0x0003B789
In clock cycle: 120840
Register Write to Reg: 0x0C Val: 0x0055E076
In clock cycle: 121860
Register Write to Reg: 0x0A Val: 0x0059A000
In clock cycle: 121861
Register Write to Reg: 0x0A Val: 0x0003BF88
In clock cycle: 121862
Register Write to Reg: 0x0B Val: 0x00123000
In clock cycle: 121863
Register Write to Reg: 0x0B Val: 0x0003BF88
In clock cycle: 121864
Register Write to Reg: 0x0C Val: 0x0055E877
In clock cycle: 122884
Register Write to Reg: 0x0A Val: 0x0059B000
In clock cycle: 122885
Register Write to Reg: 0x0A Val: 0x0003C787
In clock cycle: 122886
Register Write to Reg: 0x0B Val: 0x00123000
In clock cycle: 122887
Register Write to Reg: 0x0B Val: 0x0003C787
In clock cycle: 122888
Register Write to Reg: 0x0C Val: 0x0055F078
In clock cycle: 123908
Register Write to Reg: 0x0A Val: 0x0059C000
In clock cycle: 123909
Register Write to Reg: 0x0A Val: 0x0003CF86
In clock cycle: 123910
Register Write to Reg: 0x0B Val: 0x00123000
In clock cycle: 123911
Register Write to Reg: 0x0B Val: 0x0003CF86
In clock cycle: 123912
Register Write to Reg: 0x0C Val: 0x0055F879
In clock cycle: 124932
Register Write to Reg: 0x0A Val: 0x0059D000
In clock cycle: 124933
Register Write to Reg: 0x0A Val: 0x0003D785
In clock cycle: 124934
Register Write to Reg: 0x0B Val: 0x00123000
In clock cycle: 124935
Register Write to Reg: 0x0B Val: 0x0003D785
In clock cycle: 124936
Register Write to Reg: 0x0C Val: 0x0056007A
In clock cycle: 125956
Register Write to Reg: 0x0A Val: 0x0059E000
In clock cycle: 125957
Register Write to Reg: 0x0A Val: 0x0003DF84
In clock cycle: 125958
Register Write to Reg: 0x0B Val: 0x00123000
In clock cycle: 125959
Register Write to Reg: 0x0B Val: 0x0003DF84
In clock cycle: 125960
Register Write to Reg: 0x0C Val: 0x0056087B
In clock cycle: 126980
Register Write to Reg: 0x0A Val: 0x0059F000
In clock cycle: 126981
Register Write to Reg: 0x0A Val: 0x0003E783
In clock cycle: 126982
Register Write to Reg: 0x0B Val: 0x00123000
In clock cycle: 126983
Register Write to Reg: 0x0B Val: 0x0003E783
In clock cycle: 126984
Register Write to Reg: 0x0C Val: 0x0056107C
In clock cycle: 128004
Register Write to Reg: 0x0A Val: 0x005A0000
In clock cycle: 128005
Register Write to Reg: 0x0A Val: 0x0003EF82
In clock cycle: 128006
Register Write to Reg: 0x0B Val: 0x00123000
In clock cycle: 128007
Register Write to Reg: 0x0B Val: 0x0003EF82
In clock cycle: 128008
Register Write to Reg: 0x0C Val: 0x0056187D
In clock cycle: 129028
Register Write to Reg: 0x0A Val: 0x005A1000
In clock cycle: 129029
Register Write to Reg: 0x0A Val: 0x0003F781
In clock cycle: 129030
Register Write to Reg: 0x0B Val: 0x00123000
In clock cycle: 129031
Register Write to Reg: 0x0B Val: 0x0003F781
In clock cycle: 129032
Register Write to Reg: 0x0C Val: 0x0056207E
In clock cycle: 130052
Register Write to Reg: 0x0A Val: 0x005A2000
In clock cycle: 130053
Register Write to Reg: 0x0A Val: 0x0003FF80
In clock cycle: 130054
Register Write to Reg: 0x0B Val: 0x00123000
In clock cycle: 130055
Register Write to Reg: 0x0B Val: 0x0003FF80
In clock cycle: 130056
Register Write to Reg: 0x0C Val: 0x0056287F
In clock cycle: 131076
Register Write to Reg: 0x0A Val: 0x005A3000
In clock cycle: 131077
Register Write to Reg: 0x0A Val: 0x0004077F
In clock cycle: 131078
Register Write to Reg: 0x0B Val: 0x00123000
In clock cycle: 131079
Register Write to Reg: 0x0B Val: 0x0004077F
In clock cycle: 131080
Register Write to Reg: 0x0C Val: 0x00563080
In clock cycle: 132100
Register Write to Reg: 0x0A Val: 0x005A4000
In clock cycle: 132101
Register Write to Reg: 0x0A Val: 0x00040F7E
In clock cycle: 132102
Register Write to Reg: 0x0B Val: 0x00123000
In clock cycle: 132103
Register Write to Reg: 0x0B Val: 0x00040F7E
In clock cycle: 132104
Register Write to Reg: 0x0C Val: 0x00563881
In clock cycle: 133124
Register Write to Reg: 0x0A Val: 0x005A5000
In clock cycle: 133125
Register Write to Reg: 0x0A Val: 0x0004177D
In clock cycle: 133126
Register Write to Reg: 0x0B Val: 0x00123000
In clock cycle: 133127
Register Write to Reg: 0x0B Val: 0x0004177D
In clock cycle: 133128
Register Write to Reg: 0x0C Val: 0x00564082
In clock cycle: 134148
Register Write to Reg: 0x0A Val: 0x005A6000
In clock cycle: 134149
Register Write to Reg: 0x0A Val: 0x00041F7C
In clock cycle: 134150
Register Write to Reg: 0x0B Val: 0x00123000
In clock cycle: 134151
Register Write to Reg: 0x0B Val: 0x00041F7C
In clock cycle: 134152
Register Write to Reg: 0x0C Val: 0x00564883
In clock cycle: 135172
Register Write to Reg: 0x0A Val: 0x005A7000
In clock cycle: 135173
Register Write to Reg: 0x0A Val: 0x0004277B
In clock cycle: 135174
Register Write to Reg: 0x0B Val: 0x00123000
In clock cycle: 135175
Register Write to Reg: 0x0B Val: 0x0004277B
In clock cycle: 135176
Register Write to Reg: 0x0C Val: 0x00565084
In clock cycle: 136196
Register Write to Reg: 0x0A Val: 0x005A8000
In clock cycle: 136197
Register Write to Reg: 0x0A Val: 0x00042F7A
In clock cycle: 136198
Register Write to Reg: 0x0B Val: 0x00123000
In clock cycle: 136199
Register Write to Reg: 0x0B Val: 0x00042F7A
In clock cycle: 136200
Register Write to Reg: 0x0C Val: 0x00565885
In clock cycle: 137220
Register Write to Reg: 0x0A Val: 0x005A9000
In clock cycle: 137221
Register Write to Reg: 0x0A Val: 0x00043779
In clock cycle: 137222
Register Write to Reg: 0x0B Val: 0x00123000
In clock cycle: 137223
Register Write to Reg: 0x0B Val: 0x00043779
In clock cycle: 137224
Register Write to Reg: 0x0C Val: 0x00566086
In clock cycle: 138244
Register Write to Reg: 0x0A Val: 0x005AA000
In clock cycle: 138245
Register Write to Reg: 0x0A Val: 0x00043F78
In clock cycle: 138246
Register Write to Reg: 0x0B Val: 0x00123000
In clock cycle: 138247
Register Write to Reg: 0x0B Val: 0x00043F78
In clock cycle: 138248
Register Write to Reg: 0x0C Val: 0x00566887
In clock cycle: 139268
Register Write to Reg: 0x0A Val: 0x005AB000
In clock cycle: 139269
Register Write to Reg: 0x0A Val: 0x00044777
In clock cycle: 139270
Register Write to Reg: 0x0B Val: 0x00123000
In clock cycle: 139271
Register Write to Reg: 0x0B Val: 0x00044777
In clock cycle: 139272
Register Write to Reg: 0x0C Val: 0x00567088
In clock cycle: 140292
Register Write to Reg: 0x0A Val: 0x005AC000
In clock cycle: 140293
Register Write to Reg: 0x0A Val: 0x00044F76
In clock cycle: 140294
Register Write to Reg: 0x0B Val: 0x00123000
In clock cycle: 140295
Register Write to Reg: 0x0B Val: 0x00044F76
In clock cycle: 140296
Register Write to Reg: 0x0C Val: 0x00567889
In clock cycle: 141316
Register Write to Reg: 0x0A Val: 0x005AD000
In clock cycle: 141317
Register Write to Reg: 0x0A Val: 0x00045775
In clock cycle: 141318
Register Write to Reg: 0x0B Val: 0x00123000
In clock cycle: 141319
Register Write to Reg: 0x0B Val: 0x00045775
In clock cycle: 141320
Register Write to Reg: 0x0C Val: 0x0056808A
In clock cycle: 142340
Register Write to Reg: 0x0A Val: 0x005AE000
In clock cycle: 142341
Register Write to Reg: 0x0A Val: 0x00045F74
In clock cycle: 142342
Register Write to Reg: 0x0B Val: 0x00123000
In clock cycle: 142343
Register Write to Reg: 0x0B Val: 0x00045F74
In clock cycle: 142344
Register Write to Reg: 0x0C Val: 0x0056888B
In clock cycle: 143364
Register Write to Reg: 0x0A Val: 0x005AF000
In clock cycle: 143365
Register Write to Reg: 0x0A Val: 0x00046773
In clock cycle: 143366
Register Write to Reg: 0x0B Val: 0x00123000
In clock cycle: 143367
Register Write to Reg: 0x0B Val: 0x00046773
In clock cycle: 143368
Register Write to Reg: 0x0C Val: 0x0056908C
In clock cycle: 144388
Register Write to Reg: 0x0A Val: 0x005B0000
In clock cycle: 144389
Register Write to Reg: 0x0A Val: 0x00046F72
In clock cycle: 144390
Register Write to Reg: 0x0B Val: 0x00123000
In clock cycle: 144391
Register Write to Reg: 0x0B Val: 0x00046F72
In clock cycle: 144392
Register Write to Reg: 0x0C Val: 0x0056988D
In clock cycle: 145412
Register Write to Reg: 0x0A Val: 0x005B1000
In clock cycle: 145413
Register Write to Reg: 0x0A Val: 0x00047771
In clock cycle: 145414
Register Write to Reg: 0x0B Val: 0x00123000
In clock cycle: 145415
Register Write to Reg: 0x0B Val: 0x00047771
In clock cycle: 145416
Register Write to Reg: 0x0C Val: 0x0056A08E
In clock cycle: 146436
Register Write to Reg: 0x0A Val: 0x005B2000
In clock cycle: 146437
Register Write to Reg: 0x0A Val: 0x00047F70
In clock cycle: 146438
Register Write to Reg: 0x0B Val: 0x00123000
In clock cycle: 146439
Register Write to Reg: 0x0B Val: 0x00047F70
In clock cycle: 146440
Register Write to Reg: 0x0C Val: 0x0056A88F
In clock cycle: 147460
Register Write to Reg: 0x0A Val: 0x005B3000
In clock cycle: 147461
Register Write to Reg: 0x0A Val: 0x0004876F
In clock cycle: 147462
Register Write to Reg: 0x0B Val: 0x00123000
In clock cycle: 147463
Register Write to Reg: 0x0B Val: 0x0004876F
In clock cycle: 147464
Register Write to Reg: 0x0C Val: 0x0056B090
In clock cycle: 148484
Register Write to Reg: 0x0A Val: 0x005B4000
In clock cycle: 148485
Register Write to Reg: 0x0A Val: 0x00048F6E
In clock cycle: 148486
Register Write to Reg: 0x0B Val: 0x00123000
In clock cycle: 148487
Register Write to Reg: 0x0B Val: 0x00048F6E
In clock cycle: 148488
Register Write to Reg: 0x0C Val: 0x0056B891
In clock cycle: 149508
Register Write to Reg: 0x0A Val: 0x005B5000
In clock cycle: 149509
Register Write to Reg: 0x0A Val: 0x0004976D
In clock cycle: 149510
Register Write to Reg: 0x0B Val: 0x00123000
In clock cycle: 149511
Register Write to Reg: 0x0B Val: 0x0004976D
In clock cycle: 149512
Register Write to Reg: 0x0C Val: 0x0056C092
In clock cycle: 150532
Register Write to Reg: 0x0A Val: 0x005B6000
In clock cycle: 150533
Register Write to Reg: 0x0A Val: 0x00049F6C
In clock cycle: 150534
Register Write to Reg: 0x0B Val: 0x00123000
In clock cycle: 150535
Register Write to Reg: 0x0B Val: 0x00049F6C
In clock cycle: 150536
Register Write to Reg: 0x0C Val: 0x0056C893
In clock cycle: 151556
Register Write to Reg: 0x0A Val: 0x005B7000
In clock cycle: 151557
Register Write to Reg: 0x0A Val: 0x0004A76B
In clock cycle: 151558
Register Write to Reg: 0x0B Val: 0x00123000
In clock cycle: 151559
Register Write to Reg: 0x0B Val: 0x0004A76B
In clock cycle: 151560
Register Write to Reg: 0x0C Val: 0x0056D094
In clock cycle: 152580
Register Write to Reg: 0x0A Val: 0x005B8000
In clock cycle: 152581
Register Write to Reg: 0x0A Val: 0x0004AF6A
In clock cycle: 152582
Register Write to Reg: 0x0B Val: 0x00123000
In clock cycle: 152583
Register Write to Reg: 0x0B Val: 0x0004AF6A
In clock cycle: 152584
Register Write to Reg: 0x0C Val: 0x0056D895
In clock cycle: 153604
Register Write to Reg: 0x0A Val: 0x005B9000
In clock cycle: 153605
Register Write to Reg: 0x0A Val: 0x0004B769
In clock cycle: 153606
Register Write to Reg: 0x0B Val: 0x00123000
In clock cycle: 153607
Register Write to Reg: 0x0B Val: 0x0004B769
In clock cycle: 153608
Register Write to Reg: 0x0C Val: 0x0056E096
In clock cycle: 154628
Register Write to Reg: 0x0A Val: 0x005BA000
In clock cycle: 154629
Register Write to Reg: 0x0A Val: 0x0004BF68
In clock cycle: 154630
Register Write to Reg: 0x0B Val: 0x00123000
In clock cycle: 154631
Register Write to Reg: 0x0B Val: 0x0004BF68
In clock cycle: 154632
Register Write to Reg: 0x0C Val: 0x0056E897
In clock cycle: 155652
Register Write to Reg: 0x0A Val: 0x005BB000
In clock cycle: 155653
Register Write to Reg: 0x0A Val: 0x0004C767
In clock cycle: 155654
Register Write to Reg: 0x0B Val: 0x00123000
In clock cycle: 155655
Register Write to Reg: 0x0B Val: 0x0004C767
In clock cycle: 155656
Register Write to Reg: 0x0C Val: 0x0056F098
In clock cycle: 156676
Register Write to Reg: 0x0A Val: 0x005BC000
In clock cycle: 156677
Register Write to Reg: 0x0A Val: 0x0004CF66
In clock cycle: 156678
Register Write to Reg: 0x0B Val: 0x00123000
In clock cycle: 156679
Register Write to Reg: 0x0B Val: 0x0004CF66
In clock cycle: 156680
Register Write to Reg: 0x0C Val: 0x0056F899
In clock cycle: 157700
Register Write to Reg: 0x0A Val: 0x005BD000
In clock cycle: 157701
Register Write to Reg: 0x0A Val: 0x0004D765
In clock cycle: 157702
Register Write to Reg: 0x0B Val: 0x00123000
In clock cycle: 157703
Register Write to Reg: 0x0B Val: 0x0004D765
In clock cycle: 157704
Register Write to Reg: 0x0C Val: 0x0057009A
In clock cycle: 158724
Register Write to Reg: 0x0A Val: 0x005BE000
In clock cycle: 158725
Register Write to Reg: 0x0A Val: 0x0004DF64
In clock cycle: 158726
Register Write to Reg: 0x0B Val: 0x00123000
In clock cycle: 158727
Register Write to Reg: 0x0B Val: 0x0004DF64
In clock cycle: 158728
Register Write to Reg: 0x0C Val: 0x0057089B
In clock cycle: 159748
Register Write to Reg: 0x0A Val: 0x005BF000
In clock cycle: 159749
Register Write to Reg: 0x0A Val: 0x0004E763
In clock cycle: 159750
Register Write to Reg: 0x0B Val: 0x00123000
In clock cycle: 159751
Register Write to Reg: 0x0B Val: 0x0004E763
In clock cycle: 159752
Register Write to Reg: 0x0C Val: 0x0057109C
In clock cycle: 160772
Register Write to Reg: 0x0A Val: 0x005C0000
In clock cycle: 160773
Register Write to Reg: 0x0A Val: 0x0004EF62
In clock cycle: 160774
Register Write to Reg: 0x0B Val: 0x00123000
In clock cycle: 160775
Register Write to Reg: 0x0B Val: 0x0004EF62
In clock cycle: 160776
Register Write to Reg: 0x0C Val: 0x0057189D
In clock cycle: 161796
Register Write to Reg: 0x0A Val: 0x005C1000
In clock cycle: 161797
Register Write to Reg: 0x0A Val: 0x0004F761
In clock cycle: 161798
Register Write to Reg: 0x0B Val: 0x00123000
In clock cycle: 161799
Register Write to Reg: 0x0B Val: 0x0004F761
In clock cycle: 161800
Register Write to Reg: 0x0C Val: 0x0057209E
In clock cycle: 162820
Register Write to Reg: 0x0A Val: 0x005C2000
In clock cycle: 162821
Register Write to Reg: 0x0A Val: 0x0004FF60
In clock cycle: 162822
Register Write to Reg: 0x0B Val: 0x00123000
In clock cycle: 162823
Register Write to Reg: 0x0B Val: 0x0004FF60
In clock cycle: 162824
Register Write to Reg: 0x0C Val: 0x0057289F
In clock cycle: 163844
Register Write to Reg: 0x0A Val: 0x005C3000
In clock cycle: 163845
Register Write to Reg: 0x0A Val: 0x0005075F
In clock cycle: 163846
Register Write to Reg: 0x0B Val: 0x00123000
In clock cycle: 163847
Register Write to Reg: 0x0B Val: 0x0005075F
In clock cycle: 163848
Register Write to Reg: 0x0C Val: 0x005730A0
In clock cycle: 164868
Register Write to Reg: 0x0A Val: 0x005C4000
In clock cycle: 164869
Register Write to Reg: 0x0A Val: 0x00050F5E
In clock cycle: 164870
Register Write to Reg: 0x0B Val: 0x00123000
In clock cycle: 164871
Register Write to Reg: 0x0B Val: 0x00050F5E
In clock cycle: 164872
Register Write to Reg: 0x0C Val: 0x005738A1
In clock cycle: 165892
Register Write to Reg: 0x0A Val: 0x005C5000
In clock cycle: 165893
Register Write to Reg: 0x0A Val: 0x0005175D
In clock cycle: 165894
Register Write to Reg: 0x0B Val: 0x00123000
In clock cycle: 165895
Register Write to Reg: 0x0B Val: 0x0005175D
In clock cycle: 165896
Register Write to Reg: 0x0C Val: 0x005740A2
In clock cycle: 166916
Register Write to Reg: 0x0A Val: 0x005C6000
In clock cycle: 166917
Register Write to Reg: 0x0A Val: 0x00051F5C
In clock cycle: 166918
Register Write to Reg: 0x0B Val: 0x00123000
In clock cycle: 166919
Register Write to Reg: 0x0B Val: 0x00051F5C
In clock cycle: 166920
Register Write to Reg: 0x0C Val: 0x005748A3
In clock cycle: 167940
Register Write to Reg: 0x0A Val: 0x005C7000
In clock cycle: 167941
Register Write to Reg: 0x0A Val: 0x0005275B
In clock cycle: 167942
Register Write to Reg: 0x0B Val: 0x00123000
In clock cycle: 167943
Register Write to Reg: 0x0B Val: 0x0005275B
In clock cycle: 167944
Register Write to Reg: 0x0C Val: 0x005750A4
In clock cycle: 168964
Register Write to Reg: 0x0A Val: 0x005C8000
In clock cycle: 168965
Register Write to Reg: 0x0A Val: 0x00052F5A
In clock cycle: 168966
Register Write to Reg: 0x0B Val: 0x00123000
In clock cycle: 168967
Register Write to Reg: 0x0B Val: 0x00052F5A
In clock cycle: 168968
Register Write to Reg: 0x0C Val: 0x005758A5
In clock cycle: 169988
Register Write to Reg: 0x0A Val: 0x005C9000
In clock cycle: 169989
Register Write to Reg: 0x0A Val: 0x00053759
In clock cycle: 169990
Register Write to Reg: 0x0B Val: 0x00123000
In clock cycle: 169991
Register Write to Reg: 0x0B Val: 0x00053759
In clock cycle: 169992
Register Write to Reg: 0x0C Val: 0x005760A6
In clock cycle: 171012
Register Write to Reg: 0x0A Val: 0x005CA000
In clock cycle: 171013
Register Write to Reg: 0x0A Val: 0x00053F58
In clock cycle: 171014
Register Write to Reg: 0x0B Val: 0x00123000
In clock cycle: 171015
Register Write to Reg: 0x0B Val: 0x00053F58
In clock cycle: 171016
Register Write to Reg: 0x0C Val: 0x005768A7
In clock cycle: 172036
Register Write to Reg: 0x0A Val: 0x005CB000
In clock cycle: 172037
Register Write to Reg: 0x0A Val: 0x00054757
In clock cycle: 172038
Register Write to Reg: 0x0B Val: 0x00123000
In clock cycle: 172039
Register Write to Reg: 0x0B Val: 0x00054757
In clock cycle: 172040
Register Write to Reg: 0x0C Val: 0x005770A8
In clock cycle: 173060
Register Write to Reg: 0x0A Val: 0x005CC000
In clock cycle: 173061
Register Write to Reg: 0x0A Val: 0x00054F56
In clock cycle: 173062
Register Write to Reg: 0x0B Val: 0x00123000
In clock cycle: 173063
Register Write to Reg: 0x0B Val: 0x00054F56
In clock cycle: 173064
Register Write to Reg: 0x0C Val: 0x005778A9
In clock cycle: 174084
Register Write to Reg: 0x0A Val: 0x005CD000
In clock cycle: 174085
Register Write to Reg: 0x0A Val: 0x00055755
In clock cycle: 174086
Register Write to Reg: 0x0B Val: 0x00123000
In clock cycle: 174087
Register Write to Reg: 0x0B Val: 0x00055755
In clock cycle: 174088
Register Write to Reg: 0x0C Val: 0x005780AA
In clock cycle: 175108
Register Write to Reg: 0x0A Val: 0x005CE000
In clock cycle: 175109
Register Write to Reg: 0x0A Val: 0x00055F54
In clock cycle: 175110
Register Write to Reg: 0x0B Val: 0x00123000
In clock cycle: 175111
Register Write to Reg: 0x0B Val: 0x00055F54
In clock cycle: 175112
Register Write to Reg: 0x0C Val: 0x005788AB
In clock cycle: 176132
Register Write to Reg: 0x0A Val: 0x005CF000
In clock cycle: 176133
Register Write to Reg: 0x0A Val: 0x00056753
In clock cycle: 176134
Register Write to Reg: 0x0B Val: 0x00123000
In clock cycle: 176135
Register Write to Reg: 0x0B Val: 0x00056753
In clock cycle: 176136
Register Write to Reg: 0x0C Val: 0x005790AC
In clock cycle: 177156
Register Write to Reg: 0x0A Val: 0x005D0000
In clock cycle: 177157
Register Write to Reg: 0x0A Val: 0x00056F52
In clock cycle: 177158
Register Write to Reg: 0x0B Val: 0x00123000
In clock cycle: 177159
Register Write to Reg: 0x0B Val: 0x00056F52
In clock cycle: 177160
Register Write to Reg: 0x0C Val: 0x005798AD
In clock cycle: 178180
Register Write to Reg: 0x0A Val: 0x005D1000
In clock cycle: 178181
Register Write to Reg: 0x0A Val: 0x00057751
In clock cycle: 178182
Register Write to Reg: 0x0B Val: 0x00123000
In clock cycle: 178183
Register Write to Reg: 0x0B Val: 0x00057751
In clock cycle: 178184
Register Write to Reg: 0x0C Val: 0x0057A0AE
In clock cycle: 179204
Register Write to Reg: 0x0A Val: 0x005D2000
In clock cycle: 179205
Register Write to Reg: 0x0A Val: 0x00057F50
In clock cycle: 179206
Register Write to Reg: 0x0B Val: 0x00123000
In clock cycle: 179207
Register Write to Reg: 0x0B Val: 0x00057F50
In clock cycle: 179208
Register Write to Reg: 0x0C Val: 0x0057A8AF
In clock cycle: 180228
Register Write to Reg: 0x0A Val: 0x005D3000
In clock cycle: 180229
Register Write to Reg: 0x0A Val: 0x0005874F
In clock cycle: 180230
Register Write to Reg: 0x0B Val: 0x00123000
In clock cycle: 180231
Register Write to Reg: 0x0B Val: 0x0005874F
In clock cycle: 180232
Register Write to Reg: 0x0C Val: 0x0057B0B0
In clock cycle: 181252
Register Write to Reg: 0x0A Val: 0x005D4000
In clock cycle: 181253
Register Write to Reg: 0x0A Val: 0x00058F4E
In clock cycle: 181254
Register Write to Reg: 0x0B Val: 0x00123000
In clock cycle: 181255
Register Write to Reg: 0x0B Val: 0x00058F4E
In clock cycle: 181256
Register Write to Reg: 0x0C Val: 0x0057B8B1
In clock cycle: 182276
Register Write to Reg: 0x0A Val: 0x005D5000
In clock cycle: 182277
Register Write to Reg: 0x0A Val: 0x0005974D
In clock cycle: 182278
Register Write to Reg: 0x0B Val: 0x00123000
In clock cycle: 182279
Register Write to Reg: 0x0B Val: 0x0005974D
In clock cycle: 182280
Register Write to Reg: 0x0C Val: 0x0057C0B2
In clock cycle: 183300
Register Write to Reg: 0x0A Val: 0x005D6000
In clock cycle: 183301
Register Write to Reg: 0x0A Val: 0x00059F4C
In clock cycle: 183302
Register Write to Reg: 0x0B Val: 0x00123000
In clock cycle: 183303
Register Write to Reg: 0x0B Val: 0x00059F4C
In clock cycle: 183304
Register Write to Reg: 0x0C Val: 0x0057C8B3
In clock cycle: 184324
Register Write to Reg: 0x0A Val: 0x005D7000
In clock cycle: 184325
Register Write to Reg: 0x0A Val: 0x0005A74B
In clock cycle: 184326
Register Write to Reg: 0x0B Val: 0x00123000
In clock cycle: 184327
Register Write to Reg: 0x0B Val: 0x0005A74B
In clock cycle: 184328
Register Write to Reg: 0x0C Val: 0x0057D0B4
In clock cycle: 185348
Register Write to Reg: 0x0A Val: 0x005D8000
In clock cycle: 185349
Register Write to Reg: 0x0A Val: 0x0005AF4A
In clock cycle: 185350
Register Write to Reg: 0x0B Val: 0x00123000
In clock cycle: 185351
Register Write to Reg: 0x0B Val: 0x0005AF4A
In clock cycle: 185352
Register Write to Reg: 0x0C Val: 0x0057D8B5
In clock cycle: 186372
Register Write to Reg: 0x0A Val: 0x005D9000
In clock cycle: 186373
Register Write to Reg: 0x0A Val: 0x0005B749
In clock cycle: 186374
Register Write to Reg: 0x0B Val: 0x00123000
In clock cycle: 186375
Register Write to Reg: 0x0B Val: 0x0005B749
In clock cycle: 186376
Register Write to Reg: 0x0C Val: 0x0057E0B6
In clock cycle: 187396
Register Write to Reg: 0x0A Val: 0x005DA000
In clock cycle: 187397
Register Write to Reg: 0x0A Val: 0x0005BF48
In clock cycle: 187398
Register Write to Reg: 0x0B Val: 0x00123000
In clock cycle: 187399
Register Write to Reg: 0x0B Val: 0x0005BF48
In clock cycle: 187400
Register Write to Reg: 0x0C Val: 0x0057E8B7
In clock cycle: 188420
Register Write to Reg: 0x0A Val: 0x005DB000
In clock cycle: 188421
Register Write to Reg: 0x0A Val: 0x0005C747
In clock cycle: 188422
Register Write to Reg: 0x0B Val: 0x00123000
In clock cycle: 188423
Register Write to Reg: 0x0B Val: 0x0005C747
In clock cycle: 188424
Register Write to Reg: 0x0C Val: 0x0057F0B8
In clock cycle: 189444
Register Write to Reg: 0x0A Val: 0x005DC000
In clock cycle: 189445
Register Write to Reg: 0x0A Val: 0x0005CF46
In clock cycle: 189446
Register Write to Reg: 0x0B Val: 0x00123000
In clock cycle: 189447
Register Write to Reg: 0x0B Val: 0x0005CF46
In clock cycle: 189448
Register Write to Reg: 0x0C Val: 0x0057F8B9
In clock cycle: 190468
Register Write to Reg: 0x0A Val: 0x005DD000
In clock cycle: 190469
Register Write to Reg: 0x0A Val: 0x0005D745
In clock cycle: 190470
Register Write to Reg: 0x0B Val: 0x00123000
In clock cycle: 190471
Register Write to Reg: 0x0B Val: 0x0005D745
In clock cycle: 190472
Register Write to Reg: 0x0C Val: 0x005800BA
In clock cycle: 191492
Register Write to Reg: 0x0A Val: 0x005DE000
In clock cycle: 191493
Register Write to Reg: 0x0A Val: 0x0005DF44
In clock cycle: 191494
Register Write to Reg: 0x0B Val: 0x00123000
In clock cycle: 191495
Register Write to Reg: 0x0B Val: 0x0005DF44
In clock cycle: 191496
Register Write to Reg: 0x0C Val: 0x005808BB
In clock cycle: 192516
Register Write to Reg: 0x0A Val: 0x005DF000
In clock cycle: 192517
Register Write to Reg: 0x0A Val: 0x0005E743
In clock cycle: 192518
Register Write to Reg: 0x0B Val: 0x00123000
In clock cycle: 192519
Register Write to Reg: 0x0B Val: 0x0005E743
In clock cycle: 192520
Register Write to Reg: 0x0C Val: 0x005810BC
In clock cycle: 193540
Register Write to Reg: 0x0A Val: 0x005E0000
In clock cycle: 193541
Register Write to Reg: 0x0A Val: 0x0005EF42
In clock cycle: 193542
Register Write to Reg: 0x0B Val: 0x00123000
In clock cycle: 193543
Register Write to Reg: 0x0B Val: 0x0005EF42
In clock cycle: 193544
Register Write to Reg: 0x0C Val: 0x005818BD
In clock cycle: 194564
Register Write to Reg: 0x0A Val: 0x005E1000
In clock cycle: 194565
Register Write to Reg: 0x0A Val: 0x0005F741
In clock cycle: 194566
Register Write to Reg: 0x0B Val: 0x00123000
In clock cycle: 194567
Register Write to Reg: 0x0B Val: 0x0005F741
In clock cycle: 194568
Register Write to Reg: 0x0C Val: 0x005820BE
In clock cycle: 195588
Register Write to Reg: 0x0A Val: 0x005E2000
In clock cycle: 195589
Register Write to Reg: 0x0A Val: 0x0005FF40
In clock cycle: 195590
Register Write to Reg: 0x0B Val: 0x00123000
In clock cycle: 195591
Register Write to Reg: 0x0B Val: 0x0005FF40
In clock cycle: 195592
Register Write to Reg: 0x0C Val: 0x005828BF
In clock cycle: 196612
Register Write to Reg: 0x0A Val: 0x005E3000
In clock cycle: 196613
Register Write to Reg: 0x0A Val: 0x0006073F
In clock cycle: 196614
Register Write to Reg: 0x0B Val: 0x00123000
In clock cycle: 196615
Register Write to Reg: 0x0B Val: 0x0006073F
In clock cycle: 196616
Register Write to Reg: 0x0C Val: 0x005830C0
In clock cycle: 197636
Register Write to Reg: 0x0A Val: 0x005E4000
In clock cycle: 197637
Register Write to Reg: 0x0A Val: 0x00060F3E
In clock cycle: 197638
Register Write to Reg: 0x0B Val: 0x00123000
In clock cycle: 197639
Register Write to Reg: 0x0B Val: 0x00060F3E
In clock cycle: 197640
Register Write to Reg: 0x0C Val: 0x005838C1
In clock cycle: 198660
Register Write to Reg: 0x0A Val: 0x005E5000
In clock cycle: 198661
Register Write to Reg: 0x0A Val: 0x0006173D
In clock cycle: 198662
Register Write to Reg: 0x0B Val: 0x00123000
In clock cycle: 198663
Register Write to Reg: 0x0B Val: 0x0006173D
In clock cycle: 198664
Register Write to Reg: 0x0C Val: 0x005840C2
In clock cycle: 199684
Register Write to Reg: 0x0A Val: 0x005E6000
In clock cycle: 199685
Register Write to Reg: 0x0A Val: 0x00061F3C
In clock cycle: 199686
Register Write to Reg: 0x0B Val: 0x00123000
In clock cycle: 199687
Register Write to Reg: 0x0B Val: 0x00061F3C
In clock cycle: 199688
Register Write to Reg: 0x0C Val: 0x005848C3
In clock cycle: 200708
Register Write to Reg: 0x0A Val: 0x005E7000
In clock cycle: 200709
Register Write to Reg: 0x0A Val: 0x0006273B
In clock cycle: 200710
Register Write to Reg: 0x0B Val: 0x00123000
In clock cycle: 200711
Register Write to Reg: 0x0B Val: 0x0006273B
In clock cycle: 200712
Register Write to Reg: 0x0C Val: 0x005850C4
In clock cycle: 201732
Register Write to Reg: 0x0A Val: 0x005E8000
In clock cycle: 201733
Register Write to Reg: 0x0A Val: 0x00062F3A
In clock cycle: 201734
Register Write to Reg: 0x0B Val: 0x00123000
In clock cycle: 201735
Register Write to Reg: 0x0B Val: 0x00062F3A
In clock cycle: 201736
Register Write to Reg: 0x0C Val: 0x005858C5
In clock cycle: 202756
Register Write to Reg: 0x0A Val: 0x005E9000
In clock cycle: 202757
Register Write to Reg: 0x0A Val: 0x00063739
In clock cycle: 202758
Register Write to Reg: 0x0B Val: 0x00123000
In clock cycle: 202759
Register Write to Reg: 0x0B Val: 0x00063739
In clock cycle: 202760
Register Write to Reg: 0x0C Val: 0x005860C6
In clock cycle: 203780
Register Write to Reg: 0x0A Val: 0x005EA000
In clock cycle: 203781
Register Write to Reg: 0x0A Val: 0x00063F38
In clock cycle: 203782
Register Write to Reg: 0x0B Val: 0x00123000
In clock cycle: 203783
Register Write to Reg: 0x0B Val: 0x00063F38
In clock cycle: 203784
Register Write to Reg: 0x0C Val: 0x005868C7
In clock cycle: 204804
Register Write to Reg: 0x0A Val: 0x005EB000
In clock cycle: 204805
Register Write to Reg: 0x0A Val: 0x00064737
In clock cycle: 204806
Register Write to Reg: 0x0B Val: 0x00123000
In clock cycle: 204807
Register Write to Reg: 0x0B Val: 0x00064737
In clock cycle: 204808
Register Write to Reg: 0x0C Val: 0x005870C8
In clock cycle: 205828
Register Write to Reg: 0x0A Val: 0x005EC000
In clock cycle: 205829
Register Write to Reg: 0x0A Val: 0x00064F36
In clock cycle: 205830
Register Write to Reg: 0x0B Val: 0x00123000
In clock cycle: 205831
Register Write to Reg: 0x0B Val: 0x00064F36
In clock cycle: 205832
Register Write to Reg: 0x0C Val: 0x005878C9
In clock cycle: 206852
Register Write to Reg: 0x0A Val: 0x005ED000
In clock cycle: 206853
Register Write to Reg: 0x0A Val: 0x00065735
In clock cycle: 206854
Register Write to Reg: 0x0B Val: 0x00123000
In clock cycle: 206855
Register Write to Reg: 0x0B Val: 0x00065735
In clock cycle: 206856
Register Write to Reg: 0x0C Val: 0x005880CA
In clock cycle: 207876
Register Write to Reg: 0x0A Val: 0x005EE000
In clock cycle: 207877
Register Write to Reg: 0x0A Val: 0x00065F34
In clock cycle: 207878
Register Write to Reg: 0x0B Val: 0x00123000
In clock cycle: 207879
Register Write to Reg: 0x0B Val: 0x00065F34
In clock cycle: 207880
Register Write to Reg: 0x0C Val: 0x005888CB
In clock cycle: 208900
Register Write to Reg: 0x0A Val: 0x005EF000
In clock cycle: 208901
Register Write to Reg: 0x0A Val: 0x00066733
In clock cycle: 208902
Register Write to Reg: 0x0B Val: 0x00123000
In clock cycle: 208903
Register Write to Reg: 0x0B Val: 0x00066733
In clock cycle: 208904
Register Write to Reg: 0x0C Val: 0x005890CC
In clock cycle: 209924
Register Write to Reg: 0x0A Val: 0x005F0000
In clock cycle: 209925
Register Write to Reg: 0x0A Val: 0x00066F32
In clock cycle: 209926
Register Write to Reg: 0x0B Val: 0x00123000
In clock cycle: 209927
Register Write to Reg: 0x0B Val: 0x00066F32
In clock cycle: 209928
Register Write to Reg: 0x0C Val: 0x005898CD
In clock cycle: 210948
Register Write to Reg: 0x0A Val: 0x005F1000
In clock cycle: 210949
Register Write to Reg: 0x0A Val: 0x00067731
In clock cycle: 210950
Register Write to Reg: 0x0B Val: 0x00123000
In clock cycle: 210951
Register Write to Reg: 0x0B Val: 0x00067731
In clock cycle: 210952
Register Write to Reg: 0x0C Val: 0x0058A0CE
In clock cycle: 211972
Register Write to Reg: 0x0A Val: 0x005F2000
In clock cycle: 211973
Register Write to Reg: 0x0A Val: 0x00067F30
In clock cycle: 211974
Register Write to Reg: 0x0B Val: 0x00123000
In clock cycle: 211975
Register Write to Reg: 0x0B Val: 0x00067F30
In clock cycle: 211976
Register Write to Reg: 0x0C Val: 0x0058A8CF
In clock cycle: 212996
Register Write to Reg: 0x0A Val: 0x005F3000
In clock cycle: 212997
Register Write to Reg: 0x0A Val: 0x0006872F
In clock cycle: 212998
Register Write to Reg: 0x0B Val: 0x00123000
In clock cycle: 212999
Register Write to Reg: 0x0B Val: 0x0006872F
In clock cycle: 213000
Register Write to Reg: 0x0C Val: 0x0058B0D0
In clock cycle: 214020
Register Write to Reg: 0x0A Val: 0x005F4000
In clock cycle: 214021
Register Write to Reg: 0x0A Val: 0x00068F2E
In clock cycle: 214022
Register Write to Reg: 0x0B Val: 0x00123000
In clock cycle: 214023
Register Write to Reg: 0x0B Val: 0x00068F2E
In clock cycle: 214024
Register Write to Reg: 0x0C Val: 0x0058B8D1
In clock cycle: 215044
Register Write to Reg: 0x0A Val: 0x005F5000
In clock cycle: 215045
Register Write to Reg: 0x0A Val: 0x0006972D
In clock cycle: 215046
Register Write to Reg: 0x0B Val: 0x00123000
In clock cycle: 215047
Register Write to Reg: 0x0B Val: 0x0006972D
In clock cycle: 215048
Register Write to Reg: 0x0C Val: 0x0058C0D2
In clock cycle: 216068
Register Write to Reg: 0x0A Val: 0x005F6000
In clock cycle: 216069
Register Write to Reg: 0x0A Val: 0x00069F2C
In clock cycle: 216070
Register Write to Reg: 0x0B Val: 0x00123000
In clock cycle: 216071
Register Write to Reg: 0x0B Val: 0x00069F2C
In clock cycle: 216072
Register Write to Reg: 0x0C Val: 0x0058C8D3
In clock cycle: 217092
Register Write to Reg: 0x0A Val: 0x005F7000
In clock cycle: 217093
Register Write to Reg: 0x0A Val: 0x0006A72B
In clock cycle: 217094
Register Write to Reg: 0x0B Val: 0x00123000
In clock cycle: 217095
Register Write to Reg: 0x0B Val: 0x0006A72B
In clock cycle: 217096
Register Write to Reg: 0x0C Val: 0x0058D0D4
In clock cycle: 218116
Register Write to Reg: 0x0A Val: 0x005F8000
In clock cycle: 218117
Register Write to Reg: 0x0A Val: 0x0006AF2A
In clock cycle: 218118
Register Write to Reg: 0x0B Val: 0x00123000
In clock cycle: 218119
Register Write to Reg: 0x0B Val: 0x0006AF2A
In clock cycle: 218120
Register Write to Reg: 0x0C Val: 0x0058D8D5
In clock cycle: 219140
Register Write to Reg: 0x0A Val: 0x005F9000
In clock cycle: 219141
Register Write to Reg: 0x0A Val: 0x0006B729
In clock cycle: 219142
Register Write to Reg: 0x0B Val: 0x00123000
In clock cycle: 219143
Register Write to Reg: 0x0B Val: 0x0006B729
In clock cycle: 219144
Register Write to Reg: 0x0C Val: 0x0058E0D6
In clock cycle: 220164
Register Write to Reg: 0x0A Val: 0x005FA000
In clock cycle: 220165
Register Write to Reg: 0x0A Val: 0x0006BF28
In clock cycle: 220166
Register Write to Reg: 0x0B Val: 0x00123000
In clock cycle: 220167
Register Write to Reg: 0x0B Val: 0x0006BF28
In clock cycle: 220168
Register Write to Reg: 0x0C Val: 0x0058E8D7
In clock cycle: 221188
Register Write to Reg: 0x0A Val: 0x005FB000
In clock cycle: 221189
Register Write to Reg: 0x0A Val: 0x0006C727
In clock cycle: 221190
Register Write to Reg: 0x0B Val: 0x00123000
In clock cycle: 221191
Register Write to Reg: 0x0B Val: 0x0006C727
In clock cycle: 221192
Register Write to Reg: 0x0C Val: 0x0058F0D8
In clock cycle: 222212
Register Write to Reg: 0x0A Val: 0x005FC000
In clock cycle: 222213
Register Write to Reg: 0x0A Val: 0x0006CF26
In clock cycle: 222214
Register Write to Reg: 0x0B Val: 0x00123000
In clock cycle: 222215
Register Write to Reg: 0x0B Val: 0x0006CF26
In clock cycle: 222216
Register Write to Reg: 0x0C Val: 0x0058F8D9
In clock cycle: 223236
Register Write to Reg: 0x0A Val: 0x005FD000
In clock cycle: 223237
Register Write to Reg: 0x0A Val: 0x0006D725
In clock cycle: 223238
Register Write to Reg: 0x0B Val: 0x00123000
In clock cycle: 223239
Register Write to Reg: 0x0B Val: 0x0006D725
In clock cycle: 223240
Register Write to Reg: 0x0C Val: 0x005900DA
In clock cycle: 224260
Register Write to Reg: 0x0A Val: 0x005FE000
In clock cycle: 224261
Register Write to Reg: 0x0A Val: 0x0006DF24
In clock cycle: 224262
Register Write to Reg: 0x0B Val: 0x00123000
In clock cycle: 224263
Register Write to Reg: 0x0B Val: 0x0006DF24
In clock cycle: 224264
Register Write to Reg: 0x0C Val: 0x005908DB
In clock cycle: 225284
Register Write to Reg: 0x0A Val: 0x005FF000
In clock cycle: 225285
Register Write to Reg: 0x0A Val: 0x0006E723
In clock cycle: 225286
Register Write to Reg: 0x0B Val: 0x00123000
In clock cycle: 225287
Register Write to Reg: 0x0B Val: 0x0006E723
In clock cycle: 225288
Register Write to Reg: 0x0C Val: 0x005910DC
In clock cycle: 226308
Register Write to Reg: 0x0A Val: 0x00600000
In clock cycle: 226309
Register Write to Reg: 0x0A Val: 0x0006EF22
In clock cycle: 226310
Register Write to Reg: 0x0B Val: 0x00123000
In clock cycle: 226311
Register Write to Reg: 0x0B Val: 0x0006EF22
In clock cycle: 226312
Register Write to Reg: 0x0C Val: 0x005918DD
In clock cycle: 227332
Register Write to Reg: 0x0A Val: 0x00601000
In clock cycle: 227333
Register Write to Reg: 0x0A Val: 0x0006F721
In clock cycle: 227334
Register Write to Reg: 0x0B Val: 0x00123000
In clock cycle: 227335
Register Write to Reg: 0x0B Val: 0x0006F721
In clock cycle: 227336
Register Write to Reg: 0x0C Val: 0x005920DE
In clock cycle: 228356
Register Write to Reg: 0x0A Val: 0x00602000
In clock cycle: 228357
Register Write to Reg: 0x0A Val: 0x0006FF20
In clock cycle: 228358
Register Write to Reg: 0x0B Val: 0x00123000
In clock cycle: 228359
Register Write to Reg: 0x0B Val: 0x0006FF20
In clock cycle: 228360
Register Write to Reg: 0x0C Val: 0x005928DF
In clock cycle: 229380
Register Write to Reg: 0x0A Val: 0x00603000
In clock cycle: 229381
Register Write to Reg: 0x0A Val: 0x0007071F
In clock cycle: 229382
Register Write to Reg: 0x0B Val: 0x00123000
In clock cycle: 229383
Register Write to Reg: 0x0B Val: 0x0007071F
In clock cycle: 229384
Register Write to Reg: 0x0C Val: 0x005930E0
In clock cycle: 230404
Register Write to Reg: 0x0A Val: 0x00604000
In clock cycle: 230405
Register Write to Reg: 0x0A Val: 0x00070F1E
In clock cycle: 230406
Register Write to Reg: 0x0B Val: 0x00123000
In clock cycle: 230407
Register Write to Reg: 0x0B Val: 0x00070F1E
In clock cycle: 230408
Register Write to Reg: 0x0C Val: 0x005938E1
In clock cycle: 231428
Register Write to Reg: 0x0A Val: 0x00605000
In clock cycle: 231429
Register Write to Reg: 0x0A Val: 0x0007171D
In clock cycle: 231430
Register Write to Reg: 0x0B Val: 0x00123000
In clock cycle: 231431
Register Write to Reg: 0x0B Val: 0x0007171D
In clock cycle: 231432
Register Write to Reg: 0x0C Val: 0x005940E2
In clock cycle: 232452
Register Write to Reg: 0x0A Val: 0x00606000
In clock cycle: 232453
Register Write to Reg: 0x0A Val: 0x00071F1C
In clock cycle: 232454
Register Write to Reg: 0x0B Val: 0x00123000
In clock cycle: 232455
Register Write to Reg: 0x0B Val: 0x00071F1C
In clock cycle: 232456
Register Write to Reg: 0x0C Val: 0x005948E3
In clock cycle: 233476
Register Write to Reg: 0x0A Val: 0x00607000
In clock cycle: 233477
Register Write to Reg: 0x0A Val: 0x0007271B
In clock cycle: 233478
Register Write to Reg: 0x0B Val: 0x00123000
In clock cycle: 233479
Register Write to Reg: 0x0B Val: 0x0007271B
In clock cycle: 233480
Register Write to Reg: 0x0C Val: 0x005950E4
In clock cycle: 234500
Register Write to Reg: 0x0A Val: 0x00608000
In clock cycle: 234501
Register Write to Reg: 0x0A Val: 0x00072F1A
In clock cycle: 234502
Register Write to Reg: 0x0B Val: 0x00123000
In clock cycle: 234503
Register Write to Reg: 0x0B Val: 0x00072F1A
In clock cycle: 234504
Register Write to Reg: 0x0C Val: 0x005958E5
In clock cycle: 235524
Register Write to Reg: 0x0A Val: 0x00609000
In clock cycle: 235525
Register Write to Reg: 0x0A Val: 0x00073719
In clock cycle: 235526
Register Write to Reg: 0x0B Val: 0x00123000
In clock cycle: 235527
Register Write to Reg: 0x0B Val: 0x00073719
In clock cycle: 235528
Register Write to Reg: 0x0C Val: 0x005960E6
In clock cycle: 236548
Register Write to Reg: 0x0A Val: 0x0060A000
In clock cycle: 236549
Register Write to Reg: 0x0A Val: 0x00073F18
In clock cycle: 236550
Register Write to Reg: 0x0B Val: 0x00123000
In clock cycle: 236551
Register Write to Reg: 0x0B Val: 0x00073F18
In clock cycle: 236552
Register Write to Reg: 0x0C Val: 0x005968E7
In clock cycle: 237572
Register Write to Reg: 0x0A Val: 0x0060B000
In clock cycle: 237573
Register Write to Reg: 0x0A Val: 0x00074717
In clock cycle: 237574
Register Write to Reg: 0x0B Val: 0x00123000
In clock cycle: 237575
Register Write to Reg: 0x0B Val: 0x00074717
In clock cycle: 237576
Register Write to Reg: 0x0C Val: 0x005970E8
In clock cycle: 238596
Register Write to Reg: 0x0A Val: 0x0060C000
In clock cycle: 238597
Register Write to Reg: 0x0A Val: 0x00074F16
In clock cycle: 238598
Register Write to Reg: 0x0B Val: 0x00123000
In clock cycle: 238599
Register Write to Reg: 0x0B Val: 0x00074F16
In clock cycle: 238600
Register Write to Reg: 0x0C Val: 0x005978E9
In clock cycle: 239620
Register Write to Reg: 0x0A Val: 0x0060D000
In clock cycle: 239621
Register Write to Reg: 0x0A Val: 0x00075715
In clock cycle: 239622
Register Write to Reg: 0x0B Val: 0x00123000
In clock cycle: 239623
Register Write to Reg: 0x0B Val: 0x00075715
In clock cycle: 239624
Register Write to Reg: 0x0C Val: 0x005980EA
In clock cycle: 240644
Register Write to Reg: 0x0A Val: 0x0060E000
In clock cycle: 240645
Register Write to Reg: 0x0A Val: 0x00075F14
In clock cycle: 240646
Register Write to Reg: 0x0B Val: 0x00123000
In clock cycle: 240647
Register Write to Reg: 0x0B Val: 0x00075F14
In clock cycle: 240648
Register Write to Reg: 0x0C Val: 0x005988EB
In clock cycle: 241668
Register Write to Reg: 0x0A Val: 0x0060F000
In clock cycle: 241669
Register Write to Reg: 0x0A Val: 0x00076713
In clock cycle: 241670
Register Write to Reg: 0x0B Val: 0x00123000
In clock cycle: 241671
Register Write to Reg: 0x0B Val: 0x00076713
In clock cycle: 241672
Register Write to Reg: 0x0C Val: 0x005990EC
In clock cycle: 242692
Register Write to Reg: 0x0A Val: 0x00610000
In clock cycle: 242693
Register Write to Reg: 0x0A Val: 0x00076F12
In clock cycle: 242694
Register Write to Reg: 0x0B Val: 0x00123000
In clock cycle: 242695
Register Write to Reg: 0x0B Val: 0x00076F12
In clock cycle: 242696
Register Write to Reg: 0x0C Val: 0x005998ED
In clock cycle: 243716
Register Write to Reg: 0x0A Val: 0x00611000
In clock cycle: 243717
Register Write to Reg: 0x0A Val: 0x00077711
In clock cycle: 243718
Register Write to Reg: 0x0B Val: 0x00123000
In clock cycle: 243719
Register Write to Reg: 0x0B Val: 0x00077711
In clock cycle: 243720
Register Write to Reg: 0x0C Val: 0x0059A0EE
In clock cycle: 244740
Register Write to Reg: 0x0A Val: 0x00612000
In clock cycle: 244741
Register Write to Reg: 0x0A Val: 0x00077F10
In clock cycle: 244742
Register Write to Reg: 0x0B Val: 0x00123000
In clock cycle: 244743
Register Write to Reg: 0x0B Val: 0x00077F10
In clock cycle: 244744
Register Write to Reg: 0x0C Val: 0x0059A8EF
In clock cycle: 245764
Register Write to Reg: 0x0A Val: 0x00613000
In clock cycle: 245765
Register Write to Reg: 0x0A Val: 0x0007870F
In clock cycle: 245766
Register Write to Reg: 0x0B Val: 0x00123000
In clock cycle: 245767
Register Write to Reg: 0x0B Val: 0x0007870F
In clock cycle: 245768
Register Write to Reg: 0x0C Val: 0x0059B0F0
In clock cycle: 246788
Register Write to Reg: 0x0A Val: 0x00614000
In clock cycle: 246789
Register Write to Reg: 0x0A Val: 0x00078F0E
In clock cycle: 246790
Register Write to Reg: 0x0B Val: 0x00123000
In clock cycle: 246791
Register Write to Reg: 0x0B Val: 0x00078F0E
In clock cycle: 246792
Register Write to Reg: 0x0C Val: 0x0059B8F1
In clock cycle: 247812
Register Write to Reg: 0x0A Val: 0x00615000
In clock cycle: 247813
Register Write to Reg: 0x0A Val: 0x0007970D
In clock cycle: 247814
Register Write to Reg: 0x0B Val: 0x00123000
In clock cycle: 247815
Register Write to Reg: 0x0B Val: 0x0007970D
In clock cycle: 247816
Register Write to Reg: 0x0C Val: 0x0059C0F2
In clock cycle: 248836
Register Write to Reg: 0x0A Val: 0x00616000
In clock cycle: 248837
Register Write to Reg: 0x0A Val: 0x00079F0C
In clock cycle: 248838
Register Write to Reg: 0x0B Val: 0x00123000
In clock cycle: 248839
Register Write to Reg: 0x0B Val: 0x00079F0C
In clock cycle: 248840
Register Write to Reg: 0x0C Val: 0x0059C8F3
In clock cycle: 249860
Register Write to Reg: 0x0A Val: 0x00617000
In clock cycle: 249861
Register Write to Reg: 0x0A Val: 0x0007A70B
In clock cycle: 249862
Register Write to Reg: 0x0B Val: 0x00123000
In clock cycle: 249863
Register Write to Reg: 0x0B Val: 0x0007A70B
In clock cycle: 249864
Register Write to Reg: 0x0C Val: 0x0059D0F4
In clock cycle: 250884
Register Write to Reg: 0x0A Val: 0x00618000
In clock cycle: 250885
Register Write to Reg: 0x0A Val: 0x0007AF0A
In clock cycle: 250886
Register Write to Reg: 0x0B Val: 0x00123000
In clock cycle: 250887
Register Write to Reg: 0x0B Val: 0x0007AF0A
In clock cycle: 250888
Register Write to Reg: 0x0C Val: 0x0059D8F5
In clock cycle: 251908
Register Write to Reg: 0x0A Val: 0x00619000
In clock cycle: 251909
Register Write to Reg: 0x0A Val: 0x0007B709
In clock cycle: 251910
Register Write to Reg: 0x0B Val: 0x00123000
In clock cycle: 251911
Register Write to Reg: 0x0B Val: 0x0007B709
In clock cycle: 251912
Register Write to Reg: 0x0C Val: 0x0059E0F6
In clock cycle: 252932
Register Write to Reg: 0x0A Val: 0x0061A000
In clock cycle: 252933
Register Write to Reg: 0x0A Val: 0x0007BF08
In clock cycle: 252934
Register Write to Reg: 0x0B Val: 0x00123000
In clock cycle: 252935
Register Write to Reg: 0x0B Val: 0x0007BF08
In clock cycle: 252936
Register Write to Reg: 0x0C Val: 0x0059E8F7
In clock cycle: 253956
Register Write to Reg: 0x0A Val: 0x0061B000
In clock cycle: 253957
Register Write to Reg: 0x0A Val: 0x0007C707
In clock cycle: 253958
Register Write to Reg: 0x0B Val: 0x00123000
In clock cycle: 253959
Register Write to Reg: 0x0B Val: 0x0007C707
In clock cycle: 253960
Register Write to Reg: 0x0C Val: 0x0059F0F8
In clock cycle: 254980
Register Write to Reg: 0x0A Val: 0x0061C000
In clock cycle: 254981
Register Write to Reg: 0x0A Val: 0x0007CF06
In clock cycle: 254982
Register Write to Reg: 0x0B Val: 0x00123000
In clock cycle: 254983
Register Write to Reg: 0x0B Val: 0x0007CF06
In clock cycle: 254984
Register Write to Reg: 0x0C Val: 0x0059F8F9
In clock cycle: 256004
Register Write to Reg: 0x0A Val: 0x0061D000
In clock cycle: 256005
Register Write to Reg: 0x0A Val: 0x0007D705
In clock cycle: 256006
Register Write to Reg: 0x0B Val: 0x00123000
In clock cycle: 256007
Register Write to Reg: 0x0B Val: 0x0007D705
In clock cycle: 256008
Register Write to Reg: 0x0C Val: 0x005A00FA
In clock cycle: 257028
Register Write to Reg: 0x0A Val: 0x0061E000
In clock cycle: 257029
Register Write to Reg: 0x0A Val: 0x0007DF04
In clock cycle: 257030
Register Write to Reg: 0x0B Val: 0x00123000
In clock cycle: 257031
Register Write to Reg: 0x0B Val: 0x0007DF04
In clock cycle: 257032
Register Write to Reg: 0x0C Val: 0x005A08FB
In clock cycle: 258052
Register Write to Reg: 0x0A Val: 0x0061F000
In clock cycle: 258053
Register Write to Reg: 0x0A Val: 0x0007E703
In clock cycle: 258054
Register Write to Reg: 0x0B Val: 0x00123000
In clock cycle: 258055
Register Write to Reg: 0x0B Val: 0x0007E703
In clock cycle: 258056
Register Write to Reg: 0x0C Val: 0x005A10FC
In clock cycle: 259076
Register Write to Reg: 0x0A Val: 0x00620000
In clock cycle: 259077
Register Write to Reg: 0x0A Val: 0x0007EF02
In clock cycle: 259078
Register Write to Reg: 0x0B Val: 0x00123000
In clock cycle: 259079
Register Write to Reg: 0x0B Val: 0x0007EF02
In clock cycle: 259080
Register Write to Reg: 0x0C Val: 0x005A18FD
In clock cycle: 260100
Register Write to Reg: 0x0A Val: 0x00621000
In clock cycle: 260101
Register Write to Reg: 0x0A Val: 0x0007F701
In clock cycle: 260102
Register Write to Reg: 0x0B Val: 0x00123000
In clock cycle: 260103
Register Write to Reg: 0x0B Val: 0x0007F701
In clock cycle: 260104
Register Write to Reg: 0x0C Val: 0x005A20FE
In clock cycle: 261124
Register Write to Reg: 0x0A Val: 0x00622000
In clock cycle: 261125
Register Write to Reg: 0x0A Val: 0x0007FF00
In clock cycle: 261126
Register Write to Reg: 0x0B Val: 0x00123000
In clock cycle: 261127
Register Write to Reg: 0x0B Val: 0x0007FF00
In clock cycle: 261128
Register Write to Reg: 0x0C Val: 0x005A28FF
In clock cycle: 262148
Register Write to Reg: 0x0A Val: 0x00623000
In clock cycle: 262149
Register Write to Reg: 0x0A Val: 0x000806FF
In clock cycle: 262150
Register Write to Reg: 0x0B Val: 0x00123000
In clock cycle: 262151
Register Write to Reg: 0x0B Val: 0x000806FF
In clock cycle: 262152
Register Write to Reg: 0x0C Val: 0x005A3100
In clock cycle: 263172
Register Write to Reg: 0x0A Val: 0x00624000
In clock cycle: 263173
Register Write to Reg: 0x0A Val: 0x00080EFE
In clock cycle: 263174
Register Write to Reg: 0x0B Val: 0x00123000
In clock cycle: 263175
Register Write to Reg: 0x0B Val: 0x00080EFE
In clock cycle: 263176
Register Write to Reg: 0x0C Val: 0x005A3901
In clock cycle: 264196
Register Write to Reg: 0x0A Val: 0x00625000
In clock cycle: 264197
Register Write to Reg: 0x0A Val: 0x000816FD
In clock cycle: 264198
Register Write to Reg: 0x0B Val: 0x00123000
In clock cycle: 264199
Register Write to Reg: 0x0B Val: 0x000816FD
In clock cycle: 264200
Register Write to Reg: 0x0C Val: 0x005A4102
In clock cycle: 265220
Register Write to Reg: 0x0A Val: 0x00626000
In clock cycle: 265221
Register Write to Reg: 0x0A Val: 0x00081EFC
In clock cycle: 265222
Register Write to Reg: 0x0B Val: 0x00123000
In clock cycle: 265223
Register Write to Reg: 0x0B Val: 0x00081EFC
In clock cycle: 265224
Register Write to Reg: 0x0C Val: 0x005A4903
In clock cycle: 266244
Register Write to Reg: 0x0A Val: 0x00627000
In clock cycle: 266245
Register Write to Reg: 0x0A Val: 0x000826FB
In clock cycle: 266246
Register Write to Reg: 0x0B Val: 0x00123000
In clock cycle: 266247
Register Write to Reg: 0x0B Val: 0x000826FB
In clock cycle: 266248
Register Write to Reg: 0x0C Val: 0x005A5104
In clock cycle: 267268
Register Write to Reg: 0x0A Val: 0x00628000
In clock cycle: 267269
Register Write to Reg: 0x0A Val: 0x00082EFA
In clock cycle: 267270
Register Write to Reg: 0x0B Val: 0x00123000
In clock cycle: 267271
Register Write to Reg: 0x0B Val: 0x00082EFA
In clock cycle: 267272
Register Write to Reg: 0x0C Val: 0x005A5905
In clock cycle: 268292
Register Write to Reg: 0x0A Val: 0x00629000
In clock cycle: 268293
Register Write to Reg: 0x0A Val: 0x000836F9
In clock cycle: 268294
Register Write to Reg: 0x0B Val: 0x00123000
In clock cycle: 268295
Register Write to Reg: 0x0B Val: 0x000836F9
In clock cycle: 268296
Register Write to Reg: 0x0C Val: 0x005A6106
In clock cycle: 269316
Register Write to Reg: 0x0A Val: 0x0062A000
In clock cycle: 269317
Register Write to Reg: 0x0A Val: 0x00083EF8
In clock cycle: 269318
Register Write to Reg: 0x0B Val: 0x00123000
In clock cycle: 269319
Register Write to Reg: 0x0B Val: 0x00083EF8
In clock cycle: 269320
Register Write to Reg: 0x0C Val: 0x005A6907
In clock cycle: 270340
Register Write to Reg: 0x0A Val: 0x0062B000
In clock cycle: 270341
Register Write to Reg: 0x0A Val: 0x000846F7
In clock cycle: 270342
Register Write to Reg: 0x0B Val: 0x00123000
In clock cycle: 270343
Register Write to Reg: 0x0B Val: 0x000846F7
In clock cycle: 270344
Register Write to Reg: 0x0C Val: 0x005A7108
In clock cycle: 271364
Register Write to Reg: 0x0A Val: 0x0062C000
In clock cycle: 271365
Register Write to Reg: 0x0A Val: 0x00084EF6
In clock cycle: 271366
Register Write to Reg: 0x0B Val: 0x00123000
In clock cycle: 271367
Register Write to Reg: 0x0B Val: 0x00084EF6
In clock cycle: 271368
Register Write to Reg: 0x0C Val: 0x005A7909
In clock cycle: 272388
Register Write to Reg: 0x0A Val: 0x0062D000
In clock cycle: 272389
Register Write to Reg: 0x0A Val: 0x000856F5
In clock cycle: 272390
Register Write to Reg: 0x0B Val: 0x00123000
In clock cycle: 272391
Register Write to Reg: 0x0B Val: 0x000856F5
In clock cycle: 272392
Register Write to Reg: 0x0C Val: 0x005A810A
In clock cycle: 273412
Register Write to Reg: 0x0A Val: 0x0062E000
In clock cycle: 273413
Register Write to Reg: 0x0A Val: 0x00085EF4
In clock cycle: 273414
Register Write to Reg: 0x0B Val: 0x00123000
In clock cycle: 273415
Register Write to Reg: 0x0B Val: 0x00085EF4
In clock cycle: 273416
Register Write to Reg: 0x0C Val: 0x005A890B
In clock cycle: 274436
Register Write to Reg: 0x0A Val: 0x0062F000
In clock cycle: 274437
Register Write to Reg: 0x0A Val: 0x000866F3
In clock cycle: 274438
Register Write to Reg: 0x0B Val: 0x00123000
In clock cycle: 274439
Register Write to Reg: 0x0B Val: 0x000866F3
In clock cycle: 274440
Register Write to Reg: 0x0C Val: 0x005A910C
In clock cycle: 275460
Register Write to Reg: 0x0A Val: 0x00630000
In clock cycle: 275461
Register Write to Reg: 0x0A Val: 0x00086EF2
In clock cycle: 275462
Register Write to Reg: 0x0B Val: 0x00123000
In clock cycle: 275463
Register Write to Reg: 0x0B Val: 0x00086EF2
In clock cycle: 275464
Register Write to Reg: 0x0C Val: 0x005A990D
In clock cycle: 276484
Register Write to Reg: 0x0A Val: 0x00631000
In clock cycle: 276485
Register Write to Reg: 0x0A Val: 0x000876F1
In clock cycle: 276486
Register Write to Reg: 0x0B Val: 0x00123000
In clock cycle: 276487
Register Write to Reg: 0x0B Val: 0x000876F1
In clock cycle: 276488
Register Write to Reg: 0x0C Val: 0x005AA10E
In clock cycle: 277508
Register Write to Reg: 0x0A Val: 0x00632000
In clock cycle: 277509
Register Write to Reg: 0x0A Val: 0x00087EF0
In clock cycle: 277510
Register Write to Reg: 0x0B Val: 0x00123000
In clock cycle: 277511
Register Write to Reg: 0x0B Val: 0x00087EF0
In clock cycle: 277512
Register Write to Reg: 0x0C Val: 0x005AA90F
In clock cycle: 278532
Register Write to Reg: 0x0A Val: 0x00633000
In clock cycle: 278533
Register Write to Reg: 0x0A Val: 0x000886EF
In clock cycle: 278534
Register Write to Reg: 0x0B Val: 0x00123000
In clock cycle: 278535
Register Write to Reg: 0x0B Val: 0x000886EF
In clock cycle: 278536
Register Write to Reg: 0x0C Val: 0x005AB110
In clock cycle: 279556
Register Write to Reg: 0x0A Val: 0x00634000
In clock cycle: 279557
Register Write to Reg: 0x0A Val: 0x00088EEE
In clock cycle: 279558
Register Write to Reg: 0x0B Val: 0x00123000
In clock cycle: 279559
Register Write to Reg: 0x0B Val: 0x00088EEE
In clock cycle: 279560
Register Write to Reg: 0x0C Val: 0x005AB911
In clock cycle: 280580
Register Write to Reg: 0x0A Val: 0x00635000
In clock cycle: 280581
Register Write to Reg: 0x0A Val: 0x000896ED
In clock cycle: 280582
Register Write to Reg: 0x0B Val: 0x00123000
In clock cycle: 280583
Register Write to Reg: 0x0B Val: 0x000896ED
In clock cycle: 280584
Register Write to Reg: 0x0C Val: 0x005AC112
In clock cycle: 281604
Register Write to Reg: 0x0A Val: 0x00636000
In clock cycle: 281605
Register Write to Reg: 0x0A Val: 0x00089EEC
In clock cycle: 281606
Register Write to Reg: 0x0B Val: 0x00123000
In clock cycle: 281607
Register Write to Reg: 0x0B Val: 0x00089EEC
In clock cycle: 281608
Register Write to Reg: 0x0C Val: 0x005AC913
In clock cycle: 282628
Register Write to Reg: 0x0A Val: 0x00637000
In clock cycle: 282629
Register Write to Reg: 0x0A Val: 0x0008A6EB
In clock cycle: 282630
Register Write to Reg: 0x0B Val: 0x00123000
In clock cycle: 282631
Register Write to Reg: 0x0B Val: 0x0008A6EB
In clock cycle: 282632
Register Write to Reg: 0x0C Val: 0x005AD114
In clock cycle: 283652
Register Write to Reg: 0x0A Val: 0x00638000
In clock cycle: 283653
Register Write to Reg: 0x0A Val: 0x0008AEEA
In clock cycle: 283654
Register Write to Reg: 0x0B Val: 0x00123000
In clock cycle: 283655
Register Write to Reg: 0x0B Val: 0x0008AEEA
In clock cycle: 283656
Register Write to Reg: 0x0C Val: 0x005AD915
In clock cycle: 284676
Register Write to Reg: 0x0A Val: 0x00639000
In clock cycle: 284677
Register Write to Reg: 0x0A Val: 0x0008B6E9
In clock cycle: 284678
Register Write to Reg: 0x0B Val: 0x00123000
In clock cycle: 284679
Register Write to Reg: 0x0B Val: 0x0008B6E9
In clock cycle: 284680
Register Write to Reg: 0x0C Val: 0x005AE116
In clock cycle: 285700
Register Write to Reg: 0x0A Val: 0x0063A000
In clock cycle: 285701
Register Write to Reg: 0x0A Val: 0x0008BEE8
In clock cycle: 285702
Register Write to Reg: 0x0B Val: 0x00123000
In clock cycle: 285703
Register Write to Reg: 0x0B Val: 0x0008BEE8
In clock cycle: 285704
Register Write to Reg: 0x0C Val: 0x005AE917
In clock cycle: 286724
Register Write to Reg: 0x0A Val: 0x0063B000
In clock cycle: 286725
Register Write to Reg: 0x0A Val: 0x0008C6E7
In clock cycle: 286726
Register Write to Reg: 0x0B Val: 0x00123000
In clock cycle: 286727
Register Write to Reg: 0x0B Val: 0x0008C6E7
In clock cycle: 286728
Register Write to Reg: 0x0C Val: 0x005AF118
In clock cycle: 287748
Register Write to Reg: 0x0A Val: 0x0063C000
In clock cycle: 287749
Register Write to Reg: 0x0A Val: 0x0008CEE6
In clock cycle: 287750
Register Write to Reg: 0x0B Val: 0x00123000
In clock cycle: 287751
Register Write to Reg: 0x0B Val: 0x0008CEE6
In clock cycle: 287752
Register Write to Reg: 0x0C Val: 0x005AF919
In clock cycle: 288772
Register Write to Reg: 0x0A Val: 0x0063D000
In clock cycle: 288773
Register Write to Reg: 0x0A Val: 0x0008D6E5
In clock cycle: 288774
Register Write to Reg: 0x0B Val: 0x00123000
In clock cycle: 288775
Register Write to Reg: 0x0B Val: 0x0008D6E5
In clock cycle: 288776
Register Write to Reg: 0x0C Val: 0x005B011A
In clock cycle: 289796
Register Write to Reg: 0x0A Val: 0x0063E000
In clock cycle: 289797
Register Write to Reg: 0x0A Val: 0x0008DEE4
In clock cycle: 289798
Register Write to Reg: 0x0B Val: 0x00123000
In clock cycle: 289799
Register Write to Reg: 0x0B Val: 0x0008DEE4
In clock cycle: 289800
Register Write to Reg: 0x0C Val: 0x005B091B
In clock cycle: 290820
Register Write to Reg: 0x0A Val: 0x0063F000
In clock cycle: 290821
Register Write to Reg: 0x0A Val: 0x0008E6E3
In clock cycle: 290822
Register Write to Reg: 0x0B Val: 0x00123000
In clock cycle: 290823
Register Write to Reg: 0x0B Val: 0x0008E6E3
In clock cycle: 290824
Register Write to Reg: 0x0C Val: 0x005B111C
In clock cycle: 291844
Register Write to Reg: 0x0A Val: 0x00640000
In clock cycle: 291845
Register Write to Reg: 0x0A Val: 0x0008EEE2
In clock cycle: 291846
Register Write to Reg: 0x0B Val: 0x00123000
In clock cycle: 291847
Register Write to Reg: 0x0B Val: 0x0008EEE2
In clock cycle: 291848
Register Write to Reg: 0x0C Val: 0x005B191D
In clock cycle: 292868
Register Write to Reg: 0x0A Val: 0x00641000
In clock cycle: 292869
Register Write to Reg: 0x0A Val: 0x0008F6E1
In clock cycle: 292870
Register Write to Reg: 0x0B Val: 0x00123000
In clock cycle: 292871
Register Write to Reg: 0x0B Val: 0x0008F6E1
In clock cycle: 292872
Register Write to Reg: 0x0C Val: 0x005B211E
In clock cycle: 293892
Register Write to Reg: 0x0A Val: 0x00642000
In clock cycle: 293893
Register Write to Reg: 0x0A Val: 0x0008FEE0
In clock cycle: 293894
Register Write to Reg: 0x0B Val: 0x00123000
In clock cycle: 293895
Register Write to Reg: 0x0B Val: 0x0008FEE0
In clock cycle: 293896
Register Write to Reg: 0x0C Val: 0x005B291F
In clock cycle: 294916
Register Write to Reg: 0x0A Val: 0x00643000
In clock cycle: 294917
Register Write to Reg: 0x0A Val: 0x000906DF
In clock cycle: 294918
Register Write to Reg: 0x0B Val: 0x00123000
In clock cycle: 294919
Register Write to Reg: 0x0B Val: 0x000906DF
In clock cycle: 294920
Register Write to Reg: 0x0C Val: 0x005B3120
In clock cycle: 295940
Register Write to Reg: 0x0A Val: 0x00644000
In clock cycle: 295941
Register Write to Reg: 0x0A Val: 0x00090EDE
In clock cycle: 295942
Register Write to Reg: 0x0B Val: 0x00123000
In clock cycle: 295943
Register Write to Reg: 0x0B Val: 0x00090EDE
In clock cycle: 295944
Register Write to Reg: 0x0C Val: 0x005B3921
In clock cycle: 296964
Register Write to Reg: 0x0A Val: 0x00645000
In clock cycle: 296965
Register Write to Reg: 0x0A Val: 0x000916DD
In clock cycle: 296966
Register Write to Reg: 0x0B Val: 0x00123000
In clock cycle: 296967
Register Write to Reg: 0x0B Val: 0x000916DD
In clock cycle: 296968
Register Write to Reg: 0x0C Val: 0x005B4122
In clock cycle: 297988
Register Write to Reg: 0x0A Val: 0x00646000
In clock cycle: 297989
Register Write to Reg: 0x0A Val: 0x00091EDC
In clock cycle: 297990
Register Write to Reg: 0x0B Val: 0x00123000
In clock cycle: 297991
Register Write to Reg: 0x0B Val: 0x00091EDC
In clock cycle: 297992
Register Write to Reg: 0x0C Val: 0x005B4923
In clock cycle: 299012
Register Write to Reg: 0x0A Val: 0x00647000
In clock cycle: 299013
Register Write to Reg: 0x0A Val: 0x000926DB
In clock cycle: 299014
Register Write to Reg: 0x0B Val: 0x00123000
In clock cycle: 299015
Register Write to Reg: 0x0B Val: 0x000926DB
In clock cycle: 299016
Register Write to Reg: 0x0C Val: 0x005B5124
In clock cycle: 300036
Register Write to Reg: 0x0A Val: 0x00648000
In clock cycle: 300037
Register Write to Reg: 0x0A Val: 0x00092EDA
In clock cycle: 300038
Register Write to Reg: 0x0B Val: 0x00123000
In clock cycle: 300039
Register Write to Reg: 0x0B Val: 0x00092EDA
In clock cycle: 300040
Register Write to Reg: 0x0C Val: 0x005B5925
In clock cycle: 301060
Register Write to Reg: 0x0A Val: 0x00649000
In clock cycle: 301061
Register Write to Reg: 0x0A Val: 0x000936D9
In clock cycle: 301062
Register Write to Reg: 0x0B Val: 0x00123000
In clock cycle: 301063
Register Write to Reg: 0x0B Val: 0x000936D9
In clock cycle: 301064
Register Write to Reg: 0x0C Val: 0x005B6126
In clock cycle: 302084
Register Write to Reg: 0x0A Val: 0x0064A000
In clock cycle: 302085
Register Write to Reg: 0x0A Val: 0x00093ED8
In clock cycle: 302086
Register Write to Reg: 0x0B Val: 0x00123000
In clock cycle: 302087
Register Write to Reg: 0x0B Val: 0x00093ED8
In clock cycle: 302088
Register Write to Reg: 0x0C Val: 0x005B6927
In clock cycle: 303108
Register Write to Reg: 0x0A Val: 0x0064B000
In clock cycle: 303109
Register Write to Reg: 0x0A Val: 0x000946D7
In clock cycle: 303110
Register Write to Reg: 0x0B Val: 0x00123000
In clock cycle: 303111
Register Write to Reg: 0x0B Val: 0x000946D7
In clock cycle: 303112
Register Write to Reg: 0x0C Val: 0x005B7128
In clock cycle: 304132
Register Write to Reg: 0x0A Val: 0x0064C000
In clock cycle: 304133
Register Write to Reg: 0x0A Val: 0x00094ED6
In clock cycle: 304134
Register Write to Reg: 0x0B Val: 0x00123000
In clock cycle: 304135
Register Write to Reg: 0x0B Val: 0x00094ED6
In clock cycle: 304136
Register Write to Reg: 0x0C Val: 0x005B7929
In clock cycle: 305156
Register Write to Reg: 0x0A Val: 0x0064D000
In clock cycle: 305157
Register Write to Reg: 0x0A Val: 0x000956D5
In clock cycle: 305158
Register Write to Reg: 0x0B Val: 0x00123000
In clock cycle: 305159
Register Write to Reg: 0x0B Val: 0x000956D5
In clock cycle: 305160
Register Write to Reg: 0x0C Val: 0x005B812A
In clock cycle: 306180
Register Write to Reg: 0x0A Val: 0x0064E000
In clock cycle: 306181
Register Write to Reg: 0x0A Val: 0x00095ED4
In clock cycle: 306182
Register Write to Reg: 0x0B Val: 0x00123000
In clock cycle: 306183
Register Write to Reg: 0x0B Val: 0x00095ED4
In clock cycle: 306184
Register Write to Reg: 0x0C Val: 0x005B892B
In clock cycle: 307204
Register Write to Reg: 0x0A Val: 0x0064F000
In clock cycle: 307205
Register Write to Reg: 0x0A Val: 0x000966D3
In clock cycle: 307206
Register Write to Reg: 0x0B Val: 0x00123000
In clock cycle: 307207
Register Write to Reg: 0x0B Val: 0x000966D3
In clock cycle: 307208
Register Write to Reg: 0x0C Val: 0x005B912C
In clock cycle: 308228
Register Write to Reg: 0x0A Val: 0x00650000
In clock cycle: 308229
Register Write to Reg: 0x0A Val: 0x00096ED2
In clock cycle: 308230
Register Write to Reg: 0x0B Val: 0x00123000
In clock cycle: 308231
Register Write to Reg: 0x0B Val: 0x00096ED2
In clock cycle: 308232
Register Write to Reg: 0x0C Val: 0x005B992D
In clock cycle: 309252
Register Write to Reg: 0x0A Val: 0x00651000
In clock cycle: 309253
Register Write to Reg: 0x0A Val: 0x000976D1
In clock cycle: 309254
Register Write to Reg: 0x0B Val: 0x00123000
In clock cycle: 309255
Register Write to Reg: 0x0B Val: 0x000976D1
In clock cycle: 309256
Register Write to Reg: 0x0C Val: 0x005BA12E
In clock cycle: 310276
Register Write to Reg: 0x0A Val: 0x00652000
In clock cycle: 310277
Register Write to Reg: 0x0A Val: 0x00097ED0
In clock cycle: 310278
Register Write to Reg: 0x0B Val: 0x00123000
In clock cycle: 310279
Register Write to Reg: 0x0B Val: 0x00097ED0
In clock cycle: 310280
Register Write to Reg: 0x0C Val: 0x005BA92F
In clock cycle: 311300
Register Write to Reg: 0x0A Val: 0x00653000
In clock cycle: 311301
Register Write to Reg: 0x0A Val: 0x000986CF
In clock cycle: 311302
Register Write to Reg: 0x0B Val: 0x00123000
In clock cycle: 311303
Register Write to Reg: 0x0B Val: 0x000986CF
In clock cycle: 311304
Register Write to Reg: 0x0C Val: 0x005BB130
In clock cycle: 312324
Register Write to Reg: 0x0A Val: 0x00654000
In clock cycle: 312325
Register Write to Reg: 0x0A Val: 0x00098ECE
In clock cycle: 312326
Register Write to Reg: 0x0B Val: 0x00123000
In clock cycle: 312327
Register Write to Reg: 0x0B Val: 0x00098ECE
In clock cycle: 312328
Register Write to Reg: 0x0C Val: 0x005BB931
In clock cycle: 313348
Register Write to Reg: 0x0A Val: 0x00655000
In clock cycle: 313349
Register Write to Reg: 0x0A Val: 0x000996CD
In clock cycle: 313350
Register Write to Reg: 0x0B Val: 0x00123000
In clock cycle: 313351
Register Write to Reg: 0x0B Val: 0x000996CD
In clock cycle: 313352
Register Write to Reg: 0x0C Val: 0x005BC132
In clock cycle: 314372
Register Write to Reg: 0x0A Val: 0x00656000
In clock cycle: 314373
Register Write to Reg: 0x0A Val: 0x00099ECC
In clock cycle: 314374
Register Write to Reg: 0x0B Val: 0x00123000
In clock cycle: 314375
Register Write to Reg: 0x0B Val: 0x00099ECC
In clock cycle: 314376
Register Write to Reg: 0x0C Val: 0x005BC933
In clock cycle: 315396
Register Write to Reg: 0x0A Val: 0x00657000
In clock cycle: 315397
Register Write to Reg: 0x0A Val: 0x0009A6CB
In clock cycle: 315398
Register Write to Reg: 0x0B Val: 0x00123000
In clock cycle: 315399
Register Write to Reg: 0x0B Val: 0x0009A6CB
In clock cycle: 315400
Register Write to Reg: 0x0C Val: 0x005BD134
In clock cycle: 316420
Register Write to Reg: 0x0A Val: 0x00658000
In clock cycle: 316421
Register Write to Reg: 0x0A Val: 0x0009AECA
In clock cycle: 316422
Register Write to Reg: 0x0B Val: 0x00123000
In clock cycle: 316423
Register Write to Reg: 0x0B Val: 0x0009AECA
In clock cycle: 316424
Register Write to Reg: 0x0C Val: 0x005BD935
In clock cycle: 317444
Register Write to Reg: 0x0A Val: 0x00659000
In clock cycle: 317445
Register Write to Reg: 0x0A Val: 0x0009B6C9
In clock cycle: 317446
Register Write to Reg: 0x0B Val: 0x00123000
In clock cycle: 317447
Register Write to Reg: 0x0B Val: 0x0009B6C9
In clock cycle: 317448
Register Write to Reg: 0x0C Val: 0x005BE136
In clock cycle: 318468
Register Write to Reg: 0x0A Val: 0x0065A000
In clock cycle: 318469
Register Write to Reg: 0x0A Val: 0x0009BEC8
In clock cycle: 318470
Register Write to Reg: 0x0B Val: 0x00123000
In clock cycle: 318471
Register Write to Reg: 0x0B Val: 0x0009BEC8
In clock cycle: 318472
Register Write to Reg: 0x0C Val: 0x005BE937
In clock cycle: 319492
Register Write to Reg: 0x0A Val: 0x0065B000
In clock cycle: 319493
Register Write to Reg: 0x0A Val: 0x0009C6C7
In clock cycle: 319494
Register Write to Reg: 0x0B Val: 0x00123000
In clock cycle: 319495
Register Write to Reg: 0x0B Val: 0x0009C6C7
In clock cycle: 319496
Register Write to Reg: 0x0C Val: 0x005BF138
In clock cycle: 320516
Register Write to Reg: 0x0A Val: 0x0065C000
In clock cycle: 320517
Register Write to Reg: 0x0A Val: 0x0009CEC6
In clock cycle: 320518
Register Write to Reg: 0x0B Val: 0x00123000
In clock cycle: 320519
Register Write to Reg: 0x0B Val: 0x0009CEC6
In clock cycle: 320520
Register Write to Reg: 0x0C Val: 0x005BF939
In clock cycle: 321540
Register Write to Reg: 0x0A Val: 0x0065D000
In clock cycle: 321541
Register Write to Reg: 0x0A Val: 0x0009D6C5
In clock cycle: 321542
Register Write to Reg: 0x0B Val: 0x00123000
In clock cycle: 321543
Register Write to Reg: 0x0B Val: 0x0009D6C5
In clock cycle: 321544
Register Write to Reg: 0x0C Val: 0x005C013A
In clock cycle: 322564
Register Write to Reg: 0x0A Val: 0x0065E000
In clock cycle: 322565
Register Write to Reg: 0x0A Val: 0x0009DEC4
In clock cycle: 322566
Register Write to Reg: 0x0B Val: 0x00123000
In clock cycle: 322567
Register Write to Reg: 0x0B Val: 0x0009DEC4
In clock cycle: 322568
Register Write to Reg: 0x0C Val: 0x005C093B
In clock cycle: 323588
Register Write to Reg: 0x0A Val: 0x0065F000
In clock cycle: 323589
Register Write to Reg: 0x0A Val: 0x0009E6C3
In clock cycle: 323590
Register Write to Reg: 0x0B Val: 0x00123000
In clock cycle: 323591
Register Write to Reg: 0x0B Val: 0x0009E6C3
In clock cycle: 323592
Register Write to Reg: 0x0C Val: 0x005C113C
In clock cycle: 324612
Register Write to Reg: 0x0A Val: 0x00660000
In clock cycle: 324613
Register Write to Reg: 0x0A Val: 0x0009EEC2
In clock cycle: 324614
Register Write to Reg: 0x0B Val: 0x00123000
In clock cycle: 324615
Register Write to Reg: 0x0B Val: 0x0009EEC2
In clock cycle: 324616
Register Write to Reg: 0x0C Val: 0x005C193D
In clock cycle: 325636
Register Write to Reg: 0x0A Val: 0x00661000
In clock cycle: 325637
Register Write to Reg: 0x0A Val: 0x0009F6C1
In clock cycle: 325638
Register Write to Reg: 0x0B Val: 0x00123000
In clock cycle: 325639
Register Write to Reg: 0x0B Val: 0x0009F6C1
In clock cycle: 325640
Register Write to Reg: 0x0C Val: 0x005C213E
In clock cycle: 326660
Register Write to Reg: 0x0A Val: 0x00662000
In clock cycle: 326661
Register Write to Reg: 0x0A Val: 0x0009FEC0
In clock cycle: 326662
Register Write to Reg: 0x0B Val: 0x00123000
In clock cycle: 326663
Register Write to Reg: 0x0B Val: 0x0009FEC0
In clock cycle: 326664
Register Write to Reg: 0x0C Val: 0x005C293F
In clock cycle: 327684
Register Write to Reg: 0x0A Val: 0x00663000
In clock cycle: 327685
Register Write to Reg: 0x0A Val: 0x000A06BF
In clock cycle: 327686
Register Write to Reg: 0x0B Val: 0x00123000
In clock cycle: 327687
Register Write to Reg: 0x0B Val: 0x000A06BF
In clock cycle: 327688
Register Write to Reg: 0x0C Val: 0x005C3140
In clock cycle: 328708
Register Write to Reg: 0x0A Val: 0x00664000
In clock cycle: 328709
Register Write to Reg: 0x0A Val: 0x000A0EBE
In clock cycle: 328710
Register Write to Reg: 0x0B Val: 0x00123000
In clock cycle: 328711
Register Write to Reg: 0x0B Val: 0x000A0EBE
In clock cycle: 328712
Register Write to Reg: 0x0C Val: 0x005C3941
In clock cycle: 329732
Register Write to Reg: 0x0A Val: 0x00665000
In clock cycle: 329733
Register Write to Reg: 0x0A Val: 0x000A16BD
In clock cycle: 329734
Register Write to Reg: 0x0B Val: 0x00123000
In clock cycle: 329735
Register Write to Reg: 0x0B Val: 0x000A16BD
In clock cycle: 329736
Register Write to Reg: 0x0C Val: 0x005C4142
In clock cycle: 330756
Register Write to Reg: 0x0A Val: 0x00666000
In clock cycle: 330757
Register Write to Reg: 0x0A Val: 0x000A1EBC
In clock cycle: 330758
Register Write to Reg: 0x0B Val: 0x00123000
In clock cycle: 330759
Register Write to Reg: 0x0B Val: 0x000A1EBC
In clock cycle: 330760
Register Write to Reg: 0x0C Val: 0x005C4943
In clock cycle: 331780
Register Write to Reg: 0x0A Val: 0x00667000
In clock cycle: 331781
Register Write to Reg: 0x0A Val: 0x000A26BB
In clock cycle: 331782
Register Write to Reg: 0x0B Val: 0x00123000
In clock cycle: 331783
Register Write to Reg: 0x0B Val: 0x000A26BB
In clock cycle: 331784
Register Write to Reg: 0x0C Val: 0x005C5144
In clock cycle: 332804
Register Write to Reg: 0x0A Val: 0x00668000
In clock cycle: 332805
Register Write to Reg: 0x0A Val: 0x000A2EBA
In clock cycle: 332806
Register Write to Reg: 0x0B Val: 0x00123000
In clock cycle: 332807
Register Write to Reg: 0x0B Val: 0x000A2EBA
In clock cycle: 332808
Register Write to Reg: 0x0C Val: 0x005C5945
In clock cycle: 333828
Register Write to Reg: 0x0A Val: 0x00669000
In clock cycle: 333829
Register Write to Reg: 0x0A Val: 0x000A36B9
In clock cycle: 333830
Register Write to Reg: 0x0B Val: 0x00123000
In clock cycle: 333831
Register Write to Reg: 0x0B Val: 0x000A36B9
In clock cycle: 333832
Register Write to Reg: 0x0C Val: 0x005C6146
In clock cycle: 334852
Register Write to Reg: 0x0A Val: 0x0066A000
In clock cycle: 334853
Register Write to Reg: 0x0A Val: 0x000A3EB8
In clock cycle: 334854
Register Write to Reg: 0x0B Val: 0x00123000
In clock cycle: 334855
Register Write to Reg: 0x0B Val: 0x000A3EB8
In clock cycle: 334856
Register Write to Reg: 0x0C Val: 0x005C6947
In clock cycle: 335876
Register Write to Reg: 0x0A Val: 0x0066B000
In clock cycle: 335877
Register Write to Reg: 0x0A Val: 0x000A46B7
In clock cycle: 335878
Register Write to Reg: 0x0B Val: 0x00123000
In clock cycle: 335879
Register Write to Reg: 0x0B Val: 0x000A46B7
In clock cycle: 335880
Register Write to Reg: 0x0C Val: 0x005C7148
In clock cycle: 336900
Register Write to Reg: 0x0A Val: 0x0066C000
In clock cycle: 336901
Register Write to Reg: 0x0A Val: 0x000A4EB6
In clock cycle: 336902
Register Write to Reg: 0x0B Val: 0x00123000
In clock cycle: 336903
Register Write to Reg: 0x0B Val: 0x000A4EB6
In clock cycle: 336904
Register Write to Reg: 0x0C Val: 0x005C7949
In clock cycle: 337924
Register Write to Reg: 0x0A Val: 0x0066D000
In clock cycle: 337925
Register Write to Reg: 0x0A Val: 0x000A56B5
In clock cycle: 337926
Register Write to Reg: 0x0B Val: 0x00123000
In clock cycle: 337927
Register Write to Reg: 0x0B Val: 0x000A56B5
In clock cycle: 337928
Register Write to Reg: 0x0C Val: 0x005C814A
In clock cycle: 338948
Register Write to Reg: 0x0A Val: 0x0066E000
In clock cycle: 338949
Register Write to Reg: 0x0A Val: 0x000A5EB4
In clock cycle: 338950
Register Write to Reg: 0x0B Val: 0x00123000
In clock cycle: 338951
Register Write to Reg: 0x0B Val: 0x000A5EB4
In clock cycle: 338952
Register Write to Reg: 0x0C Val: 0x005C894B
In clock cycle: 339972
Register Write to Reg: 0x0A Val: 0x0066F000
In clock cycle: 339973
Register Write to Reg: 0x0A Val: 0x000A66B3
In clock cycle: 339974
Register Write to Reg: 0x0B Val: 0x00123000
In clock cycle: 339975
Register Write to Reg: 0x0B Val: 0x000A66B3
In clock cycle: 339976
Register Write to Reg: 0x0C Val: 0x005C914C
In clock cycle: 340996
Register Write to Reg: 0x0A Val: 0x00670000
In clock cycle: 340997
Register Write to Reg: 0x0A Val: 0x000A6EB2
In clock cycle: 340998
Register Write to Reg: 0x0B Val: 0x00123000
In clock cycle: 340999
Register Write to Reg: 0x0B Val: 0x000A6EB2
In clock cycle: 341000
Register Write to Reg: 0x0C Val: 0x005C994D
In clock cycle: 342020
Register Write to Reg: 0x0A Val: 0x00671000
In clock cycle: 342021
Register Write to Reg: 0x0A Val: 0x000A76B1
In clock cycle: 342022
Register Write to Reg: 0x0B Val: 0x00123000
In clock cycle: 342023
Register Write to Reg: 0x0B Val: 0x000A76B1
In clock cycle: 342024
Register Write to Reg: 0x0C Val: 0x005CA14E
In clock cycle: 343044
Register Write to Reg: 0x0A Val: 0x00672000
In clock cycle: 343045
Register Write to Reg: 0x0A Val: 0x000A7EB0
In clock cycle: 343046
Register Write to Reg: 0x0B Val: 0x00123000
In clock cycle: 343047
Register Write to Reg: 0x0B Val: 0x000A7EB0
In clock cycle: 343048
Register Write to Reg: 0x0C Val: 0x005CA94F
In clock cycle: 344068
Register Write to Reg: 0x0A Val: 0x00673000
In clock cycle: 344069
Register Write to Reg: 0x0A Val: 0x000A86AF
In clock cycle: 344070
Register Write to Reg: 0x0B Val: 0x00123000
In clock cycle: 344071
Register Write to Reg: 0x0B Val: 0x000A86AF
In clock cycle: 344072
Register Write to Reg: 0x0C Val: 0x005CB150
In clock cycle: 345092
Register Write to Reg: 0x0A Val: 0x00674000
In clock cycle: 345093
Register Write to Reg: 0x0A Val: 0x000A8EAE
In clock cycle: 345094
Register Write to Reg: 0x0B Val: 0x00123000
In clock cycle: 345095
Register Write to Reg: 0x0B Val: 0x000A8EAE
In clock cycle: 345096
Register Write to Reg: 0x0C Val: 0x005CB951
In clock cycle: 346116
Register Write to Reg: 0x0A Val: 0x00675000
In clock cycle: 346117
Register Write to Reg: 0x0A Val: 0x000A96AD
In clock cycle: 346118
Register Write to Reg: 0x0B Val: 0x00123000
In clock cycle: 346119
Register Write to Reg: 0x0B Val: 0x000A96AD
In clock cycle: 346120
Register Write to Reg: 0x0C Val: 0x005CC152
In clock cycle: 347140
Register Write to Reg: 0x0A Val: 0x00676000
In clock cycle: 347141
Register Write to Reg: 0x0A Val: 0x000A9EAC
In clock cycle: 347142
Register Write to Reg: 0x0B Val: 0x00123000
In clock cycle: 347143
Register Write to Reg: 0x0B Val: 0x000A9EAC
In clock cycle: 347144
Register Write to Reg: 0x0C Val: 0x005CC953
In clock cycle: 348164
Register Write to Reg: 0x0A Val: 0x00677000
In clock cycle: 348165
Register Write to Reg: 0x0A Val: 0x000AA6AB
In clock cycle: 348166
Register Write to Reg: 0x0B Val: 0x00123000
In clock cycle: 348167
Register Write to Reg: 0x0B Val: 0x000AA6AB
In clock cycle: 348168
Register Write to Reg: 0x0C Val: 0x005CD154
In clock cycle: 349188
Register Write to Reg: 0x0A Val: 0x00678000
In clock cycle: 349189
Register Write to Reg: 0x0A Val: 0x000AAEAA
In clock cycle: 349190
Register Write to Reg: 0x0B Val: 0x00123000
In clock cycle: 349191
Register Write to Reg: 0x0B Val: 0x000AAEAA
In clock cycle: 349192
Register Write to Reg: 0x0C Val: 0x005CD955
In clock cycle: 350212
Register Write to Reg: 0x0A Val: 0x00679000
In clock cycle: 350213
Register Write to Reg: 0x0A Val: 0x000AB6A9
In clock cycle: 350214
Register Write to Reg: 0x0B Val: 0x00123000
In clock cycle: 350215
Register Write to Reg: 0x0B Val: 0x000AB6A9
In clock cycle: 350216
Register Write to Reg: 0x0C Val: 0x005CE156
In clock cycle: 351236
Register Write to Reg: 0x0A Val: 0x0067A000
In clock cycle: 351237
Register Write to Reg: 0x0A Val: 0x000ABEA8
In clock cycle: 351238
Register Write to Reg: 0x0B Val: 0x00123000
In clock cycle: 351239
Register Write to Reg: 0x0B Val: 0x000ABEA8
In clock cycle: 351240
Register Write to Reg: 0x0C Val: 0x005CE957
In clock cycle: 352260
Register Write to Reg: 0x0A Val: 0x0067B000
In clock cycle: 352261
Register Write to Reg: 0x0A Val: 0x000AC6A7
In clock cycle: 352262
Register Write to Reg: 0x0B Val: 0x00123000
In clock cycle: 352263
Register Write to Reg: 0x0B Val: 0x000AC6A7
In clock cycle: 352264
Register Write to Reg: 0x0C Val: 0x005CF158
In clock cycle: 353284
Register Write to Reg: 0x0A Val: 0x0067C000
In clock cycle: 353285
Register Write to Reg: 0x0A Val: 0x000ACEA6
In clock cycle: 353286
Register Write to Reg: 0x0B Val: 0x00123000
In clock cycle: 353287
Register Write to Reg: 0x0B Val: 0x000ACEA6
In clock cycle: 353288
Register Write to Reg: 0x0C Val: 0x005CF959
In clock cycle: 354308
Register Write to Reg: 0x0A Val: 0x0067D000
In clock cycle: 354309
Register Write to Reg: 0x0A Val: 0x000AD6A5
In clock cycle: 354310
Register Write to Reg: 0x0B Val: 0x00123000
In clock cycle: 354311
Register Write to Reg: 0x0B Val: 0x000AD6A5
In clock cycle: 354312
Register Write to Reg: 0x0C Val: 0x005D015A
In clock cycle: 355332
Register Write to Reg: 0x0A Val: 0x0067E000
In clock cycle: 355333
Register Write to Reg: 0x0A Val: 0x000ADEA4
In clock cycle: 355334
Register Write to Reg: 0x0B Val: 0x00123000
In clock cycle: 355335
Register Write to Reg: 0x0B Val: 0x000ADEA4
In clock cycle: 355336
Register Write to Reg: 0x0C Val: 0x005D095B
In clock cycle: 356356
Register Write to Reg: 0x0A Val: 0x0067F000
In clock cycle: 356357
Register Write to Reg: 0x0A Val: 0x000AE6A3
In clock cycle: 356358
Register Write to Reg: 0x0B Val: 0x00123000
In clock cycle: 356359
Register Write to Reg: 0x0B Val: 0x000AE6A3
In clock cycle: 356360
Register Write to Reg: 0x0C Val: 0x005D115C
In clock cycle: 357380
Register Write to Reg: 0x0A Val: 0x00680000
In clock cycle: 357381
Register Write to Reg: 0x0A Val: 0x000AEEA2
In clock cycle: 357382
Register Write to Reg: 0x0B Val: 0x00123000
In clock cycle: 357383
Register Write to Reg: 0x0B Val: 0x000AEEA2
In clock cycle: 357384
Register Write to Reg: 0x0C Val: 0x005D195D
In clock cycle: 358404
Register Write to Reg: 0x0A Val: 0x00681000
In clock cycle: 358405
Register Write to Reg: 0x0A Val: 0x000AF6A1
In clock cycle: 358406
Register Write to Reg: 0x0B Val: 0x00123000
In clock cycle: 358407
Register Write to Reg: 0x0B Val: 0x000AF6A1
In clock cycle: 358408
Register Write to Reg: 0x0C Val: 0x005D215E
In clock cycle: 359428
Register Write to Reg: 0x0A Val: 0x00682000
In clock cycle: 359429
Register Write to Reg: 0x0A Val: 0x000AFEA0
In clock cycle: 359430
Register Write to Reg: 0x0B Val: 0x00123000
In clock cycle: 359431
Register Write to Reg: 0x0B Val: 0x000AFEA0
In clock cycle: 359432
Register Write to Reg: 0x0C Val: 0x005D295F
In clock cycle: 360452
Register Write to Reg: 0x0A Val: 0x00683000
In clock cycle: 360453
Register Write to Reg: 0x0A Val: 0x000B069F
In clock cycle: 360454
Register Write to Reg: 0x0B Val: 0x00123000
In clock cycle: 360455
Register Write to Reg: 0x0B Val: 0x000B069F
In clock cycle: 360456
Register Write to Reg: 0x0C Val: 0x005D3160
In clock cycle: 361476
Register Write to Reg: 0x0A Val: 0x00684000
In clock cycle: 361477
Register Write to Reg: 0x0A Val: 0x000B0E9E
In clock cycle: 361478
Register Write to Reg: 0x0B Val: 0x00123000
In clock cycle: 361479
Register Write to Reg: 0x0B Val: 0x000B0E9E
In clock cycle: 361480
Register Write to Reg: 0x0C Val: 0x005D3961
In clock cycle: 362500
Register Write to Reg: 0x0A Val: 0x00685000
In clock cycle: 362501
Register Write to Reg: 0x0A Val: 0x000B169D
In clock cycle: 362502
Register Write to Reg: 0x0B Val: 0x00123000
In clock cycle: 362503
Register Write to Reg: 0x0B Val: 0x000B169D
In clock cycle: 362504
Register Write to Reg: 0x0C Val: 0x005D4162
In clock cycle: 363524
Register Write to Reg: 0x0A Val: 0x00686000
In clock cycle: 363525
Register Write to Reg: 0x0A Val: 0x000B1E9C
In clock cycle: 363526
Register Write to Reg: 0x0B Val: 0x00123000
In clock cycle: 363527
Register Write to Reg: 0x0B Val: 0x000B1E9C
In clock cycle: 363528
Register Write to Reg: 0x0C Val: 0x005D4963
In clock cycle: 364548
Register Write to Reg: 0x0A Val: 0x00687000
In clock cycle: 364549
Register Write to Reg: 0x0A Val: 0x000B269B
In clock cycle: 364550
Register Write to Reg: 0x0B Val: 0x00123000
In clock cycle: 364551
Register Write to Reg: 0x0B Val: 0x000B269B
In clock cycle: 364552
Register Write to Reg: 0x0C Val: 0x005D5164
In clock cycle: 365572
Register Write to Reg: 0x0A Val: 0x00688000
In clock cycle: 365573
Register Write to Reg: 0x0A Val: 0x000B2E9A
In clock cycle: 365574
Register Write to Reg: 0x0B Val: 0x00123000
In clock cycle: 365575
Register Write to Reg: 0x0B Val: 0x000B2E9A
In clock cycle: 365576
Register Write to Reg: 0x0C Val: 0x005D5965
In clock cycle: 366596
Register Write to Reg: 0x0A Val: 0x00689000
In clock cycle: 366597
Register Write to Reg: 0x0A Val: 0x000B3699
In clock cycle: 366598
Register Write to Reg: 0x0B Val: 0x00123000
In clock cycle: 366599
Register Write to Reg: 0x0B Val: 0x000B3699
In clock cycle: 366600
Register Write to Reg: 0x0C Val: 0x005D6166
In clock cycle: 367620
Register Write to Reg: 0x0A Val: 0x0068A000
In clock cycle: 367621
Register Write to Reg: 0x0A Val: 0x000B3E98
In clock cycle: 367622
Register Write to Reg: 0x0B Val: 0x00123000
In clock cycle: 367623
Register Write to Reg: 0x0B Val: 0x000B3E98
In clock cycle: 367624
Register Write to Reg: 0x0C Val: 0x005D6967
In clock cycle: 368644
Register Write to Reg: 0x0A Val: 0x0068B000
In clock cycle: 368645
Register Write to Reg: 0x0A Val: 0x000B4697
In clock cycle: 368646
Register Write to Reg: 0x0B Val: 0x00123000
In clock cycle: 368647
Register Write to Reg: 0x0B Val: 0x000B4697
In clock cycle: 368648
Register Write to Reg: 0x0C Val: 0x005D7168
In clock cycle: 369668
Register Write to Reg: 0x0A Val: 0x0068C000
In clock cycle: 369669
Register Write to Reg: 0x0A Val: 0x000B4E96
In clock cycle: 369670
Register Write to Reg: 0x0B Val: 0x00123000
In clock cycle: 369671
Register Write to Reg: 0x0B Val: 0x000B4E96
In clock cycle: 369672
Register Write to Reg: 0x0C Val: 0x005D7969
In clock cycle: 370692
Register Write to Reg: 0x0A Val: 0x0068D000
In clock cycle: 370693
Register Write to Reg: 0x0A Val: 0x000B5695
In clock cycle: 370694
Register Write to Reg: 0x0B Val: 0x00123000
In clock cycle: 370695
Register Write to Reg: 0x0B Val: 0x000B5695
In clock cycle: 370696
Register Write to Reg: 0x0C Val: 0x005D816A
In clock cycle: 371716
Register Write to Reg: 0x0A Val: 0x0068E000
In clock cycle: 371717
Register Write to Reg: 0x0A Val: 0x000B5E94
In clock cycle: 371718
Register Write to Reg: 0x0B Val: 0x00123000
In clock cycle: 371719
Register Write to Reg: 0x0B Val: 0x000B5E94
In clock cycle: 371720
Register Write to Reg: 0x0C Val: 0x005D896B
In clock cycle: 372740
Register Write to Reg: 0x0A Val: 0x0068F000
In clock cycle: 372741
Register Write to Reg: 0x0A Val: 0x000B6693
In clock cycle: 372742
Register Write to Reg: 0x0B Val: 0x00123000
In clock cycle: 372743
Register Write to Reg: 0x0B Val: 0x000B6693
In clock cycle: 372744
Register Write to Reg: 0x0C Val: 0x005D916C
In clock cycle: 373764
Register Write to Reg: 0x0A Val: 0x00690000
In clock cycle: 373765
Register Write to Reg: 0x0A Val: 0x000B6E92
In clock cycle: 373766
Register Write to Reg: 0x0B Val: 0x00123000
In clock cycle: 373767
Register Write to Reg: 0x0B Val: 0x000B6E92
In clock cycle: 373768
Register Write to Reg: 0x0C Val: 0x005D996D
In clock cycle: 374788
Register Write to Reg: 0x0A Val: 0x00691000
In clock cycle: 374789
Register Write to Reg: 0x0A Val: 0x000B7691
In clock cycle: 374790
Register Write to Reg: 0x0B Val: 0x00123000
In clock cycle: 374791
Register Write to Reg: 0x0B Val: 0x000B7691
In clock cycle: 374792
Register Write to Reg: 0x0C Val: 0x005DA16E
In clock cycle: 375812
Register Write to Reg: 0x0A Val: 0x00692000
In clock cycle: 375813
Register Write to Reg: 0x0A Val: 0x000B7E90
In clock cycle: 375814
Register Write to Reg: 0x0B Val: 0x00123000
In clock cycle: 375815
Register Write to Reg: 0x0B Val: 0x000B7E90
In clock cycle: 375816
Register Write to Reg: 0x0C Val: 0x005DA96F
In clock cycle: 376836
Register Write to Reg: 0x0A Val: 0x00693000
In clock cycle: 376837
Register Write to Reg: 0x0A Val: 0x000B868F
In clock cycle: 376838
Register Write to Reg: 0x0B Val: 0x00123000
In clock cycle: 376839
Register Write to Reg: 0x0B Val: 0x000B868F
In clock cycle: 376840
Register Write to Reg: 0x0C Val: 0x005DB170
In clock cycle: 377860
Register Write to Reg: 0x0A Val: 0x00694000
In clock cycle: 377861
Register Write to Reg: 0x0A Val: 0x000B8E8E
In clock cycle: 377862
Register Write to Reg: 0x0B Val: 0x00123000
In clock cycle: 377863
Register Write to Reg: 0x0B Val: 0x000B8E8E
In clock cycle: 377864
Register Write to Reg: 0x0C Val: 0x005DB971
In clock cycle: 378884
Register Write to Reg: 0x0A Val: 0x00695000
In clock cycle: 378885
Register Write to Reg: 0x0A Val: 0x000B968D
In clock cycle: 378886
Register Write to Reg: 0x0B Val: 0x00123000
In clock cycle: 378887
Register Write to Reg: 0x0B Val: 0x000B968D
In clock cycle: 378888
Register Write to Reg: 0x0C Val: 0x005DC172
In clock cycle: 379908
Register Write to Reg: 0x0A Val: 0x00696000
In clock cycle: 379909
Register Write to Reg: 0x0A Val: 0x000B9E8C
In clock cycle: 379910
Register Write to Reg: 0x0B Val: 0x00123000
In clock cycle: 379911
Register Write to Reg: 0x0B Val: 0x000B9E8C
In clock cycle: 379912
Register Write to Reg: 0x0C Val: 0x005DC973
In clock cycle: 380932
Register Write to Reg: 0x0A Val: 0x00697000
In clock cycle: 380933
Register Write to Reg: 0x0A Val: 0x000BA68B
In clock cycle: 380934
Register Write to Reg: 0x0B Val: 0x00123000
In clock cycle: 380935
Register Write to Reg: 0x0B Val: 0x000BA68B
In clock cycle: 380936
Register Write to Reg: 0x0C Val: 0x005DD174
In clock cycle: 381956
Register Write to Reg: 0x0A Val: 0x00698000
In clock cycle: 381957
Register Write to Reg: 0x0A Val: 0x000BAE8A
In clock cycle: 381958
Register Write to Reg: 0x0B Val: 0x00123000
In clock cycle: 381959
Register Write to Reg: 0x0B Val: 0x000BAE8A
In clock cycle: 381960
Register Write to Reg: 0x0C Val: 0x005DD975
In clock cycle: 382980
Register Write to Reg: 0x0A Val: 0x00699000
In clock cycle: 382981
Register Write to Reg: 0x0A Val: 0x000BB689
In clock cycle: 382982
Register Write to Reg: 0x0B Val: 0x00123000
In clock cycle: 382983
Register Write to Reg: 0x0B Val: 0x000BB689
In clock cycle: 382984
Register Write to Reg: 0x0C Val: 0x005DE176
In clock cycle: 384004
Register Write to Reg: 0x0A Val: 0x0069A000
In clock cycle: 384005
Register Write to Reg: 0x0A Val: 0x000BBE88
In clock cycle: 384006
Register Write to Reg: 0x0B Val: 0x00123000
In clock cycle: 384007
Register Write to Reg: 0x0B Val: 0x000BBE88
In clock cycle: 384008
Register Write to Reg: 0x0C Val: 0x005DE977
In clock cycle: 385028
Register Write to Reg: 0x0A Val: 0x0069B000
In clock cycle: 385029
Register Write to Reg: 0x0A Val: 0x000BC687
In clock cycle: 385030
Register Write to Reg: 0x0B Val: 0x00123000
In clock cycle: 385031
Register Write to Reg: 0x0B Val: 0x000BC687
In clock cycle: 385032
Register Write to Reg: 0x0C Val: 0x005DF178
In clock cycle: 386052
Register Write to Reg: 0x0A Val: 0x0069C000
In clock cycle: 386053
Register Write to Reg: 0x0A Val: 0x000BCE86
In clock cycle: 386054
Register Write to Reg: 0x0B Val: 0x00123000
In clock cycle: 386055
Register Write to Reg: 0x0B Val: 0x000BCE86
In clock cycle: 386056
Register Write to Reg: 0x0C Val: 0x005DF979
In clock cycle: 387076
Register Write to Reg: 0x0A Val: 0x0069D000
In clock cycle: 387077
Register Write to Reg: 0x0A Val: 0x000BD685
In clock cycle: 387078
Register Write to Reg: 0x0B Val: 0x00123000
In clock cycle: 387079
Register Write to Reg: 0x0B Val: 0x000BD685
In clock cycle: 387080
Register Write to Reg: 0x0C Val: 0x005E017A
In clock cycle: 388100
Register Write to Reg: 0x0A Val: 0x0069E000
In clock cycle: 388101
Register Write to Reg: 0x0A Val: 0x000BDE84
In clock cycle: 388102
Register Write to Reg: 0x0B Val: 0x00123000
In clock cycle: 388103
Register Write to Reg: 0x0B Val: 0x000BDE84
In clock cycle: 388104
Register Write to Reg: 0x0C Val: 0x005E097B
In clock cycle: 389124
Register Write to Reg: 0x0A Val: 0x0069F000
In clock cycle: 389125
Register Write to Reg: 0x0A Val: 0x000BE683
In clock cycle: 389126
Register Write to Reg: 0x0B Val: 0x00123000
In clock cycle: 389127
Register Write to Reg: 0x0B Val: 0x000BE683
In clock cycle: 389128
Register Write to Reg: 0x0C Val: 0x005E117C
In clock cycle: 390148
Register Write to Reg: 0x0A Val: 0x006A0000
In clock cycle: 390149
Register Write to Reg: 0x0A Val: 0x000BEE82
In clock cycle: 390150
Register Write to Reg: 0x0B Val: 0x00123000
In clock cycle: 390151
Register Write to Reg: 0x0B Val: 0x000BEE82
In clock cycle: 390152
Register Write to Reg: 0x0C Val: 0x005E197D
In clock cycle: 391172
Register Write to Reg: 0x0A Val: 0x006A1000
In clock cycle: 391173
Register Write to Reg: 0x0A Val: 0x000BF681
In clock cycle: 391174
Register Write to Reg: 0x0B Val: 0x00123000
In clock cycle: 391175
Register Write to Reg: 0x0B Val: 0x000BF681
In clock cycle: 391176
Register Write to Reg: 0x0C Val: 0x005E217E
In clock cycle: 392196
Register Write to Reg: 0x0A Val: 0x006A2000
In clock cycle: 392197
Register Write to Reg: 0x0A Val: 0x000BFE80
In clock cycle: 392198
Register Write to Reg: 0x0B Val: 0x00123000
In clock cycle: 392199
Register Write to Reg: 0x0B Val: 0x000BFE80
In clock cycle: 392200
Register Write to Reg: 0x0C Val: 0x005E297F
In clock cycle: 393220
Register Write to Reg: 0x0A Val: 0x006A3000
In clock cycle: 393221
Register Write to Reg: 0x0A Val: 0x000C067F
In clock cycle: 393222
Register Write to Reg: 0x0B Val: 0x00123000
In clock cycle: 393223
Register Write to Reg: 0x0B Val: 0x000C067F
In clock cycle: 393224
Register Write to Reg: 0x0C Val: 0x005E3180
In clock cycle: 394244
Register Write to Reg: 0x0A Val: 0x006A4000
In clock cycle: 394245
Register Write to Reg: 0x0A Val: 0x000C0E7E
In clock cycle: 394246
Register Write to Reg: 0x0B Val: 0x00123000
In clock cycle: 394247
Register Write to Reg: 0x0B Val: 0x000C0E7E
In clock cycle: 394248
Register Write to Reg: 0x0C Val: 0x005E3981
In clock cycle: 395268
Register Write to Reg: 0x0A Val: 0x006A5000
In clock cycle: 395269
Register Write to Reg: 0x0A Val: 0x000C167D
In clock cycle: 395270
Register Write to Reg: 0x0B Val: 0x00123000
In clock cycle: 395271
Register Write to Reg: 0x0B Val: 0x000C167D
In clock cycle: 395272
Register Write to Reg: 0x0C Val: 0x005E4182
In clock cycle: 396292
Register Write to Reg: 0x0A Val: 0x006A6000
In clock cycle: 396293
Register Write to Reg: 0x0A Val: 0x000C1E7C
In clock cycle: 396294
Register Write to Reg: 0x0B Val: 0x00123000
In clock cycle: 396295
Register Write to Reg: 0x0B Val: 0x000C1E7C
In clock cycle: 396296
Register Write to Reg: 0x0C Val: 0x005E4983
In clock cycle: 397316
Register Write to Reg: 0x0A Val: 0x006A7000
In clock cycle: 397317
Register Write to Reg: 0x0A Val: 0x000C267B
In clock cycle: 397318
Register Write to Reg: 0x0B Val: 0x00123000
In clock cycle: 397319
Register Write to Reg: 0x0B Val: 0x000C267B
In clock cycle: 397320
Register Write to Reg: 0x0C Val: 0x005E5184
In clock cycle: 398340
Register Write to Reg: 0x0A Val: 0x006A8000
In clock cycle: 398341
Register Write to Reg: 0x0A Val: 0x000C2E7A
In clock cycle: 398342
Register Write to Reg: 0x0B Val: 0x00123000
In clock cycle: 398343
Register Write to Reg: 0x0B Val: 0x000C2E7A
In clock cycle: 398344
Register Write to Reg: 0x0C Val: 0x005E5985
In clock cycle: 399364
Register Write to Reg: 0x0A Val: 0x006A9000
In clock cycle: 399365
Register Write to Reg: 0x0A Val: 0x000C3679
In clock cycle: 399366
Register Write to Reg: 0x0B Val: 0x00123000
In clock cycle: 399367
Register Write to Reg: 0x0B Val: 0x000C3679
In clock cycle: 399368
Register Write to Reg: 0x0C Val: 0x005E6186
In clock cycle: 400388
Register Write to Reg: 0x0A Val: 0x006AA000
In clock cycle: 400389
Register Write to Reg: 0x0A Val: 0x000C3E78
In clock cycle: 400390
Register Write to Reg: 0x0B Val: 0x00123000
In clock cycle: 400391
Register Write to Reg: 0x0B Val: 0x000C3E78
In clock cycle: 400392
Register Write to Reg: 0x0C Val: 0x005E6987
In clock cycle: 401412
Register Write to Reg: 0x0A Val: 0x006AB000
In clock cycle: 401413
Register Write to Reg: 0x0A Val: 0x000C4677
In clock cycle: 401414
Register Write to Reg: 0x0B Val: 0x00123000
In clock cycle: 401415
Register Write to Reg: 0x0B Val: 0x000C4677
In clock cycle: 401416
Register Write to Reg: 0x0C Val: 0x005E7188
In clock cycle: 402436
Register Write to Reg: 0x0A Val: 0x006AC000
In clock cycle: 402437
Register Write to Reg: 0x0A Val: 0x000C4E76
In clock cycle: 402438
Register Write to Reg: 0x0B Val: 0x00123000
In clock cycle: 402439
Register Write to Reg: 0x0B Val: 0x000C4E76
In clock cycle: 402440
Register Write to Reg: 0x0C Val: 0x005E7989
In clock cycle: 403460
Register Write to Reg: 0x0A Val: 0x006AD000
In clock cycle: 403461
Register Write to Reg: 0x0A Val: 0x000C5675
In clock cycle: 403462
Register Write to Reg: 0x0B Val: 0x00123000
In clock cycle: 403463
Register Write to Reg: 0x0B Val: 0x000C5675
In clock cycle: 403464
Register Write to Reg: 0x0C Val: 0x005E818A
In clock cycle: 404484
Register Write to Reg: 0x0A Val: 0x006AE000
In clock cycle: 404485
Register Write to Reg: 0x0A Val: 0x000C5E74
In clock cycle: 404486
Register Write to Reg: 0x0B Val: 0x00123000
In clock cycle: 404487
Register Write to Reg: 0x0B Val: 0x000C5E74
In clock cycle: 404488
Register Write to Reg: 0x0C Val: 0x005E898B
In clock cycle: 405508
Register Write to Reg: 0x0A Val: 0x006AF000
In clock cycle: 405509
Register Write to Reg: 0x0A Val: 0x000C6673
In clock cycle: 405510
Register Write to Reg: 0x0B Val: 0x00123000
In clock cycle: 405511
Register Write to Reg: 0x0B Val: 0x000C6673
In clock cycle: 405512
Register Write to Reg: 0x0C Val: 0x005E918C
In clock cycle: 406532
Register Write to Reg: 0x0A Val: 0x006B0000
In clock cycle: 406533
Register Write to Reg: 0x0A Val: 0x000C6E72
In clock cycle: 406534
Register Write to Reg: 0x0B Val: 0x00123000
In clock cycle: 406535
Register Write to Reg: 0x0B Val: 0x000C6E72
In clock cycle: 406536
Register Write to Reg: 0x0C Val: 0x005E998D
In clock cycle: 407556
Register Write to Reg: 0x0A Val: 0x006B1000
In clock cycle: 407557
Register Write to Reg: 0x0A Val: 0x000C7671
In clock cycle: 407558
Register Write to Reg: 0x0B Val: 0x00123000
In clock cycle: 407559
Register Write to Reg: 0x0B Val: 0x000C7671
In clock cycle: 407560
Register Write to Reg: 0x0C Val: 0x005EA18E
In clock cycle: 408580
Register Write to Reg: 0x0A Val: 0x006B2000
In clock cycle: 408581
Register Write to Reg: 0x0A Val: 0x000C7E70
In clock cycle: 408582
Register Write to Reg: 0x0B Val: 0x00123000
In clock cycle: 408583
Register Write to Reg: 0x0B Val: 0x000C7E70
In clock cycle: 408584
Register Write to Reg: 0x0C Val: 0x005EA98F
In clock cycle: 409604
Register Write to Reg: 0x0A Val: 0x006B3000
In clock cycle: 409605
Register Write to Reg: 0x0A Val: 0x000C866F
In clock cycle: 409606
Register Write to Reg: 0x0B Val: 0x00123000
In clock cycle: 409607
Register Write to Reg: 0x0B Val: 0x000C866F
In clock cycle: 409608
Register Write to Reg: 0x0C Val: 0x005EB190
In clock cycle: 410628
Register Write to Reg: 0x0A Val: 0x006B4000
In clock cycle: 410629
Register Write to Reg: 0x0A Val: 0x000C8E6E
In clock cycle: 410630
Register Write to Reg: 0x0B Val: 0x00123000
In clock cycle: 410631
Register Write to Reg: 0x0B Val: 0x000C8E6E
In clock cycle: 410632
Register Write to Reg: 0x0C Val: 0x005EB991
In clock cycle: 411652
Register Write to Reg: 0x0A Val: 0x006B5000
In clock cycle: 411653
Register Write to Reg: 0x0A Val: 0x000C966D
In clock cycle: 411654
Register Write to Reg: 0x0B Val: 0x00123000
In clock cycle: 411655
Register Write to Reg: 0x0B Val: 0x000C966D
In clock cycle: 411656
Register Write to Reg: 0x0C Val: 0x005EC192
In clock cycle: 412676
Register Write to Reg: 0x0A Val: 0x006B6000
In clock cycle: 412677
Register Write to Reg: 0x0A Val: 0x000C9E6C
In clock cycle: 412678
Register Write to Reg: 0x0B Val: 0x00123000
In clock cycle: 412679
Register Write to Reg: 0x0B Val: 0x000C9E6C
In clock cycle: 412680
Register Write to Reg: 0x0C Val: 0x005EC993
In clock cycle: 413700
Register Write to Reg: 0x0A Val: 0x006B7000
In clock cycle: 413701
Register Write to Reg: 0x0A Val: 0x000CA66B
In clock cycle: 413702
Register Write to Reg: 0x0B Val: 0x00123000
In clock cycle: 413703
Register Write to Reg: 0x0B Val: 0x000CA66B
In clock cycle: 413704
Register Write to Reg: 0x0C Val: 0x005ED194
In clock cycle: 414724
Register Write to Reg: 0x0A Val: 0x006B8000
In clock cycle: 414725
Register Write to Reg: 0x0A Val: 0x000CAE6A
In clock cycle: 414726
Register Write to Reg: 0x0B Val: 0x00123000
In clock cycle: 414727
Register Write to Reg: 0x0B Val: 0x000CAE6A
In clock cycle: 414728
Register Write to Reg: 0x0C Val: 0x005ED995
In clock cycle: 415748
Register Write to Reg: 0x0A Val: 0x006B9000
In clock cycle: 415749
Register Write to Reg: 0x0A Val: 0x000CB669
In clock cycle: 415750
Register Write to Reg: 0x0B Val: 0x00123000
In clock cycle: 415751
Register Write to Reg: 0x0B Val: 0x000CB669
In clock cycle: 415752
Register Write to Reg: 0x0C Val: 0x005EE196
In clock cycle: 416772
Register Write to Reg: 0x0A Val: 0x006BA000
In clock cycle: 416773
Register Write to Reg: 0x0A Val: 0x000CBE68
In clock cycle: 416774
Register Write to Reg: 0x0B Val: 0x00123000
In clock cycle: 416775
Register Write to Reg: 0x0B Val: 0x000CBE68
In clock cycle: 416776
Register Write to Reg: 0x0C Val: 0x005EE997
In clock cycle: 417796
Register Write to Reg: 0x0A Val: 0x006BB000
In clock cycle: 417797
Register Write to Reg: 0x0A Val: 0x000CC667
In clock cycle: 417798
Register Write to Reg: 0x0B Val: 0x00123000
In clock cycle: 417799
Register Write to Reg: 0x0B Val: 0x000CC667
In clock cycle: 417800
Register Write to Reg: 0x0C Val: 0x005EF198
In clock cycle: 418820
Register Write to Reg: 0x0A Val: 0x006BC000
In clock cycle: 418821
Register Write to Reg: 0x0A Val: 0x000CCE66
In clock cycle: 418822
Register Write to Reg: 0x0B Val: 0x00123000
In clock cycle: 418823
Register Write to Reg: 0x0B Val: 0x000CCE66
In clock cycle: 418824
Register Write to Reg: 0x0C Val: 0x005EF999
In clock cycle: 419844
Register Write to Reg: 0x0A Val: 0x006BD000
In clock cycle: 419845
Register Write to Reg: 0x0A Val: 0x000CD665
In clock cycle: 419846
Register Write to Reg: 0x0B Val: 0x00123000
In clock cycle: 419847
Register Write to Reg: 0x0B Val: 0x000CD665
In clock cycle: 419848
Register Write to Reg: 0x0C Val: 0x005F019A
In clock cycle: 420868
Register Write to Reg: 0x0A Val: 0x006BE000
In clock cycle: 420869
Register Write to Reg: 0x0A Val: 0x000CDE64
In clock cycle: 420870
Register Write to Reg: 0x0B Val: 0x00123000
In clock cycle: 420871
Register Write to Reg: 0x0B Val: 0x000CDE64
In clock cycle: 420872
Register Write to Reg: 0x0C Val: 0x005F099B
In clock cycle: 421892
Register Write to Reg: 0x0A Val: 0x006BF000
In clock cycle: 421893
Register Write to Reg: 0x0A Val: 0x000CE663
In clock cycle: 421894
Register Write to Reg: 0x0B Val: 0x00123000
In clock cycle: 421895
Register Write to Reg: 0x0B Val: 0x000CE663
In clock cycle: 421896
Register Write to Reg: 0x0C Val: 0x005F119C
In clock cycle: 422916
Register Write to Reg: 0x0A Val: 0x006C0000
In clock cycle: 422917
Register Write to Reg: 0x0A Val: 0x000CEE62
In clock cycle: 422918
Register Write to Reg: 0x0B Val: 0x00123000
In clock cycle: 422919
Register Write to Reg: 0x0B Val: 0x000CEE62
In clock cycle: 422920
Register Write to Reg: 0x0C Val: 0x005F199D
In clock cycle: 423940
Register Write to Reg: 0x0A Val: 0x006C1000
In clock cycle: 423941
Register Write to Reg: 0x0A Val: 0x000CF661
In clock cycle: 423942
Register Write to Reg: 0x0B Val: 0x00123000
In clock cycle: 423943
Register Write to Reg: 0x0B Val: 0x000CF661
In clock cycle: 423944
Register Write to Reg: 0x0C Val: 0x005F219E
In clock cycle: 424964
Register Write to Reg: 0x0A Val: 0x006C2000
In clock cycle: 424965
Register Write to Reg: 0x0A Val: 0x000CFE60
In clock cycle: 424966
Register Write to Reg: 0x0B Val: 0x00123000
In clock cycle: 424967
Register Write to Reg: 0x0B Val: 0x000CFE60
In clock cycle: 424968
Register Write to Reg: 0x0C Val: 0x005F299F
In clock cycle: 425988
Register Write to Reg: 0x0A Val: 0x006C3000
In clock cycle: 425989
Register Write to Reg: 0x0A Val: 0x000D065F
In clock cycle: 425990
Register Write to Reg: 0x0B Val: 0x00123000
In clock cycle: 425991
Register Write to Reg: 0x0B Val: 0x000D065F
In clock cycle: 425992
Register Write to Reg: 0x0C Val: 0x005F31A0
In clock cycle: 427012
Register Write to Reg: 0x0A Val: 0x006C4000
In clock cycle: 427013
Register Write to Reg: 0x0A Val: 0x000D0E5E
In clock cycle: 427014
Register Write to Reg: 0x0B Val: 0x00123000
In clock cycle: 427015
Register Write to Reg: 0x0B Val: 0x000D0E5E
In clock cycle: 427016
Register Write to Reg: 0x0C Val: 0x005F39A1
In clock cycle: 428036
Register Write to Reg: 0x0A Val: 0x006C5000
In clock cycle: 428037
Register Write to Reg: 0x0A Val: 0x000D165D
In clock cycle: 428038
Register Write to Reg: 0x0B Val: 0x00123000
In clock cycle: 428039
Register Write to Reg: 0x0B Val: 0x000D165D
In clock cycle: 428040
Register Write to Reg: 0x0C Val: 0x005F41A2
In clock cycle: 429060
Register Write to Reg: 0x0A Val: 0x006C6000
In clock cycle: 429061
Register Write to Reg: 0x0A Val: 0x000D1E5C
In clock cycle: 429062
Register Write to Reg: 0x0B Val: 0x00123000
In clock cycle: 429063
Register Write to Reg: 0x0B Val: 0x000D1E5C
In clock cycle: 429064
Register Write to Reg: 0x0C Val: 0x005F49A3
In clock cycle: 430084
Register Write to Reg: 0x0A Val: 0x006C7000
In clock cycle: 430085
Register Write to Reg: 0x0A Val: 0x000D265B
In clock cycle: 430086
Register Write to Reg: 0x0B Val: 0x00123000
In clock cycle: 430087
Register Write to Reg: 0x0B Val: 0x000D265B
In clock cycle: 430088
Register Write to Reg: 0x0C Val: 0x005F51A4
In clock cycle: 431108
Register Write to Reg: 0x0A Val: 0x006C8000
In clock cycle: 431109
Register Write to Reg: 0x0A Val: 0x000D2E5A
In clock cycle: 431110
Register Write to Reg: 0x0B Val: 0x00123000
In clock cycle: 431111
Register Write to Reg: 0x0B Val: 0x000D2E5A
In clock cycle: 431112
Register Write to Reg: 0x0C Val: 0x005F59A5
In clock cycle: 432132
Register Write to Reg: 0x0A Val: 0x006C9000
In clock cycle: 432133
Register Write to Reg: 0x0A Val: 0x000D3659
In clock cycle: 432134
Register Write to Reg: 0x0B Val: 0x00123000
In clock cycle: 432135
Register Write to Reg: 0x0B Val: 0x000D3659
In clock cycle: 432136
Register Write to Reg: 0x0C Val: 0x005F61A6
In clock cycle: 433156
Register Write to Reg: 0x0A Val: 0x006CA000
In clock cycle: 433157
Register Write to Reg: 0x0A Val: 0x000D3E58
In clock cycle: 433158
Register Write to Reg: 0x0B Val: 0x00123000
In clock cycle: 433159
Register Write to Reg: 0x0B Val: 0x000D3E58
In clock cycle: 433160
Register Write to Reg: 0x0C Val: 0x005F69A7
In clock cycle: 434180
Register Write to Reg: 0x0A Val: 0x006CB000
In clock cycle: 434181
Register Write to Reg: 0x0A Val: 0x000D4657
In clock cycle: 434182
Register Write to Reg: 0x0B Val: 0x00123000
In clock cycle: 434183
Register Write to Reg: 0x0B Val: 0x000D4657
In clock cycle: 434184
Register Write to Reg: 0x0C Val: 0x005F71A8
In clock cycle: 435204
Register Write to Reg: 0x0A Val: 0x006CC000
In clock cycle: 435205
Register Write to Reg: 0x0A Val: 0x000D4E56
In clock cycle: 435206
Register Write to Reg: 0x0B Val: 0x00123000
In clock cycle: 435207
Register Write to Reg: 0x0B Val: 0x000D4E56
In clock cycle: 435208
Register Write to Reg: 0x0C Val: 0x005F79A9
In clock cycle: 436228
Register Write to Reg: 0x0A Val: 0x006CD000
In clock cycle: 436229
Register Write to Reg: 0x0A Val: 0x000D5655
In clock cycle: 436230
Register Write to Reg: 0x0B Val: 0x00123000
In clock cycle: 436231
Register Write to Reg: 0x0B Val: 0x000D5655
In clock cycle: 436232
Register Write to Reg: 0x0C Val: 0x005F81AA
In clock cycle: 437252
Register Write to Reg: 0x0A Val: 0x006CE000
In clock cycle: 437253
Register Write to Reg: 0x0A Val: 0x000D5E54
In clock cycle: 437254
Register Write to Reg: 0x0B Val: 0x00123000
In clock cycle: 437255
Register Write to Reg: 0x0B Val: 0x000D5E54
In clock cycle: 437256
Register Write to Reg: 0x0C Val: 0x005F89AB
In clock cycle: 438276
Register Write to Reg: 0x0A Val: 0x006CF000
In clock cycle: 438277
Register Write to Reg: 0x0A Val: 0x000D6653
In clock cycle: 438278
Register Write to Reg: 0x0B Val: 0x00123000
In clock cycle: 438279
Register Write to Reg: 0x0B Val: 0x000D6653
In clock cycle: 438280
Register Write to Reg: 0x0C Val: 0x005F91AC
In clock cycle: 439300
Register Write to Reg: 0x0A Val: 0x006D0000
In clock cycle: 439301
Register Write to Reg: 0x0A Val: 0x000D6E52
In clock cycle: 439302
Register Write to Reg: 0x0B Val: 0x00123000
In clock cycle: 439303
Register Write to Reg: 0x0B Val: 0x000D6E52
In clock cycle: 439304
Register Write to Reg: 0x0C Val: 0x005F99AD
In clock cycle: 440324
Register Write to Reg: 0x0A Val: 0x006D1000
In clock cycle: 440325
Register Write to Reg: 0x0A Val: 0x000D7651
In clock cycle: 440326
Register Write to Reg: 0x0B Val: 0x00123000
In clock cycle: 440327
Register Write to Reg: 0x0B Val: 0x000D7651
In clock cycle: 440328
Register Write to Reg: 0x0C Val: 0x005FA1AE
In clock cycle: 441348
Register Write to Reg: 0x0A Val: 0x006D2000
In clock cycle: 441349
Register Write to Reg: 0x0A Val: 0x000D7E50
In clock cycle: 441350
Register Write to Reg: 0x0B Val: 0x00123000
In clock cycle: 441351
Register Write to Reg: 0x0B Val: 0x000D7E50
In clock cycle: 441352
Register Write to Reg: 0x0C Val: 0x005FA9AF
In clock cycle: 442372
Register Write to Reg: 0x0A Val: 0x006D3000
In clock cycle: 442373
Register Write to Reg: 0x0A Val: 0x000D864F
In clock cycle: 442374
Register Write to Reg: 0x0B Val: 0x00123000
In clock cycle: 442375
Register Write to Reg: 0x0B Val: 0x000D864F
In clock cycle: 442376
Register Write to Reg: 0x0C Val: 0x005FB1B0
In clock cycle: 443396
Register Write to Reg: 0x0A Val: 0x006D4000
In clock cycle: 443397
Register Write to Reg: 0x0A Val: 0x000D8E4E
In clock cycle: 443398
Register Write to Reg: 0x0B Val: 0x00123000
In clock cycle: 443399
Register Write to Reg: 0x0B Val: 0x000D8E4E
In clock cycle: 443400
Register Write to Reg: 0x0C Val: 0x005FB9B1
In clock cycle: 444420
Register Write to Reg: 0x0A Val: 0x006D5000
In clock cycle: 444421
Register Write to Reg: 0x0A Val: 0x000D964D
In clock cycle: 444422
Register Write to Reg: 0x0B Val: 0x00123000
In clock cycle: 444423
Register Write to Reg: 0x0B Val: 0x000D964D
In clock cycle: 444424
Register Write to Reg: 0x0C Val: 0x005FC1B2
In clock cycle: 445444
Register Write to Reg: 0x0A Val: 0x006D6000
In clock cycle: 445445
Register Write to Reg: 0x0A Val: 0x000D9E4C
In clock cycle: 445446
Register Write to Reg: 0x0B Val: 0x00123000
In clock cycle: 445447
Register Write to Reg: 0x0B Val: 0x000D9E4C
In clock cycle: 445448
Register Write to Reg: 0x0C Val: 0x005FC9B3
In clock cycle: 446468
Register Write to Reg: 0x0A Val: 0x006D7000
In clock cycle: 446469
Register Write to Reg: 0x0A Val: 0x000DA64B
In clock cycle: 446470
Register Write to Reg: 0x0B Val: 0x00123000
In clock cycle: 446471
Register Write to Reg: 0x0B Val: 0x000DA64B
In clock cycle: 446472
Register Write to Reg: 0x0C Val: 0x005FD1B4
In clock cycle: 447492
Register Write to Reg: 0x0A Val: 0x006D8000
In clock cycle: 447493
Register Write to Reg: 0x0A Val: 0x000DAE4A
In clock cycle: 447494
Register Write to Reg: 0x0B Val: 0x00123000
In clock cycle: 447495
Register Write to Reg: 0x0B Val: 0x000DAE4A
In clock cycle: 447496
Register Write to Reg: 0x0C Val: 0x005FD9B5
In clock cycle: 448516
Register Write to Reg: 0x0A Val: 0x006D9000
In clock cycle: 448517
Register Write to Reg: 0x0A Val: 0x000DB649
In clock cycle: 448518
Register Write to Reg: 0x0B Val: 0x00123000
In clock cycle: 448519
Register Write to Reg: 0x0B Val: 0x000DB649
In clock cycle: 448520
Register Write to Reg: 0x0C Val: 0x005FE1B6
In clock cycle: 449540
Register Write to Reg: 0x0A Val: 0x006DA000
In clock cycle: 449541
Register Write to Reg: 0x0A Val: 0x000DBE48
In clock cycle: 449542
Register Write to Reg: 0x0B Val: 0x00123000
In clock cycle: 449543
Register Write to Reg: 0x0B Val: 0x000DBE48
In clock cycle: 449544
Register Write to Reg: 0x0C Val: 0x005FE9B7
In clock cycle: 450564
Register Write to Reg: 0x0A Val: 0x006DB000
In clock cycle: 450565
Register Write to Reg: 0x0A Val: 0x000DC647
In clock cycle: 450566
Register Write to Reg: 0x0B Val: 0x00123000
In clock cycle: 450567
Register Write to Reg: 0x0B Val: 0x000DC647
In clock cycle: 450568
Register Write to Reg: 0x0C Val: 0x005FF1B8
In clock cycle: 451588
Register Write to Reg: 0x0A Val: 0x006DC000
In clock cycle: 451589
Register Write to Reg: 0x0A Val: 0x000DCE46
In clock cycle: 451590
Register Write to Reg: 0x0B Val: 0x00123000
In clock cycle: 451591
Register Write to Reg: 0x0B Val: 0x000DCE46
In clock cycle: 451592
Register Write to Reg: 0x0C Val: 0x005FF9B9
In clock cycle: 452612
Register Write to Reg: 0x0A Val: 0x006DD000
In clock cycle: 452613
Register Write to Reg: 0x0A Val: 0x000DD645
In clock cycle: 452614
Register Write to Reg: 0x0B Val: 0x00123000
In clock cycle: 452615
Register Write to Reg: 0x0B Val: 0x000DD645
In clock cycle: 452616
Register Write to Reg: 0x0C Val: 0x006001BA
In clock cycle: 453636
Register Write to Reg: 0x0A Val: 0x006DE000
In clock cycle: 453637
Register Write to Reg: 0x0A Val: 0x000DDE44
In clock cycle: 453638
Register Write to Reg: 0x0B Val: 0x00123000
In clock cycle: 453639
Register Write to Reg: 0x0B Val: 0x000DDE44
In clock cycle: 453640
Register Write to Reg: 0x0C Val: 0x006009BB
In clock cycle: 454660
Register Write to Reg: 0x0A Val: 0x006DF000
In clock cycle: 454661
Register Write to Reg: 0x0A Val: 0x000DE643
In clock cycle: 454662
Register Write to Reg: 0x0B Val: 0x00123000
In clock cycle: 454663
Register Write to Reg: 0x0B Val: 0x000DE643
In clock cycle: 454664
Register Write to Reg: 0x0C Val: 0x006011BC
In clock cycle: 455684
Register Write to Reg: 0x0A Val: 0x006E0000
In clock cycle: 455685
Register Write to Reg: 0x0A Val: 0x000DEE42
In clock cycle: 455686
Register Write to Reg: 0x0B Val: 0x00123000
In clock cycle: 455687
Register Write to Reg: 0x0B Val: 0x000DEE42
In clock cycle: 455688
Register Write to Reg: 0x0C Val: 0x006019BD
In clock cycle: 456708
Register Write to Reg: 0x0A Val: 0x006E1000
In clock cycle: 456709
Register Write to Reg: 0x0A Val: 0x000DF641
In clock cycle: 456710
Register Write to Reg: 0x0B Val: 0x00123000
In clock cycle: 456711
Register Write to Reg: 0x0B Val: 0x000DF641
In clock cycle: 456712
Register Write to Reg: 0x0C Val: 0x006021BE
In clock cycle: 457732
Register Write to Reg: 0x0A Val: 0x006E2000
In clock cycle: 457733
Register Write to Reg: 0x0A Val: 0x000DFE40
In clock cycle: 457734
Register Write to Reg: 0x0B Val: 0x00123000
In clock cycle: 457735
Register Write to Reg: 0x0B Val: 0x000DFE40
In clock cycle: 457736
Register Write to Reg: 0x0C Val: 0x006029BF
In clock cycle: 458756
Register Write to Reg: 0x0A Val: 0x006E3000
In clock cycle: 458757
Register Write to Reg: 0x0A Val: 0x000E063F
In clock cycle: 458758
Register Write to Reg: 0x0B Val: 0x00123000
In clock cycle: 458759
Register Write to Reg: 0x0B Val: 0x000E063F
In clock cycle: 458760
Register Write to Reg: 0x0C Val: 0x006031C0
In clock cycle: 459780
Register Write to Reg: 0x0A Val: 0x006E4000
In clock cycle: 459781
Register Write to Reg: 0x0A Val: 0x000E0E3E
In clock cycle: 459782
Register Write to Reg: 0x0B Val: 0x00123000
In clock cycle: 459783
Register Write to Reg: 0x0B Val: 0x000E0E3E
In clock cycle: 459784
Register Write to Reg: 0x0C Val: 0x006039C1
In clock cycle: 460804
Register Write to Reg: 0x0A Val: 0x006E5000
In clock cycle: 460805
Register Write to Reg: 0x0A Val: 0x000E163D
In clock cycle: 460806
Register Write to Reg: 0x0B Val: 0x00123000
In clock cycle: 460807
Register Write to Reg: 0x0B Val: 0x000E163D
In clock cycle: 460808
Register Write to Reg: 0x0C Val: 0x006041C2
In clock cycle: 461828
Register Write to Reg: 0x0A Val: 0x006E6000
In clock cycle: 461829
Register Write to Reg: 0x0A Val: 0x000E1E3C
In clock cycle: 461830
Register Write to Reg: 0x0B Val: 0x00123000
In clock cycle: 461831
Register Write to Reg: 0x0B Val: 0x000E1E3C
In clock cycle: 461832
Register Write to Reg: 0x0C Val: 0x006049C3
In clock cycle: 462852
Register Write to Reg: 0x0A Val: 0x006E7000
In clock cycle: 462853
Register Write to Reg: 0x0A Val: 0x000E263B
In clock cycle: 462854
Register Write to Reg: 0x0B Val: 0x00123000
In clock cycle: 462855
Register Write to Reg: 0x0B Val: 0x000E263B
In clock cycle: 462856
Register Write to Reg: 0x0C Val: 0x006051C4
In clock cycle: 463876
Register Write to Reg: 0x0A Val: 0x006E8000
In clock cycle: 463877
Register Write to Reg: 0x0A Val: 0x000E2E3A
In clock cycle: 463878
Register Write to Reg: 0x0B Val: 0x00123000
In clock cycle: 463879
Register Write to Reg: 0x0B Val: 0x000E2E3A
In clock cycle: 463880
Register Write to Reg: 0x0C Val: 0x006059C5
In clock cycle: 464900
Register Write to Reg: 0x0A Val: 0x006E9000
In clock cycle: 464901
Register Write to Reg: 0x0A Val: 0x000E3639
In clock cycle: 464902
Register Write to Reg: 0x0B Val: 0x00123000
In clock cycle: 464903
Register Write to Reg: 0x0B Val: 0x000E3639
In clock cycle: 464904
Register Write to Reg: 0x0C Val: 0x006061C6
In clock cycle: 465924
Register Write to Reg: 0x0A Val: 0x006EA000
In clock cycle: 465925
Register Write to Reg: 0x0A Val: 0x000E3E38
In clock cycle: 465926
Register Write to Reg: 0x0B Val: 0x00123000
In clock cycle: 465927
Register Write to Reg: 0x0B Val: 0x000E3E38
In clock cycle: 465928
Register Write to Reg: 0x0C Val: 0x006069C7
In clock cycle: 466948
Register Write to Reg: 0x0A Val: 0x006EB000
In clock cycle: 466949
Register Write to Reg: 0x0A Val: 0x000E4637
In clock cycle: 466950
Register Write to Reg: 0x0B Val: 0x00123000
In clock cycle: 466951
Register Write to Reg: 0x0B Val: 0x000E4637
In clock cycle: 466952
Register Write to Reg: 0x0C Val: 0x006071C8
In clock cycle: 467972
Register Write to Reg: 0x0A Val: 0x006EC000
In clock cycle: 467973
Register Write to Reg: 0x0A Val: 0x000E4E36
In clock cycle: 467974
Register Write to Reg: 0x0B Val: 0x00123000
In clock cycle: 467975
Register Write to Reg: 0x0B Val: 0x000E4E36
In clock cycle: 467976
Register Write to Reg: 0x0C Val: 0x006079C9
In clock cycle: 468996
Register Write to Reg: 0x0A Val: 0x006ED000
In clock cycle: 468997
Register Write to Reg: 0x0A Val: 0x000E5635
In clock cycle: 468998
Register Write to Reg: 0x0B Val: 0x00123000
In clock cycle: 468999
Register Write to Reg: 0x0B Val: 0x000E5635
In clock cycle: 469000
Register Write to Reg: 0x0C Val: 0x006081CA
In clock cycle: 470020
Register Write to Reg: 0x0A Val: 0x006EE000
In clock cycle: 470021
Register Write to Reg: 0x0A Val: 0x000E5E34
In clock cycle: 470022
Register Write to Reg: 0x0B Val: 0x00123000
In clock cycle: 470023
Register Write to Reg: 0x0B Val: 0x000E5E34
In clock cycle: 470024
Register Write to Reg: 0x0C Val: 0x006089CB
In clock cycle: 471044
Register Write to Reg: 0x0A Val: 0x006EF000
In clock cycle: 471045
Register Write to Reg: 0x0A Val: 0x000E6633
In clock cycle: 471046
Register Write to Reg: 0x0B Val: 0x00123000
In clock cycle: 471047
Register Write to Reg: 0x0B Val: 0x000E6633
In clock cycle: 471048
Register Write to Reg: 0x0C Val: 0x006091CC
In clock cycle: 472068
Register Write to Reg: 0x0A Val: 0x006F0000
In clock cycle: 472069
Register Write to Reg: 0x0A Val: 0x000E6E32
In clock cycle: 472070
Register Write to Reg: 0x0B Val: 0x00123000
In clock cycle: 472071
Register Write to Reg: 0x0B Val: 0x000E6E32
In clock cycle: 472072
Register Write to Reg: 0x0C Val: 0x006099CD
In clock cycle: 473092
Register Write to Reg: 0x0A Val: 0x006F1000
In clock cycle: 473093
Register Write to Reg: 0x0A Val: 0x000E7631
In clock cycle: 473094
Register Write to Reg: 0x0B Val: 0x00123000
In clock cycle: 473095
Register Write to Reg: 0x0B Val: 0x000E7631
In clock cycle: 473096
Register Write to Reg: 0x0C Val: 0x0060A1CE
In clock cycle: 474116
Register Write to Reg: 0x0A Val: 0x006F2000
In clock cycle: 474117
Register Write to Reg: 0x0A Val: 0x000E7E30
In clock cycle: 474118
Register Write to Reg: 0x0B Val: 0x00123000
In clock cycle: 474119
Register Write to Reg: 0x0B Val: 0x000E7E30
In clock cycle: 474120
Register Write to Reg: 0x0C Val: 0x0060A9CF
In clock cycle: 475140
Register Write to Reg: 0x0A Val: 0x006F3000
In clock cycle: 475141
Register Write to Reg: 0x0A Val: 0x000E862F
In clock cycle: 475142
Register Write to Reg: 0x0B Val: 0x00123000
In clock cycle: 475143
Register Write to Reg: 0x0B Val: 0x000E862F
In clock cycle: 475144
Register Write to Reg: 0x0C Val: 0x0060B1D0
In clock cycle: 476164
Register Write to Reg: 0x0A Val: 0x006F4000
In clock cycle: 476165
Register Write to Reg: 0x0A Val: 0x000E8E2E
In clock cycle: 476166
Register Write to Reg: 0x0B Val: 0x00123000
In clock cycle: 476167
Register Write to Reg: 0x0B Val: 0x000E8E2E
In clock cycle: 476168
Register Write to Reg: 0x0C Val: 0x0060B9D1
In clock cycle: 477188
Register Write to Reg: 0x0A Val: 0x006F5000
In clock cycle: 477189
Register Write to Reg: 0x0A Val: 0x000E962D
In clock cycle: 477190
Register Write to Reg: 0x0B Val: 0x00123000
In clock cycle: 477191
Register Write to Reg: 0x0B Val: 0x000E962D
In clock cycle: 477192
Register Write to Reg: 0x0C Val: 0x0060C1D2
In clock cycle: 478212
Register Write to Reg: 0x0A Val: 0x006F6000
In clock cycle: 478213
Register Write to Reg: 0x0A Val: 0x000E9E2C
In clock cycle: 478214
Register Write to Reg: 0x0B Val: 0x00123000
In clock cycle: 478215
Register Write to Reg: 0x0B Val: 0x000E9E2C
In clock cycle: 478216
Register Write to Reg: 0x0C Val: 0x0060C9D3
In clock cycle: 479236
Register Write to Reg: 0x0A Val: 0x006F7000
In clock cycle: 479237
Register Write to Reg: 0x0A Val: 0x000EA62B
In clock cycle: 479238
Register Write to Reg: 0x0B Val: 0x00123000
In clock cycle: 479239
Register Write to Reg: 0x0B Val: 0x000EA62B
In clock cycle: 479240
Register Write to Reg: 0x0C Val: 0x0060D1D4
In clock cycle: 480260
Register Write to Reg: 0x0A Val: 0x006F8000
In clock cycle: 480261
Register Write to Reg: 0x0A Val: 0x000EAE2A
In clock cycle: 480262
Register Write to Reg: 0x0B Val: 0x00123000
In clock cycle: 480263
Register Write to Reg: 0x0B Val: 0x000EAE2A
In clock cycle: 480264
Register Write to Reg: 0x0C Val: 0x0060D9D5
In clock cycle: 481284
Register Write to Reg: 0x0A Val: 0x006F9000
In clock cycle: 481285
Register Write to Reg: 0x0A Val: 0x000EB629
In clock cycle: 481286
Register Write to Reg: 0x0B Val: 0x00123000
In clock cycle: 481287
Register Write to Reg: 0x0B Val: 0x000EB629
In clock cycle: 481288
Register Write to Reg: 0x0C Val: 0x0060E1D6
In clock cycle: 482308
Register Write to Reg: 0x0A Val: 0x006FA000
In clock cycle: 482309
Register Write to Reg: 0x0A Val: 0x000EBE28
In clock cycle: 482310
Register Write to Reg: 0x0B Val: 0x00123000
In clock cycle: 482311
Register Write to Reg: 0x0B Val: 0x000EBE28
In clock cycle: 482312
Register Write to Reg: 0x0C Val: 0x0060E9D7
In clock cycle: 483332
Register Write to Reg: 0x0A Val: 0x006FB000
In clock cycle: 483333
Register Write to Reg: 0x0A Val: 0x000EC627
In clock cycle: 483334
Register Write to Reg: 0x0B Val: 0x00123000
In clock cycle: 483335
Register Write to Reg: 0x0B Val: 0x000EC627
In clock cycle: 483336
Register Write to Reg: 0x0C Val: 0x0060F1D8
In clock cycle: 484356
Register Write to Reg: 0x0A Val: 0x006FC000
In clock cycle: 484357
Register Write to Reg: 0x0A Val: 0x000ECE26
In clock cycle: 484358
Register Write to Reg: 0x0B Val: 0x00123000
In clock cycle: 484359
Register Write to Reg: 0x0B Val: 0x000ECE26
In clock cycle: 484360
Register Write to Reg: 0x0C Val: 0x0060F9D9
In clock cycle: 485380
Register Write to Reg: 0x0A Val: 0x006FD000
In clock cycle: 485381
Register Write to Reg: 0x0A Val: 0x000ED625
In clock cycle: 485382
Register Write to Reg: 0x0B Val: 0x00123000
In clock cycle: 485383
Register Write to Reg: 0x0B Val: 0x000ED625
In clock cycle: 485384
Register Write to Reg: 0x0C Val: 0x006101DA
In clock cycle: 486404
Register Write to Reg: 0x0A Val: 0x006FE000
In clock cycle: 486405
Register Write to Reg: 0x0A Val: 0x000EDE24
In clock cycle: 486406
Register Write to Reg: 0x0B Val: 0x00123000
In clock cycle: 486407
Register Write to Reg: 0x0B Val: 0x000EDE24
In clock cycle: 486408
Register Write to Reg: 0x0C Val: 0x006109DB
In clock cycle: 487428
Register Write to Reg: 0x0A Val: 0x006FF000
In clock cycle: 487429
Register Write to Reg: 0x0A Val: 0x000EE623
In clock cycle: 487430
Register Write to Reg: 0x0B Val: 0x00123000
In clock cycle: 487431
Register Write to Reg: 0x0B Val: 0x000EE623
In clock cycle: 487432
Register Write to Reg: 0x0C Val: 0x006111DC
In clock cycle: 488452
Register Write to Reg: 0x0A Val: 0x00700000
In clock cycle: 488453
Register Write to Reg: 0x0A Val: 0x000EEE22
In clock cycle: 488454
Register Write to Reg: 0x0B Val: 0x00123000
In clock cycle: 488455
Register Write to Reg: 0x0B Val: 0x000EEE22
In clock cycle: 488456
Register Write to Reg: 0x0C Val: 0x006119DD
In clock cycle: 489476
Register Write to Reg: 0x0A Val: 0x00701000
In clock cycle: 489477
Register Write to Reg: 0x0A Val: 0x000EF621
In clock cycle: 489478
Register Write to Reg: 0x0B Val: 0x00123000
In clock cycle: 489479
Register Write to Reg: 0x0B Val: 0x000EF621
In clock cycle: 489480
Register Write to Reg: 0x0C Val: 0x006121DE
In clock cycle: 490500
Register Write to Reg: 0x0A Val: 0x00702000
In clock cycle: 490501
Register Write to Reg: 0x0A Val: 0x000EFE20
In clock cycle: 490502
Register Write to Reg: 0x0B Val: 0x00123000
In clock cycle: 490503
Register Write to Reg: 0x0B Val: 0x000EFE20
In clock cycle: 490504
Register Write to Reg: 0x0C Val: 0x006129DF
In clock cycle: 491524
Register Write to Reg: 0x0A Val: 0x00703000
In clock cycle: 491525
Register Write to Reg: 0x0A Val: 0x000F061F
In clock cycle: 491526
Register Write to Reg: 0x0B Val: 0x00123000
In clock cycle: 491527
Register Write to Reg: 0x0B Val: 0x000F061F
In clock cycle: 491528
Register Write to Reg: 0x0C Val: 0x006131E0
In clock cycle: 492548
Register Write to Reg: 0x0A Val: 0x00704000
In clock cycle: 492549
Register Write to Reg: 0x0A Val: 0x000F0E1E
In clock cycle: 492550
Register Write to Reg: 0x0B Val: 0x00123000
In clock cycle: 492551
Register Write to Reg: 0x0B Val: 0x000F0E1E
In clock cycle: 492552
Register Write to Reg: 0x0C Val: 0x006139E1
In clock cycle: 493572
Register Write to Reg: 0x0A Val: 0x00705000
In clock cycle: 493573
Register Write to Reg: 0x0A Val: 0x000F161D
In clock cycle: 493574
Register Write to Reg: 0x0B Val: 0x00123000
In clock cycle: 493575
Register Write to Reg: 0x0B Val: 0x000F161D
In clock cycle: 493576
Register Write to Reg: 0x0C Val: 0x006141E2
In clock cycle: 494596
Register Write to Reg: 0x0A Val: 0x00706000
In clock cycle: 494597
Register Write to Reg: 0x0A Val: 0x000F1E1C
In clock cycle: 494598
Register Write to Reg: 0x0B Val: 0x00123000
In clock cycle: 494599
Register Write to Reg: 0x0B Val: 0x000F1E1C
In clock cycle: 494600
Register Write to Reg: 0x0C Val: 0x006149E3
In clock cycle: 495620
Register Write to Reg: 0x0A Val: 0x00707000
In clock cycle: 495621
Register Write to Reg: 0x0A Val: 0x000F261B
In clock cycle: 495622
Register Write to Reg: 0x0B Val: 0x00123000
In clock cycle: 495623
Register Write to Reg: 0x0B Val: 0x000F261B
In clock cycle: 495624
Register Write to Reg: 0x0C Val: 0x006151E4
In clock cycle: 496644
Register Write to Reg: 0x0A Val: 0x00708000
In clock cycle: 496645
Register Write to Reg: 0x0A Val: 0x000F2E1A
In clock cycle: 496646
Register Write to Reg: 0x0B Val: 0x00123000
In clock cycle: 496647
Register Write to Reg: 0x0B Val: 0x000F2E1A
In clock cycle: 496648
Register Write to Reg: 0x0C Val: 0x006159E5
In clock cycle: 497668
Register Write to Reg: 0x0A Val: 0x00709000
In clock cycle: 497669
Register Write to Reg: 0x0A Val: 0x000F3619
In clock cycle: 497670
Register Write to Reg: 0x0B Val: 0x00123000
In clock cycle: 497671
Register Write to Reg: 0x0B Val: 0x000F3619
In clock cycle: 497672
Register Write to Reg: 0x0C Val: 0x006161E6
In clock cycle: 498692
Register Write to Reg: 0x0A Val: 0x0070A000
In clock cycle: 498693
Register Write to Reg: 0x0A Val: 0x000F3E18
In clock cycle: 498694
Register Write to Reg: 0x0B Val: 0x00123000
In clock cycle: 498695
Register Write to Reg: 0x0B Val: 0x000F3E18
In clock cycle: 498696
Register Write to Reg: 0x0C Val: 0x006169E7
In clock cycle: 499716
Register Write to Reg: 0x0A Val: 0x0070B000
In clock cycle: 499717
Register Write to Reg: 0x0A Val: 0x000F4617
In clock cycle: 499718
Register Write to Reg: 0x0B Val: 0x00123000
In clock cycle: 499719
Register Write to Reg: 0x0B Val: 0x000F4617
In clock cycle: 499720
Register Write to Reg: 0x0C Val: 0x006171E8
