Reading pref.tcl

# 2025.1_2

# vsim -postsimdataflow -debugdb -c -voptargs=""+acc"" tb -do "modelsim_framework.do" -gOUTPUT_TRACE=ms.trace 
# Start time: 15:20:12 on Nov 25,2025
# ** Note: (vsim-8009) Loading existing optimized design _opt
# //  Questa Sim-64
# //  Version 2025.1_2 linux_x86_64 Apr  7 2025
# //
# // Unpublished work. Copyright 2025 Siemens
# //
# // This material contains trade secrets or otherwise confidential information
# // owned by Siemens Industry Software Inc. or its affiliates (collectively,
# // "SISW"), or its licensors. Access to and use of this information is strictly
# // limited as set forth in the Customer's applicable agreements with SISW.
# //
# // This material may not be copied, distributed, or otherwise disclosed outside
# // of the Customer's facilities without the express written permission of SISW,
# // and may not be used in any way not expressly authorized by SISW.
# //
# Loading std.standard
# Loading std.textio(body)
# Loading ieee.std_logic_1164(body)
# Loading ieee.std_logic_textio(body)
# Loading std.env(body)
# Loading work.tb(mixed)#1
# Loading ieee.numeric_std(body)
# Loading work.riscv_types(body)
# Loading work.riscv_processor(structure)#1
# Loading work.mem(rtl)#1
# Loading work.fetch(structural)#1
# Loading work.adder_n(rtl)#1
# Loading work.mux2t1_n(rtl)#1
# Loading work.ifid_reg(behavioral)#1
# Loading work.idex_reg(behavioral)#1
# Loading work.exmem_reg(behavioral)#1
# Loading work.memwb_reg(behavioral)#1
# Loading work.control(dataflow)#1
# Loading work.alu_control(dataflow)#1
# Loading work.regfile(rtl)#1
# Loading work.decoder5t32(dataflow)#1
# Loading work.reg_n(structural)#1
# Loading work.dffg(mixed)#1
# Loading work.mux32_1(rtl)#1
# Loading work.immgen(dataflow)#1
# Loading work.alu(structural)#1
# Loading work.barrelshifter(dataflow)#1
# ** Warning: (vsim-8683) Uninitialized out port /tb/MyRiscv/u_MEMWB/o_Instr(31 downto 7) has no driver.
# This port will contribute value (25'hXXXXXXX) to the signal network.
# ** Warning: (vsim-8683) Uninitialized out port /tb/MyRiscv/u_MEMWB/o_Instr(6 downto 0) has no driver.
# This port will contribute value (7'hXX) to the signal network.
# ** Note: (vsim-8716) Reusing existing debug database vsim.dbg.
# do modelsim_framework.do
# ** Warning: NUMERIC_STD."<": metavalue detected, returning FALSE
#    Time: 0 ns  Iteration: 0  Instance: /tb/MyRiscv
# ** Warning: NUMERIC_STD."<": metavalue detected, returning FALSE
#    Time: 0 ns  Iteration: 0  Instance: /tb/MyRiscv
# ** Warning: NUMERIC_STD.TO_INTEGER: metavalue detected, returning 0
#    Time: 0 ns  Iteration: 0  Instance: /tb/MyRiscv/u_regfile/MUXB
# ** Warning: NUMERIC_STD.TO_INTEGER: metavalue detected, returning 0
#    Time: 0 ns  Iteration: 0  Instance: /tb/MyRiscv/u_regfile/MUXA
# ** Warning: NUMERIC_STD.TO_INTEGER: metavalue detected, returning 0
#    Time: 0 ns  Iteration: 0  Instance: /tb/MyRiscv/DMem
# ** Warning: NUMERIC_STD.TO_INTEGER: metavalue detected, returning 0
#    Time: 0 ns  Iteration: 0  Instance: /tb/MyRiscv/IMem
# ** Warning: NUMERIC_STD.TO_INTEGER: metavalue detected, returning 0
#    Time: 0 ns  Iteration: 1  Instance: /tb/MyRiscv/u_alu/u_shifter
# ** Warning: NUMERIC_STD.TO_INTEGER: metavalue detected, returning 0
#    Time: 0 ns  Iteration: 1  Instance: /tb/MyRiscv/u_regfile/MUXA
# ** Warning: NUMERIC_STD.TO_INTEGER: metavalue detected, returning 0
#    Time: 0 ns  Iteration: 1  Instance: /tb/MyRiscv/u_regfile/MUXB
# ** Warning: NUMERIC_STD."<": metavalue detected, returning FALSE
#    Time: 0 ns  Iteration: 1  Instance: /tb/MyRiscv
# ** Warning: NUMERIC_STD."<": metavalue detected, returning FALSE
#    Time: 0 ns  Iteration: 1  Instance: /tb/MyRiscv
# ** Warning: NUMERIC_STD.TO_INTEGER: metavalue detected, returning 0
#    Time: 760 ns  Iteration: 2  Instance: /tb/MyRiscv/u_regfile/MUXB
# ** Warning: NUMERIC_STD.TO_INTEGER: metavalue detected, returning 0
#    Time: 760 ns  Iteration: 2  Instance: /tb/MyRiscv/u_regfile/MUXA
# ** Warning: NUMERIC_STD.TO_INTEGER: metavalue detected, returning 0
#    Time: 760 ns  Iteration: 5  Instance: /tb/MyRiscv/u_regfile/MUXA
# ** Warning: NUMERIC_STD.TO_INTEGER: metavalue detected, returning 0
#    Time: 760 ns  Iteration: 5  Instance: /tb/MyRiscv/u_regfile/MUXB
# ** Warning: NUMERIC_STD.TO_INTEGER: metavalue detected, returning 0
#    Time: 780 ns  Iteration: 5  Instance: /tb/MyRiscv/u_regfile/MUXA
# ** Warning: NUMERIC_STD.TO_INTEGER: metavalue detected, returning 0
#    Time: 780 ns  Iteration: 5  Instance: /tb/MyRiscv/u_regfile/MUXB
# ** Warning: NUMERIC_STD.TO_INTEGER: metavalue detected, returning 0
#    Time: 800 ns  Iteration: 5  Instance: /tb/MyRiscv/u_regfile/MUXA
# ** Warning: NUMERIC_STD.TO_INTEGER: metavalue detected, returning 0
#    Time: 800 ns  Iteration: 5  Instance: /tb/MyRiscv/u_regfile/MUXB
# ** Warning: NUMERIC_STD.TO_INTEGER: metavalue detected, returning 0
#    Time: 21240 ns  Iteration: 2  Instance: /tb/MyRiscv/u_regfile/MUXB
# ** Warning: NUMERIC_STD.TO_INTEGER: metavalue detected, returning 0
#    Time: 21240 ns  Iteration: 2  Instance: /tb/MyRiscv/u_regfile/MUXA
# ** Warning: NUMERIC_STD.TO_INTEGER: metavalue detected, returning 0
#    Time: 21240 ns  Iteration: 5  Instance: /tb/MyRiscv/u_regfile/MUXA
# ** Warning: NUMERIC_STD.TO_INTEGER: metavalue detected, returning 0
#    Time: 21240 ns  Iteration: 5  Instance: /tb/MyRiscv/u_regfile/MUXB
# ** Warning: NUMERIC_STD.TO_INTEGER: metavalue detected, returning 0
#    Time: 21260 ns  Iteration: 5  Instance: /tb/MyRiscv/u_regfile/MUXA
# ** Warning: NUMERIC_STD.TO_INTEGER: metavalue detected, returning 0
#    Time: 21260 ns  Iteration: 5  Instance: /tb/MyRiscv/u_regfile/MUXB
# ** Warning: NUMERIC_STD.TO_INTEGER: metavalue detected, returning 0
#    Time: 21280 ns  Iteration: 5  Instance: /tb/MyRiscv/u_regfile/MUXA
# ** Warning: NUMERIC_STD.TO_INTEGER: metavalue detected, returning 0
#    Time: 21280 ns  Iteration: 5  Instance: /tb/MyRiscv/u_regfile/MUXB
# ** Warning: NUMERIC_STD.TO_INTEGER: metavalue detected, returning 0
#    Time: 41720 ns  Iteration: 2  Instance: /tb/MyRiscv/u_regfile/MUXB
# ** Warning: NUMERIC_STD.TO_INTEGER: metavalue detected, returning 0
#    Time: 41720 ns  Iteration: 2  Instance: /tb/MyRiscv/u_regfile/MUXA
# ** Warning: NUMERIC_STD.TO_INTEGER: metavalue detected, returning 0
#    Time: 41720 ns  Iteration: 5  Instance: /tb/MyRiscv/u_regfile/MUXA
# ** Warning: NUMERIC_STD.TO_INTEGER: metavalue detected, returning 0
#    Time: 41720 ns  Iteration: 5  Instance: /tb/MyRiscv/u_regfile/MUXB
# ** Warning: NUMERIC_STD.TO_INTEGER: metavalue detected, returning 0
#    Time: 41740 ns  Iteration: 5  Instance: /tb/MyRiscv/u_regfile/MUXA
# ** Warning: NUMERIC_STD.TO_INTEGER: metavalue detected, returning 0
#    Time: 41740 ns  Iteration: 5  Instance: /tb/MyRiscv/u_regfile/MUXB
# ** Warning: NUMERIC_STD.TO_INTEGER: metavalue detected, returning 0
#    Time: 41760 ns  Iteration: 5  Instance: /tb/MyRiscv/u_regfile/MUXA
# ** Warning: NUMERIC_STD.TO_INTEGER: metavalue detected, returning 0
#    Time: 41760 ns  Iteration: 5  Instance: /tb/MyRiscv/u_regfile/MUXB
# ** Warning: NUMERIC_STD.TO_INTEGER: metavalue detected, returning 0
#    Time: 62200 ns  Iteration: 2  Instance: /tb/MyRiscv/u_regfile/MUXB
# ** Warning: NUMERIC_STD.TO_INTEGER: metavalue detected, returning 0
#    Time: 62200 ns  Iteration: 2  Instance: /tb/MyRiscv/u_regfile/MUXA
# ** Warning: NUMERIC_STD.TO_INTEGER: metavalue detected, returning 0
#    Time: 62200 ns  Iteration: 5  Instance: /tb/MyRiscv/u_regfile/MUXA
# ** Warning: NUMERIC_STD.TO_INTEGER: metavalue detected, returning 0
#    Time: 62200 ns  Iteration: 5  Instance: /tb/MyRiscv/u_regfile/MUXB
# ** Warning: NUMERIC_STD.TO_INTEGER: metavalue detected, returning 0
#    Time: 62220 ns  Iteration: 5  Instance: /tb/MyRiscv/u_regfile/MUXA
# ** Warning: NUMERIC_STD.TO_INTEGER: metavalue detected, returning 0
#    Time: 62220 ns  Iteration: 5  Instance: /tb/MyRiscv/u_regfile/MUXB
# ** Warning: NUMERIC_STD.TO_INTEGER: metavalue detected, returning 0
#    Time: 62240 ns  Iteration: 5  Instance: /tb/MyRiscv/u_regfile/MUXA
# ** Warning: NUMERIC_STD.TO_INTEGER: metavalue detected, returning 0
#    Time: 62240 ns  Iteration: 5  Instance: /tb/MyRiscv/u_regfile/MUXB
# ** Warning: NUMERIC_STD.TO_INTEGER: metavalue detected, returning 0
#    Time: 82680 ns  Iteration: 2  Instance: /tb/MyRiscv/u_regfile/MUXB
# ** Warning: NUMERIC_STD.TO_INTEGER: metavalue detected, returning 0
#    Time: 82680 ns  Iteration: 2  Instance: /tb/MyRiscv/u_regfile/MUXA
# ** Warning: NUMERIC_STD.TO_INTEGER: metavalue detected, returning 0
#    Time: 82680 ns  Iteration: 5  Instance: /tb/MyRiscv/u_regfile/MUXA
# ** Warning: NUMERIC_STD.TO_INTEGER: metavalue detected, returning 0
#    Time: 82680 ns  Iteration: 5  Instance: /tb/MyRiscv/u_regfile/MUXB
# ** Warning: NUMERIC_STD.TO_INTEGER: metavalue detected, returning 0
#    Time: 82700 ns  Iteration: 5  Instance: /tb/MyRiscv/u_regfile/MUXA
# ** Warning: NUMERIC_STD.TO_INTEGER: metavalue detected, returning 0
#    Time: 82700 ns  Iteration: 5  Instance: /tb/MyRiscv/u_regfile/MUXB
# ** Warning: NUMERIC_STD.TO_INTEGER: metavalue detected, returning 0
#    Time: 82720 ns  Iteration: 5  Instance: /tb/MyRiscv/u_regfile/MUXA
# ** Warning: NUMERIC_STD.TO_INTEGER: metavalue detected, returning 0
#    Time: 82720 ns  Iteration: 5  Instance: /tb/MyRiscv/u_regfile/MUXB
# ** Warning: NUMERIC_STD.TO_INTEGER: metavalue detected, returning 0
#    Time: 103160 ns  Iteration: 2  Instance: /tb/MyRiscv/u_regfile/MUXB
# ** Warning: NUMERIC_STD.TO_INTEGER: metavalue detected, returning 0
#    Time: 103160 ns  Iteration: 2  Instance: /tb/MyRiscv/u_regfile/MUXA
# ** Warning: NUMERIC_STD.TO_INTEGER: metavalue detected, returning 0
#    Time: 103160 ns  Iteration: 5  Instance: /tb/MyRiscv/u_regfile/MUXA
# ** Warning: NUMERIC_STD.TO_INTEGER: metavalue detected, returning 0
#    Time: 103160 ns  Iteration: 5  Instance: /tb/MyRiscv/u_regfile/MUXB
# ** Warning: NUMERIC_STD.TO_INTEGER: metavalue detected, returning 0
#    Time: 103180 ns  Iteration: 5  Instance: /tb/MyRiscv/u_regfile/MUXA
# ** Warning: NUMERIC_STD.TO_INTEGER: metavalue detected, returning 0
#    Time: 103180 ns  Iteration: 5  Instance: /tb/MyRiscv/u_regfile/MUXB
# ** Warning: NUMERIC_STD.TO_INTEGER: metavalue detected, returning 0
#    Time: 103200 ns  Iteration: 5  Instance: /tb/MyRiscv/u_regfile/MUXA
# ** Warning: NUMERIC_STD.TO_INTEGER: metavalue detected, returning 0
#    Time: 103200 ns  Iteration: 5  Instance: /tb/MyRiscv/u_regfile/MUXB
# ** Warning: NUMERIC_STD.TO_INTEGER: metavalue detected, returning 0
#    Time: 123640 ns  Iteration: 2  Instance: /tb/MyRiscv/u_regfile/MUXB
# ** Warning: NUMERIC_STD.TO_INTEGER: metavalue detected, returning 0
#    Time: 123640 ns  Iteration: 2  Instance: /tb/MyRiscv/u_regfile/MUXA
# ** Warning: NUMERIC_STD.TO_INTEGER: metavalue detected, returning 0
#    Time: 123640 ns  Iteration: 5  Instance: /tb/MyRiscv/u_regfile/MUXA
# ** Warning: NUMERIC_STD.TO_INTEGER: metavalue detected, returning 0
#    Time: 123640 ns  Iteration: 5  Instance: /tb/MyRiscv/u_regfile/MUXB
# ** Warning: NUMERIC_STD.TO_INTEGER: metavalue detected, returning 0
#    Time: 123660 ns  Iteration: 5  Instance: /tb/MyRiscv/u_regfile/MUXA
# ** Warning: NUMERIC_STD.TO_INTEGER: metavalue detected, returning 0
#    Time: 123660 ns  Iteration: 5  Instance: /tb/MyRiscv/u_regfile/MUXB
# ** Warning: NUMERIC_STD.TO_INTEGER: metavalue detected, returning 0
#    Time: 123680 ns  Iteration: 5  Instance: /tb/MyRiscv/u_regfile/MUXA
# ** Warning: NUMERIC_STD.TO_INTEGER: metavalue detected, returning 0
#    Time: 123680 ns  Iteration: 5  Instance: /tb/MyRiscv/u_regfile/MUXB
# ** Warning: NUMERIC_STD.TO_INTEGER: metavalue detected, returning 0
#    Time: 144120 ns  Iteration: 2  Instance: /tb/MyRiscv/u_regfile/MUXB
# ** Warning: NUMERIC_STD.TO_INTEGER: metavalue detected, returning 0
#    Time: 144120 ns  Iteration: 2  Instance: /tb/MyRiscv/u_regfile/MUXA
# ** Warning: NUMERIC_STD.TO_INTEGER: metavalue detected, returning 0
#    Time: 144120 ns  Iteration: 5  Instance: /tb/MyRiscv/u_regfile/MUXA
# ** Warning: NUMERIC_STD.TO_INTEGER: metavalue detected, returning 0
#    Time: 144120 ns  Iteration: 5  Instance: /tb/MyRiscv/u_regfile/MUXB
# ** Warning: NUMERIC_STD.TO_INTEGER: metavalue detected, returning 0
#    Time: 144140 ns  Iteration: 5  Instance: /tb/MyRiscv/u_regfile/MUXA
# ** Warning: NUMERIC_STD.TO_INTEGER: metavalue detected, returning 0
#    Time: 144140 ns  Iteration: 5  Instance: /tb/MyRiscv/u_regfile/MUXB
# ** Warning: NUMERIC_STD.TO_INTEGER: metavalue detected, returning 0
#    Time: 144160 ns  Iteration: 5  Instance: /tb/MyRiscv/u_regfile/MUXA
# ** Warning: NUMERIC_STD.TO_INTEGER: metavalue detected, returning 0
#    Time: 144160 ns  Iteration: 5  Instance: /tb/MyRiscv/u_regfile/MUXB
# ** Warning: NUMERIC_STD.TO_INTEGER: metavalue detected, returning 0
#    Time: 164600 ns  Iteration: 2  Instance: /tb/MyRiscv/u_regfile/MUXB
# ** Warning: NUMERIC_STD.TO_INTEGER: metavalue detected, returning 0
#    Time: 164600 ns  Iteration: 2  Instance: /tb/MyRiscv/u_regfile/MUXA
# ** Warning: NUMERIC_STD.TO_INTEGER: metavalue detected, returning 0
#    Time: 164600 ns  Iteration: 5  Instance: /tb/MyRiscv/u_regfile/MUXA
# ** Warning: NUMERIC_STD.TO_INTEGER: metavalue detected, returning 0
#    Time: 164600 ns  Iteration: 5  Instance: /tb/MyRiscv/u_regfile/MUXB
# ** Warning: NUMERIC_STD.TO_INTEGER: metavalue detected, returning 0
#    Time: 164620 ns  Iteration: 5  Instance: /tb/MyRiscv/u_regfile/MUXA
# ** Warning: NUMERIC_STD.TO_INTEGER: metavalue detected, returning 0
#    Time: 164620 ns  Iteration: 5  Instance: /tb/MyRiscv/u_regfile/MUXB
# ** Warning: NUMERIC_STD.TO_INTEGER: metavalue detected, returning 0
#    Time: 164640 ns  Iteration: 5  Instance: /tb/MyRiscv/u_regfile/MUXA
# ** Warning: NUMERIC_STD.TO_INTEGER: metavalue detected, returning 0
#    Time: 164640 ns  Iteration: 5  Instance: /tb/MyRiscv/u_regfile/MUXB
# ** Warning: NUMERIC_STD.TO_INTEGER: metavalue detected, returning 0
#    Time: 185080 ns  Iteration: 2  Instance: /tb/MyRiscv/u_regfile/MUXB
# ** Warning: NUMERIC_STD.TO_INTEGER: metavalue detected, returning 0
#    Time: 185080 ns  Iteration: 2  Instance: /tb/MyRiscv/u_regfile/MUXA
# ** Warning: NUMERIC_STD.TO_INTEGER: metavalue detected, returning 0
#    Time: 185080 ns  Iteration: 5  Instance: /tb/MyRiscv/u_regfile/MUXA
# ** Warning: NUMERIC_STD.TO_INTEGER: metavalue detected, returning 0
#    Time: 185080 ns  Iteration: 5  Instance: /tb/MyRiscv/u_regfile/MUXB
# ** Warning: NUMERIC_STD.TO_INTEGER: metavalue detected, returning 0
#    Time: 185100 ns  Iteration: 5  Instance: /tb/MyRiscv/u_regfile/MUXA
# ** Warning: NUMERIC_STD.TO_INTEGER: metavalue detected, returning 0
#    Time: 185100 ns  Iteration: 5  Instance: /tb/MyRiscv/u_regfile/MUXB
# ** Warning: NUMERIC_STD.TO_INTEGER: metavalue detected, returning 0
#    Time: 185120 ns  Iteration: 5  Instance: /tb/MyRiscv/u_regfile/MUXA
# ** Warning: NUMERIC_STD.TO_INTEGER: metavalue detected, returning 0
#    Time: 185120 ns  Iteration: 5  Instance: /tb/MyRiscv/u_regfile/MUXB
# ** Warning: NUMERIC_STD.TO_INTEGER: metavalue detected, returning 0
#    Time: 205560 ns  Iteration: 2  Instance: /tb/MyRiscv/u_regfile/MUXB
# ** Warning: NUMERIC_STD.TO_INTEGER: metavalue detected, returning 0
#    Time: 205560 ns  Iteration: 2  Instance: /tb/MyRiscv/u_regfile/MUXA
# ** Warning: NUMERIC_STD.TO_INTEGER: metavalue detected, returning 0
#    Time: 205560 ns  Iteration: 5  Instance: /tb/MyRiscv/u_regfile/MUXA
# ** Warning: NUMERIC_STD.TO_INTEGER: metavalue detected, returning 0
#    Time: 205560 ns  Iteration: 5  Instance: /tb/MyRiscv/u_regfile/MUXB
# ** Warning: NUMERIC_STD.TO_INTEGER: metavalue detected, returning 0
#    Time: 205580 ns  Iteration: 5  Instance: /tb/MyRiscv/u_regfile/MUXA
# ** Warning: NUMERIC_STD.TO_INTEGER: metavalue detected, returning 0
#    Time: 205580 ns  Iteration: 5  Instance: /tb/MyRiscv/u_regfile/MUXB
# ** Warning: NUMERIC_STD.TO_INTEGER: metavalue detected, returning 0
#    Time: 205600 ns  Iteration: 5  Instance: /tb/MyRiscv/u_regfile/MUXA
# ** Warning: NUMERIC_STD.TO_INTEGER: metavalue detected, returning 0
#    Time: 205600 ns  Iteration: 5  Instance: /tb/MyRiscv/u_regfile/MUXB
# ** Warning: NUMERIC_STD.TO_INTEGER: metavalue detected, returning 0
#    Time: 226040 ns  Iteration: 2  Instance: /tb/MyRiscv/u_regfile/MUXB
# ** Warning: NUMERIC_STD.TO_INTEGER: metavalue detected, returning 0
#    Time: 226040 ns  Iteration: 2  Instance: /tb/MyRiscv/u_regfile/MUXA
# ** Warning: NUMERIC_STD.TO_INTEGER: metavalue detected, returning 0
#    Time: 226040 ns  Iteration: 5  Instance: /tb/MyRiscv/u_regfile/MUXA
# ** Warning: NUMERIC_STD.TO_INTEGER: metavalue detected, returning 0
#    Time: 226040 ns  Iteration: 5  Instance: /tb/MyRiscv/u_regfile/MUXB
# ** Warning: NUMERIC_STD.TO_INTEGER: metavalue detected, returning 0
#    Time: 226060 ns  Iteration: 5  Instance: /tb/MyRiscv/u_regfile/MUXA
# ** Warning: NUMERIC_STD.TO_INTEGER: metavalue detected, returning 0
#    Time: 226060 ns  Iteration: 5  Instance: /tb/MyRiscv/u_regfile/MUXB
# ** Warning: NUMERIC_STD.TO_INTEGER: metavalue detected, returning 0
#    Time: 226080 ns  Iteration: 5  Instance: /tb/MyRiscv/u_regfile/MUXA
# ** Warning: NUMERIC_STD.TO_INTEGER: metavalue detected, returning 0
#    Time: 226080 ns  Iteration: 5  Instance: /tb/MyRiscv/u_regfile/MUXB
# ** Warning: NUMERIC_STD.TO_INTEGER: metavalue detected, returning 0
#    Time: 246520 ns  Iteration: 2  Instance: /tb/MyRiscv/u_regfile/MUXB
# ** Warning: NUMERIC_STD.TO_INTEGER: metavalue detected, returning 0
#    Time: 246520 ns  Iteration: 2  Instance: /tb/MyRiscv/u_regfile/MUXA
# ** Warning: NUMERIC_STD.TO_INTEGER: metavalue detected, returning 0
#    Time: 246520 ns  Iteration: 5  Instance: /tb/MyRiscv/u_regfile/MUXA
# ** Warning: NUMERIC_STD.TO_INTEGER: metavalue detected, returning 0
#    Time: 246520 ns  Iteration: 5  Instance: /tb/MyRiscv/u_regfile/MUXB
# ** Warning: NUMERIC_STD.TO_INTEGER: metavalue detected, returning 0
#    Time: 246540 ns  Iteration: 5  Instance: /tb/MyRiscv/u_regfile/MUXA
# ** Warning: NUMERIC_STD.TO_INTEGER: metavalue detected, returning 0
#    Time: 246540 ns  Iteration: 5  Instance: /tb/MyRiscv/u_regfile/MUXB
# ** Warning: NUMERIC_STD.TO_INTEGER: metavalue detected, returning 0
#    Time: 246560 ns  Iteration: 5  Instance: /tb/MyRiscv/u_regfile/MUXA
# ** Warning: NUMERIC_STD.TO_INTEGER: metavalue detected, returning 0
#    Time: 246560 ns  Iteration: 5  Instance: /tb/MyRiscv/u_regfile/MUXB
# ** Warning: NUMERIC_STD.TO_INTEGER: metavalue detected, returning 0
#    Time: 267 us  Iteration: 2  Instance: /tb/MyRiscv/u_regfile/MUXB
# ** Warning: NUMERIC_STD.TO_INTEGER: metavalue detected, returning 0
#    Time: 267 us  Iteration: 2  Instance: /tb/MyRiscv/u_regfile/MUXA
# ** Warning: NUMERIC_STD.TO_INTEGER: metavalue detected, returning 0
#    Time: 267 us  Iteration: 5  Instance: /tb/MyRiscv/u_regfile/MUXA
# ** Warning: NUMERIC_STD.TO_INTEGER: metavalue detected, returning 0
#    Time: 267 us  Iteration: 5  Instance: /tb/MyRiscv/u_regfile/MUXB
# ** Warning: NUMERIC_STD.TO_INTEGER: metavalue detected, returning 0
#    Time: 267020 ns  Iteration: 5  Instance: /tb/MyRiscv/u_regfile/MUXA
# ** Warning: NUMERIC_STD.TO_INTEGER: metavalue detected, returning 0
#    Time: 267020 ns  Iteration: 5  Instance: /tb/MyRiscv/u_regfile/MUXB
# ** Warning: NUMERIC_STD.TO_INTEGER: metavalue detected, returning 0
#    Time: 267040 ns  Iteration: 5  Instance: /tb/MyRiscv/u_regfile/MUXA
# ** Warning: NUMERIC_STD.TO_INTEGER: metavalue detected, returning 0
#    Time: 267040 ns  Iteration: 5  Instance: /tb/MyRiscv/u_regfile/MUXB
# ** Warning: NUMERIC_STD.TO_INTEGER: metavalue detected, returning 0
#    Time: 287480 ns  Iteration: 2  Instance: /tb/MyRiscv/u_regfile/MUXB
# ** Warning: NUMERIC_STD.TO_INTEGER: metavalue detected, returning 0
#    Time: 287480 ns  Iteration: 2  Instance: /tb/MyRiscv/u_regfile/MUXA
# ** Warning: NUMERIC_STD.TO_INTEGER: metavalue detected, returning 0
#    Time: 287480 ns  Iteration: 5  Instance: /tb/MyRiscv/u_regfile/MUXA
# ** Warning: NUMERIC_STD.TO_INTEGER: metavalue detected, returning 0
#    Time: 287480 ns  Iteration: 5  Instance: /tb/MyRiscv/u_regfile/MUXB
# ** Warning: NUMERIC_STD.TO_INTEGER: metavalue detected, returning 0
#    Time: 287500 ns  Iteration: 5  Instance: /tb/MyRiscv/u_regfile/MUXA
# ** Warning: NUMERIC_STD.TO_INTEGER: metavalue detected, returning 0
#    Time: 287500 ns  Iteration: 5  Instance: /tb/MyRiscv/u_regfile/MUXB
# ** Warning: NUMERIC_STD.TO_INTEGER: metavalue detected, returning 0
#    Time: 287520 ns  Iteration: 5  Instance: /tb/MyRiscv/u_regfile/MUXA
# ** Warning: NUMERIC_STD.TO_INTEGER: metavalue detected, returning 0
#    Time: 287520 ns  Iteration: 5  Instance: /tb/MyRiscv/u_regfile/MUXB
# ** Warning: NUMERIC_STD.TO_INTEGER: metavalue detected, returning 0
#    Time: 307960 ns  Iteration: 2  Instance: /tb/MyRiscv/u_regfile/MUXB
# ** Warning: NUMERIC_STD.TO_INTEGER: metavalue detected, returning 0
#    Time: 307960 ns  Iteration: 2  Instance: /tb/MyRiscv/u_regfile/MUXA
# ** Warning: NUMERIC_STD.TO_INTEGER: metavalue detected, returning 0
#    Time: 307960 ns  Iteration: 5  Instance: /tb/MyRiscv/u_regfile/MUXA
# ** Warning: NUMERIC_STD.TO_INTEGER: metavalue detected, returning 0
#    Time: 307960 ns  Iteration: 5  Instance: /tb/MyRiscv/u_regfile/MUXB
# ** Warning: NUMERIC_STD.TO_INTEGER: metavalue detected, returning 0
#    Time: 307980 ns  Iteration: 5  Instance: /tb/MyRiscv/u_regfile/MUXA
# ** Warning: NUMERIC_STD.TO_INTEGER: metavalue detected, returning 0
#    Time: 307980 ns  Iteration: 5  Instance: /tb/MyRiscv/u_regfile/MUXB
# ** Warning: NUMERIC_STD.TO_INTEGER: metavalue detected, returning 0
#    Time: 308 us  Iteration: 5  Instance: /tb/MyRiscv/u_regfile/MUXA
# ** Warning: NUMERIC_STD.TO_INTEGER: metavalue detected, returning 0
#    Time: 308 us  Iteration: 5  Instance: /tb/MyRiscv/u_regfile/MUXB
# ** Warning: NUMERIC_STD.TO_INTEGER: metavalue detected, returning 0
#    Time: 328440 ns  Iteration: 2  Instance: /tb/MyRiscv/u_regfile/MUXB
# ** Warning: NUMERIC_STD.TO_INTEGER: metavalue detected, returning 0
#    Time: 328440 ns  Iteration: 2  Instance: /tb/MyRiscv/u_regfile/MUXA
# ** Warning: NUMERIC_STD.TO_INTEGER: metavalue detected, returning 0
#    Time: 328440 ns  Iteration: 5  Instance: /tb/MyRiscv/u_regfile/MUXA
# ** Warning: NUMERIC_STD.TO_INTEGER: metavalue detected, returning 0
#    Time: 328440 ns  Iteration: 5  Instance: /tb/MyRiscv/u_regfile/MUXB
# ** Warning: NUMERIC_STD.TO_INTEGER: metavalue detected, returning 0
#    Time: 328460 ns  Iteration: 5  Instance: /tb/MyRiscv/u_regfile/MUXA
# ** Warning: NUMERIC_STD.TO_INTEGER: metavalue detected, returning 0
#    Time: 328460 ns  Iteration: 5  Instance: /tb/MyRiscv/u_regfile/MUXB
# ** Warning: NUMERIC_STD.TO_INTEGER: metavalue detected, returning 0
#    Time: 328480 ns  Iteration: 5  Instance: /tb/MyRiscv/u_regfile/MUXA
# ** Warning: NUMERIC_STD.TO_INTEGER: metavalue detected, returning 0
#    Time: 328480 ns  Iteration: 5  Instance: /tb/MyRiscv/u_regfile/MUXB
# ** Warning: NUMERIC_STD.TO_INTEGER: metavalue detected, returning 0
#    Time: 348920 ns  Iteration: 2  Instance: /tb/MyRiscv/u_regfile/MUXB
# ** Warning: NUMERIC_STD.TO_INTEGER: metavalue detected, returning 0
#    Time: 348920 ns  Iteration: 2  Instance: /tb/MyRiscv/u_regfile/MUXA
# ** Warning: NUMERIC_STD.TO_INTEGER: metavalue detected, returning 0
#    Time: 348920 ns  Iteration: 5  Instance: /tb/MyRiscv/u_regfile/MUXA
# ** Warning: NUMERIC_STD.TO_INTEGER: metavalue detected, returning 0
#    Time: 348920 ns  Iteration: 5  Instance: /tb/MyRiscv/u_regfile/MUXB
# ** Warning: NUMERIC_STD.TO_INTEGER: metavalue detected, returning 0
#    Time: 348940 ns  Iteration: 5  Instance: /tb/MyRiscv/u_regfile/MUXA
# ** Warning: NUMERIC_STD.TO_INTEGER: metavalue detected, returning 0
#    Time: 348940 ns  Iteration: 5  Instance: /tb/MyRiscv/u_regfile/MUXB
# ** Warning: NUMERIC_STD.TO_INTEGER: metavalue detected, returning 0
#    Time: 348960 ns  Iteration: 5  Instance: /tb/MyRiscv/u_regfile/MUXA
# ** Warning: NUMERIC_STD.TO_INTEGER: metavalue detected, returning 0
#    Time: 348960 ns  Iteration: 5  Instance: /tb/MyRiscv/u_regfile/MUXB
# ** Warning: NUMERIC_STD.TO_INTEGER: metavalue detected, returning 0
#    Time: 369400 ns  Iteration: 2  Instance: /tb/MyRiscv/u_regfile/MUXB
# ** Warning: NUMERIC_STD.TO_INTEGER: metavalue detected, returning 0
#    Time: 369400 ns  Iteration: 2  Instance: /tb/MyRiscv/u_regfile/MUXA
# ** Warning: NUMERIC_STD.TO_INTEGER: metavalue detected, returning 0
#    Time: 369400 ns  Iteration: 5  Instance: /tb/MyRiscv/u_regfile/MUXA
# ** Warning: NUMERIC_STD.TO_INTEGER: metavalue detected, returning 0
#    Time: 369400 ns  Iteration: 5  Instance: /tb/MyRiscv/u_regfile/MUXB
# ** Warning: NUMERIC_STD.TO_INTEGER: metavalue detected, returning 0
#    Time: 369420 ns  Iteration: 5  Instance: /tb/MyRiscv/u_regfile/MUXA
# ** Warning: NUMERIC_STD.TO_INTEGER: metavalue detected, returning 0
#    Time: 369420 ns  Iteration: 5  Instance: /tb/MyRiscv/u_regfile/MUXB
# ** Warning: NUMERIC_STD.TO_INTEGER: metavalue detected, returning 0
#    Time: 369440 ns  Iteration: 5  Instance: /tb/MyRiscv/u_regfile/MUXA
# ** Warning: NUMERIC_STD.TO_INTEGER: metavalue detected, returning 0
#    Time: 369440 ns  Iteration: 5  Instance: /tb/MyRiscv/u_regfile/MUXB
# ** Warning: NUMERIC_STD.TO_INTEGER: metavalue detected, returning 0
#    Time: 389880 ns  Iteration: 2  Instance: /tb/MyRiscv/u_regfile/MUXB
# ** Warning: NUMERIC_STD.TO_INTEGER: metavalue detected, returning 0
#    Time: 389880 ns  Iteration: 2  Instance: /tb/MyRiscv/u_regfile/MUXA
# ** Warning: NUMERIC_STD.TO_INTEGER: metavalue detected, returning 0
#    Time: 389880 ns  Iteration: 5  Instance: /tb/MyRiscv/u_regfile/MUXA
# ** Warning: NUMERIC_STD.TO_INTEGER: metavalue detected, returning 0
#    Time: 389880 ns  Iteration: 5  Instance: /tb/MyRiscv/u_regfile/MUXB
# ** Warning: NUMERIC_STD.TO_INTEGER: metavalue detected, returning 0
#    Time: 389900 ns  Iteration: 5  Instance: /tb/MyRiscv/u_regfile/MUXA
# ** Warning: NUMERIC_STD.TO_INTEGER: metavalue detected, returning 0
#    Time: 389900 ns  Iteration: 5  Instance: /tb/MyRiscv/u_regfile/MUXB
# ** Warning: NUMERIC_STD.TO_INTEGER: metavalue detected, returning 0
#    Time: 389920 ns  Iteration: 5  Instance: /tb/MyRiscv/u_regfile/MUXA
# ** Warning: NUMERIC_STD.TO_INTEGER: metavalue detected, returning 0
#    Time: 389920 ns  Iteration: 5  Instance: /tb/MyRiscv/u_regfile/MUXB
# ** Warning: NUMERIC_STD.TO_INTEGER: metavalue detected, returning 0
#    Time: 410360 ns  Iteration: 2  Instance: /tb/MyRiscv/u_regfile/MUXB
# ** Warning: NUMERIC_STD.TO_INTEGER: metavalue detected, returning 0
#    Time: 410360 ns  Iteration: 2  Instance: /tb/MyRiscv/u_regfile/MUXA
# ** Warning: NUMERIC_STD.TO_INTEGER: metavalue detected, returning 0
#    Time: 410360 ns  Iteration: 5  Instance: /tb/MyRiscv/u_regfile/MUXA
# ** Warning: NUMERIC_STD.TO_INTEGER: metavalue detected, returning 0
#    Time: 410360 ns  Iteration: 5  Instance: /tb/MyRiscv/u_regfile/MUXB
# ** Warning: NUMERIC_STD.TO_INTEGER: metavalue detected, returning 0
#    Time: 410380 ns  Iteration: 5  Instance: /tb/MyRiscv/u_regfile/MUXA
# ** Warning: NUMERIC_STD.TO_INTEGER: metavalue detected, returning 0
#    Time: 410380 ns  Iteration: 5  Instance: /tb/MyRiscv/u_regfile/MUXB
# ** Warning: NUMERIC_STD.TO_INTEGER: metavalue detected, returning 0
#    Time: 410400 ns  Iteration: 5  Instance: /tb/MyRiscv/u_regfile/MUXA
# ** Warning: NUMERIC_STD.TO_INTEGER: metavalue detected, returning 0
#    Time: 410400 ns  Iteration: 5  Instance: /tb/MyRiscv/u_regfile/MUXB
# ** Warning: NUMERIC_STD.TO_INTEGER: metavalue detected, returning 0
#    Time: 430840 ns  Iteration: 2  Instance: /tb/MyRiscv/u_regfile/MUXB
# ** Warning: NUMERIC_STD.TO_INTEGER: metavalue detected, returning 0
#    Time: 430840 ns  Iteration: 2  Instance: /tb/MyRiscv/u_regfile/MUXA
# ** Warning: NUMERIC_STD.TO_INTEGER: metavalue detected, returning 0
#    Time: 430840 ns  Iteration: 5  Instance: /tb/MyRiscv/u_regfile/MUXA
# ** Warning: NUMERIC_STD.TO_INTEGER: metavalue detected, returning 0
#    Time: 430840 ns  Iteration: 5  Instance: /tb/MyRiscv/u_regfile/MUXB
# ** Warning: NUMERIC_STD.TO_INTEGER: metavalue detected, returning 0
#    Time: 430860 ns  Iteration: 5  Instance: /tb/MyRiscv/u_regfile/MUXA
# ** Warning: NUMERIC_STD.TO_INTEGER: metavalue detected, returning 0
#    Time: 430860 ns  Iteration: 5  Instance: /tb/MyRiscv/u_regfile/MUXB
# ** Warning: NUMERIC_STD.TO_INTEGER: metavalue detected, returning 0
#    Time: 430880 ns  Iteration: 5  Instance: /tb/MyRiscv/u_regfile/MUXA
# ** Warning: NUMERIC_STD.TO_INTEGER: metavalue detected, returning 0
#    Time: 430880 ns  Iteration: 5  Instance: /tb/MyRiscv/u_regfile/MUXB
# ** Warning: NUMERIC_STD.TO_INTEGER: metavalue detected, returning 0
#    Time: 451320 ns  Iteration: 2  Instance: /tb/MyRiscv/u_regfile/MUXB
# ** Warning: NUMERIC_STD.TO_INTEGER: metavalue detected, returning 0
#    Time: 451320 ns  Iteration: 2  Instance: /tb/MyRiscv/u_regfile/MUXA
# ** Warning: NUMERIC_STD.TO_INTEGER: metavalue detected, returning 0
#    Time: 451320 ns  Iteration: 5  Instance: /tb/MyRiscv/u_regfile/MUXA
# ** Warning: NUMERIC_STD.TO_INTEGER: metavalue detected, returning 0
#    Time: 451320 ns  Iteration: 5  Instance: /tb/MyRiscv/u_regfile/MUXB
# ** Warning: NUMERIC_STD.TO_INTEGER: metavalue detected, returning 0
#    Time: 451340 ns  Iteration: 5  Instance: /tb/MyRiscv/u_regfile/MUXA
# ** Warning: NUMERIC_STD.TO_INTEGER: metavalue detected, returning 0
#    Time: 451340 ns  Iteration: 5  Instance: /tb/MyRiscv/u_regfile/MUXB
# ** Warning: NUMERIC_STD.TO_INTEGER: metavalue detected, returning 0
#    Time: 451360 ns  Iteration: 5  Instance: /tb/MyRiscv/u_regfile/MUXA
# ** Warning: NUMERIC_STD.TO_INTEGER: metavalue detected, returning 0
#    Time: 451360 ns  Iteration: 5  Instance: /tb/MyRiscv/u_regfile/MUXB
# ** Warning: NUMERIC_STD.TO_INTEGER: metavalue detected, returning 0
#    Time: 471800 ns  Iteration: 2  Instance: /tb/MyRiscv/u_regfile/MUXB
# ** Warning: NUMERIC_STD.TO_INTEGER: metavalue detected, returning 0
#    Time: 471800 ns  Iteration: 2  Instance: /tb/MyRiscv/u_regfile/MUXA
# ** Warning: NUMERIC_STD.TO_INTEGER: metavalue detected, returning 0
#    Time: 471800 ns  Iteration: 5  Instance: /tb/MyRiscv/u_regfile/MUXA
# ** Warning: NUMERIC_STD.TO_INTEGER: metavalue detected, returning 0
#    Time: 471800 ns  Iteration: 5  Instance: /tb/MyRiscv/u_regfile/MUXB
# ** Warning: NUMERIC_STD.TO_INTEGER: metavalue detected, returning 0
#    Time: 471820 ns  Iteration: 5  Instance: /tb/MyRiscv/u_regfile/MUXA
# ** Warning: NUMERIC_STD.TO_INTEGER: metavalue detected, returning 0
#    Time: 471820 ns  Iteration: 5  Instance: /tb/MyRiscv/u_regfile/MUXB
# ** Warning: NUMERIC_STD.TO_INTEGER: metavalue detected, returning 0
#    Time: 471840 ns  Iteration: 5  Instance: /tb/MyRiscv/u_regfile/MUXA
# ** Warning: NUMERIC_STD.TO_INTEGER: metavalue detected, returning 0
#    Time: 471840 ns  Iteration: 5  Instance: /tb/MyRiscv/u_regfile/MUXB
# ** Warning: NUMERIC_STD.TO_INTEGER: metavalue detected, returning 0
#    Time: 492280 ns  Iteration: 2  Instance: /tb/MyRiscv/u_regfile/MUXB
# ** Warning: NUMERIC_STD.TO_INTEGER: metavalue detected, returning 0
#    Time: 492280 ns  Iteration: 2  Instance: /tb/MyRiscv/u_regfile/MUXA
# ** Warning: NUMERIC_STD.TO_INTEGER: metavalue detected, returning 0
#    Time: 492280 ns  Iteration: 5  Instance: /tb/MyRiscv/u_regfile/MUXA
# ** Warning: NUMERIC_STD.TO_INTEGER: metavalue detected, returning 0
#    Time: 492280 ns  Iteration: 5  Instance: /tb/MyRiscv/u_regfile/MUXB
# ** Warning: NUMERIC_STD.TO_INTEGER: metavalue detected, returning 0
#    Time: 492300 ns  Iteration: 5  Instance: /tb/MyRiscv/u_regfile/MUXA
# ** Warning: NUMERIC_STD.TO_INTEGER: metavalue detected, returning 0
#    Time: 492300 ns  Iteration: 5  Instance: /tb/MyRiscv/u_regfile/MUXB
# ** Warning: NUMERIC_STD.TO_INTEGER: metavalue detected, returning 0
#    Time: 492320 ns  Iteration: 5  Instance: /tb/MyRiscv/u_regfile/MUXA
# ** Warning: NUMERIC_STD.TO_INTEGER: metavalue detected, returning 0
#    Time: 492320 ns  Iteration: 5  Instance: /tb/MyRiscv/u_regfile/MUXB
# ** Warning: NUMERIC_STD.TO_INTEGER: metavalue detected, returning 0
#    Time: 512760 ns  Iteration: 2  Instance: /tb/MyRiscv/u_regfile/MUXB
# ** Warning: NUMERIC_STD.TO_INTEGER: metavalue detected, returning 0
#    Time: 512760 ns  Iteration: 2  Instance: /tb/MyRiscv/u_regfile/MUXA
# ** Warning: NUMERIC_STD.TO_INTEGER: metavalue detected, returning 0
#    Time: 512760 ns  Iteration: 5  Instance: /tb/MyRiscv/u_regfile/MUXA
# ** Warning: NUMERIC_STD.TO_INTEGER: metavalue detected, returning 0
#    Time: 512760 ns  Iteration: 5  Instance: /tb/MyRiscv/u_regfile/MUXB
# ** Warning: NUMERIC_STD.TO_INTEGER: metavalue detected, returning 0
#    Time: 512780 ns  Iteration: 5  Instance: /tb/MyRiscv/u_regfile/MUXA
# ** Warning: NUMERIC_STD.TO_INTEGER: metavalue detected, returning 0
#    Time: 512780 ns  Iteration: 5  Instance: /tb/MyRiscv/u_regfile/MUXB
# ** Warning: NUMERIC_STD.TO_INTEGER: metavalue detected, returning 0
#    Time: 512800 ns  Iteration: 5  Instance: /tb/MyRiscv/u_regfile/MUXA
# ** Warning: NUMERIC_STD.TO_INTEGER: metavalue detected, returning 0
#    Time: 512800 ns  Iteration: 5  Instance: /tb/MyRiscv/u_regfile/MUXB
# ** Warning: NUMERIC_STD.TO_INTEGER: metavalue detected, returning 0
#    Time: 533240 ns  Iteration: 2  Instance: /tb/MyRiscv/u_regfile/MUXB
# ** Warning: NUMERIC_STD.TO_INTEGER: metavalue detected, returning 0
#    Time: 533240 ns  Iteration: 2  Instance: /tb/MyRiscv/u_regfile/MUXA
# ** Warning: NUMERIC_STD.TO_INTEGER: metavalue detected, returning 0
#    Time: 533240 ns  Iteration: 5  Instance: /tb/MyRiscv/u_regfile/MUXA
# ** Warning: NUMERIC_STD.TO_INTEGER: metavalue detected, returning 0
#    Time: 533240 ns  Iteration: 5  Instance: /tb/MyRiscv/u_regfile/MUXB
# ** Warning: NUMERIC_STD.TO_INTEGER: metavalue detected, returning 0
#    Time: 533260 ns  Iteration: 5  Instance: /tb/MyRiscv/u_regfile/MUXA
# ** Warning: NUMERIC_STD.TO_INTEGER: metavalue detected, returning 0
#    Time: 533260 ns  Iteration: 5  Instance: /tb/MyRiscv/u_regfile/MUXB
# ** Warning: NUMERIC_STD.TO_INTEGER: metavalue detected, returning 0
#    Time: 533280 ns  Iteration: 5  Instance: /tb/MyRiscv/u_regfile/MUXA
# ** Warning: NUMERIC_STD.TO_INTEGER: metavalue detected, returning 0
#    Time: 533280 ns  Iteration: 5  Instance: /tb/MyRiscv/u_regfile/MUXB
# ** Warning: NUMERIC_STD.TO_INTEGER: metavalue detected, returning 0
#    Time: 553720 ns  Iteration: 2  Instance: /tb/MyRiscv/u_regfile/MUXB
# ** Warning: NUMERIC_STD.TO_INTEGER: metavalue detected, returning 0
#    Time: 553720 ns  Iteration: 2  Instance: /tb/MyRiscv/u_regfile/MUXA
# ** Warning: NUMERIC_STD.TO_INTEGER: metavalue detected, returning 0
#    Time: 553720 ns  Iteration: 5  Instance: /tb/MyRiscv/u_regfile/MUXA
# ** Warning: NUMERIC_STD.TO_INTEGER: metavalue detected, returning 0
#    Time: 553720 ns  Iteration: 5  Instance: /tb/MyRiscv/u_regfile/MUXB
# ** Warning: NUMERIC_STD.TO_INTEGER: metavalue detected, returning 0
#    Time: 553740 ns  Iteration: 5  Instance: /tb/MyRiscv/u_regfile/MUXA
# ** Warning: NUMERIC_STD.TO_INTEGER: metavalue detected, returning 0
#    Time: 553740 ns  Iteration: 5  Instance: /tb/MyRiscv/u_regfile/MUXB
# ** Warning: NUMERIC_STD.TO_INTEGER: metavalue detected, returning 0
#    Time: 553760 ns  Iteration: 5  Instance: /tb/MyRiscv/u_regfile/MUXA
# ** Warning: NUMERIC_STD.TO_INTEGER: metavalue detected, returning 0
#    Time: 553760 ns  Iteration: 5  Instance: /tb/MyRiscv/u_regfile/MUXB
# ** Warning: NUMERIC_STD.TO_INTEGER: metavalue detected, returning 0
#    Time: 574200 ns  Iteration: 2  Instance: /tb/MyRiscv/u_regfile/MUXB
# ** Warning: NUMERIC_STD.TO_INTEGER: metavalue detected, returning 0
#    Time: 574200 ns  Iteration: 2  Instance: /tb/MyRiscv/u_regfile/MUXA
# ** Warning: NUMERIC_STD.TO_INTEGER: metavalue detected, returning 0
#    Time: 574200 ns  Iteration: 5  Instance: /tb/MyRiscv/u_regfile/MUXA
# ** Warning: NUMERIC_STD.TO_INTEGER: metavalue detected, returning 0
#    Time: 574200 ns  Iteration: 5  Instance: /tb/MyRiscv/u_regfile/MUXB
# ** Warning: NUMERIC_STD.TO_INTEGER: metavalue detected, returning 0
#    Time: 574220 ns  Iteration: 5  Instance: /tb/MyRiscv/u_regfile/MUXA
# ** Warning: NUMERIC_STD.TO_INTEGER: metavalue detected, returning 0
#    Time: 574220 ns  Iteration: 5  Instance: /tb/MyRiscv/u_regfile/MUXB
# ** Warning: NUMERIC_STD.TO_INTEGER: metavalue detected, returning 0
#    Time: 574240 ns  Iteration: 5  Instance: /tb/MyRiscv/u_regfile/MUXA
# ** Warning: NUMERIC_STD.TO_INTEGER: metavalue detected, returning 0
#    Time: 574240 ns  Iteration: 5  Instance: /tb/MyRiscv/u_regfile/MUXB
# ** Warning: NUMERIC_STD.TO_INTEGER: metavalue detected, returning 0
#    Time: 594680 ns  Iteration: 2  Instance: /tb/MyRiscv/u_regfile/MUXB
# ** Warning: NUMERIC_STD.TO_INTEGER: metavalue detected, returning 0
#    Time: 594680 ns  Iteration: 2  Instance: /tb/MyRiscv/u_regfile/MUXA
# ** Warning: NUMERIC_STD.TO_INTEGER: metavalue detected, returning 0
#    Time: 594680 ns  Iteration: 5  Instance: /tb/MyRiscv/u_regfile/MUXA
# ** Warning: NUMERIC_STD.TO_INTEGER: metavalue detected, returning 0
#    Time: 594680 ns  Iteration: 5  Instance: /tb/MyRiscv/u_regfile/MUXB
# ** Warning: NUMERIC_STD.TO_INTEGER: metavalue detected, returning 0
#    Time: 594700 ns  Iteration: 5  Instance: /tb/MyRiscv/u_regfile/MUXA
# ** Warning: NUMERIC_STD.TO_INTEGER: metavalue detected, returning 0
#    Time: 594700 ns  Iteration: 5  Instance: /tb/MyRiscv/u_regfile/MUXB
# ** Warning: NUMERIC_STD.TO_INTEGER: metavalue detected, returning 0
#    Time: 594720 ns  Iteration: 5  Instance: /tb/MyRiscv/u_regfile/MUXA
# ** Warning: NUMERIC_STD.TO_INTEGER: metavalue detected, returning 0
#    Time: 594720 ns  Iteration: 5  Instance: /tb/MyRiscv/u_regfile/MUXB
# ** Warning: NUMERIC_STD.TO_INTEGER: metavalue detected, returning 0
#    Time: 615160 ns  Iteration: 2  Instance: /tb/MyRiscv/u_regfile/MUXB
# ** Warning: NUMERIC_STD.TO_INTEGER: metavalue detected, returning 0
#    Time: 615160 ns  Iteration: 2  Instance: /tb/MyRiscv/u_regfile/MUXA
# ** Warning: NUMERIC_STD.TO_INTEGER: metavalue detected, returning 0
#    Time: 615160 ns  Iteration: 5  Instance: /tb/MyRiscv/u_regfile/MUXA
# ** Warning: NUMERIC_STD.TO_INTEGER: metavalue detected, returning 0
#    Time: 615160 ns  Iteration: 5  Instance: /tb/MyRiscv/u_regfile/MUXB
# ** Warning: NUMERIC_STD.TO_INTEGER: metavalue detected, returning 0
#    Time: 615180 ns  Iteration: 5  Instance: /tb/MyRiscv/u_regfile/MUXA
# ** Warning: NUMERIC_STD.TO_INTEGER: metavalue detected, returning 0
#    Time: 615180 ns  Iteration: 5  Instance: /tb/MyRiscv/u_regfile/MUXB
# ** Warning: NUMERIC_STD.TO_INTEGER: metavalue detected, returning 0
#    Time: 615200 ns  Iteration: 5  Instance: /tb/MyRiscv/u_regfile/MUXA
# ** Warning: NUMERIC_STD.TO_INTEGER: metavalue detected, returning 0
#    Time: 615200 ns  Iteration: 5  Instance: /tb/MyRiscv/u_regfile/MUXB
# ** Warning: NUMERIC_STD.TO_INTEGER: metavalue detected, returning 0
#    Time: 635640 ns  Iteration: 2  Instance: /tb/MyRiscv/u_regfile/MUXB
# ** Warning: NUMERIC_STD.TO_INTEGER: metavalue detected, returning 0
#    Time: 635640 ns  Iteration: 2  Instance: /tb/MyRiscv/u_regfile/MUXA
# ** Warning: NUMERIC_STD.TO_INTEGER: metavalue detected, returning 0
#    Time: 635640 ns  Iteration: 5  Instance: /tb/MyRiscv/u_regfile/MUXA
# ** Warning: NUMERIC_STD.TO_INTEGER: metavalue detected, returning 0
#    Time: 635640 ns  Iteration: 5  Instance: /tb/MyRiscv/u_regfile/MUXB
# ** Warning: NUMERIC_STD.TO_INTEGER: metavalue detected, returning 0
#    Time: 635660 ns  Iteration: 5  Instance: /tb/MyRiscv/u_regfile/MUXA
# ** Warning: NUMERIC_STD.TO_INTEGER: metavalue detected, returning 0
#    Time: 635660 ns  Iteration: 5  Instance: /tb/MyRiscv/u_regfile/MUXB
# ** Warning: NUMERIC_STD.TO_INTEGER: metavalue detected, returning 0
#    Time: 635680 ns  Iteration: 5  Instance: /tb/MyRiscv/u_regfile/MUXA
# ** Warning: NUMERIC_STD.TO_INTEGER: metavalue detected, returning 0
#    Time: 635680 ns  Iteration: 5  Instance: /tb/MyRiscv/u_regfile/MUXB
# ** Warning: NUMERIC_STD.TO_INTEGER: metavalue detected, returning 0
#    Time: 656120 ns  Iteration: 2  Instance: /tb/MyRiscv/u_regfile/MUXB
# ** Warning: NUMERIC_STD.TO_INTEGER: metavalue detected, returning 0
#    Time: 656120 ns  Iteration: 2  Instance: /tb/MyRiscv/u_regfile/MUXA
# ** Warning: NUMERIC_STD.TO_INTEGER: metavalue detected, returning 0
#    Time: 656120 ns  Iteration: 5  Instance: /tb/MyRiscv/u_regfile/MUXA
# ** Warning: NUMERIC_STD.TO_INTEGER: metavalue detected, returning 0
#    Time: 656120 ns  Iteration: 5  Instance: /tb/MyRiscv/u_regfile/MUXB
# ** Warning: NUMERIC_STD.TO_INTEGER: metavalue detected, returning 0
#    Time: 656140 ns  Iteration: 5  Instance: /tb/MyRiscv/u_regfile/MUXA
# ** Warning: NUMERIC_STD.TO_INTEGER: metavalue detected, returning 0
#    Time: 656140 ns  Iteration: 5  Instance: /tb/MyRiscv/u_regfile/MUXB
# ** Warning: NUMERIC_STD.TO_INTEGER: metavalue detected, returning 0
#    Time: 656160 ns  Iteration: 5  Instance: /tb/MyRiscv/u_regfile/MUXA
# ** Warning: NUMERIC_STD.TO_INTEGER: metavalue detected, returning 0
#    Time: 656160 ns  Iteration: 5  Instance: /tb/MyRiscv/u_regfile/MUXB
# ** Warning: NUMERIC_STD.TO_INTEGER: metavalue detected, returning 0
#    Time: 676600 ns  Iteration: 2  Instance: /tb/MyRiscv/u_regfile/MUXB
# ** Warning: NUMERIC_STD.TO_INTEGER: metavalue detected, returning 0
#    Time: 676600 ns  Iteration: 2  Instance: /tb/MyRiscv/u_regfile/MUXA
# ** Warning: NUMERIC_STD.TO_INTEGER: metavalue detected, returning 0
#    Time: 676600 ns  Iteration: 5  Instance: /tb/MyRiscv/u_regfile/MUXA
# ** Warning: NUMERIC_STD.TO_INTEGER: metavalue detected, returning 0
#    Time: 676600 ns  Iteration: 5  Instance: /tb/MyRiscv/u_regfile/MUXB
# ** Warning: NUMERIC_STD.TO_INTEGER: metavalue detected, returning 0
#    Time: 676620 ns  Iteration: 5  Instance: /tb/MyRiscv/u_regfile/MUXA
# ** Warning: NUMERIC_STD.TO_INTEGER: metavalue detected, returning 0
#    Time: 676620 ns  Iteration: 5  Instance: /tb/MyRiscv/u_regfile/MUXB
# ** Warning: NUMERIC_STD.TO_INTEGER: metavalue detected, returning 0
#    Time: 676640 ns  Iteration: 5  Instance: /tb/MyRiscv/u_regfile/MUXA
# ** Warning: NUMERIC_STD.TO_INTEGER: metavalue detected, returning 0
#    Time: 676640 ns  Iteration: 5  Instance: /tb/MyRiscv/u_regfile/MUXB
# ** Warning: NUMERIC_STD.TO_INTEGER: metavalue detected, returning 0
#    Time: 697080 ns  Iteration: 2  Instance: /tb/MyRiscv/u_regfile/MUXB
# ** Warning: NUMERIC_STD.TO_INTEGER: metavalue detected, returning 0
#    Time: 697080 ns  Iteration: 2  Instance: /tb/MyRiscv/u_regfile/MUXA
# ** Warning: NUMERIC_STD.TO_INTEGER: metavalue detected, returning 0
#    Time: 697080 ns  Iteration: 5  Instance: /tb/MyRiscv/u_regfile/MUXA
# ** Warning: NUMERIC_STD.TO_INTEGER: metavalue detected, returning 0
#    Time: 697080 ns  Iteration: 5  Instance: /tb/MyRiscv/u_regfile/MUXB
# ** Warning: NUMERIC_STD.TO_INTEGER: metavalue detected, returning 0
#    Time: 697100 ns  Iteration: 5  Instance: /tb/MyRiscv/u_regfile/MUXA
# ** Warning: NUMERIC_STD.TO_INTEGER: metavalue detected, returning 0
#    Time: 697100 ns  Iteration: 5  Instance: /tb/MyRiscv/u_regfile/MUXB
# ** Warning: NUMERIC_STD.TO_INTEGER: metavalue detected, returning 0
#    Time: 697120 ns  Iteration: 5  Instance: /tb/MyRiscv/u_regfile/MUXA
# ** Warning: NUMERIC_STD.TO_INTEGER: metavalue detected, returning 0
#    Time: 697120 ns  Iteration: 5  Instance: /tb/MyRiscv/u_regfile/MUXB
# ** Warning: NUMERIC_STD.TO_INTEGER: metavalue detected, returning 0
#    Time: 717560 ns  Iteration: 2  Instance: /tb/MyRiscv/u_regfile/MUXB
# ** Warning: NUMERIC_STD.TO_INTEGER: metavalue detected, returning 0
#    Time: 717560 ns  Iteration: 2  Instance: /tb/MyRiscv/u_regfile/MUXA
# ** Warning: NUMERIC_STD.TO_INTEGER: metavalue detected, returning 0
#    Time: 717560 ns  Iteration: 5  Instance: /tb/MyRiscv/u_regfile/MUXA
# ** Warning: NUMERIC_STD.TO_INTEGER: metavalue detected, returning 0
#    Time: 717560 ns  Iteration: 5  Instance: /tb/MyRiscv/u_regfile/MUXB
# ** Warning: NUMERIC_STD.TO_INTEGER: metavalue detected, returning 0
#    Time: 717580 ns  Iteration: 5  Instance: /tb/MyRiscv/u_regfile/MUXA
# ** Warning: NUMERIC_STD.TO_INTEGER: metavalue detected, returning 0
#    Time: 717580 ns  Iteration: 5  Instance: /tb/MyRiscv/u_regfile/MUXB
# ** Warning: NUMERIC_STD.TO_INTEGER: metavalue detected, returning 0
#    Time: 717600 ns  Iteration: 5  Instance: /tb/MyRiscv/u_regfile/MUXA
# ** Warning: NUMERIC_STD.TO_INTEGER: metavalue detected, returning 0
#    Time: 717600 ns  Iteration: 5  Instance: /tb/MyRiscv/u_regfile/MUXB
# ** Warning: NUMERIC_STD.TO_INTEGER: metavalue detected, returning 0
#    Time: 738040 ns  Iteration: 2  Instance: /tb/MyRiscv/u_regfile/MUXB
# ** Warning: NUMERIC_STD.TO_INTEGER: metavalue detected, returning 0
#    Time: 738040 ns  Iteration: 2  Instance: /tb/MyRiscv/u_regfile/MUXA
# ** Warning: NUMERIC_STD.TO_INTEGER: metavalue detected, returning 0
#    Time: 738040 ns  Iteration: 5  Instance: /tb/MyRiscv/u_regfile/MUXA
# ** Warning: NUMERIC_STD.TO_INTEGER: metavalue detected, returning 0
#    Time: 738040 ns  Iteration: 5  Instance: /tb/MyRiscv/u_regfile/MUXB
# ** Warning: NUMERIC_STD.TO_INTEGER: metavalue detected, returning 0
#    Time: 738060 ns  Iteration: 5  Instance: /tb/MyRiscv/u_regfile/MUXA
# ** Warning: NUMERIC_STD.TO_INTEGER: metavalue detected, returning 0
#    Time: 738060 ns  Iteration: 5  Instance: /tb/MyRiscv/u_regfile/MUXB
# ** Warning: NUMERIC_STD.TO_INTEGER: metavalue detected, returning 0
#    Time: 738080 ns  Iteration: 5  Instance: /tb/MyRiscv/u_regfile/MUXA
# ** Warning: NUMERIC_STD.TO_INTEGER: metavalue detected, returning 0
#    Time: 738080 ns  Iteration: 5  Instance: /tb/MyRiscv/u_regfile/MUXB
# ** Warning: NUMERIC_STD.TO_INTEGER: metavalue detected, returning 0
#    Time: 758520 ns  Iteration: 2  Instance: /tb/MyRiscv/u_regfile/MUXB
# ** Warning: NUMERIC_STD.TO_INTEGER: metavalue detected, returning 0
#    Time: 758520 ns  Iteration: 2  Instance: /tb/MyRiscv/u_regfile/MUXA
# ** Warning: NUMERIC_STD.TO_INTEGER: metavalue detected, returning 0
#    Time: 758520 ns  Iteration: 5  Instance: /tb/MyRiscv/u_regfile/MUXA
# ** Warning: NUMERIC_STD.TO_INTEGER: metavalue detected, returning 0
#    Time: 758520 ns  Iteration: 5  Instance: /tb/MyRiscv/u_regfile/MUXB
# ** Warning: NUMERIC_STD.TO_INTEGER: metavalue detected, returning 0
#    Time: 758540 ns  Iteration: 5  Instance: /tb/MyRiscv/u_regfile/MUXA
# ** Warning: NUMERIC_STD.TO_INTEGER: metavalue detected, returning 0
#    Time: 758540 ns  Iteration: 5  Instance: /tb/MyRiscv/u_regfile/MUXB
# ** Warning: NUMERIC_STD.TO_INTEGER: metavalue detected, returning 0
#    Time: 758560 ns  Iteration: 5  Instance: /tb/MyRiscv/u_regfile/MUXA
# ** Warning: NUMERIC_STD.TO_INTEGER: metavalue detected, returning 0
#    Time: 758560 ns  Iteration: 5  Instance: /tb/MyRiscv/u_regfile/MUXB
# ** Warning: NUMERIC_STD.TO_INTEGER: metavalue detected, returning 0
#    Time: 779 us  Iteration: 2  Instance: /tb/MyRiscv/u_regfile/MUXB
# ** Warning: NUMERIC_STD.TO_INTEGER: metavalue detected, returning 0
#    Time: 779 us  Iteration: 2  Instance: /tb/MyRiscv/u_regfile/MUXA
# ** Warning: NUMERIC_STD.TO_INTEGER: metavalue detected, returning 0
#    Time: 779 us  Iteration: 5  Instance: /tb/MyRiscv/u_regfile/MUXA
# ** Warning: NUMERIC_STD.TO_INTEGER: metavalue detected, returning 0
#    Time: 779 us  Iteration: 5  Instance: /tb/MyRiscv/u_regfile/MUXB
# ** Warning: NUMERIC_STD.TO_INTEGER: metavalue detected, returning 0
#    Time: 779020 ns  Iteration: 5  Instance: /tb/MyRiscv/u_regfile/MUXA
# ** Warning: NUMERIC_STD.TO_INTEGER: metavalue detected, returning 0
#    Time: 779020 ns  Iteration: 5  Instance: /tb/MyRiscv/u_regfile/MUXB
# ** Warning: NUMERIC_STD.TO_INTEGER: metavalue detected, returning 0
#    Time: 779040 ns  Iteration: 5  Instance: /tb/MyRiscv/u_regfile/MUXA
# ** Warning: NUMERIC_STD.TO_INTEGER: metavalue detected, returning 0
#    Time: 779040 ns  Iteration: 5  Instance: /tb/MyRiscv/u_regfile/MUXB
# ** Warning: NUMERIC_STD.TO_INTEGER: metavalue detected, returning 0
#    Time: 799480 ns  Iteration: 2  Instance: /tb/MyRiscv/u_regfile/MUXB
# ** Warning: NUMERIC_STD.TO_INTEGER: metavalue detected, returning 0
#    Time: 799480 ns  Iteration: 2  Instance: /tb/MyRiscv/u_regfile/MUXA
# ** Warning: NUMERIC_STD.TO_INTEGER: metavalue detected, returning 0
#    Time: 799480 ns  Iteration: 5  Instance: /tb/MyRiscv/u_regfile/MUXA
# ** Warning: NUMERIC_STD.TO_INTEGER: metavalue detected, returning 0
#    Time: 799480 ns  Iteration: 5  Instance: /tb/MyRiscv/u_regfile/MUXB
# ** Warning: NUMERIC_STD.TO_INTEGER: metavalue detected, returning 0
#    Time: 799500 ns  Iteration: 5  Instance: /tb/MyRiscv/u_regfile/MUXA
# ** Warning: NUMERIC_STD.TO_INTEGER: metavalue detected, returning 0
#    Time: 799500 ns  Iteration: 5  Instance: /tb/MyRiscv/u_regfile/MUXB
# ** Warning: NUMERIC_STD.TO_INTEGER: metavalue detected, returning 0
#    Time: 799520 ns  Iteration: 5  Instance: /tb/MyRiscv/u_regfile/MUXA
# ** Warning: NUMERIC_STD.TO_INTEGER: metavalue detected, returning 0
#    Time: 799520 ns  Iteration: 5  Instance: /tb/MyRiscv/u_regfile/MUXB
# ** Warning: NUMERIC_STD.TO_INTEGER: metavalue detected, returning 0
#    Time: 819960 ns  Iteration: 2  Instance: /tb/MyRiscv/u_regfile/MUXB
# ** Warning: NUMERIC_STD.TO_INTEGER: metavalue detected, returning 0
#    Time: 819960 ns  Iteration: 2  Instance: /tb/MyRiscv/u_regfile/MUXA
# ** Warning: NUMERIC_STD.TO_INTEGER: metavalue detected, returning 0
#    Time: 819960 ns  Iteration: 5  Instance: /tb/MyRiscv/u_regfile/MUXA
# ** Warning: NUMERIC_STD.TO_INTEGER: metavalue detected, returning 0
#    Time: 819960 ns  Iteration: 5  Instance: /tb/MyRiscv/u_regfile/MUXB
# ** Warning: NUMERIC_STD.TO_INTEGER: metavalue detected, returning 0
#    Time: 819980 ns  Iteration: 5  Instance: /tb/MyRiscv/u_regfile/MUXA
# ** Warning: NUMERIC_STD.TO_INTEGER: metavalue detected, returning 0
#    Time: 819980 ns  Iteration: 5  Instance: /tb/MyRiscv/u_regfile/MUXB
# ** Warning: NUMERIC_STD.TO_INTEGER: metavalue detected, returning 0
#    Time: 820 us  Iteration: 5  Instance: /tb/MyRiscv/u_regfile/MUXA
# ** Warning: NUMERIC_STD.TO_INTEGER: metavalue detected, returning 0
#    Time: 820 us  Iteration: 5  Instance: /tb/MyRiscv/u_regfile/MUXB
# ** Warning: NUMERIC_STD.TO_INTEGER: metavalue detected, returning 0
#    Time: 840440 ns  Iteration: 2  Instance: /tb/MyRiscv/u_regfile/MUXB
# ** Warning: NUMERIC_STD.TO_INTEGER: metavalue detected, returning 0
#    Time: 840440 ns  Iteration: 2  Instance: /tb/MyRiscv/u_regfile/MUXA
# ** Warning: NUMERIC_STD.TO_INTEGER: metavalue detected, returning 0
#    Time: 840440 ns  Iteration: 5  Instance: /tb/MyRiscv/u_regfile/MUXA
# ** Warning: NUMERIC_STD.TO_INTEGER: metavalue detected, returning 0
#    Time: 840440 ns  Iteration: 5  Instance: /tb/MyRiscv/u_regfile/MUXB
# ** Warning: NUMERIC_STD.TO_INTEGER: metavalue detected, returning 0
#    Time: 840460 ns  Iteration: 5  Instance: /tb/MyRiscv/u_regfile/MUXA
# ** Warning: NUMERIC_STD.TO_INTEGER: metavalue detected, returning 0
#    Time: 840460 ns  Iteration: 5  Instance: /tb/MyRiscv/u_regfile/MUXB
# ** Warning: NUMERIC_STD.TO_INTEGER: metavalue detected, returning 0
#    Time: 840480 ns  Iteration: 5  Instance: /tb/MyRiscv/u_regfile/MUXA
# ** Warning: NUMERIC_STD.TO_INTEGER: metavalue detected, returning 0
#    Time: 840480 ns  Iteration: 5  Instance: /tb/MyRiscv/u_regfile/MUXB
# ** Warning: NUMERIC_STD.TO_INTEGER: metavalue detected, returning 0
#    Time: 860920 ns  Iteration: 2  Instance: /tb/MyRiscv/u_regfile/MUXB
# ** Warning: NUMERIC_STD.TO_INTEGER: metavalue detected, returning 0
#    Time: 860920 ns  Iteration: 2  Instance: /tb/MyRiscv/u_regfile/MUXA
# ** Warning: NUMERIC_STD.TO_INTEGER: metavalue detected, returning 0
#    Time: 860920 ns  Iteration: 5  Instance: /tb/MyRiscv/u_regfile/MUXA
# ** Warning: NUMERIC_STD.TO_INTEGER: metavalue detected, returning 0
#    Time: 860920 ns  Iteration: 5  Instance: /tb/MyRiscv/u_regfile/MUXB
# ** Warning: NUMERIC_STD.TO_INTEGER: metavalue detected, returning 0
#    Time: 860940 ns  Iteration: 5  Instance: /tb/MyRiscv/u_regfile/MUXA
# ** Warning: NUMERIC_STD.TO_INTEGER: metavalue detected, returning 0
#    Time: 860940 ns  Iteration: 5  Instance: /tb/MyRiscv/u_regfile/MUXB
# ** Warning: NUMERIC_STD.TO_INTEGER: metavalue detected, returning 0
#    Time: 860960 ns  Iteration: 5  Instance: /tb/MyRiscv/u_regfile/MUXA
# ** Warning: NUMERIC_STD.TO_INTEGER: metavalue detected, returning 0
#    Time: 860960 ns  Iteration: 5  Instance: /tb/MyRiscv/u_regfile/MUXB
# ** Warning: NUMERIC_STD.TO_INTEGER: metavalue detected, returning 0
#    Time: 881400 ns  Iteration: 2  Instance: /tb/MyRiscv/u_regfile/MUXB
# ** Warning: NUMERIC_STD.TO_INTEGER: metavalue detected, returning 0
#    Time: 881400 ns  Iteration: 2  Instance: /tb/MyRiscv/u_regfile/MUXA
# ** Warning: NUMERIC_STD.TO_INTEGER: metavalue detected, returning 0
#    Time: 881400 ns  Iteration: 5  Instance: /tb/MyRiscv/u_regfile/MUXA
# ** Warning: NUMERIC_STD.TO_INTEGER: metavalue detected, returning 0
#    Time: 881400 ns  Iteration: 5  Instance: /tb/MyRiscv/u_regfile/MUXB
# ** Warning: NUMERIC_STD.TO_INTEGER: metavalue detected, returning 0
#    Time: 881420 ns  Iteration: 5  Instance: /tb/MyRiscv/u_regfile/MUXA
# ** Warning: NUMERIC_STD.TO_INTEGER: metavalue detected, returning 0
#    Time: 881420 ns  Iteration: 5  Instance: /tb/MyRiscv/u_regfile/MUXB
# ** Warning: NUMERIC_STD.TO_INTEGER: metavalue detected, returning 0
#    Time: 881440 ns  Iteration: 5  Instance: /tb/MyRiscv/u_regfile/MUXA
# ** Warning: NUMERIC_STD.TO_INTEGER: metavalue detected, returning 0
#    Time: 881440 ns  Iteration: 5  Instance: /tb/MyRiscv/u_regfile/MUXB
# ** Warning: NUMERIC_STD.TO_INTEGER: metavalue detected, returning 0
#    Time: 901880 ns  Iteration: 2  Instance: /tb/MyRiscv/u_regfile/MUXB
# ** Warning: NUMERIC_STD.TO_INTEGER: metavalue detected, returning 0
#    Time: 901880 ns  Iteration: 2  Instance: /tb/MyRiscv/u_regfile/MUXA
# ** Warning: NUMERIC_STD.TO_INTEGER: metavalue detected, returning 0
#    Time: 901880 ns  Iteration: 5  Instance: /tb/MyRiscv/u_regfile/MUXA
# ** Warning: NUMERIC_STD.TO_INTEGER: metavalue detected, returning 0
#    Time: 901880 ns  Iteration: 5  Instance: /tb/MyRiscv/u_regfile/MUXB
# ** Warning: NUMERIC_STD.TO_INTEGER: metavalue detected, returning 0
#    Time: 901900 ns  Iteration: 5  Instance: /tb/MyRiscv/u_regfile/MUXA
# ** Warning: NUMERIC_STD.TO_INTEGER: metavalue detected, returning 0
#    Time: 901900 ns  Iteration: 5  Instance: /tb/MyRiscv/u_regfile/MUXB
# ** Warning: NUMERIC_STD.TO_INTEGER: metavalue detected, returning 0
#    Time: 901920 ns  Iteration: 5  Instance: /tb/MyRiscv/u_regfile/MUXA
# ** Warning: NUMERIC_STD.TO_INTEGER: metavalue detected, returning 0
#    Time: 901920 ns  Iteration: 5  Instance: /tb/MyRiscv/u_regfile/MUXB
# ** Warning: NUMERIC_STD.TO_INTEGER: metavalue detected, returning 0
#    Time: 922360 ns  Iteration: 2  Instance: /tb/MyRiscv/u_regfile/MUXB
# ** Warning: NUMERIC_STD.TO_INTEGER: metavalue detected, returning 0
#    Time: 922360 ns  Iteration: 2  Instance: /tb/MyRiscv/u_regfile/MUXA
# ** Warning: NUMERIC_STD.TO_INTEGER: metavalue detected, returning 0
#    Time: 922360 ns  Iteration: 5  Instance: /tb/MyRiscv/u_regfile/MUXA
# ** Warning: NUMERIC_STD.TO_INTEGER: metavalue detected, returning 0
#    Time: 922360 ns  Iteration: 5  Instance: /tb/MyRiscv/u_regfile/MUXB
# ** Warning: NUMERIC_STD.TO_INTEGER: metavalue detected, returning 0
#    Time: 922380 ns  Iteration: 5  Instance: /tb/MyRiscv/u_regfile/MUXA
# ** Warning: NUMERIC_STD.TO_INTEGER: metavalue detected, returning 0
#    Time: 922380 ns  Iteration: 5  Instance: /tb/MyRiscv/u_regfile/MUXB
# ** Warning: NUMERIC_STD.TO_INTEGER: metavalue detected, returning 0
#    Time: 922400 ns  Iteration: 5  Instance: /tb/MyRiscv/u_regfile/MUXA
# ** Warning: NUMERIC_STD.TO_INTEGER: metavalue detected, returning 0
#    Time: 922400 ns  Iteration: 5  Instance: /tb/MyRiscv/u_regfile/MUXB
# ** Warning: NUMERIC_STD.TO_INTEGER: metavalue detected, returning 0
#    Time: 942840 ns  Iteration: 2  Instance: /tb/MyRiscv/u_regfile/MUXB
# ** Warning: NUMERIC_STD.TO_INTEGER: metavalue detected, returning 0
#    Time: 942840 ns  Iteration: 2  Instance: /tb/MyRiscv/u_regfile/MUXA
# ** Warning: NUMERIC_STD.TO_INTEGER: metavalue detected, returning 0
#    Time: 942840 ns  Iteration: 5  Instance: /tb/MyRiscv/u_regfile/MUXA
# ** Warning: NUMERIC_STD.TO_INTEGER: metavalue detected, returning 0
#    Time: 942840 ns  Iteration: 5  Instance: /tb/MyRiscv/u_regfile/MUXB
# ** Warning: NUMERIC_STD.TO_INTEGER: metavalue detected, returning 0
#    Time: 942860 ns  Iteration: 5  Instance: /tb/MyRiscv/u_regfile/MUXA
# ** Warning: NUMERIC_STD.TO_INTEGER: metavalue detected, returning 0
#    Time: 942860 ns  Iteration: 5  Instance: /tb/MyRiscv/u_regfile/MUXB
# ** Warning: NUMERIC_STD.TO_INTEGER: metavalue detected, returning 0
#    Time: 942880 ns  Iteration: 5  Instance: /tb/MyRiscv/u_regfile/MUXA
# ** Warning: NUMERIC_STD.TO_INTEGER: metavalue detected, returning 0
#    Time: 942880 ns  Iteration: 5  Instance: /tb/MyRiscv/u_regfile/MUXB
# ** Warning: NUMERIC_STD.TO_INTEGER: metavalue detected, returning 0
#    Time: 963320 ns  Iteration: 2  Instance: /tb/MyRiscv/u_regfile/MUXB
# ** Warning: NUMERIC_STD.TO_INTEGER: metavalue detected, returning 0
#    Time: 963320 ns  Iteration: 2  Instance: /tb/MyRiscv/u_regfile/MUXA
# ** Warning: NUMERIC_STD.TO_INTEGER: metavalue detected, returning 0
#    Time: 963320 ns  Iteration: 5  Instance: /tb/MyRiscv/u_regfile/MUXA
# ** Warning: NUMERIC_STD.TO_INTEGER: metavalue detected, returning 0
#    Time: 963320 ns  Iteration: 5  Instance: /tb/MyRiscv/u_regfile/MUXB
# ** Warning: NUMERIC_STD.TO_INTEGER: metavalue detected, returning 0
#    Time: 963340 ns  Iteration: 5  Instance: /tb/MyRiscv/u_regfile/MUXA
# ** Warning: NUMERIC_STD.TO_INTEGER: metavalue detected, returning 0
#    Time: 963340 ns  Iteration: 5  Instance: /tb/MyRiscv/u_regfile/MUXB
# ** Warning: NUMERIC_STD.TO_INTEGER: metavalue detected, returning 0
#    Time: 963360 ns  Iteration: 5  Instance: /tb/MyRiscv/u_regfile/MUXA
# ** Warning: NUMERIC_STD.TO_INTEGER: metavalue detected, returning 0
#    Time: 963360 ns  Iteration: 5  Instance: /tb/MyRiscv/u_regfile/MUXB
# ** Warning: NUMERIC_STD.TO_INTEGER: metavalue detected, returning 0
#    Time: 983800 ns  Iteration: 2  Instance: /tb/MyRiscv/u_regfile/MUXB
# ** Warning: NUMERIC_STD.TO_INTEGER: metavalue detected, returning 0
#    Time: 983800 ns  Iteration: 2  Instance: /tb/MyRiscv/u_regfile/MUXA
# ** Warning: NUMERIC_STD.TO_INTEGER: metavalue detected, returning 0
#    Time: 983800 ns  Iteration: 5  Instance: /tb/MyRiscv/u_regfile/MUXA
# ** Warning: NUMERIC_STD.TO_INTEGER: metavalue detected, returning 0
#    Time: 983800 ns  Iteration: 5  Instance: /tb/MyRiscv/u_regfile/MUXB
# ** Warning: NUMERIC_STD.TO_INTEGER: metavalue detected, returning 0
#    Time: 983820 ns  Iteration: 5  Instance: /tb/MyRiscv/u_regfile/MUXA
# ** Warning: NUMERIC_STD.TO_INTEGER: metavalue detected, returning 0
#    Time: 983820 ns  Iteration: 5  Instance: /tb/MyRiscv/u_regfile/MUXB
# ** Warning: NUMERIC_STD.TO_INTEGER: metavalue detected, returning 0
#    Time: 983840 ns  Iteration: 5  Instance: /tb/MyRiscv/u_regfile/MUXA
# ** Warning: NUMERIC_STD.TO_INTEGER: metavalue detected, returning 0
#    Time: 983840 ns  Iteration: 5  Instance: /tb/MyRiscv/u_regfile/MUXB
# ** Warning: NUMERIC_STD.TO_INTEGER: metavalue detected, returning 0
#    Time: 1004280 ns  Iteration: 2  Instance: /tb/MyRiscv/u_regfile/MUXB
# ** Warning: NUMERIC_STD.TO_INTEGER: metavalue detected, returning 0
#    Time: 1004280 ns  Iteration: 2  Instance: /tb/MyRiscv/u_regfile/MUXA
# ** Warning: NUMERIC_STD.TO_INTEGER: metavalue detected, returning 0
#    Time: 1004280 ns  Iteration: 5  Instance: /tb/MyRiscv/u_regfile/MUXA
# ** Warning: NUMERIC_STD.TO_INTEGER: metavalue detected, returning 0
#    Time: 1004280 ns  Iteration: 5  Instance: /tb/MyRiscv/u_regfile/MUXB
# ** Warning: NUMERIC_STD.TO_INTEGER: metavalue detected, returning 0
#    Time: 1004300 ns  Iteration: 5  Instance: /tb/MyRiscv/u_regfile/MUXA
# ** Warning: NUMERIC_STD.TO_INTEGER: metavalue detected, returning 0
#    Time: 1004300 ns  Iteration: 5  Instance: /tb/MyRiscv/u_regfile/MUXB
# ** Warning: NUMERIC_STD.TO_INTEGER: metavalue detected, returning 0
#    Time: 1004320 ns  Iteration: 5  Instance: /tb/MyRiscv/u_regfile/MUXA
# ** Warning: NUMERIC_STD.TO_INTEGER: metavalue detected, returning 0
#    Time: 1004320 ns  Iteration: 5  Instance: /tb/MyRiscv/u_regfile/MUXB
# ** Warning: NUMERIC_STD.TO_INTEGER: metavalue detected, returning 0
#    Time: 1024760 ns  Iteration: 2  Instance: /tb/MyRiscv/u_regfile/MUXB
# ** Warning: NUMERIC_STD.TO_INTEGER: metavalue detected, returning 0
#    Time: 1024760 ns  Iteration: 2  Instance: /tb/MyRiscv/u_regfile/MUXA
# ** Warning: NUMERIC_STD.TO_INTEGER: metavalue detected, returning 0
#    Time: 1024760 ns  Iteration: 5  Instance: /tb/MyRiscv/u_regfile/MUXA
# ** Warning: NUMERIC_STD.TO_INTEGER: metavalue detected, returning 0
#    Time: 1024760 ns  Iteration: 5  Instance: /tb/MyRiscv/u_regfile/MUXB
# ** Warning: NUMERIC_STD.TO_INTEGER: metavalue detected, returning 0
#    Time: 1024780 ns  Iteration: 5  Instance: /tb/MyRiscv/u_regfile/MUXA
# ** Warning: NUMERIC_STD.TO_INTEGER: metavalue detected, returning 0
#    Time: 1024780 ns  Iteration: 5  Instance: /tb/MyRiscv/u_regfile/MUXB
# ** Warning: NUMERIC_STD.TO_INTEGER: metavalue detected, returning 0
#    Time: 1024800 ns  Iteration: 5  Instance: /tb/MyRiscv/u_regfile/MUXA
# ** Warning: NUMERIC_STD.TO_INTEGER: metavalue detected, returning 0
#    Time: 1024800 ns  Iteration: 5  Instance: /tb/MyRiscv/u_regfile/MUXB
# ** Warning: NUMERIC_STD.TO_INTEGER: metavalue detected, returning 0
#    Time: 1045240 ns  Iteration: 2  Instance: /tb/MyRiscv/u_regfile/MUXB
# ** Warning: NUMERIC_STD.TO_INTEGER: metavalue detected, returning 0
#    Time: 1045240 ns  Iteration: 2  Instance: /tb/MyRiscv/u_regfile/MUXA
# ** Warning: NUMERIC_STD.TO_INTEGER: metavalue detected, returning 0
#    Time: 1045240 ns  Iteration: 5  Instance: /tb/MyRiscv/u_regfile/MUXA
# ** Warning: NUMERIC_STD.TO_INTEGER: metavalue detected, returning 0
#    Time: 1045240 ns  Iteration: 5  Instance: /tb/MyRiscv/u_regfile/MUXB
# ** Warning: NUMERIC_STD.TO_INTEGER: metavalue detected, returning 0
#    Time: 1045260 ns  Iteration: 5  Instance: /tb/MyRiscv/u_regfile/MUXA
# ** Warning: NUMERIC_STD.TO_INTEGER: metavalue detected, returning 0
#    Time: 1045260 ns  Iteration: 5  Instance: /tb/MyRiscv/u_regfile/MUXB
# ** Warning: NUMERIC_STD.TO_INTEGER: metavalue detected, returning 0
#    Time: 1045280 ns  Iteration: 5  Instance: /tb/MyRiscv/u_regfile/MUXA
# ** Warning: NUMERIC_STD.TO_INTEGER: metavalue detected, returning 0
#    Time: 1045280 ns  Iteration: 5  Instance: /tb/MyRiscv/u_regfile/MUXB
# ** Warning: NUMERIC_STD.TO_INTEGER: metavalue detected, returning 0
#    Time: 1065720 ns  Iteration: 2  Instance: /tb/MyRiscv/u_regfile/MUXB
# ** Warning: NUMERIC_STD.TO_INTEGER: metavalue detected, returning 0
#    Time: 1065720 ns  Iteration: 2  Instance: /tb/MyRiscv/u_regfile/MUXA
# ** Warning: NUMERIC_STD.TO_INTEGER: metavalue detected, returning 0
#    Time: 1065720 ns  Iteration: 5  Instance: /tb/MyRiscv/u_regfile/MUXA
# ** Warning: NUMERIC_STD.TO_INTEGER: metavalue detected, returning 0
#    Time: 1065720 ns  Iteration: 5  Instance: /tb/MyRiscv/u_regfile/MUXB
# ** Warning: NUMERIC_STD.TO_INTEGER: metavalue detected, returning 0
#    Time: 1065740 ns  Iteration: 5  Instance: /tb/MyRiscv/u_regfile/MUXA
# ** Warning: NUMERIC_STD.TO_INTEGER: metavalue detected, returning 0
#    Time: 1065740 ns  Iteration: 5  Instance: /tb/MyRiscv/u_regfile/MUXB
# ** Warning: NUMERIC_STD.TO_INTEGER: metavalue detected, returning 0
#    Time: 1065760 ns  Iteration: 5  Instance: /tb/MyRiscv/u_regfile/MUXA
# ** Warning: NUMERIC_STD.TO_INTEGER: metavalue detected, returning 0
#    Time: 1065760 ns  Iteration: 5  Instance: /tb/MyRiscv/u_regfile/MUXB
# ** Warning: NUMERIC_STD.TO_INTEGER: metavalue detected, returning 0
#    Time: 1086200 ns  Iteration: 2  Instance: /tb/MyRiscv/u_regfile/MUXB
# ** Warning: NUMERIC_STD.TO_INTEGER: metavalue detected, returning 0
#    Time: 1086200 ns  Iteration: 2  Instance: /tb/MyRiscv/u_regfile/MUXA
# ** Warning: NUMERIC_STD.TO_INTEGER: metavalue detected, returning 0
#    Time: 1086200 ns  Iteration: 5  Instance: /tb/MyRiscv/u_regfile/MUXA
# ** Warning: NUMERIC_STD.TO_INTEGER: metavalue detected, returning 0
#    Time: 1086200 ns  Iteration: 5  Instance: /tb/MyRiscv/u_regfile/MUXB
# ** Warning: NUMERIC_STD.TO_INTEGER: metavalue detected, returning 0
#    Time: 1086220 ns  Iteration: 5  Instance: /tb/MyRiscv/u_regfile/MUXA
# ** Warning: NUMERIC_STD.TO_INTEGER: metavalue detected, returning 0
#    Time: 1086220 ns  Iteration: 5  Instance: /tb/MyRiscv/u_regfile/MUXB
# ** Warning: NUMERIC_STD.TO_INTEGER: metavalue detected, returning 0
#    Time: 1086240 ns  Iteration: 5  Instance: /tb/MyRiscv/u_regfile/MUXA
# ** Warning: NUMERIC_STD.TO_INTEGER: metavalue detected, returning 0
#    Time: 1086240 ns  Iteration: 5  Instance: /tb/MyRiscv/u_regfile/MUXB
# ** Warning: NUMERIC_STD.TO_INTEGER: metavalue detected, returning 0
#    Time: 1106680 ns  Iteration: 2  Instance: /tb/MyRiscv/u_regfile/MUXB
# ** Warning: NUMERIC_STD.TO_INTEGER: metavalue detected, returning 0
#    Time: 1106680 ns  Iteration: 2  Instance: /tb/MyRiscv/u_regfile/MUXA
# ** Warning: NUMERIC_STD.TO_INTEGER: metavalue detected, returning 0
#    Time: 1106680 ns  Iteration: 5  Instance: /tb/MyRiscv/u_regfile/MUXA
# ** Warning: NUMERIC_STD.TO_INTEGER: metavalue detected, returning 0
#    Time: 1106680 ns  Iteration: 5  Instance: /tb/MyRiscv/u_regfile/MUXB
# ** Warning: NUMERIC_STD.TO_INTEGER: metavalue detected, returning 0
#    Time: 1106700 ns  Iteration: 5  Instance: /tb/MyRiscv/u_regfile/MUXA
# ** Warning: NUMERIC_STD.TO_INTEGER: metavalue detected, returning 0
#    Time: 1106700 ns  Iteration: 5  Instance: /tb/MyRiscv/u_regfile/MUXB
# ** Warning: NUMERIC_STD.TO_INTEGER: metavalue detected, returning 0
#    Time: 1106720 ns  Iteration: 5  Instance: /tb/MyRiscv/u_regfile/MUXA
# ** Warning: NUMERIC_STD.TO_INTEGER: metavalue detected, returning 0
#    Time: 1106720 ns  Iteration: 5  Instance: /tb/MyRiscv/u_regfile/MUXB
# ** Warning: NUMERIC_STD.TO_INTEGER: metavalue detected, returning 0
#    Time: 1127160 ns  Iteration: 2  Instance: /tb/MyRiscv/u_regfile/MUXB
# ** Warning: NUMERIC_STD.TO_INTEGER: metavalue detected, returning 0
#    Time: 1127160 ns  Iteration: 2  Instance: /tb/MyRiscv/u_regfile/MUXA
# ** Warning: NUMERIC_STD.TO_INTEGER: metavalue detected, returning 0
#    Time: 1127160 ns  Iteration: 5  Instance: /tb/MyRiscv/u_regfile/MUXA
# ** Warning: NUMERIC_STD.TO_INTEGER: metavalue detected, returning 0
#    Time: 1127160 ns  Iteration: 5  Instance: /tb/MyRiscv/u_regfile/MUXB
# ** Warning: NUMERIC_STD.TO_INTEGER: metavalue detected, returning 0
#    Time: 1127180 ns  Iteration: 5  Instance: /tb/MyRiscv/u_regfile/MUXA
# ** Warning: NUMERIC_STD.TO_INTEGER: metavalue detected, returning 0
#    Time: 1127180 ns  Iteration: 5  Instance: /tb/MyRiscv/u_regfile/MUXB
# ** Warning: NUMERIC_STD.TO_INTEGER: metavalue detected, returning 0
#    Time: 1127200 ns  Iteration: 5  Instance: /tb/MyRiscv/u_regfile/MUXA
# ** Warning: NUMERIC_STD.TO_INTEGER: metavalue detected, returning 0
#    Time: 1127200 ns  Iteration: 5  Instance: /tb/MyRiscv/u_regfile/MUXB
# ** Warning: NUMERIC_STD.TO_INTEGER: metavalue detected, returning 0
#    Time: 1147640 ns  Iteration: 2  Instance: /tb/MyRiscv/u_regfile/MUXB
# ** Warning: NUMERIC_STD.TO_INTEGER: metavalue detected, returning 0
#    Time: 1147640 ns  Iteration: 2  Instance: /tb/MyRiscv/u_regfile/MUXA
# ** Warning: NUMERIC_STD.TO_INTEGER: metavalue detected, returning 0
#    Time: 1147640 ns  Iteration: 5  Instance: /tb/MyRiscv/u_regfile/MUXA
# ** Warning: NUMERIC_STD.TO_INTEGER: metavalue detected, returning 0
#    Time: 1147640 ns  Iteration: 5  Instance: /tb/MyRiscv/u_regfile/MUXB
# ** Warning: NUMERIC_STD.TO_INTEGER: metavalue detected, returning 0
#    Time: 1147660 ns  Iteration: 5  Instance: /tb/MyRiscv/u_regfile/MUXA
# ** Warning: NUMERIC_STD.TO_INTEGER: metavalue detected, returning 0
#    Time: 1147660 ns  Iteration: 5  Instance: /tb/MyRiscv/u_regfile/MUXB
# ** Warning: NUMERIC_STD.TO_INTEGER: metavalue detected, returning 0
#    Time: 1147680 ns  Iteration: 5  Instance: /tb/MyRiscv/u_regfile/MUXA
# ** Warning: NUMERIC_STD.TO_INTEGER: metavalue detected, returning 0
#    Time: 1147680 ns  Iteration: 5  Instance: /tb/MyRiscv/u_regfile/MUXB
# ** Warning: NUMERIC_STD.TO_INTEGER: metavalue detected, returning 0
#    Time: 1168120 ns  Iteration: 2  Instance: /tb/MyRiscv/u_regfile/MUXB
# ** Warning: NUMERIC_STD.TO_INTEGER: metavalue detected, returning 0
#    Time: 1168120 ns  Iteration: 2  Instance: /tb/MyRiscv/u_regfile/MUXA
# ** Warning: NUMERIC_STD.TO_INTEGER: metavalue detected, returning 0
#    Time: 1168120 ns  Iteration: 5  Instance: /tb/MyRiscv/u_regfile/MUXA
# ** Warning: NUMERIC_STD.TO_INTEGER: metavalue detected, returning 0
#    Time: 1168120 ns  Iteration: 5  Instance: /tb/MyRiscv/u_regfile/MUXB
# ** Warning: NUMERIC_STD.TO_INTEGER: metavalue detected, returning 0
#    Time: 1168140 ns  Iteration: 5  Instance: /tb/MyRiscv/u_regfile/MUXA
# ** Warning: NUMERIC_STD.TO_INTEGER: metavalue detected, returning 0
#    Time: 1168140 ns  Iteration: 5  Instance: /tb/MyRiscv/u_regfile/MUXB
# ** Warning: NUMERIC_STD.TO_INTEGER: metavalue detected, returning 0
#    Time: 1168160 ns  Iteration: 5  Instance: /tb/MyRiscv/u_regfile/MUXA
# ** Warning: NUMERIC_STD.TO_INTEGER: metavalue detected, returning 0
#    Time: 1168160 ns  Iteration: 5  Instance: /tb/MyRiscv/u_regfile/MUXB
# ** Warning: NUMERIC_STD.TO_INTEGER: metavalue detected, returning 0
#    Time: 1188600 ns  Iteration: 2  Instance: /tb/MyRiscv/u_regfile/MUXB
# ** Warning: NUMERIC_STD.TO_INTEGER: metavalue detected, returning 0
#    Time: 1188600 ns  Iteration: 2  Instance: /tb/MyRiscv/u_regfile/MUXA
# ** Warning: NUMERIC_STD.TO_INTEGER: metavalue detected, returning 0
#    Time: 1188600 ns  Iteration: 5  Instance: /tb/MyRiscv/u_regfile/MUXA
# ** Warning: NUMERIC_STD.TO_INTEGER: metavalue detected, returning 0
#    Time: 1188600 ns  Iteration: 5  Instance: /tb/MyRiscv/u_regfile/MUXB
# ** Warning: NUMERIC_STD.TO_INTEGER: metavalue detected, returning 0
#    Time: 1188620 ns  Iteration: 5  Instance: /tb/MyRiscv/u_regfile/MUXA
# ** Warning: NUMERIC_STD.TO_INTEGER: metavalue detected, returning 0
#    Time: 1188620 ns  Iteration: 5  Instance: /tb/MyRiscv/u_regfile/MUXB
# ** Warning: NUMERIC_STD.TO_INTEGER: metavalue detected, returning 0
#    Time: 1188640 ns  Iteration: 5  Instance: /tb/MyRiscv/u_regfile/MUXA
# ** Warning: NUMERIC_STD.TO_INTEGER: metavalue detected, returning 0
#    Time: 1188640 ns  Iteration: 5  Instance: /tb/MyRiscv/u_regfile/MUXB
# ** Warning: NUMERIC_STD.TO_INTEGER: metavalue detected, returning 0
#    Time: 1209080 ns  Iteration: 2  Instance: /tb/MyRiscv/u_regfile/MUXB
# ** Warning: NUMERIC_STD.TO_INTEGER: metavalue detected, returning 0
#    Time: 1209080 ns  Iteration: 2  Instance: /tb/MyRiscv/u_regfile/MUXA
# ** Warning: NUMERIC_STD.TO_INTEGER: metavalue detected, returning 0
#    Time: 1209080 ns  Iteration: 5  Instance: /tb/MyRiscv/u_regfile/MUXA
# ** Warning: NUMERIC_STD.TO_INTEGER: metavalue detected, returning 0
#    Time: 1209080 ns  Iteration: 5  Instance: /tb/MyRiscv/u_regfile/MUXB
# ** Warning: NUMERIC_STD.TO_INTEGER: metavalue detected, returning 0
#    Time: 1209100 ns  Iteration: 5  Instance: /tb/MyRiscv/u_regfile/MUXA
# ** Warning: NUMERIC_STD.TO_INTEGER: metavalue detected, returning 0
#    Time: 1209100 ns  Iteration: 5  Instance: /tb/MyRiscv/u_regfile/MUXB
# ** Warning: NUMERIC_STD.TO_INTEGER: metavalue detected, returning 0
#    Time: 1209120 ns  Iteration: 5  Instance: /tb/MyRiscv/u_regfile/MUXA
# ** Warning: NUMERIC_STD.TO_INTEGER: metavalue detected, returning 0
#    Time: 1209120 ns  Iteration: 5  Instance: /tb/MyRiscv/u_regfile/MUXB
# ** Warning: NUMERIC_STD.TO_INTEGER: metavalue detected, returning 0
#    Time: 1229560 ns  Iteration: 2  Instance: /tb/MyRiscv/u_regfile/MUXB
# ** Warning: NUMERIC_STD.TO_INTEGER: metavalue detected, returning 0
#    Time: 1229560 ns  Iteration: 2  Instance: /tb/MyRiscv/u_regfile/MUXA
# ** Warning: NUMERIC_STD.TO_INTEGER: metavalue detected, returning 0
#    Time: 1229560 ns  Iteration: 5  Instance: /tb/MyRiscv/u_regfile/MUXA
# ** Warning: NUMERIC_STD.TO_INTEGER: metavalue detected, returning 0
#    Time: 1229560 ns  Iteration: 5  Instance: /tb/MyRiscv/u_regfile/MUXB
# ** Warning: NUMERIC_STD.TO_INTEGER: metavalue detected, returning 0
#    Time: 1229580 ns  Iteration: 5  Instance: /tb/MyRiscv/u_regfile/MUXA
# ** Warning: NUMERIC_STD.TO_INTEGER: metavalue detected, returning 0
#    Time: 1229580 ns  Iteration: 5  Instance: /tb/MyRiscv/u_regfile/MUXB
# ** Warning: NUMERIC_STD.TO_INTEGER: metavalue detected, returning 0
#    Time: 1229600 ns  Iteration: 5  Instance: /tb/MyRiscv/u_regfile/MUXA
# ** Warning: NUMERIC_STD.TO_INTEGER: metavalue detected, returning 0
#    Time: 1229600 ns  Iteration: 5  Instance: /tb/MyRiscv/u_regfile/MUXB
# ** Warning: NUMERIC_STD.TO_INTEGER: metavalue detected, returning 0
#    Time: 1250040 ns  Iteration: 2  Instance: /tb/MyRiscv/u_regfile/MUXB
# ** Warning: NUMERIC_STD.TO_INTEGER: metavalue detected, returning 0
#    Time: 1250040 ns  Iteration: 2  Instance: /tb/MyRiscv/u_regfile/MUXA
# ** Warning: NUMERIC_STD.TO_INTEGER: metavalue detected, returning 0
#    Time: 1250040 ns  Iteration: 5  Instance: /tb/MyRiscv/u_regfile/MUXA
# ** Warning: NUMERIC_STD.TO_INTEGER: metavalue detected, returning 0
#    Time: 1250040 ns  Iteration: 5  Instance: /tb/MyRiscv/u_regfile/MUXB
# ** Warning: NUMERIC_STD.TO_INTEGER: metavalue detected, returning 0
#    Time: 1250060 ns  Iteration: 5  Instance: /tb/MyRiscv/u_regfile/MUXA
# ** Warning: NUMERIC_STD.TO_INTEGER: metavalue detected, returning 0
#    Time: 1250060 ns  Iteration: 5  Instance: /tb/MyRiscv/u_regfile/MUXB
# ** Warning: NUMERIC_STD.TO_INTEGER: metavalue detected, returning 0
#    Time: 1250080 ns  Iteration: 5  Instance: /tb/MyRiscv/u_regfile/MUXA
# ** Warning: NUMERIC_STD.TO_INTEGER: metavalue detected, returning 0
#    Time: 1250080 ns  Iteration: 5  Instance: /tb/MyRiscv/u_regfile/MUXB
# ** Warning: NUMERIC_STD.TO_INTEGER: metavalue detected, returning 0
#    Time: 1270520 ns  Iteration: 2  Instance: /tb/MyRiscv/u_regfile/MUXB
# ** Warning: NUMERIC_STD.TO_INTEGER: metavalue detected, returning 0
#    Time: 1270520 ns  Iteration: 2  Instance: /tb/MyRiscv/u_regfile/MUXA
# ** Warning: NUMERIC_STD.TO_INTEGER: metavalue detected, returning 0
#    Time: 1270520 ns  Iteration: 5  Instance: /tb/MyRiscv/u_regfile/MUXA
# ** Warning: NUMERIC_STD.TO_INTEGER: metavalue detected, returning 0
#    Time: 1270520 ns  Iteration: 5  Instance: /tb/MyRiscv/u_regfile/MUXB
# ** Warning: NUMERIC_STD.TO_INTEGER: metavalue detected, returning 0
#    Time: 1270540 ns  Iteration: 5  Instance: /tb/MyRiscv/u_regfile/MUXA
# ** Warning: NUMERIC_STD.TO_INTEGER: metavalue detected, returning 0
#    Time: 1270540 ns  Iteration: 5  Instance: /tb/MyRiscv/u_regfile/MUXB
# ** Warning: NUMERIC_STD.TO_INTEGER: metavalue detected, returning 0
#    Time: 1270560 ns  Iteration: 5  Instance: /tb/MyRiscv/u_regfile/MUXA
# ** Warning: NUMERIC_STD.TO_INTEGER: metavalue detected, returning 0
#    Time: 1270560 ns  Iteration: 5  Instance: /tb/MyRiscv/u_regfile/MUXB
# ** Warning: NUMERIC_STD.TO_INTEGER: metavalue detected, returning 0
#    Time: 1291 us  Iteration: 2  Instance: /tb/MyRiscv/u_regfile/MUXB
# ** Warning: NUMERIC_STD.TO_INTEGER: metavalue detected, returning 0
#    Time: 1291 us  Iteration: 2  Instance: /tb/MyRiscv/u_regfile/MUXA
# ** Warning: NUMERIC_STD.TO_INTEGER: metavalue detected, returning 0
#    Time: 1291 us  Iteration: 5  Instance: /tb/MyRiscv/u_regfile/MUXA
# ** Warning: NUMERIC_STD.TO_INTEGER: metavalue detected, returning 0
#    Time: 1291 us  Iteration: 5  Instance: /tb/MyRiscv/u_regfile/MUXB
# ** Warning: NUMERIC_STD.TO_INTEGER: metavalue detected, returning 0
#    Time: 1291020 ns  Iteration: 5  Instance: /tb/MyRiscv/u_regfile/MUXA
# ** Warning: NUMERIC_STD.TO_INTEGER: metavalue detected, returning 0
#    Time: 1291020 ns  Iteration: 5  Instance: /tb/MyRiscv/u_regfile/MUXB
# ** Warning: NUMERIC_STD.TO_INTEGER: metavalue detected, returning 0
#    Time: 1291040 ns  Iteration: 5  Instance: /tb/MyRiscv/u_regfile/MUXA
# ** Warning: NUMERIC_STD.TO_INTEGER: metavalue detected, returning 0
#    Time: 1291040 ns  Iteration: 5  Instance: /tb/MyRiscv/u_regfile/MUXB
# ** Warning: NUMERIC_STD.TO_INTEGER: metavalue detected, returning 0
#    Time: 1311480 ns  Iteration: 2  Instance: /tb/MyRiscv/u_regfile/MUXB
# ** Warning: NUMERIC_STD.TO_INTEGER: metavalue detected, returning 0
#    Time: 1311480 ns  Iteration: 2  Instance: /tb/MyRiscv/u_regfile/MUXA
# ** Warning: NUMERIC_STD.TO_INTEGER: metavalue detected, returning 0
#    Time: 1311480 ns  Iteration: 5  Instance: /tb/MyRiscv/u_regfile/MUXA
# ** Warning: NUMERIC_STD.TO_INTEGER: metavalue detected, returning 0
#    Time: 1311480 ns  Iteration: 5  Instance: /tb/MyRiscv/u_regfile/MUXB
# ** Warning: NUMERIC_STD.TO_INTEGER: metavalue detected, returning 0
#    Time: 1311500 ns  Iteration: 5  Instance: /tb/MyRiscv/u_regfile/MUXA
# ** Warning: NUMERIC_STD.TO_INTEGER: metavalue detected, returning 0
#    Time: 1311500 ns  Iteration: 5  Instance: /tb/MyRiscv/u_regfile/MUXB
# ** Warning: NUMERIC_STD.TO_INTEGER: metavalue detected, returning 0
#    Time: 1311520 ns  Iteration: 5  Instance: /tb/MyRiscv/u_regfile/MUXA
# ** Warning: NUMERIC_STD.TO_INTEGER: metavalue detected, returning 0
#    Time: 1311520 ns  Iteration: 5  Instance: /tb/MyRiscv/u_regfile/MUXB
# ** Warning: NUMERIC_STD.TO_INTEGER: metavalue detected, returning 0
#    Time: 1331960 ns  Iteration: 2  Instance: /tb/MyRiscv/u_regfile/MUXB
# ** Warning: NUMERIC_STD.TO_INTEGER: metavalue detected, returning 0
#    Time: 1331960 ns  Iteration: 2  Instance: /tb/MyRiscv/u_regfile/MUXA
# ** Warning: NUMERIC_STD.TO_INTEGER: metavalue detected, returning 0
#    Time: 1331960 ns  Iteration: 5  Instance: /tb/MyRiscv/u_regfile/MUXA
# ** Warning: NUMERIC_STD.TO_INTEGER: metavalue detected, returning 0
#    Time: 1331960 ns  Iteration: 5  Instance: /tb/MyRiscv/u_regfile/MUXB
# ** Warning: NUMERIC_STD.TO_INTEGER: metavalue detected, returning 0
#    Time: 1331980 ns  Iteration: 5  Instance: /tb/MyRiscv/u_regfile/MUXA
# ** Warning: NUMERIC_STD.TO_INTEGER: metavalue detected, returning 0
#    Time: 1331980 ns  Iteration: 5  Instance: /tb/MyRiscv/u_regfile/MUXB
# ** Warning: NUMERIC_STD.TO_INTEGER: metavalue detected, returning 0
#    Time: 1332 us  Iteration: 5  Instance: /tb/MyRiscv/u_regfile/MUXA
# ** Warning: NUMERIC_STD.TO_INTEGER: metavalue detected, returning 0
#    Time: 1332 us  Iteration: 5  Instance: /tb/MyRiscv/u_regfile/MUXB
# ** Warning: NUMERIC_STD.TO_INTEGER: metavalue detected, returning 0
#    Time: 1352440 ns  Iteration: 2  Instance: /tb/MyRiscv/u_regfile/MUXB
# ** Warning: NUMERIC_STD.TO_INTEGER: metavalue detected, returning 0
#    Time: 1352440 ns  Iteration: 2  Instance: /tb/MyRiscv/u_regfile/MUXA
# ** Warning: NUMERIC_STD.TO_INTEGER: metavalue detected, returning 0
#    Time: 1352440 ns  Iteration: 5  Instance: /tb/MyRiscv/u_regfile/MUXA
# ** Warning: NUMERIC_STD.TO_INTEGER: metavalue detected, returning 0
#    Time: 1352440 ns  Iteration: 5  Instance: /tb/MyRiscv/u_regfile/MUXB
# ** Warning: NUMERIC_STD.TO_INTEGER: metavalue detected, returning 0
#    Time: 1352460 ns  Iteration: 5  Instance: /tb/MyRiscv/u_regfile/MUXA
# ** Warning: NUMERIC_STD.TO_INTEGER: metavalue detected, returning 0
#    Time: 1352460 ns  Iteration: 5  Instance: /tb/MyRiscv/u_regfile/MUXB
# ** Warning: NUMERIC_STD.TO_INTEGER: metavalue detected, returning 0
#    Time: 1352480 ns  Iteration: 5  Instance: /tb/MyRiscv/u_regfile/MUXA
# ** Warning: NUMERIC_STD.TO_INTEGER: metavalue detected, returning 0
#    Time: 1352480 ns  Iteration: 5  Instance: /tb/MyRiscv/u_regfile/MUXB
# ** Warning: NUMERIC_STD.TO_INTEGER: metavalue detected, returning 0
#    Time: 1372920 ns  Iteration: 2  Instance: /tb/MyRiscv/u_regfile/MUXB
# ** Warning: NUMERIC_STD.TO_INTEGER: metavalue detected, returning 0
#    Time: 1372920 ns  Iteration: 2  Instance: /tb/MyRiscv/u_regfile/MUXA
# ** Warning: NUMERIC_STD.TO_INTEGER: metavalue detected, returning 0
#    Time: 1372920 ns  Iteration: 5  Instance: /tb/MyRiscv/u_regfile/MUXA
# ** Warning: NUMERIC_STD.TO_INTEGER: metavalue detected, returning 0
#    Time: 1372920 ns  Iteration: 5  Instance: /tb/MyRiscv/u_regfile/MUXB
# ** Warning: NUMERIC_STD.TO_INTEGER: metavalue detected, returning 0
#    Time: 1372940 ns  Iteration: 5  Instance: /tb/MyRiscv/u_regfile/MUXA
# ** Warning: NUMERIC_STD.TO_INTEGER: metavalue detected, returning 0
#    Time: 1372940 ns  Iteration: 5  Instance: /tb/MyRiscv/u_regfile/MUXB
# ** Warning: NUMERIC_STD.TO_INTEGER: metavalue detected, returning 0
#    Time: 1372960 ns  Iteration: 5  Instance: /tb/MyRiscv/u_regfile/MUXA
# ** Warning: NUMERIC_STD.TO_INTEGER: metavalue detected, returning 0
#    Time: 1372960 ns  Iteration: 5  Instance: /tb/MyRiscv/u_regfile/MUXB
# ** Warning: NUMERIC_STD.TO_INTEGER: metavalue detected, returning 0
#    Time: 1393400 ns  Iteration: 2  Instance: /tb/MyRiscv/u_regfile/MUXB
# ** Warning: NUMERIC_STD.TO_INTEGER: metavalue detected, returning 0
#    Time: 1393400 ns  Iteration: 2  Instance: /tb/MyRiscv/u_regfile/MUXA
# ** Warning: NUMERIC_STD.TO_INTEGER: metavalue detected, returning 0
#    Time: 1393400 ns  Iteration: 5  Instance: /tb/MyRiscv/u_regfile/MUXA
# ** Warning: NUMERIC_STD.TO_INTEGER: metavalue detected, returning 0
#    Time: 1393400 ns  Iteration: 5  Instance: /tb/MyRiscv/u_regfile/MUXB
# ** Warning: NUMERIC_STD.TO_INTEGER: metavalue detected, returning 0
#    Time: 1393420 ns  Iteration: 5  Instance: /tb/MyRiscv/u_regfile/MUXA
# ** Warning: NUMERIC_STD.TO_INTEGER: metavalue detected, returning 0
#    Time: 1393420 ns  Iteration: 5  Instance: /tb/MyRiscv/u_regfile/MUXB
# ** Warning: NUMERIC_STD.TO_INTEGER: metavalue detected, returning 0
#    Time: 1393440 ns  Iteration: 5  Instance: /tb/MyRiscv/u_regfile/MUXA
# ** Warning: NUMERIC_STD.TO_INTEGER: metavalue detected, returning 0
#    Time: 1393440 ns  Iteration: 5  Instance: /tb/MyRiscv/u_regfile/MUXB
# ** Warning: NUMERIC_STD.TO_INTEGER: metavalue detected, returning 0
#    Time: 1413880 ns  Iteration: 2  Instance: /tb/MyRiscv/u_regfile/MUXB
# ** Warning: NUMERIC_STD.TO_INTEGER: metavalue detected, returning 0
#    Time: 1413880 ns  Iteration: 2  Instance: /tb/MyRiscv/u_regfile/MUXA
# ** Warning: NUMERIC_STD.TO_INTEGER: metavalue detected, returning 0
#    Time: 1413880 ns  Iteration: 5  Instance: /tb/MyRiscv/u_regfile/MUXA
# ** Warning: NUMERIC_STD.TO_INTEGER: metavalue detected, returning 0
#    Time: 1413880 ns  Iteration: 5  Instance: /tb/MyRiscv/u_regfile/MUXB
# ** Warning: NUMERIC_STD.TO_INTEGER: metavalue detected, returning 0
#    Time: 1413900 ns  Iteration: 5  Instance: /tb/MyRiscv/u_regfile/MUXA
# ** Warning: NUMERIC_STD.TO_INTEGER: metavalue detected, returning 0
#    Time: 1413900 ns  Iteration: 5  Instance: /tb/MyRiscv/u_regfile/MUXB
# ** Warning: NUMERIC_STD.TO_INTEGER: metavalue detected, returning 0
#    Time: 1413920 ns  Iteration: 5  Instance: /tb/MyRiscv/u_regfile/MUXA
# ** Warning: NUMERIC_STD.TO_INTEGER: metavalue detected, returning 0
#    Time: 1413920 ns  Iteration: 5  Instance: /tb/MyRiscv/u_regfile/MUXB
# ** Warning: NUMERIC_STD.TO_INTEGER: metavalue detected, returning 0
#    Time: 1434360 ns  Iteration: 2  Instance: /tb/MyRiscv/u_regfile/MUXB
# ** Warning: NUMERIC_STD.TO_INTEGER: metavalue detected, returning 0
#    Time: 1434360 ns  Iteration: 2  Instance: /tb/MyRiscv/u_regfile/MUXA
# ** Warning: NUMERIC_STD.TO_INTEGER: metavalue detected, returning 0
#    Time: 1434360 ns  Iteration: 5  Instance: /tb/MyRiscv/u_regfile/MUXA
# ** Warning: NUMERIC_STD.TO_INTEGER: metavalue detected, returning 0
#    Time: 1434360 ns  Iteration: 5  Instance: /tb/MyRiscv/u_regfile/MUXB
# ** Warning: NUMERIC_STD.TO_INTEGER: metavalue detected, returning 0
#    Time: 1434380 ns  Iteration: 5  Instance: /tb/MyRiscv/u_regfile/MUXA
# ** Warning: NUMERIC_STD.TO_INTEGER: metavalue detected, returning 0
#    Time: 1434380 ns  Iteration: 5  Instance: /tb/MyRiscv/u_regfile/MUXB
# ** Warning: NUMERIC_STD.TO_INTEGER: metavalue detected, returning 0
#    Time: 1434400 ns  Iteration: 5  Instance: /tb/MyRiscv/u_regfile/MUXA
# ** Warning: NUMERIC_STD.TO_INTEGER: metavalue detected, returning 0
#    Time: 1434400 ns  Iteration: 5  Instance: /tb/MyRiscv/u_regfile/MUXB
# ** Warning: NUMERIC_STD.TO_INTEGER: metavalue detected, returning 0
#    Time: 1454840 ns  Iteration: 2  Instance: /tb/MyRiscv/u_regfile/MUXB
# ** Warning: NUMERIC_STD.TO_INTEGER: metavalue detected, returning 0
#    Time: 1454840 ns  Iteration: 2  Instance: /tb/MyRiscv/u_regfile/MUXA
# ** Warning: NUMERIC_STD.TO_INTEGER: metavalue detected, returning 0
#    Time: 1454840 ns  Iteration: 5  Instance: /tb/MyRiscv/u_regfile/MUXA
# ** Warning: NUMERIC_STD.TO_INTEGER: metavalue detected, returning 0
#    Time: 1454840 ns  Iteration: 5  Instance: /tb/MyRiscv/u_regfile/MUXB
# ** Warning: NUMERIC_STD.TO_INTEGER: metavalue detected, returning 0
#    Time: 1454860 ns  Iteration: 5  Instance: /tb/MyRiscv/u_regfile/MUXA
# ** Warning: NUMERIC_STD.TO_INTEGER: metavalue detected, returning 0
#    Time: 1454860 ns  Iteration: 5  Instance: /tb/MyRiscv/u_regfile/MUXB
# ** Warning: NUMERIC_STD.TO_INTEGER: metavalue detected, returning 0
#    Time: 1454880 ns  Iteration: 5  Instance: /tb/MyRiscv/u_regfile/MUXA
# ** Warning: NUMERIC_STD.TO_INTEGER: metavalue detected, returning 0
#    Time: 1454880 ns  Iteration: 5  Instance: /tb/MyRiscv/u_regfile/MUXB
# ** Warning: NUMERIC_STD.TO_INTEGER: metavalue detected, returning 0
#    Time: 1475320 ns  Iteration: 2  Instance: /tb/MyRiscv/u_regfile/MUXB
# ** Warning: NUMERIC_STD.TO_INTEGER: metavalue detected, returning 0
#    Time: 1475320 ns  Iteration: 2  Instance: /tb/MyRiscv/u_regfile/MUXA
# ** Warning: NUMERIC_STD.TO_INTEGER: metavalue detected, returning 0
#    Time: 1475320 ns  Iteration: 5  Instance: /tb/MyRiscv/u_regfile/MUXA
# ** Warning: NUMERIC_STD.TO_INTEGER: metavalue detected, returning 0
#    Time: 1475320 ns  Iteration: 5  Instance: /tb/MyRiscv/u_regfile/MUXB
# ** Warning: NUMERIC_STD.TO_INTEGER: metavalue detected, returning 0
#    Time: 1475340 ns  Iteration: 5  Instance: /tb/MyRiscv/u_regfile/MUXA
# ** Warning: NUMERIC_STD.TO_INTEGER: metavalue detected, returning 0
#    Time: 1475340 ns  Iteration: 5  Instance: /tb/MyRiscv/u_regfile/MUXB
# ** Warning: NUMERIC_STD.TO_INTEGER: metavalue detected, returning 0
#    Time: 1475360 ns  Iteration: 5  Instance: /tb/MyRiscv/u_regfile/MUXA
# ** Warning: NUMERIC_STD.TO_INTEGER: metavalue detected, returning 0
#    Time: 1475360 ns  Iteration: 5  Instance: /tb/MyRiscv/u_regfile/MUXB
# ** Warning: NUMERIC_STD.TO_INTEGER: metavalue detected, returning 0
#    Time: 1495800 ns  Iteration: 2  Instance: /tb/MyRiscv/u_regfile/MUXB
# ** Warning: NUMERIC_STD.TO_INTEGER: metavalue detected, returning 0
#    Time: 1495800 ns  Iteration: 2  Instance: /tb/MyRiscv/u_regfile/MUXA
# ** Warning: NUMERIC_STD.TO_INTEGER: metavalue detected, returning 0
#    Time: 1495800 ns  Iteration: 5  Instance: /tb/MyRiscv/u_regfile/MUXA
# ** Warning: NUMERIC_STD.TO_INTEGER: metavalue detected, returning 0
#    Time: 1495800 ns  Iteration: 5  Instance: /tb/MyRiscv/u_regfile/MUXB
# ** Warning: NUMERIC_STD.TO_INTEGER: metavalue detected, returning 0
#    Time: 1495820 ns  Iteration: 5  Instance: /tb/MyRiscv/u_regfile/MUXA
# ** Warning: NUMERIC_STD.TO_INTEGER: metavalue detected, returning 0
#    Time: 1495820 ns  Iteration: 5  Instance: /tb/MyRiscv/u_regfile/MUXB
# ** Warning: NUMERIC_STD.TO_INTEGER: metavalue detected, returning 0
#    Time: 1495840 ns  Iteration: 5  Instance: /tb/MyRiscv/u_regfile/MUXA
# ** Warning: NUMERIC_STD.TO_INTEGER: metavalue detected, returning 0
#    Time: 1495840 ns  Iteration: 5  Instance: /tb/MyRiscv/u_regfile/MUXB
# ** Warning: NUMERIC_STD.TO_INTEGER: metavalue detected, returning 0
#    Time: 1516280 ns  Iteration: 2  Instance: /tb/MyRiscv/u_regfile/MUXB
# ** Warning: NUMERIC_STD.TO_INTEGER: metavalue detected, returning 0
#    Time: 1516280 ns  Iteration: 2  Instance: /tb/MyRiscv/u_regfile/MUXA
# ** Warning: NUMERIC_STD.TO_INTEGER: metavalue detected, returning 0
#    Time: 1516280 ns  Iteration: 5  Instance: /tb/MyRiscv/u_regfile/MUXA
# ** Warning: NUMERIC_STD.TO_INTEGER: metavalue detected, returning 0
#    Time: 1516280 ns  Iteration: 5  Instance: /tb/MyRiscv/u_regfile/MUXB
# ** Warning: NUMERIC_STD.TO_INTEGER: metavalue detected, returning 0
#    Time: 1516300 ns  Iteration: 5  Instance: /tb/MyRiscv/u_regfile/MUXA
# ** Warning: NUMERIC_STD.TO_INTEGER: metavalue detected, returning 0
#    Time: 1516300 ns  Iteration: 5  Instance: /tb/MyRiscv/u_regfile/MUXB
# ** Warning: NUMERIC_STD.TO_INTEGER: metavalue detected, returning 0
#    Time: 1516320 ns  Iteration: 5  Instance: /tb/MyRiscv/u_regfile/MUXA
# ** Warning: NUMERIC_STD.TO_INTEGER: metavalue detected, returning 0
#    Time: 1516320 ns  Iteration: 5  Instance: /tb/MyRiscv/u_regfile/MUXB
# ** Warning: NUMERIC_STD.TO_INTEGER: metavalue detected, returning 0
#    Time: 1536760 ns  Iteration: 2  Instance: /tb/MyRiscv/u_regfile/MUXB
# ** Warning: NUMERIC_STD.TO_INTEGER: metavalue detected, returning 0
#    Time: 1536760 ns  Iteration: 2  Instance: /tb/MyRiscv/u_regfile/MUXA
# ** Warning: NUMERIC_STD.TO_INTEGER: metavalue detected, returning 0
#    Time: 1536760 ns  Iteration: 5  Instance: /tb/MyRiscv/u_regfile/MUXA
# ** Warning: NUMERIC_STD.TO_INTEGER: metavalue detected, returning 0
#    Time: 1536760 ns  Iteration: 5  Instance: /tb/MyRiscv/u_regfile/MUXB
# ** Warning: NUMERIC_STD.TO_INTEGER: metavalue detected, returning 0
#    Time: 1536780 ns  Iteration: 5  Instance: /tb/MyRiscv/u_regfile/MUXA
# ** Warning: NUMERIC_STD.TO_INTEGER: metavalue detected, returning 0
#    Time: 1536780 ns  Iteration: 5  Instance: /tb/MyRiscv/u_regfile/MUXB
# ** Warning: NUMERIC_STD.TO_INTEGER: metavalue detected, returning 0
#    Time: 1536800 ns  Iteration: 5  Instance: /tb/MyRiscv/u_regfile/MUXA
# ** Warning: NUMERIC_STD.TO_INTEGER: metavalue detected, returning 0
#    Time: 1536800 ns  Iteration: 5  Instance: /tb/MyRiscv/u_regfile/MUXB
# ** Warning: NUMERIC_STD.TO_INTEGER: metavalue detected, returning 0
#    Time: 1557240 ns  Iteration: 2  Instance: /tb/MyRiscv/u_regfile/MUXB
# ** Warning: NUMERIC_STD.TO_INTEGER: metavalue detected, returning 0
#    Time: 1557240 ns  Iteration: 2  Instance: /tb/MyRiscv/u_regfile/MUXA
# ** Warning: NUMERIC_STD.TO_INTEGER: metavalue detected, returning 0
#    Time: 1557240 ns  Iteration: 5  Instance: /tb/MyRiscv/u_regfile/MUXA
# ** Warning: NUMERIC_STD.TO_INTEGER: metavalue detected, returning 0
#    Time: 1557240 ns  Iteration: 5  Instance: /tb/MyRiscv/u_regfile/MUXB
# ** Warning: NUMERIC_STD.TO_INTEGER: metavalue detected, returning 0
#    Time: 1557260 ns  Iteration: 5  Instance: /tb/MyRiscv/u_regfile/MUXA
# ** Warning: NUMERIC_STD.TO_INTEGER: metavalue detected, returning 0
#    Time: 1557260 ns  Iteration: 5  Instance: /tb/MyRiscv/u_regfile/MUXB
# ** Warning: NUMERIC_STD.TO_INTEGER: metavalue detected, returning 0
#    Time: 1557280 ns  Iteration: 5  Instance: /tb/MyRiscv/u_regfile/MUXA
# ** Warning: NUMERIC_STD.TO_INTEGER: metavalue detected, returning 0
#    Time: 1557280 ns  Iteration: 5  Instance: /tb/MyRiscv/u_regfile/MUXB
# ** Warning: NUMERIC_STD.TO_INTEGER: metavalue detected, returning 0
#    Time: 1577720 ns  Iteration: 2  Instance: /tb/MyRiscv/u_regfile/MUXB
# ** Warning: NUMERIC_STD.TO_INTEGER: metavalue detected, returning 0
#    Time: 1577720 ns  Iteration: 2  Instance: /tb/MyRiscv/u_regfile/MUXA
# ** Warning: NUMERIC_STD.TO_INTEGER: metavalue detected, returning 0
#    Time: 1577720 ns  Iteration: 5  Instance: /tb/MyRiscv/u_regfile/MUXA
# ** Warning: NUMERIC_STD.TO_INTEGER: metavalue detected, returning 0
#    Time: 1577720 ns  Iteration: 5  Instance: /tb/MyRiscv/u_regfile/MUXB
# ** Warning: NUMERIC_STD.TO_INTEGER: metavalue detected, returning 0
#    Time: 1577740 ns  Iteration: 5  Instance: /tb/MyRiscv/u_regfile/MUXA
# ** Warning: NUMERIC_STD.TO_INTEGER: metavalue detected, returning 0
#    Time: 1577740 ns  Iteration: 5  Instance: /tb/MyRiscv/u_regfile/MUXB
# ** Warning: NUMERIC_STD.TO_INTEGER: metavalue detected, returning 0
#    Time: 1577760 ns  Iteration: 5  Instance: /tb/MyRiscv/u_regfile/MUXA
# ** Warning: NUMERIC_STD.TO_INTEGER: metavalue detected, returning 0
#    Time: 1577760 ns  Iteration: 5  Instance: /tb/MyRiscv/u_regfile/MUXB
# ** Warning: NUMERIC_STD.TO_INTEGER: metavalue detected, returning 0
#    Time: 1598200 ns  Iteration: 2  Instance: /tb/MyRiscv/u_regfile/MUXB
# ** Warning: NUMERIC_STD.TO_INTEGER: metavalue detected, returning 0
#    Time: 1598200 ns  Iteration: 2  Instance: /tb/MyRiscv/u_regfile/MUXA
# ** Warning: NUMERIC_STD.TO_INTEGER: metavalue detected, returning 0
#    Time: 1598200 ns  Iteration: 5  Instance: /tb/MyRiscv/u_regfile/MUXA
# ** Warning: NUMERIC_STD.TO_INTEGER: metavalue detected, returning 0
#    Time: 1598200 ns  Iteration: 5  Instance: /tb/MyRiscv/u_regfile/MUXB
# ** Warning: NUMERIC_STD.TO_INTEGER: metavalue detected, returning 0
#    Time: 1598220 ns  Iteration: 5  Instance: /tb/MyRiscv/u_regfile/MUXA
# ** Warning: NUMERIC_STD.TO_INTEGER: metavalue detected, returning 0
#    Time: 1598220 ns  Iteration: 5  Instance: /tb/MyRiscv/u_regfile/MUXB
# ** Warning: NUMERIC_STD.TO_INTEGER: metavalue detected, returning 0
#    Time: 1598240 ns  Iteration: 5  Instance: /tb/MyRiscv/u_regfile/MUXA
# ** Warning: NUMERIC_STD.TO_INTEGER: metavalue detected, returning 0
#    Time: 1598240 ns  Iteration: 5  Instance: /tb/MyRiscv/u_regfile/MUXB
# ** Warning: NUMERIC_STD.TO_INTEGER: metavalue detected, returning 0
#    Time: 1618680 ns  Iteration: 2  Instance: /tb/MyRiscv/u_regfile/MUXB
# ** Warning: NUMERIC_STD.TO_INTEGER: metavalue detected, returning 0
#    Time: 1618680 ns  Iteration: 2  Instance: /tb/MyRiscv/u_regfile/MUXA
# ** Warning: NUMERIC_STD.TO_INTEGER: metavalue detected, returning 0
#    Time: 1618680 ns  Iteration: 5  Instance: /tb/MyRiscv/u_regfile/MUXA
# ** Warning: NUMERIC_STD.TO_INTEGER: metavalue detected, returning 0
#    Time: 1618680 ns  Iteration: 5  Instance: /tb/MyRiscv/u_regfile/MUXB
# ** Warning: NUMERIC_STD.TO_INTEGER: metavalue detected, returning 0
#    Time: 1618700 ns  Iteration: 5  Instance: /tb/MyRiscv/u_regfile/MUXA
# ** Warning: NUMERIC_STD.TO_INTEGER: metavalue detected, returning 0
#    Time: 1618700 ns  Iteration: 5  Instance: /tb/MyRiscv/u_regfile/MUXB
# ** Warning: NUMERIC_STD.TO_INTEGER: metavalue detected, returning 0
#    Time: 1618720 ns  Iteration: 5  Instance: /tb/MyRiscv/u_regfile/MUXA
# ** Warning: NUMERIC_STD.TO_INTEGER: metavalue detected, returning 0
#    Time: 1618720 ns  Iteration: 5  Instance: /tb/MyRiscv/u_regfile/MUXB
# ** Warning: NUMERIC_STD.TO_INTEGER: metavalue detected, returning 0
#    Time: 1639160 ns  Iteration: 2  Instance: /tb/MyRiscv/u_regfile/MUXB
# ** Warning: NUMERIC_STD.TO_INTEGER: metavalue detected, returning 0
#    Time: 1639160 ns  Iteration: 2  Instance: /tb/MyRiscv/u_regfile/MUXA
# ** Warning: NUMERIC_STD.TO_INTEGER: metavalue detected, returning 0
#    Time: 1639160 ns  Iteration: 5  Instance: /tb/MyRiscv/u_regfile/MUXA
# ** Warning: NUMERIC_STD.TO_INTEGER: metavalue detected, returning 0
#    Time: 1639160 ns  Iteration: 5  Instance: /tb/MyRiscv/u_regfile/MUXB
# ** Warning: NUMERIC_STD.TO_INTEGER: metavalue detected, returning 0
#    Time: 1639180 ns  Iteration: 5  Instance: /tb/MyRiscv/u_regfile/MUXA
# ** Warning: NUMERIC_STD.TO_INTEGER: metavalue detected, returning 0
#    Time: 1639180 ns  Iteration: 5  Instance: /tb/MyRiscv/u_regfile/MUXB
# ** Warning: NUMERIC_STD.TO_INTEGER: metavalue detected, returning 0
#    Time: 1639200 ns  Iteration: 5  Instance: /tb/MyRiscv/u_regfile/MUXA
# ** Warning: NUMERIC_STD.TO_INTEGER: metavalue detected, returning 0
#    Time: 1639200 ns  Iteration: 5  Instance: /tb/MyRiscv/u_regfile/MUXB
# ** Warning: NUMERIC_STD.TO_INTEGER: metavalue detected, returning 0
#    Time: 1659640 ns  Iteration: 2  Instance: /tb/MyRiscv/u_regfile/MUXB
# ** Warning: NUMERIC_STD.TO_INTEGER: metavalue detected, returning 0
#    Time: 1659640 ns  Iteration: 2  Instance: /tb/MyRiscv/u_regfile/MUXA
# ** Warning: NUMERIC_STD.TO_INTEGER: metavalue detected, returning 0
#    Time: 1659640 ns  Iteration: 5  Instance: /tb/MyRiscv/u_regfile/MUXA
# ** Warning: NUMERIC_STD.TO_INTEGER: metavalue detected, returning 0
#    Time: 1659640 ns  Iteration: 5  Instance: /tb/MyRiscv/u_regfile/MUXB
# ** Warning: NUMERIC_STD.TO_INTEGER: metavalue detected, returning 0
#    Time: 1659660 ns  Iteration: 5  Instance: /tb/MyRiscv/u_regfile/MUXA
# ** Warning: NUMERIC_STD.TO_INTEGER: metavalue detected, returning 0
#    Time: 1659660 ns  Iteration: 5  Instance: /tb/MyRiscv/u_regfile/MUXB
# ** Warning: NUMERIC_STD.TO_INTEGER: metavalue detected, returning 0
#    Time: 1659680 ns  Iteration: 5  Instance: /tb/MyRiscv/u_regfile/MUXA
# ** Warning: NUMERIC_STD.TO_INTEGER: metavalue detected, returning 0
#    Time: 1659680 ns  Iteration: 5  Instance: /tb/MyRiscv/u_regfile/MUXB
# ** Warning: NUMERIC_STD.TO_INTEGER: metavalue detected, returning 0
#    Time: 1680120 ns  Iteration: 2  Instance: /tb/MyRiscv/u_regfile/MUXB
# ** Warning: NUMERIC_STD.TO_INTEGER: metavalue detected, returning 0
#    Time: 1680120 ns  Iteration: 2  Instance: /tb/MyRiscv/u_regfile/MUXA
# ** Warning: NUMERIC_STD.TO_INTEGER: metavalue detected, returning 0
#    Time: 1680120 ns  Iteration: 5  Instance: /tb/MyRiscv/u_regfile/MUXA
# ** Warning: NUMERIC_STD.TO_INTEGER: metavalue detected, returning 0
#    Time: 1680120 ns  Iteration: 5  Instance: /tb/MyRiscv/u_regfile/MUXB
# ** Warning: NUMERIC_STD.TO_INTEGER: metavalue detected, returning 0
#    Time: 1680140 ns  Iteration: 5  Instance: /tb/MyRiscv/u_regfile/MUXA
# ** Warning: NUMERIC_STD.TO_INTEGER: metavalue detected, returning 0
#    Time: 1680140 ns  Iteration: 5  Instance: /tb/MyRiscv/u_regfile/MUXB
# ** Warning: NUMERIC_STD.TO_INTEGER: metavalue detected, returning 0
#    Time: 1680160 ns  Iteration: 5  Instance: /tb/MyRiscv/u_regfile/MUXA
# ** Warning: NUMERIC_STD.TO_INTEGER: metavalue detected, returning 0
#    Time: 1680160 ns  Iteration: 5  Instance: /tb/MyRiscv/u_regfile/MUXB
# ** Warning: NUMERIC_STD.TO_INTEGER: metavalue detected, returning 0
#    Time: 1700600 ns  Iteration: 2  Instance: /tb/MyRiscv/u_regfile/MUXB
# ** Warning: NUMERIC_STD.TO_INTEGER: metavalue detected, returning 0
#    Time: 1700600 ns  Iteration: 2  Instance: /tb/MyRiscv/u_regfile/MUXA
# ** Warning: NUMERIC_STD.TO_INTEGER: metavalue detected, returning 0
#    Time: 1700600 ns  Iteration: 5  Instance: /tb/MyRiscv/u_regfile/MUXA
# ** Warning: NUMERIC_STD.TO_INTEGER: metavalue detected, returning 0
#    Time: 1700600 ns  Iteration: 5  Instance: /tb/MyRiscv/u_regfile/MUXB
# ** Warning: NUMERIC_STD.TO_INTEGER: metavalue detected, returning 0
#    Time: 1700620 ns  Iteration: 5  Instance: /tb/MyRiscv/u_regfile/MUXA
# ** Warning: NUMERIC_STD.TO_INTEGER: metavalue detected, returning 0
#    Time: 1700620 ns  Iteration: 5  Instance: /tb/MyRiscv/u_regfile/MUXB
# ** Warning: NUMERIC_STD.TO_INTEGER: metavalue detected, returning 0
#    Time: 1700640 ns  Iteration: 5  Instance: /tb/MyRiscv/u_regfile/MUXA
# ** Warning: NUMERIC_STD.TO_INTEGER: metavalue detected, returning 0
#    Time: 1700640 ns  Iteration: 5  Instance: /tb/MyRiscv/u_regfile/MUXB
# ** Warning: NUMERIC_STD.TO_INTEGER: metavalue detected, returning 0
#    Time: 1721080 ns  Iteration: 2  Instance: /tb/MyRiscv/u_regfile/MUXB
# ** Warning: NUMERIC_STD.TO_INTEGER: metavalue detected, returning 0
#    Time: 1721080 ns  Iteration: 2  Instance: /tb/MyRiscv/u_regfile/MUXA
# ** Warning: NUMERIC_STD.TO_INTEGER: metavalue detected, returning 0
#    Time: 1721080 ns  Iteration: 5  Instance: /tb/MyRiscv/u_regfile/MUXA
# ** Warning: NUMERIC_STD.TO_INTEGER: metavalue detected, returning 0
#    Time: 1721080 ns  Iteration: 5  Instance: /tb/MyRiscv/u_regfile/MUXB
# ** Warning: NUMERIC_STD.TO_INTEGER: metavalue detected, returning 0
#    Time: 1721100 ns  Iteration: 5  Instance: /tb/MyRiscv/u_regfile/MUXA
# ** Warning: NUMERIC_STD.TO_INTEGER: metavalue detected, returning 0
#    Time: 1721100 ns  Iteration: 5  Instance: /tb/MyRiscv/u_regfile/MUXB
# ** Warning: NUMERIC_STD.TO_INTEGER: metavalue detected, returning 0
#    Time: 1721120 ns  Iteration: 5  Instance: /tb/MyRiscv/u_regfile/MUXA
# ** Warning: NUMERIC_STD.TO_INTEGER: metavalue detected, returning 0
#    Time: 1721120 ns  Iteration: 5  Instance: /tb/MyRiscv/u_regfile/MUXB
# ** Warning: NUMERIC_STD.TO_INTEGER: metavalue detected, returning 0
#    Time: 1741560 ns  Iteration: 2  Instance: /tb/MyRiscv/u_regfile/MUXB
# ** Warning: NUMERIC_STD.TO_INTEGER: metavalue detected, returning 0
#    Time: 1741560 ns  Iteration: 2  Instance: /tb/MyRiscv/u_regfile/MUXA
# ** Warning: NUMERIC_STD.TO_INTEGER: metavalue detected, returning 0
#    Time: 1741560 ns  Iteration: 5  Instance: /tb/MyRiscv/u_regfile/MUXA
# ** Warning: NUMERIC_STD.TO_INTEGER: metavalue detected, returning 0
#    Time: 1741560 ns  Iteration: 5  Instance: /tb/MyRiscv/u_regfile/MUXB
# ** Warning: NUMERIC_STD.TO_INTEGER: metavalue detected, returning 0
#    Time: 1741580 ns  Iteration: 5  Instance: /tb/MyRiscv/u_regfile/MUXA
# ** Warning: NUMERIC_STD.TO_INTEGER: metavalue detected, returning 0
#    Time: 1741580 ns  Iteration: 5  Instance: /tb/MyRiscv/u_regfile/MUXB
# ** Warning: NUMERIC_STD.TO_INTEGER: metavalue detected, returning 0
#    Time: 1741600 ns  Iteration: 5  Instance: /tb/MyRiscv/u_regfile/MUXA
# ** Warning: NUMERIC_STD.TO_INTEGER: metavalue detected, returning 0
#    Time: 1741600 ns  Iteration: 5  Instance: /tb/MyRiscv/u_regfile/MUXB
# ** Warning: NUMERIC_STD.TO_INTEGER: metavalue detected, returning 0
#    Time: 1762040 ns  Iteration: 2  Instance: /tb/MyRiscv/u_regfile/MUXB
# ** Warning: NUMERIC_STD.TO_INTEGER: metavalue detected, returning 0
#    Time: 1762040 ns  Iteration: 2  Instance: /tb/MyRiscv/u_regfile/MUXA
# ** Warning: NUMERIC_STD.TO_INTEGER: metavalue detected, returning 0
#    Time: 1762040 ns  Iteration: 5  Instance: /tb/MyRiscv/u_regfile/MUXA
# ** Warning: NUMERIC_STD.TO_INTEGER: metavalue detected, returning 0
#    Time: 1762040 ns  Iteration: 5  Instance: /tb/MyRiscv/u_regfile/MUXB
# ** Warning: NUMERIC_STD.TO_INTEGER: metavalue detected, returning 0
#    Time: 1762060 ns  Iteration: 5  Instance: /tb/MyRiscv/u_regfile/MUXA
# ** Warning: NUMERIC_STD.TO_INTEGER: metavalue detected, returning 0
#    Time: 1762060 ns  Iteration: 5  Instance: /tb/MyRiscv/u_regfile/MUXB
# ** Warning: NUMERIC_STD.TO_INTEGER: metavalue detected, returning 0
#    Time: 1762080 ns  Iteration: 5  Instance: /tb/MyRiscv/u_regfile/MUXA
# ** Warning: NUMERIC_STD.TO_INTEGER: metavalue detected, returning 0
#    Time: 1762080 ns  Iteration: 5  Instance: /tb/MyRiscv/u_regfile/MUXB
# ** Warning: NUMERIC_STD.TO_INTEGER: metavalue detected, returning 0
#    Time: 1782520 ns  Iteration: 2  Instance: /tb/MyRiscv/u_regfile/MUXB
# ** Warning: NUMERIC_STD.TO_INTEGER: metavalue detected, returning 0
#    Time: 1782520 ns  Iteration: 2  Instance: /tb/MyRiscv/u_regfile/MUXA
# ** Warning: NUMERIC_STD.TO_INTEGER: metavalue detected, returning 0
#    Time: 1782520 ns  Iteration: 5  Instance: /tb/MyRiscv/u_regfile/MUXA
# ** Warning: NUMERIC_STD.TO_INTEGER: metavalue detected, returning 0
#    Time: 1782520 ns  Iteration: 5  Instance: /tb/MyRiscv/u_regfile/MUXB
# ** Warning: NUMERIC_STD.TO_INTEGER: metavalue detected, returning 0
#    Time: 1782540 ns  Iteration: 5  Instance: /tb/MyRiscv/u_regfile/MUXA
# ** Warning: NUMERIC_STD.TO_INTEGER: metavalue detected, returning 0
#    Time: 1782540 ns  Iteration: 5  Instance: /tb/MyRiscv/u_regfile/MUXB
# ** Warning: NUMERIC_STD.TO_INTEGER: metavalue detected, returning 0
#    Time: 1782560 ns  Iteration: 5  Instance: /tb/MyRiscv/u_regfile/MUXA
# ** Warning: NUMERIC_STD.TO_INTEGER: metavalue detected, returning 0
#    Time: 1782560 ns  Iteration: 5  Instance: /tb/MyRiscv/u_regfile/MUXB
# ** Warning: NUMERIC_STD.TO_INTEGER: metavalue detected, returning 0
#    Time: 1803 us  Iteration: 2  Instance: /tb/MyRiscv/u_regfile/MUXB
# ** Warning: NUMERIC_STD.TO_INTEGER: metavalue detected, returning 0
#    Time: 1803 us  Iteration: 2  Instance: /tb/MyRiscv/u_regfile/MUXA
# ** Warning: NUMERIC_STD.TO_INTEGER: metavalue detected, returning 0
#    Time: 1803 us  Iteration: 5  Instance: /tb/MyRiscv/u_regfile/MUXA
# ** Warning: NUMERIC_STD.TO_INTEGER: metavalue detected, returning 0
#    Time: 1803 us  Iteration: 5  Instance: /tb/MyRiscv/u_regfile/MUXB
# ** Warning: NUMERIC_STD.TO_INTEGER: metavalue detected, returning 0
#    Time: 1803020 ns  Iteration: 5  Instance: /tb/MyRiscv/u_regfile/MUXA
# ** Warning: NUMERIC_STD.TO_INTEGER: metavalue detected, returning 0
#    Time: 1803020 ns  Iteration: 5  Instance: /tb/MyRiscv/u_regfile/MUXB
# ** Warning: NUMERIC_STD.TO_INTEGER: metavalue detected, returning 0
#    Time: 1803040 ns  Iteration: 5  Instance: /tb/MyRiscv/u_regfile/MUXA
# ** Warning: NUMERIC_STD.TO_INTEGER: metavalue detected, returning 0
#    Time: 1803040 ns  Iteration: 5  Instance: /tb/MyRiscv/u_regfile/MUXB
# ** Warning: NUMERIC_STD.TO_INTEGER: metavalue detected, returning 0
#    Time: 1823480 ns  Iteration: 2  Instance: /tb/MyRiscv/u_regfile/MUXB
# ** Warning: NUMERIC_STD.TO_INTEGER: metavalue detected, returning 0
#    Time: 1823480 ns  Iteration: 2  Instance: /tb/MyRiscv/u_regfile/MUXA
# ** Warning: NUMERIC_STD.TO_INTEGER: metavalue detected, returning 0
#    Time: 1823480 ns  Iteration: 5  Instance: /tb/MyRiscv/u_regfile/MUXA
# ** Warning: NUMERIC_STD.TO_INTEGER: metavalue detected, returning 0
#    Time: 1823480 ns  Iteration: 5  Instance: /tb/MyRiscv/u_regfile/MUXB
# ** Warning: NUMERIC_STD.TO_INTEGER: metavalue detected, returning 0
#    Time: 1823500 ns  Iteration: 5  Instance: /tb/MyRiscv/u_regfile/MUXA
# ** Warning: NUMERIC_STD.TO_INTEGER: metavalue detected, returning 0
#    Time: 1823500 ns  Iteration: 5  Instance: /tb/MyRiscv/u_regfile/MUXB
# ** Warning: NUMERIC_STD.TO_INTEGER: metavalue detected, returning 0
#    Time: 1823520 ns  Iteration: 5  Instance: /tb/MyRiscv/u_regfile/MUXA
# ** Warning: NUMERIC_STD.TO_INTEGER: metavalue detected, returning 0
#    Time: 1823520 ns  Iteration: 5  Instance: /tb/MyRiscv/u_regfile/MUXB
# ** Warning: NUMERIC_STD.TO_INTEGER: metavalue detected, returning 0
#    Time: 1843960 ns  Iteration: 2  Instance: /tb/MyRiscv/u_regfile/MUXB
# ** Warning: NUMERIC_STD.TO_INTEGER: metavalue detected, returning 0
#    Time: 1843960 ns  Iteration: 2  Instance: /tb/MyRiscv/u_regfile/MUXA
# ** Warning: NUMERIC_STD.TO_INTEGER: metavalue detected, returning 0
#    Time: 1843960 ns  Iteration: 5  Instance: /tb/MyRiscv/u_regfile/MUXA
# ** Warning: NUMERIC_STD.TO_INTEGER: metavalue detected, returning 0
#    Time: 1843960 ns  Iteration: 5  Instance: /tb/MyRiscv/u_regfile/MUXB
# ** Warning: NUMERIC_STD.TO_INTEGER: metavalue detected, returning 0
#    Time: 1843980 ns  Iteration: 5  Instance: /tb/MyRiscv/u_regfile/MUXA
# ** Warning: NUMERIC_STD.TO_INTEGER: metavalue detected, returning 0
#    Time: 1843980 ns  Iteration: 5  Instance: /tb/MyRiscv/u_regfile/MUXB
# ** Warning: NUMERIC_STD.TO_INTEGER: metavalue detected, returning 0
#    Time: 1844 us  Iteration: 5  Instance: /tb/MyRiscv/u_regfile/MUXA
# ** Warning: NUMERIC_STD.TO_INTEGER: metavalue detected, returning 0
#    Time: 1844 us  Iteration: 5  Instance: /tb/MyRiscv/u_regfile/MUXB
# ** Warning: NUMERIC_STD.TO_INTEGER: metavalue detected, returning 0
#    Time: 1864440 ns  Iteration: 2  Instance: /tb/MyRiscv/u_regfile/MUXB
# ** Warning: NUMERIC_STD.TO_INTEGER: metavalue detected, returning 0
#    Time: 1864440 ns  Iteration: 2  Instance: /tb/MyRiscv/u_regfile/MUXA
# ** Warning: NUMERIC_STD.TO_INTEGER: metavalue detected, returning 0
#    Time: 1864440 ns  Iteration: 5  Instance: /tb/MyRiscv/u_regfile/MUXA
# ** Warning: NUMERIC_STD.TO_INTEGER: metavalue detected, returning 0
#    Time: 1864440 ns  Iteration: 5  Instance: /tb/MyRiscv/u_regfile/MUXB
# ** Warning: NUMERIC_STD.TO_INTEGER: metavalue detected, returning 0
#    Time: 1864460 ns  Iteration: 5  Instance: /tb/MyRiscv/u_regfile/MUXA
# ** Warning: NUMERIC_STD.TO_INTEGER: metavalue detected, returning 0
#    Time: 1864460 ns  Iteration: 5  Instance: /tb/MyRiscv/u_regfile/MUXB
# ** Warning: NUMERIC_STD.TO_INTEGER: metavalue detected, returning 0
#    Time: 1864480 ns  Iteration: 5  Instance: /tb/MyRiscv/u_regfile/MUXA
# ** Warning: NUMERIC_STD.TO_INTEGER: metavalue detected, returning 0
#    Time: 1864480 ns  Iteration: 5  Instance: /tb/MyRiscv/u_regfile/MUXB
# ** Warning: NUMERIC_STD.TO_INTEGER: metavalue detected, returning 0
#    Time: 1884920 ns  Iteration: 2  Instance: /tb/MyRiscv/u_regfile/MUXB
# ** Warning: NUMERIC_STD.TO_INTEGER: metavalue detected, returning 0
#    Time: 1884920 ns  Iteration: 2  Instance: /tb/MyRiscv/u_regfile/MUXA
# ** Warning: NUMERIC_STD.TO_INTEGER: metavalue detected, returning 0
#    Time: 1884920 ns  Iteration: 5  Instance: /tb/MyRiscv/u_regfile/MUXA
# ** Warning: NUMERIC_STD.TO_INTEGER: metavalue detected, returning 0
#    Time: 1884920 ns  Iteration: 5  Instance: /tb/MyRiscv/u_regfile/MUXB
# ** Warning: NUMERIC_STD.TO_INTEGER: metavalue detected, returning 0
#    Time: 1884940 ns  Iteration: 5  Instance: /tb/MyRiscv/u_regfile/MUXA
# ** Warning: NUMERIC_STD.TO_INTEGER: metavalue detected, returning 0
#    Time: 1884940 ns  Iteration: 5  Instance: /tb/MyRiscv/u_regfile/MUXB
# ** Warning: NUMERIC_STD.TO_INTEGER: metavalue detected, returning 0
#    Time: 1884960 ns  Iteration: 5  Instance: /tb/MyRiscv/u_regfile/MUXA
# ** Warning: NUMERIC_STD.TO_INTEGER: metavalue detected, returning 0
#    Time: 1884960 ns  Iteration: 5  Instance: /tb/MyRiscv/u_regfile/MUXB
# ** Warning: NUMERIC_STD.TO_INTEGER: metavalue detected, returning 0
#    Time: 1905400 ns  Iteration: 2  Instance: /tb/MyRiscv/u_regfile/MUXB
# ** Warning: NUMERIC_STD.TO_INTEGER: metavalue detected, returning 0
#    Time: 1905400 ns  Iteration: 2  Instance: /tb/MyRiscv/u_regfile/MUXA
# ** Warning: NUMERIC_STD.TO_INTEGER: metavalue detected, returning 0
#    Time: 1905400 ns  Iteration: 5  Instance: /tb/MyRiscv/u_regfile/MUXA
# ** Warning: NUMERIC_STD.TO_INTEGER: metavalue detected, returning 0
#    Time: 1905400 ns  Iteration: 5  Instance: /tb/MyRiscv/u_regfile/MUXB
# ** Warning: NUMERIC_STD.TO_INTEGER: metavalue detected, returning 0
#    Time: 1905420 ns  Iteration: 5  Instance: /tb/MyRiscv/u_regfile/MUXA
# ** Warning: NUMERIC_STD.TO_INTEGER: metavalue detected, returning 0
#    Time: 1905420 ns  Iteration: 5  Instance: /tb/MyRiscv/u_regfile/MUXB
# ** Warning: NUMERIC_STD.TO_INTEGER: metavalue detected, returning 0
#    Time: 1905440 ns  Iteration: 5  Instance: /tb/MyRiscv/u_regfile/MUXA
# ** Warning: NUMERIC_STD.TO_INTEGER: metavalue detected, returning 0
#    Time: 1905440 ns  Iteration: 5  Instance: /tb/MyRiscv/u_regfile/MUXB
# ** Warning: NUMERIC_STD.TO_INTEGER: metavalue detected, returning 0
#    Time: 1925880 ns  Iteration: 2  Instance: /tb/MyRiscv/u_regfile/MUXB
# ** Warning: NUMERIC_STD.TO_INTEGER: metavalue detected, returning 0
#    Time: 1925880 ns  Iteration: 2  Instance: /tb/MyRiscv/u_regfile/MUXA
# ** Warning: NUMERIC_STD.TO_INTEGER: metavalue detected, returning 0
#    Time: 1925880 ns  Iteration: 5  Instance: /tb/MyRiscv/u_regfile/MUXA
# ** Warning: NUMERIC_STD.TO_INTEGER: metavalue detected, returning 0
#    Time: 1925880 ns  Iteration: 5  Instance: /tb/MyRiscv/u_regfile/MUXB
# ** Warning: NUMERIC_STD.TO_INTEGER: metavalue detected, returning 0
#    Time: 1925900 ns  Iteration: 5  Instance: /tb/MyRiscv/u_regfile/MUXA
# ** Warning: NUMERIC_STD.TO_INTEGER: metavalue detected, returning 0
#    Time: 1925900 ns  Iteration: 5  Instance: /tb/MyRiscv/u_regfile/MUXB
# ** Warning: NUMERIC_STD.TO_INTEGER: metavalue detected, returning 0
#    Time: 1925920 ns  Iteration: 5  Instance: /tb/MyRiscv/u_regfile/MUXA
# ** Warning: NUMERIC_STD.TO_INTEGER: metavalue detected, returning 0
#    Time: 1925920 ns  Iteration: 5  Instance: /tb/MyRiscv/u_regfile/MUXB
# ** Warning: NUMERIC_STD.TO_INTEGER: metavalue detected, returning 0
#    Time: 1946360 ns  Iteration: 2  Instance: /tb/MyRiscv/u_regfile/MUXB
# ** Warning: NUMERIC_STD.TO_INTEGER: metavalue detected, returning 0
#    Time: 1946360 ns  Iteration: 2  Instance: /tb/MyRiscv/u_regfile/MUXA
# ** Warning: NUMERIC_STD.TO_INTEGER: metavalue detected, returning 0
#    Time: 1946360 ns  Iteration: 5  Instance: /tb/MyRiscv/u_regfile/MUXA
# ** Warning: NUMERIC_STD.TO_INTEGER: metavalue detected, returning 0
#    Time: 1946360 ns  Iteration: 5  Instance: /tb/MyRiscv/u_regfile/MUXB
# ** Warning: NUMERIC_STD.TO_INTEGER: metavalue detected, returning 0
#    Time: 1946380 ns  Iteration: 5  Instance: /tb/MyRiscv/u_regfile/MUXA
# ** Warning: NUMERIC_STD.TO_INTEGER: metavalue detected, returning 0
#    Time: 1946380 ns  Iteration: 5  Instance: /tb/MyRiscv/u_regfile/MUXB
# ** Warning: NUMERIC_STD.TO_INTEGER: metavalue detected, returning 0
#    Time: 1946400 ns  Iteration: 5  Instance: /tb/MyRiscv/u_regfile/MUXA
# ** Warning: NUMERIC_STD.TO_INTEGER: metavalue detected, returning 0
#    Time: 1946400 ns  Iteration: 5  Instance: /tb/MyRiscv/u_regfile/MUXB
# ** Warning: NUMERIC_STD.TO_INTEGER: metavalue detected, returning 0
#    Time: 1966840 ns  Iteration: 2  Instance: /tb/MyRiscv/u_regfile/MUXB
# ** Warning: NUMERIC_STD.TO_INTEGER: metavalue detected, returning 0
#    Time: 1966840 ns  Iteration: 2  Instance: /tb/MyRiscv/u_regfile/MUXA
# ** Warning: NUMERIC_STD.TO_INTEGER: metavalue detected, returning 0
#    Time: 1966840 ns  Iteration: 5  Instance: /tb/MyRiscv/u_regfile/MUXA
# ** Warning: NUMERIC_STD.TO_INTEGER: metavalue detected, returning 0
#    Time: 1966840 ns  Iteration: 5  Instance: /tb/MyRiscv/u_regfile/MUXB
# ** Warning: NUMERIC_STD.TO_INTEGER: metavalue detected, returning 0
#    Time: 1966860 ns  Iteration: 5  Instance: /tb/MyRiscv/u_regfile/MUXA
# ** Warning: NUMERIC_STD.TO_INTEGER: metavalue detected, returning 0
#    Time: 1966860 ns  Iteration: 5  Instance: /tb/MyRiscv/u_regfile/MUXB
# ** Warning: NUMERIC_STD.TO_INTEGER: metavalue detected, returning 0
#    Time: 1966880 ns  Iteration: 5  Instance: /tb/MyRiscv/u_regfile/MUXA
# ** Warning: NUMERIC_STD.TO_INTEGER: metavalue detected, returning 0
#    Time: 1966880 ns  Iteration: 5  Instance: /tb/MyRiscv/u_regfile/MUXB
# ** Warning: NUMERIC_STD.TO_INTEGER: metavalue detected, returning 0
#    Time: 1987320 ns  Iteration: 2  Instance: /tb/MyRiscv/u_regfile/MUXB
# ** Warning: NUMERIC_STD.TO_INTEGER: metavalue detected, returning 0
#    Time: 1987320 ns  Iteration: 2  Instance: /tb/MyRiscv/u_regfile/MUXA
# ** Warning: NUMERIC_STD.TO_INTEGER: metavalue detected, returning 0
#    Time: 1987320 ns  Iteration: 5  Instance: /tb/MyRiscv/u_regfile/MUXA
# ** Warning: NUMERIC_STD.TO_INTEGER: metavalue detected, returning 0
#    Time: 1987320 ns  Iteration: 5  Instance: /tb/MyRiscv/u_regfile/MUXB
# ** Warning: NUMERIC_STD.TO_INTEGER: metavalue detected, returning 0
#    Time: 1987340 ns  Iteration: 5  Instance: /tb/MyRiscv/u_regfile/MUXA
# ** Warning: NUMERIC_STD.TO_INTEGER: metavalue detected, returning 0
#    Time: 1987340 ns  Iteration: 5  Instance: /tb/MyRiscv/u_regfile/MUXB
# ** Warning: NUMERIC_STD.TO_INTEGER: metavalue detected, returning 0
#    Time: 1987360 ns  Iteration: 5  Instance: /tb/MyRiscv/u_regfile/MUXA
# ** Warning: NUMERIC_STD.TO_INTEGER: metavalue detected, returning 0
#    Time: 1987360 ns  Iteration: 5  Instance: /tb/MyRiscv/u_regfile/MUXB
# ** Warning: NUMERIC_STD.TO_INTEGER: metavalue detected, returning 0
#    Time: 2007800 ns  Iteration: 2  Instance: /tb/MyRiscv/u_regfile/MUXB
# ** Warning: NUMERIC_STD.TO_INTEGER: metavalue detected, returning 0
#    Time: 2007800 ns  Iteration: 2  Instance: /tb/MyRiscv/u_regfile/MUXA
# ** Warning: NUMERIC_STD.TO_INTEGER: metavalue detected, returning 0
#    Time: 2007800 ns  Iteration: 5  Instance: /tb/MyRiscv/u_regfile/MUXA
# ** Warning: NUMERIC_STD.TO_INTEGER: metavalue detected, returning 0
#    Time: 2007800 ns  Iteration: 5  Instance: /tb/MyRiscv/u_regfile/MUXB
# ** Warning: NUMERIC_STD.TO_INTEGER: metavalue detected, returning 0
#    Time: 2007820 ns  Iteration: 5  Instance: /tb/MyRiscv/u_regfile/MUXA
# ** Warning: NUMERIC_STD.TO_INTEGER: metavalue detected, returning 0
#    Time: 2007820 ns  Iteration: 5  Instance: /tb/MyRiscv/u_regfile/MUXB
# ** Warning: NUMERIC_STD.TO_INTEGER: metavalue detected, returning 0
#    Time: 2007840 ns  Iteration: 5  Instance: /tb/MyRiscv/u_regfile/MUXA
# ** Warning: NUMERIC_STD.TO_INTEGER: metavalue detected, returning 0
#    Time: 2007840 ns  Iteration: 5  Instance: /tb/MyRiscv/u_regfile/MUXB
# ** Warning: NUMERIC_STD.TO_INTEGER: metavalue detected, returning 0
#    Time: 2028280 ns  Iteration: 2  Instance: /tb/MyRiscv/u_regfile/MUXB
# ** Warning: NUMERIC_STD.TO_INTEGER: metavalue detected, returning 0
#    Time: 2028280 ns  Iteration: 2  Instance: /tb/MyRiscv/u_regfile/MUXA
# ** Warning: NUMERIC_STD.TO_INTEGER: metavalue detected, returning 0
#    Time: 2028280 ns  Iteration: 5  Instance: /tb/MyRiscv/u_regfile/MUXA
# ** Warning: NUMERIC_STD.TO_INTEGER: metavalue detected, returning 0
#    Time: 2028280 ns  Iteration: 5  Instance: /tb/MyRiscv/u_regfile/MUXB
# ** Warning: NUMERIC_STD.TO_INTEGER: metavalue detected, returning 0
#    Time: 2028300 ns  Iteration: 5  Instance: /tb/MyRiscv/u_regfile/MUXA
# ** Warning: NUMERIC_STD.TO_INTEGER: metavalue detected, returning 0
#    Time: 2028300 ns  Iteration: 5  Instance: /tb/MyRiscv/u_regfile/MUXB
# ** Warning: NUMERIC_STD.TO_INTEGER: metavalue detected, returning 0
#    Time: 2028320 ns  Iteration: 5  Instance: /tb/MyRiscv/u_regfile/MUXA
# ** Warning: NUMERIC_STD.TO_INTEGER: metavalue detected, returning 0
#    Time: 2028320 ns  Iteration: 5  Instance: /tb/MyRiscv/u_regfile/MUXB
# ** Warning: NUMERIC_STD.TO_INTEGER: metavalue detected, returning 0
#    Time: 2048760 ns  Iteration: 2  Instance: /tb/MyRiscv/u_regfile/MUXB
# ** Warning: NUMERIC_STD.TO_INTEGER: metavalue detected, returning 0
#    Time: 2048760 ns  Iteration: 2  Instance: /tb/MyRiscv/u_regfile/MUXA
# ** Warning: NUMERIC_STD.TO_INTEGER: metavalue detected, returning 0
#    Time: 2048760 ns  Iteration: 5  Instance: /tb/MyRiscv/u_regfile/MUXA
# ** Warning: NUMERIC_STD.TO_INTEGER: metavalue detected, returning 0
#    Time: 2048760 ns  Iteration: 5  Instance: /tb/MyRiscv/u_regfile/MUXB
# ** Warning: NUMERIC_STD.TO_INTEGER: metavalue detected, returning 0
#    Time: 2048780 ns  Iteration: 5  Instance: /tb/MyRiscv/u_regfile/MUXA
# ** Warning: NUMERIC_STD.TO_INTEGER: metavalue detected, returning 0
#    Time: 2048780 ns  Iteration: 5  Instance: /tb/MyRiscv/u_regfile/MUXB
# ** Warning: NUMERIC_STD.TO_INTEGER: metavalue detected, returning 0
#    Time: 2048800 ns  Iteration: 5  Instance: /tb/MyRiscv/u_regfile/MUXA
# ** Warning: NUMERIC_STD.TO_INTEGER: metavalue detected, returning 0
#    Time: 2048800 ns  Iteration: 5  Instance: /tb/MyRiscv/u_regfile/MUXB
# ** Warning: NUMERIC_STD.TO_INTEGER: metavalue detected, returning 0
#    Time: 2069240 ns  Iteration: 2  Instance: /tb/MyRiscv/u_regfile/MUXB
# ** Warning: NUMERIC_STD.TO_INTEGER: metavalue detected, returning 0
#    Time: 2069240 ns  Iteration: 2  Instance: /tb/MyRiscv/u_regfile/MUXA
# ** Warning: NUMERIC_STD.TO_INTEGER: metavalue detected, returning 0
#    Time: 2069240 ns  Iteration: 5  Instance: /tb/MyRiscv/u_regfile/MUXA
# ** Warning: NUMERIC_STD.TO_INTEGER: metavalue detected, returning 0
#    Time: 2069240 ns  Iteration: 5  Instance: /tb/MyRiscv/u_regfile/MUXB
# ** Warning: NUMERIC_STD.TO_INTEGER: metavalue detected, returning 0
#    Time: 2069260 ns  Iteration: 5  Instance: /tb/MyRiscv/u_regfile/MUXA
# ** Warning: NUMERIC_STD.TO_INTEGER: metavalue detected, returning 0
#    Time: 2069260 ns  Iteration: 5  Instance: /tb/MyRiscv/u_regfile/MUXB
# ** Warning: NUMERIC_STD.TO_INTEGER: metavalue detected, returning 0
#    Time: 2069280 ns  Iteration: 5  Instance: /tb/MyRiscv/u_regfile/MUXA
# ** Warning: NUMERIC_STD.TO_INTEGER: metavalue detected, returning 0
#    Time: 2069280 ns  Iteration: 5  Instance: /tb/MyRiscv/u_regfile/MUXB
# ** Warning: NUMERIC_STD.TO_INTEGER: metavalue detected, returning 0
#    Time: 2089720 ns  Iteration: 2  Instance: /tb/MyRiscv/u_regfile/MUXB
# ** Warning: NUMERIC_STD.TO_INTEGER: metavalue detected, returning 0
#    Time: 2089720 ns  Iteration: 2  Instance: /tb/MyRiscv/u_regfile/MUXA
# ** Warning: NUMERIC_STD.TO_INTEGER: metavalue detected, returning 0
#    Time: 2089720 ns  Iteration: 5  Instance: /tb/MyRiscv/u_regfile/MUXA
# ** Warning: NUMERIC_STD.TO_INTEGER: metavalue detected, returning 0
#    Time: 2089720 ns  Iteration: 5  Instance: /tb/MyRiscv/u_regfile/MUXB
# ** Warning: NUMERIC_STD.TO_INTEGER: metavalue detected, returning 0
#    Time: 2089740 ns  Iteration: 5  Instance: /tb/MyRiscv/u_regfile/MUXA
# ** Warning: NUMERIC_STD.TO_INTEGER: metavalue detected, returning 0
#    Time: 2089740 ns  Iteration: 5  Instance: /tb/MyRiscv/u_regfile/MUXB
# ** Warning: NUMERIC_STD.TO_INTEGER: metavalue detected, returning 0
#    Time: 2089760 ns  Iteration: 5  Instance: /tb/MyRiscv/u_regfile/MUXA
# ** Warning: NUMERIC_STD.TO_INTEGER: metavalue detected, returning 0
#    Time: 2089760 ns  Iteration: 5  Instance: /tb/MyRiscv/u_regfile/MUXB
# ** Warning: NUMERIC_STD.TO_INTEGER: metavalue detected, returning 0
#    Time: 2110200 ns  Iteration: 2  Instance: /tb/MyRiscv/u_regfile/MUXB
# ** Warning: NUMERIC_STD.TO_INTEGER: metavalue detected, returning 0
#    Time: 2110200 ns  Iteration: 2  Instance: /tb/MyRiscv/u_regfile/MUXA
# ** Warning: NUMERIC_STD.TO_INTEGER: metavalue detected, returning 0
#    Time: 2110200 ns  Iteration: 5  Instance: /tb/MyRiscv/u_regfile/MUXA
# ** Warning: NUMERIC_STD.TO_INTEGER: metavalue detected, returning 0
#    Time: 2110200 ns  Iteration: 5  Instance: /tb/MyRiscv/u_regfile/MUXB
# ** Warning: NUMERIC_STD.TO_INTEGER: metavalue detected, returning 0
#    Time: 2110220 ns  Iteration: 5  Instance: /tb/MyRiscv/u_regfile/MUXA
# ** Warning: NUMERIC_STD.TO_INTEGER: metavalue detected, returning 0
#    Time: 2110220 ns  Iteration: 5  Instance: /tb/MyRiscv/u_regfile/MUXB
# ** Warning: NUMERIC_STD.TO_INTEGER: metavalue detected, returning 0
#    Time: 2110240 ns  Iteration: 5  Instance: /tb/MyRiscv/u_regfile/MUXA
# ** Warning: NUMERIC_STD.TO_INTEGER: metavalue detected, returning 0
#    Time: 2110240 ns  Iteration: 5  Instance: /tb/MyRiscv/u_regfile/MUXB
# ** Warning: NUMERIC_STD.TO_INTEGER: metavalue detected, returning 0
#    Time: 2130680 ns  Iteration: 2  Instance: /tb/MyRiscv/u_regfile/MUXB
# ** Warning: NUMERIC_STD.TO_INTEGER: metavalue detected, returning 0
#    Time: 2130680 ns  Iteration: 2  Instance: /tb/MyRiscv/u_regfile/MUXA
# ** Warning: NUMERIC_STD.TO_INTEGER: metavalue detected, returning 0
#    Time: 2130680 ns  Iteration: 5  Instance: /tb/MyRiscv/u_regfile/MUXA
# ** Warning: NUMERIC_STD.TO_INTEGER: metavalue detected, returning 0
#    Time: 2130680 ns  Iteration: 5  Instance: /tb/MyRiscv/u_regfile/MUXB
# ** Warning: NUMERIC_STD.TO_INTEGER: metavalue detected, returning 0
#    Time: 2130700 ns  Iteration: 5  Instance: /tb/MyRiscv/u_regfile/MUXA
# ** Warning: NUMERIC_STD.TO_INTEGER: metavalue detected, returning 0
#    Time: 2130700 ns  Iteration: 5  Instance: /tb/MyRiscv/u_regfile/MUXB
# ** Warning: NUMERIC_STD.TO_INTEGER: metavalue detected, returning 0
#    Time: 2130720 ns  Iteration: 5  Instance: /tb/MyRiscv/u_regfile/MUXA
# ** Warning: NUMERIC_STD.TO_INTEGER: metavalue detected, returning 0
#    Time: 2130720 ns  Iteration: 5  Instance: /tb/MyRiscv/u_regfile/MUXB
# ** Warning: NUMERIC_STD.TO_INTEGER: metavalue detected, returning 0
#    Time: 2151160 ns  Iteration: 2  Instance: /tb/MyRiscv/u_regfile/MUXB
# ** Warning: NUMERIC_STD.TO_INTEGER: metavalue detected, returning 0
#    Time: 2151160 ns  Iteration: 2  Instance: /tb/MyRiscv/u_regfile/MUXA
# ** Warning: NUMERIC_STD.TO_INTEGER: metavalue detected, returning 0
#    Time: 2151160 ns  Iteration: 5  Instance: /tb/MyRiscv/u_regfile/MUXA
# ** Warning: NUMERIC_STD.TO_INTEGER: metavalue detected, returning 0
#    Time: 2151160 ns  Iteration: 5  Instance: /tb/MyRiscv/u_regfile/MUXB
# ** Warning: NUMERIC_STD.TO_INTEGER: metavalue detected, returning 0
#    Time: 2151180 ns  Iteration: 5  Instance: /tb/MyRiscv/u_regfile/MUXA
# ** Warning: NUMERIC_STD.TO_INTEGER: metavalue detected, returning 0
#    Time: 2151180 ns  Iteration: 5  Instance: /tb/MyRiscv/u_regfile/MUXB
# ** Warning: NUMERIC_STD.TO_INTEGER: metavalue detected, returning 0
#    Time: 2151200 ns  Iteration: 5  Instance: /tb/MyRiscv/u_regfile/MUXA
# ** Warning: NUMERIC_STD.TO_INTEGER: metavalue detected, returning 0
#    Time: 2151200 ns  Iteration: 5  Instance: /tb/MyRiscv/u_regfile/MUXB
# ** Warning: NUMERIC_STD.TO_INTEGER: metavalue detected, returning 0
#    Time: 2171640 ns  Iteration: 2  Instance: /tb/MyRiscv/u_regfile/MUXB
# ** Warning: NUMERIC_STD.TO_INTEGER: metavalue detected, returning 0
#    Time: 2171640 ns  Iteration: 2  Instance: /tb/MyRiscv/u_regfile/MUXA
# ** Warning: NUMERIC_STD.TO_INTEGER: metavalue detected, returning 0
#    Time: 2171640 ns  Iteration: 5  Instance: /tb/MyRiscv/u_regfile/MUXA
# ** Warning: NUMERIC_STD.TO_INTEGER: metavalue detected, returning 0
#    Time: 2171640 ns  Iteration: 5  Instance: /tb/MyRiscv/u_regfile/MUXB
# ** Warning: NUMERIC_STD.TO_INTEGER: metavalue detected, returning 0
#    Time: 2171660 ns  Iteration: 5  Instance: /tb/MyRiscv/u_regfile/MUXA
# ** Warning: NUMERIC_STD.TO_INTEGER: metavalue detected, returning 0
#    Time: 2171660 ns  Iteration: 5  Instance: /tb/MyRiscv/u_regfile/MUXB
# ** Warning: NUMERIC_STD.TO_INTEGER: metavalue detected, returning 0
#    Time: 2171680 ns  Iteration: 5  Instance: /tb/MyRiscv/u_regfile/MUXA
# ** Warning: NUMERIC_STD.TO_INTEGER: metavalue detected, returning 0
#    Time: 2171680 ns  Iteration: 5  Instance: /tb/MyRiscv/u_regfile/MUXB
# ** Warning: NUMERIC_STD.TO_INTEGER: metavalue detected, returning 0
#    Time: 2192120 ns  Iteration: 2  Instance: /tb/MyRiscv/u_regfile/MUXB
# ** Warning: NUMERIC_STD.TO_INTEGER: metavalue detected, returning 0
#    Time: 2192120 ns  Iteration: 2  Instance: /tb/MyRiscv/u_regfile/MUXA
# ** Warning: NUMERIC_STD.TO_INTEGER: metavalue detected, returning 0
#    Time: 2192120 ns  Iteration: 5  Instance: /tb/MyRiscv/u_regfile/MUXA
# ** Warning: NUMERIC_STD.TO_INTEGER: metavalue detected, returning 0
#    Time: 2192120 ns  Iteration: 5  Instance: /tb/MyRiscv/u_regfile/MUXB
# ** Warning: NUMERIC_STD.TO_INTEGER: metavalue detected, returning 0
#    Time: 2192140 ns  Iteration: 5  Instance: /tb/MyRiscv/u_regfile/MUXA
# ** Warning: NUMERIC_STD.TO_INTEGER: metavalue detected, returning 0
#    Time: 2192140 ns  Iteration: 5  Instance: /tb/MyRiscv/u_regfile/MUXB
# ** Warning: NUMERIC_STD.TO_INTEGER: metavalue detected, returning 0
#    Time: 2192160 ns  Iteration: 5  Instance: /tb/MyRiscv/u_regfile/MUXA
# ** Warning: NUMERIC_STD.TO_INTEGER: metavalue detected, returning 0
#    Time: 2192160 ns  Iteration: 5  Instance: /tb/MyRiscv/u_regfile/MUXB
# ** Warning: NUMERIC_STD.TO_INTEGER: metavalue detected, returning 0
#    Time: 2212600 ns  Iteration: 2  Instance: /tb/MyRiscv/u_regfile/MUXB
# ** Warning: NUMERIC_STD.TO_INTEGER: metavalue detected, returning 0
#    Time: 2212600 ns  Iteration: 2  Instance: /tb/MyRiscv/u_regfile/MUXA
# ** Warning: NUMERIC_STD.TO_INTEGER: metavalue detected, returning 0
#    Time: 2212600 ns  Iteration: 5  Instance: /tb/MyRiscv/u_regfile/MUXA
# ** Warning: NUMERIC_STD.TO_INTEGER: metavalue detected, returning 0
#    Time: 2212600 ns  Iteration: 5  Instance: /tb/MyRiscv/u_regfile/MUXB
# ** Warning: NUMERIC_STD.TO_INTEGER: metavalue detected, returning 0
#    Time: 2212620 ns  Iteration: 5  Instance: /tb/MyRiscv/u_regfile/MUXA
# ** Warning: NUMERIC_STD.TO_INTEGER: metavalue detected, returning 0
#    Time: 2212620 ns  Iteration: 5  Instance: /tb/MyRiscv/u_regfile/MUXB
# ** Warning: NUMERIC_STD.TO_INTEGER: metavalue detected, returning 0
#    Time: 2212640 ns  Iteration: 5  Instance: /tb/MyRiscv/u_regfile/MUXA
# ** Warning: NUMERIC_STD.TO_INTEGER: metavalue detected, returning 0
#    Time: 2212640 ns  Iteration: 5  Instance: /tb/MyRiscv/u_regfile/MUXB
# ** Warning: NUMERIC_STD.TO_INTEGER: metavalue detected, returning 0
#    Time: 2233080 ns  Iteration: 2  Instance: /tb/MyRiscv/u_regfile/MUXB
# ** Warning: NUMERIC_STD.TO_INTEGER: metavalue detected, returning 0
#    Time: 2233080 ns  Iteration: 2  Instance: /tb/MyRiscv/u_regfile/MUXA
# ** Warning: NUMERIC_STD.TO_INTEGER: metavalue detected, returning 0
#    Time: 2233080 ns  Iteration: 5  Instance: /tb/MyRiscv/u_regfile/MUXA
# ** Warning: NUMERIC_STD.TO_INTEGER: metavalue detected, returning 0
#    Time: 2233080 ns  Iteration: 5  Instance: /tb/MyRiscv/u_regfile/MUXB
# ** Warning: NUMERIC_STD.TO_INTEGER: metavalue detected, returning 0
#    Time: 2233100 ns  Iteration: 5  Instance: /tb/MyRiscv/u_regfile/MUXA
# ** Warning: NUMERIC_STD.TO_INTEGER: metavalue detected, returning 0
#    Time: 2233100 ns  Iteration: 5  Instance: /tb/MyRiscv/u_regfile/MUXB
# ** Warning: NUMERIC_STD.TO_INTEGER: metavalue detected, returning 0
#    Time: 2233120 ns  Iteration: 5  Instance: /tb/MyRiscv/u_regfile/MUXA
# ** Warning: NUMERIC_STD.TO_INTEGER: metavalue detected, returning 0
#    Time: 2233120 ns  Iteration: 5  Instance: /tb/MyRiscv/u_regfile/MUXB
# ** Warning: NUMERIC_STD.TO_INTEGER: metavalue detected, returning 0
#    Time: 2253560 ns  Iteration: 2  Instance: /tb/MyRiscv/u_regfile/MUXB
# ** Warning: NUMERIC_STD.TO_INTEGER: metavalue detected, returning 0
#    Time: 2253560 ns  Iteration: 2  Instance: /tb/MyRiscv/u_regfile/MUXA
# ** Warning: NUMERIC_STD.TO_INTEGER: metavalue detected, returning 0
#    Time: 2253560 ns  Iteration: 5  Instance: /tb/MyRiscv/u_regfile/MUXA
# ** Warning: NUMERIC_STD.TO_INTEGER: metavalue detected, returning 0
#    Time: 2253560 ns  Iteration: 5  Instance: /tb/MyRiscv/u_regfile/MUXB
# ** Warning: NUMERIC_STD.TO_INTEGER: metavalue detected, returning 0
#    Time: 2253580 ns  Iteration: 5  Instance: /tb/MyRiscv/u_regfile/MUXA
# ** Warning: NUMERIC_STD.TO_INTEGER: metavalue detected, returning 0
#    Time: 2253580 ns  Iteration: 5  Instance: /tb/MyRiscv/u_regfile/MUXB
# ** Warning: NUMERIC_STD.TO_INTEGER: metavalue detected, returning 0
#    Time: 2253600 ns  Iteration: 5  Instance: /tb/MyRiscv/u_regfile/MUXA
# ** Warning: NUMERIC_STD.TO_INTEGER: metavalue detected, returning 0
#    Time: 2253600 ns  Iteration: 5  Instance: /tb/MyRiscv/u_regfile/MUXB
# ** Warning: NUMERIC_STD.TO_INTEGER: metavalue detected, returning 0
#    Time: 2274040 ns  Iteration: 2  Instance: /tb/MyRiscv/u_regfile/MUXB
# ** Warning: NUMERIC_STD.TO_INTEGER: metavalue detected, returning 0
#    Time: 2274040 ns  Iteration: 2  Instance: /tb/MyRiscv/u_regfile/MUXA
# ** Warning: NUMERIC_STD.TO_INTEGER: metavalue detected, returning 0
#    Time: 2274040 ns  Iteration: 5  Instance: /tb/MyRiscv/u_regfile/MUXA
# ** Warning: NUMERIC_STD.TO_INTEGER: metavalue detected, returning 0
#    Time: 2274040 ns  Iteration: 5  Instance: /tb/MyRiscv/u_regfile/MUXB
# ** Warning: NUMERIC_STD.TO_INTEGER: metavalue detected, returning 0
#    Time: 2274060 ns  Iteration: 5  Instance: /tb/MyRiscv/u_regfile/MUXA
# ** Warning: NUMERIC_STD.TO_INTEGER: metavalue detected, returning 0
#    Time: 2274060 ns  Iteration: 5  Instance: /tb/MyRiscv/u_regfile/MUXB
# ** Warning: NUMERIC_STD.TO_INTEGER: metavalue detected, returning 0
#    Time: 2274080 ns  Iteration: 5  Instance: /tb/MyRiscv/u_regfile/MUXA
# ** Warning: NUMERIC_STD.TO_INTEGER: metavalue detected, returning 0
#    Time: 2274080 ns  Iteration: 5  Instance: /tb/MyRiscv/u_regfile/MUXB
# ** Warning: NUMERIC_STD.TO_INTEGER: metavalue detected, returning 0
#    Time: 2294520 ns  Iteration: 2  Instance: /tb/MyRiscv/u_regfile/MUXB
# ** Warning: NUMERIC_STD.TO_INTEGER: metavalue detected, returning 0
#    Time: 2294520 ns  Iteration: 2  Instance: /tb/MyRiscv/u_regfile/MUXA
# ** Warning: NUMERIC_STD.TO_INTEGER: metavalue detected, returning 0
#    Time: 2294520 ns  Iteration: 5  Instance: /tb/MyRiscv/u_regfile/MUXA
# ** Warning: NUMERIC_STD.TO_INTEGER: metavalue detected, returning 0
#    Time: 2294520 ns  Iteration: 5  Instance: /tb/MyRiscv/u_regfile/MUXB
# ** Warning: NUMERIC_STD.TO_INTEGER: metavalue detected, returning 0
#    Time: 2294540 ns  Iteration: 5  Instance: /tb/MyRiscv/u_regfile/MUXA
# ** Warning: NUMERIC_STD.TO_INTEGER: metavalue detected, returning 0
#    Time: 2294540 ns  Iteration: 5  Instance: /tb/MyRiscv/u_regfile/MUXB
# ** Warning: NUMERIC_STD.TO_INTEGER: metavalue detected, returning 0
#    Time: 2294560 ns  Iteration: 5  Instance: /tb/MyRiscv/u_regfile/MUXA
# ** Warning: NUMERIC_STD.TO_INTEGER: metavalue detected, returning 0
#    Time: 2294560 ns  Iteration: 5  Instance: /tb/MyRiscv/u_regfile/MUXB
# ** Warning: NUMERIC_STD.TO_INTEGER: metavalue detected, returning 0
#    Time: 2315 us  Iteration: 2  Instance: /tb/MyRiscv/u_regfile/MUXB
# ** Warning: NUMERIC_STD.TO_INTEGER: metavalue detected, returning 0
#    Time: 2315 us  Iteration: 2  Instance: /tb/MyRiscv/u_regfile/MUXA
# ** Warning: NUMERIC_STD.TO_INTEGER: metavalue detected, returning 0
#    Time: 2315 us  Iteration: 5  Instance: /tb/MyRiscv/u_regfile/MUXA
# ** Warning: NUMERIC_STD.TO_INTEGER: metavalue detected, returning 0
#    Time: 2315 us  Iteration: 5  Instance: /tb/MyRiscv/u_regfile/MUXB
# ** Warning: NUMERIC_STD.TO_INTEGER: metavalue detected, returning 0
#    Time: 2315020 ns  Iteration: 5  Instance: /tb/MyRiscv/u_regfile/MUXA
# ** Warning: NUMERIC_STD.TO_INTEGER: metavalue detected, returning 0
#    Time: 2315020 ns  Iteration: 5  Instance: /tb/MyRiscv/u_regfile/MUXB
# ** Warning: NUMERIC_STD.TO_INTEGER: metavalue detected, returning 0
#    Time: 2315040 ns  Iteration: 5  Instance: /tb/MyRiscv/u_regfile/MUXA
# ** Warning: NUMERIC_STD.TO_INTEGER: metavalue detected, returning 0
#    Time: 2315040 ns  Iteration: 5  Instance: /tb/MyRiscv/u_regfile/MUXB
# ** Warning: NUMERIC_STD.TO_INTEGER: metavalue detected, returning 0
#    Time: 2335480 ns  Iteration: 2  Instance: /tb/MyRiscv/u_regfile/MUXB
# ** Warning: NUMERIC_STD.TO_INTEGER: metavalue detected, returning 0
#    Time: 2335480 ns  Iteration: 2  Instance: /tb/MyRiscv/u_regfile/MUXA
# ** Warning: NUMERIC_STD.TO_INTEGER: metavalue detected, returning 0
#    Time: 2335480 ns  Iteration: 5  Instance: /tb/MyRiscv/u_regfile/MUXA
# ** Warning: NUMERIC_STD.TO_INTEGER: metavalue detected, returning 0
#    Time: 2335480 ns  Iteration: 5  Instance: /tb/MyRiscv/u_regfile/MUXB
# ** Warning: NUMERIC_STD.TO_INTEGER: metavalue detected, returning 0
#    Time: 2335500 ns  Iteration: 5  Instance: /tb/MyRiscv/u_regfile/MUXA
# ** Warning: NUMERIC_STD.TO_INTEGER: metavalue detected, returning 0
#    Time: 2335500 ns  Iteration: 5  Instance: /tb/MyRiscv/u_regfile/MUXB
# ** Warning: NUMERIC_STD.TO_INTEGER: metavalue detected, returning 0
#    Time: 2335520 ns  Iteration: 5  Instance: /tb/MyRiscv/u_regfile/MUXA
# ** Warning: NUMERIC_STD.TO_INTEGER: metavalue detected, returning 0
#    Time: 2335520 ns  Iteration: 5  Instance: /tb/MyRiscv/u_regfile/MUXB
# ** Warning: NUMERIC_STD.TO_INTEGER: metavalue detected, returning 0
#    Time: 2355960 ns  Iteration: 2  Instance: /tb/MyRiscv/u_regfile/MUXB
# ** Warning: NUMERIC_STD.TO_INTEGER: metavalue detected, returning 0
#    Time: 2355960 ns  Iteration: 2  Instance: /tb/MyRiscv/u_regfile/MUXA
# ** Warning: NUMERIC_STD.TO_INTEGER: metavalue detected, returning 0
#    Time: 2355960 ns  Iteration: 5  Instance: /tb/MyRiscv/u_regfile/MUXA
# ** Warning: NUMERIC_STD.TO_INTEGER: metavalue detected, returning 0
#    Time: 2355960 ns  Iteration: 5  Instance: /tb/MyRiscv/u_regfile/MUXB
# ** Warning: NUMERIC_STD.TO_INTEGER: metavalue detected, returning 0
#    Time: 2355980 ns  Iteration: 5  Instance: /tb/MyRiscv/u_regfile/MUXA
# ** Warning: NUMERIC_STD.TO_INTEGER: metavalue detected, returning 0
#    Time: 2355980 ns  Iteration: 5  Instance: /tb/MyRiscv/u_regfile/MUXB
# ** Warning: NUMERIC_STD.TO_INTEGER: metavalue detected, returning 0
#    Time: 2356 us  Iteration: 5  Instance: /tb/MyRiscv/u_regfile/MUXA
# ** Warning: NUMERIC_STD.TO_INTEGER: metavalue detected, returning 0
#    Time: 2356 us  Iteration: 5  Instance: /tb/MyRiscv/u_regfile/MUXB
# ** Warning: NUMERIC_STD.TO_INTEGER: metavalue detected, returning 0
#    Time: 2376440 ns  Iteration: 2  Instance: /tb/MyRiscv/u_regfile/MUXB
# ** Warning: NUMERIC_STD.TO_INTEGER: metavalue detected, returning 0
#    Time: 2376440 ns  Iteration: 2  Instance: /tb/MyRiscv/u_regfile/MUXA
# ** Warning: NUMERIC_STD.TO_INTEGER: metavalue detected, returning 0
#    Time: 2376440 ns  Iteration: 5  Instance: /tb/MyRiscv/u_regfile/MUXA
# ** Warning: NUMERIC_STD.TO_INTEGER: metavalue detected, returning 0
#    Time: 2376440 ns  Iteration: 5  Instance: /tb/MyRiscv/u_regfile/MUXB
# ** Warning: NUMERIC_STD.TO_INTEGER: metavalue detected, returning 0
#    Time: 2376460 ns  Iteration: 5  Instance: /tb/MyRiscv/u_regfile/MUXA
# ** Warning: NUMERIC_STD.TO_INTEGER: metavalue detected, returning 0
#    Time: 2376460 ns  Iteration: 5  Instance: /tb/MyRiscv/u_regfile/MUXB
# ** Warning: NUMERIC_STD.TO_INTEGER: metavalue detected, returning 0
#    Time: 2376480 ns  Iteration: 5  Instance: /tb/MyRiscv/u_regfile/MUXA
# ** Warning: NUMERIC_STD.TO_INTEGER: metavalue detected, returning 0
#    Time: 2376480 ns  Iteration: 5  Instance: /tb/MyRiscv/u_regfile/MUXB
# ** Warning: NUMERIC_STD.TO_INTEGER: metavalue detected, returning 0
#    Time: 2396920 ns  Iteration: 2  Instance: /tb/MyRiscv/u_regfile/MUXB
# ** Warning: NUMERIC_STD.TO_INTEGER: metavalue detected, returning 0
#    Time: 2396920 ns  Iteration: 2  Instance: /tb/MyRiscv/u_regfile/MUXA
# ** Warning: NUMERIC_STD.TO_INTEGER: metavalue detected, returning 0
#    Time: 2396920 ns  Iteration: 5  Instance: /tb/MyRiscv/u_regfile/MUXA
# ** Warning: NUMERIC_STD.TO_INTEGER: metavalue detected, returning 0
#    Time: 2396920 ns  Iteration: 5  Instance: /tb/MyRiscv/u_regfile/MUXB
# ** Warning: NUMERIC_STD.TO_INTEGER: metavalue detected, returning 0
#    Time: 2396940 ns  Iteration: 5  Instance: /tb/MyRiscv/u_regfile/MUXA
# ** Warning: NUMERIC_STD.TO_INTEGER: metavalue detected, returning 0
#    Time: 2396940 ns  Iteration: 5  Instance: /tb/MyRiscv/u_regfile/MUXB
# ** Warning: NUMERIC_STD.TO_INTEGER: metavalue detected, returning 0
#    Time: 2396960 ns  Iteration: 5  Instance: /tb/MyRiscv/u_regfile/MUXA
# ** Warning: NUMERIC_STD.TO_INTEGER: metavalue detected, returning 0
#    Time: 2396960 ns  Iteration: 5  Instance: /tb/MyRiscv/u_regfile/MUXB
# ** Warning: NUMERIC_STD.TO_INTEGER: metavalue detected, returning 0
#    Time: 2417400 ns  Iteration: 2  Instance: /tb/MyRiscv/u_regfile/MUXB
# ** Warning: NUMERIC_STD.TO_INTEGER: metavalue detected, returning 0
#    Time: 2417400 ns  Iteration: 2  Instance: /tb/MyRiscv/u_regfile/MUXA
# ** Warning: NUMERIC_STD.TO_INTEGER: metavalue detected, returning 0
#    Time: 2417400 ns  Iteration: 5  Instance: /tb/MyRiscv/u_regfile/MUXA
# ** Warning: NUMERIC_STD.TO_INTEGER: metavalue detected, returning 0
#    Time: 2417400 ns  Iteration: 5  Instance: /tb/MyRiscv/u_regfile/MUXB
# ** Warning: NUMERIC_STD.TO_INTEGER: metavalue detected, returning 0
#    Time: 2417420 ns  Iteration: 5  Instance: /tb/MyRiscv/u_regfile/MUXA
# ** Warning: NUMERIC_STD.TO_INTEGER: metavalue detected, returning 0
#    Time: 2417420 ns  Iteration: 5  Instance: /tb/MyRiscv/u_regfile/MUXB
# ** Warning: NUMERIC_STD.TO_INTEGER: metavalue detected, returning 0
#    Time: 2417440 ns  Iteration: 5  Instance: /tb/MyRiscv/u_regfile/MUXA
# ** Warning: NUMERIC_STD.TO_INTEGER: metavalue detected, returning 0
#    Time: 2417440 ns  Iteration: 5  Instance: /tb/MyRiscv/u_regfile/MUXB
# ** Warning: NUMERIC_STD.TO_INTEGER: metavalue detected, returning 0
#    Time: 2437880 ns  Iteration: 2  Instance: /tb/MyRiscv/u_regfile/MUXB
# ** Warning: NUMERIC_STD.TO_INTEGER: metavalue detected, returning 0
#    Time: 2437880 ns  Iteration: 2  Instance: /tb/MyRiscv/u_regfile/MUXA
# ** Warning: NUMERIC_STD.TO_INTEGER: metavalue detected, returning 0
#    Time: 2437880 ns  Iteration: 5  Instance: /tb/MyRiscv/u_regfile/MUXA
# ** Warning: NUMERIC_STD.TO_INTEGER: metavalue detected, returning 0
#    Time: 2437880 ns  Iteration: 5  Instance: /tb/MyRiscv/u_regfile/MUXB
# ** Warning: NUMERIC_STD.TO_INTEGER: metavalue detected, returning 0
#    Time: 2437900 ns  Iteration: 5  Instance: /tb/MyRiscv/u_regfile/MUXA
# ** Warning: NUMERIC_STD.TO_INTEGER: metavalue detected, returning 0
#    Time: 2437900 ns  Iteration: 5  Instance: /tb/MyRiscv/u_regfile/MUXB
# ** Warning: NUMERIC_STD.TO_INTEGER: metavalue detected, returning 0
#    Time: 2437920 ns  Iteration: 5  Instance: /tb/MyRiscv/u_regfile/MUXA
# ** Warning: NUMERIC_STD.TO_INTEGER: metavalue detected, returning 0
#    Time: 2437920 ns  Iteration: 5  Instance: /tb/MyRiscv/u_regfile/MUXB
# ** Warning: NUMERIC_STD.TO_INTEGER: metavalue detected, returning 0
#    Time: 2458360 ns  Iteration: 2  Instance: /tb/MyRiscv/u_regfile/MUXB
# ** Warning: NUMERIC_STD.TO_INTEGER: metavalue detected, returning 0
#    Time: 2458360 ns  Iteration: 2  Instance: /tb/MyRiscv/u_regfile/MUXA
# ** Warning: NUMERIC_STD.TO_INTEGER: metavalue detected, returning 0
#    Time: 2458360 ns  Iteration: 5  Instance: /tb/MyRiscv/u_regfile/MUXA
# ** Warning: NUMERIC_STD.TO_INTEGER: metavalue detected, returning 0
#    Time: 2458360 ns  Iteration: 5  Instance: /tb/MyRiscv/u_regfile/MUXB
# ** Warning: NUMERIC_STD.TO_INTEGER: metavalue detected, returning 0
#    Time: 2458380 ns  Iteration: 5  Instance: /tb/MyRiscv/u_regfile/MUXA
# ** Warning: NUMERIC_STD.TO_INTEGER: metavalue detected, returning 0
#    Time: 2458380 ns  Iteration: 5  Instance: /tb/MyRiscv/u_regfile/MUXB
# ** Warning: NUMERIC_STD.TO_INTEGER: metavalue detected, returning 0
#    Time: 2458400 ns  Iteration: 5  Instance: /tb/MyRiscv/u_regfile/MUXA
# ** Warning: NUMERIC_STD.TO_INTEGER: metavalue detected, returning 0
#    Time: 2458400 ns  Iteration: 5  Instance: /tb/MyRiscv/u_regfile/MUXB
# ** Warning: NUMERIC_STD.TO_INTEGER: metavalue detected, returning 0
#    Time: 2478840 ns  Iteration: 2  Instance: /tb/MyRiscv/u_regfile/MUXB
# ** Warning: NUMERIC_STD.TO_INTEGER: metavalue detected, returning 0
#    Time: 2478840 ns  Iteration: 2  Instance: /tb/MyRiscv/u_regfile/MUXA
# ** Warning: NUMERIC_STD.TO_INTEGER: metavalue detected, returning 0
#    Time: 2478840 ns  Iteration: 5  Instance: /tb/MyRiscv/u_regfile/MUXA
# ** Warning: NUMERIC_STD.TO_INTEGER: metavalue detected, returning 0
#    Time: 2478840 ns  Iteration: 5  Instance: /tb/MyRiscv/u_regfile/MUXB
# ** Warning: NUMERIC_STD.TO_INTEGER: metavalue detected, returning 0
#    Time: 2478860 ns  Iteration: 5  Instance: /tb/MyRiscv/u_regfile/MUXA
# ** Warning: NUMERIC_STD.TO_INTEGER: metavalue detected, returning 0
#    Time: 2478860 ns  Iteration: 5  Instance: /tb/MyRiscv/u_regfile/MUXB
# ** Warning: NUMERIC_STD.TO_INTEGER: metavalue detected, returning 0
#    Time: 2478880 ns  Iteration: 5  Instance: /tb/MyRiscv/u_regfile/MUXA
# ** Warning: NUMERIC_STD.TO_INTEGER: metavalue detected, returning 0
#    Time: 2478880 ns  Iteration: 5  Instance: /tb/MyRiscv/u_regfile/MUXB
# ** Warning: NUMERIC_STD.TO_INTEGER: metavalue detected, returning 0
#    Time: 2499320 ns  Iteration: 2  Instance: /tb/MyRiscv/u_regfile/MUXB
# ** Warning: NUMERIC_STD.TO_INTEGER: metavalue detected, returning 0
#    Time: 2499320 ns  Iteration: 2  Instance: /tb/MyRiscv/u_regfile/MUXA
# ** Warning: NUMERIC_STD.TO_INTEGER: metavalue detected, returning 0
#    Time: 2499320 ns  Iteration: 5  Instance: /tb/MyRiscv/u_regfile/MUXA
# ** Warning: NUMERIC_STD.TO_INTEGER: metavalue detected, returning 0
#    Time: 2499320 ns  Iteration: 5  Instance: /tb/MyRiscv/u_regfile/MUXB
# ** Warning: NUMERIC_STD.TO_INTEGER: metavalue detected, returning 0
#    Time: 2499340 ns  Iteration: 5  Instance: /tb/MyRiscv/u_regfile/MUXA
# ** Warning: NUMERIC_STD.TO_INTEGER: metavalue detected, returning 0
#    Time: 2499340 ns  Iteration: 5  Instance: /tb/MyRiscv/u_regfile/MUXB
# ** Warning: NUMERIC_STD.TO_INTEGER: metavalue detected, returning 0
#    Time: 2499360 ns  Iteration: 5  Instance: /tb/MyRiscv/u_regfile/MUXA
# ** Warning: NUMERIC_STD.TO_INTEGER: metavalue detected, returning 0
#    Time: 2499360 ns  Iteration: 5  Instance: /tb/MyRiscv/u_regfile/MUXB
# ** Warning: NUMERIC_STD.TO_INTEGER: metavalue detected, returning 0
#    Time: 2519800 ns  Iteration: 2  Instance: /tb/MyRiscv/u_regfile/MUXB
# ** Warning: NUMERIC_STD.TO_INTEGER: metavalue detected, returning 0
#    Time: 2519800 ns  Iteration: 2  Instance: /tb/MyRiscv/u_regfile/MUXA
# ** Warning: NUMERIC_STD.TO_INTEGER: metavalue detected, returning 0
#    Time: 2519800 ns  Iteration: 5  Instance: /tb/MyRiscv/u_regfile/MUXA
# ** Warning: NUMERIC_STD.TO_INTEGER: metavalue detected, returning 0
#    Time: 2519800 ns  Iteration: 5  Instance: /tb/MyRiscv/u_regfile/MUXB
# ** Warning: NUMERIC_STD.TO_INTEGER: metavalue detected, returning 0
#    Time: 2519820 ns  Iteration: 5  Instance: /tb/MyRiscv/u_regfile/MUXA
# ** Warning: NUMERIC_STD.TO_INTEGER: metavalue detected, returning 0
#    Time: 2519820 ns  Iteration: 5  Instance: /tb/MyRiscv/u_regfile/MUXB
# ** Warning: NUMERIC_STD.TO_INTEGER: metavalue detected, returning 0
#    Time: 2519840 ns  Iteration: 5  Instance: /tb/MyRiscv/u_regfile/MUXA
# ** Warning: NUMERIC_STD.TO_INTEGER: metavalue detected, returning 0
#    Time: 2519840 ns  Iteration: 5  Instance: /tb/MyRiscv/u_regfile/MUXB
# ** Warning: NUMERIC_STD.TO_INTEGER: metavalue detected, returning 0
#    Time: 2540280 ns  Iteration: 2  Instance: /tb/MyRiscv/u_regfile/MUXB
# ** Warning: NUMERIC_STD.TO_INTEGER: metavalue detected, returning 0
#    Time: 2540280 ns  Iteration: 2  Instance: /tb/MyRiscv/u_regfile/MUXA
# ** Warning: NUMERIC_STD.TO_INTEGER: metavalue detected, returning 0
#    Time: 2540280 ns  Iteration: 5  Instance: /tb/MyRiscv/u_regfile/MUXA
# ** Warning: NUMERIC_STD.TO_INTEGER: metavalue detected, returning 0
#    Time: 2540280 ns  Iteration: 5  Instance: /tb/MyRiscv/u_regfile/MUXB
# ** Warning: NUMERIC_STD.TO_INTEGER: metavalue detected, returning 0
#    Time: 2540300 ns  Iteration: 5  Instance: /tb/MyRiscv/u_regfile/MUXA
# ** Warning: NUMERIC_STD.TO_INTEGER: metavalue detected, returning 0
#    Time: 2540300 ns  Iteration: 5  Instance: /tb/MyRiscv/u_regfile/MUXB
# ** Warning: NUMERIC_STD.TO_INTEGER: metavalue detected, returning 0
#    Time: 2540320 ns  Iteration: 5  Instance: /tb/MyRiscv/u_regfile/MUXA
# ** Warning: NUMERIC_STD.TO_INTEGER: metavalue detected, returning 0
#    Time: 2540320 ns  Iteration: 5  Instance: /tb/MyRiscv/u_regfile/MUXB
# ** Warning: NUMERIC_STD.TO_INTEGER: metavalue detected, returning 0
#    Time: 2560760 ns  Iteration: 2  Instance: /tb/MyRiscv/u_regfile/MUXB
# ** Warning: NUMERIC_STD.TO_INTEGER: metavalue detected, returning 0
#    Time: 2560760 ns  Iteration: 2  Instance: /tb/MyRiscv/u_regfile/MUXA
# ** Warning: NUMERIC_STD.TO_INTEGER: metavalue detected, returning 0
#    Time: 2560760 ns  Iteration: 5  Instance: /tb/MyRiscv/u_regfile/MUXA
# ** Warning: NUMERIC_STD.TO_INTEGER: metavalue detected, returning 0
#    Time: 2560760 ns  Iteration: 5  Instance: /tb/MyRiscv/u_regfile/MUXB
# ** Warning: NUMERIC_STD.TO_INTEGER: metavalue detected, returning 0
#    Time: 2560780 ns  Iteration: 5  Instance: /tb/MyRiscv/u_regfile/MUXA
# ** Warning: NUMERIC_STD.TO_INTEGER: metavalue detected, returning 0
#    Time: 2560780 ns  Iteration: 5  Instance: /tb/MyRiscv/u_regfile/MUXB
# ** Warning: NUMERIC_STD.TO_INTEGER: metavalue detected, returning 0
#    Time: 2560800 ns  Iteration: 5  Instance: /tb/MyRiscv/u_regfile/MUXA
# ** Warning: NUMERIC_STD.TO_INTEGER: metavalue detected, returning 0
#    Time: 2560800 ns  Iteration: 5  Instance: /tb/MyRiscv/u_regfile/MUXB
# ** Warning: NUMERIC_STD.TO_INTEGER: metavalue detected, returning 0
#    Time: 2581240 ns  Iteration: 2  Instance: /tb/MyRiscv/u_regfile/MUXB
# ** Warning: NUMERIC_STD.TO_INTEGER: metavalue detected, returning 0
#    Time: 2581240 ns  Iteration: 2  Instance: /tb/MyRiscv/u_regfile/MUXA
# ** Warning: NUMERIC_STD.TO_INTEGER: metavalue detected, returning 0
#    Time: 2581240 ns  Iteration: 5  Instance: /tb/MyRiscv/u_regfile/MUXA
# ** Warning: NUMERIC_STD.TO_INTEGER: metavalue detected, returning 0
#    Time: 2581240 ns  Iteration: 5  Instance: /tb/MyRiscv/u_regfile/MUXB
# ** Warning: NUMERIC_STD.TO_INTEGER: metavalue detected, returning 0
#    Time: 2581260 ns  Iteration: 5  Instance: /tb/MyRiscv/u_regfile/MUXA
# ** Warning: NUMERIC_STD.TO_INTEGER: metavalue detected, returning 0
#    Time: 2581260 ns  Iteration: 5  Instance: /tb/MyRiscv/u_regfile/MUXB
# ** Warning: NUMERIC_STD.TO_INTEGER: metavalue detected, returning 0
#    Time: 2581280 ns  Iteration: 5  Instance: /tb/MyRiscv/u_regfile/MUXA
# ** Warning: NUMERIC_STD.TO_INTEGER: metavalue detected, returning 0
#    Time: 2581280 ns  Iteration: 5  Instance: /tb/MyRiscv/u_regfile/MUXB
# ** Warning: NUMERIC_STD.TO_INTEGER: metavalue detected, returning 0
#    Time: 2601720 ns  Iteration: 2  Instance: /tb/MyRiscv/u_regfile/MUXB
# ** Warning: NUMERIC_STD.TO_INTEGER: metavalue detected, returning 0
#    Time: 2601720 ns  Iteration: 2  Instance: /tb/MyRiscv/u_regfile/MUXA
# ** Warning: NUMERIC_STD.TO_INTEGER: metavalue detected, returning 0
#    Time: 2601720 ns  Iteration: 5  Instance: /tb/MyRiscv/u_regfile/MUXA
# ** Warning: NUMERIC_STD.TO_INTEGER: metavalue detected, returning 0
#    Time: 2601720 ns  Iteration: 5  Instance: /tb/MyRiscv/u_regfile/MUXB
# ** Warning: NUMERIC_STD.TO_INTEGER: metavalue detected, returning 0
#    Time: 2601740 ns  Iteration: 5  Instance: /tb/MyRiscv/u_regfile/MUXA
# ** Warning: NUMERIC_STD.TO_INTEGER: metavalue detected, returning 0
#    Time: 2601740 ns  Iteration: 5  Instance: /tb/MyRiscv/u_regfile/MUXB
# ** Warning: NUMERIC_STD.TO_INTEGER: metavalue detected, returning 0
#    Time: 2601760 ns  Iteration: 5  Instance: /tb/MyRiscv/u_regfile/MUXA
# ** Warning: NUMERIC_STD.TO_INTEGER: metavalue detected, returning 0
#    Time: 2601760 ns  Iteration: 5  Instance: /tb/MyRiscv/u_regfile/MUXB
# ** Warning: NUMERIC_STD.TO_INTEGER: metavalue detected, returning 0
#    Time: 2622200 ns  Iteration: 2  Instance: /tb/MyRiscv/u_regfile/MUXB
# ** Warning: NUMERIC_STD.TO_INTEGER: metavalue detected, returning 0
#    Time: 2622200 ns  Iteration: 2  Instance: /tb/MyRiscv/u_regfile/MUXA
# ** Warning: NUMERIC_STD.TO_INTEGER: metavalue detected, returning 0
#    Time: 2622200 ns  Iteration: 5  Instance: /tb/MyRiscv/u_regfile/MUXA
# ** Warning: NUMERIC_STD.TO_INTEGER: metavalue detected, returning 0
#    Time: 2622200 ns  Iteration: 5  Instance: /tb/MyRiscv/u_regfile/MUXB
# ** Warning: NUMERIC_STD.TO_INTEGER: metavalue detected, returning 0
#    Time: 2622220 ns  Iteration: 5  Instance: /tb/MyRiscv/u_regfile/MUXA
# ** Warning: NUMERIC_STD.TO_INTEGER: metavalue detected, returning 0
#    Time: 2622220 ns  Iteration: 5  Instance: /tb/MyRiscv/u_regfile/MUXB
# ** Warning: NUMERIC_STD.TO_INTEGER: metavalue detected, returning 0
#    Time: 2622240 ns  Iteration: 5  Instance: /tb/MyRiscv/u_regfile/MUXA
# ** Warning: NUMERIC_STD.TO_INTEGER: metavalue detected, returning 0
#    Time: 2622240 ns  Iteration: 5  Instance: /tb/MyRiscv/u_regfile/MUXB
# ** Warning: NUMERIC_STD.TO_INTEGER: metavalue detected, returning 0
#    Time: 2642680 ns  Iteration: 2  Instance: /tb/MyRiscv/u_regfile/MUXB
# ** Warning: NUMERIC_STD.TO_INTEGER: metavalue detected, returning 0
#    Time: 2642680 ns  Iteration: 2  Instance: /tb/MyRiscv/u_regfile/MUXA
# ** Warning: NUMERIC_STD.TO_INTEGER: metavalue detected, returning 0
#    Time: 2642680 ns  Iteration: 5  Instance: /tb/MyRiscv/u_regfile/MUXA
# ** Warning: NUMERIC_STD.TO_INTEGER: metavalue detected, returning 0
#    Time: 2642680 ns  Iteration: 5  Instance: /tb/MyRiscv/u_regfile/MUXB
# ** Warning: NUMERIC_STD.TO_INTEGER: metavalue detected, returning 0
#    Time: 2642700 ns  Iteration: 5  Instance: /tb/MyRiscv/u_regfile/MUXA
# ** Warning: NUMERIC_STD.TO_INTEGER: metavalue detected, returning 0
#    Time: 2642700 ns  Iteration: 5  Instance: /tb/MyRiscv/u_regfile/MUXB
# ** Warning: NUMERIC_STD.TO_INTEGER: metavalue detected, returning 0
#    Time: 2642720 ns  Iteration: 5  Instance: /tb/MyRiscv/u_regfile/MUXA
# ** Warning: NUMERIC_STD.TO_INTEGER: metavalue detected, returning 0
#    Time: 2642720 ns  Iteration: 5  Instance: /tb/MyRiscv/u_regfile/MUXB
# ** Warning: NUMERIC_STD.TO_INTEGER: metavalue detected, returning 0
#    Time: 2663160 ns  Iteration: 2  Instance: /tb/MyRiscv/u_regfile/MUXB
# ** Warning: NUMERIC_STD.TO_INTEGER: metavalue detected, returning 0
#    Time: 2663160 ns  Iteration: 2  Instance: /tb/MyRiscv/u_regfile/MUXA
# ** Warning: NUMERIC_STD.TO_INTEGER: metavalue detected, returning 0
#    Time: 2663160 ns  Iteration: 5  Instance: /tb/MyRiscv/u_regfile/MUXA
# ** Warning: NUMERIC_STD.TO_INTEGER: metavalue detected, returning 0
#    Time: 2663160 ns  Iteration: 5  Instance: /tb/MyRiscv/u_regfile/MUXB
# ** Warning: NUMERIC_STD.TO_INTEGER: metavalue detected, returning 0
#    Time: 2663180 ns  Iteration: 5  Instance: /tb/MyRiscv/u_regfile/MUXA
# ** Warning: NUMERIC_STD.TO_INTEGER: metavalue detected, returning 0
#    Time: 2663180 ns  Iteration: 5  Instance: /tb/MyRiscv/u_regfile/MUXB
# ** Warning: NUMERIC_STD.TO_INTEGER: metavalue detected, returning 0
#    Time: 2663200 ns  Iteration: 5  Instance: /tb/MyRiscv/u_regfile/MUXA
# ** Warning: NUMERIC_STD.TO_INTEGER: metavalue detected, returning 0
#    Time: 2663200 ns  Iteration: 5  Instance: /tb/MyRiscv/u_regfile/MUXB
# ** Warning: NUMERIC_STD.TO_INTEGER: metavalue detected, returning 0
#    Time: 2683640 ns  Iteration: 2  Instance: /tb/MyRiscv/u_regfile/MUXB
# ** Warning: NUMERIC_STD.TO_INTEGER: metavalue detected, returning 0
#    Time: 2683640 ns  Iteration: 2  Instance: /tb/MyRiscv/u_regfile/MUXA
# ** Warning: NUMERIC_STD.TO_INTEGER: metavalue detected, returning 0
#    Time: 2683640 ns  Iteration: 5  Instance: /tb/MyRiscv/u_regfile/MUXA
# ** Warning: NUMERIC_STD.TO_INTEGER: metavalue detected, returning 0
#    Time: 2683640 ns  Iteration: 5  Instance: /tb/MyRiscv/u_regfile/MUXB
# ** Warning: NUMERIC_STD.TO_INTEGER: metavalue detected, returning 0
#    Time: 2683660 ns  Iteration: 5  Instance: /tb/MyRiscv/u_regfile/MUXA
# ** Warning: NUMERIC_STD.TO_INTEGER: metavalue detected, returning 0
#    Time: 2683660 ns  Iteration: 5  Instance: /tb/MyRiscv/u_regfile/MUXB
# ** Warning: NUMERIC_STD.TO_INTEGER: metavalue detected, returning 0
#    Time: 2683680 ns  Iteration: 5  Instance: /tb/MyRiscv/u_regfile/MUXA
# ** Warning: NUMERIC_STD.TO_INTEGER: metavalue detected, returning 0
#    Time: 2683680 ns  Iteration: 5  Instance: /tb/MyRiscv/u_regfile/MUXB
# ** Warning: NUMERIC_STD.TO_INTEGER: metavalue detected, returning 0
#    Time: 2704120 ns  Iteration: 2  Instance: /tb/MyRiscv/u_regfile/MUXB
# ** Warning: NUMERIC_STD.TO_INTEGER: metavalue detected, returning 0
#    Time: 2704120 ns  Iteration: 2  Instance: /tb/MyRiscv/u_regfile/MUXA
# ** Warning: NUMERIC_STD.TO_INTEGER: metavalue detected, returning 0
#    Time: 2704120 ns  Iteration: 5  Instance: /tb/MyRiscv/u_regfile/MUXA
# ** Warning: NUMERIC_STD.TO_INTEGER: metavalue detected, returning 0
#    Time: 2704120 ns  Iteration: 5  Instance: /tb/MyRiscv/u_regfile/MUXB
# ** Warning: NUMERIC_STD.TO_INTEGER: metavalue detected, returning 0
#    Time: 2704140 ns  Iteration: 5  Instance: /tb/MyRiscv/u_regfile/MUXA
# ** Warning: NUMERIC_STD.TO_INTEGER: metavalue detected, returning 0
#    Time: 2704140 ns  Iteration: 5  Instance: /tb/MyRiscv/u_regfile/MUXB
# ** Warning: NUMERIC_STD.TO_INTEGER: metavalue detected, returning 0
#    Time: 2704160 ns  Iteration: 5  Instance: /tb/MyRiscv/u_regfile/MUXA
# ** Warning: NUMERIC_STD.TO_INTEGER: metavalue detected, returning 0
#    Time: 2704160 ns  Iteration: 5  Instance: /tb/MyRiscv/u_regfile/MUXB
# ** Warning: NUMERIC_STD.TO_INTEGER: metavalue detected, returning 0
#    Time: 2724600 ns  Iteration: 2  Instance: /tb/MyRiscv/u_regfile/MUXB
# ** Warning: NUMERIC_STD.TO_INTEGER: metavalue detected, returning 0
#    Time: 2724600 ns  Iteration: 2  Instance: /tb/MyRiscv/u_regfile/MUXA
# ** Warning: NUMERIC_STD.TO_INTEGER: metavalue detected, returning 0
#    Time: 2724600 ns  Iteration: 5  Instance: /tb/MyRiscv/u_regfile/MUXA
# ** Warning: NUMERIC_STD.TO_INTEGER: metavalue detected, returning 0
#    Time: 2724600 ns  Iteration: 5  Instance: /tb/MyRiscv/u_regfile/MUXB
# ** Warning: NUMERIC_STD.TO_INTEGER: metavalue detected, returning 0
#    Time: 2724620 ns  Iteration: 5  Instance: /tb/MyRiscv/u_regfile/MUXA
# ** Warning: NUMERIC_STD.TO_INTEGER: metavalue detected, returning 0
#    Time: 2724620 ns  Iteration: 5  Instance: /tb/MyRiscv/u_regfile/MUXB
# ** Warning: NUMERIC_STD.TO_INTEGER: metavalue detected, returning 0
#    Time: 2724640 ns  Iteration: 5  Instance: /tb/MyRiscv/u_regfile/MUXA
# ** Warning: NUMERIC_STD.TO_INTEGER: metavalue detected, returning 0
#    Time: 2724640 ns  Iteration: 5  Instance: /tb/MyRiscv/u_regfile/MUXB
# ** Warning: NUMERIC_STD.TO_INTEGER: metavalue detected, returning 0
#    Time: 2745080 ns  Iteration: 2  Instance: /tb/MyRiscv/u_regfile/MUXB
# ** Warning: NUMERIC_STD.TO_INTEGER: metavalue detected, returning 0
#    Time: 2745080 ns  Iteration: 2  Instance: /tb/MyRiscv/u_regfile/MUXA
# ** Warning: NUMERIC_STD.TO_INTEGER: metavalue detected, returning 0
#    Time: 2745080 ns  Iteration: 5  Instance: /tb/MyRiscv/u_regfile/MUXA
# ** Warning: NUMERIC_STD.TO_INTEGER: metavalue detected, returning 0
#    Time: 2745080 ns  Iteration: 5  Instance: /tb/MyRiscv/u_regfile/MUXB
# ** Warning: NUMERIC_STD.TO_INTEGER: metavalue detected, returning 0
#    Time: 2745100 ns  Iteration: 5  Instance: /tb/MyRiscv/u_regfile/MUXA
# ** Warning: NUMERIC_STD.TO_INTEGER: metavalue detected, returning 0
#    Time: 2745100 ns  Iteration: 5  Instance: /tb/MyRiscv/u_regfile/MUXB
# ** Warning: NUMERIC_STD.TO_INTEGER: metavalue detected, returning 0
#    Time: 2745120 ns  Iteration: 5  Instance: /tb/MyRiscv/u_regfile/MUXA
# ** Warning: NUMERIC_STD.TO_INTEGER: metavalue detected, returning 0
#    Time: 2745120 ns  Iteration: 5  Instance: /tb/MyRiscv/u_regfile/MUXB
# ** Warning: NUMERIC_STD.TO_INTEGER: metavalue detected, returning 0
#    Time: 2765560 ns  Iteration: 2  Instance: /tb/MyRiscv/u_regfile/MUXB
# ** Warning: NUMERIC_STD.TO_INTEGER: metavalue detected, returning 0
#    Time: 2765560 ns  Iteration: 2  Instance: /tb/MyRiscv/u_regfile/MUXA
# ** Warning: NUMERIC_STD.TO_INTEGER: metavalue detected, returning 0
#    Time: 2765560 ns  Iteration: 5  Instance: /tb/MyRiscv/u_regfile/MUXA
# ** Warning: NUMERIC_STD.TO_INTEGER: metavalue detected, returning 0
#    Time: 2765560 ns  Iteration: 5  Instance: /tb/MyRiscv/u_regfile/MUXB
# ** Warning: NUMERIC_STD.TO_INTEGER: metavalue detected, returning 0
#    Time: 2765580 ns  Iteration: 5  Instance: /tb/MyRiscv/u_regfile/MUXA
# ** Warning: NUMERIC_STD.TO_INTEGER: metavalue detected, returning 0
#    Time: 2765580 ns  Iteration: 5  Instance: /tb/MyRiscv/u_regfile/MUXB
# ** Warning: NUMERIC_STD.TO_INTEGER: metavalue detected, returning 0
#    Time: 2765600 ns  Iteration: 5  Instance: /tb/MyRiscv/u_regfile/MUXA
# ** Warning: NUMERIC_STD.TO_INTEGER: metavalue detected, returning 0
#    Time: 2765600 ns  Iteration: 5  Instance: /tb/MyRiscv/u_regfile/MUXB
# ** Warning: NUMERIC_STD.TO_INTEGER: metavalue detected, returning 0
#    Time: 2786040 ns  Iteration: 2  Instance: /tb/MyRiscv/u_regfile/MUXB
# ** Warning: NUMERIC_STD.TO_INTEGER: metavalue detected, returning 0
#    Time: 2786040 ns  Iteration: 2  Instance: /tb/MyRiscv/u_regfile/MUXA
# ** Warning: NUMERIC_STD.TO_INTEGER: metavalue detected, returning 0
#    Time: 2786040 ns  Iteration: 5  Instance: /tb/MyRiscv/u_regfile/MUXA
# ** Warning: NUMERIC_STD.TO_INTEGER: metavalue detected, returning 0
#    Time: 2786040 ns  Iteration: 5  Instance: /tb/MyRiscv/u_regfile/MUXB
# ** Warning: NUMERIC_STD.TO_INTEGER: metavalue detected, returning 0
#    Time: 2786060 ns  Iteration: 5  Instance: /tb/MyRiscv/u_regfile/MUXA
# ** Warning: NUMERIC_STD.TO_INTEGER: metavalue detected, returning 0
#    Time: 2786060 ns  Iteration: 5  Instance: /tb/MyRiscv/u_regfile/MUXB
# ** Warning: NUMERIC_STD.TO_INTEGER: metavalue detected, returning 0
#    Time: 2786080 ns  Iteration: 5  Instance: /tb/MyRiscv/u_regfile/MUXA
# ** Warning: NUMERIC_STD.TO_INTEGER: metavalue detected, returning 0
#    Time: 2786080 ns  Iteration: 5  Instance: /tb/MyRiscv/u_regfile/MUXB
# ** Warning: NUMERIC_STD.TO_INTEGER: metavalue detected, returning 0
#    Time: 2806520 ns  Iteration: 2  Instance: /tb/MyRiscv/u_regfile/MUXB
# ** Warning: NUMERIC_STD.TO_INTEGER: metavalue detected, returning 0
#    Time: 2806520 ns  Iteration: 2  Instance: /tb/MyRiscv/u_regfile/MUXA
# ** Warning: NUMERIC_STD.TO_INTEGER: metavalue detected, returning 0
#    Time: 2806520 ns  Iteration: 5  Instance: /tb/MyRiscv/u_regfile/MUXA
# ** Warning: NUMERIC_STD.TO_INTEGER: metavalue detected, returning 0
#    Time: 2806520 ns  Iteration: 5  Instance: /tb/MyRiscv/u_regfile/MUXB
# ** Warning: NUMERIC_STD.TO_INTEGER: metavalue detected, returning 0
#    Time: 2806540 ns  Iteration: 5  Instance: /tb/MyRiscv/u_regfile/MUXA
# ** Warning: NUMERIC_STD.TO_INTEGER: metavalue detected, returning 0
#    Time: 2806540 ns  Iteration: 5  Instance: /tb/MyRiscv/u_regfile/MUXB
# ** Warning: NUMERIC_STD.TO_INTEGER: metavalue detected, returning 0
#    Time: 2806560 ns  Iteration: 5  Instance: /tb/MyRiscv/u_regfile/MUXA
# ** Warning: NUMERIC_STD.TO_INTEGER: metavalue detected, returning 0
#    Time: 2806560 ns  Iteration: 5  Instance: /tb/MyRiscv/u_regfile/MUXB
# ** Warning: NUMERIC_STD.TO_INTEGER: metavalue detected, returning 0
#    Time: 2827 us  Iteration: 2  Instance: /tb/MyRiscv/u_regfile/MUXB
# ** Warning: NUMERIC_STD.TO_INTEGER: metavalue detected, returning 0
#    Time: 2827 us  Iteration: 2  Instance: /tb/MyRiscv/u_regfile/MUXA
# ** Warning: NUMERIC_STD.TO_INTEGER: metavalue detected, returning 0
#    Time: 2827 us  Iteration: 5  Instance: /tb/MyRiscv/u_regfile/MUXA
# ** Warning: NUMERIC_STD.TO_INTEGER: metavalue detected, returning 0
#    Time: 2827 us  Iteration: 5  Instance: /tb/MyRiscv/u_regfile/MUXB
# ** Warning: NUMERIC_STD.TO_INTEGER: metavalue detected, returning 0
#    Time: 2827020 ns  Iteration: 5  Instance: /tb/MyRiscv/u_regfile/MUXA
# ** Warning: NUMERIC_STD.TO_INTEGER: metavalue detected, returning 0
#    Time: 2827020 ns  Iteration: 5  Instance: /tb/MyRiscv/u_regfile/MUXB
# ** Warning: NUMERIC_STD.TO_INTEGER: metavalue detected, returning 0
#    Time: 2827040 ns  Iteration: 5  Instance: /tb/MyRiscv/u_regfile/MUXA
# ** Warning: NUMERIC_STD.TO_INTEGER: metavalue detected, returning 0
#    Time: 2827040 ns  Iteration: 5  Instance: /tb/MyRiscv/u_regfile/MUXB
# ** Warning: NUMERIC_STD.TO_INTEGER: metavalue detected, returning 0
#    Time: 2847480 ns  Iteration: 2  Instance: /tb/MyRiscv/u_regfile/MUXB
# ** Warning: NUMERIC_STD.TO_INTEGER: metavalue detected, returning 0
#    Time: 2847480 ns  Iteration: 2  Instance: /tb/MyRiscv/u_regfile/MUXA
# ** Warning: NUMERIC_STD.TO_INTEGER: metavalue detected, returning 0
#    Time: 2847480 ns  Iteration: 5  Instance: /tb/MyRiscv/u_regfile/MUXA
# ** Warning: NUMERIC_STD.TO_INTEGER: metavalue detected, returning 0
#    Time: 2847480 ns  Iteration: 5  Instance: /tb/MyRiscv/u_regfile/MUXB
# ** Warning: NUMERIC_STD.TO_INTEGER: metavalue detected, returning 0
#    Time: 2847500 ns  Iteration: 5  Instance: /tb/MyRiscv/u_regfile/MUXA
# ** Warning: NUMERIC_STD.TO_INTEGER: metavalue detected, returning 0
#    Time: 2847500 ns  Iteration: 5  Instance: /tb/MyRiscv/u_regfile/MUXB
# ** Warning: NUMERIC_STD.TO_INTEGER: metavalue detected, returning 0
#    Time: 2847520 ns  Iteration: 5  Instance: /tb/MyRiscv/u_regfile/MUXA
# ** Warning: NUMERIC_STD.TO_INTEGER: metavalue detected, returning 0
#    Time: 2847520 ns  Iteration: 5  Instance: /tb/MyRiscv/u_regfile/MUXB
# ** Warning: NUMERIC_STD.TO_INTEGER: metavalue detected, returning 0
#    Time: 2867960 ns  Iteration: 2  Instance: /tb/MyRiscv/u_regfile/MUXB
# ** Warning: NUMERIC_STD.TO_INTEGER: metavalue detected, returning 0
#    Time: 2867960 ns  Iteration: 2  Instance: /tb/MyRiscv/u_regfile/MUXA
# ** Warning: NUMERIC_STD.TO_INTEGER: metavalue detected, returning 0
#    Time: 2867960 ns  Iteration: 5  Instance: /tb/MyRiscv/u_regfile/MUXA
# ** Warning: NUMERIC_STD.TO_INTEGER: metavalue detected, returning 0
#    Time: 2867960 ns  Iteration: 5  Instance: /tb/MyRiscv/u_regfile/MUXB
# ** Warning: NUMERIC_STD.TO_INTEGER: metavalue detected, returning 0
#    Time: 2867980 ns  Iteration: 5  Instance: /tb/MyRiscv/u_regfile/MUXA
# ** Warning: NUMERIC_STD.TO_INTEGER: metavalue detected, returning 0
#    Time: 2867980 ns  Iteration: 5  Instance: /tb/MyRiscv/u_regfile/MUXB
# ** Warning: NUMERIC_STD.TO_INTEGER: metavalue detected, returning 0
#    Time: 2868 us  Iteration: 5  Instance: /tb/MyRiscv/u_regfile/MUXA
# ** Warning: NUMERIC_STD.TO_INTEGER: metavalue detected, returning 0
#    Time: 2868 us  Iteration: 5  Instance: /tb/MyRiscv/u_regfile/MUXB
# ** Warning: NUMERIC_STD.TO_INTEGER: metavalue detected, returning 0
#    Time: 2888440 ns  Iteration: 2  Instance: /tb/MyRiscv/u_regfile/MUXB
# ** Warning: NUMERIC_STD.TO_INTEGER: metavalue detected, returning 0
#    Time: 2888440 ns  Iteration: 2  Instance: /tb/MyRiscv/u_regfile/MUXA
# ** Warning: NUMERIC_STD.TO_INTEGER: metavalue detected, returning 0
#    Time: 2888440 ns  Iteration: 5  Instance: /tb/MyRiscv/u_regfile/MUXA
# ** Warning: NUMERIC_STD.TO_INTEGER: metavalue detected, returning 0
#    Time: 2888440 ns  Iteration: 5  Instance: /tb/MyRiscv/u_regfile/MUXB
# ** Warning: NUMERIC_STD.TO_INTEGER: metavalue detected, returning 0
#    Time: 2888460 ns  Iteration: 5  Instance: /tb/MyRiscv/u_regfile/MUXA
# ** Warning: NUMERIC_STD.TO_INTEGER: metavalue detected, returning 0
#    Time: 2888460 ns  Iteration: 5  Instance: /tb/MyRiscv/u_regfile/MUXB
# ** Warning: NUMERIC_STD.TO_INTEGER: metavalue detected, returning 0
#    Time: 2888480 ns  Iteration: 5  Instance: /tb/MyRiscv/u_regfile/MUXA
# ** Warning: NUMERIC_STD.TO_INTEGER: metavalue detected, returning 0
#    Time: 2888480 ns  Iteration: 5  Instance: /tb/MyRiscv/u_regfile/MUXB
# ** Warning: NUMERIC_STD.TO_INTEGER: metavalue detected, returning 0
#    Time: 2908920 ns  Iteration: 2  Instance: /tb/MyRiscv/u_regfile/MUXB
# ** Warning: NUMERIC_STD.TO_INTEGER: metavalue detected, returning 0
#    Time: 2908920 ns  Iteration: 2  Instance: /tb/MyRiscv/u_regfile/MUXA
# ** Warning: NUMERIC_STD.TO_INTEGER: metavalue detected, returning 0
#    Time: 2908920 ns  Iteration: 5  Instance: /tb/MyRiscv/u_regfile/MUXA
# ** Warning: NUMERIC_STD.TO_INTEGER: metavalue detected, returning 0
#    Time: 2908920 ns  Iteration: 5  Instance: /tb/MyRiscv/u_regfile/MUXB
# ** Warning: NUMERIC_STD.TO_INTEGER: metavalue detected, returning 0
#    Time: 2908940 ns  Iteration: 5  Instance: /tb/MyRiscv/u_regfile/MUXA
# ** Warning: NUMERIC_STD.TO_INTEGER: metavalue detected, returning 0
#    Time: 2908940 ns  Iteration: 5  Instance: /tb/MyRiscv/u_regfile/MUXB
# ** Warning: NUMERIC_STD.TO_INTEGER: metavalue detected, returning 0
#    Time: 2908960 ns  Iteration: 5  Instance: /tb/MyRiscv/u_regfile/MUXA
# ** Warning: NUMERIC_STD.TO_INTEGER: metavalue detected, returning 0
#    Time: 2908960 ns  Iteration: 5  Instance: /tb/MyRiscv/u_regfile/MUXB
# ** Warning: NUMERIC_STD.TO_INTEGER: metavalue detected, returning 0
#    Time: 2929400 ns  Iteration: 2  Instance: /tb/MyRiscv/u_regfile/MUXB
# ** Warning: NUMERIC_STD.TO_INTEGER: metavalue detected, returning 0
#    Time: 2929400 ns  Iteration: 2  Instance: /tb/MyRiscv/u_regfile/MUXA
# ** Warning: NUMERIC_STD.TO_INTEGER: metavalue detected, returning 0
#    Time: 2929400 ns  Iteration: 5  Instance: /tb/MyRiscv/u_regfile/MUXA
# ** Warning: NUMERIC_STD.TO_INTEGER: metavalue detected, returning 0
#    Time: 2929400 ns  Iteration: 5  Instance: /tb/MyRiscv/u_regfile/MUXB
# ** Warning: NUMERIC_STD.TO_INTEGER: metavalue detected, returning 0
#    Time: 2929420 ns  Iteration: 5  Instance: /tb/MyRiscv/u_regfile/MUXA
# ** Warning: NUMERIC_STD.TO_INTEGER: metavalue detected, returning 0
#    Time: 2929420 ns  Iteration: 5  Instance: /tb/MyRiscv/u_regfile/MUXB
# ** Warning: NUMERIC_STD.TO_INTEGER: metavalue detected, returning 0
#    Time: 2929440 ns  Iteration: 5  Instance: /tb/MyRiscv/u_regfile/MUXA
# ** Warning: NUMERIC_STD.TO_INTEGER: metavalue detected, returning 0
#    Time: 2929440 ns  Iteration: 5  Instance: /tb/MyRiscv/u_regfile/MUXB
# ** Warning: NUMERIC_STD.TO_INTEGER: metavalue detected, returning 0
#    Time: 2949880 ns  Iteration: 2  Instance: /tb/MyRiscv/u_regfile/MUXB
# ** Warning: NUMERIC_STD.TO_INTEGER: metavalue detected, returning 0
#    Time: 2949880 ns  Iteration: 2  Instance: /tb/MyRiscv/u_regfile/MUXA
# ** Warning: NUMERIC_STD.TO_INTEGER: metavalue detected, returning 0
#    Time: 2949880 ns  Iteration: 5  Instance: /tb/MyRiscv/u_regfile/MUXA
# ** Warning: NUMERIC_STD.TO_INTEGER: metavalue detected, returning 0
#    Time: 2949880 ns  Iteration: 5  Instance: /tb/MyRiscv/u_regfile/MUXB
# ** Warning: NUMERIC_STD.TO_INTEGER: metavalue detected, returning 0
#    Time: 2949900 ns  Iteration: 5  Instance: /tb/MyRiscv/u_regfile/MUXA
# ** Warning: NUMERIC_STD.TO_INTEGER: metavalue detected, returning 0
#    Time: 2949900 ns  Iteration: 5  Instance: /tb/MyRiscv/u_regfile/MUXB
# ** Warning: NUMERIC_STD.TO_INTEGER: metavalue detected, returning 0
#    Time: 2949920 ns  Iteration: 5  Instance: /tb/MyRiscv/u_regfile/MUXA
# ** Warning: NUMERIC_STD.TO_INTEGER: metavalue detected, returning 0
#    Time: 2949920 ns  Iteration: 5  Instance: /tb/MyRiscv/u_regfile/MUXB
# ** Warning: NUMERIC_STD.TO_INTEGER: metavalue detected, returning 0
#    Time: 2970360 ns  Iteration: 2  Instance: /tb/MyRiscv/u_regfile/MUXB
# ** Warning: NUMERIC_STD.TO_INTEGER: metavalue detected, returning 0
#    Time: 2970360 ns  Iteration: 2  Instance: /tb/MyRiscv/u_regfile/MUXA
# ** Warning: NUMERIC_STD.TO_INTEGER: metavalue detected, returning 0
#    Time: 2970360 ns  Iteration: 5  Instance: /tb/MyRiscv/u_regfile/MUXA
# ** Warning: NUMERIC_STD.TO_INTEGER: metavalue detected, returning 0
#    Time: 2970360 ns  Iteration: 5  Instance: /tb/MyRiscv/u_regfile/MUXB
# ** Warning: NUMERIC_STD.TO_INTEGER: metavalue detected, returning 0
#    Time: 2970380 ns  Iteration: 5  Instance: /tb/MyRiscv/u_regfile/MUXA
# ** Warning: NUMERIC_STD.TO_INTEGER: metavalue detected, returning 0
#    Time: 2970380 ns  Iteration: 5  Instance: /tb/MyRiscv/u_regfile/MUXB
# ** Warning: NUMERIC_STD.TO_INTEGER: metavalue detected, returning 0
#    Time: 2970400 ns  Iteration: 5  Instance: /tb/MyRiscv/u_regfile/MUXA
# ** Warning: NUMERIC_STD.TO_INTEGER: metavalue detected, returning 0
#    Time: 2970400 ns  Iteration: 5  Instance: /tb/MyRiscv/u_regfile/MUXB
# ** Warning: NUMERIC_STD.TO_INTEGER: metavalue detected, returning 0
#    Time: 2990840 ns  Iteration: 2  Instance: /tb/MyRiscv/u_regfile/MUXB
# ** Warning: NUMERIC_STD.TO_INTEGER: metavalue detected, returning 0
#    Time: 2990840 ns  Iteration: 2  Instance: /tb/MyRiscv/u_regfile/MUXA
# ** Warning: NUMERIC_STD.TO_INTEGER: metavalue detected, returning 0
#    Time: 2990840 ns  Iteration: 5  Instance: /tb/MyRiscv/u_regfile/MUXA
# ** Warning: NUMERIC_STD.TO_INTEGER: metavalue detected, returning 0
#    Time: 2990840 ns  Iteration: 5  Instance: /tb/MyRiscv/u_regfile/MUXB
# ** Warning: NUMERIC_STD.TO_INTEGER: metavalue detected, returning 0
#    Time: 2990860 ns  Iteration: 5  Instance: /tb/MyRiscv/u_regfile/MUXA
# ** Warning: NUMERIC_STD.TO_INTEGER: metavalue detected, returning 0
#    Time: 2990860 ns  Iteration: 5  Instance: /tb/MyRiscv/u_regfile/MUXB
# ** Warning: NUMERIC_STD.TO_INTEGER: metavalue detected, returning 0
#    Time: 2990880 ns  Iteration: 5  Instance: /tb/MyRiscv/u_regfile/MUXA
# ** Warning: NUMERIC_STD.TO_INTEGER: metavalue detected, returning 0
#    Time: 2990880 ns  Iteration: 5  Instance: /tb/MyRiscv/u_regfile/MUXB
# ** Warning: NUMERIC_STD.TO_INTEGER: metavalue detected, returning 0
#    Time: 3011320 ns  Iteration: 2  Instance: /tb/MyRiscv/u_regfile/MUXB
# ** Warning: NUMERIC_STD.TO_INTEGER: metavalue detected, returning 0
#    Time: 3011320 ns  Iteration: 2  Instance: /tb/MyRiscv/u_regfile/MUXA
# ** Warning: NUMERIC_STD.TO_INTEGER: metavalue detected, returning 0
#    Time: 3011320 ns  Iteration: 5  Instance: /tb/MyRiscv/u_regfile/MUXA
# ** Warning: NUMERIC_STD.TO_INTEGER: metavalue detected, returning 0
#    Time: 3011320 ns  Iteration: 5  Instance: /tb/MyRiscv/u_regfile/MUXB
# ** Warning: NUMERIC_STD.TO_INTEGER: metavalue detected, returning 0
#    Time: 3011340 ns  Iteration: 5  Instance: /tb/MyRiscv/u_regfile/MUXA
# ** Warning: NUMERIC_STD.TO_INTEGER: metavalue detected, returning 0
#    Time: 3011340 ns  Iteration: 5  Instance: /tb/MyRiscv/u_regfile/MUXB
# ** Warning: NUMERIC_STD.TO_INTEGER: metavalue detected, returning 0
#    Time: 3011360 ns  Iteration: 5  Instance: /tb/MyRiscv/u_regfile/MUXA
# ** Warning: NUMERIC_STD.TO_INTEGER: metavalue detected, returning 0
#    Time: 3011360 ns  Iteration: 5  Instance: /tb/MyRiscv/u_regfile/MUXB
# ** Warning: NUMERIC_STD.TO_INTEGER: metavalue detected, returning 0
#    Time: 3031800 ns  Iteration: 2  Instance: /tb/MyRiscv/u_regfile/MUXB
# ** Warning: NUMERIC_STD.TO_INTEGER: metavalue detected, returning 0
#    Time: 3031800 ns  Iteration: 2  Instance: /tb/MyRiscv/u_regfile/MUXA
# ** Warning: NUMERIC_STD.TO_INTEGER: metavalue detected, returning 0
#    Time: 3031800 ns  Iteration: 5  Instance: /tb/MyRiscv/u_regfile/MUXA
# ** Warning: NUMERIC_STD.TO_INTEGER: metavalue detected, returning 0
#    Time: 3031800 ns  Iteration: 5  Instance: /tb/MyRiscv/u_regfile/MUXB
# ** Warning: NUMERIC_STD.TO_INTEGER: metavalue detected, returning 0
#    Time: 3031820 ns  Iteration: 5  Instance: /tb/MyRiscv/u_regfile/MUXA
# ** Warning: NUMERIC_STD.TO_INTEGER: metavalue detected, returning 0
#    Time: 3031820 ns  Iteration: 5  Instance: /tb/MyRiscv/u_regfile/MUXB
# ** Warning: NUMERIC_STD.TO_INTEGER: metavalue detected, returning 0
#    Time: 3031840 ns  Iteration: 5  Instance: /tb/MyRiscv/u_regfile/MUXA
# ** Warning: NUMERIC_STD.TO_INTEGER: metavalue detected, returning 0
#    Time: 3031840 ns  Iteration: 5  Instance: /tb/MyRiscv/u_regfile/MUXB
# ** Warning: NUMERIC_STD.TO_INTEGER: metavalue detected, returning 0
#    Time: 3052280 ns  Iteration: 2  Instance: /tb/MyRiscv/u_regfile/MUXB
# ** Warning: NUMERIC_STD.TO_INTEGER: metavalue detected, returning 0
#    Time: 3052280 ns  Iteration: 2  Instance: /tb/MyRiscv/u_regfile/MUXA
# ** Warning: NUMERIC_STD.TO_INTEGER: metavalue detected, returning 0
#    Time: 3052280 ns  Iteration: 5  Instance: /tb/MyRiscv/u_regfile/MUXA
# ** Warning: NUMERIC_STD.TO_INTEGER: metavalue detected, returning 0
#    Time: 3052280 ns  Iteration: 5  Instance: /tb/MyRiscv/u_regfile/MUXB
# ** Warning: NUMERIC_STD.TO_INTEGER: metavalue detected, returning 0
#    Time: 3052300 ns  Iteration: 5  Instance: /tb/MyRiscv/u_regfile/MUXA
# ** Warning: NUMERIC_STD.TO_INTEGER: metavalue detected, returning 0
#    Time: 3052300 ns  Iteration: 5  Instance: /tb/MyRiscv/u_regfile/MUXB
# ** Warning: NUMERIC_STD.TO_INTEGER: metavalue detected, returning 0
#    Time: 3052320 ns  Iteration: 5  Instance: /tb/MyRiscv/u_regfile/MUXA
# ** Warning: NUMERIC_STD.TO_INTEGER: metavalue detected, returning 0
#    Time: 3052320 ns  Iteration: 5  Instance: /tb/MyRiscv/u_regfile/MUXB
# ** Warning: NUMERIC_STD.TO_INTEGER: metavalue detected, returning 0
#    Time: 3072760 ns  Iteration: 2  Instance: /tb/MyRiscv/u_regfile/MUXB
# ** Warning: NUMERIC_STD.TO_INTEGER: metavalue detected, returning 0
#    Time: 3072760 ns  Iteration: 2  Instance: /tb/MyRiscv/u_regfile/MUXA
# ** Warning: NUMERIC_STD.TO_INTEGER: metavalue detected, returning 0
#    Time: 3072760 ns  Iteration: 5  Instance: /tb/MyRiscv/u_regfile/MUXA
# ** Warning: NUMERIC_STD.TO_INTEGER: metavalue detected, returning 0
#    Time: 3072760 ns  Iteration: 5  Instance: /tb/MyRiscv/u_regfile/MUXB
# ** Warning: NUMERIC_STD.TO_INTEGER: metavalue detected, returning 0
#    Time: 3072780 ns  Iteration: 5  Instance: /tb/MyRiscv/u_regfile/MUXA
# ** Warning: NUMERIC_STD.TO_INTEGER: metavalue detected, returning 0
#    Time: 3072780 ns  Iteration: 5  Instance: /tb/MyRiscv/u_regfile/MUXB
# ** Warning: NUMERIC_STD.TO_INTEGER: metavalue detected, returning 0
#    Time: 3072800 ns  Iteration: 5  Instance: /tb/MyRiscv/u_regfile/MUXA
# ** Warning: NUMERIC_STD.TO_INTEGER: metavalue detected, returning 0
#    Time: 3072800 ns  Iteration: 5  Instance: /tb/MyRiscv/u_regfile/MUXB
# ** Warning: NUMERIC_STD.TO_INTEGER: metavalue detected, returning 0
#    Time: 3093240 ns  Iteration: 2  Instance: /tb/MyRiscv/u_regfile/MUXB
# ** Warning: NUMERIC_STD.TO_INTEGER: metavalue detected, returning 0
#    Time: 3093240 ns  Iteration: 2  Instance: /tb/MyRiscv/u_regfile/MUXA
# ** Warning: NUMERIC_STD.TO_INTEGER: metavalue detected, returning 0
#    Time: 3093240 ns  Iteration: 5  Instance: /tb/MyRiscv/u_regfile/MUXA
# ** Warning: NUMERIC_STD.TO_INTEGER: metavalue detected, returning 0
#    Time: 3093240 ns  Iteration: 5  Instance: /tb/MyRiscv/u_regfile/MUXB
# ** Warning: NUMERIC_STD.TO_INTEGER: metavalue detected, returning 0
#    Time: 3093260 ns  Iteration: 5  Instance: /tb/MyRiscv/u_regfile/MUXA
# ** Warning: NUMERIC_STD.TO_INTEGER: metavalue detected, returning 0
#    Time: 3093260 ns  Iteration: 5  Instance: /tb/MyRiscv/u_regfile/MUXB
# ** Warning: NUMERIC_STD.TO_INTEGER: metavalue detected, returning 0
#    Time: 3093280 ns  Iteration: 5  Instance: /tb/MyRiscv/u_regfile/MUXA
# ** Warning: NUMERIC_STD.TO_INTEGER: metavalue detected, returning 0
#    Time: 3093280 ns  Iteration: 5  Instance: /tb/MyRiscv/u_regfile/MUXB
# ** Warning: NUMERIC_STD.TO_INTEGER: metavalue detected, returning 0
#    Time: 3113720 ns  Iteration: 2  Instance: /tb/MyRiscv/u_regfile/MUXB
# ** Warning: NUMERIC_STD.TO_INTEGER: metavalue detected, returning 0
#    Time: 3113720 ns  Iteration: 2  Instance: /tb/MyRiscv/u_regfile/MUXA
# ** Warning: NUMERIC_STD.TO_INTEGER: metavalue detected, returning 0
#    Time: 3113720 ns  Iteration: 5  Instance: /tb/MyRiscv/u_regfile/MUXA
# ** Warning: NUMERIC_STD.TO_INTEGER: metavalue detected, returning 0
#    Time: 3113720 ns  Iteration: 5  Instance: /tb/MyRiscv/u_regfile/MUXB
# ** Warning: NUMERIC_STD.TO_INTEGER: metavalue detected, returning 0
#    Time: 3113740 ns  Iteration: 5  Instance: /tb/MyRiscv/u_regfile/MUXA
# ** Warning: NUMERIC_STD.TO_INTEGER: metavalue detected, returning 0
#    Time: 3113740 ns  Iteration: 5  Instance: /tb/MyRiscv/u_regfile/MUXB
# ** Warning: NUMERIC_STD.TO_INTEGER: metavalue detected, returning 0
#    Time: 3113760 ns  Iteration: 5  Instance: /tb/MyRiscv/u_regfile/MUXA
# ** Warning: NUMERIC_STD.TO_INTEGER: metavalue detected, returning 0
#    Time: 3113760 ns  Iteration: 5  Instance: /tb/MyRiscv/u_regfile/MUXB
# ** Warning: NUMERIC_STD.TO_INTEGER: metavalue detected, returning 0
#    Time: 3134200 ns  Iteration: 2  Instance: /tb/MyRiscv/u_regfile/MUXB
# ** Warning: NUMERIC_STD.TO_INTEGER: metavalue detected, returning 0
#    Time: 3134200 ns  Iteration: 2  Instance: /tb/MyRiscv/u_regfile/MUXA
# ** Warning: NUMERIC_STD.TO_INTEGER: metavalue detected, returning 0
#    Time: 3134200 ns  Iteration: 5  Instance: /tb/MyRiscv/u_regfile/MUXA
# ** Warning: NUMERIC_STD.TO_INTEGER: metavalue detected, returning 0
#    Time: 3134200 ns  Iteration: 5  Instance: /tb/MyRiscv/u_regfile/MUXB
# ** Warning: NUMERIC_STD.TO_INTEGER: metavalue detected, returning 0
#    Time: 3134220 ns  Iteration: 5  Instance: /tb/MyRiscv/u_regfile/MUXA
# ** Warning: NUMERIC_STD.TO_INTEGER: metavalue detected, returning 0
#    Time: 3134220 ns  Iteration: 5  Instance: /tb/MyRiscv/u_regfile/MUXB
# ** Warning: NUMERIC_STD.TO_INTEGER: metavalue detected, returning 0
#    Time: 3134240 ns  Iteration: 5  Instance: /tb/MyRiscv/u_regfile/MUXA
# ** Warning: NUMERIC_STD.TO_INTEGER: metavalue detected, returning 0
#    Time: 3134240 ns  Iteration: 5  Instance: /tb/MyRiscv/u_regfile/MUXB
# ** Warning: NUMERIC_STD.TO_INTEGER: metavalue detected, returning 0
#    Time: 3154680 ns  Iteration: 2  Instance: /tb/MyRiscv/u_regfile/MUXB
# ** Warning: NUMERIC_STD.TO_INTEGER: metavalue detected, returning 0
#    Time: 3154680 ns  Iteration: 2  Instance: /tb/MyRiscv/u_regfile/MUXA
# ** Warning: NUMERIC_STD.TO_INTEGER: metavalue detected, returning 0
#    Time: 3154680 ns  Iteration: 5  Instance: /tb/MyRiscv/u_regfile/MUXA
# ** Warning: NUMERIC_STD.TO_INTEGER: metavalue detected, returning 0
#    Time: 3154680 ns  Iteration: 5  Instance: /tb/MyRiscv/u_regfile/MUXB
# ** Warning: NUMERIC_STD.TO_INTEGER: metavalue detected, returning 0
#    Time: 3154700 ns  Iteration: 5  Instance: /tb/MyRiscv/u_regfile/MUXA
# ** Warning: NUMERIC_STD.TO_INTEGER: metavalue detected, returning 0
#    Time: 3154700 ns  Iteration: 5  Instance: /tb/MyRiscv/u_regfile/MUXB
# ** Warning: NUMERIC_STD.TO_INTEGER: metavalue detected, returning 0
#    Time: 3154720 ns  Iteration: 5  Instance: /tb/MyRiscv/u_regfile/MUXA
# ** Warning: NUMERIC_STD.TO_INTEGER: metavalue detected, returning 0
#    Time: 3154720 ns  Iteration: 5  Instance: /tb/MyRiscv/u_regfile/MUXB
# ** Warning: NUMERIC_STD.TO_INTEGER: metavalue detected, returning 0
#    Time: 3175160 ns  Iteration: 2  Instance: /tb/MyRiscv/u_regfile/MUXB
# ** Warning: NUMERIC_STD.TO_INTEGER: metavalue detected, returning 0
#    Time: 3175160 ns  Iteration: 2  Instance: /tb/MyRiscv/u_regfile/MUXA
# ** Warning: NUMERIC_STD.TO_INTEGER: metavalue detected, returning 0
#    Time: 3175160 ns  Iteration: 5  Instance: /tb/MyRiscv/u_regfile/MUXA
# ** Warning: NUMERIC_STD.TO_INTEGER: metavalue detected, returning 0
#    Time: 3175160 ns  Iteration: 5  Instance: /tb/MyRiscv/u_regfile/MUXB
# ** Warning: NUMERIC_STD.TO_INTEGER: metavalue detected, returning 0
#    Time: 3175180 ns  Iteration: 5  Instance: /tb/MyRiscv/u_regfile/MUXA
# ** Warning: NUMERIC_STD.TO_INTEGER: metavalue detected, returning 0
#    Time: 3175180 ns  Iteration: 5  Instance: /tb/MyRiscv/u_regfile/MUXB
# ** Warning: NUMERIC_STD.TO_INTEGER: metavalue detected, returning 0
#    Time: 3175200 ns  Iteration: 5  Instance: /tb/MyRiscv/u_regfile/MUXA
# ** Warning: NUMERIC_STD.TO_INTEGER: metavalue detected, returning 0
#    Time: 3175200 ns  Iteration: 5  Instance: /tb/MyRiscv/u_regfile/MUXB
# ** Warning: NUMERIC_STD.TO_INTEGER: metavalue detected, returning 0
#    Time: 3195640 ns  Iteration: 2  Instance: /tb/MyRiscv/u_regfile/MUXB
# ** Warning: NUMERIC_STD.TO_INTEGER: metavalue detected, returning 0
#    Time: 3195640 ns  Iteration: 2  Instance: /tb/MyRiscv/u_regfile/MUXA
# ** Warning: NUMERIC_STD.TO_INTEGER: metavalue detected, returning 0
#    Time: 3195640 ns  Iteration: 5  Instance: /tb/MyRiscv/u_regfile/MUXA
# ** Warning: NUMERIC_STD.TO_INTEGER: metavalue detected, returning 0
#    Time: 3195640 ns  Iteration: 5  Instance: /tb/MyRiscv/u_regfile/MUXB
# ** Warning: NUMERIC_STD.TO_INTEGER: metavalue detected, returning 0
#    Time: 3195660 ns  Iteration: 5  Instance: /tb/MyRiscv/u_regfile/MUXA
# ** Warning: NUMERIC_STD.TO_INTEGER: metavalue detected, returning 0
#    Time: 3195660 ns  Iteration: 5  Instance: /tb/MyRiscv/u_regfile/MUXB
# ** Warning: NUMERIC_STD.TO_INTEGER: metavalue detected, returning 0
#    Time: 3195680 ns  Iteration: 5  Instance: /tb/MyRiscv/u_regfile/MUXA
# ** Warning: NUMERIC_STD.TO_INTEGER: metavalue detected, returning 0
#    Time: 3195680 ns  Iteration: 5  Instance: /tb/MyRiscv/u_regfile/MUXB
# ** Warning: NUMERIC_STD.TO_INTEGER: metavalue detected, returning 0
#    Time: 3216120 ns  Iteration: 2  Instance: /tb/MyRiscv/u_regfile/MUXB
# ** Warning: NUMERIC_STD.TO_INTEGER: metavalue detected, returning 0
#    Time: 3216120 ns  Iteration: 2  Instance: /tb/MyRiscv/u_regfile/MUXA
# ** Warning: NUMERIC_STD.TO_INTEGER: metavalue detected, returning 0
#    Time: 3216120 ns  Iteration: 5  Instance: /tb/MyRiscv/u_regfile/MUXA
# ** Warning: NUMERIC_STD.TO_INTEGER: metavalue detected, returning 0
#    Time: 3216120 ns  Iteration: 5  Instance: /tb/MyRiscv/u_regfile/MUXB
# ** Warning: NUMERIC_STD.TO_INTEGER: metavalue detected, returning 0
#    Time: 3216140 ns  Iteration: 5  Instance: /tb/MyRiscv/u_regfile/MUXA
# ** Warning: NUMERIC_STD.TO_INTEGER: metavalue detected, returning 0
#    Time: 3216140 ns  Iteration: 5  Instance: /tb/MyRiscv/u_regfile/MUXB
# ** Warning: NUMERIC_STD.TO_INTEGER: metavalue detected, returning 0
#    Time: 3216160 ns  Iteration: 5  Instance: /tb/MyRiscv/u_regfile/MUXA
# ** Warning: NUMERIC_STD.TO_INTEGER: metavalue detected, returning 0
#    Time: 3216160 ns  Iteration: 5  Instance: /tb/MyRiscv/u_regfile/MUXB
# ** Warning: NUMERIC_STD.TO_INTEGER: metavalue detected, returning 0
#    Time: 3236600 ns  Iteration: 2  Instance: /tb/MyRiscv/u_regfile/MUXB
# ** Warning: NUMERIC_STD.TO_INTEGER: metavalue detected, returning 0
#    Time: 3236600 ns  Iteration: 2  Instance: /tb/MyRiscv/u_regfile/MUXA
# ** Warning: NUMERIC_STD.TO_INTEGER: metavalue detected, returning 0
#    Time: 3236600 ns  Iteration: 5  Instance: /tb/MyRiscv/u_regfile/MUXA
# ** Warning: NUMERIC_STD.TO_INTEGER: metavalue detected, returning 0
#    Time: 3236600 ns  Iteration: 5  Instance: /tb/MyRiscv/u_regfile/MUXB
# ** Warning: NUMERIC_STD.TO_INTEGER: metavalue detected, returning 0
#    Time: 3236620 ns  Iteration: 5  Instance: /tb/MyRiscv/u_regfile/MUXA
# ** Warning: NUMERIC_STD.TO_INTEGER: metavalue detected, returning 0
#    Time: 3236620 ns  Iteration: 5  Instance: /tb/MyRiscv/u_regfile/MUXB
# ** Warning: NUMERIC_STD.TO_INTEGER: metavalue detected, returning 0
#    Time: 3236640 ns  Iteration: 5  Instance: /tb/MyRiscv/u_regfile/MUXA
# ** Warning: NUMERIC_STD.TO_INTEGER: metavalue detected, returning 0
#    Time: 3236640 ns  Iteration: 5  Instance: /tb/MyRiscv/u_regfile/MUXB
# ** Warning: NUMERIC_STD.TO_INTEGER: metavalue detected, returning 0
#    Time: 3257080 ns  Iteration: 2  Instance: /tb/MyRiscv/u_regfile/MUXB
# ** Warning: NUMERIC_STD.TO_INTEGER: metavalue detected, returning 0
#    Time: 3257080 ns  Iteration: 2  Instance: /tb/MyRiscv/u_regfile/MUXA
# ** Warning: NUMERIC_STD.TO_INTEGER: metavalue detected, returning 0
#    Time: 3257080 ns  Iteration: 5  Instance: /tb/MyRiscv/u_regfile/MUXA
# ** Warning: NUMERIC_STD.TO_INTEGER: metavalue detected, returning 0
#    Time: 3257080 ns  Iteration: 5  Instance: /tb/MyRiscv/u_regfile/MUXB
# ** Warning: NUMERIC_STD.TO_INTEGER: metavalue detected, returning 0
#    Time: 3257100 ns  Iteration: 5  Instance: /tb/MyRiscv/u_regfile/MUXA
# ** Warning: NUMERIC_STD.TO_INTEGER: metavalue detected, returning 0
#    Time: 3257100 ns  Iteration: 5  Instance: /tb/MyRiscv/u_regfile/MUXB
# ** Warning: NUMERIC_STD.TO_INTEGER: metavalue detected, returning 0
#    Time: 3257120 ns  Iteration: 5  Instance: /tb/MyRiscv/u_regfile/MUXA
# ** Warning: NUMERIC_STD.TO_INTEGER: metavalue detected, returning 0
#    Time: 3257120 ns  Iteration: 5  Instance: /tb/MyRiscv/u_regfile/MUXB
# ** Warning: NUMERIC_STD.TO_INTEGER: metavalue detected, returning 0
#    Time: 3277560 ns  Iteration: 2  Instance: /tb/MyRiscv/u_regfile/MUXB
# ** Warning: NUMERIC_STD.TO_INTEGER: metavalue detected, returning 0
#    Time: 3277560 ns  Iteration: 2  Instance: /tb/MyRiscv/u_regfile/MUXA
# ** Warning: NUMERIC_STD.TO_INTEGER: metavalue detected, returning 0
#    Time: 3277560 ns  Iteration: 5  Instance: /tb/MyRiscv/u_regfile/MUXA
# ** Warning: NUMERIC_STD.TO_INTEGER: metavalue detected, returning 0
#    Time: 3277560 ns  Iteration: 5  Instance: /tb/MyRiscv/u_regfile/MUXB
# ** Warning: NUMERIC_STD.TO_INTEGER: metavalue detected, returning 0
#    Time: 3277580 ns  Iteration: 5  Instance: /tb/MyRiscv/u_regfile/MUXA
# ** Warning: NUMERIC_STD.TO_INTEGER: metavalue detected, returning 0
#    Time: 3277580 ns  Iteration: 5  Instance: /tb/MyRiscv/u_regfile/MUXB
# ** Warning: NUMERIC_STD.TO_INTEGER: metavalue detected, returning 0
#    Time: 3277600 ns  Iteration: 5  Instance: /tb/MyRiscv/u_regfile/MUXA
# ** Warning: NUMERIC_STD.TO_INTEGER: metavalue detected, returning 0
#    Time: 3277600 ns  Iteration: 5  Instance: /tb/MyRiscv/u_regfile/MUXB
# ** Warning: NUMERIC_STD.TO_INTEGER: metavalue detected, returning 0
#    Time: 3298040 ns  Iteration: 2  Instance: /tb/MyRiscv/u_regfile/MUXB
# ** Warning: NUMERIC_STD.TO_INTEGER: metavalue detected, returning 0
#    Time: 3298040 ns  Iteration: 2  Instance: /tb/MyRiscv/u_regfile/MUXA
# ** Warning: NUMERIC_STD.TO_INTEGER: metavalue detected, returning 0
#    Time: 3298040 ns  Iteration: 5  Instance: /tb/MyRiscv/u_regfile/MUXA
# ** Warning: NUMERIC_STD.TO_INTEGER: metavalue detected, returning 0
#    Time: 3298040 ns  Iteration: 5  Instance: /tb/MyRiscv/u_regfile/MUXB
# ** Warning: NUMERIC_STD.TO_INTEGER: metavalue detected, returning 0
#    Time: 3298060 ns  Iteration: 5  Instance: /tb/MyRiscv/u_regfile/MUXA
# ** Warning: NUMERIC_STD.TO_INTEGER: metavalue detected, returning 0
#    Time: 3298060 ns  Iteration: 5  Instance: /tb/MyRiscv/u_regfile/MUXB
# ** Warning: NUMERIC_STD.TO_INTEGER: metavalue detected, returning 0
#    Time: 3298080 ns  Iteration: 5  Instance: /tb/MyRiscv/u_regfile/MUXA
# ** Warning: NUMERIC_STD.TO_INTEGER: metavalue detected, returning 0
#    Time: 3298080 ns  Iteration: 5  Instance: /tb/MyRiscv/u_regfile/MUXB
# ** Warning: NUMERIC_STD.TO_INTEGER: metavalue detected, returning 0
#    Time: 3318520 ns  Iteration: 2  Instance: /tb/MyRiscv/u_regfile/MUXB
# ** Warning: NUMERIC_STD.TO_INTEGER: metavalue detected, returning 0
#    Time: 3318520 ns  Iteration: 2  Instance: /tb/MyRiscv/u_regfile/MUXA
# ** Warning: NUMERIC_STD.TO_INTEGER: metavalue detected, returning 0
#    Time: 3318520 ns  Iteration: 5  Instance: /tb/MyRiscv/u_regfile/MUXA
# ** Warning: NUMERIC_STD.TO_INTEGER: metavalue detected, returning 0
#    Time: 3318520 ns  Iteration: 5  Instance: /tb/MyRiscv/u_regfile/MUXB
# ** Warning: NUMERIC_STD.TO_INTEGER: metavalue detected, returning 0
#    Time: 3318540 ns  Iteration: 5  Instance: /tb/MyRiscv/u_regfile/MUXA
# ** Warning: NUMERIC_STD.TO_INTEGER: metavalue detected, returning 0
#    Time: 3318540 ns  Iteration: 5  Instance: /tb/MyRiscv/u_regfile/MUXB
# ** Warning: NUMERIC_STD.TO_INTEGER: metavalue detected, returning 0
#    Time: 3318560 ns  Iteration: 5  Instance: /tb/MyRiscv/u_regfile/MUXA
# ** Warning: NUMERIC_STD.TO_INTEGER: metavalue detected, returning 0
#    Time: 3318560 ns  Iteration: 5  Instance: /tb/MyRiscv/u_regfile/MUXB
# ** Warning: NUMERIC_STD.TO_INTEGER: metavalue detected, returning 0
#    Time: 3339 us  Iteration: 2  Instance: /tb/MyRiscv/u_regfile/MUXB
# ** Warning: NUMERIC_STD.TO_INTEGER: metavalue detected, returning 0
#    Time: 3339 us  Iteration: 2  Instance: /tb/MyRiscv/u_regfile/MUXA
# ** Warning: NUMERIC_STD.TO_INTEGER: metavalue detected, returning 0
#    Time: 3339 us  Iteration: 5  Instance: /tb/MyRiscv/u_regfile/MUXA
# ** Warning: NUMERIC_STD.TO_INTEGER: metavalue detected, returning 0
#    Time: 3339 us  Iteration: 5  Instance: /tb/MyRiscv/u_regfile/MUXB
# ** Warning: NUMERIC_STD.TO_INTEGER: metavalue detected, returning 0
#    Time: 3339020 ns  Iteration: 5  Instance: /tb/MyRiscv/u_regfile/MUXA
# ** Warning: NUMERIC_STD.TO_INTEGER: metavalue detected, returning 0
#    Time: 3339020 ns  Iteration: 5  Instance: /tb/MyRiscv/u_regfile/MUXB
# ** Warning: NUMERIC_STD.TO_INTEGER: metavalue detected, returning 0
#    Time: 3339040 ns  Iteration: 5  Instance: /tb/MyRiscv/u_regfile/MUXA
# ** Warning: NUMERIC_STD.TO_INTEGER: metavalue detected, returning 0
#    Time: 3339040 ns  Iteration: 5  Instance: /tb/MyRiscv/u_regfile/MUXB
# ** Warning: NUMERIC_STD.TO_INTEGER: metavalue detected, returning 0
#    Time: 3359480 ns  Iteration: 2  Instance: /tb/MyRiscv/u_regfile/MUXB
# ** Warning: NUMERIC_STD.TO_INTEGER: metavalue detected, returning 0
#    Time: 3359480 ns  Iteration: 2  Instance: /tb/MyRiscv/u_regfile/MUXA
# ** Warning: NUMERIC_STD.TO_INTEGER: metavalue detected, returning 0
#    Time: 3359480 ns  Iteration: 5  Instance: /tb/MyRiscv/u_regfile/MUXA
# ** Warning: NUMERIC_STD.TO_INTEGER: metavalue detected, returning 0
#    Time: 3359480 ns  Iteration: 5  Instance: /tb/MyRiscv/u_regfile/MUXB
# ** Warning: NUMERIC_STD.TO_INTEGER: metavalue detected, returning 0
#    Time: 3359500 ns  Iteration: 5  Instance: /tb/MyRiscv/u_regfile/MUXA
# ** Warning: NUMERIC_STD.TO_INTEGER: metavalue detected, returning 0
#    Time: 3359500 ns  Iteration: 5  Instance: /tb/MyRiscv/u_regfile/MUXB
# ** Warning: NUMERIC_STD.TO_INTEGER: metavalue detected, returning 0
#    Time: 3359520 ns  Iteration: 5  Instance: /tb/MyRiscv/u_regfile/MUXA
# ** Warning: NUMERIC_STD.TO_INTEGER: metavalue detected, returning 0
#    Time: 3359520 ns  Iteration: 5  Instance: /tb/MyRiscv/u_regfile/MUXB
# ** Warning: NUMERIC_STD.TO_INTEGER: metavalue detected, returning 0
#    Time: 3379960 ns  Iteration: 2  Instance: /tb/MyRiscv/u_regfile/MUXB
# ** Warning: NUMERIC_STD.TO_INTEGER: metavalue detected, returning 0
#    Time: 3379960 ns  Iteration: 2  Instance: /tb/MyRiscv/u_regfile/MUXA
# ** Warning: NUMERIC_STD.TO_INTEGER: metavalue detected, returning 0
#    Time: 3379960 ns  Iteration: 5  Instance: /tb/MyRiscv/u_regfile/MUXA
# ** Warning: NUMERIC_STD.TO_INTEGER: metavalue detected, returning 0
#    Time: 3379960 ns  Iteration: 5  Instance: /tb/MyRiscv/u_regfile/MUXB
# ** Warning: NUMERIC_STD.TO_INTEGER: metavalue detected, returning 0
#    Time: 3379980 ns  Iteration: 5  Instance: /tb/MyRiscv/u_regfile/MUXA
# ** Warning: NUMERIC_STD.TO_INTEGER: metavalue detected, returning 0
#    Time: 3379980 ns  Iteration: 5  Instance: /tb/MyRiscv/u_regfile/MUXB
# ** Warning: NUMERIC_STD.TO_INTEGER: metavalue detected, returning 0
#    Time: 3380 us  Iteration: 5  Instance: /tb/MyRiscv/u_regfile/MUXA
# ** Warning: NUMERIC_STD.TO_INTEGER: metavalue detected, returning 0
#    Time: 3380 us  Iteration: 5  Instance: /tb/MyRiscv/u_regfile/MUXB
# ** Warning: NUMERIC_STD.TO_INTEGER: metavalue detected, returning 0
#    Time: 3400440 ns  Iteration: 2  Instance: /tb/MyRiscv/u_regfile/MUXB
# ** Warning: NUMERIC_STD.TO_INTEGER: metavalue detected, returning 0
#    Time: 3400440 ns  Iteration: 2  Instance: /tb/MyRiscv/u_regfile/MUXA
# ** Warning: NUMERIC_STD.TO_INTEGER: metavalue detected, returning 0
#    Time: 3400440 ns  Iteration: 5  Instance: /tb/MyRiscv/u_regfile/MUXA
# ** Warning: NUMERIC_STD.TO_INTEGER: metavalue detected, returning 0
#    Time: 3400440 ns  Iteration: 5  Instance: /tb/MyRiscv/u_regfile/MUXB
# ** Warning: NUMERIC_STD.TO_INTEGER: metavalue detected, returning 0
#    Time: 3400460 ns  Iteration: 5  Instance: /tb/MyRiscv/u_regfile/MUXA
# ** Warning: NUMERIC_STD.TO_INTEGER: metavalue detected, returning 0
#    Time: 3400460 ns  Iteration: 5  Instance: /tb/MyRiscv/u_regfile/MUXB
# ** Warning: NUMERIC_STD.TO_INTEGER: metavalue detected, returning 0
#    Time: 3400480 ns  Iteration: 5  Instance: /tb/MyRiscv/u_regfile/MUXA
# ** Warning: NUMERIC_STD.TO_INTEGER: metavalue detected, returning 0
#    Time: 3400480 ns  Iteration: 5  Instance: /tb/MyRiscv/u_regfile/MUXB
# ** Warning: NUMERIC_STD.TO_INTEGER: metavalue detected, returning 0
#    Time: 3420920 ns  Iteration: 2  Instance: /tb/MyRiscv/u_regfile/MUXB
# ** Warning: NUMERIC_STD.TO_INTEGER: metavalue detected, returning 0
#    Time: 3420920 ns  Iteration: 2  Instance: /tb/MyRiscv/u_regfile/MUXA
# ** Warning: NUMERIC_STD.TO_INTEGER: metavalue detected, returning 0
#    Time: 3420920 ns  Iteration: 5  Instance: /tb/MyRiscv/u_regfile/MUXA
# ** Warning: NUMERIC_STD.TO_INTEGER: metavalue detected, returning 0
#    Time: 3420920 ns  Iteration: 5  Instance: /tb/MyRiscv/u_regfile/MUXB
# ** Warning: NUMERIC_STD.TO_INTEGER: metavalue detected, returning 0
#    Time: 3420940 ns  Iteration: 5  Instance: /tb/MyRiscv/u_regfile/MUXA
# ** Warning: NUMERIC_STD.TO_INTEGER: metavalue detected, returning 0
#    Time: 3420940 ns  Iteration: 5  Instance: /tb/MyRiscv/u_regfile/MUXB
# ** Warning: NUMERIC_STD.TO_INTEGER: metavalue detected, returning 0
#    Time: 3420960 ns  Iteration: 5  Instance: /tb/MyRiscv/u_regfile/MUXA
# ** Warning: NUMERIC_STD.TO_INTEGER: metavalue detected, returning 0
#    Time: 3420960 ns  Iteration: 5  Instance: /tb/MyRiscv/u_regfile/MUXB
# ** Warning: NUMERIC_STD.TO_INTEGER: metavalue detected, returning 0
#    Time: 3441400 ns  Iteration: 2  Instance: /tb/MyRiscv/u_regfile/MUXB
# ** Warning: NUMERIC_STD.TO_INTEGER: metavalue detected, returning 0
#    Time: 3441400 ns  Iteration: 2  Instance: /tb/MyRiscv/u_regfile/MUXA
# ** Warning: NUMERIC_STD.TO_INTEGER: metavalue detected, returning 0
#    Time: 3441400 ns  Iteration: 5  Instance: /tb/MyRiscv/u_regfile/MUXA
# ** Warning: NUMERIC_STD.TO_INTEGER: metavalue detected, returning 0
#    Time: 3441400 ns  Iteration: 5  Instance: /tb/MyRiscv/u_regfile/MUXB
# ** Warning: NUMERIC_STD.TO_INTEGER: metavalue detected, returning 0
#    Time: 3441420 ns  Iteration: 5  Instance: /tb/MyRiscv/u_regfile/MUXA
# ** Warning: NUMERIC_STD.TO_INTEGER: metavalue detected, returning 0
#    Time: 3441420 ns  Iteration: 5  Instance: /tb/MyRiscv/u_regfile/MUXB
# ** Warning: NUMERIC_STD.TO_INTEGER: metavalue detected, returning 0
#    Time: 3441440 ns  Iteration: 5  Instance: /tb/MyRiscv/u_regfile/MUXA
# ** Warning: NUMERIC_STD.TO_INTEGER: metavalue detected, returning 0
#    Time: 3441440 ns  Iteration: 5  Instance: /tb/MyRiscv/u_regfile/MUXB
# ** Warning: NUMERIC_STD.TO_INTEGER: metavalue detected, returning 0
#    Time: 3461880 ns  Iteration: 2  Instance: /tb/MyRiscv/u_regfile/MUXB
# ** Warning: NUMERIC_STD.TO_INTEGER: metavalue detected, returning 0
#    Time: 3461880 ns  Iteration: 2  Instance: /tb/MyRiscv/u_regfile/MUXA
# ** Warning: NUMERIC_STD.TO_INTEGER: metavalue detected, returning 0
#    Time: 3461880 ns  Iteration: 5  Instance: /tb/MyRiscv/u_regfile/MUXA
# ** Warning: NUMERIC_STD.TO_INTEGER: metavalue detected, returning 0
#    Time: 3461880 ns  Iteration: 5  Instance: /tb/MyRiscv/u_regfile/MUXB
# ** Warning: NUMERIC_STD.TO_INTEGER: metavalue detected, returning 0
#    Time: 3461900 ns  Iteration: 5  Instance: /tb/MyRiscv/u_regfile/MUXA
# ** Warning: NUMERIC_STD.TO_INTEGER: metavalue detected, returning 0
#    Time: 3461900 ns  Iteration: 5  Instance: /tb/MyRiscv/u_regfile/MUXB
# ** Warning: NUMERIC_STD.TO_INTEGER: metavalue detected, returning 0
#    Time: 3461920 ns  Iteration: 5  Instance: /tb/MyRiscv/u_regfile/MUXA
# ** Warning: NUMERIC_STD.TO_INTEGER: metavalue detected, returning 0
#    Time: 3461920 ns  Iteration: 5  Instance: /tb/MyRiscv/u_regfile/MUXB
# ** Warning: NUMERIC_STD.TO_INTEGER: metavalue detected, returning 0
#    Time: 3482360 ns  Iteration: 2  Instance: /tb/MyRiscv/u_regfile/MUXB
# ** Warning: NUMERIC_STD.TO_INTEGER: metavalue detected, returning 0
#    Time: 3482360 ns  Iteration: 2  Instance: /tb/MyRiscv/u_regfile/MUXA
# ** Warning: NUMERIC_STD.TO_INTEGER: metavalue detected, returning 0
#    Time: 3482360 ns  Iteration: 5  Instance: /tb/MyRiscv/u_regfile/MUXA
# ** Warning: NUMERIC_STD.TO_INTEGER: metavalue detected, returning 0
#    Time: 3482360 ns  Iteration: 5  Instance: /tb/MyRiscv/u_regfile/MUXB
# ** Warning: NUMERIC_STD.TO_INTEGER: metavalue detected, returning 0
#    Time: 3482380 ns  Iteration: 5  Instance: /tb/MyRiscv/u_regfile/MUXA
# ** Warning: NUMERIC_STD.TO_INTEGER: metavalue detected, returning 0
#    Time: 3482380 ns  Iteration: 5  Instance: /tb/MyRiscv/u_regfile/MUXB
# ** Warning: NUMERIC_STD.TO_INTEGER: metavalue detected, returning 0
#    Time: 3482400 ns  Iteration: 5  Instance: /tb/MyRiscv/u_regfile/MUXA
# ** Warning: NUMERIC_STD.TO_INTEGER: metavalue detected, returning 0
#    Time: 3482400 ns  Iteration: 5  Instance: /tb/MyRiscv/u_regfile/MUXB
# ** Warning: NUMERIC_STD.TO_INTEGER: metavalue detected, returning 0
#    Time: 3502840 ns  Iteration: 2  Instance: /tb/MyRiscv/u_regfile/MUXB
# ** Warning: NUMERIC_STD.TO_INTEGER: metavalue detected, returning 0
#    Time: 3502840 ns  Iteration: 2  Instance: /tb/MyRiscv/u_regfile/MUXA
# ** Warning: NUMERIC_STD.TO_INTEGER: metavalue detected, returning 0
#    Time: 3502840 ns  Iteration: 5  Instance: /tb/MyRiscv/u_regfile/MUXA
# ** Warning: NUMERIC_STD.TO_INTEGER: metavalue detected, returning 0
#    Time: 3502840 ns  Iteration: 5  Instance: /tb/MyRiscv/u_regfile/MUXB
# ** Warning: NUMERIC_STD.TO_INTEGER: metavalue detected, returning 0
#    Time: 3502860 ns  Iteration: 5  Instance: /tb/MyRiscv/u_regfile/MUXA
# ** Warning: NUMERIC_STD.TO_INTEGER: metavalue detected, returning 0
#    Time: 3502860 ns  Iteration: 5  Instance: /tb/MyRiscv/u_regfile/MUXB
# ** Warning: NUMERIC_STD.TO_INTEGER: metavalue detected, returning 0
#    Time: 3502880 ns  Iteration: 5  Instance: /tb/MyRiscv/u_regfile/MUXA
# ** Warning: NUMERIC_STD.TO_INTEGER: metavalue detected, returning 0
#    Time: 3502880 ns  Iteration: 5  Instance: /tb/MyRiscv/u_regfile/MUXB
# ** Warning: NUMERIC_STD.TO_INTEGER: metavalue detected, returning 0
#    Time: 3523320 ns  Iteration: 2  Instance: /tb/MyRiscv/u_regfile/MUXB
# ** Warning: NUMERIC_STD.TO_INTEGER: metavalue detected, returning 0
#    Time: 3523320 ns  Iteration: 2  Instance: /tb/MyRiscv/u_regfile/MUXA
# ** Warning: NUMERIC_STD.TO_INTEGER: metavalue detected, returning 0
#    Time: 3523320 ns  Iteration: 5  Instance: /tb/MyRiscv/u_regfile/MUXA
# ** Warning: NUMERIC_STD.TO_INTEGER: metavalue detected, returning 0
#    Time: 3523320 ns  Iteration: 5  Instance: /tb/MyRiscv/u_regfile/MUXB
# ** Warning: NUMERIC_STD.TO_INTEGER: metavalue detected, returning 0
#    Time: 3523340 ns  Iteration: 5  Instance: /tb/MyRiscv/u_regfile/MUXA
# ** Warning: NUMERIC_STD.TO_INTEGER: metavalue detected, returning 0
#    Time: 3523340 ns  Iteration: 5  Instance: /tb/MyRiscv/u_regfile/MUXB
# ** Warning: NUMERIC_STD.TO_INTEGER: metavalue detected, returning 0
#    Time: 3523360 ns  Iteration: 5  Instance: /tb/MyRiscv/u_regfile/MUXA
# ** Warning: NUMERIC_STD.TO_INTEGER: metavalue detected, returning 0
#    Time: 3523360 ns  Iteration: 5  Instance: /tb/MyRiscv/u_regfile/MUXB
# ** Warning: NUMERIC_STD.TO_INTEGER: metavalue detected, returning 0
#    Time: 3543800 ns  Iteration: 2  Instance: /tb/MyRiscv/u_regfile/MUXB
# ** Warning: NUMERIC_STD.TO_INTEGER: metavalue detected, returning 0
#    Time: 3543800 ns  Iteration: 2  Instance: /tb/MyRiscv/u_regfile/MUXA
# ** Warning: NUMERIC_STD.TO_INTEGER: metavalue detected, returning 0
#    Time: 3543800 ns  Iteration: 5  Instance: /tb/MyRiscv/u_regfile/MUXA
# ** Warning: NUMERIC_STD.TO_INTEGER: metavalue detected, returning 0
#    Time: 3543800 ns  Iteration: 5  Instance: /tb/MyRiscv/u_regfile/MUXB
# ** Warning: NUMERIC_STD.TO_INTEGER: metavalue detected, returning 0
#    Time: 3543820 ns  Iteration: 5  Instance: /tb/MyRiscv/u_regfile/MUXA
# ** Warning: NUMERIC_STD.TO_INTEGER: metavalue detected, returning 0
#    Time: 3543820 ns  Iteration: 5  Instance: /tb/MyRiscv/u_regfile/MUXB
# ** Warning: NUMERIC_STD.TO_INTEGER: metavalue detected, returning 0
#    Time: 3543840 ns  Iteration: 5  Instance: /tb/MyRiscv/u_regfile/MUXA
# ** Warning: NUMERIC_STD.TO_INTEGER: metavalue detected, returning 0
#    Time: 3543840 ns  Iteration: 5  Instance: /tb/MyRiscv/u_regfile/MUXB
# ** Warning: NUMERIC_STD.TO_INTEGER: metavalue detected, returning 0
#    Time: 3564280 ns  Iteration: 2  Instance: /tb/MyRiscv/u_regfile/MUXB
# ** Warning: NUMERIC_STD.TO_INTEGER: metavalue detected, returning 0
#    Time: 3564280 ns  Iteration: 2  Instance: /tb/MyRiscv/u_regfile/MUXA
# ** Warning: NUMERIC_STD.TO_INTEGER: metavalue detected, returning 0
#    Time: 3564280 ns  Iteration: 5  Instance: /tb/MyRiscv/u_regfile/MUXA
# ** Warning: NUMERIC_STD.TO_INTEGER: metavalue detected, returning 0
#    Time: 3564280 ns  Iteration: 5  Instance: /tb/MyRiscv/u_regfile/MUXB
# ** Warning: NUMERIC_STD.TO_INTEGER: metavalue detected, returning 0
#    Time: 3564300 ns  Iteration: 5  Instance: /tb/MyRiscv/u_regfile/MUXA
# ** Warning: NUMERIC_STD.TO_INTEGER: metavalue detected, returning 0
#    Time: 3564300 ns  Iteration: 5  Instance: /tb/MyRiscv/u_regfile/MUXB
# ** Warning: NUMERIC_STD.TO_INTEGER: metavalue detected, returning 0
#    Time: 3564320 ns  Iteration: 5  Instance: /tb/MyRiscv/u_regfile/MUXA
# ** Warning: NUMERIC_STD.TO_INTEGER: metavalue detected, returning 0
#    Time: 3564320 ns  Iteration: 5  Instance: /tb/MyRiscv/u_regfile/MUXB
# ** Warning: NUMERIC_STD.TO_INTEGER: metavalue detected, returning 0
#    Time: 3584760 ns  Iteration: 2  Instance: /tb/MyRiscv/u_regfile/MUXB
# ** Warning: NUMERIC_STD.TO_INTEGER: metavalue detected, returning 0
#    Time: 3584760 ns  Iteration: 2  Instance: /tb/MyRiscv/u_regfile/MUXA
# ** Warning: NUMERIC_STD.TO_INTEGER: metavalue detected, returning 0
#    Time: 3584760 ns  Iteration: 5  Instance: /tb/MyRiscv/u_regfile/MUXA
# ** Warning: NUMERIC_STD.TO_INTEGER: metavalue detected, returning 0
#    Time: 3584760 ns  Iteration: 5  Instance: /tb/MyRiscv/u_regfile/MUXB
# ** Warning: NUMERIC_STD.TO_INTEGER: metavalue detected, returning 0
#    Time: 3584780 ns  Iteration: 5  Instance: /tb/MyRiscv/u_regfile/MUXA
# ** Warning: NUMERIC_STD.TO_INTEGER: metavalue detected, returning 0
#    Time: 3584780 ns  Iteration: 5  Instance: /tb/MyRiscv/u_regfile/MUXB
# ** Warning: NUMERIC_STD.TO_INTEGER: metavalue detected, returning 0
#    Time: 3584800 ns  Iteration: 5  Instance: /tb/MyRiscv/u_regfile/MUXA
# ** Warning: NUMERIC_STD.TO_INTEGER: metavalue detected, returning 0
#    Time: 3584800 ns  Iteration: 5  Instance: /tb/MyRiscv/u_regfile/MUXB
# ** Warning: NUMERIC_STD.TO_INTEGER: metavalue detected, returning 0
#    Time: 3605240 ns  Iteration: 2  Instance: /tb/MyRiscv/u_regfile/MUXB
# ** Warning: NUMERIC_STD.TO_INTEGER: metavalue detected, returning 0
#    Time: 3605240 ns  Iteration: 2  Instance: /tb/MyRiscv/u_regfile/MUXA
# ** Warning: NUMERIC_STD.TO_INTEGER: metavalue detected, returning 0
#    Time: 3605240 ns  Iteration: 5  Instance: /tb/MyRiscv/u_regfile/MUXA
# ** Warning: NUMERIC_STD.TO_INTEGER: metavalue detected, returning 0
#    Time: 3605240 ns  Iteration: 5  Instance: /tb/MyRiscv/u_regfile/MUXB
# ** Warning: NUMERIC_STD.TO_INTEGER: metavalue detected, returning 0
#    Time: 3605260 ns  Iteration: 5  Instance: /tb/MyRiscv/u_regfile/MUXA
# ** Warning: NUMERIC_STD.TO_INTEGER: metavalue detected, returning 0
#    Time: 3605260 ns  Iteration: 5  Instance: /tb/MyRiscv/u_regfile/MUXB
# ** Warning: NUMERIC_STD.TO_INTEGER: metavalue detected, returning 0
#    Time: 3605280 ns  Iteration: 5  Instance: /tb/MyRiscv/u_regfile/MUXA
# ** Warning: NUMERIC_STD.TO_INTEGER: metavalue detected, returning 0
#    Time: 3605280 ns  Iteration: 5  Instance: /tb/MyRiscv/u_regfile/MUXB
# ** Warning: NUMERIC_STD.TO_INTEGER: metavalue detected, returning 0
#    Time: 3625720 ns  Iteration: 2  Instance: /tb/MyRiscv/u_regfile/MUXB
# ** Warning: NUMERIC_STD.TO_INTEGER: metavalue detected, returning 0
#    Time: 3625720 ns  Iteration: 2  Instance: /tb/MyRiscv/u_regfile/MUXA
# ** Warning: NUMERIC_STD.TO_INTEGER: metavalue detected, returning 0
#    Time: 3625720 ns  Iteration: 5  Instance: /tb/MyRiscv/u_regfile/MUXA
# ** Warning: NUMERIC_STD.TO_INTEGER: metavalue detected, returning 0
#    Time: 3625720 ns  Iteration: 5  Instance: /tb/MyRiscv/u_regfile/MUXB
# ** Warning: NUMERIC_STD.TO_INTEGER: metavalue detected, returning 0
#    Time: 3625740 ns  Iteration: 5  Instance: /tb/MyRiscv/u_regfile/MUXA
# ** Warning: NUMERIC_STD.TO_INTEGER: metavalue detected, returning 0
#    Time: 3625740 ns  Iteration: 5  Instance: /tb/MyRiscv/u_regfile/MUXB
# ** Warning: NUMERIC_STD.TO_INTEGER: metavalue detected, returning 0
#    Time: 3625760 ns  Iteration: 5  Instance: /tb/MyRiscv/u_regfile/MUXA
# ** Warning: NUMERIC_STD.TO_INTEGER: metavalue detected, returning 0
#    Time: 3625760 ns  Iteration: 5  Instance: /tb/MyRiscv/u_regfile/MUXB
# ** Warning: NUMERIC_STD.TO_INTEGER: metavalue detected, returning 0
#    Time: 3646200 ns  Iteration: 2  Instance: /tb/MyRiscv/u_regfile/MUXB
# ** Warning: NUMERIC_STD.TO_INTEGER: metavalue detected, returning 0
#    Time: 3646200 ns  Iteration: 2  Instance: /tb/MyRiscv/u_regfile/MUXA
# ** Warning: NUMERIC_STD.TO_INTEGER: metavalue detected, returning 0
#    Time: 3646200 ns  Iteration: 5  Instance: /tb/MyRiscv/u_regfile/MUXA
# ** Warning: NUMERIC_STD.TO_INTEGER: metavalue detected, returning 0
#    Time: 3646200 ns  Iteration: 5  Instance: /tb/MyRiscv/u_regfile/MUXB
# ** Warning: NUMERIC_STD.TO_INTEGER: metavalue detected, returning 0
#    Time: 3646220 ns  Iteration: 5  Instance: /tb/MyRiscv/u_regfile/MUXA
# ** Warning: NUMERIC_STD.TO_INTEGER: metavalue detected, returning 0
#    Time: 3646220 ns  Iteration: 5  Instance: /tb/MyRiscv/u_regfile/MUXB
# ** Warning: NUMERIC_STD.TO_INTEGER: metavalue detected, returning 0
#    Time: 3646240 ns  Iteration: 5  Instance: /tb/MyRiscv/u_regfile/MUXA
# ** Warning: NUMERIC_STD.TO_INTEGER: metavalue detected, returning 0
#    Time: 3646240 ns  Iteration: 5  Instance: /tb/MyRiscv/u_regfile/MUXB
# ** Warning: NUMERIC_STD.TO_INTEGER: metavalue detected, returning 0
#    Time: 3666680 ns  Iteration: 2  Instance: /tb/MyRiscv/u_regfile/MUXB
# ** Warning: NUMERIC_STD.TO_INTEGER: metavalue detected, returning 0
#    Time: 3666680 ns  Iteration: 2  Instance: /tb/MyRiscv/u_regfile/MUXA
# ** Warning: NUMERIC_STD.TO_INTEGER: metavalue detected, returning 0
#    Time: 3666680 ns  Iteration: 5  Instance: /tb/MyRiscv/u_regfile/MUXA
# ** Warning: NUMERIC_STD.TO_INTEGER: metavalue detected, returning 0
#    Time: 3666680 ns  Iteration: 5  Instance: /tb/MyRiscv/u_regfile/MUXB
# ** Warning: NUMERIC_STD.TO_INTEGER: metavalue detected, returning 0
#    Time: 3666700 ns  Iteration: 5  Instance: /tb/MyRiscv/u_regfile/MUXA
# ** Warning: NUMERIC_STD.TO_INTEGER: metavalue detected, returning 0
#    Time: 3666700 ns  Iteration: 5  Instance: /tb/MyRiscv/u_regfile/MUXB
# ** Warning: NUMERIC_STD.TO_INTEGER: metavalue detected, returning 0
#    Time: 3666720 ns  Iteration: 5  Instance: /tb/MyRiscv/u_regfile/MUXA
# ** Warning: NUMERIC_STD.TO_INTEGER: metavalue detected, returning 0
#    Time: 3666720 ns  Iteration: 5  Instance: /tb/MyRiscv/u_regfile/MUXB
# ** Warning: NUMERIC_STD.TO_INTEGER: metavalue detected, returning 0
#    Time: 3687160 ns  Iteration: 2  Instance: /tb/MyRiscv/u_regfile/MUXB
# ** Warning: NUMERIC_STD.TO_INTEGER: metavalue detected, returning 0
#    Time: 3687160 ns  Iteration: 2  Instance: /tb/MyRiscv/u_regfile/MUXA
# ** Warning: NUMERIC_STD.TO_INTEGER: metavalue detected, returning 0
#    Time: 3687160 ns  Iteration: 5  Instance: /tb/MyRiscv/u_regfile/MUXA
# ** Warning: NUMERIC_STD.TO_INTEGER: metavalue detected, returning 0
#    Time: 3687160 ns  Iteration: 5  Instance: /tb/MyRiscv/u_regfile/MUXB
# ** Warning: NUMERIC_STD.TO_INTEGER: metavalue detected, returning 0
#    Time: 3687180 ns  Iteration: 5  Instance: /tb/MyRiscv/u_regfile/MUXA
# ** Warning: NUMERIC_STD.TO_INTEGER: metavalue detected, returning 0
#    Time: 3687180 ns  Iteration: 5  Instance: /tb/MyRiscv/u_regfile/MUXB
# ** Warning: NUMERIC_STD.TO_INTEGER: metavalue detected, returning 0
#    Time: 3687200 ns  Iteration: 5  Instance: /tb/MyRiscv/u_regfile/MUXA
# ** Warning: NUMERIC_STD.TO_INTEGER: metavalue detected, returning 0
#    Time: 3687200 ns  Iteration: 5  Instance: /tb/MyRiscv/u_regfile/MUXB
# ** Warning: NUMERIC_STD.TO_INTEGER: metavalue detected, returning 0
#    Time: 3707640 ns  Iteration: 2  Instance: /tb/MyRiscv/u_regfile/MUXB
# ** Warning: NUMERIC_STD.TO_INTEGER: metavalue detected, returning 0
#    Time: 3707640 ns  Iteration: 2  Instance: /tb/MyRiscv/u_regfile/MUXA
# ** Warning: NUMERIC_STD.TO_INTEGER: metavalue detected, returning 0
#    Time: 3707640 ns  Iteration: 5  Instance: /tb/MyRiscv/u_regfile/MUXA
# ** Warning: NUMERIC_STD.TO_INTEGER: metavalue detected, returning 0
#    Time: 3707640 ns  Iteration: 5  Instance: /tb/MyRiscv/u_regfile/MUXB
# ** Warning: NUMERIC_STD.TO_INTEGER: metavalue detected, returning 0
#    Time: 3707660 ns  Iteration: 5  Instance: /tb/MyRiscv/u_regfile/MUXA
# ** Warning: NUMERIC_STD.TO_INTEGER: metavalue detected, returning 0
#    Time: 3707660 ns  Iteration: 5  Instance: /tb/MyRiscv/u_regfile/MUXB
# ** Warning: NUMERIC_STD.TO_INTEGER: metavalue detected, returning 0
#    Time: 3707680 ns  Iteration: 5  Instance: /tb/MyRiscv/u_regfile/MUXA
# ** Warning: NUMERIC_STD.TO_INTEGER: metavalue detected, returning 0
#    Time: 3707680 ns  Iteration: 5  Instance: /tb/MyRiscv/u_regfile/MUXB
# ** Warning: NUMERIC_STD.TO_INTEGER: metavalue detected, returning 0
#    Time: 3728120 ns  Iteration: 2  Instance: /tb/MyRiscv/u_regfile/MUXB
# ** Warning: NUMERIC_STD.TO_INTEGER: metavalue detected, returning 0
#    Time: 3728120 ns  Iteration: 2  Instance: /tb/MyRiscv/u_regfile/MUXA
# ** Warning: NUMERIC_STD.TO_INTEGER: metavalue detected, returning 0
#    Time: 3728120 ns  Iteration: 5  Instance: /tb/MyRiscv/u_regfile/MUXA
# ** Warning: NUMERIC_STD.TO_INTEGER: metavalue detected, returning 0
#    Time: 3728120 ns  Iteration: 5  Instance: /tb/MyRiscv/u_regfile/MUXB
# ** Warning: NUMERIC_STD.TO_INTEGER: metavalue detected, returning 0
#    Time: 3728140 ns  Iteration: 5  Instance: /tb/MyRiscv/u_regfile/MUXA
# ** Warning: NUMERIC_STD.TO_INTEGER: metavalue detected, returning 0
#    Time: 3728140 ns  Iteration: 5  Instance: /tb/MyRiscv/u_regfile/MUXB
# ** Warning: NUMERIC_STD.TO_INTEGER: metavalue detected, returning 0
#    Time: 3728160 ns  Iteration: 5  Instance: /tb/MyRiscv/u_regfile/MUXA
# ** Warning: NUMERIC_STD.TO_INTEGER: metavalue detected, returning 0
#    Time: 3728160 ns  Iteration: 5  Instance: /tb/MyRiscv/u_regfile/MUXB
# ** Warning: NUMERIC_STD.TO_INTEGER: metavalue detected, returning 0
#    Time: 3748600 ns  Iteration: 2  Instance: /tb/MyRiscv/u_regfile/MUXB
# ** Warning: NUMERIC_STD.TO_INTEGER: metavalue detected, returning 0
#    Time: 3748600 ns  Iteration: 2  Instance: /tb/MyRiscv/u_regfile/MUXA
# ** Warning: NUMERIC_STD.TO_INTEGER: metavalue detected, returning 0
#    Time: 3748600 ns  Iteration: 5  Instance: /tb/MyRiscv/u_regfile/MUXA
# ** Warning: NUMERIC_STD.TO_INTEGER: metavalue detected, returning 0
#    Time: 3748600 ns  Iteration: 5  Instance: /tb/MyRiscv/u_regfile/MUXB
# ** Warning: NUMERIC_STD.TO_INTEGER: metavalue detected, returning 0
#    Time: 3748620 ns  Iteration: 5  Instance: /tb/MyRiscv/u_regfile/MUXA
# ** Warning: NUMERIC_STD.TO_INTEGER: metavalue detected, returning 0
#    Time: 3748620 ns  Iteration: 5  Instance: /tb/MyRiscv/u_regfile/MUXB
# ** Warning: NUMERIC_STD.TO_INTEGER: metavalue detected, returning 0
#    Time: 3748640 ns  Iteration: 5  Instance: /tb/MyRiscv/u_regfile/MUXA
# ** Warning: NUMERIC_STD.TO_INTEGER: metavalue detected, returning 0
#    Time: 3748640 ns  Iteration: 5  Instance: /tb/MyRiscv/u_regfile/MUXB
# ** Warning: NUMERIC_STD.TO_INTEGER: metavalue detected, returning 0
#    Time: 3769080 ns  Iteration: 2  Instance: /tb/MyRiscv/u_regfile/MUXB
# ** Warning: NUMERIC_STD.TO_INTEGER: metavalue detected, returning 0
#    Time: 3769080 ns  Iteration: 2  Instance: /tb/MyRiscv/u_regfile/MUXA
# ** Warning: NUMERIC_STD.TO_INTEGER: metavalue detected, returning 0
#    Time: 3769080 ns  Iteration: 5  Instance: /tb/MyRiscv/u_regfile/MUXA
# ** Warning: NUMERIC_STD.TO_INTEGER: metavalue detected, returning 0
#    Time: 3769080 ns  Iteration: 5  Instance: /tb/MyRiscv/u_regfile/MUXB
# ** Warning: NUMERIC_STD.TO_INTEGER: metavalue detected, returning 0
#    Time: 3769100 ns  Iteration: 5  Instance: /tb/MyRiscv/u_regfile/MUXA
# ** Warning: NUMERIC_STD.TO_INTEGER: metavalue detected, returning 0
#    Time: 3769100 ns  Iteration: 5  Instance: /tb/MyRiscv/u_regfile/MUXB
# ** Warning: NUMERIC_STD.TO_INTEGER: metavalue detected, returning 0
#    Time: 3769120 ns  Iteration: 5  Instance: /tb/MyRiscv/u_regfile/MUXA
# ** Warning: NUMERIC_STD.TO_INTEGER: metavalue detected, returning 0
#    Time: 3769120 ns  Iteration: 5  Instance: /tb/MyRiscv/u_regfile/MUXB
# ** Warning: NUMERIC_STD.TO_INTEGER: metavalue detected, returning 0
#    Time: 3789560 ns  Iteration: 2  Instance: /tb/MyRiscv/u_regfile/MUXB
# ** Warning: NUMERIC_STD.TO_INTEGER: metavalue detected, returning 0
#    Time: 3789560 ns  Iteration: 2  Instance: /tb/MyRiscv/u_regfile/MUXA
# ** Warning: NUMERIC_STD.TO_INTEGER: metavalue detected, returning 0
#    Time: 3789560 ns  Iteration: 5  Instance: /tb/MyRiscv/u_regfile/MUXA
# ** Warning: NUMERIC_STD.TO_INTEGER: metavalue detected, returning 0
#    Time: 3789560 ns  Iteration: 5  Instance: /tb/MyRiscv/u_regfile/MUXB
# ** Warning: NUMERIC_STD.TO_INTEGER: metavalue detected, returning 0
#    Time: 3789580 ns  Iteration: 5  Instance: /tb/MyRiscv/u_regfile/MUXA
# ** Warning: NUMERIC_STD.TO_INTEGER: metavalue detected, returning 0
#    Time: 3789580 ns  Iteration: 5  Instance: /tb/MyRiscv/u_regfile/MUXB
# ** Warning: NUMERIC_STD.TO_INTEGER: metavalue detected, returning 0
#    Time: 3789600 ns  Iteration: 5  Instance: /tb/MyRiscv/u_regfile/MUXA
# ** Warning: NUMERIC_STD.TO_INTEGER: metavalue detected, returning 0
#    Time: 3789600 ns  Iteration: 5  Instance: /tb/MyRiscv/u_regfile/MUXB
# ** Warning: NUMERIC_STD.TO_INTEGER: metavalue detected, returning 0
#    Time: 3810040 ns  Iteration: 2  Instance: /tb/MyRiscv/u_regfile/MUXB
# ** Warning: NUMERIC_STD.TO_INTEGER: metavalue detected, returning 0
#    Time: 3810040 ns  Iteration: 2  Instance: /tb/MyRiscv/u_regfile/MUXA
# ** Warning: NUMERIC_STD.TO_INTEGER: metavalue detected, returning 0
#    Time: 3810040 ns  Iteration: 5  Instance: /tb/MyRiscv/u_regfile/MUXA
# ** Warning: NUMERIC_STD.TO_INTEGER: metavalue detected, returning 0
#    Time: 3810040 ns  Iteration: 5  Instance: /tb/MyRiscv/u_regfile/MUXB
# ** Warning: NUMERIC_STD.TO_INTEGER: metavalue detected, returning 0
#    Time: 3810060 ns  Iteration: 5  Instance: /tb/MyRiscv/u_regfile/MUXA
# ** Warning: NUMERIC_STD.TO_INTEGER: metavalue detected, returning 0
#    Time: 3810060 ns  Iteration: 5  Instance: /tb/MyRiscv/u_regfile/MUXB
# ** Warning: NUMERIC_STD.TO_INTEGER: metavalue detected, returning 0
#    Time: 3810080 ns  Iteration: 5  Instance: /tb/MyRiscv/u_regfile/MUXA
# ** Warning: NUMERIC_STD.TO_INTEGER: metavalue detected, returning 0
#    Time: 3810080 ns  Iteration: 5  Instance: /tb/MyRiscv/u_regfile/MUXB
# ** Warning: NUMERIC_STD.TO_INTEGER: metavalue detected, returning 0
#    Time: 3830520 ns  Iteration: 2  Instance: /tb/MyRiscv/u_regfile/MUXB
# ** Warning: NUMERIC_STD.TO_INTEGER: metavalue detected, returning 0
#    Time: 3830520 ns  Iteration: 2  Instance: /tb/MyRiscv/u_regfile/MUXA
# ** Warning: NUMERIC_STD.TO_INTEGER: metavalue detected, returning 0
#    Time: 3830520 ns  Iteration: 5  Instance: /tb/MyRiscv/u_regfile/MUXA
# ** Warning: NUMERIC_STD.TO_INTEGER: metavalue detected, returning 0
#    Time: 3830520 ns  Iteration: 5  Instance: /tb/MyRiscv/u_regfile/MUXB
# ** Warning: NUMERIC_STD.TO_INTEGER: metavalue detected, returning 0
#    Time: 3830540 ns  Iteration: 5  Instance: /tb/MyRiscv/u_regfile/MUXA
# ** Warning: NUMERIC_STD.TO_INTEGER: metavalue detected, returning 0
#    Time: 3830540 ns  Iteration: 5  Instance: /tb/MyRiscv/u_regfile/MUXB
# ** Warning: NUMERIC_STD.TO_INTEGER: metavalue detected, returning 0
#    Time: 3830560 ns  Iteration: 5  Instance: /tb/MyRiscv/u_regfile/MUXA
# ** Warning: NUMERIC_STD.TO_INTEGER: metavalue detected, returning 0
#    Time: 3830560 ns  Iteration: 5  Instance: /tb/MyRiscv/u_regfile/MUXB
# ** Warning: NUMERIC_STD.TO_INTEGER: metavalue detected, returning 0
#    Time: 3851 us  Iteration: 2  Instance: /tb/MyRiscv/u_regfile/MUXB
# ** Warning: NUMERIC_STD.TO_INTEGER: metavalue detected, returning 0
#    Time: 3851 us  Iteration: 2  Instance: /tb/MyRiscv/u_regfile/MUXA
# ** Warning: NUMERIC_STD.TO_INTEGER: metavalue detected, returning 0
#    Time: 3851 us  Iteration: 5  Instance: /tb/MyRiscv/u_regfile/MUXA
# ** Warning: NUMERIC_STD.TO_INTEGER: metavalue detected, returning 0
#    Time: 3851 us  Iteration: 5  Instance: /tb/MyRiscv/u_regfile/MUXB
# ** Warning: NUMERIC_STD.TO_INTEGER: metavalue detected, returning 0
#    Time: 3851020 ns  Iteration: 5  Instance: /tb/MyRiscv/u_regfile/MUXA
# ** Warning: NUMERIC_STD.TO_INTEGER: metavalue detected, returning 0
#    Time: 3851020 ns  Iteration: 5  Instance: /tb/MyRiscv/u_regfile/MUXB
# ** Warning: NUMERIC_STD.TO_INTEGER: metavalue detected, returning 0
#    Time: 3851040 ns  Iteration: 5  Instance: /tb/MyRiscv/u_regfile/MUXA
# ** Warning: NUMERIC_STD.TO_INTEGER: metavalue detected, returning 0
#    Time: 3851040 ns  Iteration: 5  Instance: /tb/MyRiscv/u_regfile/MUXB
# ** Warning: NUMERIC_STD.TO_INTEGER: metavalue detected, returning 0
#    Time: 3871480 ns  Iteration: 2  Instance: /tb/MyRiscv/u_regfile/MUXB
# ** Warning: NUMERIC_STD.TO_INTEGER: metavalue detected, returning 0
#    Time: 3871480 ns  Iteration: 2  Instance: /tb/MyRiscv/u_regfile/MUXA
# ** Warning: NUMERIC_STD.TO_INTEGER: metavalue detected, returning 0
#    Time: 3871480 ns  Iteration: 5  Instance: /tb/MyRiscv/u_regfile/MUXA
# ** Warning: NUMERIC_STD.TO_INTEGER: metavalue detected, returning 0
#    Time: 3871480 ns  Iteration: 5  Instance: /tb/MyRiscv/u_regfile/MUXB
# ** Warning: NUMERIC_STD.TO_INTEGER: metavalue detected, returning 0
#    Time: 3871500 ns  Iteration: 5  Instance: /tb/MyRiscv/u_regfile/MUXA
# ** Warning: NUMERIC_STD.TO_INTEGER: metavalue detected, returning 0
#    Time: 3871500 ns  Iteration: 5  Instance: /tb/MyRiscv/u_regfile/MUXB
# ** Warning: NUMERIC_STD.TO_INTEGER: metavalue detected, returning 0
#    Time: 3871520 ns  Iteration: 5  Instance: /tb/MyRiscv/u_regfile/MUXA
# ** Warning: NUMERIC_STD.TO_INTEGER: metavalue detected, returning 0
#    Time: 3871520 ns  Iteration: 5  Instance: /tb/MyRiscv/u_regfile/MUXB
# ** Warning: NUMERIC_STD.TO_INTEGER: metavalue detected, returning 0
#    Time: 3891960 ns  Iteration: 2  Instance: /tb/MyRiscv/u_regfile/MUXB
# ** Warning: NUMERIC_STD.TO_INTEGER: metavalue detected, returning 0
#    Time: 3891960 ns  Iteration: 2  Instance: /tb/MyRiscv/u_regfile/MUXA
# ** Warning: NUMERIC_STD.TO_INTEGER: metavalue detected, returning 0
#    Time: 3891960 ns  Iteration: 5  Instance: /tb/MyRiscv/u_regfile/MUXA
# ** Warning: NUMERIC_STD.TO_INTEGER: metavalue detected, returning 0
#    Time: 3891960 ns  Iteration: 5  Instance: /tb/MyRiscv/u_regfile/MUXB
# ** Warning: NUMERIC_STD.TO_INTEGER: metavalue detected, returning 0
#    Time: 3891980 ns  Iteration: 5  Instance: /tb/MyRiscv/u_regfile/MUXA
# ** Warning: NUMERIC_STD.TO_INTEGER: metavalue detected, returning 0
#    Time: 3891980 ns  Iteration: 5  Instance: /tb/MyRiscv/u_regfile/MUXB
# ** Warning: NUMERIC_STD.TO_INTEGER: metavalue detected, returning 0
#    Time: 3892 us  Iteration: 5  Instance: /tb/MyRiscv/u_regfile/MUXA
# ** Warning: NUMERIC_STD.TO_INTEGER: metavalue detected, returning 0
#    Time: 3892 us  Iteration: 5  Instance: /tb/MyRiscv/u_regfile/MUXB
# ** Warning: NUMERIC_STD.TO_INTEGER: metavalue detected, returning 0
#    Time: 3912440 ns  Iteration: 2  Instance: /tb/MyRiscv/u_regfile/MUXB
# ** Warning: NUMERIC_STD.TO_INTEGER: metavalue detected, returning 0
#    Time: 3912440 ns  Iteration: 2  Instance: /tb/MyRiscv/u_regfile/MUXA
# ** Warning: NUMERIC_STD.TO_INTEGER: metavalue detected, returning 0
#    Time: 3912440 ns  Iteration: 5  Instance: /tb/MyRiscv/u_regfile/MUXA
# ** Warning: NUMERIC_STD.TO_INTEGER: metavalue detected, returning 0
#    Time: 3912440 ns  Iteration: 5  Instance: /tb/MyRiscv/u_regfile/MUXB
# ** Warning: NUMERIC_STD.TO_INTEGER: metavalue detected, returning 0
#    Time: 3912460 ns  Iteration: 5  Instance: /tb/MyRiscv/u_regfile/MUXA
# ** Warning: NUMERIC_STD.TO_INTEGER: metavalue detected, returning 0
#    Time: 3912460 ns  Iteration: 5  Instance: /tb/MyRiscv/u_regfile/MUXB
# ** Warning: NUMERIC_STD.TO_INTEGER: metavalue detected, returning 0
#    Time: 3912480 ns  Iteration: 5  Instance: /tb/MyRiscv/u_regfile/MUXA
# ** Warning: NUMERIC_STD.TO_INTEGER: metavalue detected, returning 0
#    Time: 3912480 ns  Iteration: 5  Instance: /tb/MyRiscv/u_regfile/MUXB
# ** Warning: NUMERIC_STD.TO_INTEGER: metavalue detected, returning 0
#    Time: 3932920 ns  Iteration: 2  Instance: /tb/MyRiscv/u_regfile/MUXB
# ** Warning: NUMERIC_STD.TO_INTEGER: metavalue detected, returning 0
#    Time: 3932920 ns  Iteration: 2  Instance: /tb/MyRiscv/u_regfile/MUXA
# ** Warning: NUMERIC_STD.TO_INTEGER: metavalue detected, returning 0
#    Time: 3932920 ns  Iteration: 5  Instance: /tb/MyRiscv/u_regfile/MUXA
# ** Warning: NUMERIC_STD.TO_INTEGER: metavalue detected, returning 0
#    Time: 3932920 ns  Iteration: 5  Instance: /tb/MyRiscv/u_regfile/MUXB
# ** Warning: NUMERIC_STD.TO_INTEGER: metavalue detected, returning 0
#    Time: 3932940 ns  Iteration: 5  Instance: /tb/MyRiscv/u_regfile/MUXA
# ** Warning: NUMERIC_STD.TO_INTEGER: metavalue detected, returning 0
#    Time: 3932940 ns  Iteration: 5  Instance: /tb/MyRiscv/u_regfile/MUXB
# ** Warning: NUMERIC_STD.TO_INTEGER: metavalue detected, returning 0
#    Time: 3932960 ns  Iteration: 5  Instance: /tb/MyRiscv/u_regfile/MUXA
# ** Warning: NUMERIC_STD.TO_INTEGER: metavalue detected, returning 0
#    Time: 3932960 ns  Iteration: 5  Instance: /tb/MyRiscv/u_regfile/MUXB
# ** Warning: NUMERIC_STD.TO_INTEGER: metavalue detected, returning 0
#    Time: 3953400 ns  Iteration: 2  Instance: /tb/MyRiscv/u_regfile/MUXB
# ** Warning: NUMERIC_STD.TO_INTEGER: metavalue detected, returning 0
#    Time: 3953400 ns  Iteration: 2  Instance: /tb/MyRiscv/u_regfile/MUXA
# ** Warning: NUMERIC_STD.TO_INTEGER: metavalue detected, returning 0
#    Time: 3953400 ns  Iteration: 5  Instance: /tb/MyRiscv/u_regfile/MUXA
# ** Warning: NUMERIC_STD.TO_INTEGER: metavalue detected, returning 0
#    Time: 3953400 ns  Iteration: 5  Instance: /tb/MyRiscv/u_regfile/MUXB
# ** Warning: NUMERIC_STD.TO_INTEGER: metavalue detected, returning 0
#    Time: 3953420 ns  Iteration: 5  Instance: /tb/MyRiscv/u_regfile/MUXA
# ** Warning: NUMERIC_STD.TO_INTEGER: metavalue detected, returning 0
#    Time: 3953420 ns  Iteration: 5  Instance: /tb/MyRiscv/u_regfile/MUXB
# ** Warning: NUMERIC_STD.TO_INTEGER: metavalue detected, returning 0
#    Time: 3953440 ns  Iteration: 5  Instance: /tb/MyRiscv/u_regfile/MUXA
# ** Warning: NUMERIC_STD.TO_INTEGER: metavalue detected, returning 0
#    Time: 3953440 ns  Iteration: 5  Instance: /tb/MyRiscv/u_regfile/MUXB
# ** Warning: NUMERIC_STD.TO_INTEGER: metavalue detected, returning 0
#    Time: 3973880 ns  Iteration: 2  Instance: /tb/MyRiscv/u_regfile/MUXB
# ** Warning: NUMERIC_STD.TO_INTEGER: metavalue detected, returning 0
#    Time: 3973880 ns  Iteration: 2  Instance: /tb/MyRiscv/u_regfile/MUXA
# ** Warning: NUMERIC_STD.TO_INTEGER: metavalue detected, returning 0
#    Time: 3973880 ns  Iteration: 5  Instance: /tb/MyRiscv/u_regfile/MUXA
# ** Warning: NUMERIC_STD.TO_INTEGER: metavalue detected, returning 0
#    Time: 3973880 ns  Iteration: 5  Instance: /tb/MyRiscv/u_regfile/MUXB
# ** Warning: NUMERIC_STD.TO_INTEGER: metavalue detected, returning 0
#    Time: 3973900 ns  Iteration: 5  Instance: /tb/MyRiscv/u_regfile/MUXA
# ** Warning: NUMERIC_STD.TO_INTEGER: metavalue detected, returning 0
#    Time: 3973900 ns  Iteration: 5  Instance: /tb/MyRiscv/u_regfile/MUXB
# ** Warning: NUMERIC_STD.TO_INTEGER: metavalue detected, returning 0
#    Time: 3973920 ns  Iteration: 5  Instance: /tb/MyRiscv/u_regfile/MUXA
# ** Warning: NUMERIC_STD.TO_INTEGER: metavalue detected, returning 0
#    Time: 3973920 ns  Iteration: 5  Instance: /tb/MyRiscv/u_regfile/MUXB
# ** Warning: NUMERIC_STD.TO_INTEGER: metavalue detected, returning 0
#    Time: 3994360 ns  Iteration: 2  Instance: /tb/MyRiscv/u_regfile/MUXB
# ** Warning: NUMERIC_STD.TO_INTEGER: metavalue detected, returning 0
#    Time: 3994360 ns  Iteration: 2  Instance: /tb/MyRiscv/u_regfile/MUXA
# ** Warning: NUMERIC_STD.TO_INTEGER: metavalue detected, returning 0
#    Time: 3994360 ns  Iteration: 5  Instance: /tb/MyRiscv/u_regfile/MUXA
# ** Warning: NUMERIC_STD.TO_INTEGER: metavalue detected, returning 0
#    Time: 3994360 ns  Iteration: 5  Instance: /tb/MyRiscv/u_regfile/MUXB
# ** Warning: NUMERIC_STD.TO_INTEGER: metavalue detected, returning 0
#    Time: 3994380 ns  Iteration: 5  Instance: /tb/MyRiscv/u_regfile/MUXA
# ** Warning: NUMERIC_STD.TO_INTEGER: metavalue detected, returning 0
#    Time: 3994380 ns  Iteration: 5  Instance: /tb/MyRiscv/u_regfile/MUXB
# ** Warning: NUMERIC_STD.TO_INTEGER: metavalue detected, returning 0
#    Time: 3994400 ns  Iteration: 5  Instance: /tb/MyRiscv/u_regfile/MUXA
# ** Warning: NUMERIC_STD.TO_INTEGER: metavalue detected, returning 0
#    Time: 3994400 ns  Iteration: 5  Instance: /tb/MyRiscv/u_regfile/MUXB
# ** Warning: NUMERIC_STD.TO_INTEGER: metavalue detected, returning 0
#    Time: 4014840 ns  Iteration: 2  Instance: /tb/MyRiscv/u_regfile/MUXB
# ** Warning: NUMERIC_STD.TO_INTEGER: metavalue detected, returning 0
#    Time: 4014840 ns  Iteration: 2  Instance: /tb/MyRiscv/u_regfile/MUXA
# ** Warning: NUMERIC_STD.TO_INTEGER: metavalue detected, returning 0
#    Time: 4014840 ns  Iteration: 5  Instance: /tb/MyRiscv/u_regfile/MUXA
# ** Warning: NUMERIC_STD.TO_INTEGER: metavalue detected, returning 0
#    Time: 4014840 ns  Iteration: 5  Instance: /tb/MyRiscv/u_regfile/MUXB
# ** Warning: NUMERIC_STD.TO_INTEGER: metavalue detected, returning 0
#    Time: 4014860 ns  Iteration: 5  Instance: /tb/MyRiscv/u_regfile/MUXA
# ** Warning: NUMERIC_STD.TO_INTEGER: metavalue detected, returning 0
#    Time: 4014860 ns  Iteration: 5  Instance: /tb/MyRiscv/u_regfile/MUXB
# ** Warning: NUMERIC_STD.TO_INTEGER: metavalue detected, returning 0
#    Time: 4014880 ns  Iteration: 5  Instance: /tb/MyRiscv/u_regfile/MUXA
# ** Warning: NUMERIC_STD.TO_INTEGER: metavalue detected, returning 0
#    Time: 4014880 ns  Iteration: 5  Instance: /tb/MyRiscv/u_regfile/MUXB
# ** Warning: NUMERIC_STD.TO_INTEGER: metavalue detected, returning 0
#    Time: 4035320 ns  Iteration: 2  Instance: /tb/MyRiscv/u_regfile/MUXB
# ** Warning: NUMERIC_STD.TO_INTEGER: metavalue detected, returning 0
#    Time: 4035320 ns  Iteration: 2  Instance: /tb/MyRiscv/u_regfile/MUXA
# ** Warning: NUMERIC_STD.TO_INTEGER: metavalue detected, returning 0
#    Time: 4035320 ns  Iteration: 5  Instance: /tb/MyRiscv/u_regfile/MUXA
# ** Warning: NUMERIC_STD.TO_INTEGER: metavalue detected, returning 0
#    Time: 4035320 ns  Iteration: 5  Instance: /tb/MyRiscv/u_regfile/MUXB
# ** Warning: NUMERIC_STD.TO_INTEGER: metavalue detected, returning 0
#    Time: 4035340 ns  Iteration: 5  Instance: /tb/MyRiscv/u_regfile/MUXA
# ** Warning: NUMERIC_STD.TO_INTEGER: metavalue detected, returning 0
#    Time: 4035340 ns  Iteration: 5  Instance: /tb/MyRiscv/u_regfile/MUXB
# ** Warning: NUMERIC_STD.TO_INTEGER: metavalue detected, returning 0
#    Time: 4035360 ns  Iteration: 5  Instance: /tb/MyRiscv/u_regfile/MUXA
# ** Warning: NUMERIC_STD.TO_INTEGER: metavalue detected, returning 0
#    Time: 4035360 ns  Iteration: 5  Instance: /tb/MyRiscv/u_regfile/MUXB
# ** Warning: NUMERIC_STD.TO_INTEGER: metavalue detected, returning 0
#    Time: 4055800 ns  Iteration: 2  Instance: /tb/MyRiscv/u_regfile/MUXB
# ** Warning: NUMERIC_STD.TO_INTEGER: metavalue detected, returning 0
#    Time: 4055800 ns  Iteration: 2  Instance: /tb/MyRiscv/u_regfile/MUXA
# ** Warning: NUMERIC_STD.TO_INTEGER: metavalue detected, returning 0
#    Time: 4055800 ns  Iteration: 5  Instance: /tb/MyRiscv/u_regfile/MUXA
# ** Warning: NUMERIC_STD.TO_INTEGER: metavalue detected, returning 0
#    Time: 4055800 ns  Iteration: 5  Instance: /tb/MyRiscv/u_regfile/MUXB
# ** Warning: NUMERIC_STD.TO_INTEGER: metavalue detected, returning 0
#    Time: 4055820 ns  Iteration: 5  Instance: /tb/MyRiscv/u_regfile/MUXA
# ** Warning: NUMERIC_STD.TO_INTEGER: metavalue detected, returning 0
#    Time: 4055820 ns  Iteration: 5  Instance: /tb/MyRiscv/u_regfile/MUXB
# ** Warning: NUMERIC_STD.TO_INTEGER: metavalue detected, returning 0
#    Time: 4055840 ns  Iteration: 5  Instance: /tb/MyRiscv/u_regfile/MUXA
# ** Warning: NUMERIC_STD.TO_INTEGER: metavalue detected, returning 0
#    Time: 4055840 ns  Iteration: 5  Instance: /tb/MyRiscv/u_regfile/MUXB
# ** Warning: NUMERIC_STD.TO_INTEGER: metavalue detected, returning 0
#    Time: 4076280 ns  Iteration: 2  Instance: /tb/MyRiscv/u_regfile/MUXB
# ** Warning: NUMERIC_STD.TO_INTEGER: metavalue detected, returning 0
#    Time: 4076280 ns  Iteration: 2  Instance: /tb/MyRiscv/u_regfile/MUXA
# ** Warning: NUMERIC_STD.TO_INTEGER: metavalue detected, returning 0
#    Time: 4076280 ns  Iteration: 5  Instance: /tb/MyRiscv/u_regfile/MUXA
# ** Warning: NUMERIC_STD.TO_INTEGER: metavalue detected, returning 0
#    Time: 4076280 ns  Iteration: 5  Instance: /tb/MyRiscv/u_regfile/MUXB
# ** Warning: NUMERIC_STD.TO_INTEGER: metavalue detected, returning 0
#    Time: 4076300 ns  Iteration: 5  Instance: /tb/MyRiscv/u_regfile/MUXA
# ** Warning: NUMERIC_STD.TO_INTEGER: metavalue detected, returning 0
#    Time: 4076300 ns  Iteration: 5  Instance: /tb/MyRiscv/u_regfile/MUXB
# ** Warning: NUMERIC_STD.TO_INTEGER: metavalue detected, returning 0
#    Time: 4076320 ns  Iteration: 5  Instance: /tb/MyRiscv/u_regfile/MUXA
# ** Warning: NUMERIC_STD.TO_INTEGER: metavalue detected, returning 0
#    Time: 4076320 ns  Iteration: 5  Instance: /tb/MyRiscv/u_regfile/MUXB
# ** Warning: NUMERIC_STD.TO_INTEGER: metavalue detected, returning 0
#    Time: 4096760 ns  Iteration: 2  Instance: /tb/MyRiscv/u_regfile/MUXB
# ** Warning: NUMERIC_STD.TO_INTEGER: metavalue detected, returning 0
#    Time: 4096760 ns  Iteration: 2  Instance: /tb/MyRiscv/u_regfile/MUXA
# ** Warning: NUMERIC_STD.TO_INTEGER: metavalue detected, returning 0
#    Time: 4096760 ns  Iteration: 5  Instance: /tb/MyRiscv/u_regfile/MUXA
# ** Warning: NUMERIC_STD.TO_INTEGER: metavalue detected, returning 0
#    Time: 4096760 ns  Iteration: 5  Instance: /tb/MyRiscv/u_regfile/MUXB
# ** Warning: NUMERIC_STD.TO_INTEGER: metavalue detected, returning 0
#    Time: 4096780 ns  Iteration: 5  Instance: /tb/MyRiscv/u_regfile/MUXA
# ** Warning: NUMERIC_STD.TO_INTEGER: metavalue detected, returning 0
#    Time: 4096780 ns  Iteration: 5  Instance: /tb/MyRiscv/u_regfile/MUXB
# ** Warning: NUMERIC_STD.TO_INTEGER: metavalue detected, returning 0
#    Time: 4096800 ns  Iteration: 5  Instance: /tb/MyRiscv/u_regfile/MUXA
# ** Warning: NUMERIC_STD.TO_INTEGER: metavalue detected, returning 0
#    Time: 4096800 ns  Iteration: 5  Instance: /tb/MyRiscv/u_regfile/MUXB
# ** Warning: NUMERIC_STD.TO_INTEGER: metavalue detected, returning 0
#    Time: 4117240 ns  Iteration: 2  Instance: /tb/MyRiscv/u_regfile/MUXB
# ** Warning: NUMERIC_STD.TO_INTEGER: metavalue detected, returning 0
#    Time: 4117240 ns  Iteration: 2  Instance: /tb/MyRiscv/u_regfile/MUXA
# ** Warning: NUMERIC_STD.TO_INTEGER: metavalue detected, returning 0
#    Time: 4117240 ns  Iteration: 5  Instance: /tb/MyRiscv/u_regfile/MUXA
# ** Warning: NUMERIC_STD.TO_INTEGER: metavalue detected, returning 0
#    Time: 4117240 ns  Iteration: 5  Instance: /tb/MyRiscv/u_regfile/MUXB
# ** Warning: NUMERIC_STD.TO_INTEGER: metavalue detected, returning 0
#    Time: 4117260 ns  Iteration: 5  Instance: /tb/MyRiscv/u_regfile/MUXA
# ** Warning: NUMERIC_STD.TO_INTEGER: metavalue detected, returning 0
#    Time: 4117260 ns  Iteration: 5  Instance: /tb/MyRiscv/u_regfile/MUXB
# ** Warning: NUMERIC_STD.TO_INTEGER: metavalue detected, returning 0
#    Time: 4117280 ns  Iteration: 5  Instance: /tb/MyRiscv/u_regfile/MUXA
# ** Warning: NUMERIC_STD.TO_INTEGER: metavalue detected, returning 0
#    Time: 4117280 ns  Iteration: 5  Instance: /tb/MyRiscv/u_regfile/MUXB
# ** Warning: NUMERIC_STD.TO_INTEGER: metavalue detected, returning 0
#    Time: 4137720 ns  Iteration: 2  Instance: /tb/MyRiscv/u_regfile/MUXB
# ** Warning: NUMERIC_STD.TO_INTEGER: metavalue detected, returning 0
#    Time: 4137720 ns  Iteration: 2  Instance: /tb/MyRiscv/u_regfile/MUXA
# ** Warning: NUMERIC_STD.TO_INTEGER: metavalue detected, returning 0
#    Time: 4137720 ns  Iteration: 5  Instance: /tb/MyRiscv/u_regfile/MUXA
# ** Warning: NUMERIC_STD.TO_INTEGER: metavalue detected, returning 0
#    Time: 4137720 ns  Iteration: 5  Instance: /tb/MyRiscv/u_regfile/MUXB
# ** Warning: NUMERIC_STD.TO_INTEGER: metavalue detected, returning 0
#    Time: 4137740 ns  Iteration: 5  Instance: /tb/MyRiscv/u_regfile/MUXA
# ** Warning: NUMERIC_STD.TO_INTEGER: metavalue detected, returning 0
#    Time: 4137740 ns  Iteration: 5  Instance: /tb/MyRiscv/u_regfile/MUXB
# ** Warning: NUMERIC_STD.TO_INTEGER: metavalue detected, returning 0
#    Time: 4137760 ns  Iteration: 5  Instance: /tb/MyRiscv/u_regfile/MUXA
# ** Warning: NUMERIC_STD.TO_INTEGER: metavalue detected, returning 0
#    Time: 4137760 ns  Iteration: 5  Instance: /tb/MyRiscv/u_regfile/MUXB
# ** Warning: NUMERIC_STD.TO_INTEGER: metavalue detected, returning 0
#    Time: 4158200 ns  Iteration: 2  Instance: /tb/MyRiscv/u_regfile/MUXB
# ** Warning: NUMERIC_STD.TO_INTEGER: metavalue detected, returning 0
#    Time: 4158200 ns  Iteration: 2  Instance: /tb/MyRiscv/u_regfile/MUXA
# ** Warning: NUMERIC_STD.TO_INTEGER: metavalue detected, returning 0
#    Time: 4158200 ns  Iteration: 5  Instance: /tb/MyRiscv/u_regfile/MUXA
# ** Warning: NUMERIC_STD.TO_INTEGER: metavalue detected, returning 0
#    Time: 4158200 ns  Iteration: 5  Instance: /tb/MyRiscv/u_regfile/MUXB
# ** Warning: NUMERIC_STD.TO_INTEGER: metavalue detected, returning 0
#    Time: 4158220 ns  Iteration: 5  Instance: /tb/MyRiscv/u_regfile/MUXA
# ** Warning: NUMERIC_STD.TO_INTEGER: metavalue detected, returning 0
#    Time: 4158220 ns  Iteration: 5  Instance: /tb/MyRiscv/u_regfile/MUXB
# ** Warning: NUMERIC_STD.TO_INTEGER: metavalue detected, returning 0
#    Time: 4158240 ns  Iteration: 5  Instance: /tb/MyRiscv/u_regfile/MUXA
# ** Warning: NUMERIC_STD.TO_INTEGER: metavalue detected, returning 0
#    Time: 4158240 ns  Iteration: 5  Instance: /tb/MyRiscv/u_regfile/MUXB
# ** Warning: NUMERIC_STD.TO_INTEGER: metavalue detected, returning 0
#    Time: 4178680 ns  Iteration: 2  Instance: /tb/MyRiscv/u_regfile/MUXB
# ** Warning: NUMERIC_STD.TO_INTEGER: metavalue detected, returning 0
#    Time: 4178680 ns  Iteration: 2  Instance: /tb/MyRiscv/u_regfile/MUXA
# ** Warning: NUMERIC_STD.TO_INTEGER: metavalue detected, returning 0
#    Time: 4178680 ns  Iteration: 5  Instance: /tb/MyRiscv/u_regfile/MUXA
# ** Warning: NUMERIC_STD.TO_INTEGER: metavalue detected, returning 0
#    Time: 4178680 ns  Iteration: 5  Instance: /tb/MyRiscv/u_regfile/MUXB
# ** Warning: NUMERIC_STD.TO_INTEGER: metavalue detected, returning 0
#    Time: 4178700 ns  Iteration: 5  Instance: /tb/MyRiscv/u_regfile/MUXA
# ** Warning: NUMERIC_STD.TO_INTEGER: metavalue detected, returning 0
#    Time: 4178700 ns  Iteration: 5  Instance: /tb/MyRiscv/u_regfile/MUXB
# ** Warning: NUMERIC_STD.TO_INTEGER: metavalue detected, returning 0
#    Time: 4178720 ns  Iteration: 5  Instance: /tb/MyRiscv/u_regfile/MUXA
# ** Warning: NUMERIC_STD.TO_INTEGER: metavalue detected, returning 0
#    Time: 4178720 ns  Iteration: 5  Instance: /tb/MyRiscv/u_regfile/MUXB
# ** Warning: NUMERIC_STD.TO_INTEGER: metavalue detected, returning 0
#    Time: 4199160 ns  Iteration: 2  Instance: /tb/MyRiscv/u_regfile/MUXB
# ** Warning: NUMERIC_STD.TO_INTEGER: metavalue detected, returning 0
#    Time: 4199160 ns  Iteration: 2  Instance: /tb/MyRiscv/u_regfile/MUXA
# ** Warning: NUMERIC_STD.TO_INTEGER: metavalue detected, returning 0
#    Time: 4199160 ns  Iteration: 5  Instance: /tb/MyRiscv/u_regfile/MUXA
# ** Warning: NUMERIC_STD.TO_INTEGER: metavalue detected, returning 0
#    Time: 4199160 ns  Iteration: 5  Instance: /tb/MyRiscv/u_regfile/MUXB
# ** Warning: NUMERIC_STD.TO_INTEGER: metavalue detected, returning 0
#    Time: 4199180 ns  Iteration: 5  Instance: /tb/MyRiscv/u_regfile/MUXA
# ** Warning: NUMERIC_STD.TO_INTEGER: metavalue detected, returning 0
#    Time: 4199180 ns  Iteration: 5  Instance: /tb/MyRiscv/u_regfile/MUXB
# ** Warning: NUMERIC_STD.TO_INTEGER: metavalue detected, returning 0
#    Time: 4199200 ns  Iteration: 5  Instance: /tb/MyRiscv/u_regfile/MUXA
# ** Warning: NUMERIC_STD.TO_INTEGER: metavalue detected, returning 0
#    Time: 4199200 ns  Iteration: 5  Instance: /tb/MyRiscv/u_regfile/MUXB
# ** Warning: NUMERIC_STD.TO_INTEGER: metavalue detected, returning 0
#    Time: 4219640 ns  Iteration: 2  Instance: /tb/MyRiscv/u_regfile/MUXB
# ** Warning: NUMERIC_STD.TO_INTEGER: metavalue detected, returning 0
#    Time: 4219640 ns  Iteration: 2  Instance: /tb/MyRiscv/u_regfile/MUXA
# ** Warning: NUMERIC_STD.TO_INTEGER: metavalue detected, returning 0
#    Time: 4219640 ns  Iteration: 5  Instance: /tb/MyRiscv/u_regfile/MUXA
# ** Warning: NUMERIC_STD.TO_INTEGER: metavalue detected, returning 0
#    Time: 4219640 ns  Iteration: 5  Instance: /tb/MyRiscv/u_regfile/MUXB
# ** Warning: NUMERIC_STD.TO_INTEGER: metavalue detected, returning 0
#    Time: 4219660 ns  Iteration: 5  Instance: /tb/MyRiscv/u_regfile/MUXA
# ** Warning: NUMERIC_STD.TO_INTEGER: metavalue detected, returning 0
#    Time: 4219660 ns  Iteration: 5  Instance: /tb/MyRiscv/u_regfile/MUXB
# ** Warning: NUMERIC_STD.TO_INTEGER: metavalue detected, returning 0
#    Time: 4219680 ns  Iteration: 5  Instance: /tb/MyRiscv/u_regfile/MUXA
# ** Warning: NUMERIC_STD.TO_INTEGER: metavalue detected, returning 0
#    Time: 4219680 ns  Iteration: 5  Instance: /tb/MyRiscv/u_regfile/MUXB
# ** Warning: NUMERIC_STD.TO_INTEGER: metavalue detected, returning 0
#    Time: 4240120 ns  Iteration: 2  Instance: /tb/MyRiscv/u_regfile/MUXB
# ** Warning: NUMERIC_STD.TO_INTEGER: metavalue detected, returning 0
#    Time: 4240120 ns  Iteration: 2  Instance: /tb/MyRiscv/u_regfile/MUXA
# ** Warning: NUMERIC_STD.TO_INTEGER: metavalue detected, returning 0
#    Time: 4240120 ns  Iteration: 5  Instance: /tb/MyRiscv/u_regfile/MUXA
# ** Warning: NUMERIC_STD.TO_INTEGER: metavalue detected, returning 0
#    Time: 4240120 ns  Iteration: 5  Instance: /tb/MyRiscv/u_regfile/MUXB
# ** Warning: NUMERIC_STD.TO_INTEGER: metavalue detected, returning 0
#    Time: 4240140 ns  Iteration: 5  Instance: /tb/MyRiscv/u_regfile/MUXA
# ** Warning: NUMERIC_STD.TO_INTEGER: metavalue detected, returning 0
#    Time: 4240140 ns  Iteration: 5  Instance: /tb/MyRiscv/u_regfile/MUXB
# ** Warning: NUMERIC_STD.TO_INTEGER: metavalue detected, returning 0
#    Time: 4240160 ns  Iteration: 5  Instance: /tb/MyRiscv/u_regfile/MUXA
# ** Warning: NUMERIC_STD.TO_INTEGER: metavalue detected, returning 0
#    Time: 4240160 ns  Iteration: 5  Instance: /tb/MyRiscv/u_regfile/MUXB
# ** Warning: NUMERIC_STD.TO_INTEGER: metavalue detected, returning 0
#    Time: 4260600 ns  Iteration: 2  Instance: /tb/MyRiscv/u_regfile/MUXB
# ** Warning: NUMERIC_STD.TO_INTEGER: metavalue detected, returning 0
#    Time: 4260600 ns  Iteration: 2  Instance: /tb/MyRiscv/u_regfile/MUXA
# ** Warning: NUMERIC_STD.TO_INTEGER: metavalue detected, returning 0
#    Time: 4260600 ns  Iteration: 5  Instance: /tb/MyRiscv/u_regfile/MUXA
# ** Warning: NUMERIC_STD.TO_INTEGER: metavalue detected, returning 0
#    Time: 4260600 ns  Iteration: 5  Instance: /tb/MyRiscv/u_regfile/MUXB
# ** Warning: NUMERIC_STD.TO_INTEGER: metavalue detected, returning 0
#    Time: 4260620 ns  Iteration: 5  Instance: /tb/MyRiscv/u_regfile/MUXA
# ** Warning: NUMERIC_STD.TO_INTEGER: metavalue detected, returning 0
#    Time: 4260620 ns  Iteration: 5  Instance: /tb/MyRiscv/u_regfile/MUXB
# ** Warning: NUMERIC_STD.TO_INTEGER: metavalue detected, returning 0
#    Time: 4260640 ns  Iteration: 5  Instance: /tb/MyRiscv/u_regfile/MUXA
# ** Warning: NUMERIC_STD.TO_INTEGER: metavalue detected, returning 0
#    Time: 4260640 ns  Iteration: 5  Instance: /tb/MyRiscv/u_regfile/MUXB
# ** Warning: NUMERIC_STD.TO_INTEGER: metavalue detected, returning 0
#    Time: 4281080 ns  Iteration: 2  Instance: /tb/MyRiscv/u_regfile/MUXB
# ** Warning: NUMERIC_STD.TO_INTEGER: metavalue detected, returning 0
#    Time: 4281080 ns  Iteration: 2  Instance: /tb/MyRiscv/u_regfile/MUXA
# ** Warning: NUMERIC_STD.TO_INTEGER: metavalue detected, returning 0
#    Time: 4281080 ns  Iteration: 5  Instance: /tb/MyRiscv/u_regfile/MUXA
# ** Warning: NUMERIC_STD.TO_INTEGER: metavalue detected, returning 0
#    Time: 4281080 ns  Iteration: 5  Instance: /tb/MyRiscv/u_regfile/MUXB
# ** Warning: NUMERIC_STD.TO_INTEGER: metavalue detected, returning 0
#    Time: 4281100 ns  Iteration: 5  Instance: /tb/MyRiscv/u_regfile/MUXA
# ** Warning: NUMERIC_STD.TO_INTEGER: metavalue detected, returning 0
#    Time: 4281100 ns  Iteration: 5  Instance: /tb/MyRiscv/u_regfile/MUXB
# ** Warning: NUMERIC_STD.TO_INTEGER: metavalue detected, returning 0
#    Time: 4281120 ns  Iteration: 5  Instance: /tb/MyRiscv/u_regfile/MUXA
# ** Warning: NUMERIC_STD.TO_INTEGER: metavalue detected, returning 0
#    Time: 4281120 ns  Iteration: 5  Instance: /tb/MyRiscv/u_regfile/MUXB
# ** Warning: NUMERIC_STD.TO_INTEGER: metavalue detected, returning 0
#    Time: 4301560 ns  Iteration: 2  Instance: /tb/MyRiscv/u_regfile/MUXB
# ** Warning: NUMERIC_STD.TO_INTEGER: metavalue detected, returning 0
#    Time: 4301560 ns  Iteration: 2  Instance: /tb/MyRiscv/u_regfile/MUXA
# ** Warning: NUMERIC_STD.TO_INTEGER: metavalue detected, returning 0
#    Time: 4301560 ns  Iteration: 5  Instance: /tb/MyRiscv/u_regfile/MUXA
# ** Warning: NUMERIC_STD.TO_INTEGER: metavalue detected, returning 0
#    Time: 4301560 ns  Iteration: 5  Instance: /tb/MyRiscv/u_regfile/MUXB
# ** Warning: NUMERIC_STD.TO_INTEGER: metavalue detected, returning 0
#    Time: 4301580 ns  Iteration: 5  Instance: /tb/MyRiscv/u_regfile/MUXA
# ** Warning: NUMERIC_STD.TO_INTEGER: metavalue detected, returning 0
#    Time: 4301580 ns  Iteration: 5  Instance: /tb/MyRiscv/u_regfile/MUXB
# ** Warning: NUMERIC_STD.TO_INTEGER: metavalue detected, returning 0
#    Time: 4301600 ns  Iteration: 5  Instance: /tb/MyRiscv/u_regfile/MUXA
# ** Warning: NUMERIC_STD.TO_INTEGER: metavalue detected, returning 0
#    Time: 4301600 ns  Iteration: 5  Instance: /tb/MyRiscv/u_regfile/MUXB
# ** Warning: NUMERIC_STD.TO_INTEGER: metavalue detected, returning 0
#    Time: 4322040 ns  Iteration: 2  Instance: /tb/MyRiscv/u_regfile/MUXB
# ** Warning: NUMERIC_STD.TO_INTEGER: metavalue detected, returning 0
#    Time: 4322040 ns  Iteration: 2  Instance: /tb/MyRiscv/u_regfile/MUXA
# ** Warning: NUMERIC_STD.TO_INTEGER: metavalue detected, returning 0
#    Time: 4322040 ns  Iteration: 5  Instance: /tb/MyRiscv/u_regfile/MUXA
# ** Warning: NUMERIC_STD.TO_INTEGER: metavalue detected, returning 0
#    Time: 4322040 ns  Iteration: 5  Instance: /tb/MyRiscv/u_regfile/MUXB
# ** Warning: NUMERIC_STD.TO_INTEGER: metavalue detected, returning 0
#    Time: 4322060 ns  Iteration: 5  Instance: /tb/MyRiscv/u_regfile/MUXA
# ** Warning: NUMERIC_STD.TO_INTEGER: metavalue detected, returning 0
#    Time: 4322060 ns  Iteration: 5  Instance: /tb/MyRiscv/u_regfile/MUXB
# ** Warning: NUMERIC_STD.TO_INTEGER: metavalue detected, returning 0
#    Time: 4322080 ns  Iteration: 5  Instance: /tb/MyRiscv/u_regfile/MUXA
# ** Warning: NUMERIC_STD.TO_INTEGER: metavalue detected, returning 0
#    Time: 4322080 ns  Iteration: 5  Instance: /tb/MyRiscv/u_regfile/MUXB
# ** Warning: NUMERIC_STD.TO_INTEGER: metavalue detected, returning 0
#    Time: 4342520 ns  Iteration: 2  Instance: /tb/MyRiscv/u_regfile/MUXB
# ** Warning: NUMERIC_STD.TO_INTEGER: metavalue detected, returning 0
#    Time: 4342520 ns  Iteration: 2  Instance: /tb/MyRiscv/u_regfile/MUXA
# ** Warning: NUMERIC_STD.TO_INTEGER: metavalue detected, returning 0
#    Time: 4342520 ns  Iteration: 5  Instance: /tb/MyRiscv/u_regfile/MUXA
# ** Warning: NUMERIC_STD.TO_INTEGER: metavalue detected, returning 0
#    Time: 4342520 ns  Iteration: 5  Instance: /tb/MyRiscv/u_regfile/MUXB
# ** Warning: NUMERIC_STD.TO_INTEGER: metavalue detected, returning 0
#    Time: 4342540 ns  Iteration: 5  Instance: /tb/MyRiscv/u_regfile/MUXA
# ** Warning: NUMERIC_STD.TO_INTEGER: metavalue detected, returning 0
#    Time: 4342540 ns  Iteration: 5  Instance: /tb/MyRiscv/u_regfile/MUXB
# ** Warning: NUMERIC_STD.TO_INTEGER: metavalue detected, returning 0
#    Time: 4342560 ns  Iteration: 5  Instance: /tb/MyRiscv/u_regfile/MUXA
# ** Warning: NUMERIC_STD.TO_INTEGER: metavalue detected, returning 0
#    Time: 4342560 ns  Iteration: 5  Instance: /tb/MyRiscv/u_regfile/MUXB
# ** Warning: NUMERIC_STD.TO_INTEGER: metavalue detected, returning 0
#    Time: 4363 us  Iteration: 2  Instance: /tb/MyRiscv/u_regfile/MUXB
# ** Warning: NUMERIC_STD.TO_INTEGER: metavalue detected, returning 0
#    Time: 4363 us  Iteration: 2  Instance: /tb/MyRiscv/u_regfile/MUXA
# ** Warning: NUMERIC_STD.TO_INTEGER: metavalue detected, returning 0
#    Time: 4363 us  Iteration: 5  Instance: /tb/MyRiscv/u_regfile/MUXA
# ** Warning: NUMERIC_STD.TO_INTEGER: metavalue detected, returning 0
#    Time: 4363 us  Iteration: 5  Instance: /tb/MyRiscv/u_regfile/MUXB
# ** Warning: NUMERIC_STD.TO_INTEGER: metavalue detected, returning 0
#    Time: 4363020 ns  Iteration: 5  Instance: /tb/MyRiscv/u_regfile/MUXA
# ** Warning: NUMERIC_STD.TO_INTEGER: metavalue detected, returning 0
#    Time: 4363020 ns  Iteration: 5  Instance: /tb/MyRiscv/u_regfile/MUXB
# ** Warning: NUMERIC_STD.TO_INTEGER: metavalue detected, returning 0
#    Time: 4363040 ns  Iteration: 5  Instance: /tb/MyRiscv/u_regfile/MUXA
# ** Warning: NUMERIC_STD.TO_INTEGER: metavalue detected, returning 0
#    Time: 4363040 ns  Iteration: 5  Instance: /tb/MyRiscv/u_regfile/MUXB
# ** Warning: NUMERIC_STD.TO_INTEGER: metavalue detected, returning 0
#    Time: 4383480 ns  Iteration: 2  Instance: /tb/MyRiscv/u_regfile/MUXB
# ** Warning: NUMERIC_STD.TO_INTEGER: metavalue detected, returning 0
#    Time: 4383480 ns  Iteration: 2  Instance: /tb/MyRiscv/u_regfile/MUXA
# ** Warning: NUMERIC_STD.TO_INTEGER: metavalue detected, returning 0
#    Time: 4383480 ns  Iteration: 5  Instance: /tb/MyRiscv/u_regfile/MUXA
# ** Warning: NUMERIC_STD.TO_INTEGER: metavalue detected, returning 0
#    Time: 4383480 ns  Iteration: 5  Instance: /tb/MyRiscv/u_regfile/MUXB
# ** Warning: NUMERIC_STD.TO_INTEGER: metavalue detected, returning 0
#    Time: 4383500 ns  Iteration: 5  Instance: /tb/MyRiscv/u_regfile/MUXA
# ** Warning: NUMERIC_STD.TO_INTEGER: metavalue detected, returning 0
#    Time: 4383500 ns  Iteration: 5  Instance: /tb/MyRiscv/u_regfile/MUXB
# ** Warning: NUMERIC_STD.TO_INTEGER: metavalue detected, returning 0
#    Time: 4383520 ns  Iteration: 5  Instance: /tb/MyRiscv/u_regfile/MUXA
# ** Warning: NUMERIC_STD.TO_INTEGER: metavalue detected, returning 0
#    Time: 4383520 ns  Iteration: 5  Instance: /tb/MyRiscv/u_regfile/MUXB
# ** Warning: NUMERIC_STD.TO_INTEGER: metavalue detected, returning 0
#    Time: 4403960 ns  Iteration: 2  Instance: /tb/MyRiscv/u_regfile/MUXB
# ** Warning: NUMERIC_STD.TO_INTEGER: metavalue detected, returning 0
#    Time: 4403960 ns  Iteration: 2  Instance: /tb/MyRiscv/u_regfile/MUXA
# ** Warning: NUMERIC_STD.TO_INTEGER: metavalue detected, returning 0
#    Time: 4403960 ns  Iteration: 5  Instance: /tb/MyRiscv/u_regfile/MUXA
# ** Warning: NUMERIC_STD.TO_INTEGER: metavalue detected, returning 0
#    Time: 4403960 ns  Iteration: 5  Instance: /tb/MyRiscv/u_regfile/MUXB
# ** Warning: NUMERIC_STD.TO_INTEGER: metavalue detected, returning 0
#    Time: 4403980 ns  Iteration: 5  Instance: /tb/MyRiscv/u_regfile/MUXA
# ** Warning: NUMERIC_STD.TO_INTEGER: metavalue detected, returning 0
#    Time: 4403980 ns  Iteration: 5  Instance: /tb/MyRiscv/u_regfile/MUXB
# ** Warning: NUMERIC_STD.TO_INTEGER: metavalue detected, returning 0
#    Time: 4404 us  Iteration: 5  Instance: /tb/MyRiscv/u_regfile/MUXA
# ** Warning: NUMERIC_STD.TO_INTEGER: metavalue detected, returning 0
#    Time: 4404 us  Iteration: 5  Instance: /tb/MyRiscv/u_regfile/MUXB
# ** Warning: NUMERIC_STD.TO_INTEGER: metavalue detected, returning 0
#    Time: 4424440 ns  Iteration: 2  Instance: /tb/MyRiscv/u_regfile/MUXB
# ** Warning: NUMERIC_STD.TO_INTEGER: metavalue detected, returning 0
#    Time: 4424440 ns  Iteration: 2  Instance: /tb/MyRiscv/u_regfile/MUXA
# ** Warning: NUMERIC_STD.TO_INTEGER: metavalue detected, returning 0
#    Time: 4424440 ns  Iteration: 5  Instance: /tb/MyRiscv/u_regfile/MUXA
# ** Warning: NUMERIC_STD.TO_INTEGER: metavalue detected, returning 0
#    Time: 4424440 ns  Iteration: 5  Instance: /tb/MyRiscv/u_regfile/MUXB
# ** Warning: NUMERIC_STD.TO_INTEGER: metavalue detected, returning 0
#    Time: 4424460 ns  Iteration: 5  Instance: /tb/MyRiscv/u_regfile/MUXA
# ** Warning: NUMERIC_STD.TO_INTEGER: metavalue detected, returning 0
#    Time: 4424460 ns  Iteration: 5  Instance: /tb/MyRiscv/u_regfile/MUXB
# ** Warning: NUMERIC_STD.TO_INTEGER: metavalue detected, returning 0
#    Time: 4424480 ns  Iteration: 5  Instance: /tb/MyRiscv/u_regfile/MUXA
# ** Warning: NUMERIC_STD.TO_INTEGER: metavalue detected, returning 0
#    Time: 4424480 ns  Iteration: 5  Instance: /tb/MyRiscv/u_regfile/MUXB
# ** Warning: NUMERIC_STD.TO_INTEGER: metavalue detected, returning 0
#    Time: 4444920 ns  Iteration: 2  Instance: /tb/MyRiscv/u_regfile/MUXB
# ** Warning: NUMERIC_STD.TO_INTEGER: metavalue detected, returning 0
#    Time: 4444920 ns  Iteration: 2  Instance: /tb/MyRiscv/u_regfile/MUXA
# ** Warning: NUMERIC_STD.TO_INTEGER: metavalue detected, returning 0
#    Time: 4444920 ns  Iteration: 5  Instance: /tb/MyRiscv/u_regfile/MUXA
# ** Warning: NUMERIC_STD.TO_INTEGER: metavalue detected, returning 0
#    Time: 4444920 ns  Iteration: 5  Instance: /tb/MyRiscv/u_regfile/MUXB
# ** Warning: NUMERIC_STD.TO_INTEGER: metavalue detected, returning 0
#    Time: 4444940 ns  Iteration: 5  Instance: /tb/MyRiscv/u_regfile/MUXA
# ** Warning: NUMERIC_STD.TO_INTEGER: metavalue detected, returning 0
#    Time: 4444940 ns  Iteration: 5  Instance: /tb/MyRiscv/u_regfile/MUXB
# ** Warning: NUMERIC_STD.TO_INTEGER: metavalue detected, returning 0
#    Time: 4444960 ns  Iteration: 5  Instance: /tb/MyRiscv/u_regfile/MUXA
# ** Warning: NUMERIC_STD.TO_INTEGER: metavalue detected, returning 0
#    Time: 4444960 ns  Iteration: 5  Instance: /tb/MyRiscv/u_regfile/MUXB
# ** Warning: NUMERIC_STD.TO_INTEGER: metavalue detected, returning 0
#    Time: 4465400 ns  Iteration: 2  Instance: /tb/MyRiscv/u_regfile/MUXB
# ** Warning: NUMERIC_STD.TO_INTEGER: metavalue detected, returning 0
#    Time: 4465400 ns  Iteration: 2  Instance: /tb/MyRiscv/u_regfile/MUXA
# ** Warning: NUMERIC_STD.TO_INTEGER: metavalue detected, returning 0
#    Time: 4465400 ns  Iteration: 5  Instance: /tb/MyRiscv/u_regfile/MUXA
# ** Warning: NUMERIC_STD.TO_INTEGER: metavalue detected, returning 0
#    Time: 4465400 ns  Iteration: 5  Instance: /tb/MyRiscv/u_regfile/MUXB
# ** Warning: NUMERIC_STD.TO_INTEGER: metavalue detected, returning 0
#    Time: 4465420 ns  Iteration: 5  Instance: /tb/MyRiscv/u_regfile/MUXA
# ** Warning: NUMERIC_STD.TO_INTEGER: metavalue detected, returning 0
#    Time: 4465420 ns  Iteration: 5  Instance: /tb/MyRiscv/u_regfile/MUXB
# ** Warning: NUMERIC_STD.TO_INTEGER: metavalue detected, returning 0
#    Time: 4465440 ns  Iteration: 5  Instance: /tb/MyRiscv/u_regfile/MUXA
# ** Warning: NUMERIC_STD.TO_INTEGER: metavalue detected, returning 0
#    Time: 4465440 ns  Iteration: 5  Instance: /tb/MyRiscv/u_regfile/MUXB
# ** Warning: NUMERIC_STD.TO_INTEGER: metavalue detected, returning 0
#    Time: 4485880 ns  Iteration: 2  Instance: /tb/MyRiscv/u_regfile/MUXB
# ** Warning: NUMERIC_STD.TO_INTEGER: metavalue detected, returning 0
#    Time: 4485880 ns  Iteration: 2  Instance: /tb/MyRiscv/u_regfile/MUXA
# ** Warning: NUMERIC_STD.TO_INTEGER: metavalue detected, returning 0
#    Time: 4485880 ns  Iteration: 5  Instance: /tb/MyRiscv/u_regfile/MUXA
# ** Warning: NUMERIC_STD.TO_INTEGER: metavalue detected, returning 0
#    Time: 4485880 ns  Iteration: 5  Instance: /tb/MyRiscv/u_regfile/MUXB
# ** Warning: NUMERIC_STD.TO_INTEGER: metavalue detected, returning 0
#    Time: 4485900 ns  Iteration: 5  Instance: /tb/MyRiscv/u_regfile/MUXA
# ** Warning: NUMERIC_STD.TO_INTEGER: metavalue detected, returning 0
#    Time: 4485900 ns  Iteration: 5  Instance: /tb/MyRiscv/u_regfile/MUXB
# ** Warning: NUMERIC_STD.TO_INTEGER: metavalue detected, returning 0
#    Time: 4485920 ns  Iteration: 5  Instance: /tb/MyRiscv/u_regfile/MUXA
# ** Warning: NUMERIC_STD.TO_INTEGER: metavalue detected, returning 0
#    Time: 4485920 ns  Iteration: 5  Instance: /tb/MyRiscv/u_regfile/MUXB
# ** Warning: NUMERIC_STD.TO_INTEGER: metavalue detected, returning 0
#    Time: 4506360 ns  Iteration: 2  Instance: /tb/MyRiscv/u_regfile/MUXB
# ** Warning: NUMERIC_STD.TO_INTEGER: metavalue detected, returning 0
#    Time: 4506360 ns  Iteration: 2  Instance: /tb/MyRiscv/u_regfile/MUXA
# ** Warning: NUMERIC_STD.TO_INTEGER: metavalue detected, returning 0
#    Time: 4506360 ns  Iteration: 5  Instance: /tb/MyRiscv/u_regfile/MUXA
# ** Warning: NUMERIC_STD.TO_INTEGER: metavalue detected, returning 0
#    Time: 4506360 ns  Iteration: 5  Instance: /tb/MyRiscv/u_regfile/MUXB
# ** Warning: NUMERIC_STD.TO_INTEGER: metavalue detected, returning 0
#    Time: 4506380 ns  Iteration: 5  Instance: /tb/MyRiscv/u_regfile/MUXA
# ** Warning: NUMERIC_STD.TO_INTEGER: metavalue detected, returning 0
#    Time: 4506380 ns  Iteration: 5  Instance: /tb/MyRiscv/u_regfile/MUXB
# ** Warning: NUMERIC_STD.TO_INTEGER: metavalue detected, returning 0
#    Time: 4506400 ns  Iteration: 5  Instance: /tb/MyRiscv/u_regfile/MUXA
# ** Warning: NUMERIC_STD.TO_INTEGER: metavalue detected, returning 0
#    Time: 4506400 ns  Iteration: 5  Instance: /tb/MyRiscv/u_regfile/MUXB
# ** Warning: NUMERIC_STD.TO_INTEGER: metavalue detected, returning 0
#    Time: 4526840 ns  Iteration: 2  Instance: /tb/MyRiscv/u_regfile/MUXB
# ** Warning: NUMERIC_STD.TO_INTEGER: metavalue detected, returning 0
#    Time: 4526840 ns  Iteration: 2  Instance: /tb/MyRiscv/u_regfile/MUXA
# ** Warning: NUMERIC_STD.TO_INTEGER: metavalue detected, returning 0
#    Time: 4526840 ns  Iteration: 5  Instance: /tb/MyRiscv/u_regfile/MUXA
# ** Warning: NUMERIC_STD.TO_INTEGER: metavalue detected, returning 0
#    Time: 4526840 ns  Iteration: 5  Instance: /tb/MyRiscv/u_regfile/MUXB
# ** Warning: NUMERIC_STD.TO_INTEGER: metavalue detected, returning 0
#    Time: 4526860 ns  Iteration: 5  Instance: /tb/MyRiscv/u_regfile/MUXA
# ** Warning: NUMERIC_STD.TO_INTEGER: metavalue detected, returning 0
#    Time: 4526860 ns  Iteration: 5  Instance: /tb/MyRiscv/u_regfile/MUXB
# ** Warning: NUMERIC_STD.TO_INTEGER: metavalue detected, returning 0
#    Time: 4526880 ns  Iteration: 5  Instance: /tb/MyRiscv/u_regfile/MUXA
# ** Warning: NUMERIC_STD.TO_INTEGER: metavalue detected, returning 0
#    Time: 4526880 ns  Iteration: 5  Instance: /tb/MyRiscv/u_regfile/MUXB
# ** Warning: NUMERIC_STD.TO_INTEGER: metavalue detected, returning 0
#    Time: 4547320 ns  Iteration: 2  Instance: /tb/MyRiscv/u_regfile/MUXB
# ** Warning: NUMERIC_STD.TO_INTEGER: metavalue detected, returning 0
#    Time: 4547320 ns  Iteration: 2  Instance: /tb/MyRiscv/u_regfile/MUXA
# ** Warning: NUMERIC_STD.TO_INTEGER: metavalue detected, returning 0
#    Time: 4547320 ns  Iteration: 5  Instance: /tb/MyRiscv/u_regfile/MUXA
# ** Warning: NUMERIC_STD.TO_INTEGER: metavalue detected, returning 0
#    Time: 4547320 ns  Iteration: 5  Instance: /tb/MyRiscv/u_regfile/MUXB
# ** Warning: NUMERIC_STD.TO_INTEGER: metavalue detected, returning 0
#    Time: 4547340 ns  Iteration: 5  Instance: /tb/MyRiscv/u_regfile/MUXA
# ** Warning: NUMERIC_STD.TO_INTEGER: metavalue detected, returning 0
#    Time: 4547340 ns  Iteration: 5  Instance: /tb/MyRiscv/u_regfile/MUXB
# ** Warning: NUMERIC_STD.TO_INTEGER: metavalue detected, returning 0
#    Time: 4547360 ns  Iteration: 5  Instance: /tb/MyRiscv/u_regfile/MUXA
# ** Warning: NUMERIC_STD.TO_INTEGER: metavalue detected, returning 0
#    Time: 4547360 ns  Iteration: 5  Instance: /tb/MyRiscv/u_regfile/MUXB
# ** Warning: NUMERIC_STD.TO_INTEGER: metavalue detected, returning 0
#    Time: 4567800 ns  Iteration: 2  Instance: /tb/MyRiscv/u_regfile/MUXB
# ** Warning: NUMERIC_STD.TO_INTEGER: metavalue detected, returning 0
#    Time: 4567800 ns  Iteration: 2  Instance: /tb/MyRiscv/u_regfile/MUXA
# ** Warning: NUMERIC_STD.TO_INTEGER: metavalue detected, returning 0
#    Time: 4567800 ns  Iteration: 5  Instance: /tb/MyRiscv/u_regfile/MUXA
# ** Warning: NUMERIC_STD.TO_INTEGER: metavalue detected, returning 0
#    Time: 4567800 ns  Iteration: 5  Instance: /tb/MyRiscv/u_regfile/MUXB
# ** Warning: NUMERIC_STD.TO_INTEGER: metavalue detected, returning 0
#    Time: 4567820 ns  Iteration: 5  Instance: /tb/MyRiscv/u_regfile/MUXA
# ** Warning: NUMERIC_STD.TO_INTEGER: metavalue detected, returning 0
#    Time: 4567820 ns  Iteration: 5  Instance: /tb/MyRiscv/u_regfile/MUXB
# ** Warning: NUMERIC_STD.TO_INTEGER: metavalue detected, returning 0
#    Time: 4567840 ns  Iteration: 5  Instance: /tb/MyRiscv/u_regfile/MUXA
# ** Warning: NUMERIC_STD.TO_INTEGER: metavalue detected, returning 0
#    Time: 4567840 ns  Iteration: 5  Instance: /tb/MyRiscv/u_regfile/MUXB
# ** Warning: NUMERIC_STD.TO_INTEGER: metavalue detected, returning 0
#    Time: 4588280 ns  Iteration: 2  Instance: /tb/MyRiscv/u_regfile/MUXB
# ** Warning: NUMERIC_STD.TO_INTEGER: metavalue detected, returning 0
#    Time: 4588280 ns  Iteration: 2  Instance: /tb/MyRiscv/u_regfile/MUXA
# ** Warning: NUMERIC_STD.TO_INTEGER: metavalue detected, returning 0
#    Time: 4588280 ns  Iteration: 5  Instance: /tb/MyRiscv/u_regfile/MUXA
# ** Warning: NUMERIC_STD.TO_INTEGER: metavalue detected, returning 0
#    Time: 4588280 ns  Iteration: 5  Instance: /tb/MyRiscv/u_regfile/MUXB
# ** Warning: NUMERIC_STD.TO_INTEGER: metavalue detected, returning 0
#    Time: 4588300 ns  Iteration: 5  Instance: /tb/MyRiscv/u_regfile/MUXA
# ** Warning: NUMERIC_STD.TO_INTEGER: metavalue detected, returning 0
#    Time: 4588300 ns  Iteration: 5  Instance: /tb/MyRiscv/u_regfile/MUXB
# ** Warning: NUMERIC_STD.TO_INTEGER: metavalue detected, returning 0
#    Time: 4588320 ns  Iteration: 5  Instance: /tb/MyRiscv/u_regfile/MUXA
# ** Warning: NUMERIC_STD.TO_INTEGER: metavalue detected, returning 0
#    Time: 4588320 ns  Iteration: 5  Instance: /tb/MyRiscv/u_regfile/MUXB
# ** Warning: NUMERIC_STD.TO_INTEGER: metavalue detected, returning 0
#    Time: 4608760 ns  Iteration: 2  Instance: /tb/MyRiscv/u_regfile/MUXB
# ** Warning: NUMERIC_STD.TO_INTEGER: metavalue detected, returning 0
#    Time: 4608760 ns  Iteration: 2  Instance: /tb/MyRiscv/u_regfile/MUXA
# ** Warning: NUMERIC_STD.TO_INTEGER: metavalue detected, returning 0
#    Time: 4608760 ns  Iteration: 5  Instance: /tb/MyRiscv/u_regfile/MUXA
# ** Warning: NUMERIC_STD.TO_INTEGER: metavalue detected, returning 0
#    Time: 4608760 ns  Iteration: 5  Instance: /tb/MyRiscv/u_regfile/MUXB
# ** Warning: NUMERIC_STD.TO_INTEGER: metavalue detected, returning 0
#    Time: 4608780 ns  Iteration: 5  Instance: /tb/MyRiscv/u_regfile/MUXA
# ** Warning: NUMERIC_STD.TO_INTEGER: metavalue detected, returning 0
#    Time: 4608780 ns  Iteration: 5  Instance: /tb/MyRiscv/u_regfile/MUXB
# ** Warning: NUMERIC_STD.TO_INTEGER: metavalue detected, returning 0
#    Time: 4608800 ns  Iteration: 5  Instance: /tb/MyRiscv/u_regfile/MUXA
# ** Warning: NUMERIC_STD.TO_INTEGER: metavalue detected, returning 0
#    Time: 4608800 ns  Iteration: 5  Instance: /tb/MyRiscv/u_regfile/MUXB
# ** Warning: NUMERIC_STD.TO_INTEGER: metavalue detected, returning 0
#    Time: 4629240 ns  Iteration: 2  Instance: /tb/MyRiscv/u_regfile/MUXB
# ** Warning: NUMERIC_STD.TO_INTEGER: metavalue detected, returning 0
#    Time: 4629240 ns  Iteration: 2  Instance: /tb/MyRiscv/u_regfile/MUXA
# ** Warning: NUMERIC_STD.TO_INTEGER: metavalue detected, returning 0
#    Time: 4629240 ns  Iteration: 5  Instance: /tb/MyRiscv/u_regfile/MUXA
# ** Warning: NUMERIC_STD.TO_INTEGER: metavalue detected, returning 0
#    Time: 4629240 ns  Iteration: 5  Instance: /tb/MyRiscv/u_regfile/MUXB
# ** Warning: NUMERIC_STD.TO_INTEGER: metavalue detected, returning 0
#    Time: 4629260 ns  Iteration: 5  Instance: /tb/MyRiscv/u_regfile/MUXA
# ** Warning: NUMERIC_STD.TO_INTEGER: metavalue detected, returning 0
#    Time: 4629260 ns  Iteration: 5  Instance: /tb/MyRiscv/u_regfile/MUXB
# ** Warning: NUMERIC_STD.TO_INTEGER: metavalue detected, returning 0
#    Time: 4629280 ns  Iteration: 5  Instance: /tb/MyRiscv/u_regfile/MUXA
# ** Warning: NUMERIC_STD.TO_INTEGER: metavalue detected, returning 0
#    Time: 4629280 ns  Iteration: 5  Instance: /tb/MyRiscv/u_regfile/MUXB
# ** Warning: NUMERIC_STD.TO_INTEGER: metavalue detected, returning 0
#    Time: 4649720 ns  Iteration: 2  Instance: /tb/MyRiscv/u_regfile/MUXB
# ** Warning: NUMERIC_STD.TO_INTEGER: metavalue detected, returning 0
#    Time: 4649720 ns  Iteration: 2  Instance: /tb/MyRiscv/u_regfile/MUXA
# ** Warning: NUMERIC_STD.TO_INTEGER: metavalue detected, returning 0
#    Time: 4649720 ns  Iteration: 5  Instance: /tb/MyRiscv/u_regfile/MUXA
# ** Warning: NUMERIC_STD.TO_INTEGER: metavalue detected, returning 0
#    Time: 4649720 ns  Iteration: 5  Instance: /tb/MyRiscv/u_regfile/MUXB
# ** Warning: NUMERIC_STD.TO_INTEGER: metavalue detected, returning 0
#    Time: 4649740 ns  Iteration: 5  Instance: /tb/MyRiscv/u_regfile/MUXA
# ** Warning: NUMERIC_STD.TO_INTEGER: metavalue detected, returning 0
#    Time: 4649740 ns  Iteration: 5  Instance: /tb/MyRiscv/u_regfile/MUXB
# ** Warning: NUMERIC_STD.TO_INTEGER: metavalue detected, returning 0
#    Time: 4649760 ns  Iteration: 5  Instance: /tb/MyRiscv/u_regfile/MUXA
# ** Warning: NUMERIC_STD.TO_INTEGER: metavalue detected, returning 0
#    Time: 4649760 ns  Iteration: 5  Instance: /tb/MyRiscv/u_regfile/MUXB
# ** Warning: NUMERIC_STD.TO_INTEGER: metavalue detected, returning 0
#    Time: 4670200 ns  Iteration: 2  Instance: /tb/MyRiscv/u_regfile/MUXB
# ** Warning: NUMERIC_STD.TO_INTEGER: metavalue detected, returning 0
#    Time: 4670200 ns  Iteration: 2  Instance: /tb/MyRiscv/u_regfile/MUXA
# ** Warning: NUMERIC_STD.TO_INTEGER: metavalue detected, returning 0
#    Time: 4670200 ns  Iteration: 5  Instance: /tb/MyRiscv/u_regfile/MUXA
# ** Warning: NUMERIC_STD.TO_INTEGER: metavalue detected, returning 0
#    Time: 4670200 ns  Iteration: 5  Instance: /tb/MyRiscv/u_regfile/MUXB
# ** Warning: NUMERIC_STD.TO_INTEGER: metavalue detected, returning 0
#    Time: 4670220 ns  Iteration: 5  Instance: /tb/MyRiscv/u_regfile/MUXA
# ** Warning: NUMERIC_STD.TO_INTEGER: metavalue detected, returning 0
#    Time: 4670220 ns  Iteration: 5  Instance: /tb/MyRiscv/u_regfile/MUXB
# ** Warning: NUMERIC_STD.TO_INTEGER: metavalue detected, returning 0
#    Time: 4670240 ns  Iteration: 5  Instance: /tb/MyRiscv/u_regfile/MUXA
# ** Warning: NUMERIC_STD.TO_INTEGER: metavalue detected, returning 0
#    Time: 4670240 ns  Iteration: 5  Instance: /tb/MyRiscv/u_regfile/MUXB
# ** Warning: NUMERIC_STD.TO_INTEGER: metavalue detected, returning 0
#    Time: 4690680 ns  Iteration: 2  Instance: /tb/MyRiscv/u_regfile/MUXB
# ** Warning: NUMERIC_STD.TO_INTEGER: metavalue detected, returning 0
#    Time: 4690680 ns  Iteration: 2  Instance: /tb/MyRiscv/u_regfile/MUXA
# ** Warning: NUMERIC_STD.TO_INTEGER: metavalue detected, returning 0
#    Time: 4690680 ns  Iteration: 5  Instance: /tb/MyRiscv/u_regfile/MUXA
# ** Warning: NUMERIC_STD.TO_INTEGER: metavalue detected, returning 0
#    Time: 4690680 ns  Iteration: 5  Instance: /tb/MyRiscv/u_regfile/MUXB
# ** Warning: NUMERIC_STD.TO_INTEGER: metavalue detected, returning 0
#    Time: 4690700 ns  Iteration: 5  Instance: /tb/MyRiscv/u_regfile/MUXA
# ** Warning: NUMERIC_STD.TO_INTEGER: metavalue detected, returning 0
#    Time: 4690700 ns  Iteration: 5  Instance: /tb/MyRiscv/u_regfile/MUXB
# ** Warning: NUMERIC_STD.TO_INTEGER: metavalue detected, returning 0
#    Time: 4690720 ns  Iteration: 5  Instance: /tb/MyRiscv/u_regfile/MUXA
# ** Warning: NUMERIC_STD.TO_INTEGER: metavalue detected, returning 0
#    Time: 4690720 ns  Iteration: 5  Instance: /tb/MyRiscv/u_regfile/MUXB
# ** Warning: NUMERIC_STD.TO_INTEGER: metavalue detected, returning 0
#    Time: 4711160 ns  Iteration: 2  Instance: /tb/MyRiscv/u_regfile/MUXB
# ** Warning: NUMERIC_STD.TO_INTEGER: metavalue detected, returning 0
#    Time: 4711160 ns  Iteration: 2  Instance: /tb/MyRiscv/u_regfile/MUXA
# ** Warning: NUMERIC_STD.TO_INTEGER: metavalue detected, returning 0
#    Time: 4711160 ns  Iteration: 5  Instance: /tb/MyRiscv/u_regfile/MUXA
# ** Warning: NUMERIC_STD.TO_INTEGER: metavalue detected, returning 0
#    Time: 4711160 ns  Iteration: 5  Instance: /tb/MyRiscv/u_regfile/MUXB
# ** Warning: NUMERIC_STD.TO_INTEGER: metavalue detected, returning 0
#    Time: 4711180 ns  Iteration: 5  Instance: /tb/MyRiscv/u_regfile/MUXA
# ** Warning: NUMERIC_STD.TO_INTEGER: metavalue detected, returning 0
#    Time: 4711180 ns  Iteration: 5  Instance: /tb/MyRiscv/u_regfile/MUXB
# ** Warning: NUMERIC_STD.TO_INTEGER: metavalue detected, returning 0
#    Time: 4711200 ns  Iteration: 5  Instance: /tb/MyRiscv/u_regfile/MUXA
# ** Warning: NUMERIC_STD.TO_INTEGER: metavalue detected, returning 0
#    Time: 4711200 ns  Iteration: 5  Instance: /tb/MyRiscv/u_regfile/MUXB
# ** Warning: NUMERIC_STD.TO_INTEGER: metavalue detected, returning 0
#    Time: 4731640 ns  Iteration: 2  Instance: /tb/MyRiscv/u_regfile/MUXB
# ** Warning: NUMERIC_STD.TO_INTEGER: metavalue detected, returning 0
#    Time: 4731640 ns  Iteration: 2  Instance: /tb/MyRiscv/u_regfile/MUXA
# ** Warning: NUMERIC_STD.TO_INTEGER: metavalue detected, returning 0
#    Time: 4731640 ns  Iteration: 5  Instance: /tb/MyRiscv/u_regfile/MUXA
# ** Warning: NUMERIC_STD.TO_INTEGER: metavalue detected, returning 0
#    Time: 4731640 ns  Iteration: 5  Instance: /tb/MyRiscv/u_regfile/MUXB
# ** Warning: NUMERIC_STD.TO_INTEGER: metavalue detected, returning 0
#    Time: 4731660 ns  Iteration: 5  Instance: /tb/MyRiscv/u_regfile/MUXA
# ** Warning: NUMERIC_STD.TO_INTEGER: metavalue detected, returning 0
#    Time: 4731660 ns  Iteration: 5  Instance: /tb/MyRiscv/u_regfile/MUXB
# ** Warning: NUMERIC_STD.TO_INTEGER: metavalue detected, returning 0
#    Time: 4731680 ns  Iteration: 5  Instance: /tb/MyRiscv/u_regfile/MUXA
# ** Warning: NUMERIC_STD.TO_INTEGER: metavalue detected, returning 0
#    Time: 4731680 ns  Iteration: 5  Instance: /tb/MyRiscv/u_regfile/MUXB
# ** Warning: NUMERIC_STD.TO_INTEGER: metavalue detected, returning 0
#    Time: 4752120 ns  Iteration: 2  Instance: /tb/MyRiscv/u_regfile/MUXB
# ** Warning: NUMERIC_STD.TO_INTEGER: metavalue detected, returning 0
#    Time: 4752120 ns  Iteration: 2  Instance: /tb/MyRiscv/u_regfile/MUXA
# ** Warning: NUMERIC_STD.TO_INTEGER: metavalue detected, returning 0
#    Time: 4752120 ns  Iteration: 5  Instance: /tb/MyRiscv/u_regfile/MUXA
# ** Warning: NUMERIC_STD.TO_INTEGER: metavalue detected, returning 0
#    Time: 4752120 ns  Iteration: 5  Instance: /tb/MyRiscv/u_regfile/MUXB
# ** Warning: NUMERIC_STD.TO_INTEGER: metavalue detected, returning 0
#    Time: 4752140 ns  Iteration: 5  Instance: /tb/MyRiscv/u_regfile/MUXA
# ** Warning: NUMERIC_STD.TO_INTEGER: metavalue detected, returning 0
#    Time: 4752140 ns  Iteration: 5  Instance: /tb/MyRiscv/u_regfile/MUXB
# ** Warning: NUMERIC_STD.TO_INTEGER: metavalue detected, returning 0
#    Time: 4752160 ns  Iteration: 5  Instance: /tb/MyRiscv/u_regfile/MUXA
# ** Warning: NUMERIC_STD.TO_INTEGER: metavalue detected, returning 0
#    Time: 4752160 ns  Iteration: 5  Instance: /tb/MyRiscv/u_regfile/MUXB
# ** Warning: NUMERIC_STD.TO_INTEGER: metavalue detected, returning 0
#    Time: 4772600 ns  Iteration: 2  Instance: /tb/MyRiscv/u_regfile/MUXB
# ** Warning: NUMERIC_STD.TO_INTEGER: metavalue detected, returning 0
#    Time: 4772600 ns  Iteration: 2  Instance: /tb/MyRiscv/u_regfile/MUXA
# ** Warning: NUMERIC_STD.TO_INTEGER: metavalue detected, returning 0
#    Time: 4772600 ns  Iteration: 5  Instance: /tb/MyRiscv/u_regfile/MUXA
# ** Warning: NUMERIC_STD.TO_INTEGER: metavalue detected, returning 0
#    Time: 4772600 ns  Iteration: 5  Instance: /tb/MyRiscv/u_regfile/MUXB
# ** Warning: NUMERIC_STD.TO_INTEGER: metavalue detected, returning 0
#    Time: 4772620 ns  Iteration: 5  Instance: /tb/MyRiscv/u_regfile/MUXA
# ** Warning: NUMERIC_STD.TO_INTEGER: metavalue detected, returning 0
#    Time: 4772620 ns  Iteration: 5  Instance: /tb/MyRiscv/u_regfile/MUXB
# ** Warning: NUMERIC_STD.TO_INTEGER: metavalue detected, returning 0
#    Time: 4772640 ns  Iteration: 5  Instance: /tb/MyRiscv/u_regfile/MUXA
# ** Warning: NUMERIC_STD.TO_INTEGER: metavalue detected, returning 0
#    Time: 4772640 ns  Iteration: 5  Instance: /tb/MyRiscv/u_regfile/MUXB
# ** Warning: NUMERIC_STD.TO_INTEGER: metavalue detected, returning 0
#    Time: 4793080 ns  Iteration: 2  Instance: /tb/MyRiscv/u_regfile/MUXB
# ** Warning: NUMERIC_STD.TO_INTEGER: metavalue detected, returning 0
#    Time: 4793080 ns  Iteration: 2  Instance: /tb/MyRiscv/u_regfile/MUXA
# ** Warning: NUMERIC_STD.TO_INTEGER: metavalue detected, returning 0
#    Time: 4793080 ns  Iteration: 5  Instance: /tb/MyRiscv/u_regfile/MUXA
# ** Warning: NUMERIC_STD.TO_INTEGER: metavalue detected, returning 0
#    Time: 4793080 ns  Iteration: 5  Instance: /tb/MyRiscv/u_regfile/MUXB
# ** Warning: NUMERIC_STD.TO_INTEGER: metavalue detected, returning 0
#    Time: 4793100 ns  Iteration: 5  Instance: /tb/MyRiscv/u_regfile/MUXA
# ** Warning: NUMERIC_STD.TO_INTEGER: metavalue detected, returning 0
#    Time: 4793100 ns  Iteration: 5  Instance: /tb/MyRiscv/u_regfile/MUXB
# ** Warning: NUMERIC_STD.TO_INTEGER: metavalue detected, returning 0
#    Time: 4793120 ns  Iteration: 5  Instance: /tb/MyRiscv/u_regfile/MUXA
# ** Warning: NUMERIC_STD.TO_INTEGER: metavalue detected, returning 0
#    Time: 4793120 ns  Iteration: 5  Instance: /tb/MyRiscv/u_regfile/MUXB
# ** Warning: NUMERIC_STD.TO_INTEGER: metavalue detected, returning 0
#    Time: 4813560 ns  Iteration: 2  Instance: /tb/MyRiscv/u_regfile/MUXB
# ** Warning: NUMERIC_STD.TO_INTEGER: metavalue detected, returning 0
#    Time: 4813560 ns  Iteration: 2  Instance: /tb/MyRiscv/u_regfile/MUXA
# ** Warning: NUMERIC_STD.TO_INTEGER: metavalue detected, returning 0
#    Time: 4813560 ns  Iteration: 5  Instance: /tb/MyRiscv/u_regfile/MUXA
# ** Warning: NUMERIC_STD.TO_INTEGER: metavalue detected, returning 0
#    Time: 4813560 ns  Iteration: 5  Instance: /tb/MyRiscv/u_regfile/MUXB
# ** Warning: NUMERIC_STD.TO_INTEGER: metavalue detected, returning 0
#    Time: 4813580 ns  Iteration: 5  Instance: /tb/MyRiscv/u_regfile/MUXA
# ** Warning: NUMERIC_STD.TO_INTEGER: metavalue detected, returning 0
#    Time: 4813580 ns  Iteration: 5  Instance: /tb/MyRiscv/u_regfile/MUXB
# ** Warning: NUMERIC_STD.TO_INTEGER: metavalue detected, returning 0
#    Time: 4813600 ns  Iteration: 5  Instance: /tb/MyRiscv/u_regfile/MUXA
# ** Warning: NUMERIC_STD.TO_INTEGER: metavalue detected, returning 0
#    Time: 4813600 ns  Iteration: 5  Instance: /tb/MyRiscv/u_regfile/MUXB
# ** Warning: NUMERIC_STD.TO_INTEGER: metavalue detected, returning 0
#    Time: 4834040 ns  Iteration: 2  Instance: /tb/MyRiscv/u_regfile/MUXB
# ** Warning: NUMERIC_STD.TO_INTEGER: metavalue detected, returning 0
#    Time: 4834040 ns  Iteration: 2  Instance: /tb/MyRiscv/u_regfile/MUXA
# ** Warning: NUMERIC_STD.TO_INTEGER: metavalue detected, returning 0
#    Time: 4834040 ns  Iteration: 5  Instance: /tb/MyRiscv/u_regfile/MUXA
# ** Warning: NUMERIC_STD.TO_INTEGER: metavalue detected, returning 0
#    Time: 4834040 ns  Iteration: 5  Instance: /tb/MyRiscv/u_regfile/MUXB
# ** Warning: NUMERIC_STD.TO_INTEGER: metavalue detected, returning 0
#    Time: 4834060 ns  Iteration: 5  Instance: /tb/MyRiscv/u_regfile/MUXA
# ** Warning: NUMERIC_STD.TO_INTEGER: metavalue detected, returning 0
#    Time: 4834060 ns  Iteration: 5  Instance: /tb/MyRiscv/u_regfile/MUXB
# ** Warning: NUMERIC_STD.TO_INTEGER: metavalue detected, returning 0
#    Time: 4834080 ns  Iteration: 5  Instance: /tb/MyRiscv/u_regfile/MUXA
# ** Warning: NUMERIC_STD.TO_INTEGER: metavalue detected, returning 0
#    Time: 4834080 ns  Iteration: 5  Instance: /tb/MyRiscv/u_regfile/MUXB
# ** Warning: NUMERIC_STD.TO_INTEGER: metavalue detected, returning 0
#    Time: 4854520 ns  Iteration: 2  Instance: /tb/MyRiscv/u_regfile/MUXB
# ** Warning: NUMERIC_STD.TO_INTEGER: metavalue detected, returning 0
#    Time: 4854520 ns  Iteration: 2  Instance: /tb/MyRiscv/u_regfile/MUXA
# ** Warning: NUMERIC_STD.TO_INTEGER: metavalue detected, returning 0
#    Time: 4854520 ns  Iteration: 5  Instance: /tb/MyRiscv/u_regfile/MUXA
# ** Warning: NUMERIC_STD.TO_INTEGER: metavalue detected, returning 0
#    Time: 4854520 ns  Iteration: 5  Instance: /tb/MyRiscv/u_regfile/MUXB
# ** Warning: NUMERIC_STD.TO_INTEGER: metavalue detected, returning 0
#    Time: 4854540 ns  Iteration: 5  Instance: /tb/MyRiscv/u_regfile/MUXA
# ** Warning: NUMERIC_STD.TO_INTEGER: metavalue detected, returning 0
#    Time: 4854540 ns  Iteration: 5  Instance: /tb/MyRiscv/u_regfile/MUXB
# ** Warning: NUMERIC_STD.TO_INTEGER: metavalue detected, returning 0
#    Time: 4854560 ns  Iteration: 5  Instance: /tb/MyRiscv/u_regfile/MUXA
# ** Warning: NUMERIC_STD.TO_INTEGER: metavalue detected, returning 0
#    Time: 4854560 ns  Iteration: 5  Instance: /tb/MyRiscv/u_regfile/MUXB
# ** Warning: NUMERIC_STD.TO_INTEGER: metavalue detected, returning 0
#    Time: 4875 us  Iteration: 2  Instance: /tb/MyRiscv/u_regfile/MUXB
# ** Warning: NUMERIC_STD.TO_INTEGER: metavalue detected, returning 0
#    Time: 4875 us  Iteration: 2  Instance: /tb/MyRiscv/u_regfile/MUXA
# ** Warning: NUMERIC_STD.TO_INTEGER: metavalue detected, returning 0
#    Time: 4875 us  Iteration: 5  Instance: /tb/MyRiscv/u_regfile/MUXA
# ** Warning: NUMERIC_STD.TO_INTEGER: metavalue detected, returning 0
#    Time: 4875 us  Iteration: 5  Instance: /tb/MyRiscv/u_regfile/MUXB
# ** Warning: NUMERIC_STD.TO_INTEGER: metavalue detected, returning 0
#    Time: 4875020 ns  Iteration: 5  Instance: /tb/MyRiscv/u_regfile/MUXA
# ** Warning: NUMERIC_STD.TO_INTEGER: metavalue detected, returning 0
#    Time: 4875020 ns  Iteration: 5  Instance: /tb/MyRiscv/u_regfile/MUXB
# ** Warning: NUMERIC_STD.TO_INTEGER: metavalue detected, returning 0
#    Time: 4875040 ns  Iteration: 5  Instance: /tb/MyRiscv/u_regfile/MUXA
# ** Warning: NUMERIC_STD.TO_INTEGER: metavalue detected, returning 0
#    Time: 4875040 ns  Iteration: 5  Instance: /tb/MyRiscv/u_regfile/MUXB
# ** Warning: NUMERIC_STD.TO_INTEGER: metavalue detected, returning 0
#    Time: 4895480 ns  Iteration: 2  Instance: /tb/MyRiscv/u_regfile/MUXB
# ** Warning: NUMERIC_STD.TO_INTEGER: metavalue detected, returning 0
#    Time: 4895480 ns  Iteration: 2  Instance: /tb/MyRiscv/u_regfile/MUXA
# ** Warning: NUMERIC_STD.TO_INTEGER: metavalue detected, returning 0
#    Time: 4895480 ns  Iteration: 5  Instance: /tb/MyRiscv/u_regfile/MUXA
# ** Warning: NUMERIC_STD.TO_INTEGER: metavalue detected, returning 0
#    Time: 4895480 ns  Iteration: 5  Instance: /tb/MyRiscv/u_regfile/MUXB
# ** Warning: NUMERIC_STD.TO_INTEGER: metavalue detected, returning 0
#    Time: 4895500 ns  Iteration: 5  Instance: /tb/MyRiscv/u_regfile/MUXA
# ** Warning: NUMERIC_STD.TO_INTEGER: metavalue detected, returning 0
#    Time: 4895500 ns  Iteration: 5  Instance: /tb/MyRiscv/u_regfile/MUXB
# ** Warning: NUMERIC_STD.TO_INTEGER: metavalue detected, returning 0
#    Time: 4895520 ns  Iteration: 5  Instance: /tb/MyRiscv/u_regfile/MUXA
# ** Warning: NUMERIC_STD.TO_INTEGER: metavalue detected, returning 0
#    Time: 4895520 ns  Iteration: 5  Instance: /tb/MyRiscv/u_regfile/MUXB
# ** Warning: NUMERIC_STD.TO_INTEGER: metavalue detected, returning 0
#    Time: 4915960 ns  Iteration: 2  Instance: /tb/MyRiscv/u_regfile/MUXB
# ** Warning: NUMERIC_STD.TO_INTEGER: metavalue detected, returning 0
#    Time: 4915960 ns  Iteration: 2  Instance: /tb/MyRiscv/u_regfile/MUXA
# ** Warning: NUMERIC_STD.TO_INTEGER: metavalue detected, returning 0
#    Time: 4915960 ns  Iteration: 5  Instance: /tb/MyRiscv/u_regfile/MUXA
# ** Warning: NUMERIC_STD.TO_INTEGER: metavalue detected, returning 0
#    Time: 4915960 ns  Iteration: 5  Instance: /tb/MyRiscv/u_regfile/MUXB
# ** Warning: NUMERIC_STD.TO_INTEGER: metavalue detected, returning 0
#    Time: 4915980 ns  Iteration: 5  Instance: /tb/MyRiscv/u_regfile/MUXA
# ** Warning: NUMERIC_STD.TO_INTEGER: metavalue detected, returning 0
#    Time: 4915980 ns  Iteration: 5  Instance: /tb/MyRiscv/u_regfile/MUXB
# ** Warning: NUMERIC_STD.TO_INTEGER: metavalue detected, returning 0
#    Time: 4916 us  Iteration: 5  Instance: /tb/MyRiscv/u_regfile/MUXA
# ** Warning: NUMERIC_STD.TO_INTEGER: metavalue detected, returning 0
#    Time: 4916 us  Iteration: 5  Instance: /tb/MyRiscv/u_regfile/MUXB
# ** Warning: NUMERIC_STD.TO_INTEGER: metavalue detected, returning 0
#    Time: 4936440 ns  Iteration: 2  Instance: /tb/MyRiscv/u_regfile/MUXB
# ** Warning: NUMERIC_STD.TO_INTEGER: metavalue detected, returning 0
#    Time: 4936440 ns  Iteration: 2  Instance: /tb/MyRiscv/u_regfile/MUXA
# ** Warning: NUMERIC_STD.TO_INTEGER: metavalue detected, returning 0
#    Time: 4936440 ns  Iteration: 5  Instance: /tb/MyRiscv/u_regfile/MUXA
# ** Warning: NUMERIC_STD.TO_INTEGER: metavalue detected, returning 0
#    Time: 4936440 ns  Iteration: 5  Instance: /tb/MyRiscv/u_regfile/MUXB
# ** Warning: NUMERIC_STD.TO_INTEGER: metavalue detected, returning 0
#    Time: 4936460 ns  Iteration: 5  Instance: /tb/MyRiscv/u_regfile/MUXA
# ** Warning: NUMERIC_STD.TO_INTEGER: metavalue detected, returning 0
#    Time: 4936460 ns  Iteration: 5  Instance: /tb/MyRiscv/u_regfile/MUXB
# ** Warning: NUMERIC_STD.TO_INTEGER: metavalue detected, returning 0
#    Time: 4936480 ns  Iteration: 5  Instance: /tb/MyRiscv/u_regfile/MUXA
# ** Warning: NUMERIC_STD.TO_INTEGER: metavalue detected, returning 0
#    Time: 4936480 ns  Iteration: 5  Instance: /tb/MyRiscv/u_regfile/MUXB
# ** Warning: NUMERIC_STD.TO_INTEGER: metavalue detected, returning 0
#    Time: 4956920 ns  Iteration: 2  Instance: /tb/MyRiscv/u_regfile/MUXB
# ** Warning: NUMERIC_STD.TO_INTEGER: metavalue detected, returning 0
#    Time: 4956920 ns  Iteration: 2  Instance: /tb/MyRiscv/u_regfile/MUXA
# ** Warning: NUMERIC_STD.TO_INTEGER: metavalue detected, returning 0
#    Time: 4956920 ns  Iteration: 5  Instance: /tb/MyRiscv/u_regfile/MUXA
# ** Warning: NUMERIC_STD.TO_INTEGER: metavalue detected, returning 0
#    Time: 4956920 ns  Iteration: 5  Instance: /tb/MyRiscv/u_regfile/MUXB
# ** Warning: NUMERIC_STD.TO_INTEGER: metavalue detected, returning 0
#    Time: 4956940 ns  Iteration: 5  Instance: /tb/MyRiscv/u_regfile/MUXA
# ** Warning: NUMERIC_STD.TO_INTEGER: metavalue detected, returning 0
#    Time: 4956940 ns  Iteration: 5  Instance: /tb/MyRiscv/u_regfile/MUXB
# ** Warning: NUMERIC_STD.TO_INTEGER: metavalue detected, returning 0
#    Time: 4956960 ns  Iteration: 5  Instance: /tb/MyRiscv/u_regfile/MUXA
# ** Warning: NUMERIC_STD.TO_INTEGER: metavalue detected, returning 0
#    Time: 4956960 ns  Iteration: 5  Instance: /tb/MyRiscv/u_regfile/MUXB
# ** Warning: NUMERIC_STD.TO_INTEGER: metavalue detected, returning 0
#    Time: 4977400 ns  Iteration: 2  Instance: /tb/MyRiscv/u_regfile/MUXB
# ** Warning: NUMERIC_STD.TO_INTEGER: metavalue detected, returning 0
#    Time: 4977400 ns  Iteration: 2  Instance: /tb/MyRiscv/u_regfile/MUXA
# ** Warning: NUMERIC_STD.TO_INTEGER: metavalue detected, returning 0
#    Time: 4977400 ns  Iteration: 5  Instance: /tb/MyRiscv/u_regfile/MUXA
# ** Warning: NUMERIC_STD.TO_INTEGER: metavalue detected, returning 0
#    Time: 4977400 ns  Iteration: 5  Instance: /tb/MyRiscv/u_regfile/MUXB
# ** Warning: NUMERIC_STD.TO_INTEGER: metavalue detected, returning 0
#    Time: 4977420 ns  Iteration: 5  Instance: /tb/MyRiscv/u_regfile/MUXA
# ** Warning: NUMERIC_STD.TO_INTEGER: metavalue detected, returning 0
#    Time: 4977420 ns  Iteration: 5  Instance: /tb/MyRiscv/u_regfile/MUXB
# ** Warning: NUMERIC_STD.TO_INTEGER: metavalue detected, returning 0
#    Time: 4977440 ns  Iteration: 5  Instance: /tb/MyRiscv/u_regfile/MUXA
# ** Warning: NUMERIC_STD.TO_INTEGER: metavalue detected, returning 0
#    Time: 4977440 ns  Iteration: 5  Instance: /tb/MyRiscv/u_regfile/MUXB
# ** Warning: NUMERIC_STD.TO_INTEGER: metavalue detected, returning 0
#    Time: 4997880 ns  Iteration: 2  Instance: /tb/MyRiscv/u_regfile/MUXB
# ** Warning: NUMERIC_STD.TO_INTEGER: metavalue detected, returning 0
#    Time: 4997880 ns  Iteration: 2  Instance: /tb/MyRiscv/u_regfile/MUXA
# ** Warning: NUMERIC_STD.TO_INTEGER: metavalue detected, returning 0
#    Time: 4997880 ns  Iteration: 5  Instance: /tb/MyRiscv/u_regfile/MUXA
# ** Warning: NUMERIC_STD.TO_INTEGER: metavalue detected, returning 0
#    Time: 4997880 ns  Iteration: 5  Instance: /tb/MyRiscv/u_regfile/MUXB
# ** Warning: NUMERIC_STD.TO_INTEGER: metavalue detected, returning 0
#    Time: 4997900 ns  Iteration: 5  Instance: /tb/MyRiscv/u_regfile/MUXA
# ** Warning: NUMERIC_STD.TO_INTEGER: metavalue detected, returning 0
#    Time: 4997900 ns  Iteration: 5  Instance: /tb/MyRiscv/u_regfile/MUXB
# ** Warning: NUMERIC_STD.TO_INTEGER: metavalue detected, returning 0
#    Time: 4997920 ns  Iteration: 5  Instance: /tb/MyRiscv/u_regfile/MUXA
# ** Warning: NUMERIC_STD.TO_INTEGER: metavalue detected, returning 0
#    Time: 4997920 ns  Iteration: 5  Instance: /tb/MyRiscv/u_regfile/MUXB
# ** Warning: NUMERIC_STD.TO_INTEGER: metavalue detected, returning 0
#    Time: 5018360 ns  Iteration: 2  Instance: /tb/MyRiscv/u_regfile/MUXB
# ** Warning: NUMERIC_STD.TO_INTEGER: metavalue detected, returning 0
#    Time: 5018360 ns  Iteration: 2  Instance: /tb/MyRiscv/u_regfile/MUXA
# ** Warning: NUMERIC_STD.TO_INTEGER: metavalue detected, returning 0
#    Time: 5018360 ns  Iteration: 5  Instance: /tb/MyRiscv/u_regfile/MUXA
# ** Warning: NUMERIC_STD.TO_INTEGER: metavalue detected, returning 0
#    Time: 5018360 ns  Iteration: 5  Instance: /tb/MyRiscv/u_regfile/MUXB
# ** Warning: NUMERIC_STD.TO_INTEGER: metavalue detected, returning 0
#    Time: 5018380 ns  Iteration: 5  Instance: /tb/MyRiscv/u_regfile/MUXA
# ** Warning: NUMERIC_STD.TO_INTEGER: metavalue detected, returning 0
#    Time: 5018380 ns  Iteration: 5  Instance: /tb/MyRiscv/u_regfile/MUXB
# ** Warning: NUMERIC_STD.TO_INTEGER: metavalue detected, returning 0
#    Time: 5018400 ns  Iteration: 5  Instance: /tb/MyRiscv/u_regfile/MUXA
# ** Warning: NUMERIC_STD.TO_INTEGER: metavalue detected, returning 0
#    Time: 5018400 ns  Iteration: 5  Instance: /tb/MyRiscv/u_regfile/MUXB
# ** Warning: NUMERIC_STD.TO_INTEGER: metavalue detected, returning 0
#    Time: 5038840 ns  Iteration: 2  Instance: /tb/MyRiscv/u_regfile/MUXB
# ** Warning: NUMERIC_STD.TO_INTEGER: metavalue detected, returning 0
#    Time: 5038840 ns  Iteration: 2  Instance: /tb/MyRiscv/u_regfile/MUXA
# ** Warning: NUMERIC_STD.TO_INTEGER: metavalue detected, returning 0
#    Time: 5038840 ns  Iteration: 5  Instance: /tb/MyRiscv/u_regfile/MUXA
# ** Warning: NUMERIC_STD.TO_INTEGER: metavalue detected, returning 0
#    Time: 5038840 ns  Iteration: 5  Instance: /tb/MyRiscv/u_regfile/MUXB
# ** Warning: NUMERIC_STD.TO_INTEGER: metavalue detected, returning 0
#    Time: 5038860 ns  Iteration: 5  Instance: /tb/MyRiscv/u_regfile/MUXA
# ** Warning: NUMERIC_STD.TO_INTEGER: metavalue detected, returning 0
#    Time: 5038860 ns  Iteration: 5  Instance: /tb/MyRiscv/u_regfile/MUXB
# ** Warning: NUMERIC_STD.TO_INTEGER: metavalue detected, returning 0
#    Time: 5038880 ns  Iteration: 5  Instance: /tb/MyRiscv/u_regfile/MUXA
# ** Warning: NUMERIC_STD.TO_INTEGER: metavalue detected, returning 0
#    Time: 5038880 ns  Iteration: 5  Instance: /tb/MyRiscv/u_regfile/MUXB
# ** Warning: NUMERIC_STD.TO_INTEGER: metavalue detected, returning 0
#    Time: 5059320 ns  Iteration: 2  Instance: /tb/MyRiscv/u_regfile/MUXB
# ** Warning: NUMERIC_STD.TO_INTEGER: metavalue detected, returning 0
#    Time: 5059320 ns  Iteration: 2  Instance: /tb/MyRiscv/u_regfile/MUXA
# ** Warning: NUMERIC_STD.TO_INTEGER: metavalue detected, returning 0
#    Time: 5059320 ns  Iteration: 5  Instance: /tb/MyRiscv/u_regfile/MUXA
# ** Warning: NUMERIC_STD.TO_INTEGER: metavalue detected, returning 0
#    Time: 5059320 ns  Iteration: 5  Instance: /tb/MyRiscv/u_regfile/MUXB
# ** Warning: NUMERIC_STD.TO_INTEGER: metavalue detected, returning 0
#    Time: 5059340 ns  Iteration: 5  Instance: /tb/MyRiscv/u_regfile/MUXA
# ** Warning: NUMERIC_STD.TO_INTEGER: metavalue detected, returning 0
#    Time: 5059340 ns  Iteration: 5  Instance: /tb/MyRiscv/u_regfile/MUXB
# ** Warning: NUMERIC_STD.TO_INTEGER: metavalue detected, returning 0
#    Time: 5059360 ns  Iteration: 5  Instance: /tb/MyRiscv/u_regfile/MUXA
# ** Warning: NUMERIC_STD.TO_INTEGER: metavalue detected, returning 0
#    Time: 5059360 ns  Iteration: 5  Instance: /tb/MyRiscv/u_regfile/MUXB
# ** Warning: NUMERIC_STD.TO_INTEGER: metavalue detected, returning 0
#    Time: 5079800 ns  Iteration: 2  Instance: /tb/MyRiscv/u_regfile/MUXB
# ** Warning: NUMERIC_STD.TO_INTEGER: metavalue detected, returning 0
#    Time: 5079800 ns  Iteration: 2  Instance: /tb/MyRiscv/u_regfile/MUXA
# ** Warning: NUMERIC_STD.TO_INTEGER: metavalue detected, returning 0
#    Time: 5079800 ns  Iteration: 5  Instance: /tb/MyRiscv/u_regfile/MUXA
# ** Warning: NUMERIC_STD.TO_INTEGER: metavalue detected, returning 0
#    Time: 5079800 ns  Iteration: 5  Instance: /tb/MyRiscv/u_regfile/MUXB
# ** Warning: NUMERIC_STD.TO_INTEGER: metavalue detected, returning 0
#    Time: 5079820 ns  Iteration: 5  Instance: /tb/MyRiscv/u_regfile/MUXA
# ** Warning: NUMERIC_STD.TO_INTEGER: metavalue detected, returning 0
#    Time: 5079820 ns  Iteration: 5  Instance: /tb/MyRiscv/u_regfile/MUXB
# ** Warning: NUMERIC_STD.TO_INTEGER: metavalue detected, returning 0
#    Time: 5079840 ns  Iteration: 5  Instance: /tb/MyRiscv/u_regfile/MUXA
# ** Warning: NUMERIC_STD.TO_INTEGER: metavalue detected, returning 0
#    Time: 5079840 ns  Iteration: 5  Instance: /tb/MyRiscv/u_regfile/MUXB
# ** Warning: NUMERIC_STD.TO_INTEGER: metavalue detected, returning 0
#    Time: 5100280 ns  Iteration: 2  Instance: /tb/MyRiscv/u_regfile/MUXB
# ** Warning: NUMERIC_STD.TO_INTEGER: metavalue detected, returning 0
#    Time: 5100280 ns  Iteration: 2  Instance: /tb/MyRiscv/u_regfile/MUXA
# ** Warning: NUMERIC_STD.TO_INTEGER: metavalue detected, returning 0
#    Time: 5100280 ns  Iteration: 5  Instance: /tb/MyRiscv/u_regfile/MUXA
# ** Warning: NUMERIC_STD.TO_INTEGER: metavalue detected, returning 0
#    Time: 5100280 ns  Iteration: 5  Instance: /tb/MyRiscv/u_regfile/MUXB
# ** Warning: NUMERIC_STD.TO_INTEGER: metavalue detected, returning 0
#    Time: 5100300 ns  Iteration: 5  Instance: /tb/MyRiscv/u_regfile/MUXA
# ** Warning: NUMERIC_STD.TO_INTEGER: metavalue detected, returning 0
#    Time: 5100300 ns  Iteration: 5  Instance: /tb/MyRiscv/u_regfile/MUXB
# ** Warning: NUMERIC_STD.TO_INTEGER: metavalue detected, returning 0
#    Time: 5100320 ns  Iteration: 5  Instance: /tb/MyRiscv/u_regfile/MUXA
# ** Warning: NUMERIC_STD.TO_INTEGER: metavalue detected, returning 0
#    Time: 5100320 ns  Iteration: 5  Instance: /tb/MyRiscv/u_regfile/MUXB
# ** Warning: NUMERIC_STD.TO_INTEGER: metavalue detected, returning 0
#    Time: 5120760 ns  Iteration: 2  Instance: /tb/MyRiscv/u_regfile/MUXB
# ** Warning: NUMERIC_STD.TO_INTEGER: metavalue detected, returning 0
#    Time: 5120760 ns  Iteration: 2  Instance: /tb/MyRiscv/u_regfile/MUXA
# ** Warning: NUMERIC_STD.TO_INTEGER: metavalue detected, returning 0
#    Time: 5120760 ns  Iteration: 5  Instance: /tb/MyRiscv/u_regfile/MUXA
# ** Warning: NUMERIC_STD.TO_INTEGER: metavalue detected, returning 0
#    Time: 5120760 ns  Iteration: 5  Instance: /tb/MyRiscv/u_regfile/MUXB
# ** Warning: NUMERIC_STD.TO_INTEGER: metavalue detected, returning 0
#    Time: 5120780 ns  Iteration: 5  Instance: /tb/MyRiscv/u_regfile/MUXA
# ** Warning: NUMERIC_STD.TO_INTEGER: metavalue detected, returning 0
#    Time: 5120780 ns  Iteration: 5  Instance: /tb/MyRiscv/u_regfile/MUXB
# ** Warning: NUMERIC_STD.TO_INTEGER: metavalue detected, returning 0
#    Time: 5120800 ns  Iteration: 5  Instance: /tb/MyRiscv/u_regfile/MUXA
# ** Warning: NUMERIC_STD.TO_INTEGER: metavalue detected, returning 0
#    Time: 5120800 ns  Iteration: 5  Instance: /tb/MyRiscv/u_regfile/MUXB
# ** Warning: NUMERIC_STD.TO_INTEGER: metavalue detected, returning 0
#    Time: 5141240 ns  Iteration: 2  Instance: /tb/MyRiscv/u_regfile/MUXB
# ** Warning: NUMERIC_STD.TO_INTEGER: metavalue detected, returning 0
#    Time: 5141240 ns  Iteration: 2  Instance: /tb/MyRiscv/u_regfile/MUXA
# ** Warning: NUMERIC_STD.TO_INTEGER: metavalue detected, returning 0
#    Time: 5141240 ns  Iteration: 5  Instance: /tb/MyRiscv/u_regfile/MUXA
# ** Warning: NUMERIC_STD.TO_INTEGER: metavalue detected, returning 0
#    Time: 5141240 ns  Iteration: 5  Instance: /tb/MyRiscv/u_regfile/MUXB
# ** Warning: NUMERIC_STD.TO_INTEGER: metavalue detected, returning 0
#    Time: 5141260 ns  Iteration: 5  Instance: /tb/MyRiscv/u_regfile/MUXA
# ** Warning: NUMERIC_STD.TO_INTEGER: metavalue detected, returning 0
#    Time: 5141260 ns  Iteration: 5  Instance: /tb/MyRiscv/u_regfile/MUXB
# ** Warning: NUMERIC_STD.TO_INTEGER: metavalue detected, returning 0
#    Time: 5141280 ns  Iteration: 5  Instance: /tb/MyRiscv/u_regfile/MUXA
# ** Warning: NUMERIC_STD.TO_INTEGER: metavalue detected, returning 0
#    Time: 5141280 ns  Iteration: 5  Instance: /tb/MyRiscv/u_regfile/MUXB
# ** Warning: NUMERIC_STD.TO_INTEGER: metavalue detected, returning 0
#    Time: 5161720 ns  Iteration: 2  Instance: /tb/MyRiscv/u_regfile/MUXB
# ** Warning: NUMERIC_STD.TO_INTEGER: metavalue detected, returning 0
#    Time: 5161720 ns  Iteration: 2  Instance: /tb/MyRiscv/u_regfile/MUXA
# ** Warning: NUMERIC_STD.TO_INTEGER: metavalue detected, returning 0
#    Time: 5161720 ns  Iteration: 5  Instance: /tb/MyRiscv/u_regfile/MUXA
# ** Warning: NUMERIC_STD.TO_INTEGER: metavalue detected, returning 0
#    Time: 5161720 ns  Iteration: 5  Instance: /tb/MyRiscv/u_regfile/MUXB
# ** Warning: NUMERIC_STD.TO_INTEGER: metavalue detected, returning 0
#    Time: 5161740 ns  Iteration: 5  Instance: /tb/MyRiscv/u_regfile/MUXA
# ** Warning: NUMERIC_STD.TO_INTEGER: metavalue detected, returning 0
#    Time: 5161740 ns  Iteration: 5  Instance: /tb/MyRiscv/u_regfile/MUXB
# ** Warning: NUMERIC_STD.TO_INTEGER: metavalue detected, returning 0
#    Time: 5161760 ns  Iteration: 5  Instance: /tb/MyRiscv/u_regfile/MUXA
# ** Warning: NUMERIC_STD.TO_INTEGER: metavalue detected, returning 0
#    Time: 5161760 ns  Iteration: 5  Instance: /tb/MyRiscv/u_regfile/MUXB
# ** Warning: NUMERIC_STD.TO_INTEGER: metavalue detected, returning 0
#    Time: 5182200 ns  Iteration: 2  Instance: /tb/MyRiscv/u_regfile/MUXB
# ** Warning: NUMERIC_STD.TO_INTEGER: metavalue detected, returning 0
#    Time: 5182200 ns  Iteration: 2  Instance: /tb/MyRiscv/u_regfile/MUXA
# ** Warning: NUMERIC_STD.TO_INTEGER: metavalue detected, returning 0
#    Time: 5182200 ns  Iteration: 5  Instance: /tb/MyRiscv/u_regfile/MUXA
# ** Warning: NUMERIC_STD.TO_INTEGER: metavalue detected, returning 0
#    Time: 5182200 ns  Iteration: 5  Instance: /tb/MyRiscv/u_regfile/MUXB
# ** Warning: NUMERIC_STD.TO_INTEGER: metavalue detected, returning 0
#    Time: 5182220 ns  Iteration: 5  Instance: /tb/MyRiscv/u_regfile/MUXA
# ** Warning: NUMERIC_STD.TO_INTEGER: metavalue detected, returning 0
#    Time: 5182220 ns  Iteration: 5  Instance: /tb/MyRiscv/u_regfile/MUXB
# ** Warning: NUMERIC_STD.TO_INTEGER: metavalue detected, returning 0
#    Time: 5182240 ns  Iteration: 5  Instance: /tb/MyRiscv/u_regfile/MUXA
# ** Warning: NUMERIC_STD.TO_INTEGER: metavalue detected, returning 0
#    Time: 5182240 ns  Iteration: 5  Instance: /tb/MyRiscv/u_regfile/MUXB
# ** Warning: NUMERIC_STD.TO_INTEGER: metavalue detected, returning 0
#    Time: 5202680 ns  Iteration: 2  Instance: /tb/MyRiscv/u_regfile/MUXB
# ** Warning: NUMERIC_STD.TO_INTEGER: metavalue detected, returning 0
#    Time: 5202680 ns  Iteration: 2  Instance: /tb/MyRiscv/u_regfile/MUXA
# ** Warning: NUMERIC_STD.TO_INTEGER: metavalue detected, returning 0
#    Time: 5202680 ns  Iteration: 5  Instance: /tb/MyRiscv/u_regfile/MUXA
# ** Warning: NUMERIC_STD.TO_INTEGER: metavalue detected, returning 0
#    Time: 5202680 ns  Iteration: 5  Instance: /tb/MyRiscv/u_regfile/MUXB
# ** Warning: NUMERIC_STD.TO_INTEGER: metavalue detected, returning 0
#    Time: 5202700 ns  Iteration: 5  Instance: /tb/MyRiscv/u_regfile/MUXA
# ** Warning: NUMERIC_STD.TO_INTEGER: metavalue detected, returning 0
#    Time: 5202700 ns  Iteration: 5  Instance: /tb/MyRiscv/u_regfile/MUXB
# ** Warning: NUMERIC_STD.TO_INTEGER: metavalue detected, returning 0
#    Time: 5202720 ns  Iteration: 5  Instance: /tb/MyRiscv/u_regfile/MUXA
# ** Warning: NUMERIC_STD.TO_INTEGER: metavalue detected, returning 0
#    Time: 5202720 ns  Iteration: 5  Instance: /tb/MyRiscv/u_regfile/MUXB
# ** Warning: NUMERIC_STD.TO_INTEGER: metavalue detected, returning 0
#    Time: 5223160 ns  Iteration: 2  Instance: /tb/MyRiscv/u_regfile/MUXB
# ** Warning: NUMERIC_STD.TO_INTEGER: metavalue detected, returning 0
#    Time: 5223160 ns  Iteration: 2  Instance: /tb/MyRiscv/u_regfile/MUXA
# ** Warning: NUMERIC_STD.TO_INTEGER: metavalue detected, returning 0
#    Time: 5223160 ns  Iteration: 5  Instance: /tb/MyRiscv/u_regfile/MUXA
# ** Warning: NUMERIC_STD.TO_INTEGER: metavalue detected, returning 0
#    Time: 5223160 ns  Iteration: 5  Instance: /tb/MyRiscv/u_regfile/MUXB
# ** Warning: NUMERIC_STD.TO_INTEGER: metavalue detected, returning 0
#    Time: 5223180 ns  Iteration: 5  Instance: /tb/MyRiscv/u_regfile/MUXA
# ** Warning: NUMERIC_STD.TO_INTEGER: metavalue detected, returning 0
#    Time: 5223180 ns  Iteration: 5  Instance: /tb/MyRiscv/u_regfile/MUXB
# ** Warning: NUMERIC_STD.TO_INTEGER: metavalue detected, returning 0
#    Time: 5223200 ns  Iteration: 5  Instance: /tb/MyRiscv/u_regfile/MUXA
# ** Warning: NUMERIC_STD.TO_INTEGER: metavalue detected, returning 0
#    Time: 5223200 ns  Iteration: 5  Instance: /tb/MyRiscv/u_regfile/MUXB
# ** Warning: NUMERIC_STD.TO_INTEGER: metavalue detected, returning 0
#    Time: 5243640 ns  Iteration: 2  Instance: /tb/MyRiscv/u_regfile/MUXB
# ** Warning: NUMERIC_STD.TO_INTEGER: metavalue detected, returning 0
#    Time: 5243640 ns  Iteration: 2  Instance: /tb/MyRiscv/u_regfile/MUXA
# ** Warning: NUMERIC_STD.TO_INTEGER: metavalue detected, returning 0
#    Time: 5243640 ns  Iteration: 5  Instance: /tb/MyRiscv/u_regfile/MUXA
# ** Warning: NUMERIC_STD.TO_INTEGER: metavalue detected, returning 0
#    Time: 5243640 ns  Iteration: 5  Instance: /tb/MyRiscv/u_regfile/MUXB
# ** Warning: NUMERIC_STD.TO_INTEGER: metavalue detected, returning 0
#    Time: 5243660 ns  Iteration: 5  Instance: /tb/MyRiscv/u_regfile/MUXA
# ** Warning: NUMERIC_STD.TO_INTEGER: metavalue detected, returning 0
#    Time: 5243660 ns  Iteration: 5  Instance: /tb/MyRiscv/u_regfile/MUXB
# ** Warning: NUMERIC_STD.TO_INTEGER: metavalue detected, returning 0
#    Time: 5243680 ns  Iteration: 5  Instance: /tb/MyRiscv/u_regfile/MUXA
# ** Warning: NUMERIC_STD.TO_INTEGER: metavalue detected, returning 0
#    Time: 5243680 ns  Iteration: 5  Instance: /tb/MyRiscv/u_regfile/MUXB
# ** Warning: NUMERIC_STD.TO_INTEGER: metavalue detected, returning 0
#    Time: 5264120 ns  Iteration: 2  Instance: /tb/MyRiscv/u_regfile/MUXB
# ** Warning: NUMERIC_STD.TO_INTEGER: metavalue detected, returning 0
#    Time: 5264120 ns  Iteration: 2  Instance: /tb/MyRiscv/u_regfile/MUXA
# ** Warning: NUMERIC_STD.TO_INTEGER: metavalue detected, returning 0
#    Time: 5264120 ns  Iteration: 5  Instance: /tb/MyRiscv/u_regfile/MUXA
# ** Warning: NUMERIC_STD.TO_INTEGER: metavalue detected, returning 0
#    Time: 5264120 ns  Iteration: 5  Instance: /tb/MyRiscv/u_regfile/MUXB
# ** Warning: NUMERIC_STD.TO_INTEGER: metavalue detected, returning 0
#    Time: 5264140 ns  Iteration: 5  Instance: /tb/MyRiscv/u_regfile/MUXA
# ** Warning: NUMERIC_STD.TO_INTEGER: metavalue detected, returning 0
#    Time: 5264140 ns  Iteration: 5  Instance: /tb/MyRiscv/u_regfile/MUXB
# ** Warning: NUMERIC_STD.TO_INTEGER: metavalue detected, returning 0
#    Time: 5264160 ns  Iteration: 5  Instance: /tb/MyRiscv/u_regfile/MUXA
# ** Warning: NUMERIC_STD.TO_INTEGER: metavalue detected, returning 0
#    Time: 5264160 ns  Iteration: 5  Instance: /tb/MyRiscv/u_regfile/MUXB
# ** Warning: NUMERIC_STD.TO_INTEGER: metavalue detected, returning 0
#    Time: 5284600 ns  Iteration: 2  Instance: /tb/MyRiscv/u_regfile/MUXB
# ** Warning: NUMERIC_STD.TO_INTEGER: metavalue detected, returning 0
#    Time: 5284600 ns  Iteration: 2  Instance: /tb/MyRiscv/u_regfile/MUXA
# ** Warning: NUMERIC_STD.TO_INTEGER: metavalue detected, returning 0
#    Time: 5284600 ns  Iteration: 5  Instance: /tb/MyRiscv/u_regfile/MUXA
# ** Warning: NUMERIC_STD.TO_INTEGER: metavalue detected, returning 0
#    Time: 5284600 ns  Iteration: 5  Instance: /tb/MyRiscv/u_regfile/MUXB
# ** Warning: NUMERIC_STD.TO_INTEGER: metavalue detected, returning 0
#    Time: 5284620 ns  Iteration: 5  Instance: /tb/MyRiscv/u_regfile/MUXA
# ** Warning: NUMERIC_STD.TO_INTEGER: metavalue detected, returning 0
#    Time: 5284620 ns  Iteration: 5  Instance: /tb/MyRiscv/u_regfile/MUXB
# ** Warning: NUMERIC_STD.TO_INTEGER: metavalue detected, returning 0
#    Time: 5284640 ns  Iteration: 5  Instance: /tb/MyRiscv/u_regfile/MUXA
# ** Warning: NUMERIC_STD.TO_INTEGER: metavalue detected, returning 0
#    Time: 5284640 ns  Iteration: 5  Instance: /tb/MyRiscv/u_regfile/MUXB
# ** Warning: NUMERIC_STD.TO_INTEGER: metavalue detected, returning 0
#    Time: 5305080 ns  Iteration: 2  Instance: /tb/MyRiscv/u_regfile/MUXB
# ** Warning: NUMERIC_STD.TO_INTEGER: metavalue detected, returning 0
#    Time: 5305080 ns  Iteration: 2  Instance: /tb/MyRiscv/u_regfile/MUXA
# ** Warning: NUMERIC_STD.TO_INTEGER: metavalue detected, returning 0
#    Time: 5305080 ns  Iteration: 5  Instance: /tb/MyRiscv/u_regfile/MUXA
# ** Warning: NUMERIC_STD.TO_INTEGER: metavalue detected, returning 0
#    Time: 5305080 ns  Iteration: 5  Instance: /tb/MyRiscv/u_regfile/MUXB
# ** Warning: NUMERIC_STD.TO_INTEGER: metavalue detected, returning 0
#    Time: 5305100 ns  Iteration: 5  Instance: /tb/MyRiscv/u_regfile/MUXA
# ** Warning: NUMERIC_STD.TO_INTEGER: metavalue detected, returning 0
#    Time: 5305100 ns  Iteration: 5  Instance: /tb/MyRiscv/u_regfile/MUXB
# ** Warning: NUMERIC_STD.TO_INTEGER: metavalue detected, returning 0
#    Time: 5305120 ns  Iteration: 5  Instance: /tb/MyRiscv/u_regfile/MUXA
# ** Warning: NUMERIC_STD.TO_INTEGER: metavalue detected, returning 0
#    Time: 5305120 ns  Iteration: 5  Instance: /tb/MyRiscv/u_regfile/MUXB
# ** Warning: NUMERIC_STD.TO_INTEGER: metavalue detected, returning 0
#    Time: 5325560 ns  Iteration: 2  Instance: /tb/MyRiscv/u_regfile/MUXB
# ** Warning: NUMERIC_STD.TO_INTEGER: metavalue detected, returning 0
#    Time: 5325560 ns  Iteration: 2  Instance: /tb/MyRiscv/u_regfile/MUXA
# ** Warning: NUMERIC_STD.TO_INTEGER: metavalue detected, returning 0
#    Time: 5325560 ns  Iteration: 5  Instance: /tb/MyRiscv/u_regfile/MUXA
# ** Warning: NUMERIC_STD.TO_INTEGER: metavalue detected, returning 0
#    Time: 5325560 ns  Iteration: 5  Instance: /tb/MyRiscv/u_regfile/MUXB
# ** Warning: NUMERIC_STD.TO_INTEGER: metavalue detected, returning 0
#    Time: 5325580 ns  Iteration: 5  Instance: /tb/MyRiscv/u_regfile/MUXA
# ** Warning: NUMERIC_STD.TO_INTEGER: metavalue detected, returning 0
#    Time: 5325580 ns  Iteration: 5  Instance: /tb/MyRiscv/u_regfile/MUXB
# ** Warning: NUMERIC_STD.TO_INTEGER: metavalue detected, returning 0
#    Time: 5325600 ns  Iteration: 5  Instance: /tb/MyRiscv/u_regfile/MUXA
# ** Warning: NUMERIC_STD.TO_INTEGER: metavalue detected, returning 0
#    Time: 5325600 ns  Iteration: 5  Instance: /tb/MyRiscv/u_regfile/MUXB
# ** Warning: NUMERIC_STD.TO_INTEGER: metavalue detected, returning 0
#    Time: 5346040 ns  Iteration: 2  Instance: /tb/MyRiscv/u_regfile/MUXB
# ** Warning: NUMERIC_STD.TO_INTEGER: metavalue detected, returning 0
#    Time: 5346040 ns  Iteration: 2  Instance: /tb/MyRiscv/u_regfile/MUXA
# ** Warning: NUMERIC_STD.TO_INTEGER: metavalue detected, returning 0
#    Time: 5346040 ns  Iteration: 5  Instance: /tb/MyRiscv/u_regfile/MUXA
# ** Warning: NUMERIC_STD.TO_INTEGER: metavalue detected, returning 0
#    Time: 5346040 ns  Iteration: 5  Instance: /tb/MyRiscv/u_regfile/MUXB
# ** Warning: NUMERIC_STD.TO_INTEGER: metavalue detected, returning 0
#    Time: 5346060 ns  Iteration: 5  Instance: /tb/MyRiscv/u_regfile/MUXA
# ** Warning: NUMERIC_STD.TO_INTEGER: metavalue detected, returning 0
#    Time: 5346060 ns  Iteration: 5  Instance: /tb/MyRiscv/u_regfile/MUXB
# ** Warning: NUMERIC_STD.TO_INTEGER: metavalue detected, returning 0
#    Time: 5346080 ns  Iteration: 5  Instance: /tb/MyRiscv/u_regfile/MUXA
# ** Warning: NUMERIC_STD.TO_INTEGER: metavalue detected, returning 0
#    Time: 5346080 ns  Iteration: 5  Instance: /tb/MyRiscv/u_regfile/MUXB
# ** Warning: NUMERIC_STD.TO_INTEGER: metavalue detected, returning 0
#    Time: 5366520 ns  Iteration: 2  Instance: /tb/MyRiscv/u_regfile/MUXB
# ** Warning: NUMERIC_STD.TO_INTEGER: metavalue detected, returning 0
#    Time: 5366520 ns  Iteration: 2  Instance: /tb/MyRiscv/u_regfile/MUXA
# ** Warning: NUMERIC_STD.TO_INTEGER: metavalue detected, returning 0
#    Time: 5366520 ns  Iteration: 5  Instance: /tb/MyRiscv/u_regfile/MUXA
# ** Warning: NUMERIC_STD.TO_INTEGER: metavalue detected, returning 0
#    Time: 5366520 ns  Iteration: 5  Instance: /tb/MyRiscv/u_regfile/MUXB
# ** Warning: NUMERIC_STD.TO_INTEGER: metavalue detected, returning 0
#    Time: 5366540 ns  Iteration: 5  Instance: /tb/MyRiscv/u_regfile/MUXA
# ** Warning: NUMERIC_STD.TO_INTEGER: metavalue detected, returning 0
#    Time: 5366540 ns  Iteration: 5  Instance: /tb/MyRiscv/u_regfile/MUXB
# ** Warning: NUMERIC_STD.TO_INTEGER: metavalue detected, returning 0
#    Time: 5366560 ns  Iteration: 5  Instance: /tb/MyRiscv/u_regfile/MUXA
# ** Warning: NUMERIC_STD.TO_INTEGER: metavalue detected, returning 0
#    Time: 5366560 ns  Iteration: 5  Instance: /tb/MyRiscv/u_regfile/MUXB
# ** Warning: NUMERIC_STD.TO_INTEGER: metavalue detected, returning 0
#    Time: 5387 us  Iteration: 2  Instance: /tb/MyRiscv/u_regfile/MUXB
# ** Warning: NUMERIC_STD.TO_INTEGER: metavalue detected, returning 0
#    Time: 5387 us  Iteration: 2  Instance: /tb/MyRiscv/u_regfile/MUXA
# ** Warning: NUMERIC_STD.TO_INTEGER: metavalue detected, returning 0
#    Time: 5387 us  Iteration: 5  Instance: /tb/MyRiscv/u_regfile/MUXA
# ** Warning: NUMERIC_STD.TO_INTEGER: metavalue detected, returning 0
#    Time: 5387 us  Iteration: 5  Instance: /tb/MyRiscv/u_regfile/MUXB
# ** Warning: NUMERIC_STD.TO_INTEGER: metavalue detected, returning 0
#    Time: 5387020 ns  Iteration: 5  Instance: /tb/MyRiscv/u_regfile/MUXA
# ** Warning: NUMERIC_STD.TO_INTEGER: metavalue detected, returning 0
#    Time: 5387020 ns  Iteration: 5  Instance: /tb/MyRiscv/u_regfile/MUXB
# ** Warning: NUMERIC_STD.TO_INTEGER: metavalue detected, returning 0
#    Time: 5387040 ns  Iteration: 5  Instance: /tb/MyRiscv/u_regfile/MUXA
# ** Warning: NUMERIC_STD.TO_INTEGER: metavalue detected, returning 0
#    Time: 5387040 ns  Iteration: 5  Instance: /tb/MyRiscv/u_regfile/MUXB
# ** Warning: NUMERIC_STD.TO_INTEGER: metavalue detected, returning 0
#    Time: 5407480 ns  Iteration: 2  Instance: /tb/MyRiscv/u_regfile/MUXB
# ** Warning: NUMERIC_STD.TO_INTEGER: metavalue detected, returning 0
#    Time: 5407480 ns  Iteration: 2  Instance: /tb/MyRiscv/u_regfile/MUXA
# ** Warning: NUMERIC_STD.TO_INTEGER: metavalue detected, returning 0
#    Time: 5407480 ns  Iteration: 5  Instance: /tb/MyRiscv/u_regfile/MUXA
# ** Warning: NUMERIC_STD.TO_INTEGER: metavalue detected, returning 0
#    Time: 5407480 ns  Iteration: 5  Instance: /tb/MyRiscv/u_regfile/MUXB
# ** Warning: NUMERIC_STD.TO_INTEGER: metavalue detected, returning 0
#    Time: 5407500 ns  Iteration: 5  Instance: /tb/MyRiscv/u_regfile/MUXA
# ** Warning: NUMERIC_STD.TO_INTEGER: metavalue detected, returning 0
#    Time: 5407500 ns  Iteration: 5  Instance: /tb/MyRiscv/u_regfile/MUXB
# ** Warning: NUMERIC_STD.TO_INTEGER: metavalue detected, returning 0
#    Time: 5407520 ns  Iteration: 5  Instance: /tb/MyRiscv/u_regfile/MUXA
# ** Warning: NUMERIC_STD.TO_INTEGER: metavalue detected, returning 0
#    Time: 5407520 ns  Iteration: 5  Instance: /tb/MyRiscv/u_regfile/MUXB
# ** Warning: NUMERIC_STD.TO_INTEGER: metavalue detected, returning 0
#    Time: 5427960 ns  Iteration: 2  Instance: /tb/MyRiscv/u_regfile/MUXB
# ** Warning: NUMERIC_STD.TO_INTEGER: metavalue detected, returning 0
#    Time: 5427960 ns  Iteration: 2  Instance: /tb/MyRiscv/u_regfile/MUXA
# ** Warning: NUMERIC_STD.TO_INTEGER: metavalue detected, returning 0
#    Time: 5427960 ns  Iteration: 5  Instance: /tb/MyRiscv/u_regfile/MUXA
# ** Warning: NUMERIC_STD.TO_INTEGER: metavalue detected, returning 0
#    Time: 5427960 ns  Iteration: 5  Instance: /tb/MyRiscv/u_regfile/MUXB
# ** Warning: NUMERIC_STD.TO_INTEGER: metavalue detected, returning 0
#    Time: 5427980 ns  Iteration: 5  Instance: /tb/MyRiscv/u_regfile/MUXA
# ** Warning: NUMERIC_STD.TO_INTEGER: metavalue detected, returning 0
#    Time: 5427980 ns  Iteration: 5  Instance: /tb/MyRiscv/u_regfile/MUXB
# ** Warning: NUMERIC_STD.TO_INTEGER: metavalue detected, returning 0
#    Time: 5428 us  Iteration: 5  Instance: /tb/MyRiscv/u_regfile/MUXA
# ** Warning: NUMERIC_STD.TO_INTEGER: metavalue detected, returning 0
#    Time: 5428 us  Iteration: 5  Instance: /tb/MyRiscv/u_regfile/MUXB
# ** Warning: NUMERIC_STD.TO_INTEGER: metavalue detected, returning 0
#    Time: 5448440 ns  Iteration: 2  Instance: /tb/MyRiscv/u_regfile/MUXB
# ** Warning: NUMERIC_STD.TO_INTEGER: metavalue detected, returning 0
#    Time: 5448440 ns  Iteration: 2  Instance: /tb/MyRiscv/u_regfile/MUXA
# ** Warning: NUMERIC_STD.TO_INTEGER: metavalue detected, returning 0
#    Time: 5448440 ns  Iteration: 5  Instance: /tb/MyRiscv/u_regfile/MUXA
# ** Warning: NUMERIC_STD.TO_INTEGER: metavalue detected, returning 0
#    Time: 5448440 ns  Iteration: 5  Instance: /tb/MyRiscv/u_regfile/MUXB
# ** Warning: NUMERIC_STD.TO_INTEGER: metavalue detected, returning 0
#    Time: 5448460 ns  Iteration: 5  Instance: /tb/MyRiscv/u_regfile/MUXA
# ** Warning: NUMERIC_STD.TO_INTEGER: metavalue detected, returning 0
#    Time: 5448460 ns  Iteration: 5  Instance: /tb/MyRiscv/u_regfile/MUXB
# ** Warning: NUMERIC_STD.TO_INTEGER: metavalue detected, returning 0
#    Time: 5448480 ns  Iteration: 5  Instance: /tb/MyRiscv/u_regfile/MUXA
# ** Warning: NUMERIC_STD.TO_INTEGER: metavalue detected, returning 0
#    Time: 5448480 ns  Iteration: 5  Instance: /tb/MyRiscv/u_regfile/MUXB
# ** Warning: NUMERIC_STD.TO_INTEGER: metavalue detected, returning 0
#    Time: 5468920 ns  Iteration: 2  Instance: /tb/MyRiscv/u_regfile/MUXB
# ** Warning: NUMERIC_STD.TO_INTEGER: metavalue detected, returning 0
#    Time: 5468920 ns  Iteration: 2  Instance: /tb/MyRiscv/u_regfile/MUXA
# ** Warning: NUMERIC_STD.TO_INTEGER: metavalue detected, returning 0
#    Time: 5468920 ns  Iteration: 5  Instance: /tb/MyRiscv/u_regfile/MUXA
# ** Warning: NUMERIC_STD.TO_INTEGER: metavalue detected, returning 0
#    Time: 5468920 ns  Iteration: 5  Instance: /tb/MyRiscv/u_regfile/MUXB
# ** Warning: NUMERIC_STD.TO_INTEGER: metavalue detected, returning 0
#    Time: 5468940 ns  Iteration: 5  Instance: /tb/MyRiscv/u_regfile/MUXA
# ** Warning: NUMERIC_STD.TO_INTEGER: metavalue detected, returning 0
#    Time: 5468940 ns  Iteration: 5  Instance: /tb/MyRiscv/u_regfile/MUXB
# ** Warning: NUMERIC_STD.TO_INTEGER: metavalue detected, returning 0
#    Time: 5468960 ns  Iteration: 5  Instance: /tb/MyRiscv/u_regfile/MUXA
# ** Warning: NUMERIC_STD.TO_INTEGER: metavalue detected, returning 0
#    Time: 5468960 ns  Iteration: 5  Instance: /tb/MyRiscv/u_regfile/MUXB
# ** Warning: NUMERIC_STD.TO_INTEGER: metavalue detected, returning 0
#    Time: 5489400 ns  Iteration: 2  Instance: /tb/MyRiscv/u_regfile/MUXB
# ** Warning: NUMERIC_STD.TO_INTEGER: metavalue detected, returning 0
#    Time: 5489400 ns  Iteration: 2  Instance: /tb/MyRiscv/u_regfile/MUXA
# ** Warning: NUMERIC_STD.TO_INTEGER: metavalue detected, returning 0
#    Time: 5489400 ns  Iteration: 5  Instance: /tb/MyRiscv/u_regfile/MUXA
# ** Warning: NUMERIC_STD.TO_INTEGER: metavalue detected, returning 0
#    Time: 5489400 ns  Iteration: 5  Instance: /tb/MyRiscv/u_regfile/MUXB
# ** Warning: NUMERIC_STD.TO_INTEGER: metavalue detected, returning 0
#    Time: 5489420 ns  Iteration: 5  Instance: /tb/MyRiscv/u_regfile/MUXA
# ** Warning: NUMERIC_STD.TO_INTEGER: metavalue detected, returning 0
#    Time: 5489420 ns  Iteration: 5  Instance: /tb/MyRiscv/u_regfile/MUXB
# ** Warning: NUMERIC_STD.TO_INTEGER: metavalue detected, returning 0
#    Time: 5489440 ns  Iteration: 5  Instance: /tb/MyRiscv/u_regfile/MUXA
# ** Warning: NUMERIC_STD.TO_INTEGER: metavalue detected, returning 0
#    Time: 5489440 ns  Iteration: 5  Instance: /tb/MyRiscv/u_regfile/MUXB
# ** Warning: NUMERIC_STD.TO_INTEGER: metavalue detected, returning 0
#    Time: 5509880 ns  Iteration: 2  Instance: /tb/MyRiscv/u_regfile/MUXB
# ** Warning: NUMERIC_STD.TO_INTEGER: metavalue detected, returning 0
#    Time: 5509880 ns  Iteration: 2  Instance: /tb/MyRiscv/u_regfile/MUXA
# ** Warning: NUMERIC_STD.TO_INTEGER: metavalue detected, returning 0
#    Time: 5509880 ns  Iteration: 5  Instance: /tb/MyRiscv/u_regfile/MUXA
# ** Warning: NUMERIC_STD.TO_INTEGER: metavalue detected, returning 0
#    Time: 5509880 ns  Iteration: 5  Instance: /tb/MyRiscv/u_regfile/MUXB
# ** Warning: NUMERIC_STD.TO_INTEGER: metavalue detected, returning 0
#    Time: 5509900 ns  Iteration: 5  Instance: /tb/MyRiscv/u_regfile/MUXA
# ** Warning: NUMERIC_STD.TO_INTEGER: metavalue detected, returning 0
#    Time: 5509900 ns  Iteration: 5  Instance: /tb/MyRiscv/u_regfile/MUXB
# ** Warning: NUMERIC_STD.TO_INTEGER: metavalue detected, returning 0
#    Time: 5509920 ns  Iteration: 5  Instance: /tb/MyRiscv/u_regfile/MUXA
# ** Warning: NUMERIC_STD.TO_INTEGER: metavalue detected, returning 0
#    Time: 5509920 ns  Iteration: 5  Instance: /tb/MyRiscv/u_regfile/MUXB
# ** Warning: NUMERIC_STD.TO_INTEGER: metavalue detected, returning 0
#    Time: 5530360 ns  Iteration: 2  Instance: /tb/MyRiscv/u_regfile/MUXB
# ** Warning: NUMERIC_STD.TO_INTEGER: metavalue detected, returning 0
#    Time: 5530360 ns  Iteration: 2  Instance: /tb/MyRiscv/u_regfile/MUXA
# ** Warning: NUMERIC_STD.TO_INTEGER: metavalue detected, returning 0
#    Time: 5530360 ns  Iteration: 5  Instance: /tb/MyRiscv/u_regfile/MUXA
# ** Warning: NUMERIC_STD.TO_INTEGER: metavalue detected, returning 0
#    Time: 5530360 ns  Iteration: 5  Instance: /tb/MyRiscv/u_regfile/MUXB
# ** Warning: NUMERIC_STD.TO_INTEGER: metavalue detected, returning 0
#    Time: 5530380 ns  Iteration: 5  Instance: /tb/MyRiscv/u_regfile/MUXA
# ** Warning: NUMERIC_STD.TO_INTEGER: metavalue detected, returning 0
#    Time: 5530380 ns  Iteration: 5  Instance: /tb/MyRiscv/u_regfile/MUXB
# ** Warning: NUMERIC_STD.TO_INTEGER: metavalue detected, returning 0
#    Time: 5530400 ns  Iteration: 5  Instance: /tb/MyRiscv/u_regfile/MUXA
# ** Warning: NUMERIC_STD.TO_INTEGER: metavalue detected, returning 0
#    Time: 5530400 ns  Iteration: 5  Instance: /tb/MyRiscv/u_regfile/MUXB
# ** Warning: NUMERIC_STD.TO_INTEGER: metavalue detected, returning 0
#    Time: 5550840 ns  Iteration: 2  Instance: /tb/MyRiscv/u_regfile/MUXB
# ** Warning: NUMERIC_STD.TO_INTEGER: metavalue detected, returning 0
#    Time: 5550840 ns  Iteration: 2  Instance: /tb/MyRiscv/u_regfile/MUXA
# ** Warning: NUMERIC_STD.TO_INTEGER: metavalue detected, returning 0
#    Time: 5550840 ns  Iteration: 5  Instance: /tb/MyRiscv/u_regfile/MUXA
# ** Warning: NUMERIC_STD.TO_INTEGER: metavalue detected, returning 0
#    Time: 5550840 ns  Iteration: 5  Instance: /tb/MyRiscv/u_regfile/MUXB
# ** Warning: NUMERIC_STD.TO_INTEGER: metavalue detected, returning 0
#    Time: 5550860 ns  Iteration: 5  Instance: /tb/MyRiscv/u_regfile/MUXA
# ** Warning: NUMERIC_STD.TO_INTEGER: metavalue detected, returning 0
#    Time: 5550860 ns  Iteration: 5  Instance: /tb/MyRiscv/u_regfile/MUXB
# ** Warning: NUMERIC_STD.TO_INTEGER: metavalue detected, returning 0
#    Time: 5550880 ns  Iteration: 5  Instance: /tb/MyRiscv/u_regfile/MUXA
# ** Warning: NUMERIC_STD.TO_INTEGER: metavalue detected, returning 0
#    Time: 5550880 ns  Iteration: 5  Instance: /tb/MyRiscv/u_regfile/MUXB
# ** Warning: NUMERIC_STD.TO_INTEGER: metavalue detected, returning 0
#    Time: 5571320 ns  Iteration: 2  Instance: /tb/MyRiscv/u_regfile/MUXB
# ** Warning: NUMERIC_STD.TO_INTEGER: metavalue detected, returning 0
#    Time: 5571320 ns  Iteration: 2  Instance: /tb/MyRiscv/u_regfile/MUXA
# ** Warning: NUMERIC_STD.TO_INTEGER: metavalue detected, returning 0
#    Time: 5571320 ns  Iteration: 5  Instance: /tb/MyRiscv/u_regfile/MUXA
# ** Warning: NUMERIC_STD.TO_INTEGER: metavalue detected, returning 0
#    Time: 5571320 ns  Iteration: 5  Instance: /tb/MyRiscv/u_regfile/MUXB
# ** Warning: NUMERIC_STD.TO_INTEGER: metavalue detected, returning 0
#    Time: 5571340 ns  Iteration: 5  Instance: /tb/MyRiscv/u_regfile/MUXA
# ** Warning: NUMERIC_STD.TO_INTEGER: metavalue detected, returning 0
#    Time: 5571340 ns  Iteration: 5  Instance: /tb/MyRiscv/u_regfile/MUXB
# ** Warning: NUMERIC_STD.TO_INTEGER: metavalue detected, returning 0
#    Time: 5571360 ns  Iteration: 5  Instance: /tb/MyRiscv/u_regfile/MUXA
# ** Warning: NUMERIC_STD.TO_INTEGER: metavalue detected, returning 0
#    Time: 5571360 ns  Iteration: 5  Instance: /tb/MyRiscv/u_regfile/MUXB
# ** Warning: NUMERIC_STD.TO_INTEGER: metavalue detected, returning 0
#    Time: 5591800 ns  Iteration: 2  Instance: /tb/MyRiscv/u_regfile/MUXB
# ** Warning: NUMERIC_STD.TO_INTEGER: metavalue detected, returning 0
#    Time: 5591800 ns  Iteration: 2  Instance: /tb/MyRiscv/u_regfile/MUXA
# ** Warning: NUMERIC_STD.TO_INTEGER: metavalue detected, returning 0
#    Time: 5591800 ns  Iteration: 5  Instance: /tb/MyRiscv/u_regfile/MUXA
# ** Warning: NUMERIC_STD.TO_INTEGER: metavalue detected, returning 0
#    Time: 5591800 ns  Iteration: 5  Instance: /tb/MyRiscv/u_regfile/MUXB
# ** Warning: NUMERIC_STD.TO_INTEGER: metavalue detected, returning 0
#    Time: 5591820 ns  Iteration: 5  Instance: /tb/MyRiscv/u_regfile/MUXA
# ** Warning: NUMERIC_STD.TO_INTEGER: metavalue detected, returning 0
#    Time: 5591820 ns  Iteration: 5  Instance: /tb/MyRiscv/u_regfile/MUXB
# ** Warning: NUMERIC_STD.TO_INTEGER: metavalue detected, returning 0
#    Time: 5591840 ns  Iteration: 5  Instance: /tb/MyRiscv/u_regfile/MUXA
# ** Warning: NUMERIC_STD.TO_INTEGER: metavalue detected, returning 0
#    Time: 5591840 ns  Iteration: 5  Instance: /tb/MyRiscv/u_regfile/MUXB
# ** Warning: NUMERIC_STD.TO_INTEGER: metavalue detected, returning 0
#    Time: 5612280 ns  Iteration: 2  Instance: /tb/MyRiscv/u_regfile/MUXB
# ** Warning: NUMERIC_STD.TO_INTEGER: metavalue detected, returning 0
#    Time: 5612280 ns  Iteration: 2  Instance: /tb/MyRiscv/u_regfile/MUXA
# ** Warning: NUMERIC_STD.TO_INTEGER: metavalue detected, returning 0
#    Time: 5612280 ns  Iteration: 5  Instance: /tb/MyRiscv/u_regfile/MUXA
# ** Warning: NUMERIC_STD.TO_INTEGER: metavalue detected, returning 0
#    Time: 5612280 ns  Iteration: 5  Instance: /tb/MyRiscv/u_regfile/MUXB
# ** Warning: NUMERIC_STD.TO_INTEGER: metavalue detected, returning 0
#    Time: 5612300 ns  Iteration: 5  Instance: /tb/MyRiscv/u_regfile/MUXA
# ** Warning: NUMERIC_STD.TO_INTEGER: metavalue detected, returning 0
#    Time: 5612300 ns  Iteration: 5  Instance: /tb/MyRiscv/u_regfile/MUXB
# ** Warning: NUMERIC_STD.TO_INTEGER: metavalue detected, returning 0
#    Time: 5612320 ns  Iteration: 5  Instance: /tb/MyRiscv/u_regfile/MUXA
# ** Warning: NUMERIC_STD.TO_INTEGER: metavalue detected, returning 0
#    Time: 5612320 ns  Iteration: 5  Instance: /tb/MyRiscv/u_regfile/MUXB
# ** Warning: NUMERIC_STD.TO_INTEGER: metavalue detected, returning 0
#    Time: 5632760 ns  Iteration: 2  Instance: /tb/MyRiscv/u_regfile/MUXB
# ** Warning: NUMERIC_STD.TO_INTEGER: metavalue detected, returning 0
#    Time: 5632760 ns  Iteration: 2  Instance: /tb/MyRiscv/u_regfile/MUXA
# ** Warning: NUMERIC_STD.TO_INTEGER: metavalue detected, returning 0
#    Time: 5632760 ns  Iteration: 5  Instance: /tb/MyRiscv/u_regfile/MUXA
# ** Warning: NUMERIC_STD.TO_INTEGER: metavalue detected, returning 0
#    Time: 5632760 ns  Iteration: 5  Instance: /tb/MyRiscv/u_regfile/MUXB
# ** Warning: NUMERIC_STD.TO_INTEGER: metavalue detected, returning 0
#    Time: 5632780 ns  Iteration: 5  Instance: /tb/MyRiscv/u_regfile/MUXA
# ** Warning: NUMERIC_STD.TO_INTEGER: metavalue detected, returning 0
#    Time: 5632780 ns  Iteration: 5  Instance: /tb/MyRiscv/u_regfile/MUXB
# ** Warning: NUMERIC_STD.TO_INTEGER: metavalue detected, returning 0
#    Time: 5632800 ns  Iteration: 5  Instance: /tb/MyRiscv/u_regfile/MUXA
# ** Warning: NUMERIC_STD.TO_INTEGER: metavalue detected, returning 0
#    Time: 5632800 ns  Iteration: 5  Instance: /tb/MyRiscv/u_regfile/MUXB
# ** Warning: NUMERIC_STD.TO_INTEGER: metavalue detected, returning 0
#    Time: 5653240 ns  Iteration: 2  Instance: /tb/MyRiscv/u_regfile/MUXB
# ** Warning: NUMERIC_STD.TO_INTEGER: metavalue detected, returning 0
#    Time: 5653240 ns  Iteration: 2  Instance: /tb/MyRiscv/u_regfile/MUXA
# ** Warning: NUMERIC_STD.TO_INTEGER: metavalue detected, returning 0
#    Time: 5653240 ns  Iteration: 5  Instance: /tb/MyRiscv/u_regfile/MUXA
# ** Warning: NUMERIC_STD.TO_INTEGER: metavalue detected, returning 0
#    Time: 5653240 ns  Iteration: 5  Instance: /tb/MyRiscv/u_regfile/MUXB
# ** Warning: NUMERIC_STD.TO_INTEGER: metavalue detected, returning 0
#    Time: 5653260 ns  Iteration: 5  Instance: /tb/MyRiscv/u_regfile/MUXA
# ** Warning: NUMERIC_STD.TO_INTEGER: metavalue detected, returning 0
#    Time: 5653260 ns  Iteration: 5  Instance: /tb/MyRiscv/u_regfile/MUXB
# ** Warning: NUMERIC_STD.TO_INTEGER: metavalue detected, returning 0
#    Time: 5653280 ns  Iteration: 5  Instance: /tb/MyRiscv/u_regfile/MUXA
# ** Warning: NUMERIC_STD.TO_INTEGER: metavalue detected, returning 0
#    Time: 5653280 ns  Iteration: 5  Instance: /tb/MyRiscv/u_regfile/MUXB
# ** Warning: NUMERIC_STD.TO_INTEGER: metavalue detected, returning 0
#    Time: 5673720 ns  Iteration: 2  Instance: /tb/MyRiscv/u_regfile/MUXB
# ** Warning: NUMERIC_STD.TO_INTEGER: metavalue detected, returning 0
#    Time: 5673720 ns  Iteration: 2  Instance: /tb/MyRiscv/u_regfile/MUXA
# ** Warning: NUMERIC_STD.TO_INTEGER: metavalue detected, returning 0
#    Time: 5673720 ns  Iteration: 5  Instance: /tb/MyRiscv/u_regfile/MUXA
# ** Warning: NUMERIC_STD.TO_INTEGER: metavalue detected, returning 0
#    Time: 5673720 ns  Iteration: 5  Instance: /tb/MyRiscv/u_regfile/MUXB
# ** Warning: NUMERIC_STD.TO_INTEGER: metavalue detected, returning 0
#    Time: 5673740 ns  Iteration: 5  Instance: /tb/MyRiscv/u_regfile/MUXA
# ** Warning: NUMERIC_STD.TO_INTEGER: metavalue detected, returning 0
#    Time: 5673740 ns  Iteration: 5  Instance: /tb/MyRiscv/u_regfile/MUXB
# ** Warning: NUMERIC_STD.TO_INTEGER: metavalue detected, returning 0
#    Time: 5673760 ns  Iteration: 5  Instance: /tb/MyRiscv/u_regfile/MUXA
# ** Warning: NUMERIC_STD.TO_INTEGER: metavalue detected, returning 0
#    Time: 5673760 ns  Iteration: 5  Instance: /tb/MyRiscv/u_regfile/MUXB
# ** Warning: NUMERIC_STD.TO_INTEGER: metavalue detected, returning 0
#    Time: 5694200 ns  Iteration: 2  Instance: /tb/MyRiscv/u_regfile/MUXB
# ** Warning: NUMERIC_STD.TO_INTEGER: metavalue detected, returning 0
#    Time: 5694200 ns  Iteration: 2  Instance: /tb/MyRiscv/u_regfile/MUXA
# ** Warning: NUMERIC_STD.TO_INTEGER: metavalue detected, returning 0
#    Time: 5694200 ns  Iteration: 5  Instance: /tb/MyRiscv/u_regfile/MUXA
# ** Warning: NUMERIC_STD.TO_INTEGER: metavalue detected, returning 0
#    Time: 5694200 ns  Iteration: 5  Instance: /tb/MyRiscv/u_regfile/MUXB
# ** Warning: NUMERIC_STD.TO_INTEGER: metavalue detected, returning 0
#    Time: 5694220 ns  Iteration: 5  Instance: /tb/MyRiscv/u_regfile/MUXA
# ** Warning: NUMERIC_STD.TO_INTEGER: metavalue detected, returning 0
#    Time: 5694220 ns  Iteration: 5  Instance: /tb/MyRiscv/u_regfile/MUXB
# ** Warning: NUMERIC_STD.TO_INTEGER: metavalue detected, returning 0
#    Time: 5694240 ns  Iteration: 5  Instance: /tb/MyRiscv/u_regfile/MUXA
# ** Warning: NUMERIC_STD.TO_INTEGER: metavalue detected, returning 0
#    Time: 5694240 ns  Iteration: 5  Instance: /tb/MyRiscv/u_regfile/MUXB
# ** Warning: NUMERIC_STD.TO_INTEGER: metavalue detected, returning 0
#    Time: 5714680 ns  Iteration: 2  Instance: /tb/MyRiscv/u_regfile/MUXB
# ** Warning: NUMERIC_STD.TO_INTEGER: metavalue detected, returning 0
#    Time: 5714680 ns  Iteration: 2  Instance: /tb/MyRiscv/u_regfile/MUXA
# ** Warning: NUMERIC_STD.TO_INTEGER: metavalue detected, returning 0
#    Time: 5714680 ns  Iteration: 5  Instance: /tb/MyRiscv/u_regfile/MUXA
# ** Warning: NUMERIC_STD.TO_INTEGER: metavalue detected, returning 0
#    Time: 5714680 ns  Iteration: 5  Instance: /tb/MyRiscv/u_regfile/MUXB
# ** Warning: NUMERIC_STD.TO_INTEGER: metavalue detected, returning 0
#    Time: 5714700 ns  Iteration: 5  Instance: /tb/MyRiscv/u_regfile/MUXA
# ** Warning: NUMERIC_STD.TO_INTEGER: metavalue detected, returning 0
#    Time: 5714700 ns  Iteration: 5  Instance: /tb/MyRiscv/u_regfile/MUXB
# ** Warning: NUMERIC_STD.TO_INTEGER: metavalue detected, returning 0
#    Time: 5714720 ns  Iteration: 5  Instance: /tb/MyRiscv/u_regfile/MUXA
# ** Warning: NUMERIC_STD.TO_INTEGER: metavalue detected, returning 0
#    Time: 5714720 ns  Iteration: 5  Instance: /tb/MyRiscv/u_regfile/MUXB
# ** Warning: NUMERIC_STD.TO_INTEGER: metavalue detected, returning 0
#    Time: 5735160 ns  Iteration: 2  Instance: /tb/MyRiscv/u_regfile/MUXB
# ** Warning: NUMERIC_STD.TO_INTEGER: metavalue detected, returning 0
#    Time: 5735160 ns  Iteration: 2  Instance: /tb/MyRiscv/u_regfile/MUXA
# ** Warning: NUMERIC_STD.TO_INTEGER: metavalue detected, returning 0
#    Time: 5735160 ns  Iteration: 5  Instance: /tb/MyRiscv/u_regfile/MUXA
# ** Warning: NUMERIC_STD.TO_INTEGER: metavalue detected, returning 0
#    Time: 5735160 ns  Iteration: 5  Instance: /tb/MyRiscv/u_regfile/MUXB
# ** Warning: NUMERIC_STD.TO_INTEGER: metavalue detected, returning 0
#    Time: 5735180 ns  Iteration: 5  Instance: /tb/MyRiscv/u_regfile/MUXA
# ** Warning: NUMERIC_STD.TO_INTEGER: metavalue detected, returning 0
#    Time: 5735180 ns  Iteration: 5  Instance: /tb/MyRiscv/u_regfile/MUXB
# ** Warning: NUMERIC_STD.TO_INTEGER: metavalue detected, returning 0
#    Time: 5735200 ns  Iteration: 5  Instance: /tb/MyRiscv/u_regfile/MUXA
# ** Warning: NUMERIC_STD.TO_INTEGER: metavalue detected, returning 0
#    Time: 5735200 ns  Iteration: 5  Instance: /tb/MyRiscv/u_regfile/MUXB
# ** Warning: NUMERIC_STD.TO_INTEGER: metavalue detected, returning 0
#    Time: 5755640 ns  Iteration: 2  Instance: /tb/MyRiscv/u_regfile/MUXB
# ** Warning: NUMERIC_STD.TO_INTEGER: metavalue detected, returning 0
#    Time: 5755640 ns  Iteration: 2  Instance: /tb/MyRiscv/u_regfile/MUXA
# ** Warning: NUMERIC_STD.TO_INTEGER: metavalue detected, returning 0
#    Time: 5755640 ns  Iteration: 5  Instance: /tb/MyRiscv/u_regfile/MUXA
# ** Warning: NUMERIC_STD.TO_INTEGER: metavalue detected, returning 0
#    Time: 5755640 ns  Iteration: 5  Instance: /tb/MyRiscv/u_regfile/MUXB
# ** Warning: NUMERIC_STD.TO_INTEGER: metavalue detected, returning 0
#    Time: 5755660 ns  Iteration: 5  Instance: /tb/MyRiscv/u_regfile/MUXA
# ** Warning: NUMERIC_STD.TO_INTEGER: metavalue detected, returning 0
#    Time: 5755660 ns  Iteration: 5  Instance: /tb/MyRiscv/u_regfile/MUXB
# ** Warning: NUMERIC_STD.TO_INTEGER: metavalue detected, returning 0
#    Time: 5755680 ns  Iteration: 5  Instance: /tb/MyRiscv/u_regfile/MUXA
# ** Warning: NUMERIC_STD.TO_INTEGER: metavalue detected, returning 0
#    Time: 5755680 ns  Iteration: 5  Instance: /tb/MyRiscv/u_regfile/MUXB
# ** Warning: NUMERIC_STD.TO_INTEGER: metavalue detected, returning 0
#    Time: 5776120 ns  Iteration: 2  Instance: /tb/MyRiscv/u_regfile/MUXB
# ** Warning: NUMERIC_STD.TO_INTEGER: metavalue detected, returning 0
#    Time: 5776120 ns  Iteration: 2  Instance: /tb/MyRiscv/u_regfile/MUXA
# ** Warning: NUMERIC_STD.TO_INTEGER: metavalue detected, returning 0
#    Time: 5776120 ns  Iteration: 5  Instance: /tb/MyRiscv/u_regfile/MUXA
# ** Warning: NUMERIC_STD.TO_INTEGER: metavalue detected, returning 0
#    Time: 5776120 ns  Iteration: 5  Instance: /tb/MyRiscv/u_regfile/MUXB
# ** Warning: NUMERIC_STD.TO_INTEGER: metavalue detected, returning 0
#    Time: 5776140 ns  Iteration: 5  Instance: /tb/MyRiscv/u_regfile/MUXA
# ** Warning: NUMERIC_STD.TO_INTEGER: metavalue detected, returning 0
#    Time: 5776140 ns  Iteration: 5  Instance: /tb/MyRiscv/u_regfile/MUXB
# ** Warning: NUMERIC_STD.TO_INTEGER: metavalue detected, returning 0
#    Time: 5776160 ns  Iteration: 5  Instance: /tb/MyRiscv/u_regfile/MUXA
# ** Warning: NUMERIC_STD.TO_INTEGER: metavalue detected, returning 0
#    Time: 5776160 ns  Iteration: 5  Instance: /tb/MyRiscv/u_regfile/MUXB
# ** Warning: NUMERIC_STD.TO_INTEGER: metavalue detected, returning 0
#    Time: 5796600 ns  Iteration: 2  Instance: /tb/MyRiscv/u_regfile/MUXB
# ** Warning: NUMERIC_STD.TO_INTEGER: metavalue detected, returning 0
#    Time: 5796600 ns  Iteration: 2  Instance: /tb/MyRiscv/u_regfile/MUXA
# ** Warning: NUMERIC_STD.TO_INTEGER: metavalue detected, returning 0
#    Time: 5796600 ns  Iteration: 5  Instance: /tb/MyRiscv/u_regfile/MUXA
# ** Warning: NUMERIC_STD.TO_INTEGER: metavalue detected, returning 0
#    Time: 5796600 ns  Iteration: 5  Instance: /tb/MyRiscv/u_regfile/MUXB
# ** Warning: NUMERIC_STD.TO_INTEGER: metavalue detected, returning 0
#    Time: 5796620 ns  Iteration: 5  Instance: /tb/MyRiscv/u_regfile/MUXA
# ** Warning: NUMERIC_STD.TO_INTEGER: metavalue detected, returning 0
#    Time: 5796620 ns  Iteration: 5  Instance: /tb/MyRiscv/u_regfile/MUXB
# ** Warning: NUMERIC_STD.TO_INTEGER: metavalue detected, returning 0
#    Time: 5796640 ns  Iteration: 5  Instance: /tb/MyRiscv/u_regfile/MUXA
# ** Warning: NUMERIC_STD.TO_INTEGER: metavalue detected, returning 0
#    Time: 5796640 ns  Iteration: 5  Instance: /tb/MyRiscv/u_regfile/MUXB
# ** Warning: NUMERIC_STD.TO_INTEGER: metavalue detected, returning 0
#    Time: 5817080 ns  Iteration: 2  Instance: /tb/MyRiscv/u_regfile/MUXB
# ** Warning: NUMERIC_STD.TO_INTEGER: metavalue detected, returning 0
#    Time: 5817080 ns  Iteration: 2  Instance: /tb/MyRiscv/u_regfile/MUXA
# ** Warning: NUMERIC_STD.TO_INTEGER: metavalue detected, returning 0
#    Time: 5817080 ns  Iteration: 5  Instance: /tb/MyRiscv/u_regfile/MUXA
# ** Warning: NUMERIC_STD.TO_INTEGER: metavalue detected, returning 0
#    Time: 5817080 ns  Iteration: 5  Instance: /tb/MyRiscv/u_regfile/MUXB
# ** Warning: NUMERIC_STD.TO_INTEGER: metavalue detected, returning 0
#    Time: 5817100 ns  Iteration: 5  Instance: /tb/MyRiscv/u_regfile/MUXA
# ** Warning: NUMERIC_STD.TO_INTEGER: metavalue detected, returning 0
#    Time: 5817100 ns  Iteration: 5  Instance: /tb/MyRiscv/u_regfile/MUXB
# ** Warning: NUMERIC_STD.TO_INTEGER: metavalue detected, returning 0
#    Time: 5817120 ns  Iteration: 5  Instance: /tb/MyRiscv/u_regfile/MUXA
# ** Warning: NUMERIC_STD.TO_INTEGER: metavalue detected, returning 0
#    Time: 5817120 ns  Iteration: 5  Instance: /tb/MyRiscv/u_regfile/MUXB
# ** Warning: NUMERIC_STD.TO_INTEGER: metavalue detected, returning 0
#    Time: 5837560 ns  Iteration: 2  Instance: /tb/MyRiscv/u_regfile/MUXB
# ** Warning: NUMERIC_STD.TO_INTEGER: metavalue detected, returning 0
#    Time: 5837560 ns  Iteration: 2  Instance: /tb/MyRiscv/u_regfile/MUXA
# ** Warning: NUMERIC_STD.TO_INTEGER: metavalue detected, returning 0
#    Time: 5837560 ns  Iteration: 5  Instance: /tb/MyRiscv/u_regfile/MUXA
# ** Warning: NUMERIC_STD.TO_INTEGER: metavalue detected, returning 0
#    Time: 5837560 ns  Iteration: 5  Instance: /tb/MyRiscv/u_regfile/MUXB
# ** Warning: NUMERIC_STD.TO_INTEGER: metavalue detected, returning 0
#    Time: 5837580 ns  Iteration: 5  Instance: /tb/MyRiscv/u_regfile/MUXA
# ** Warning: NUMERIC_STD.TO_INTEGER: metavalue detected, returning 0
#    Time: 5837580 ns  Iteration: 5  Instance: /tb/MyRiscv/u_regfile/MUXB
# ** Warning: NUMERIC_STD.TO_INTEGER: metavalue detected, returning 0
#    Time: 5837600 ns  Iteration: 5  Instance: /tb/MyRiscv/u_regfile/MUXA
# ** Warning: NUMERIC_STD.TO_INTEGER: metavalue detected, returning 0
#    Time: 5837600 ns  Iteration: 5  Instance: /tb/MyRiscv/u_regfile/MUXB
# ** Warning: NUMERIC_STD.TO_INTEGER: metavalue detected, returning 0
#    Time: 5858040 ns  Iteration: 2  Instance: /tb/MyRiscv/u_regfile/MUXB
# ** Warning: NUMERIC_STD.TO_INTEGER: metavalue detected, returning 0
#    Time: 5858040 ns  Iteration: 2  Instance: /tb/MyRiscv/u_regfile/MUXA
# ** Warning: NUMERIC_STD.TO_INTEGER: metavalue detected, returning 0
#    Time: 5858040 ns  Iteration: 5  Instance: /tb/MyRiscv/u_regfile/MUXA
# ** Warning: NUMERIC_STD.TO_INTEGER: metavalue detected, returning 0
#    Time: 5858040 ns  Iteration: 5  Instance: /tb/MyRiscv/u_regfile/MUXB
# ** Warning: NUMERIC_STD.TO_INTEGER: metavalue detected, returning 0
#    Time: 5858060 ns  Iteration: 5  Instance: /tb/MyRiscv/u_regfile/MUXA
# ** Warning: NUMERIC_STD.TO_INTEGER: metavalue detected, returning 0
#    Time: 5858060 ns  Iteration: 5  Instance: /tb/MyRiscv/u_regfile/MUXB
# ** Warning: NUMERIC_STD.TO_INTEGER: metavalue detected, returning 0
#    Time: 5858080 ns  Iteration: 5  Instance: /tb/MyRiscv/u_regfile/MUXA
# ** Warning: NUMERIC_STD.TO_INTEGER: metavalue detected, returning 0
#    Time: 5858080 ns  Iteration: 5  Instance: /tb/MyRiscv/u_regfile/MUXB
# ** Warning: NUMERIC_STD.TO_INTEGER: metavalue detected, returning 0
#    Time: 5878520 ns  Iteration: 2  Instance: /tb/MyRiscv/u_regfile/MUXB
# ** Warning: NUMERIC_STD.TO_INTEGER: metavalue detected, returning 0
#    Time: 5878520 ns  Iteration: 2  Instance: /tb/MyRiscv/u_regfile/MUXA
# ** Warning: NUMERIC_STD.TO_INTEGER: metavalue detected, returning 0
#    Time: 5878520 ns  Iteration: 5  Instance: /tb/MyRiscv/u_regfile/MUXA
# ** Warning: NUMERIC_STD.TO_INTEGER: metavalue detected, returning 0
#    Time: 5878520 ns  Iteration: 5  Instance: /tb/MyRiscv/u_regfile/MUXB
# ** Warning: NUMERIC_STD.TO_INTEGER: metavalue detected, returning 0
#    Time: 5878540 ns  Iteration: 5  Instance: /tb/MyRiscv/u_regfile/MUXA
# ** Warning: NUMERIC_STD.TO_INTEGER: metavalue detected, returning 0
#    Time: 5878540 ns  Iteration: 5  Instance: /tb/MyRiscv/u_regfile/MUXB
# ** Warning: NUMERIC_STD.TO_INTEGER: metavalue detected, returning 0
#    Time: 5878560 ns  Iteration: 5  Instance: /tb/MyRiscv/u_regfile/MUXA
# ** Warning: NUMERIC_STD.TO_INTEGER: metavalue detected, returning 0
#    Time: 5878560 ns  Iteration: 5  Instance: /tb/MyRiscv/u_regfile/MUXB
# ** Warning: NUMERIC_STD.TO_INTEGER: metavalue detected, returning 0
#    Time: 5899 us  Iteration: 2  Instance: /tb/MyRiscv/u_regfile/MUXB
# ** Warning: NUMERIC_STD.TO_INTEGER: metavalue detected, returning 0
#    Time: 5899 us  Iteration: 2  Instance: /tb/MyRiscv/u_regfile/MUXA
# ** Warning: NUMERIC_STD.TO_INTEGER: metavalue detected, returning 0
#    Time: 5899 us  Iteration: 5  Instance: /tb/MyRiscv/u_regfile/MUXA
# ** Warning: NUMERIC_STD.TO_INTEGER: metavalue detected, returning 0
#    Time: 5899 us  Iteration: 5  Instance: /tb/MyRiscv/u_regfile/MUXB
# ** Warning: NUMERIC_STD.TO_INTEGER: metavalue detected, returning 0
#    Time: 5899020 ns  Iteration: 5  Instance: /tb/MyRiscv/u_regfile/MUXA
# ** Warning: NUMERIC_STD.TO_INTEGER: metavalue detected, returning 0
#    Time: 5899020 ns  Iteration: 5  Instance: /tb/MyRiscv/u_regfile/MUXB
# ** Warning: NUMERIC_STD.TO_INTEGER: metavalue detected, returning 0
#    Time: 5899040 ns  Iteration: 5  Instance: /tb/MyRiscv/u_regfile/MUXA
# ** Warning: NUMERIC_STD.TO_INTEGER: metavalue detected, returning 0
#    Time: 5899040 ns  Iteration: 5  Instance: /tb/MyRiscv/u_regfile/MUXB
# ** Warning: NUMERIC_STD.TO_INTEGER: metavalue detected, returning 0
#    Time: 5919480 ns  Iteration: 2  Instance: /tb/MyRiscv/u_regfile/MUXB
# ** Warning: NUMERIC_STD.TO_INTEGER: metavalue detected, returning 0
#    Time: 5919480 ns  Iteration: 2  Instance: /tb/MyRiscv/u_regfile/MUXA
# ** Warning: NUMERIC_STD.TO_INTEGER: metavalue detected, returning 0
#    Time: 5919480 ns  Iteration: 5  Instance: /tb/MyRiscv/u_regfile/MUXA
# ** Warning: NUMERIC_STD.TO_INTEGER: metavalue detected, returning 0
#    Time: 5919480 ns  Iteration: 5  Instance: /tb/MyRiscv/u_regfile/MUXB
# ** Warning: NUMERIC_STD.TO_INTEGER: metavalue detected, returning 0
#    Time: 5919500 ns  Iteration: 5  Instance: /tb/MyRiscv/u_regfile/MUXA
# ** Warning: NUMERIC_STD.TO_INTEGER: metavalue detected, returning 0
#    Time: 5919500 ns  Iteration: 5  Instance: /tb/MyRiscv/u_regfile/MUXB
# ** Warning: NUMERIC_STD.TO_INTEGER: metavalue detected, returning 0
#    Time: 5919520 ns  Iteration: 5  Instance: /tb/MyRiscv/u_regfile/MUXA
# ** Warning: NUMERIC_STD.TO_INTEGER: metavalue detected, returning 0
#    Time: 5919520 ns  Iteration: 5  Instance: /tb/MyRiscv/u_regfile/MUXB
# ** Warning: NUMERIC_STD.TO_INTEGER: metavalue detected, returning 0
#    Time: 5939960 ns  Iteration: 2  Instance: /tb/MyRiscv/u_regfile/MUXB
# ** Warning: NUMERIC_STD.TO_INTEGER: metavalue detected, returning 0
#    Time: 5939960 ns  Iteration: 2  Instance: /tb/MyRiscv/u_regfile/MUXA
# ** Warning: NUMERIC_STD.TO_INTEGER: metavalue detected, returning 0
#    Time: 5939960 ns  Iteration: 5  Instance: /tb/MyRiscv/u_regfile/MUXA
# ** Warning: NUMERIC_STD.TO_INTEGER: metavalue detected, returning 0
#    Time: 5939960 ns  Iteration: 5  Instance: /tb/MyRiscv/u_regfile/MUXB
# ** Warning: NUMERIC_STD.TO_INTEGER: metavalue detected, returning 0
#    Time: 5939980 ns  Iteration: 5  Instance: /tb/MyRiscv/u_regfile/MUXA
# ** Warning: NUMERIC_STD.TO_INTEGER: metavalue detected, returning 0
#    Time: 5939980 ns  Iteration: 5  Instance: /tb/MyRiscv/u_regfile/MUXB
# ** Warning: NUMERIC_STD.TO_INTEGER: metavalue detected, returning 0
#    Time: 5940 us  Iteration: 5  Instance: /tb/MyRiscv/u_regfile/MUXA
# ** Warning: NUMERIC_STD.TO_INTEGER: metavalue detected, returning 0
#    Time: 5940 us  Iteration: 5  Instance: /tb/MyRiscv/u_regfile/MUXB
# ** Warning: NUMERIC_STD.TO_INTEGER: metavalue detected, returning 0
#    Time: 5960440 ns  Iteration: 2  Instance: /tb/MyRiscv/u_regfile/MUXB
# ** Warning: NUMERIC_STD.TO_INTEGER: metavalue detected, returning 0
#    Time: 5960440 ns  Iteration: 2  Instance: /tb/MyRiscv/u_regfile/MUXA
# ** Warning: NUMERIC_STD.TO_INTEGER: metavalue detected, returning 0
#    Time: 5960440 ns  Iteration: 5  Instance: /tb/MyRiscv/u_regfile/MUXA
# ** Warning: NUMERIC_STD.TO_INTEGER: metavalue detected, returning 0
#    Time: 5960440 ns  Iteration: 5  Instance: /tb/MyRiscv/u_regfile/MUXB
# ** Warning: NUMERIC_STD.TO_INTEGER: metavalue detected, returning 0
#    Time: 5960460 ns  Iteration: 5  Instance: /tb/MyRiscv/u_regfile/MUXA
# ** Warning: NUMERIC_STD.TO_INTEGER: metavalue detected, returning 0
#    Time: 5960460 ns  Iteration: 5  Instance: /tb/MyRiscv/u_regfile/MUXB
# ** Warning: NUMERIC_STD.TO_INTEGER: metavalue detected, returning 0
#    Time: 5960480 ns  Iteration: 5  Instance: /tb/MyRiscv/u_regfile/MUXA
# ** Warning: NUMERIC_STD.TO_INTEGER: metavalue detected, returning 0
#    Time: 5960480 ns  Iteration: 5  Instance: /tb/MyRiscv/u_regfile/MUXB
# ** Warning: NUMERIC_STD.TO_INTEGER: metavalue detected, returning 0
#    Time: 5980920 ns  Iteration: 2  Instance: /tb/MyRiscv/u_regfile/MUXB
# ** Warning: NUMERIC_STD.TO_INTEGER: metavalue detected, returning 0
#    Time: 5980920 ns  Iteration: 2  Instance: /tb/MyRiscv/u_regfile/MUXA
# ** Warning: NUMERIC_STD.TO_INTEGER: metavalue detected, returning 0
#    Time: 5980920 ns  Iteration: 5  Instance: /tb/MyRiscv/u_regfile/MUXA
# ** Warning: NUMERIC_STD.TO_INTEGER: metavalue detected, returning 0
#    Time: 5980920 ns  Iteration: 5  Instance: /tb/MyRiscv/u_regfile/MUXB
# ** Warning: NUMERIC_STD.TO_INTEGER: metavalue detected, returning 0
#    Time: 5980940 ns  Iteration: 5  Instance: /tb/MyRiscv/u_regfile/MUXA
# ** Warning: NUMERIC_STD.TO_INTEGER: metavalue detected, returning 0
#    Time: 5980940 ns  Iteration: 5  Instance: /tb/MyRiscv/u_regfile/MUXB
# ** Warning: NUMERIC_STD.TO_INTEGER: metavalue detected, returning 0
#    Time: 5980960 ns  Iteration: 5  Instance: /tb/MyRiscv/u_regfile/MUXA
# ** Warning: NUMERIC_STD.TO_INTEGER: metavalue detected, returning 0
#    Time: 5980960 ns  Iteration: 5  Instance: /tb/MyRiscv/u_regfile/MUXB
# ** Warning: NUMERIC_STD.TO_INTEGER: metavalue detected, returning 0
#    Time: 6001400 ns  Iteration: 2  Instance: /tb/MyRiscv/u_regfile/MUXB
# ** Warning: NUMERIC_STD.TO_INTEGER: metavalue detected, returning 0
#    Time: 6001400 ns  Iteration: 2  Instance: /tb/MyRiscv/u_regfile/MUXA
# ** Warning: NUMERIC_STD.TO_INTEGER: metavalue detected, returning 0
#    Time: 6001400 ns  Iteration: 5  Instance: /tb/MyRiscv/u_regfile/MUXA
# ** Warning: NUMERIC_STD.TO_INTEGER: metavalue detected, returning 0
#    Time: 6001400 ns  Iteration: 5  Instance: /tb/MyRiscv/u_regfile/MUXB
# ** Warning: NUMERIC_STD.TO_INTEGER: metavalue detected, returning 0
#    Time: 6001420 ns  Iteration: 5  Instance: /tb/MyRiscv/u_regfile/MUXA
# ** Warning: NUMERIC_STD.TO_INTEGER: metavalue detected, returning 0
#    Time: 6001420 ns  Iteration: 5  Instance: /tb/MyRiscv/u_regfile/MUXB
# ** Warning: NUMERIC_STD.TO_INTEGER: metavalue detected, returning 0
#    Time: 6001440 ns  Iteration: 5  Instance: /tb/MyRiscv/u_regfile/MUXA
# ** Warning: NUMERIC_STD.TO_INTEGER: metavalue detected, returning 0
#    Time: 6001440 ns  Iteration: 5  Instance: /tb/MyRiscv/u_regfile/MUXB
# ** Warning: NUMERIC_STD.TO_INTEGER: metavalue detected, returning 0
#    Time: 6021880 ns  Iteration: 2  Instance: /tb/MyRiscv/u_regfile/MUXB
# ** Warning: NUMERIC_STD.TO_INTEGER: metavalue detected, returning 0
#    Time: 6021880 ns  Iteration: 2  Instance: /tb/MyRiscv/u_regfile/MUXA
# ** Warning: NUMERIC_STD.TO_INTEGER: metavalue detected, returning 0
#    Time: 6021880 ns  Iteration: 5  Instance: /tb/MyRiscv/u_regfile/MUXA
# ** Warning: NUMERIC_STD.TO_INTEGER: metavalue detected, returning 0
#    Time: 6021880 ns  Iteration: 5  Instance: /tb/MyRiscv/u_regfile/MUXB
# ** Warning: NUMERIC_STD.TO_INTEGER: metavalue detected, returning 0
#    Time: 6021900 ns  Iteration: 5  Instance: /tb/MyRiscv/u_regfile/MUXA
# ** Warning: NUMERIC_STD.TO_INTEGER: metavalue detected, returning 0
#    Time: 6021900 ns  Iteration: 5  Instance: /tb/MyRiscv/u_regfile/MUXB
# ** Warning: NUMERIC_STD.TO_INTEGER: metavalue detected, returning 0
#    Time: 6021920 ns  Iteration: 5  Instance: /tb/MyRiscv/u_regfile/MUXA
# ** Warning: NUMERIC_STD.TO_INTEGER: metavalue detected, returning 0
#    Time: 6021920 ns  Iteration: 5  Instance: /tb/MyRiscv/u_regfile/MUXB
# ** Warning: NUMERIC_STD.TO_INTEGER: metavalue detected, returning 0
#    Time: 6042360 ns  Iteration: 2  Instance: /tb/MyRiscv/u_regfile/MUXB
# ** Warning: NUMERIC_STD.TO_INTEGER: metavalue detected, returning 0
#    Time: 6042360 ns  Iteration: 2  Instance: /tb/MyRiscv/u_regfile/MUXA
# ** Warning: NUMERIC_STD.TO_INTEGER: metavalue detected, returning 0
#    Time: 6042360 ns  Iteration: 5  Instance: /tb/MyRiscv/u_regfile/MUXA
# ** Warning: NUMERIC_STD.TO_INTEGER: metavalue detected, returning 0
#    Time: 6042360 ns  Iteration: 5  Instance: /tb/MyRiscv/u_regfile/MUXB
# ** Warning: NUMERIC_STD.TO_INTEGER: metavalue detected, returning 0
#    Time: 6042380 ns  Iteration: 5  Instance: /tb/MyRiscv/u_regfile/MUXA
# ** Warning: NUMERIC_STD.TO_INTEGER: metavalue detected, returning 0
#    Time: 6042380 ns  Iteration: 5  Instance: /tb/MyRiscv/u_regfile/MUXB
# ** Warning: NUMERIC_STD.TO_INTEGER: metavalue detected, returning 0
#    Time: 6042400 ns  Iteration: 5  Instance: /tb/MyRiscv/u_regfile/MUXA
# ** Warning: NUMERIC_STD.TO_INTEGER: metavalue detected, returning 0
#    Time: 6042400 ns  Iteration: 5  Instance: /tb/MyRiscv/u_regfile/MUXB
# ** Warning: NUMERIC_STD.TO_INTEGER: metavalue detected, returning 0
#    Time: 6062840 ns  Iteration: 2  Instance: /tb/MyRiscv/u_regfile/MUXB
# ** Warning: NUMERIC_STD.TO_INTEGER: metavalue detected, returning 0
#    Time: 6062840 ns  Iteration: 2  Instance: /tb/MyRiscv/u_regfile/MUXA
# ** Warning: NUMERIC_STD.TO_INTEGER: metavalue detected, returning 0
#    Time: 6062840 ns  Iteration: 5  Instance: /tb/MyRiscv/u_regfile/MUXA
# ** Warning: NUMERIC_STD.TO_INTEGER: metavalue detected, returning 0
#    Time: 6062840 ns  Iteration: 5  Instance: /tb/MyRiscv/u_regfile/MUXB
# ** Warning: NUMERIC_STD.TO_INTEGER: metavalue detected, returning 0
#    Time: 6062860 ns  Iteration: 5  Instance: /tb/MyRiscv/u_regfile/MUXA
# ** Warning: NUMERIC_STD.TO_INTEGER: metavalue detected, returning 0
#    Time: 6062860 ns  Iteration: 5  Instance: /tb/MyRiscv/u_regfile/MUXB
# ** Warning: NUMERIC_STD.TO_INTEGER: metavalue detected, returning 0
#    Time: 6062880 ns  Iteration: 5  Instance: /tb/MyRiscv/u_regfile/MUXA
# ** Warning: NUMERIC_STD.TO_INTEGER: metavalue detected, returning 0
#    Time: 6062880 ns  Iteration: 5  Instance: /tb/MyRiscv/u_regfile/MUXB
# ** Warning: NUMERIC_STD.TO_INTEGER: metavalue detected, returning 0
#    Time: 6083320 ns  Iteration: 2  Instance: /tb/MyRiscv/u_regfile/MUXB
# ** Warning: NUMERIC_STD.TO_INTEGER: metavalue detected, returning 0
#    Time: 6083320 ns  Iteration: 2  Instance: /tb/MyRiscv/u_regfile/MUXA
# ** Warning: NUMERIC_STD.TO_INTEGER: metavalue detected, returning 0
#    Time: 6083320 ns  Iteration: 5  Instance: /tb/MyRiscv/u_regfile/MUXA
# ** Warning: NUMERIC_STD.TO_INTEGER: metavalue detected, returning 0
#    Time: 6083320 ns  Iteration: 5  Instance: /tb/MyRiscv/u_regfile/MUXB
# ** Warning: NUMERIC_STD.TO_INTEGER: metavalue detected, returning 0
#    Time: 6083340 ns  Iteration: 5  Instance: /tb/MyRiscv/u_regfile/MUXA
# ** Warning: NUMERIC_STD.TO_INTEGER: metavalue detected, returning 0
#    Time: 6083340 ns  Iteration: 5  Instance: /tb/MyRiscv/u_regfile/MUXB
# ** Warning: NUMERIC_STD.TO_INTEGER: metavalue detected, returning 0
#    Time: 6083360 ns  Iteration: 5  Instance: /tb/MyRiscv/u_regfile/MUXA
# ** Warning: NUMERIC_STD.TO_INTEGER: metavalue detected, returning 0
#    Time: 6083360 ns  Iteration: 5  Instance: /tb/MyRiscv/u_regfile/MUXB
# ** Warning: NUMERIC_STD.TO_INTEGER: metavalue detected, returning 0
#    Time: 6103800 ns  Iteration: 2  Instance: /tb/MyRiscv/u_regfile/MUXB
# ** Warning: NUMERIC_STD.TO_INTEGER: metavalue detected, returning 0
#    Time: 6103800 ns  Iteration: 2  Instance: /tb/MyRiscv/u_regfile/MUXA
# ** Warning: NUMERIC_STD.TO_INTEGER: metavalue detected, returning 0
#    Time: 6103800 ns  Iteration: 5  Instance: /tb/MyRiscv/u_regfile/MUXA
# ** Warning: NUMERIC_STD.TO_INTEGER: metavalue detected, returning 0
#    Time: 6103800 ns  Iteration: 5  Instance: /tb/MyRiscv/u_regfile/MUXB
# ** Warning: NUMERIC_STD.TO_INTEGER: metavalue detected, returning 0
#    Time: 6103820 ns  Iteration: 5  Instance: /tb/MyRiscv/u_regfile/MUXA
# ** Warning: NUMERIC_STD.TO_INTEGER: metavalue detected, returning 0
#    Time: 6103820 ns  Iteration: 5  Instance: /tb/MyRiscv/u_regfile/MUXB
# ** Warning: NUMERIC_STD.TO_INTEGER: metavalue detected, returning 0
#    Time: 6103840 ns  Iteration: 5  Instance: /tb/MyRiscv/u_regfile/MUXA
# ** Warning: NUMERIC_STD.TO_INTEGER: metavalue detected, returning 0
#    Time: 6103840 ns  Iteration: 5  Instance: /tb/MyRiscv/u_regfile/MUXB
# ** Warning: NUMERIC_STD.TO_INTEGER: metavalue detected, returning 0
#    Time: 6124280 ns  Iteration: 2  Instance: /tb/MyRiscv/u_regfile/MUXB
# ** Warning: NUMERIC_STD.TO_INTEGER: metavalue detected, returning 0
#    Time: 6124280 ns  Iteration: 2  Instance: /tb/MyRiscv/u_regfile/MUXA
# ** Warning: NUMERIC_STD.TO_INTEGER: metavalue detected, returning 0
#    Time: 6124280 ns  Iteration: 5  Instance: /tb/MyRiscv/u_regfile/MUXA
# ** Warning: NUMERIC_STD.TO_INTEGER: metavalue detected, returning 0
#    Time: 6124280 ns  Iteration: 5  Instance: /tb/MyRiscv/u_regfile/MUXB
# ** Warning: NUMERIC_STD.TO_INTEGER: metavalue detected, returning 0
#    Time: 6124300 ns  Iteration: 5  Instance: /tb/MyRiscv/u_regfile/MUXA
# ** Warning: NUMERIC_STD.TO_INTEGER: metavalue detected, returning 0
#    Time: 6124300 ns  Iteration: 5  Instance: /tb/MyRiscv/u_regfile/MUXB
# ** Warning: NUMERIC_STD.TO_INTEGER: metavalue detected, returning 0
#    Time: 6124320 ns  Iteration: 5  Instance: /tb/MyRiscv/u_regfile/MUXA
# ** Warning: NUMERIC_STD.TO_INTEGER: metavalue detected, returning 0
#    Time: 6124320 ns  Iteration: 5  Instance: /tb/MyRiscv/u_regfile/MUXB
# ** Warning: NUMERIC_STD.TO_INTEGER: metavalue detected, returning 0
#    Time: 6144760 ns  Iteration: 2  Instance: /tb/MyRiscv/u_regfile/MUXB
# ** Warning: NUMERIC_STD.TO_INTEGER: metavalue detected, returning 0
#    Time: 6144760 ns  Iteration: 2  Instance: /tb/MyRiscv/u_regfile/MUXA
# ** Warning: NUMERIC_STD.TO_INTEGER: metavalue detected, returning 0
#    Time: 6144760 ns  Iteration: 5  Instance: /tb/MyRiscv/u_regfile/MUXA
# ** Warning: NUMERIC_STD.TO_INTEGER: metavalue detected, returning 0
#    Time: 6144760 ns  Iteration: 5  Instance: /tb/MyRiscv/u_regfile/MUXB
# ** Warning: NUMERIC_STD.TO_INTEGER: metavalue detected, returning 0
#    Time: 6144780 ns  Iteration: 5  Instance: /tb/MyRiscv/u_regfile/MUXA
# ** Warning: NUMERIC_STD.TO_INTEGER: metavalue detected, returning 0
#    Time: 6144780 ns  Iteration: 5  Instance: /tb/MyRiscv/u_regfile/MUXB
# ** Warning: NUMERIC_STD.TO_INTEGER: metavalue detected, returning 0
#    Time: 6144800 ns  Iteration: 5  Instance: /tb/MyRiscv/u_regfile/MUXA
# ** Warning: NUMERIC_STD.TO_INTEGER: metavalue detected, returning 0
#    Time: 6144800 ns  Iteration: 5  Instance: /tb/MyRiscv/u_regfile/MUXB
# ** Warning: NUMERIC_STD.TO_INTEGER: metavalue detected, returning 0
#    Time: 6165240 ns  Iteration: 2  Instance: /tb/MyRiscv/u_regfile/MUXB
# ** Warning: NUMERIC_STD.TO_INTEGER: metavalue detected, returning 0
#    Time: 6165240 ns  Iteration: 2  Instance: /tb/MyRiscv/u_regfile/MUXA
# ** Warning: NUMERIC_STD.TO_INTEGER: metavalue detected, returning 0
#    Time: 6165240 ns  Iteration: 5  Instance: /tb/MyRiscv/u_regfile/MUXA
# ** Warning: NUMERIC_STD.TO_INTEGER: metavalue detected, returning 0
#    Time: 6165240 ns  Iteration: 5  Instance: /tb/MyRiscv/u_regfile/MUXB
# ** Warning: NUMERIC_STD.TO_INTEGER: metavalue detected, returning 0
#    Time: 6165260 ns  Iteration: 5  Instance: /tb/MyRiscv/u_regfile/MUXA
# ** Warning: NUMERIC_STD.TO_INTEGER: metavalue detected, returning 0
#    Time: 6165260 ns  Iteration: 5  Instance: /tb/MyRiscv/u_regfile/MUXB
# ** Warning: NUMERIC_STD.TO_INTEGER: metavalue detected, returning 0
#    Time: 6165280 ns  Iteration: 5  Instance: /tb/MyRiscv/u_regfile/MUXA
# ** Warning: NUMERIC_STD.TO_INTEGER: metavalue detected, returning 0
#    Time: 6165280 ns  Iteration: 5  Instance: /tb/MyRiscv/u_regfile/MUXB
# ** Warning: NUMERIC_STD.TO_INTEGER: metavalue detected, returning 0
#    Time: 6185720 ns  Iteration: 2  Instance: /tb/MyRiscv/u_regfile/MUXB
# ** Warning: NUMERIC_STD.TO_INTEGER: metavalue detected, returning 0
#    Time: 6185720 ns  Iteration: 2  Instance: /tb/MyRiscv/u_regfile/MUXA
# ** Warning: NUMERIC_STD.TO_INTEGER: metavalue detected, returning 0
#    Time: 6185720 ns  Iteration: 5  Instance: /tb/MyRiscv/u_regfile/MUXA
# ** Warning: NUMERIC_STD.TO_INTEGER: metavalue detected, returning 0
#    Time: 6185720 ns  Iteration: 5  Instance: /tb/MyRiscv/u_regfile/MUXB
# ** Warning: NUMERIC_STD.TO_INTEGER: metavalue detected, returning 0
#    Time: 6185740 ns  Iteration: 5  Instance: /tb/MyRiscv/u_regfile/MUXA
# ** Warning: NUMERIC_STD.TO_INTEGER: metavalue detected, returning 0
#    Time: 6185740 ns  Iteration: 5  Instance: /tb/MyRiscv/u_regfile/MUXB
# ** Warning: NUMERIC_STD.TO_INTEGER: metavalue detected, returning 0
#    Time: 6185760 ns  Iteration: 5  Instance: /tb/MyRiscv/u_regfile/MUXA
# ** Warning: NUMERIC_STD.TO_INTEGER: metavalue detected, returning 0
#    Time: 6185760 ns  Iteration: 5  Instance: /tb/MyRiscv/u_regfile/MUXB
# ** Warning: NUMERIC_STD.TO_INTEGER: metavalue detected, returning 0
#    Time: 6206200 ns  Iteration: 2  Instance: /tb/MyRiscv/u_regfile/MUXB
# ** Warning: NUMERIC_STD.TO_INTEGER: metavalue detected, returning 0
#    Time: 6206200 ns  Iteration: 2  Instance: /tb/MyRiscv/u_regfile/MUXA
# ** Warning: NUMERIC_STD.TO_INTEGER: metavalue detected, returning 0
#    Time: 6206200 ns  Iteration: 5  Instance: /tb/MyRiscv/u_regfile/MUXA
# ** Warning: NUMERIC_STD.TO_INTEGER: metavalue detected, returning 0
#    Time: 6206200 ns  Iteration: 5  Instance: /tb/MyRiscv/u_regfile/MUXB
# ** Warning: NUMERIC_STD.TO_INTEGER: metavalue detected, returning 0
#    Time: 6206220 ns  Iteration: 5  Instance: /tb/MyRiscv/u_regfile/MUXA
# ** Warning: NUMERIC_STD.TO_INTEGER: metavalue detected, returning 0
#    Time: 6206220 ns  Iteration: 5  Instance: /tb/MyRiscv/u_regfile/MUXB
# ** Warning: NUMERIC_STD.TO_INTEGER: metavalue detected, returning 0
#    Time: 6206240 ns  Iteration: 5  Instance: /tb/MyRiscv/u_regfile/MUXA
# ** Warning: NUMERIC_STD.TO_INTEGER: metavalue detected, returning 0
#    Time: 6206240 ns  Iteration: 5  Instance: /tb/MyRiscv/u_regfile/MUXB
# ** Warning: NUMERIC_STD.TO_INTEGER: metavalue detected, returning 0
#    Time: 6226680 ns  Iteration: 2  Instance: /tb/MyRiscv/u_regfile/MUXB
# ** Warning: NUMERIC_STD.TO_INTEGER: metavalue detected, returning 0
#    Time: 6226680 ns  Iteration: 2  Instance: /tb/MyRiscv/u_regfile/MUXA
# ** Warning: NUMERIC_STD.TO_INTEGER: metavalue detected, returning 0
#    Time: 6226680 ns  Iteration: 5  Instance: /tb/MyRiscv/u_regfile/MUXA
# ** Warning: NUMERIC_STD.TO_INTEGER: metavalue detected, returning 0
#    Time: 6226680 ns  Iteration: 5  Instance: /tb/MyRiscv/u_regfile/MUXB
# ** Warning: NUMERIC_STD.TO_INTEGER: metavalue detected, returning 0
#    Time: 6226700 ns  Iteration: 5  Instance: /tb/MyRiscv/u_regfile/MUXA
# ** Warning: NUMERIC_STD.TO_INTEGER: metavalue detected, returning 0
#    Time: 6226700 ns  Iteration: 5  Instance: /tb/MyRiscv/u_regfile/MUXB
# ** Warning: NUMERIC_STD.TO_INTEGER: metavalue detected, returning 0
#    Time: 6226720 ns  Iteration: 5  Instance: /tb/MyRiscv/u_regfile/MUXA
# ** Warning: NUMERIC_STD.TO_INTEGER: metavalue detected, returning 0
#    Time: 6226720 ns  Iteration: 5  Instance: /tb/MyRiscv/u_regfile/MUXB
# ** Warning: NUMERIC_STD.TO_INTEGER: metavalue detected, returning 0
#    Time: 6247160 ns  Iteration: 2  Instance: /tb/MyRiscv/u_regfile/MUXB
# ** Warning: NUMERIC_STD.TO_INTEGER: metavalue detected, returning 0
#    Time: 6247160 ns  Iteration: 2  Instance: /tb/MyRiscv/u_regfile/MUXA
# ** Warning: NUMERIC_STD.TO_INTEGER: metavalue detected, returning 0
#    Time: 6247160 ns  Iteration: 5  Instance: /tb/MyRiscv/u_regfile/MUXA
# ** Warning: NUMERIC_STD.TO_INTEGER: metavalue detected, returning 0
#    Time: 6247160 ns  Iteration: 5  Instance: /tb/MyRiscv/u_regfile/MUXB
# ** Warning: NUMERIC_STD.TO_INTEGER: metavalue detected, returning 0
#    Time: 6247180 ns  Iteration: 5  Instance: /tb/MyRiscv/u_regfile/MUXA
# ** Warning: NUMERIC_STD.TO_INTEGER: metavalue detected, returning 0
#    Time: 6247180 ns  Iteration: 5  Instance: /tb/MyRiscv/u_regfile/MUXB
# ** Warning: NUMERIC_STD.TO_INTEGER: metavalue detected, returning 0
#    Time: 6247200 ns  Iteration: 5  Instance: /tb/MyRiscv/u_regfile/MUXA
# ** Warning: NUMERIC_STD.TO_INTEGER: metavalue detected, returning 0
#    Time: 6247200 ns  Iteration: 5  Instance: /tb/MyRiscv/u_regfile/MUXB
# ** Warning: NUMERIC_STD.TO_INTEGER: metavalue detected, returning 0
#    Time: 6267640 ns  Iteration: 2  Instance: /tb/MyRiscv/u_regfile/MUXB
# ** Warning: NUMERIC_STD.TO_INTEGER: metavalue detected, returning 0
#    Time: 6267640 ns  Iteration: 2  Instance: /tb/MyRiscv/u_regfile/MUXA
# ** Warning: NUMERIC_STD.TO_INTEGER: metavalue detected, returning 0
#    Time: 6267640 ns  Iteration: 5  Instance: /tb/MyRiscv/u_regfile/MUXA
# ** Warning: NUMERIC_STD.TO_INTEGER: metavalue detected, returning 0
#    Time: 6267640 ns  Iteration: 5  Instance: /tb/MyRiscv/u_regfile/MUXB
# ** Warning: NUMERIC_STD.TO_INTEGER: metavalue detected, returning 0
#    Time: 6267660 ns  Iteration: 5  Instance: /tb/MyRiscv/u_regfile/MUXA
# ** Warning: NUMERIC_STD.TO_INTEGER: metavalue detected, returning 0
#    Time: 6267660 ns  Iteration: 5  Instance: /tb/MyRiscv/u_regfile/MUXB
# ** Warning: NUMERIC_STD.TO_INTEGER: metavalue detected, returning 0
#    Time: 6267680 ns  Iteration: 5  Instance: /tb/MyRiscv/u_regfile/MUXA
# ** Warning: NUMERIC_STD.TO_INTEGER: metavalue detected, returning 0
#    Time: 6267680 ns  Iteration: 5  Instance: /tb/MyRiscv/u_regfile/MUXB
# ** Warning: NUMERIC_STD.TO_INTEGER: metavalue detected, returning 0
#    Time: 6288120 ns  Iteration: 2  Instance: /tb/MyRiscv/u_regfile/MUXB
# ** Warning: NUMERIC_STD.TO_INTEGER: metavalue detected, returning 0
#    Time: 6288120 ns  Iteration: 2  Instance: /tb/MyRiscv/u_regfile/MUXA
# ** Warning: NUMERIC_STD.TO_INTEGER: metavalue detected, returning 0
#    Time: 6288120 ns  Iteration: 5  Instance: /tb/MyRiscv/u_regfile/MUXA
# ** Warning: NUMERIC_STD.TO_INTEGER: metavalue detected, returning 0
#    Time: 6288120 ns  Iteration: 5  Instance: /tb/MyRiscv/u_regfile/MUXB
# ** Warning: NUMERIC_STD.TO_INTEGER: metavalue detected, returning 0
#    Time: 6288140 ns  Iteration: 5  Instance: /tb/MyRiscv/u_regfile/MUXA
# ** Warning: NUMERIC_STD.TO_INTEGER: metavalue detected, returning 0
#    Time: 6288140 ns  Iteration: 5  Instance: /tb/MyRiscv/u_regfile/MUXB
# ** Warning: NUMERIC_STD.TO_INTEGER: metavalue detected, returning 0
#    Time: 6288160 ns  Iteration: 5  Instance: /tb/MyRiscv/u_regfile/MUXA
# ** Warning: NUMERIC_STD.TO_INTEGER: metavalue detected, returning 0
#    Time: 6288160 ns  Iteration: 5  Instance: /tb/MyRiscv/u_regfile/MUXB
# ** Warning: NUMERIC_STD.TO_INTEGER: metavalue detected, returning 0
#    Time: 6308600 ns  Iteration: 2  Instance: /tb/MyRiscv/u_regfile/MUXB
# ** Warning: NUMERIC_STD.TO_INTEGER: metavalue detected, returning 0
#    Time: 6308600 ns  Iteration: 2  Instance: /tb/MyRiscv/u_regfile/MUXA
# ** Warning: NUMERIC_STD.TO_INTEGER: metavalue detected, returning 0
#    Time: 6308600 ns  Iteration: 5  Instance: /tb/MyRiscv/u_regfile/MUXA
# ** Warning: NUMERIC_STD.TO_INTEGER: metavalue detected, returning 0
#    Time: 6308600 ns  Iteration: 5  Instance: /tb/MyRiscv/u_regfile/MUXB
# ** Warning: NUMERIC_STD.TO_INTEGER: metavalue detected, returning 0
#    Time: 6308620 ns  Iteration: 5  Instance: /tb/MyRiscv/u_regfile/MUXA
# ** Warning: NUMERIC_STD.TO_INTEGER: metavalue detected, returning 0
#    Time: 6308620 ns  Iteration: 5  Instance: /tb/MyRiscv/u_regfile/MUXB
# ** Warning: NUMERIC_STD.TO_INTEGER: metavalue detected, returning 0
#    Time: 6308640 ns  Iteration: 5  Instance: /tb/MyRiscv/u_regfile/MUXA
# ** Warning: NUMERIC_STD.TO_INTEGER: metavalue detected, returning 0
#    Time: 6308640 ns  Iteration: 5  Instance: /tb/MyRiscv/u_regfile/MUXB
# ** Warning: NUMERIC_STD.TO_INTEGER: metavalue detected, returning 0
#    Time: 6329080 ns  Iteration: 2  Instance: /tb/MyRiscv/u_regfile/MUXB
# ** Warning: NUMERIC_STD.TO_INTEGER: metavalue detected, returning 0
#    Time: 6329080 ns  Iteration: 2  Instance: /tb/MyRiscv/u_regfile/MUXA
# ** Warning: NUMERIC_STD.TO_INTEGER: metavalue detected, returning 0
#    Time: 6329080 ns  Iteration: 5  Instance: /tb/MyRiscv/u_regfile/MUXA
# ** Warning: NUMERIC_STD.TO_INTEGER: metavalue detected, returning 0
#    Time: 6329080 ns  Iteration: 5  Instance: /tb/MyRiscv/u_regfile/MUXB
# ** Warning: NUMERIC_STD.TO_INTEGER: metavalue detected, returning 0
#    Time: 6329100 ns  Iteration: 5  Instance: /tb/MyRiscv/u_regfile/MUXA
# ** Warning: NUMERIC_STD.TO_INTEGER: metavalue detected, returning 0
#    Time: 6329100 ns  Iteration: 5  Instance: /tb/MyRiscv/u_regfile/MUXB
# ** Warning: NUMERIC_STD.TO_INTEGER: metavalue detected, returning 0
#    Time: 6329120 ns  Iteration: 5  Instance: /tb/MyRiscv/u_regfile/MUXA
# ** Warning: NUMERIC_STD.TO_INTEGER: metavalue detected, returning 0
#    Time: 6329120 ns  Iteration: 5  Instance: /tb/MyRiscv/u_regfile/MUXB
# ** Warning: NUMERIC_STD.TO_INTEGER: metavalue detected, returning 0
#    Time: 6349560 ns  Iteration: 2  Instance: /tb/MyRiscv/u_regfile/MUXB
# ** Warning: NUMERIC_STD.TO_INTEGER: metavalue detected, returning 0
#    Time: 6349560 ns  Iteration: 2  Instance: /tb/MyRiscv/u_regfile/MUXA
# ** Warning: NUMERIC_STD.TO_INTEGER: metavalue detected, returning 0
#    Time: 6349560 ns  Iteration: 5  Instance: /tb/MyRiscv/u_regfile/MUXA
# ** Warning: NUMERIC_STD.TO_INTEGER: metavalue detected, returning 0
#    Time: 6349560 ns  Iteration: 5  Instance: /tb/MyRiscv/u_regfile/MUXB
# ** Warning: NUMERIC_STD.TO_INTEGER: metavalue detected, returning 0
#    Time: 6349580 ns  Iteration: 5  Instance: /tb/MyRiscv/u_regfile/MUXA
# ** Warning: NUMERIC_STD.TO_INTEGER: metavalue detected, returning 0
#    Time: 6349580 ns  Iteration: 5  Instance: /tb/MyRiscv/u_regfile/MUXB
# ** Warning: NUMERIC_STD.TO_INTEGER: metavalue detected, returning 0
#    Time: 6349600 ns  Iteration: 5  Instance: /tb/MyRiscv/u_regfile/MUXA
# ** Warning: NUMERIC_STD.TO_INTEGER: metavalue detected, returning 0
#    Time: 6349600 ns  Iteration: 5  Instance: /tb/MyRiscv/u_regfile/MUXB
# ** Warning: NUMERIC_STD.TO_INTEGER: metavalue detected, returning 0
#    Time: 6370040 ns  Iteration: 2  Instance: /tb/MyRiscv/u_regfile/MUXB
# ** Warning: NUMERIC_STD.TO_INTEGER: metavalue detected, returning 0
#    Time: 6370040 ns  Iteration: 2  Instance: /tb/MyRiscv/u_regfile/MUXA
# ** Warning: NUMERIC_STD.TO_INTEGER: metavalue detected, returning 0
#    Time: 6370040 ns  Iteration: 5  Instance: /tb/MyRiscv/u_regfile/MUXA
# ** Warning: NUMERIC_STD.TO_INTEGER: metavalue detected, returning 0
#    Time: 6370040 ns  Iteration: 5  Instance: /tb/MyRiscv/u_regfile/MUXB
# ** Warning: NUMERIC_STD.TO_INTEGER: metavalue detected, returning 0
#    Time: 6370060 ns  Iteration: 5  Instance: /tb/MyRiscv/u_regfile/MUXA
# ** Warning: NUMERIC_STD.TO_INTEGER: metavalue detected, returning 0
#    Time: 6370060 ns  Iteration: 5  Instance: /tb/MyRiscv/u_regfile/MUXB
# ** Warning: NUMERIC_STD.TO_INTEGER: metavalue detected, returning 0
#    Time: 6370080 ns  Iteration: 5  Instance: /tb/MyRiscv/u_regfile/MUXA
# ** Warning: NUMERIC_STD.TO_INTEGER: metavalue detected, returning 0
#    Time: 6370080 ns  Iteration: 5  Instance: /tb/MyRiscv/u_regfile/MUXB
# ** Warning: NUMERIC_STD.TO_INTEGER: metavalue detected, returning 0
#    Time: 6390520 ns  Iteration: 2  Instance: /tb/MyRiscv/u_regfile/MUXB
# ** Warning: NUMERIC_STD.TO_INTEGER: metavalue detected, returning 0
#    Time: 6390520 ns  Iteration: 2  Instance: /tb/MyRiscv/u_regfile/MUXA
# ** Warning: NUMERIC_STD.TO_INTEGER: metavalue detected, returning 0
#    Time: 6390520 ns  Iteration: 5  Instance: /tb/MyRiscv/u_regfile/MUXA
# ** Warning: NUMERIC_STD.TO_INTEGER: metavalue detected, returning 0
#    Time: 6390520 ns  Iteration: 5  Instance: /tb/MyRiscv/u_regfile/MUXB
# ** Warning: NUMERIC_STD.TO_INTEGER: metavalue detected, returning 0
#    Time: 6390540 ns  Iteration: 5  Instance: /tb/MyRiscv/u_regfile/MUXA
# ** Warning: NUMERIC_STD.TO_INTEGER: metavalue detected, returning 0
#    Time: 6390540 ns  Iteration: 5  Instance: /tb/MyRiscv/u_regfile/MUXB
# ** Warning: NUMERIC_STD.TO_INTEGER: metavalue detected, returning 0
#    Time: 6390560 ns  Iteration: 5  Instance: /tb/MyRiscv/u_regfile/MUXA
# ** Warning: NUMERIC_STD.TO_INTEGER: metavalue detected, returning 0
#    Time: 6390560 ns  Iteration: 5  Instance: /tb/MyRiscv/u_regfile/MUXB
# ** Warning: NUMERIC_STD.TO_INTEGER: metavalue detected, returning 0
#    Time: 6411 us  Iteration: 2  Instance: /tb/MyRiscv/u_regfile/MUXB
# ** Warning: NUMERIC_STD.TO_INTEGER: metavalue detected, returning 0
#    Time: 6411 us  Iteration: 2  Instance: /tb/MyRiscv/u_regfile/MUXA
# ** Warning: NUMERIC_STD.TO_INTEGER: metavalue detected, returning 0
#    Time: 6411 us  Iteration: 5  Instance: /tb/MyRiscv/u_regfile/MUXA
# ** Warning: NUMERIC_STD.TO_INTEGER: metavalue detected, returning 0
#    Time: 6411 us  Iteration: 5  Instance: /tb/MyRiscv/u_regfile/MUXB
# ** Warning: NUMERIC_STD.TO_INTEGER: metavalue detected, returning 0
#    Time: 6411020 ns  Iteration: 5  Instance: /tb/MyRiscv/u_regfile/MUXA
# ** Warning: NUMERIC_STD.TO_INTEGER: metavalue detected, returning 0
#    Time: 6411020 ns  Iteration: 5  Instance: /tb/MyRiscv/u_regfile/MUXB
# ** Warning: NUMERIC_STD.TO_INTEGER: metavalue detected, returning 0
#    Time: 6411040 ns  Iteration: 5  Instance: /tb/MyRiscv/u_regfile/MUXA
# ** Warning: NUMERIC_STD.TO_INTEGER: metavalue detected, returning 0
#    Time: 6411040 ns  Iteration: 5  Instance: /tb/MyRiscv/u_regfile/MUXB
# ** Warning: NUMERIC_STD.TO_INTEGER: metavalue detected, returning 0
#    Time: 6431480 ns  Iteration: 2  Instance: /tb/MyRiscv/u_regfile/MUXB
# ** Warning: NUMERIC_STD.TO_INTEGER: metavalue detected, returning 0
#    Time: 6431480 ns  Iteration: 2  Instance: /tb/MyRiscv/u_regfile/MUXA
# ** Warning: NUMERIC_STD.TO_INTEGER: metavalue detected, returning 0
#    Time: 6431480 ns  Iteration: 5  Instance: /tb/MyRiscv/u_regfile/MUXA
# ** Warning: NUMERIC_STD.TO_INTEGER: metavalue detected, returning 0
#    Time: 6431480 ns  Iteration: 5  Instance: /tb/MyRiscv/u_regfile/MUXB
# ** Warning: NUMERIC_STD.TO_INTEGER: metavalue detected, returning 0
#    Time: 6431500 ns  Iteration: 5  Instance: /tb/MyRiscv/u_regfile/MUXA
# ** Warning: NUMERIC_STD.TO_INTEGER: metavalue detected, returning 0
#    Time: 6431500 ns  Iteration: 5  Instance: /tb/MyRiscv/u_regfile/MUXB
# ** Warning: NUMERIC_STD.TO_INTEGER: metavalue detected, returning 0
#    Time: 6431520 ns  Iteration: 5  Instance: /tb/MyRiscv/u_regfile/MUXA
# ** Warning: NUMERIC_STD.TO_INTEGER: metavalue detected, returning 0
#    Time: 6431520 ns  Iteration: 5  Instance: /tb/MyRiscv/u_regfile/MUXB
# ** Warning: NUMERIC_STD.TO_INTEGER: metavalue detected, returning 0
#    Time: 6451960 ns  Iteration: 2  Instance: /tb/MyRiscv/u_regfile/MUXB
# ** Warning: NUMERIC_STD.TO_INTEGER: metavalue detected, returning 0
#    Time: 6451960 ns  Iteration: 2  Instance: /tb/MyRiscv/u_regfile/MUXA
# ** Warning: NUMERIC_STD.TO_INTEGER: metavalue detected, returning 0
#    Time: 6451960 ns  Iteration: 5  Instance: /tb/MyRiscv/u_regfile/MUXA
# ** Warning: NUMERIC_STD.TO_INTEGER: metavalue detected, returning 0
#    Time: 6451960 ns  Iteration: 5  Instance: /tb/MyRiscv/u_regfile/MUXB
# ** Warning: NUMERIC_STD.TO_INTEGER: metavalue detected, returning 0
#    Time: 6451980 ns  Iteration: 5  Instance: /tb/MyRiscv/u_regfile/MUXA
# ** Warning: NUMERIC_STD.TO_INTEGER: metavalue detected, returning 0
#    Time: 6451980 ns  Iteration: 5  Instance: /tb/MyRiscv/u_regfile/MUXB
# ** Warning: NUMERIC_STD.TO_INTEGER: metavalue detected, returning 0
#    Time: 6452 us  Iteration: 5  Instance: /tb/MyRiscv/u_regfile/MUXA
# ** Warning: NUMERIC_STD.TO_INTEGER: metavalue detected, returning 0
#    Time: 6452 us  Iteration: 5  Instance: /tb/MyRiscv/u_regfile/MUXB
# ** Warning: NUMERIC_STD.TO_INTEGER: metavalue detected, returning 0
#    Time: 6472440 ns  Iteration: 2  Instance: /tb/MyRiscv/u_regfile/MUXB
# ** Warning: NUMERIC_STD.TO_INTEGER: metavalue detected, returning 0
#    Time: 6472440 ns  Iteration: 2  Instance: /tb/MyRiscv/u_regfile/MUXA
# ** Warning: NUMERIC_STD.TO_INTEGER: metavalue detected, returning 0
#    Time: 6472440 ns  Iteration: 5  Instance: /tb/MyRiscv/u_regfile/MUXA
# ** Warning: NUMERIC_STD.TO_INTEGER: metavalue detected, returning 0
#    Time: 6472440 ns  Iteration: 5  Instance: /tb/MyRiscv/u_regfile/MUXB
# ** Warning: NUMERIC_STD.TO_INTEGER: metavalue detected, returning 0
#    Time: 6472460 ns  Iteration: 5  Instance: /tb/MyRiscv/u_regfile/MUXA
# ** Warning: NUMERIC_STD.TO_INTEGER: metavalue detected, returning 0
#    Time: 6472460 ns  Iteration: 5  Instance: /tb/MyRiscv/u_regfile/MUXB
# ** Warning: NUMERIC_STD.TO_INTEGER: metavalue detected, returning 0
#    Time: 6472480 ns  Iteration: 5  Instance: /tb/MyRiscv/u_regfile/MUXA
# ** Warning: NUMERIC_STD.TO_INTEGER: metavalue detected, returning 0
#    Time: 6472480 ns  Iteration: 5  Instance: /tb/MyRiscv/u_regfile/MUXB
# ** Warning: NUMERIC_STD.TO_INTEGER: metavalue detected, returning 0
#    Time: 6492920 ns  Iteration: 2  Instance: /tb/MyRiscv/u_regfile/MUXB
# ** Warning: NUMERIC_STD.TO_INTEGER: metavalue detected, returning 0
#    Time: 6492920 ns  Iteration: 2  Instance: /tb/MyRiscv/u_regfile/MUXA
# ** Warning: NUMERIC_STD.TO_INTEGER: metavalue detected, returning 0
#    Time: 6492920 ns  Iteration: 5  Instance: /tb/MyRiscv/u_regfile/MUXA
# ** Warning: NUMERIC_STD.TO_INTEGER: metavalue detected, returning 0
#    Time: 6492920 ns  Iteration: 5  Instance: /tb/MyRiscv/u_regfile/MUXB
# ** Warning: NUMERIC_STD.TO_INTEGER: metavalue detected, returning 0
#    Time: 6492940 ns  Iteration: 5  Instance: /tb/MyRiscv/u_regfile/MUXA
# ** Warning: NUMERIC_STD.TO_INTEGER: metavalue detected, returning 0
#    Time: 6492940 ns  Iteration: 5  Instance: /tb/MyRiscv/u_regfile/MUXB
# ** Warning: NUMERIC_STD.TO_INTEGER: metavalue detected, returning 0
#    Time: 6492960 ns  Iteration: 5  Instance: /tb/MyRiscv/u_regfile/MUXA
# ** Warning: NUMERIC_STD.TO_INTEGER: metavalue detected, returning 0
#    Time: 6492960 ns  Iteration: 5  Instance: /tb/MyRiscv/u_regfile/MUXB
# ** Warning: NUMERIC_STD.TO_INTEGER: metavalue detected, returning 0
#    Time: 6513400 ns  Iteration: 2  Instance: /tb/MyRiscv/u_regfile/MUXB
# ** Warning: NUMERIC_STD.TO_INTEGER: metavalue detected, returning 0
#    Time: 6513400 ns  Iteration: 2  Instance: /tb/MyRiscv/u_regfile/MUXA
# ** Warning: NUMERIC_STD.TO_INTEGER: metavalue detected, returning 0
#    Time: 6513400 ns  Iteration: 5  Instance: /tb/MyRiscv/u_regfile/MUXA
# ** Warning: NUMERIC_STD.TO_INTEGER: metavalue detected, returning 0
#    Time: 6513400 ns  Iteration: 5  Instance: /tb/MyRiscv/u_regfile/MUXB
# ** Warning: NUMERIC_STD.TO_INTEGER: metavalue detected, returning 0
#    Time: 6513420 ns  Iteration: 5  Instance: /tb/MyRiscv/u_regfile/MUXA
# ** Warning: NUMERIC_STD.TO_INTEGER: metavalue detected, returning 0
#    Time: 6513420 ns  Iteration: 5  Instance: /tb/MyRiscv/u_regfile/MUXB
# ** Warning: NUMERIC_STD.TO_INTEGER: metavalue detected, returning 0
#    Time: 6513440 ns  Iteration: 5  Instance: /tb/MyRiscv/u_regfile/MUXA
# ** Warning: NUMERIC_STD.TO_INTEGER: metavalue detected, returning 0
#    Time: 6513440 ns  Iteration: 5  Instance: /tb/MyRiscv/u_regfile/MUXB
# ** Warning: NUMERIC_STD.TO_INTEGER: metavalue detected, returning 0
#    Time: 6533880 ns  Iteration: 2  Instance: /tb/MyRiscv/u_regfile/MUXB
# ** Warning: NUMERIC_STD.TO_INTEGER: metavalue detected, returning 0
#    Time: 6533880 ns  Iteration: 2  Instance: /tb/MyRiscv/u_regfile/MUXA
# ** Warning: NUMERIC_STD.TO_INTEGER: metavalue detected, returning 0
#    Time: 6533880 ns  Iteration: 5  Instance: /tb/MyRiscv/u_regfile/MUXA
# ** Warning: NUMERIC_STD.TO_INTEGER: metavalue detected, returning 0
#    Time: 6533880 ns  Iteration: 5  Instance: /tb/MyRiscv/u_regfile/MUXB
# ** Warning: NUMERIC_STD.TO_INTEGER: metavalue detected, returning 0
#    Time: 6533900 ns  Iteration: 5  Instance: /tb/MyRiscv/u_regfile/MUXA
# ** Warning: NUMERIC_STD.TO_INTEGER: metavalue detected, returning 0
#    Time: 6533900 ns  Iteration: 5  Instance: /tb/MyRiscv/u_regfile/MUXB
# ** Warning: NUMERIC_STD.TO_INTEGER: metavalue detected, returning 0
#    Time: 6533920 ns  Iteration: 5  Instance: /tb/MyRiscv/u_regfile/MUXA
# ** Warning: NUMERIC_STD.TO_INTEGER: metavalue detected, returning 0
#    Time: 6533920 ns  Iteration: 5  Instance: /tb/MyRiscv/u_regfile/MUXB
# ** Warning: NUMERIC_STD.TO_INTEGER: metavalue detected, returning 0
#    Time: 6554360 ns  Iteration: 2  Instance: /tb/MyRiscv/u_regfile/MUXB
# ** Warning: NUMERIC_STD.TO_INTEGER: metavalue detected, returning 0
#    Time: 6554360 ns  Iteration: 2  Instance: /tb/MyRiscv/u_regfile/MUXA
# ** Warning: NUMERIC_STD.TO_INTEGER: metavalue detected, returning 0
#    Time: 6554360 ns  Iteration: 5  Instance: /tb/MyRiscv/u_regfile/MUXA
# ** Warning: NUMERIC_STD.TO_INTEGER: metavalue detected, returning 0
#    Time: 6554360 ns  Iteration: 5  Instance: /tb/MyRiscv/u_regfile/MUXB
# ** Warning: NUMERIC_STD.TO_INTEGER: metavalue detected, returning 0
#    Time: 6554380 ns  Iteration: 5  Instance: /tb/MyRiscv/u_regfile/MUXA
# ** Warning: NUMERIC_STD.TO_INTEGER: metavalue detected, returning 0
#    Time: 6554380 ns  Iteration: 5  Instance: /tb/MyRiscv/u_regfile/MUXB
# ** Warning: NUMERIC_STD.TO_INTEGER: metavalue detected, returning 0
#    Time: 6554400 ns  Iteration: 5  Instance: /tb/MyRiscv/u_regfile/MUXA
# ** Warning: NUMERIC_STD.TO_INTEGER: metavalue detected, returning 0
#    Time: 6554400 ns  Iteration: 5  Instance: /tb/MyRiscv/u_regfile/MUXB
# ** Warning: NUMERIC_STD.TO_INTEGER: metavalue detected, returning 0
#    Time: 6574840 ns  Iteration: 2  Instance: /tb/MyRiscv/u_regfile/MUXB
# ** Warning: NUMERIC_STD.TO_INTEGER: metavalue detected, returning 0
#    Time: 6574840 ns  Iteration: 2  Instance: /tb/MyRiscv/u_regfile/MUXA
# ** Warning: NUMERIC_STD.TO_INTEGER: metavalue detected, returning 0
#    Time: 6574840 ns  Iteration: 5  Instance: /tb/MyRiscv/u_regfile/MUXA
# ** Warning: NUMERIC_STD.TO_INTEGER: metavalue detected, returning 0
#    Time: 6574840 ns  Iteration: 5  Instance: /tb/MyRiscv/u_regfile/MUXB
# ** Warning: NUMERIC_STD.TO_INTEGER: metavalue detected, returning 0
#    Time: 6574860 ns  Iteration: 5  Instance: /tb/MyRiscv/u_regfile/MUXA
# ** Warning: NUMERIC_STD.TO_INTEGER: metavalue detected, returning 0
#    Time: 6574860 ns  Iteration: 5  Instance: /tb/MyRiscv/u_regfile/MUXB
# ** Warning: NUMERIC_STD.TO_INTEGER: metavalue detected, returning 0
#    Time: 6574880 ns  Iteration: 5  Instance: /tb/MyRiscv/u_regfile/MUXA
# ** Warning: NUMERIC_STD.TO_INTEGER: metavalue detected, returning 0
#    Time: 6574880 ns  Iteration: 5  Instance: /tb/MyRiscv/u_regfile/MUXB
# ** Warning: NUMERIC_STD.TO_INTEGER: metavalue detected, returning 0
#    Time: 6595320 ns  Iteration: 2  Instance: /tb/MyRiscv/u_regfile/MUXB
# ** Warning: NUMERIC_STD.TO_INTEGER: metavalue detected, returning 0
#    Time: 6595320 ns  Iteration: 2  Instance: /tb/MyRiscv/u_regfile/MUXA
# ** Warning: NUMERIC_STD.TO_INTEGER: metavalue detected, returning 0
#    Time: 6595320 ns  Iteration: 5  Instance: /tb/MyRiscv/u_regfile/MUXA
# ** Warning: NUMERIC_STD.TO_INTEGER: metavalue detected, returning 0
#    Time: 6595320 ns  Iteration: 5  Instance: /tb/MyRiscv/u_regfile/MUXB
# ** Warning: NUMERIC_STD.TO_INTEGER: metavalue detected, returning 0
#    Time: 6595340 ns  Iteration: 5  Instance: /tb/MyRiscv/u_regfile/MUXA
# ** Warning: NUMERIC_STD.TO_INTEGER: metavalue detected, returning 0
#    Time: 6595340 ns  Iteration: 5  Instance: /tb/MyRiscv/u_regfile/MUXB
# ** Warning: NUMERIC_STD.TO_INTEGER: metavalue detected, returning 0
#    Time: 6595360 ns  Iteration: 5  Instance: /tb/MyRiscv/u_regfile/MUXA
# ** Warning: NUMERIC_STD.TO_INTEGER: metavalue detected, returning 0
#    Time: 6595360 ns  Iteration: 5  Instance: /tb/MyRiscv/u_regfile/MUXB
# ** Warning: NUMERIC_STD.TO_INTEGER: metavalue detected, returning 0
#    Time: 6615800 ns  Iteration: 2  Instance: /tb/MyRiscv/u_regfile/MUXB
# ** Warning: NUMERIC_STD.TO_INTEGER: metavalue detected, returning 0
#    Time: 6615800 ns  Iteration: 2  Instance: /tb/MyRiscv/u_regfile/MUXA
# ** Warning: NUMERIC_STD.TO_INTEGER: metavalue detected, returning 0
#    Time: 6615800 ns  Iteration: 5  Instance: /tb/MyRiscv/u_regfile/MUXA
# ** Warning: NUMERIC_STD.TO_INTEGER: metavalue detected, returning 0
#    Time: 6615800 ns  Iteration: 5  Instance: /tb/MyRiscv/u_regfile/MUXB
# ** Warning: NUMERIC_STD.TO_INTEGER: metavalue detected, returning 0
#    Time: 6615820 ns  Iteration: 5  Instance: /tb/MyRiscv/u_regfile/MUXA
# ** Warning: NUMERIC_STD.TO_INTEGER: metavalue detected, returning 0
#    Time: 6615820 ns  Iteration: 5  Instance: /tb/MyRiscv/u_regfile/MUXB
# ** Warning: NUMERIC_STD.TO_INTEGER: metavalue detected, returning 0
#    Time: 6615840 ns  Iteration: 5  Instance: /tb/MyRiscv/u_regfile/MUXA
# ** Warning: NUMERIC_STD.TO_INTEGER: metavalue detected, returning 0
#    Time: 6615840 ns  Iteration: 5  Instance: /tb/MyRiscv/u_regfile/MUXB
# ** Warning: NUMERIC_STD.TO_INTEGER: metavalue detected, returning 0
#    Time: 6636280 ns  Iteration: 2  Instance: /tb/MyRiscv/u_regfile/MUXB
# ** Warning: NUMERIC_STD.TO_INTEGER: metavalue detected, returning 0
#    Time: 6636280 ns  Iteration: 2  Instance: /tb/MyRiscv/u_regfile/MUXA
# ** Warning: NUMERIC_STD.TO_INTEGER: metavalue detected, returning 0
#    Time: 6636280 ns  Iteration: 5  Instance: /tb/MyRiscv/u_regfile/MUXA
# ** Warning: NUMERIC_STD.TO_INTEGER: metavalue detected, returning 0
#    Time: 6636280 ns  Iteration: 5  Instance: /tb/MyRiscv/u_regfile/MUXB
# ** Warning: NUMERIC_STD.TO_INTEGER: metavalue detected, returning 0
#    Time: 6636300 ns  Iteration: 5  Instance: /tb/MyRiscv/u_regfile/MUXA
# ** Warning: NUMERIC_STD.TO_INTEGER: metavalue detected, returning 0
#    Time: 6636300 ns  Iteration: 5  Instance: /tb/MyRiscv/u_regfile/MUXB
# ** Warning: NUMERIC_STD.TO_INTEGER: metavalue detected, returning 0
#    Time: 6636320 ns  Iteration: 5  Instance: /tb/MyRiscv/u_regfile/MUXA
# ** Warning: NUMERIC_STD.TO_INTEGER: metavalue detected, returning 0
#    Time: 6636320 ns  Iteration: 5  Instance: /tb/MyRiscv/u_regfile/MUXB
# ** Warning: NUMERIC_STD.TO_INTEGER: metavalue detected, returning 0
#    Time: 6656760 ns  Iteration: 2  Instance: /tb/MyRiscv/u_regfile/MUXB
# ** Warning: NUMERIC_STD.TO_INTEGER: metavalue detected, returning 0
#    Time: 6656760 ns  Iteration: 2  Instance: /tb/MyRiscv/u_regfile/MUXA
# ** Warning: NUMERIC_STD.TO_INTEGER: metavalue detected, returning 0
#    Time: 6656760 ns  Iteration: 5  Instance: /tb/MyRiscv/u_regfile/MUXA
# ** Warning: NUMERIC_STD.TO_INTEGER: metavalue detected, returning 0
#    Time: 6656760 ns  Iteration: 5  Instance: /tb/MyRiscv/u_regfile/MUXB
# ** Warning: NUMERIC_STD.TO_INTEGER: metavalue detected, returning 0
#    Time: 6656780 ns  Iteration: 5  Instance: /tb/MyRiscv/u_regfile/MUXA
# ** Warning: NUMERIC_STD.TO_INTEGER: metavalue detected, returning 0
#    Time: 6656780 ns  Iteration: 5  Instance: /tb/MyRiscv/u_regfile/MUXB
# ** Warning: NUMERIC_STD.TO_INTEGER: metavalue detected, returning 0
#    Time: 6656800 ns  Iteration: 5  Instance: /tb/MyRiscv/u_regfile/MUXA
# ** Warning: NUMERIC_STD.TO_INTEGER: metavalue detected, returning 0
#    Time: 6656800 ns  Iteration: 5  Instance: /tb/MyRiscv/u_regfile/MUXB
# ** Warning: NUMERIC_STD.TO_INTEGER: metavalue detected, returning 0
#    Time: 6677240 ns  Iteration: 2  Instance: /tb/MyRiscv/u_regfile/MUXB
# ** Warning: NUMERIC_STD.TO_INTEGER: metavalue detected, returning 0
#    Time: 6677240 ns  Iteration: 2  Instance: /tb/MyRiscv/u_regfile/MUXA
# ** Warning: NUMERIC_STD.TO_INTEGER: metavalue detected, returning 0
#    Time: 6677240 ns  Iteration: 5  Instance: /tb/MyRiscv/u_regfile/MUXA
# ** Warning: NUMERIC_STD.TO_INTEGER: metavalue detected, returning 0
#    Time: 6677240 ns  Iteration: 5  Instance: /tb/MyRiscv/u_regfile/MUXB
# ** Warning: NUMERIC_STD.TO_INTEGER: metavalue detected, returning 0
#    Time: 6677260 ns  Iteration: 5  Instance: /tb/MyRiscv/u_regfile/MUXA
# ** Warning: NUMERIC_STD.TO_INTEGER: metavalue detected, returning 0
#    Time: 6677260 ns  Iteration: 5  Instance: /tb/MyRiscv/u_regfile/MUXB
# ** Warning: NUMERIC_STD.TO_INTEGER: metavalue detected, returning 0
#    Time: 6677280 ns  Iteration: 5  Instance: /tb/MyRiscv/u_regfile/MUXA
# ** Warning: NUMERIC_STD.TO_INTEGER: metavalue detected, returning 0
#    Time: 6677280 ns  Iteration: 5  Instance: /tb/MyRiscv/u_regfile/MUXB
# ** Warning: NUMERIC_STD.TO_INTEGER: metavalue detected, returning 0
#    Time: 6697720 ns  Iteration: 2  Instance: /tb/MyRiscv/u_regfile/MUXB
# ** Warning: NUMERIC_STD.TO_INTEGER: metavalue detected, returning 0
#    Time: 6697720 ns  Iteration: 2  Instance: /tb/MyRiscv/u_regfile/MUXA
# ** Warning: NUMERIC_STD.TO_INTEGER: metavalue detected, returning 0
#    Time: 6697720 ns  Iteration: 5  Instance: /tb/MyRiscv/u_regfile/MUXA
# ** Warning: NUMERIC_STD.TO_INTEGER: metavalue detected, returning 0
#    Time: 6697720 ns  Iteration: 5  Instance: /tb/MyRiscv/u_regfile/MUXB
# ** Warning: NUMERIC_STD.TO_INTEGER: metavalue detected, returning 0
#    Time: 6697740 ns  Iteration: 5  Instance: /tb/MyRiscv/u_regfile/MUXA
# ** Warning: NUMERIC_STD.TO_INTEGER: metavalue detected, returning 0
#    Time: 6697740 ns  Iteration: 5  Instance: /tb/MyRiscv/u_regfile/MUXB
# ** Warning: NUMERIC_STD.TO_INTEGER: metavalue detected, returning 0
#    Time: 6697760 ns  Iteration: 5  Instance: /tb/MyRiscv/u_regfile/MUXA
# ** Warning: NUMERIC_STD.TO_INTEGER: metavalue detected, returning 0
#    Time: 6697760 ns  Iteration: 5  Instance: /tb/MyRiscv/u_regfile/MUXB
# ** Warning: NUMERIC_STD.TO_INTEGER: metavalue detected, returning 0
#    Time: 6718200 ns  Iteration: 2  Instance: /tb/MyRiscv/u_regfile/MUXB
# ** Warning: NUMERIC_STD.TO_INTEGER: metavalue detected, returning 0
#    Time: 6718200 ns  Iteration: 2  Instance: /tb/MyRiscv/u_regfile/MUXA
# ** Warning: NUMERIC_STD.TO_INTEGER: metavalue detected, returning 0
#    Time: 6718200 ns  Iteration: 5  Instance: /tb/MyRiscv/u_regfile/MUXA
# ** Warning: NUMERIC_STD.TO_INTEGER: metavalue detected, returning 0
#    Time: 6718200 ns  Iteration: 5  Instance: /tb/MyRiscv/u_regfile/MUXB
# ** Warning: NUMERIC_STD.TO_INTEGER: metavalue detected, returning 0
#    Time: 6718220 ns  Iteration: 5  Instance: /tb/MyRiscv/u_regfile/MUXA
# ** Warning: NUMERIC_STD.TO_INTEGER: metavalue detected, returning 0
#    Time: 6718220 ns  Iteration: 5  Instance: /tb/MyRiscv/u_regfile/MUXB
# ** Warning: NUMERIC_STD.TO_INTEGER: metavalue detected, returning 0
#    Time: 6718240 ns  Iteration: 5  Instance: /tb/MyRiscv/u_regfile/MUXA
# ** Warning: NUMERIC_STD.TO_INTEGER: metavalue detected, returning 0
#    Time: 6718240 ns  Iteration: 5  Instance: /tb/MyRiscv/u_regfile/MUXB
# ** Warning: NUMERIC_STD.TO_INTEGER: metavalue detected, returning 0
#    Time: 6738680 ns  Iteration: 2  Instance: /tb/MyRiscv/u_regfile/MUXB
# ** Warning: NUMERIC_STD.TO_INTEGER: metavalue detected, returning 0
#    Time: 6738680 ns  Iteration: 2  Instance: /tb/MyRiscv/u_regfile/MUXA
# ** Warning: NUMERIC_STD.TO_INTEGER: metavalue detected, returning 0
#    Time: 6738680 ns  Iteration: 5  Instance: /tb/MyRiscv/u_regfile/MUXA
# ** Warning: NUMERIC_STD.TO_INTEGER: metavalue detected, returning 0
#    Time: 6738680 ns  Iteration: 5  Instance: /tb/MyRiscv/u_regfile/MUXB
# ** Warning: NUMERIC_STD.TO_INTEGER: metavalue detected, returning 0
#    Time: 6738700 ns  Iteration: 5  Instance: /tb/MyRiscv/u_regfile/MUXA
# ** Warning: NUMERIC_STD.TO_INTEGER: metavalue detected, returning 0
#    Time: 6738700 ns  Iteration: 5  Instance: /tb/MyRiscv/u_regfile/MUXB
# ** Warning: NUMERIC_STD.TO_INTEGER: metavalue detected, returning 0
#    Time: 6738720 ns  Iteration: 5  Instance: /tb/MyRiscv/u_regfile/MUXA
# ** Warning: NUMERIC_STD.TO_INTEGER: metavalue detected, returning 0
#    Time: 6738720 ns  Iteration: 5  Instance: /tb/MyRiscv/u_regfile/MUXB
# ** Warning: NUMERIC_STD.TO_INTEGER: metavalue detected, returning 0
#    Time: 6759160 ns  Iteration: 2  Instance: /tb/MyRiscv/u_regfile/MUXB
# ** Warning: NUMERIC_STD.TO_INTEGER: metavalue detected, returning 0
#    Time: 6759160 ns  Iteration: 2  Instance: /tb/MyRiscv/u_regfile/MUXA
# ** Warning: NUMERIC_STD.TO_INTEGER: metavalue detected, returning 0
#    Time: 6759160 ns  Iteration: 5  Instance: /tb/MyRiscv/u_regfile/MUXA
# ** Warning: NUMERIC_STD.TO_INTEGER: metavalue detected, returning 0
#    Time: 6759160 ns  Iteration: 5  Instance: /tb/MyRiscv/u_regfile/MUXB
# ** Warning: NUMERIC_STD.TO_INTEGER: metavalue detected, returning 0
#    Time: 6759180 ns  Iteration: 5  Instance: /tb/MyRiscv/u_regfile/MUXA
# ** Warning: NUMERIC_STD.TO_INTEGER: metavalue detected, returning 0
#    Time: 6759180 ns  Iteration: 5  Instance: /tb/MyRiscv/u_regfile/MUXB
# ** Warning: NUMERIC_STD.TO_INTEGER: metavalue detected, returning 0
#    Time: 6759200 ns  Iteration: 5  Instance: /tb/MyRiscv/u_regfile/MUXA
# ** Warning: NUMERIC_STD.TO_INTEGER: metavalue detected, returning 0
#    Time: 6759200 ns  Iteration: 5  Instance: /tb/MyRiscv/u_regfile/MUXB
# ** Warning: NUMERIC_STD.TO_INTEGER: metavalue detected, returning 0
#    Time: 6779640 ns  Iteration: 2  Instance: /tb/MyRiscv/u_regfile/MUXB
# ** Warning: NUMERIC_STD.TO_INTEGER: metavalue detected, returning 0
#    Time: 6779640 ns  Iteration: 2  Instance: /tb/MyRiscv/u_regfile/MUXA
# ** Warning: NUMERIC_STD.TO_INTEGER: metavalue detected, returning 0
#    Time: 6779640 ns  Iteration: 5  Instance: /tb/MyRiscv/u_regfile/MUXA
# ** Warning: NUMERIC_STD.TO_INTEGER: metavalue detected, returning 0
#    Time: 6779640 ns  Iteration: 5  Instance: /tb/MyRiscv/u_regfile/MUXB
# ** Warning: NUMERIC_STD.TO_INTEGER: metavalue detected, returning 0
#    Time: 6779660 ns  Iteration: 5  Instance: /tb/MyRiscv/u_regfile/MUXA
# ** Warning: NUMERIC_STD.TO_INTEGER: metavalue detected, returning 0
#    Time: 6779660 ns  Iteration: 5  Instance: /tb/MyRiscv/u_regfile/MUXB
# ** Warning: NUMERIC_STD.TO_INTEGER: metavalue detected, returning 0
#    Time: 6779680 ns  Iteration: 5  Instance: /tb/MyRiscv/u_regfile/MUXA
# ** Warning: NUMERIC_STD.TO_INTEGER: metavalue detected, returning 0
#    Time: 6779680 ns  Iteration: 5  Instance: /tb/MyRiscv/u_regfile/MUXB
# ** Warning: NUMERIC_STD.TO_INTEGER: metavalue detected, returning 0
#    Time: 6800120 ns  Iteration: 2  Instance: /tb/MyRiscv/u_regfile/MUXB
# ** Warning: NUMERIC_STD.TO_INTEGER: metavalue detected, returning 0
#    Time: 6800120 ns  Iteration: 2  Instance: /tb/MyRiscv/u_regfile/MUXA
# ** Warning: NUMERIC_STD.TO_INTEGER: metavalue detected, returning 0
#    Time: 6800120 ns  Iteration: 5  Instance: /tb/MyRiscv/u_regfile/MUXA
# ** Warning: NUMERIC_STD.TO_INTEGER: metavalue detected, returning 0
#    Time: 6800120 ns  Iteration: 5  Instance: /tb/MyRiscv/u_regfile/MUXB
# ** Warning: NUMERIC_STD.TO_INTEGER: metavalue detected, returning 0
#    Time: 6800140 ns  Iteration: 5  Instance: /tb/MyRiscv/u_regfile/MUXA
# ** Warning: NUMERIC_STD.TO_INTEGER: metavalue detected, returning 0
#    Time: 6800140 ns  Iteration: 5  Instance: /tb/MyRiscv/u_regfile/MUXB
# ** Warning: NUMERIC_STD.TO_INTEGER: metavalue detected, returning 0
#    Time: 6800160 ns  Iteration: 5  Instance: /tb/MyRiscv/u_regfile/MUXA
# ** Warning: NUMERIC_STD.TO_INTEGER: metavalue detected, returning 0
#    Time: 6800160 ns  Iteration: 5  Instance: /tb/MyRiscv/u_regfile/MUXB
# ** Warning: NUMERIC_STD.TO_INTEGER: metavalue detected, returning 0
#    Time: 6820600 ns  Iteration: 2  Instance: /tb/MyRiscv/u_regfile/MUXB
# ** Warning: NUMERIC_STD.TO_INTEGER: metavalue detected, returning 0
#    Time: 6820600 ns  Iteration: 2  Instance: /tb/MyRiscv/u_regfile/MUXA
# ** Warning: NUMERIC_STD.TO_INTEGER: metavalue detected, returning 0
#    Time: 6820600 ns  Iteration: 5  Instance: /tb/MyRiscv/u_regfile/MUXA
# ** Warning: NUMERIC_STD.TO_INTEGER: metavalue detected, returning 0
#    Time: 6820600 ns  Iteration: 5  Instance: /tb/MyRiscv/u_regfile/MUXB
# ** Warning: NUMERIC_STD.TO_INTEGER: metavalue detected, returning 0
#    Time: 6820620 ns  Iteration: 5  Instance: /tb/MyRiscv/u_regfile/MUXA
# ** Warning: NUMERIC_STD.TO_INTEGER: metavalue detected, returning 0
#    Time: 6820620 ns  Iteration: 5  Instance: /tb/MyRiscv/u_regfile/MUXB
# ** Warning: NUMERIC_STD.TO_INTEGER: metavalue detected, returning 0
#    Time: 6820640 ns  Iteration: 5  Instance: /tb/MyRiscv/u_regfile/MUXA
# ** Warning: NUMERIC_STD.TO_INTEGER: metavalue detected, returning 0
#    Time: 6820640 ns  Iteration: 5  Instance: /tb/MyRiscv/u_regfile/MUXB
# ** Warning: NUMERIC_STD.TO_INTEGER: metavalue detected, returning 0
#    Time: 6841080 ns  Iteration: 2  Instance: /tb/MyRiscv/u_regfile/MUXB
# ** Warning: NUMERIC_STD.TO_INTEGER: metavalue detected, returning 0
#    Time: 6841080 ns  Iteration: 2  Instance: /tb/MyRiscv/u_regfile/MUXA
# ** Warning: NUMERIC_STD.TO_INTEGER: metavalue detected, returning 0
#    Time: 6841080 ns  Iteration: 5  Instance: /tb/MyRiscv/u_regfile/MUXA
# ** Warning: NUMERIC_STD.TO_INTEGER: metavalue detected, returning 0
#    Time: 6841080 ns  Iteration: 5  Instance: /tb/MyRiscv/u_regfile/MUXB
# ** Warning: NUMERIC_STD.TO_INTEGER: metavalue detected, returning 0
#    Time: 6841100 ns  Iteration: 5  Instance: /tb/MyRiscv/u_regfile/MUXA
# ** Warning: NUMERIC_STD.TO_INTEGER: metavalue detected, returning 0
#    Time: 6841100 ns  Iteration: 5  Instance: /tb/MyRiscv/u_regfile/MUXB
# ** Warning: NUMERIC_STD.TO_INTEGER: metavalue detected, returning 0
#    Time: 6841120 ns  Iteration: 5  Instance: /tb/MyRiscv/u_regfile/MUXA
# ** Warning: NUMERIC_STD.TO_INTEGER: metavalue detected, returning 0
#    Time: 6841120 ns  Iteration: 5  Instance: /tb/MyRiscv/u_regfile/MUXB
# ** Warning: NUMERIC_STD.TO_INTEGER: metavalue detected, returning 0
#    Time: 6861560 ns  Iteration: 2  Instance: /tb/MyRiscv/u_regfile/MUXB
# ** Warning: NUMERIC_STD.TO_INTEGER: metavalue detected, returning 0
#    Time: 6861560 ns  Iteration: 2  Instance: /tb/MyRiscv/u_regfile/MUXA
# ** Warning: NUMERIC_STD.TO_INTEGER: metavalue detected, returning 0
#    Time: 6861560 ns  Iteration: 5  Instance: /tb/MyRiscv/u_regfile/MUXA
# ** Warning: NUMERIC_STD.TO_INTEGER: metavalue detected, returning 0
#    Time: 6861560 ns  Iteration: 5  Instance: /tb/MyRiscv/u_regfile/MUXB
# ** Warning: NUMERIC_STD.TO_INTEGER: metavalue detected, returning 0
#    Time: 6861580 ns  Iteration: 5  Instance: /tb/MyRiscv/u_regfile/MUXA
# ** Warning: NUMERIC_STD.TO_INTEGER: metavalue detected, returning 0
#    Time: 6861580 ns  Iteration: 5  Instance: /tb/MyRiscv/u_regfile/MUXB
# ** Warning: NUMERIC_STD.TO_INTEGER: metavalue detected, returning 0
#    Time: 6861600 ns  Iteration: 5  Instance: /tb/MyRiscv/u_regfile/MUXA
# ** Warning: NUMERIC_STD.TO_INTEGER: metavalue detected, returning 0
#    Time: 6861600 ns  Iteration: 5  Instance: /tb/MyRiscv/u_regfile/MUXB
# ** Warning: NUMERIC_STD.TO_INTEGER: metavalue detected, returning 0
#    Time: 6882040 ns  Iteration: 2  Instance: /tb/MyRiscv/u_regfile/MUXB
# ** Warning: NUMERIC_STD.TO_INTEGER: metavalue detected, returning 0
#    Time: 6882040 ns  Iteration: 2  Instance: /tb/MyRiscv/u_regfile/MUXA
# ** Warning: NUMERIC_STD.TO_INTEGER: metavalue detected, returning 0
#    Time: 6882040 ns  Iteration: 5  Instance: /tb/MyRiscv/u_regfile/MUXA
# ** Warning: NUMERIC_STD.TO_INTEGER: metavalue detected, returning 0
#    Time: 6882040 ns  Iteration: 5  Instance: /tb/MyRiscv/u_regfile/MUXB
# ** Warning: NUMERIC_STD.TO_INTEGER: metavalue detected, returning 0
#    Time: 6882060 ns  Iteration: 5  Instance: /tb/MyRiscv/u_regfile/MUXA
# ** Warning: NUMERIC_STD.TO_INTEGER: metavalue detected, returning 0
#    Time: 6882060 ns  Iteration: 5  Instance: /tb/MyRiscv/u_regfile/MUXB
# ** Warning: NUMERIC_STD.TO_INTEGER: metavalue detected, returning 0
#    Time: 6882080 ns  Iteration: 5  Instance: /tb/MyRiscv/u_regfile/MUXA
# ** Warning: NUMERIC_STD.TO_INTEGER: metavalue detected, returning 0
#    Time: 6882080 ns  Iteration: 5  Instance: /tb/MyRiscv/u_regfile/MUXB
# ** Warning: NUMERIC_STD.TO_INTEGER: metavalue detected, returning 0
#    Time: 6902520 ns  Iteration: 2  Instance: /tb/MyRiscv/u_regfile/MUXB
# ** Warning: NUMERIC_STD.TO_INTEGER: metavalue detected, returning 0
#    Time: 6902520 ns  Iteration: 2  Instance: /tb/MyRiscv/u_regfile/MUXA
# ** Warning: NUMERIC_STD.TO_INTEGER: metavalue detected, returning 0
#    Time: 6902520 ns  Iteration: 5  Instance: /tb/MyRiscv/u_regfile/MUXA
# ** Warning: NUMERIC_STD.TO_INTEGER: metavalue detected, returning 0
#    Time: 6902520 ns  Iteration: 5  Instance: /tb/MyRiscv/u_regfile/MUXB
# ** Warning: NUMERIC_STD.TO_INTEGER: metavalue detected, returning 0
#    Time: 6902540 ns  Iteration: 5  Instance: /tb/MyRiscv/u_regfile/MUXA
# ** Warning: NUMERIC_STD.TO_INTEGER: metavalue detected, returning 0
#    Time: 6902540 ns  Iteration: 5  Instance: /tb/MyRiscv/u_regfile/MUXB
# ** Warning: NUMERIC_STD.TO_INTEGER: metavalue detected, returning 0
#    Time: 6902560 ns  Iteration: 5  Instance: /tb/MyRiscv/u_regfile/MUXA
# ** Warning: NUMERIC_STD.TO_INTEGER: metavalue detected, returning 0
#    Time: 6902560 ns  Iteration: 5  Instance: /tb/MyRiscv/u_regfile/MUXB
# ** Warning: NUMERIC_STD.TO_INTEGER: metavalue detected, returning 0
#    Time: 6923 us  Iteration: 2  Instance: /tb/MyRiscv/u_regfile/MUXB
# ** Warning: NUMERIC_STD.TO_INTEGER: metavalue detected, returning 0
#    Time: 6923 us  Iteration: 2  Instance: /tb/MyRiscv/u_regfile/MUXA
# ** Warning: NUMERIC_STD.TO_INTEGER: metavalue detected, returning 0
#    Time: 6923 us  Iteration: 5  Instance: /tb/MyRiscv/u_regfile/MUXA
# ** Warning: NUMERIC_STD.TO_INTEGER: metavalue detected, returning 0
#    Time: 6923 us  Iteration: 5  Instance: /tb/MyRiscv/u_regfile/MUXB
# ** Warning: NUMERIC_STD.TO_INTEGER: metavalue detected, returning 0
#    Time: 6923020 ns  Iteration: 5  Instance: /tb/MyRiscv/u_regfile/MUXA
# ** Warning: NUMERIC_STD.TO_INTEGER: metavalue detected, returning 0
#    Time: 6923020 ns  Iteration: 5  Instance: /tb/MyRiscv/u_regfile/MUXB
# ** Warning: NUMERIC_STD.TO_INTEGER: metavalue detected, returning 0
#    Time: 6923040 ns  Iteration: 5  Instance: /tb/MyRiscv/u_regfile/MUXA
# ** Warning: NUMERIC_STD.TO_INTEGER: metavalue detected, returning 0
#    Time: 6923040 ns  Iteration: 5  Instance: /tb/MyRiscv/u_regfile/MUXB
# ** Warning: NUMERIC_STD.TO_INTEGER: metavalue detected, returning 0
#    Time: 6943480 ns  Iteration: 2  Instance: /tb/MyRiscv/u_regfile/MUXB
# ** Warning: NUMERIC_STD.TO_INTEGER: metavalue detected, returning 0
#    Time: 6943480 ns  Iteration: 2  Instance: /tb/MyRiscv/u_regfile/MUXA
# ** Warning: NUMERIC_STD.TO_INTEGER: metavalue detected, returning 0
#    Time: 6943480 ns  Iteration: 5  Instance: /tb/MyRiscv/u_regfile/MUXA
# ** Warning: NUMERIC_STD.TO_INTEGER: metavalue detected, returning 0
#    Time: 6943480 ns  Iteration: 5  Instance: /tb/MyRiscv/u_regfile/MUXB
# ** Warning: NUMERIC_STD.TO_INTEGER: metavalue detected, returning 0
#    Time: 6943500 ns  Iteration: 5  Instance: /tb/MyRiscv/u_regfile/MUXA
# ** Warning: NUMERIC_STD.TO_INTEGER: metavalue detected, returning 0
#    Time: 6943500 ns  Iteration: 5  Instance: /tb/MyRiscv/u_regfile/MUXB
# ** Warning: NUMERIC_STD.TO_INTEGER: metavalue detected, returning 0
#    Time: 6943520 ns  Iteration: 5  Instance: /tb/MyRiscv/u_regfile/MUXA
# ** Warning: NUMERIC_STD.TO_INTEGER: metavalue detected, returning 0
#    Time: 6943520 ns  Iteration: 5  Instance: /tb/MyRiscv/u_regfile/MUXB
# ** Warning: NUMERIC_STD.TO_INTEGER: metavalue detected, returning 0
#    Time: 6963960 ns  Iteration: 2  Instance: /tb/MyRiscv/u_regfile/MUXB
# ** Warning: NUMERIC_STD.TO_INTEGER: metavalue detected, returning 0
#    Time: 6963960 ns  Iteration: 2  Instance: /tb/MyRiscv/u_regfile/MUXA
# ** Warning: NUMERIC_STD.TO_INTEGER: metavalue detected, returning 0
#    Time: 6963960 ns  Iteration: 5  Instance: /tb/MyRiscv/u_regfile/MUXA
# ** Warning: NUMERIC_STD.TO_INTEGER: metavalue detected, returning 0
#    Time: 6963960 ns  Iteration: 5  Instance: /tb/MyRiscv/u_regfile/MUXB
# ** Warning: NUMERIC_STD.TO_INTEGER: metavalue detected, returning 0
#    Time: 6963980 ns  Iteration: 5  Instance: /tb/MyRiscv/u_regfile/MUXA
# ** Warning: NUMERIC_STD.TO_INTEGER: metavalue detected, returning 0
#    Time: 6963980 ns  Iteration: 5  Instance: /tb/MyRiscv/u_regfile/MUXB
# ** Warning: NUMERIC_STD.TO_INTEGER: metavalue detected, returning 0
#    Time: 6964 us  Iteration: 5  Instance: /tb/MyRiscv/u_regfile/MUXA
# ** Warning: NUMERIC_STD.TO_INTEGER: metavalue detected, returning 0
#    Time: 6964 us  Iteration: 5  Instance: /tb/MyRiscv/u_regfile/MUXB
# ** Warning: NUMERIC_STD.TO_INTEGER: metavalue detected, returning 0
#    Time: 6984440 ns  Iteration: 2  Instance: /tb/MyRiscv/u_regfile/MUXB
# ** Warning: NUMERIC_STD.TO_INTEGER: metavalue detected, returning 0
#    Time: 6984440 ns  Iteration: 2  Instance: /tb/MyRiscv/u_regfile/MUXA
# ** Warning: NUMERIC_STD.TO_INTEGER: metavalue detected, returning 0
#    Time: 6984440 ns  Iteration: 5  Instance: /tb/MyRiscv/u_regfile/MUXA
# ** Warning: NUMERIC_STD.TO_INTEGER: metavalue detected, returning 0
#    Time: 6984440 ns  Iteration: 5  Instance: /tb/MyRiscv/u_regfile/MUXB
# ** Warning: NUMERIC_STD.TO_INTEGER: metavalue detected, returning 0
#    Time: 6984460 ns  Iteration: 5  Instance: /tb/MyRiscv/u_regfile/MUXA
# ** Warning: NUMERIC_STD.TO_INTEGER: metavalue detected, returning 0
#    Time: 6984460 ns  Iteration: 5  Instance: /tb/MyRiscv/u_regfile/MUXB
# ** Warning: NUMERIC_STD.TO_INTEGER: metavalue detected, returning 0
#    Time: 6984480 ns  Iteration: 5  Instance: /tb/MyRiscv/u_regfile/MUXA
# ** Warning: NUMERIC_STD.TO_INTEGER: metavalue detected, returning 0
#    Time: 6984480 ns  Iteration: 5  Instance: /tb/MyRiscv/u_regfile/MUXB
# ** Warning: NUMERIC_STD.TO_INTEGER: metavalue detected, returning 0
#    Time: 7004920 ns  Iteration: 2  Instance: /tb/MyRiscv/u_regfile/MUXB
# ** Warning: NUMERIC_STD.TO_INTEGER: metavalue detected, returning 0
#    Time: 7004920 ns  Iteration: 2  Instance: /tb/MyRiscv/u_regfile/MUXA
# ** Warning: NUMERIC_STD.TO_INTEGER: metavalue detected, returning 0
#    Time: 7004920 ns  Iteration: 5  Instance: /tb/MyRiscv/u_regfile/MUXA
# ** Warning: NUMERIC_STD.TO_INTEGER: metavalue detected, returning 0
#    Time: 7004920 ns  Iteration: 5  Instance: /tb/MyRiscv/u_regfile/MUXB
# ** Warning: NUMERIC_STD.TO_INTEGER: metavalue detected, returning 0
#    Time: 7004940 ns  Iteration: 5  Instance: /tb/MyRiscv/u_regfile/MUXA
# ** Warning: NUMERIC_STD.TO_INTEGER: metavalue detected, returning 0
#    Time: 7004940 ns  Iteration: 5  Instance: /tb/MyRiscv/u_regfile/MUXB
# ** Warning: NUMERIC_STD.TO_INTEGER: metavalue detected, returning 0
#    Time: 7004960 ns  Iteration: 5  Instance: /tb/MyRiscv/u_regfile/MUXA
# ** Warning: NUMERIC_STD.TO_INTEGER: metavalue detected, returning 0
#    Time: 7004960 ns  Iteration: 5  Instance: /tb/MyRiscv/u_regfile/MUXB
# ** Warning: NUMERIC_STD.TO_INTEGER: metavalue detected, returning 0
#    Time: 7025400 ns  Iteration: 2  Instance: /tb/MyRiscv/u_regfile/MUXB
# ** Warning: NUMERIC_STD.TO_INTEGER: metavalue detected, returning 0
#    Time: 7025400 ns  Iteration: 2  Instance: /tb/MyRiscv/u_regfile/MUXA
# ** Warning: NUMERIC_STD.TO_INTEGER: metavalue detected, returning 0
#    Time: 7025400 ns  Iteration: 5  Instance: /tb/MyRiscv/u_regfile/MUXA
# ** Warning: NUMERIC_STD.TO_INTEGER: metavalue detected, returning 0
#    Time: 7025400 ns  Iteration: 5  Instance: /tb/MyRiscv/u_regfile/MUXB
# ** Warning: NUMERIC_STD.TO_INTEGER: metavalue detected, returning 0
#    Time: 7025420 ns  Iteration: 5  Instance: /tb/MyRiscv/u_regfile/MUXA
# ** Warning: NUMERIC_STD.TO_INTEGER: metavalue detected, returning 0
#    Time: 7025420 ns  Iteration: 5  Instance: /tb/MyRiscv/u_regfile/MUXB
# ** Warning: NUMERIC_STD.TO_INTEGER: metavalue detected, returning 0
#    Time: 7025440 ns  Iteration: 5  Instance: /tb/MyRiscv/u_regfile/MUXA
# ** Warning: NUMERIC_STD.TO_INTEGER: metavalue detected, returning 0
#    Time: 7025440 ns  Iteration: 5  Instance: /tb/MyRiscv/u_regfile/MUXB
# ** Warning: NUMERIC_STD.TO_INTEGER: metavalue detected, returning 0
#    Time: 7045880 ns  Iteration: 2  Instance: /tb/MyRiscv/u_regfile/MUXB
# ** Warning: NUMERIC_STD.TO_INTEGER: metavalue detected, returning 0
#    Time: 7045880 ns  Iteration: 2  Instance: /tb/MyRiscv/u_regfile/MUXA
# ** Warning: NUMERIC_STD.TO_INTEGER: metavalue detected, returning 0
#    Time: 7045880 ns  Iteration: 5  Instance: /tb/MyRiscv/u_regfile/MUXA
# ** Warning: NUMERIC_STD.TO_INTEGER: metavalue detected, returning 0
#    Time: 7045880 ns  Iteration: 5  Instance: /tb/MyRiscv/u_regfile/MUXB
# ** Warning: NUMERIC_STD.TO_INTEGER: metavalue detected, returning 0
#    Time: 7045900 ns  Iteration: 5  Instance: /tb/MyRiscv/u_regfile/MUXA
# ** Warning: NUMERIC_STD.TO_INTEGER: metavalue detected, returning 0
#    Time: 7045900 ns  Iteration: 5  Instance: /tb/MyRiscv/u_regfile/MUXB
# ** Warning: NUMERIC_STD.TO_INTEGER: metavalue detected, returning 0
#    Time: 7045920 ns  Iteration: 5  Instance: /tb/MyRiscv/u_regfile/MUXA
# ** Warning: NUMERIC_STD.TO_INTEGER: metavalue detected, returning 0
#    Time: 7045920 ns  Iteration: 5  Instance: /tb/MyRiscv/u_regfile/MUXB
# ** Warning: NUMERIC_STD.TO_INTEGER: metavalue detected, returning 0
#    Time: 7066360 ns  Iteration: 2  Instance: /tb/MyRiscv/u_regfile/MUXB
# ** Warning: NUMERIC_STD.TO_INTEGER: metavalue detected, returning 0
#    Time: 7066360 ns  Iteration: 2  Instance: /tb/MyRiscv/u_regfile/MUXA
# ** Warning: NUMERIC_STD.TO_INTEGER: metavalue detected, returning 0
#    Time: 7066360 ns  Iteration: 5  Instance: /tb/MyRiscv/u_regfile/MUXA
# ** Warning: NUMERIC_STD.TO_INTEGER: metavalue detected, returning 0
#    Time: 7066360 ns  Iteration: 5  Instance: /tb/MyRiscv/u_regfile/MUXB
# ** Warning: NUMERIC_STD.TO_INTEGER: metavalue detected, returning 0
#    Time: 7066380 ns  Iteration: 5  Instance: /tb/MyRiscv/u_regfile/MUXA
# ** Warning: NUMERIC_STD.TO_INTEGER: metavalue detected, returning 0
#    Time: 7066380 ns  Iteration: 5  Instance: /tb/MyRiscv/u_regfile/MUXB
# ** Warning: NUMERIC_STD.TO_INTEGER: metavalue detected, returning 0
#    Time: 7066400 ns  Iteration: 5  Instance: /tb/MyRiscv/u_regfile/MUXA
# ** Warning: NUMERIC_STD.TO_INTEGER: metavalue detected, returning 0
#    Time: 7066400 ns  Iteration: 5  Instance: /tb/MyRiscv/u_regfile/MUXB
# ** Warning: NUMERIC_STD.TO_INTEGER: metavalue detected, returning 0
#    Time: 7086840 ns  Iteration: 2  Instance: /tb/MyRiscv/u_regfile/MUXB
# ** Warning: NUMERIC_STD.TO_INTEGER: metavalue detected, returning 0
#    Time: 7086840 ns  Iteration: 2  Instance: /tb/MyRiscv/u_regfile/MUXA
# ** Warning: NUMERIC_STD.TO_INTEGER: metavalue detected, returning 0
#    Time: 7086840 ns  Iteration: 5  Instance: /tb/MyRiscv/u_regfile/MUXA
# ** Warning: NUMERIC_STD.TO_INTEGER: metavalue detected, returning 0
#    Time: 7086840 ns  Iteration: 5  Instance: /tb/MyRiscv/u_regfile/MUXB
# ** Warning: NUMERIC_STD.TO_INTEGER: metavalue detected, returning 0
#    Time: 7086860 ns  Iteration: 5  Instance: /tb/MyRiscv/u_regfile/MUXA
# ** Warning: NUMERIC_STD.TO_INTEGER: metavalue detected, returning 0
#    Time: 7086860 ns  Iteration: 5  Instance: /tb/MyRiscv/u_regfile/MUXB
# ** Warning: NUMERIC_STD.TO_INTEGER: metavalue detected, returning 0
#    Time: 7086880 ns  Iteration: 5  Instance: /tb/MyRiscv/u_regfile/MUXA
# ** Warning: NUMERIC_STD.TO_INTEGER: metavalue detected, returning 0
#    Time: 7086880 ns  Iteration: 5  Instance: /tb/MyRiscv/u_regfile/MUXB
# ** Warning: NUMERIC_STD.TO_INTEGER: metavalue detected, returning 0
#    Time: 7107320 ns  Iteration: 2  Instance: /tb/MyRiscv/u_regfile/MUXB
# ** Warning: NUMERIC_STD.TO_INTEGER: metavalue detected, returning 0
#    Time: 7107320 ns  Iteration: 2  Instance: /tb/MyRiscv/u_regfile/MUXA
# ** Warning: NUMERIC_STD.TO_INTEGER: metavalue detected, returning 0
#    Time: 7107320 ns  Iteration: 5  Instance: /tb/MyRiscv/u_regfile/MUXA
# ** Warning: NUMERIC_STD.TO_INTEGER: metavalue detected, returning 0
#    Time: 7107320 ns  Iteration: 5  Instance: /tb/MyRiscv/u_regfile/MUXB
# ** Warning: NUMERIC_STD.TO_INTEGER: metavalue detected, returning 0
#    Time: 7107340 ns  Iteration: 5  Instance: /tb/MyRiscv/u_regfile/MUXA
# ** Warning: NUMERIC_STD.TO_INTEGER: metavalue detected, returning 0
#    Time: 7107340 ns  Iteration: 5  Instance: /tb/MyRiscv/u_regfile/MUXB
# ** Warning: NUMERIC_STD.TO_INTEGER: metavalue detected, returning 0
#    Time: 7107360 ns  Iteration: 5  Instance: /tb/MyRiscv/u_regfile/MUXA
# ** Warning: NUMERIC_STD.TO_INTEGER: metavalue detected, returning 0
#    Time: 7107360 ns  Iteration: 5  Instance: /tb/MyRiscv/u_regfile/MUXB
# ** Warning: NUMERIC_STD.TO_INTEGER: metavalue detected, returning 0
#    Time: 7127800 ns  Iteration: 2  Instance: /tb/MyRiscv/u_regfile/MUXB
# ** Warning: NUMERIC_STD.TO_INTEGER: metavalue detected, returning 0
#    Time: 7127800 ns  Iteration: 2  Instance: /tb/MyRiscv/u_regfile/MUXA
# ** Warning: NUMERIC_STD.TO_INTEGER: metavalue detected, returning 0
#    Time: 7127800 ns  Iteration: 5  Instance: /tb/MyRiscv/u_regfile/MUXA
# ** Warning: NUMERIC_STD.TO_INTEGER: metavalue detected, returning 0
#    Time: 7127800 ns  Iteration: 5  Instance: /tb/MyRiscv/u_regfile/MUXB
# ** Warning: NUMERIC_STD.TO_INTEGER: metavalue detected, returning 0
#    Time: 7127820 ns  Iteration: 5  Instance: /tb/MyRiscv/u_regfile/MUXA
# ** Warning: NUMERIC_STD.TO_INTEGER: metavalue detected, returning 0
#    Time: 7127820 ns  Iteration: 5  Instance: /tb/MyRiscv/u_regfile/MUXB
# ** Warning: NUMERIC_STD.TO_INTEGER: metavalue detected, returning 0
#    Time: 7127840 ns  Iteration: 5  Instance: /tb/MyRiscv/u_regfile/MUXA
# ** Warning: NUMERIC_STD.TO_INTEGER: metavalue detected, returning 0
#    Time: 7127840 ns  Iteration: 5  Instance: /tb/MyRiscv/u_regfile/MUXB
# ** Warning: NUMERIC_STD.TO_INTEGER: metavalue detected, returning 0
#    Time: 7148280 ns  Iteration: 2  Instance: /tb/MyRiscv/u_regfile/MUXB
# ** Warning: NUMERIC_STD.TO_INTEGER: metavalue detected, returning 0
#    Time: 7148280 ns  Iteration: 2  Instance: /tb/MyRiscv/u_regfile/MUXA
# ** Warning: NUMERIC_STD.TO_INTEGER: metavalue detected, returning 0
#    Time: 7148280 ns  Iteration: 5  Instance: /tb/MyRiscv/u_regfile/MUXA
# ** Warning: NUMERIC_STD.TO_INTEGER: metavalue detected, returning 0
#    Time: 7148280 ns  Iteration: 5  Instance: /tb/MyRiscv/u_regfile/MUXB
# ** Warning: NUMERIC_STD.TO_INTEGER: metavalue detected, returning 0
#    Time: 7148300 ns  Iteration: 5  Instance: /tb/MyRiscv/u_regfile/MUXA
# ** Warning: NUMERIC_STD.TO_INTEGER: metavalue detected, returning 0
#    Time: 7148300 ns  Iteration: 5  Instance: /tb/MyRiscv/u_regfile/MUXB
# ** Warning: NUMERIC_STD.TO_INTEGER: metavalue detected, returning 0
#    Time: 7148320 ns  Iteration: 5  Instance: /tb/MyRiscv/u_regfile/MUXA
# ** Warning: NUMERIC_STD.TO_INTEGER: metavalue detected, returning 0
#    Time: 7148320 ns  Iteration: 5  Instance: /tb/MyRiscv/u_regfile/MUXB
# ** Warning: NUMERIC_STD.TO_INTEGER: metavalue detected, returning 0
#    Time: 7168760 ns  Iteration: 2  Instance: /tb/MyRiscv/u_regfile/MUXB
# ** Warning: NUMERIC_STD.TO_INTEGER: metavalue detected, returning 0
#    Time: 7168760 ns  Iteration: 2  Instance: /tb/MyRiscv/u_regfile/MUXA
# ** Warning: NUMERIC_STD.TO_INTEGER: metavalue detected, returning 0
#    Time: 7168760 ns  Iteration: 5  Instance: /tb/MyRiscv/u_regfile/MUXA
# ** Warning: NUMERIC_STD.TO_INTEGER: metavalue detected, returning 0
#    Time: 7168760 ns  Iteration: 5  Instance: /tb/MyRiscv/u_regfile/MUXB
# ** Warning: NUMERIC_STD.TO_INTEGER: metavalue detected, returning 0
#    Time: 7168780 ns  Iteration: 5  Instance: /tb/MyRiscv/u_regfile/MUXA
# ** Warning: NUMERIC_STD.TO_INTEGER: metavalue detected, returning 0
#    Time: 7168780 ns  Iteration: 5  Instance: /tb/MyRiscv/u_regfile/MUXB
# ** Warning: NUMERIC_STD.TO_INTEGER: metavalue detected, returning 0
#    Time: 7168800 ns  Iteration: 5  Instance: /tb/MyRiscv/u_regfile/MUXA
# ** Warning: NUMERIC_STD.TO_INTEGER: metavalue detected, returning 0
#    Time: 7168800 ns  Iteration: 5  Instance: /tb/MyRiscv/u_regfile/MUXB
# ** Warning: NUMERIC_STD.TO_INTEGER: metavalue detected, returning 0
#    Time: 7189240 ns  Iteration: 2  Instance: /tb/MyRiscv/u_regfile/MUXB
# ** Warning: NUMERIC_STD.TO_INTEGER: metavalue detected, returning 0
#    Time: 7189240 ns  Iteration: 2  Instance: /tb/MyRiscv/u_regfile/MUXA
# ** Warning: NUMERIC_STD.TO_INTEGER: metavalue detected, returning 0
#    Time: 7189240 ns  Iteration: 5  Instance: /tb/MyRiscv/u_regfile/MUXA
# ** Warning: NUMERIC_STD.TO_INTEGER: metavalue detected, returning 0
#    Time: 7189240 ns  Iteration: 5  Instance: /tb/MyRiscv/u_regfile/MUXB
# ** Warning: NUMERIC_STD.TO_INTEGER: metavalue detected, returning 0
#    Time: 7189260 ns  Iteration: 5  Instance: /tb/MyRiscv/u_regfile/MUXA
# ** Warning: NUMERIC_STD.TO_INTEGER: metavalue detected, returning 0
#    Time: 7189260 ns  Iteration: 5  Instance: /tb/MyRiscv/u_regfile/MUXB
# ** Warning: NUMERIC_STD.TO_INTEGER: metavalue detected, returning 0
#    Time: 7189280 ns  Iteration: 5  Instance: /tb/MyRiscv/u_regfile/MUXA
# ** Warning: NUMERIC_STD.TO_INTEGER: metavalue detected, returning 0
#    Time: 7189280 ns  Iteration: 5  Instance: /tb/MyRiscv/u_regfile/MUXB
# ** Warning: NUMERIC_STD.TO_INTEGER: metavalue detected, returning 0
#    Time: 7209720 ns  Iteration: 2  Instance: /tb/MyRiscv/u_regfile/MUXB
# ** Warning: NUMERIC_STD.TO_INTEGER: metavalue detected, returning 0
#    Time: 7209720 ns  Iteration: 2  Instance: /tb/MyRiscv/u_regfile/MUXA
# ** Warning: NUMERIC_STD.TO_INTEGER: metavalue detected, returning 0
#    Time: 7209720 ns  Iteration: 5  Instance: /tb/MyRiscv/u_regfile/MUXA
# ** Warning: NUMERIC_STD.TO_INTEGER: metavalue detected, returning 0
#    Time: 7209720 ns  Iteration: 5  Instance: /tb/MyRiscv/u_regfile/MUXB
# ** Warning: NUMERIC_STD.TO_INTEGER: metavalue detected, returning 0
#    Time: 7209740 ns  Iteration: 5  Instance: /tb/MyRiscv/u_regfile/MUXA
# ** Warning: NUMERIC_STD.TO_INTEGER: metavalue detected, returning 0
#    Time: 7209740 ns  Iteration: 5  Instance: /tb/MyRiscv/u_regfile/MUXB
# ** Warning: NUMERIC_STD.TO_INTEGER: metavalue detected, returning 0
#    Time: 7209760 ns  Iteration: 5  Instance: /tb/MyRiscv/u_regfile/MUXA
# ** Warning: NUMERIC_STD.TO_INTEGER: metavalue detected, returning 0
#    Time: 7209760 ns  Iteration: 5  Instance: /tb/MyRiscv/u_regfile/MUXB
# ** Warning: NUMERIC_STD.TO_INTEGER: metavalue detected, returning 0
#    Time: 7230200 ns  Iteration: 2  Instance: /tb/MyRiscv/u_regfile/MUXB
# ** Warning: NUMERIC_STD.TO_INTEGER: metavalue detected, returning 0
#    Time: 7230200 ns  Iteration: 2  Instance: /tb/MyRiscv/u_regfile/MUXA
# ** Warning: NUMERIC_STD.TO_INTEGER: metavalue detected, returning 0
#    Time: 7230200 ns  Iteration: 5  Instance: /tb/MyRiscv/u_regfile/MUXA
# ** Warning: NUMERIC_STD.TO_INTEGER: metavalue detected, returning 0
#    Time: 7230200 ns  Iteration: 5  Instance: /tb/MyRiscv/u_regfile/MUXB
# ** Warning: NUMERIC_STD.TO_INTEGER: metavalue detected, returning 0
#    Time: 7230220 ns  Iteration: 5  Instance: /tb/MyRiscv/u_regfile/MUXA
# ** Warning: NUMERIC_STD.TO_INTEGER: metavalue detected, returning 0
#    Time: 7230220 ns  Iteration: 5  Instance: /tb/MyRiscv/u_regfile/MUXB
# ** Warning: NUMERIC_STD.TO_INTEGER: metavalue detected, returning 0
#    Time: 7230240 ns  Iteration: 5  Instance: /tb/MyRiscv/u_regfile/MUXA
# ** Warning: NUMERIC_STD.TO_INTEGER: metavalue detected, returning 0
#    Time: 7230240 ns  Iteration: 5  Instance: /tb/MyRiscv/u_regfile/MUXB
# ** Warning: NUMERIC_STD.TO_INTEGER: metavalue detected, returning 0
#    Time: 7250680 ns  Iteration: 2  Instance: /tb/MyRiscv/u_regfile/MUXB
# ** Warning: NUMERIC_STD.TO_INTEGER: metavalue detected, returning 0
#    Time: 7250680 ns  Iteration: 2  Instance: /tb/MyRiscv/u_regfile/MUXA
# ** Warning: NUMERIC_STD.TO_INTEGER: metavalue detected, returning 0
#    Time: 7250680 ns  Iteration: 5  Instance: /tb/MyRiscv/u_regfile/MUXA
# ** Warning: NUMERIC_STD.TO_INTEGER: metavalue detected, returning 0
#    Time: 7250680 ns  Iteration: 5  Instance: /tb/MyRiscv/u_regfile/MUXB
# ** Warning: NUMERIC_STD.TO_INTEGER: metavalue detected, returning 0
#    Time: 7250700 ns  Iteration: 5  Instance: /tb/MyRiscv/u_regfile/MUXA
# ** Warning: NUMERIC_STD.TO_INTEGER: metavalue detected, returning 0
#    Time: 7250700 ns  Iteration: 5  Instance: /tb/MyRiscv/u_regfile/MUXB
# ** Warning: NUMERIC_STD.TO_INTEGER: metavalue detected, returning 0
#    Time: 7250720 ns  Iteration: 5  Instance: /tb/MyRiscv/u_regfile/MUXA
# ** Warning: NUMERIC_STD.TO_INTEGER: metavalue detected, returning 0
#    Time: 7250720 ns  Iteration: 5  Instance: /tb/MyRiscv/u_regfile/MUXB
# ** Warning: NUMERIC_STD.TO_INTEGER: metavalue detected, returning 0
#    Time: 7271160 ns  Iteration: 2  Instance: /tb/MyRiscv/u_regfile/MUXB
# ** Warning: NUMERIC_STD.TO_INTEGER: metavalue detected, returning 0
#    Time: 7271160 ns  Iteration: 2  Instance: /tb/MyRiscv/u_regfile/MUXA
# ** Warning: NUMERIC_STD.TO_INTEGER: metavalue detected, returning 0
#    Time: 7271160 ns  Iteration: 5  Instance: /tb/MyRiscv/u_regfile/MUXA
# ** Warning: NUMERIC_STD.TO_INTEGER: metavalue detected, returning 0
#    Time: 7271160 ns  Iteration: 5  Instance: /tb/MyRiscv/u_regfile/MUXB
# ** Warning: NUMERIC_STD.TO_INTEGER: metavalue detected, returning 0
#    Time: 7271180 ns  Iteration: 5  Instance: /tb/MyRiscv/u_regfile/MUXA
# ** Warning: NUMERIC_STD.TO_INTEGER: metavalue detected, returning 0
#    Time: 7271180 ns  Iteration: 5  Instance: /tb/MyRiscv/u_regfile/MUXB
# ** Warning: NUMERIC_STD.TO_INTEGER: metavalue detected, returning 0
#    Time: 7271200 ns  Iteration: 5  Instance: /tb/MyRiscv/u_regfile/MUXA
# ** Warning: NUMERIC_STD.TO_INTEGER: metavalue detected, returning 0
#    Time: 7271200 ns  Iteration: 5  Instance: /tb/MyRiscv/u_regfile/MUXB
# ** Warning: NUMERIC_STD.TO_INTEGER: metavalue detected, returning 0
#    Time: 7291640 ns  Iteration: 2  Instance: /tb/MyRiscv/u_regfile/MUXB
# ** Warning: NUMERIC_STD.TO_INTEGER: metavalue detected, returning 0
#    Time: 7291640 ns  Iteration: 2  Instance: /tb/MyRiscv/u_regfile/MUXA
# ** Warning: NUMERIC_STD.TO_INTEGER: metavalue detected, returning 0
#    Time: 7291640 ns  Iteration: 5  Instance: /tb/MyRiscv/u_regfile/MUXA
# ** Warning: NUMERIC_STD.TO_INTEGER: metavalue detected, returning 0
#    Time: 7291640 ns  Iteration: 5  Instance: /tb/MyRiscv/u_regfile/MUXB
# ** Warning: NUMERIC_STD.TO_INTEGER: metavalue detected, returning 0
#    Time: 7291660 ns  Iteration: 5  Instance: /tb/MyRiscv/u_regfile/MUXA
# ** Warning: NUMERIC_STD.TO_INTEGER: metavalue detected, returning 0
#    Time: 7291660 ns  Iteration: 5  Instance: /tb/MyRiscv/u_regfile/MUXB
# ** Warning: NUMERIC_STD.TO_INTEGER: metavalue detected, returning 0
#    Time: 7291680 ns  Iteration: 5  Instance: /tb/MyRiscv/u_regfile/MUXA
# ** Warning: NUMERIC_STD.TO_INTEGER: metavalue detected, returning 0
#    Time: 7291680 ns  Iteration: 5  Instance: /tb/MyRiscv/u_regfile/MUXB
# ** Warning: NUMERIC_STD.TO_INTEGER: metavalue detected, returning 0
#    Time: 7312120 ns  Iteration: 2  Instance: /tb/MyRiscv/u_regfile/MUXB
# ** Warning: NUMERIC_STD.TO_INTEGER: metavalue detected, returning 0
#    Time: 7312120 ns  Iteration: 2  Instance: /tb/MyRiscv/u_regfile/MUXA
# ** Warning: NUMERIC_STD.TO_INTEGER: metavalue detected, returning 0
#    Time: 7312120 ns  Iteration: 5  Instance: /tb/MyRiscv/u_regfile/MUXA
# ** Warning: NUMERIC_STD.TO_INTEGER: metavalue detected, returning 0
#    Time: 7312120 ns  Iteration: 5  Instance: /tb/MyRiscv/u_regfile/MUXB
# ** Warning: NUMERIC_STD.TO_INTEGER: metavalue detected, returning 0
#    Time: 7312140 ns  Iteration: 5  Instance: /tb/MyRiscv/u_regfile/MUXA
# ** Warning: NUMERIC_STD.TO_INTEGER: metavalue detected, returning 0
#    Time: 7312140 ns  Iteration: 5  Instance: /tb/MyRiscv/u_regfile/MUXB
# ** Warning: NUMERIC_STD.TO_INTEGER: metavalue detected, returning 0
#    Time: 7312160 ns  Iteration: 5  Instance: /tb/MyRiscv/u_regfile/MUXA
# ** Warning: NUMERIC_STD.TO_INTEGER: metavalue detected, returning 0
#    Time: 7312160 ns  Iteration: 5  Instance: /tb/MyRiscv/u_regfile/MUXB
# ** Warning: NUMERIC_STD.TO_INTEGER: metavalue detected, returning 0
#    Time: 7332600 ns  Iteration: 2  Instance: /tb/MyRiscv/u_regfile/MUXB
# ** Warning: NUMERIC_STD.TO_INTEGER: metavalue detected, returning 0
#    Time: 7332600 ns  Iteration: 2  Instance: /tb/MyRiscv/u_regfile/MUXA
# ** Warning: NUMERIC_STD.TO_INTEGER: metavalue detected, returning 0
#    Time: 7332600 ns  Iteration: 5  Instance: /tb/MyRiscv/u_regfile/MUXA
# ** Warning: NUMERIC_STD.TO_INTEGER: metavalue detected, returning 0
#    Time: 7332600 ns  Iteration: 5  Instance: /tb/MyRiscv/u_regfile/MUXB
# ** Warning: NUMERIC_STD.TO_INTEGER: metavalue detected, returning 0
#    Time: 7332620 ns  Iteration: 5  Instance: /tb/MyRiscv/u_regfile/MUXA
# ** Warning: NUMERIC_STD.TO_INTEGER: metavalue detected, returning 0
#    Time: 7332620 ns  Iteration: 5  Instance: /tb/MyRiscv/u_regfile/MUXB
# ** Warning: NUMERIC_STD.TO_INTEGER: metavalue detected, returning 0
#    Time: 7332640 ns  Iteration: 5  Instance: /tb/MyRiscv/u_regfile/MUXA
# ** Warning: NUMERIC_STD.TO_INTEGER: metavalue detected, returning 0
#    Time: 7332640 ns  Iteration: 5  Instance: /tb/MyRiscv/u_regfile/MUXB
# ** Warning: NUMERIC_STD.TO_INTEGER: metavalue detected, returning 0
#    Time: 7353080 ns  Iteration: 2  Instance: /tb/MyRiscv/u_regfile/MUXB
# ** Warning: NUMERIC_STD.TO_INTEGER: metavalue detected, returning 0
#    Time: 7353080 ns  Iteration: 2  Instance: /tb/MyRiscv/u_regfile/MUXA
# ** Warning: NUMERIC_STD.TO_INTEGER: metavalue detected, returning 0
#    Time: 7353080 ns  Iteration: 5  Instance: /tb/MyRiscv/u_regfile/MUXA
# ** Warning: NUMERIC_STD.TO_INTEGER: metavalue detected, returning 0
#    Time: 7353080 ns  Iteration: 5  Instance: /tb/MyRiscv/u_regfile/MUXB
# ** Warning: NUMERIC_STD.TO_INTEGER: metavalue detected, returning 0
#    Time: 7353100 ns  Iteration: 5  Instance: /tb/MyRiscv/u_regfile/MUXA
# ** Warning: NUMERIC_STD.TO_INTEGER: metavalue detected, returning 0
#    Time: 7353100 ns  Iteration: 5  Instance: /tb/MyRiscv/u_regfile/MUXB
# ** Warning: NUMERIC_STD.TO_INTEGER: metavalue detected, returning 0
#    Time: 7353120 ns  Iteration: 5  Instance: /tb/MyRiscv/u_regfile/MUXA
# ** Warning: NUMERIC_STD.TO_INTEGER: metavalue detected, returning 0
#    Time: 7353120 ns  Iteration: 5  Instance: /tb/MyRiscv/u_regfile/MUXB
# ** Warning: NUMERIC_STD.TO_INTEGER: metavalue detected, returning 0
#    Time: 7373560 ns  Iteration: 2  Instance: /tb/MyRiscv/u_regfile/MUXB
# ** Warning: NUMERIC_STD.TO_INTEGER: metavalue detected, returning 0
#    Time: 7373560 ns  Iteration: 2  Instance: /tb/MyRiscv/u_regfile/MUXA
# ** Warning: NUMERIC_STD.TO_INTEGER: metavalue detected, returning 0
#    Time: 7373560 ns  Iteration: 5  Instance: /tb/MyRiscv/u_regfile/MUXA
# ** Warning: NUMERIC_STD.TO_INTEGER: metavalue detected, returning 0
#    Time: 7373560 ns  Iteration: 5  Instance: /tb/MyRiscv/u_regfile/MUXB
# ** Warning: NUMERIC_STD.TO_INTEGER: metavalue detected, returning 0
#    Time: 7373580 ns  Iteration: 5  Instance: /tb/MyRiscv/u_regfile/MUXA
# ** Warning: NUMERIC_STD.TO_INTEGER: metavalue detected, returning 0
#    Time: 7373580 ns  Iteration: 5  Instance: /tb/MyRiscv/u_regfile/MUXB
# ** Warning: NUMERIC_STD.TO_INTEGER: metavalue detected, returning 0
#    Time: 7373600 ns  Iteration: 5  Instance: /tb/MyRiscv/u_regfile/MUXA
# ** Warning: NUMERIC_STD.TO_INTEGER: metavalue detected, returning 0
#    Time: 7373600 ns  Iteration: 5  Instance: /tb/MyRiscv/u_regfile/MUXB
# ** Warning: NUMERIC_STD.TO_INTEGER: metavalue detected, returning 0
#    Time: 7394040 ns  Iteration: 2  Instance: /tb/MyRiscv/u_regfile/MUXB
# ** Warning: NUMERIC_STD.TO_INTEGER: metavalue detected, returning 0
#    Time: 7394040 ns  Iteration: 2  Instance: /tb/MyRiscv/u_regfile/MUXA
# ** Warning: NUMERIC_STD.TO_INTEGER: metavalue detected, returning 0
#    Time: 7394040 ns  Iteration: 5  Instance: /tb/MyRiscv/u_regfile/MUXA
# ** Warning: NUMERIC_STD.TO_INTEGER: metavalue detected, returning 0
#    Time: 7394040 ns  Iteration: 5  Instance: /tb/MyRiscv/u_regfile/MUXB
# ** Warning: NUMERIC_STD.TO_INTEGER: metavalue detected, returning 0
#    Time: 7394060 ns  Iteration: 5  Instance: /tb/MyRiscv/u_regfile/MUXA
# ** Warning: NUMERIC_STD.TO_INTEGER: metavalue detected, returning 0
#    Time: 7394060 ns  Iteration: 5  Instance: /tb/MyRiscv/u_regfile/MUXB
# ** Warning: NUMERIC_STD.TO_INTEGER: metavalue detected, returning 0
#    Time: 7394080 ns  Iteration: 5  Instance: /tb/MyRiscv/u_regfile/MUXA
# ** Warning: NUMERIC_STD.TO_INTEGER: metavalue detected, returning 0
#    Time: 7394080 ns  Iteration: 5  Instance: /tb/MyRiscv/u_regfile/MUXB
# ** Warning: NUMERIC_STD.TO_INTEGER: metavalue detected, returning 0
#    Time: 7414520 ns  Iteration: 2  Instance: /tb/MyRiscv/u_regfile/MUXB
# ** Warning: NUMERIC_STD.TO_INTEGER: metavalue detected, returning 0
#    Time: 7414520 ns  Iteration: 2  Instance: /tb/MyRiscv/u_regfile/MUXA
# ** Warning: NUMERIC_STD.TO_INTEGER: metavalue detected, returning 0
#    Time: 7414520 ns  Iteration: 5  Instance: /tb/MyRiscv/u_regfile/MUXA
# ** Warning: NUMERIC_STD.TO_INTEGER: metavalue detected, returning 0
#    Time: 7414520 ns  Iteration: 5  Instance: /tb/MyRiscv/u_regfile/MUXB
# ** Warning: NUMERIC_STD.TO_INTEGER: metavalue detected, returning 0
#    Time: 7414540 ns  Iteration: 5  Instance: /tb/MyRiscv/u_regfile/MUXA
# ** Warning: NUMERIC_STD.TO_INTEGER: metavalue detected, returning 0
#    Time: 7414540 ns  Iteration: 5  Instance: /tb/MyRiscv/u_regfile/MUXB
# ** Warning: NUMERIC_STD.TO_INTEGER: metavalue detected, returning 0
#    Time: 7414560 ns  Iteration: 5  Instance: /tb/MyRiscv/u_regfile/MUXA
# ** Warning: NUMERIC_STD.TO_INTEGER: metavalue detected, returning 0
#    Time: 7414560 ns  Iteration: 5  Instance: /tb/MyRiscv/u_regfile/MUXB
# ** Warning: NUMERIC_STD.TO_INTEGER: metavalue detected, returning 0
#    Time: 7435 us  Iteration: 2  Instance: /tb/MyRiscv/u_regfile/MUXB
# ** Warning: NUMERIC_STD.TO_INTEGER: metavalue detected, returning 0
#    Time: 7435 us  Iteration: 2  Instance: /tb/MyRiscv/u_regfile/MUXA
# ** Warning: NUMERIC_STD.TO_INTEGER: metavalue detected, returning 0
#    Time: 7435 us  Iteration: 5  Instance: /tb/MyRiscv/u_regfile/MUXA
# ** Warning: NUMERIC_STD.TO_INTEGER: metavalue detected, returning 0
#    Time: 7435 us  Iteration: 5  Instance: /tb/MyRiscv/u_regfile/MUXB
# ** Warning: NUMERIC_STD.TO_INTEGER: metavalue detected, returning 0
#    Time: 7435020 ns  Iteration: 5  Instance: /tb/MyRiscv/u_regfile/MUXA
# ** Warning: NUMERIC_STD.TO_INTEGER: metavalue detected, returning 0
#    Time: 7435020 ns  Iteration: 5  Instance: /tb/MyRiscv/u_regfile/MUXB
# ** Warning: NUMERIC_STD.TO_INTEGER: metavalue detected, returning 0
#    Time: 7435040 ns  Iteration: 5  Instance: /tb/MyRiscv/u_regfile/MUXA
# ** Warning: NUMERIC_STD.TO_INTEGER: metavalue detected, returning 0
#    Time: 7435040 ns  Iteration: 5  Instance: /tb/MyRiscv/u_regfile/MUXB
# ** Warning: NUMERIC_STD.TO_INTEGER: metavalue detected, returning 0
#    Time: 7455480 ns  Iteration: 2  Instance: /tb/MyRiscv/u_regfile/MUXB
# ** Warning: NUMERIC_STD.TO_INTEGER: metavalue detected, returning 0
#    Time: 7455480 ns  Iteration: 2  Instance: /tb/MyRiscv/u_regfile/MUXA
# ** Warning: NUMERIC_STD.TO_INTEGER: metavalue detected, returning 0
#    Time: 7455480 ns  Iteration: 5  Instance: /tb/MyRiscv/u_regfile/MUXA
# ** Warning: NUMERIC_STD.TO_INTEGER: metavalue detected, returning 0
#    Time: 7455480 ns  Iteration: 5  Instance: /tb/MyRiscv/u_regfile/MUXB
# ** Warning: NUMERIC_STD.TO_INTEGER: metavalue detected, returning 0
#    Time: 7455500 ns  Iteration: 5  Instance: /tb/MyRiscv/u_regfile/MUXA
# ** Warning: NUMERIC_STD.TO_INTEGER: metavalue detected, returning 0
#    Time: 7455500 ns  Iteration: 5  Instance: /tb/MyRiscv/u_regfile/MUXB
# ** Warning: NUMERIC_STD.TO_INTEGER: metavalue detected, returning 0
#    Time: 7455520 ns  Iteration: 5  Instance: /tb/MyRiscv/u_regfile/MUXA
# ** Warning: NUMERIC_STD.TO_INTEGER: metavalue detected, returning 0
#    Time: 7455520 ns  Iteration: 5  Instance: /tb/MyRiscv/u_regfile/MUXB
# ** Warning: NUMERIC_STD.TO_INTEGER: metavalue detected, returning 0
#    Time: 7475960 ns  Iteration: 2  Instance: /tb/MyRiscv/u_regfile/MUXB
# ** Warning: NUMERIC_STD.TO_INTEGER: metavalue detected, returning 0
#    Time: 7475960 ns  Iteration: 2  Instance: /tb/MyRiscv/u_regfile/MUXA
# ** Warning: NUMERIC_STD.TO_INTEGER: metavalue detected, returning 0
#    Time: 7475960 ns  Iteration: 5  Instance: /tb/MyRiscv/u_regfile/MUXA
# ** Warning: NUMERIC_STD.TO_INTEGER: metavalue detected, returning 0
#    Time: 7475960 ns  Iteration: 5  Instance: /tb/MyRiscv/u_regfile/MUXB
# ** Warning: NUMERIC_STD.TO_INTEGER: metavalue detected, returning 0
#    Time: 7475980 ns  Iteration: 5  Instance: /tb/MyRiscv/u_regfile/MUXA
# ** Warning: NUMERIC_STD.TO_INTEGER: metavalue detected, returning 0
#    Time: 7475980 ns  Iteration: 5  Instance: /tb/MyRiscv/u_regfile/MUXB
# ** Warning: NUMERIC_STD.TO_INTEGER: metavalue detected, returning 0
#    Time: 7476 us  Iteration: 5  Instance: /tb/MyRiscv/u_regfile/MUXA
# ** Warning: NUMERIC_STD.TO_INTEGER: metavalue detected, returning 0
#    Time: 7476 us  Iteration: 5  Instance: /tb/MyRiscv/u_regfile/MUXB
# ** Warning: NUMERIC_STD.TO_INTEGER: metavalue detected, returning 0
#    Time: 7496440 ns  Iteration: 2  Instance: /tb/MyRiscv/u_regfile/MUXB
# ** Warning: NUMERIC_STD.TO_INTEGER: metavalue detected, returning 0
#    Time: 7496440 ns  Iteration: 2  Instance: /tb/MyRiscv/u_regfile/MUXA
# ** Warning: NUMERIC_STD.TO_INTEGER: metavalue detected, returning 0
#    Time: 7496440 ns  Iteration: 5  Instance: /tb/MyRiscv/u_regfile/MUXA
# ** Warning: NUMERIC_STD.TO_INTEGER: metavalue detected, returning 0
#    Time: 7496440 ns  Iteration: 5  Instance: /tb/MyRiscv/u_regfile/MUXB
# ** Warning: NUMERIC_STD.TO_INTEGER: metavalue detected, returning 0
#    Time: 7496460 ns  Iteration: 5  Instance: /tb/MyRiscv/u_regfile/MUXA
# ** Warning: NUMERIC_STD.TO_INTEGER: metavalue detected, returning 0
#    Time: 7496460 ns  Iteration: 5  Instance: /tb/MyRiscv/u_regfile/MUXB
# ** Warning: NUMERIC_STD.TO_INTEGER: metavalue detected, returning 0
#    Time: 7496480 ns  Iteration: 5  Instance: /tb/MyRiscv/u_regfile/MUXA
# ** Warning: NUMERIC_STD.TO_INTEGER: metavalue detected, returning 0
#    Time: 7496480 ns  Iteration: 5  Instance: /tb/MyRiscv/u_regfile/MUXB
# ** Warning: NUMERIC_STD.TO_INTEGER: metavalue detected, returning 0
#    Time: 7516920 ns  Iteration: 2  Instance: /tb/MyRiscv/u_regfile/MUXB
# ** Warning: NUMERIC_STD.TO_INTEGER: metavalue detected, returning 0
#    Time: 7516920 ns  Iteration: 2  Instance: /tb/MyRiscv/u_regfile/MUXA
# ** Warning: NUMERIC_STD.TO_INTEGER: metavalue detected, returning 0
#    Time: 7516920 ns  Iteration: 5  Instance: /tb/MyRiscv/u_regfile/MUXA
# ** Warning: NUMERIC_STD.TO_INTEGER: metavalue detected, returning 0
#    Time: 7516920 ns  Iteration: 5  Instance: /tb/MyRiscv/u_regfile/MUXB
# ** Warning: NUMERIC_STD.TO_INTEGER: metavalue detected, returning 0
#    Time: 7516940 ns  Iteration: 5  Instance: /tb/MyRiscv/u_regfile/MUXA
# ** Warning: NUMERIC_STD.TO_INTEGER: metavalue detected, returning 0
#    Time: 7516940 ns  Iteration: 5  Instance: /tb/MyRiscv/u_regfile/MUXB
# ** Warning: NUMERIC_STD.TO_INTEGER: metavalue detected, returning 0
#    Time: 7516960 ns  Iteration: 5  Instance: /tb/MyRiscv/u_regfile/MUXA
# ** Warning: NUMERIC_STD.TO_INTEGER: metavalue detected, returning 0
#    Time: 7516960 ns  Iteration: 5  Instance: /tb/MyRiscv/u_regfile/MUXB
# ** Warning: NUMERIC_STD.TO_INTEGER: metavalue detected, returning 0
#    Time: 7537400 ns  Iteration: 2  Instance: /tb/MyRiscv/u_regfile/MUXB
# ** Warning: NUMERIC_STD.TO_INTEGER: metavalue detected, returning 0
#    Time: 7537400 ns  Iteration: 2  Instance: /tb/MyRiscv/u_regfile/MUXA
# ** Warning: NUMERIC_STD.TO_INTEGER: metavalue detected, returning 0
#    Time: 7537400 ns  Iteration: 5  Instance: /tb/MyRiscv/u_regfile/MUXA
# ** Warning: NUMERIC_STD.TO_INTEGER: metavalue detected, returning 0
#    Time: 7537400 ns  Iteration: 5  Instance: /tb/MyRiscv/u_regfile/MUXB
# ** Warning: NUMERIC_STD.TO_INTEGER: metavalue detected, returning 0
#    Time: 7537420 ns  Iteration: 5  Instance: /tb/MyRiscv/u_regfile/MUXA
# ** Warning: NUMERIC_STD.TO_INTEGER: metavalue detected, returning 0
#    Time: 7537420 ns  Iteration: 5  Instance: /tb/MyRiscv/u_regfile/MUXB
# ** Warning: NUMERIC_STD.TO_INTEGER: metavalue detected, returning 0
#    Time: 7537440 ns  Iteration: 5  Instance: /tb/MyRiscv/u_regfile/MUXA
# ** Warning: NUMERIC_STD.TO_INTEGER: metavalue detected, returning 0
#    Time: 7537440 ns  Iteration: 5  Instance: /tb/MyRiscv/u_regfile/MUXB
# ** Warning: NUMERIC_STD.TO_INTEGER: metavalue detected, returning 0
#    Time: 7557880 ns  Iteration: 2  Instance: /tb/MyRiscv/u_regfile/MUXB
# ** Warning: NUMERIC_STD.TO_INTEGER: metavalue detected, returning 0
#    Time: 7557880 ns  Iteration: 2  Instance: /tb/MyRiscv/u_regfile/MUXA
# ** Warning: NUMERIC_STD.TO_INTEGER: metavalue detected, returning 0
#    Time: 7557880 ns  Iteration: 5  Instance: /tb/MyRiscv/u_regfile/MUXA
# ** Warning: NUMERIC_STD.TO_INTEGER: metavalue detected, returning 0
#    Time: 7557880 ns  Iteration: 5  Instance: /tb/MyRiscv/u_regfile/MUXB
# ** Warning: NUMERIC_STD.TO_INTEGER: metavalue detected, returning 0
#    Time: 7557900 ns  Iteration: 5  Instance: /tb/MyRiscv/u_regfile/MUXA
# ** Warning: NUMERIC_STD.TO_INTEGER: metavalue detected, returning 0
#    Time: 7557900 ns  Iteration: 5  Instance: /tb/MyRiscv/u_regfile/MUXB
# ** Warning: NUMERIC_STD.TO_INTEGER: metavalue detected, returning 0
#    Time: 7557920 ns  Iteration: 5  Instance: /tb/MyRiscv/u_regfile/MUXA
# ** Warning: NUMERIC_STD.TO_INTEGER: metavalue detected, returning 0
#    Time: 7557920 ns  Iteration: 5  Instance: /tb/MyRiscv/u_regfile/MUXB
# ** Warning: NUMERIC_STD.TO_INTEGER: metavalue detected, returning 0
#    Time: 7578360 ns  Iteration: 2  Instance: /tb/MyRiscv/u_regfile/MUXB
# ** Warning: NUMERIC_STD.TO_INTEGER: metavalue detected, returning 0
#    Time: 7578360 ns  Iteration: 2  Instance: /tb/MyRiscv/u_regfile/MUXA
# ** Warning: NUMERIC_STD.TO_INTEGER: metavalue detected, returning 0
#    Time: 7578360 ns  Iteration: 5  Instance: /tb/MyRiscv/u_regfile/MUXA
# ** Warning: NUMERIC_STD.TO_INTEGER: metavalue detected, returning 0
#    Time: 7578360 ns  Iteration: 5  Instance: /tb/MyRiscv/u_regfile/MUXB
# ** Warning: NUMERIC_STD.TO_INTEGER: metavalue detected, returning 0
#    Time: 7578380 ns  Iteration: 5  Instance: /tb/MyRiscv/u_regfile/MUXA
# ** Warning: NUMERIC_STD.TO_INTEGER: metavalue detected, returning 0
#    Time: 7578380 ns  Iteration: 5  Instance: /tb/MyRiscv/u_regfile/MUXB
# ** Warning: NUMERIC_STD.TO_INTEGER: metavalue detected, returning 0
#    Time: 7578400 ns  Iteration: 5  Instance: /tb/MyRiscv/u_regfile/MUXA
# ** Warning: NUMERIC_STD.TO_INTEGER: metavalue detected, returning 0
#    Time: 7578400 ns  Iteration: 5  Instance: /tb/MyRiscv/u_regfile/MUXB
# ** Warning: NUMERIC_STD.TO_INTEGER: metavalue detected, returning 0
#    Time: 7598840 ns  Iteration: 2  Instance: /tb/MyRiscv/u_regfile/MUXB
# ** Warning: NUMERIC_STD.TO_INTEGER: metavalue detected, returning 0
#    Time: 7598840 ns  Iteration: 2  Instance: /tb/MyRiscv/u_regfile/MUXA
# ** Warning: NUMERIC_STD.TO_INTEGER: metavalue detected, returning 0
#    Time: 7598840 ns  Iteration: 5  Instance: /tb/MyRiscv/u_regfile/MUXA
# ** Warning: NUMERIC_STD.TO_INTEGER: metavalue detected, returning 0
#    Time: 7598840 ns  Iteration: 5  Instance: /tb/MyRiscv/u_regfile/MUXB
# ** Warning: NUMERIC_STD.TO_INTEGER: metavalue detected, returning 0
#    Time: 7598860 ns  Iteration: 5  Instance: /tb/MyRiscv/u_regfile/MUXA
# ** Warning: NUMERIC_STD.TO_INTEGER: metavalue detected, returning 0
#    Time: 7598860 ns  Iteration: 5  Instance: /tb/MyRiscv/u_regfile/MUXB
# ** Warning: NUMERIC_STD.TO_INTEGER: metavalue detected, returning 0
#    Time: 7598880 ns  Iteration: 5  Instance: /tb/MyRiscv/u_regfile/MUXA
# ** Warning: NUMERIC_STD.TO_INTEGER: metavalue detected, returning 0
#    Time: 7598880 ns  Iteration: 5  Instance: /tb/MyRiscv/u_regfile/MUXB
# ** Warning: NUMERIC_STD.TO_INTEGER: metavalue detected, returning 0
#    Time: 7619320 ns  Iteration: 2  Instance: /tb/MyRiscv/u_regfile/MUXB
# ** Warning: NUMERIC_STD.TO_INTEGER: metavalue detected, returning 0
#    Time: 7619320 ns  Iteration: 2  Instance: /tb/MyRiscv/u_regfile/MUXA
# ** Warning: NUMERIC_STD.TO_INTEGER: metavalue detected, returning 0
#    Time: 7619320 ns  Iteration: 5  Instance: /tb/MyRiscv/u_regfile/MUXA
# ** Warning: NUMERIC_STD.TO_INTEGER: metavalue detected, returning 0
#    Time: 7619320 ns  Iteration: 5  Instance: /tb/MyRiscv/u_regfile/MUXB
# ** Warning: NUMERIC_STD.TO_INTEGER: metavalue detected, returning 0
#    Time: 7619340 ns  Iteration: 5  Instance: /tb/MyRiscv/u_regfile/MUXA
# ** Warning: NUMERIC_STD.TO_INTEGER: metavalue detected, returning 0
#    Time: 7619340 ns  Iteration: 5  Instance: /tb/MyRiscv/u_regfile/MUXB
# ** Warning: NUMERIC_STD.TO_INTEGER: metavalue detected, returning 0
#    Time: 7619360 ns  Iteration: 5  Instance: /tb/MyRiscv/u_regfile/MUXA
# ** Warning: NUMERIC_STD.TO_INTEGER: metavalue detected, returning 0
#    Time: 7619360 ns  Iteration: 5  Instance: /tb/MyRiscv/u_regfile/MUXB
# ** Warning: NUMERIC_STD.TO_INTEGER: metavalue detected, returning 0
#    Time: 7639800 ns  Iteration: 2  Instance: /tb/MyRiscv/u_regfile/MUXB
# ** Warning: NUMERIC_STD.TO_INTEGER: metavalue detected, returning 0
#    Time: 7639800 ns  Iteration: 2  Instance: /tb/MyRiscv/u_regfile/MUXA
# ** Warning: NUMERIC_STD.TO_INTEGER: metavalue detected, returning 0
#    Time: 7639800 ns  Iteration: 5  Instance: /tb/MyRiscv/u_regfile/MUXA
# ** Warning: NUMERIC_STD.TO_INTEGER: metavalue detected, returning 0
#    Time: 7639800 ns  Iteration: 5  Instance: /tb/MyRiscv/u_regfile/MUXB
# ** Warning: NUMERIC_STD.TO_INTEGER: metavalue detected, returning 0
#    Time: 7639820 ns  Iteration: 5  Instance: /tb/MyRiscv/u_regfile/MUXA
# ** Warning: NUMERIC_STD.TO_INTEGER: metavalue detected, returning 0
#    Time: 7639820 ns  Iteration: 5  Instance: /tb/MyRiscv/u_regfile/MUXB
# ** Warning: NUMERIC_STD.TO_INTEGER: metavalue detected, returning 0
#    Time: 7639840 ns  Iteration: 5  Instance: /tb/MyRiscv/u_regfile/MUXA
# ** Warning: NUMERIC_STD.TO_INTEGER: metavalue detected, returning 0
#    Time: 7639840 ns  Iteration: 5  Instance: /tb/MyRiscv/u_regfile/MUXB
# ** Warning: NUMERIC_STD.TO_INTEGER: metavalue detected, returning 0
#    Time: 7660280 ns  Iteration: 2  Instance: /tb/MyRiscv/u_regfile/MUXB
# ** Warning: NUMERIC_STD.TO_INTEGER: metavalue detected, returning 0
#    Time: 7660280 ns  Iteration: 2  Instance: /tb/MyRiscv/u_regfile/MUXA
# ** Warning: NUMERIC_STD.TO_INTEGER: metavalue detected, returning 0
#    Time: 7660280 ns  Iteration: 5  Instance: /tb/MyRiscv/u_regfile/MUXA
# ** Warning: NUMERIC_STD.TO_INTEGER: metavalue detected, returning 0
#    Time: 7660280 ns  Iteration: 5  Instance: /tb/MyRiscv/u_regfile/MUXB
# ** Warning: NUMERIC_STD.TO_INTEGER: metavalue detected, returning 0
#    Time: 7660300 ns  Iteration: 5  Instance: /tb/MyRiscv/u_regfile/MUXA
# ** Warning: NUMERIC_STD.TO_INTEGER: metavalue detected, returning 0
#    Time: 7660300 ns  Iteration: 5  Instance: /tb/MyRiscv/u_regfile/MUXB
# ** Warning: NUMERIC_STD.TO_INTEGER: metavalue detected, returning 0
#    Time: 7660320 ns  Iteration: 5  Instance: /tb/MyRiscv/u_regfile/MUXA
# ** Warning: NUMERIC_STD.TO_INTEGER: metavalue detected, returning 0
#    Time: 7660320 ns  Iteration: 5  Instance: /tb/MyRiscv/u_regfile/MUXB
# ** Warning: NUMERIC_STD.TO_INTEGER: metavalue detected, returning 0
#    Time: 7680760 ns  Iteration: 2  Instance: /tb/MyRiscv/u_regfile/MUXB
# ** Warning: NUMERIC_STD.TO_INTEGER: metavalue detected, returning 0
#    Time: 7680760 ns  Iteration: 2  Instance: /tb/MyRiscv/u_regfile/MUXA
# ** Warning: NUMERIC_STD.TO_INTEGER: metavalue detected, returning 0
#    Time: 7680760 ns  Iteration: 5  Instance: /tb/MyRiscv/u_regfile/MUXA
# ** Warning: NUMERIC_STD.TO_INTEGER: metavalue detected, returning 0
#    Time: 7680760 ns  Iteration: 5  Instance: /tb/MyRiscv/u_regfile/MUXB
# ** Warning: NUMERIC_STD.TO_INTEGER: metavalue detected, returning 0
#    Time: 7680780 ns  Iteration: 5  Instance: /tb/MyRiscv/u_regfile/MUXA
# ** Warning: NUMERIC_STD.TO_INTEGER: metavalue detected, returning 0
#    Time: 7680780 ns  Iteration: 5  Instance: /tb/MyRiscv/u_regfile/MUXB
# ** Warning: NUMERIC_STD.TO_INTEGER: metavalue detected, returning 0
#    Time: 7680800 ns  Iteration: 5  Instance: /tb/MyRiscv/u_regfile/MUXA
# ** Warning: NUMERIC_STD.TO_INTEGER: metavalue detected, returning 0
#    Time: 7680800 ns  Iteration: 5  Instance: /tb/MyRiscv/u_regfile/MUXB
# ** Warning: NUMERIC_STD.TO_INTEGER: metavalue detected, returning 0
#    Time: 7701240 ns  Iteration: 2  Instance: /tb/MyRiscv/u_regfile/MUXB
# ** Warning: NUMERIC_STD.TO_INTEGER: metavalue detected, returning 0
#    Time: 7701240 ns  Iteration: 2  Instance: /tb/MyRiscv/u_regfile/MUXA
# ** Warning: NUMERIC_STD.TO_INTEGER: metavalue detected, returning 0
#    Time: 7701240 ns  Iteration: 5  Instance: /tb/MyRiscv/u_regfile/MUXA
# ** Warning: NUMERIC_STD.TO_INTEGER: metavalue detected, returning 0
#    Time: 7701240 ns  Iteration: 5  Instance: /tb/MyRiscv/u_regfile/MUXB
# ** Warning: NUMERIC_STD.TO_INTEGER: metavalue detected, returning 0
#    Time: 7701260 ns  Iteration: 5  Instance: /tb/MyRiscv/u_regfile/MUXA
# ** Warning: NUMERIC_STD.TO_INTEGER: metavalue detected, returning 0
#    Time: 7701260 ns  Iteration: 5  Instance: /tb/MyRiscv/u_regfile/MUXB
# ** Warning: NUMERIC_STD.TO_INTEGER: metavalue detected, returning 0
#    Time: 7701280 ns  Iteration: 5  Instance: /tb/MyRiscv/u_regfile/MUXA
# ** Warning: NUMERIC_STD.TO_INTEGER: metavalue detected, returning 0
#    Time: 7701280 ns  Iteration: 5  Instance: /tb/MyRiscv/u_regfile/MUXB
# ** Warning: NUMERIC_STD.TO_INTEGER: metavalue detected, returning 0
#    Time: 7721720 ns  Iteration: 2  Instance: /tb/MyRiscv/u_regfile/MUXB
# ** Warning: NUMERIC_STD.TO_INTEGER: metavalue detected, returning 0
#    Time: 7721720 ns  Iteration: 2  Instance: /tb/MyRiscv/u_regfile/MUXA
# ** Warning: NUMERIC_STD.TO_INTEGER: metavalue detected, returning 0
#    Time: 7721720 ns  Iteration: 5  Instance: /tb/MyRiscv/u_regfile/MUXA
# ** Warning: NUMERIC_STD.TO_INTEGER: metavalue detected, returning 0
#    Time: 7721720 ns  Iteration: 5  Instance: /tb/MyRiscv/u_regfile/MUXB
# ** Warning: NUMERIC_STD.TO_INTEGER: metavalue detected, returning 0
#    Time: 7721740 ns  Iteration: 5  Instance: /tb/MyRiscv/u_regfile/MUXA
# ** Warning: NUMERIC_STD.TO_INTEGER: metavalue detected, returning 0
#    Time: 7721740 ns  Iteration: 5  Instance: /tb/MyRiscv/u_regfile/MUXB
# ** Warning: NUMERIC_STD.TO_INTEGER: metavalue detected, returning 0
#    Time: 7721760 ns  Iteration: 5  Instance: /tb/MyRiscv/u_regfile/MUXA
# ** Warning: NUMERIC_STD.TO_INTEGER: metavalue detected, returning 0
#    Time: 7721760 ns  Iteration: 5  Instance: /tb/MyRiscv/u_regfile/MUXB
# ** Warning: NUMERIC_STD.TO_INTEGER: metavalue detected, returning 0
#    Time: 7742200 ns  Iteration: 2  Instance: /tb/MyRiscv/u_regfile/MUXB
# ** Warning: NUMERIC_STD.TO_INTEGER: metavalue detected, returning 0
#    Time: 7742200 ns  Iteration: 2  Instance: /tb/MyRiscv/u_regfile/MUXA
# ** Warning: NUMERIC_STD.TO_INTEGER: metavalue detected, returning 0
#    Time: 7742200 ns  Iteration: 5  Instance: /tb/MyRiscv/u_regfile/MUXA
# ** Warning: NUMERIC_STD.TO_INTEGER: metavalue detected, returning 0
#    Time: 7742200 ns  Iteration: 5  Instance: /tb/MyRiscv/u_regfile/MUXB
# ** Warning: NUMERIC_STD.TO_INTEGER: metavalue detected, returning 0
#    Time: 7742220 ns  Iteration: 5  Instance: /tb/MyRiscv/u_regfile/MUXA
# ** Warning: NUMERIC_STD.TO_INTEGER: metavalue detected, returning 0
#    Time: 7742220 ns  Iteration: 5  Instance: /tb/MyRiscv/u_regfile/MUXB
# ** Warning: NUMERIC_STD.TO_INTEGER: metavalue detected, returning 0
#    Time: 7742240 ns  Iteration: 5  Instance: /tb/MyRiscv/u_regfile/MUXA
# ** Warning: NUMERIC_STD.TO_INTEGER: metavalue detected, returning 0
#    Time: 7742240 ns  Iteration: 5  Instance: /tb/MyRiscv/u_regfile/MUXB
# ** Warning: NUMERIC_STD.TO_INTEGER: metavalue detected, returning 0
#    Time: 7762680 ns  Iteration: 2  Instance: /tb/MyRiscv/u_regfile/MUXB
# ** Warning: NUMERIC_STD.TO_INTEGER: metavalue detected, returning 0
#    Time: 7762680 ns  Iteration: 2  Instance: /tb/MyRiscv/u_regfile/MUXA
# ** Warning: NUMERIC_STD.TO_INTEGER: metavalue detected, returning 0
#    Time: 7762680 ns  Iteration: 5  Instance: /tb/MyRiscv/u_regfile/MUXA
# ** Warning: NUMERIC_STD.TO_INTEGER: metavalue detected, returning 0
#    Time: 7762680 ns  Iteration: 5  Instance: /tb/MyRiscv/u_regfile/MUXB
# ** Warning: NUMERIC_STD.TO_INTEGER: metavalue detected, returning 0
#    Time: 7762700 ns  Iteration: 5  Instance: /tb/MyRiscv/u_regfile/MUXA
# ** Warning: NUMERIC_STD.TO_INTEGER: metavalue detected, returning 0
#    Time: 7762700 ns  Iteration: 5  Instance: /tb/MyRiscv/u_regfile/MUXB
# ** Warning: NUMERIC_STD.TO_INTEGER: metavalue detected, returning 0
#    Time: 7762720 ns  Iteration: 5  Instance: /tb/MyRiscv/u_regfile/MUXA
# ** Warning: NUMERIC_STD.TO_INTEGER: metavalue detected, returning 0
#    Time: 7762720 ns  Iteration: 5  Instance: /tb/MyRiscv/u_regfile/MUXB
# ** Warning: NUMERIC_STD.TO_INTEGER: metavalue detected, returning 0
#    Time: 7783160 ns  Iteration: 2  Instance: /tb/MyRiscv/u_regfile/MUXB
# ** Warning: NUMERIC_STD.TO_INTEGER: metavalue detected, returning 0
#    Time: 7783160 ns  Iteration: 2  Instance: /tb/MyRiscv/u_regfile/MUXA
# ** Warning: NUMERIC_STD.TO_INTEGER: metavalue detected, returning 0
#    Time: 7783160 ns  Iteration: 5  Instance: /tb/MyRiscv/u_regfile/MUXA
# ** Warning: NUMERIC_STD.TO_INTEGER: metavalue detected, returning 0
#    Time: 7783160 ns  Iteration: 5  Instance: /tb/MyRiscv/u_regfile/MUXB
# ** Warning: NUMERIC_STD.TO_INTEGER: metavalue detected, returning 0
#    Time: 7783180 ns  Iteration: 5  Instance: /tb/MyRiscv/u_regfile/MUXA
# ** Warning: NUMERIC_STD.TO_INTEGER: metavalue detected, returning 0
#    Time: 7783180 ns  Iteration: 5  Instance: /tb/MyRiscv/u_regfile/MUXB
# ** Warning: NUMERIC_STD.TO_INTEGER: metavalue detected, returning 0
#    Time: 7783200 ns  Iteration: 5  Instance: /tb/MyRiscv/u_regfile/MUXA
# ** Warning: NUMERIC_STD.TO_INTEGER: metavalue detected, returning 0
#    Time: 7783200 ns  Iteration: 5  Instance: /tb/MyRiscv/u_regfile/MUXB
# ** Warning: NUMERIC_STD.TO_INTEGER: metavalue detected, returning 0
#    Time: 7803640 ns  Iteration: 2  Instance: /tb/MyRiscv/u_regfile/MUXB
# ** Warning: NUMERIC_STD.TO_INTEGER: metavalue detected, returning 0
#    Time: 7803640 ns  Iteration: 2  Instance: /tb/MyRiscv/u_regfile/MUXA
# ** Warning: NUMERIC_STD.TO_INTEGER: metavalue detected, returning 0
#    Time: 7803640 ns  Iteration: 5  Instance: /tb/MyRiscv/u_regfile/MUXA
# ** Warning: NUMERIC_STD.TO_INTEGER: metavalue detected, returning 0
#    Time: 7803640 ns  Iteration: 5  Instance: /tb/MyRiscv/u_regfile/MUXB
# ** Warning: NUMERIC_STD.TO_INTEGER: metavalue detected, returning 0
#    Time: 7803660 ns  Iteration: 5  Instance: /tb/MyRiscv/u_regfile/MUXA
# ** Warning: NUMERIC_STD.TO_INTEGER: metavalue detected, returning 0
#    Time: 7803660 ns  Iteration: 5  Instance: /tb/MyRiscv/u_regfile/MUXB
# ** Warning: NUMERIC_STD.TO_INTEGER: metavalue detected, returning 0
#    Time: 7803680 ns  Iteration: 5  Instance: /tb/MyRiscv/u_regfile/MUXA
# ** Warning: NUMERIC_STD.TO_INTEGER: metavalue detected, returning 0
#    Time: 7803680 ns  Iteration: 5  Instance: /tb/MyRiscv/u_regfile/MUXB
# ** Warning: NUMERIC_STD.TO_INTEGER: metavalue detected, returning 0
#    Time: 7824120 ns  Iteration: 2  Instance: /tb/MyRiscv/u_regfile/MUXB
# ** Warning: NUMERIC_STD.TO_INTEGER: metavalue detected, returning 0
#    Time: 7824120 ns  Iteration: 2  Instance: /tb/MyRiscv/u_regfile/MUXA
# ** Warning: NUMERIC_STD.TO_INTEGER: metavalue detected, returning 0
#    Time: 7824120 ns  Iteration: 5  Instance: /tb/MyRiscv/u_regfile/MUXA
# ** Warning: NUMERIC_STD.TO_INTEGER: metavalue detected, returning 0
#    Time: 7824120 ns  Iteration: 5  Instance: /tb/MyRiscv/u_regfile/MUXB
# ** Warning: NUMERIC_STD.TO_INTEGER: metavalue detected, returning 0
#    Time: 7824140 ns  Iteration: 5  Instance: /tb/MyRiscv/u_regfile/MUXA
# ** Warning: NUMERIC_STD.TO_INTEGER: metavalue detected, returning 0
#    Time: 7824140 ns  Iteration: 5  Instance: /tb/MyRiscv/u_regfile/MUXB
# ** Warning: NUMERIC_STD.TO_INTEGER: metavalue detected, returning 0
#    Time: 7824160 ns  Iteration: 5  Instance: /tb/MyRiscv/u_regfile/MUXA
# ** Warning: NUMERIC_STD.TO_INTEGER: metavalue detected, returning 0
#    Time: 7824160 ns  Iteration: 5  Instance: /tb/MyRiscv/u_regfile/MUXB
# ** Warning: NUMERIC_STD.TO_INTEGER: metavalue detected, returning 0
#    Time: 7844600 ns  Iteration: 2  Instance: /tb/MyRiscv/u_regfile/MUXB
# ** Warning: NUMERIC_STD.TO_INTEGER: metavalue detected, returning 0
#    Time: 7844600 ns  Iteration: 2  Instance: /tb/MyRiscv/u_regfile/MUXA
# ** Warning: NUMERIC_STD.TO_INTEGER: metavalue detected, returning 0
#    Time: 7844600 ns  Iteration: 5  Instance: /tb/MyRiscv/u_regfile/MUXA
# ** Warning: NUMERIC_STD.TO_INTEGER: metavalue detected, returning 0
#    Time: 7844600 ns  Iteration: 5  Instance: /tb/MyRiscv/u_regfile/MUXB
# ** Warning: NUMERIC_STD.TO_INTEGER: metavalue detected, returning 0
#    Time: 7844620 ns  Iteration: 5  Instance: /tb/MyRiscv/u_regfile/MUXA
# ** Warning: NUMERIC_STD.TO_INTEGER: metavalue detected, returning 0
#    Time: 7844620 ns  Iteration: 5  Instance: /tb/MyRiscv/u_regfile/MUXB
# ** Warning: NUMERIC_STD.TO_INTEGER: metavalue detected, returning 0
#    Time: 7844640 ns  Iteration: 5  Instance: /tb/MyRiscv/u_regfile/MUXA
# ** Warning: NUMERIC_STD.TO_INTEGER: metavalue detected, returning 0
#    Time: 7844640 ns  Iteration: 5  Instance: /tb/MyRiscv/u_regfile/MUXB
# ** Warning: NUMERIC_STD.TO_INTEGER: metavalue detected, returning 0
#    Time: 7865080 ns  Iteration: 2  Instance: /tb/MyRiscv/u_regfile/MUXB
# ** Warning: NUMERIC_STD.TO_INTEGER: metavalue detected, returning 0
#    Time: 7865080 ns  Iteration: 2  Instance: /tb/MyRiscv/u_regfile/MUXA
# ** Warning: NUMERIC_STD.TO_INTEGER: metavalue detected, returning 0
#    Time: 7865080 ns  Iteration: 5  Instance: /tb/MyRiscv/u_regfile/MUXA
# ** Warning: NUMERIC_STD.TO_INTEGER: metavalue detected, returning 0
#    Time: 7865080 ns  Iteration: 5  Instance: /tb/MyRiscv/u_regfile/MUXB
# ** Warning: NUMERIC_STD.TO_INTEGER: metavalue detected, returning 0
#    Time: 7865100 ns  Iteration: 5  Instance: /tb/MyRiscv/u_regfile/MUXA
# ** Warning: NUMERIC_STD.TO_INTEGER: metavalue detected, returning 0
#    Time: 7865100 ns  Iteration: 5  Instance: /tb/MyRiscv/u_regfile/MUXB
# ** Warning: NUMERIC_STD.TO_INTEGER: metavalue detected, returning 0
#    Time: 7865120 ns  Iteration: 5  Instance: /tb/MyRiscv/u_regfile/MUXA
# ** Warning: NUMERIC_STD.TO_INTEGER: metavalue detected, returning 0
#    Time: 7865120 ns  Iteration: 5  Instance: /tb/MyRiscv/u_regfile/MUXB
# ** Warning: NUMERIC_STD.TO_INTEGER: metavalue detected, returning 0
#    Time: 7885560 ns  Iteration: 2  Instance: /tb/MyRiscv/u_regfile/MUXB
# ** Warning: NUMERIC_STD.TO_INTEGER: metavalue detected, returning 0
#    Time: 7885560 ns  Iteration: 2  Instance: /tb/MyRiscv/u_regfile/MUXA
# ** Warning: NUMERIC_STD.TO_INTEGER: metavalue detected, returning 0
#    Time: 7885560 ns  Iteration: 5  Instance: /tb/MyRiscv/u_regfile/MUXA
# ** Warning: NUMERIC_STD.TO_INTEGER: metavalue detected, returning 0
#    Time: 7885560 ns  Iteration: 5  Instance: /tb/MyRiscv/u_regfile/MUXB
# ** Warning: NUMERIC_STD.TO_INTEGER: metavalue detected, returning 0
#    Time: 7885580 ns  Iteration: 5  Instance: /tb/MyRiscv/u_regfile/MUXA
# ** Warning: NUMERIC_STD.TO_INTEGER: metavalue detected, returning 0
#    Time: 7885580 ns  Iteration: 5  Instance: /tb/MyRiscv/u_regfile/MUXB
# ** Warning: NUMERIC_STD.TO_INTEGER: metavalue detected, returning 0
#    Time: 7885600 ns  Iteration: 5  Instance: /tb/MyRiscv/u_regfile/MUXA
# ** Warning: NUMERIC_STD.TO_INTEGER: metavalue detected, returning 0
#    Time: 7885600 ns  Iteration: 5  Instance: /tb/MyRiscv/u_regfile/MUXB
# ** Warning: NUMERIC_STD.TO_INTEGER: metavalue detected, returning 0
#    Time: 7906040 ns  Iteration: 2  Instance: /tb/MyRiscv/u_regfile/MUXB
# ** Warning: NUMERIC_STD.TO_INTEGER: metavalue detected, returning 0
#    Time: 7906040 ns  Iteration: 2  Instance: /tb/MyRiscv/u_regfile/MUXA
# ** Warning: NUMERIC_STD.TO_INTEGER: metavalue detected, returning 0
#    Time: 7906040 ns  Iteration: 5  Instance: /tb/MyRiscv/u_regfile/MUXA
# ** Warning: NUMERIC_STD.TO_INTEGER: metavalue detected, returning 0
#    Time: 7906040 ns  Iteration: 5  Instance: /tb/MyRiscv/u_regfile/MUXB
# ** Warning: NUMERIC_STD.TO_INTEGER: metavalue detected, returning 0
#    Time: 7906060 ns  Iteration: 5  Instance: /tb/MyRiscv/u_regfile/MUXA
# ** Warning: NUMERIC_STD.TO_INTEGER: metavalue detected, returning 0
#    Time: 7906060 ns  Iteration: 5  Instance: /tb/MyRiscv/u_regfile/MUXB
# ** Warning: NUMERIC_STD.TO_INTEGER: metavalue detected, returning 0
#    Time: 7906080 ns  Iteration: 5  Instance: /tb/MyRiscv/u_regfile/MUXA
# ** Warning: NUMERIC_STD.TO_INTEGER: metavalue detected, returning 0
#    Time: 7906080 ns  Iteration: 5  Instance: /tb/MyRiscv/u_regfile/MUXB
# ** Warning: NUMERIC_STD.TO_INTEGER: metavalue detected, returning 0
#    Time: 7926520 ns  Iteration: 2  Instance: /tb/MyRiscv/u_regfile/MUXB
# ** Warning: NUMERIC_STD.TO_INTEGER: metavalue detected, returning 0
#    Time: 7926520 ns  Iteration: 2  Instance: /tb/MyRiscv/u_regfile/MUXA
# ** Warning: NUMERIC_STD.TO_INTEGER: metavalue detected, returning 0
#    Time: 7926520 ns  Iteration: 5  Instance: /tb/MyRiscv/u_regfile/MUXA
# ** Warning: NUMERIC_STD.TO_INTEGER: metavalue detected, returning 0
#    Time: 7926520 ns  Iteration: 5  Instance: /tb/MyRiscv/u_regfile/MUXB
# ** Warning: NUMERIC_STD.TO_INTEGER: metavalue detected, returning 0
#    Time: 7926540 ns  Iteration: 5  Instance: /tb/MyRiscv/u_regfile/MUXA
# ** Warning: NUMERIC_STD.TO_INTEGER: metavalue detected, returning 0
#    Time: 7926540 ns  Iteration: 5  Instance: /tb/MyRiscv/u_regfile/MUXB
# ** Warning: NUMERIC_STD.TO_INTEGER: metavalue detected, returning 0
#    Time: 7926560 ns  Iteration: 5  Instance: /tb/MyRiscv/u_regfile/MUXA
# ** Warning: NUMERIC_STD.TO_INTEGER: metavalue detected, returning 0
#    Time: 7926560 ns  Iteration: 5  Instance: /tb/MyRiscv/u_regfile/MUXB
# ** Warning: NUMERIC_STD.TO_INTEGER: metavalue detected, returning 0
#    Time: 7947 us  Iteration: 2  Instance: /tb/MyRiscv/u_regfile/MUXB
# ** Warning: NUMERIC_STD.TO_INTEGER: metavalue detected, returning 0
#    Time: 7947 us  Iteration: 2  Instance: /tb/MyRiscv/u_regfile/MUXA
# ** Warning: NUMERIC_STD.TO_INTEGER: metavalue detected, returning 0
#    Time: 7947 us  Iteration: 5  Instance: /tb/MyRiscv/u_regfile/MUXA
# ** Warning: NUMERIC_STD.TO_INTEGER: metavalue detected, returning 0
#    Time: 7947 us  Iteration: 5  Instance: /tb/MyRiscv/u_regfile/MUXB
# ** Warning: NUMERIC_STD.TO_INTEGER: metavalue detected, returning 0
#    Time: 7947020 ns  Iteration: 5  Instance: /tb/MyRiscv/u_regfile/MUXA
# ** Warning: NUMERIC_STD.TO_INTEGER: metavalue detected, returning 0
#    Time: 7947020 ns  Iteration: 5  Instance: /tb/MyRiscv/u_regfile/MUXB
# ** Warning: NUMERIC_STD.TO_INTEGER: metavalue detected, returning 0
#    Time: 7947040 ns  Iteration: 5  Instance: /tb/MyRiscv/u_regfile/MUXA
# ** Warning: NUMERIC_STD.TO_INTEGER: metavalue detected, returning 0
#    Time: 7947040 ns  Iteration: 5  Instance: /tb/MyRiscv/u_regfile/MUXB
# ** Warning: NUMERIC_STD.TO_INTEGER: metavalue detected, returning 0
#    Time: 7967480 ns  Iteration: 2  Instance: /tb/MyRiscv/u_regfile/MUXB
# ** Warning: NUMERIC_STD.TO_INTEGER: metavalue detected, returning 0
#    Time: 7967480 ns  Iteration: 2  Instance: /tb/MyRiscv/u_regfile/MUXA
# ** Warning: NUMERIC_STD.TO_INTEGER: metavalue detected, returning 0
#    Time: 7967480 ns  Iteration: 5  Instance: /tb/MyRiscv/u_regfile/MUXA
# ** Warning: NUMERIC_STD.TO_INTEGER: metavalue detected, returning 0
#    Time: 7967480 ns  Iteration: 5  Instance: /tb/MyRiscv/u_regfile/MUXB
# ** Warning: NUMERIC_STD.TO_INTEGER: metavalue detected, returning 0
#    Time: 7967500 ns  Iteration: 5  Instance: /tb/MyRiscv/u_regfile/MUXA
# ** Warning: NUMERIC_STD.TO_INTEGER: metavalue detected, returning 0
#    Time: 7967500 ns  Iteration: 5  Instance: /tb/MyRiscv/u_regfile/MUXB
# ** Warning: NUMERIC_STD.TO_INTEGER: metavalue detected, returning 0
#    Time: 7967520 ns  Iteration: 5  Instance: /tb/MyRiscv/u_regfile/MUXA
# ** Warning: NUMERIC_STD.TO_INTEGER: metavalue detected, returning 0
#    Time: 7967520 ns  Iteration: 5  Instance: /tb/MyRiscv/u_regfile/MUXB
# ** Warning: NUMERIC_STD.TO_INTEGER: metavalue detected, returning 0
#    Time: 7987960 ns  Iteration: 2  Instance: /tb/MyRiscv/u_regfile/MUXB
# ** Warning: NUMERIC_STD.TO_INTEGER: metavalue detected, returning 0
#    Time: 7987960 ns  Iteration: 2  Instance: /tb/MyRiscv/u_regfile/MUXA
# ** Warning: NUMERIC_STD.TO_INTEGER: metavalue detected, returning 0
#    Time: 7987960 ns  Iteration: 5  Instance: /tb/MyRiscv/u_regfile/MUXA
# ** Warning: NUMERIC_STD.TO_INTEGER: metavalue detected, returning 0
#    Time: 7987960 ns  Iteration: 5  Instance: /tb/MyRiscv/u_regfile/MUXB
# ** Warning: NUMERIC_STD.TO_INTEGER: metavalue detected, returning 0
#    Time: 7987980 ns  Iteration: 5  Instance: /tb/MyRiscv/u_regfile/MUXA
# ** Warning: NUMERIC_STD.TO_INTEGER: metavalue detected, returning 0
#    Time: 7987980 ns  Iteration: 5  Instance: /tb/MyRiscv/u_regfile/MUXB
# ** Warning: NUMERIC_STD.TO_INTEGER: metavalue detected, returning 0
#    Time: 7988 us  Iteration: 5  Instance: /tb/MyRiscv/u_regfile/MUXA
# ** Warning: NUMERIC_STD.TO_INTEGER: metavalue detected, returning 0
#    Time: 7988 us  Iteration: 5  Instance: /tb/MyRiscv/u_regfile/MUXB
# ** Warning: NUMERIC_STD.TO_INTEGER: metavalue detected, returning 0
#    Time: 8008440 ns  Iteration: 2  Instance: /tb/MyRiscv/u_regfile/MUXB
# ** Warning: NUMERIC_STD.TO_INTEGER: metavalue detected, returning 0
#    Time: 8008440 ns  Iteration: 2  Instance: /tb/MyRiscv/u_regfile/MUXA
# ** Warning: NUMERIC_STD.TO_INTEGER: metavalue detected, returning 0
#    Time: 8008440 ns  Iteration: 5  Instance: /tb/MyRiscv/u_regfile/MUXA
# ** Warning: NUMERIC_STD.TO_INTEGER: metavalue detected, returning 0
#    Time: 8008440 ns  Iteration: 5  Instance: /tb/MyRiscv/u_regfile/MUXB
# ** Warning: NUMERIC_STD.TO_INTEGER: metavalue detected, returning 0
#    Time: 8008460 ns  Iteration: 5  Instance: /tb/MyRiscv/u_regfile/MUXA
# ** Warning: NUMERIC_STD.TO_INTEGER: metavalue detected, returning 0
#    Time: 8008460 ns  Iteration: 5  Instance: /tb/MyRiscv/u_regfile/MUXB
# ** Warning: NUMERIC_STD.TO_INTEGER: metavalue detected, returning 0
#    Time: 8008480 ns  Iteration: 5  Instance: /tb/MyRiscv/u_regfile/MUXA
# ** Warning: NUMERIC_STD.TO_INTEGER: metavalue detected, returning 0
#    Time: 8008480 ns  Iteration: 5  Instance: /tb/MyRiscv/u_regfile/MUXB
# ** Warning: NUMERIC_STD.TO_INTEGER: metavalue detected, returning 0
#    Time: 8028920 ns  Iteration: 2  Instance: /tb/MyRiscv/u_regfile/MUXB
# ** Warning: NUMERIC_STD.TO_INTEGER: metavalue detected, returning 0
#    Time: 8028920 ns  Iteration: 2  Instance: /tb/MyRiscv/u_regfile/MUXA
# ** Warning: NUMERIC_STD.TO_INTEGER: metavalue detected, returning 0
#    Time: 8028920 ns  Iteration: 5  Instance: /tb/MyRiscv/u_regfile/MUXA
# ** Warning: NUMERIC_STD.TO_INTEGER: metavalue detected, returning 0
#    Time: 8028920 ns  Iteration: 5  Instance: /tb/MyRiscv/u_regfile/MUXB
# ** Warning: NUMERIC_STD.TO_INTEGER: metavalue detected, returning 0
#    Time: 8028940 ns  Iteration: 5  Instance: /tb/MyRiscv/u_regfile/MUXA
# ** Warning: NUMERIC_STD.TO_INTEGER: metavalue detected, returning 0
#    Time: 8028940 ns  Iteration: 5  Instance: /tb/MyRiscv/u_regfile/MUXB
# ** Warning: NUMERIC_STD.TO_INTEGER: metavalue detected, returning 0
#    Time: 8028960 ns  Iteration: 5  Instance: /tb/MyRiscv/u_regfile/MUXA
# ** Warning: NUMERIC_STD.TO_INTEGER: metavalue detected, returning 0
#    Time: 8028960 ns  Iteration: 5  Instance: /tb/MyRiscv/u_regfile/MUXB
# ** Warning: NUMERIC_STD.TO_INTEGER: metavalue detected, returning 0
#    Time: 8049400 ns  Iteration: 2  Instance: /tb/MyRiscv/u_regfile/MUXB
# ** Warning: NUMERIC_STD.TO_INTEGER: metavalue detected, returning 0
#    Time: 8049400 ns  Iteration: 2  Instance: /tb/MyRiscv/u_regfile/MUXA
# ** Warning: NUMERIC_STD.TO_INTEGER: metavalue detected, returning 0
#    Time: 8049400 ns  Iteration: 5  Instance: /tb/MyRiscv/u_regfile/MUXA
# ** Warning: NUMERIC_STD.TO_INTEGER: metavalue detected, returning 0
#    Time: 8049400 ns  Iteration: 5  Instance: /tb/MyRiscv/u_regfile/MUXB
# ** Warning: NUMERIC_STD.TO_INTEGER: metavalue detected, returning 0
#    Time: 8049420 ns  Iteration: 5  Instance: /tb/MyRiscv/u_regfile/MUXA
# ** Warning: NUMERIC_STD.TO_INTEGER: metavalue detected, returning 0
#    Time: 8049420 ns  Iteration: 5  Instance: /tb/MyRiscv/u_regfile/MUXB
# ** Warning: NUMERIC_STD.TO_INTEGER: metavalue detected, returning 0
#    Time: 8049440 ns  Iteration: 5  Instance: /tb/MyRiscv/u_regfile/MUXA
# ** Warning: NUMERIC_STD.TO_INTEGER: metavalue detected, returning 0
#    Time: 8049440 ns  Iteration: 5  Instance: /tb/MyRiscv/u_regfile/MUXB
# ** Warning: NUMERIC_STD.TO_INTEGER: metavalue detected, returning 0
#    Time: 8069880 ns  Iteration: 2  Instance: /tb/MyRiscv/u_regfile/MUXB
# ** Warning: NUMERIC_STD.TO_INTEGER: metavalue detected, returning 0
#    Time: 8069880 ns  Iteration: 2  Instance: /tb/MyRiscv/u_regfile/MUXA
# ** Warning: NUMERIC_STD.TO_INTEGER: metavalue detected, returning 0
#    Time: 8069880 ns  Iteration: 5  Instance: /tb/MyRiscv/u_regfile/MUXA
# ** Warning: NUMERIC_STD.TO_INTEGER: metavalue detected, returning 0
#    Time: 8069880 ns  Iteration: 5  Instance: /tb/MyRiscv/u_regfile/MUXB
# ** Warning: NUMERIC_STD.TO_INTEGER: metavalue detected, returning 0
#    Time: 8069900 ns  Iteration: 5  Instance: /tb/MyRiscv/u_regfile/MUXA
# ** Warning: NUMERIC_STD.TO_INTEGER: metavalue detected, returning 0
#    Time: 8069900 ns  Iteration: 5  Instance: /tb/MyRiscv/u_regfile/MUXB
# ** Warning: NUMERIC_STD.TO_INTEGER: metavalue detected, returning 0
#    Time: 8069920 ns  Iteration: 5  Instance: /tb/MyRiscv/u_regfile/MUXA
# ** Warning: NUMERIC_STD.TO_INTEGER: metavalue detected, returning 0
#    Time: 8069920 ns  Iteration: 5  Instance: /tb/MyRiscv/u_regfile/MUXB
# ** Warning: NUMERIC_STD.TO_INTEGER: metavalue detected, returning 0
#    Time: 8090360 ns  Iteration: 2  Instance: /tb/MyRiscv/u_regfile/MUXB
# ** Warning: NUMERIC_STD.TO_INTEGER: metavalue detected, returning 0
#    Time: 8090360 ns  Iteration: 2  Instance: /tb/MyRiscv/u_regfile/MUXA
# ** Warning: NUMERIC_STD.TO_INTEGER: metavalue detected, returning 0
#    Time: 8090360 ns  Iteration: 5  Instance: /tb/MyRiscv/u_regfile/MUXA
# ** Warning: NUMERIC_STD.TO_INTEGER: metavalue detected, returning 0
#    Time: 8090360 ns  Iteration: 5  Instance: /tb/MyRiscv/u_regfile/MUXB
# ** Warning: NUMERIC_STD.TO_INTEGER: metavalue detected, returning 0
#    Time: 8090380 ns  Iteration: 5  Instance: /tb/MyRiscv/u_regfile/MUXA
# ** Warning: NUMERIC_STD.TO_INTEGER: metavalue detected, returning 0
#    Time: 8090380 ns  Iteration: 5  Instance: /tb/MyRiscv/u_regfile/MUXB
# ** Warning: NUMERIC_STD.TO_INTEGER: metavalue detected, returning 0
#    Time: 8090400 ns  Iteration: 5  Instance: /tb/MyRiscv/u_regfile/MUXA
# ** Warning: NUMERIC_STD.TO_INTEGER: metavalue detected, returning 0
#    Time: 8090400 ns  Iteration: 5  Instance: /tb/MyRiscv/u_regfile/MUXB
# ** Warning: NUMERIC_STD.TO_INTEGER: metavalue detected, returning 0
#    Time: 8110840 ns  Iteration: 2  Instance: /tb/MyRiscv/u_regfile/MUXB
# ** Warning: NUMERIC_STD.TO_INTEGER: metavalue detected, returning 0
#    Time: 8110840 ns  Iteration: 2  Instance: /tb/MyRiscv/u_regfile/MUXA
# ** Warning: NUMERIC_STD.TO_INTEGER: metavalue detected, returning 0
#    Time: 8110840 ns  Iteration: 5  Instance: /tb/MyRiscv/u_regfile/MUXA
# ** Warning: NUMERIC_STD.TO_INTEGER: metavalue detected, returning 0
#    Time: 8110840 ns  Iteration: 5  Instance: /tb/MyRiscv/u_regfile/MUXB
# ** Warning: NUMERIC_STD.TO_INTEGER: metavalue detected, returning 0
#    Time: 8110860 ns  Iteration: 5  Instance: /tb/MyRiscv/u_regfile/MUXA
# ** Warning: NUMERIC_STD.TO_INTEGER: metavalue detected, returning 0
#    Time: 8110860 ns  Iteration: 5  Instance: /tb/MyRiscv/u_regfile/MUXB
# ** Warning: NUMERIC_STD.TO_INTEGER: metavalue detected, returning 0
#    Time: 8110880 ns  Iteration: 5  Instance: /tb/MyRiscv/u_regfile/MUXA
# ** Warning: NUMERIC_STD.TO_INTEGER: metavalue detected, returning 0
#    Time: 8110880 ns  Iteration: 5  Instance: /tb/MyRiscv/u_regfile/MUXB
# ** Warning: NUMERIC_STD.TO_INTEGER: metavalue detected, returning 0
#    Time: 8131320 ns  Iteration: 2  Instance: /tb/MyRiscv/u_regfile/MUXB
# ** Warning: NUMERIC_STD.TO_INTEGER: metavalue detected, returning 0
#    Time: 8131320 ns  Iteration: 2  Instance: /tb/MyRiscv/u_regfile/MUXA
# ** Warning: NUMERIC_STD.TO_INTEGER: metavalue detected, returning 0
#    Time: 8131320 ns  Iteration: 5  Instance: /tb/MyRiscv/u_regfile/MUXA
# ** Warning: NUMERIC_STD.TO_INTEGER: metavalue detected, returning 0
#    Time: 8131320 ns  Iteration: 5  Instance: /tb/MyRiscv/u_regfile/MUXB
# ** Warning: NUMERIC_STD.TO_INTEGER: metavalue detected, returning 0
#    Time: 8131340 ns  Iteration: 5  Instance: /tb/MyRiscv/u_regfile/MUXA
# ** Warning: NUMERIC_STD.TO_INTEGER: metavalue detected, returning 0
#    Time: 8131340 ns  Iteration: 5  Instance: /tb/MyRiscv/u_regfile/MUXB
# ** Warning: NUMERIC_STD.TO_INTEGER: metavalue detected, returning 0
#    Time: 8131360 ns  Iteration: 5  Instance: /tb/MyRiscv/u_regfile/MUXA
# ** Warning: NUMERIC_STD.TO_INTEGER: metavalue detected, returning 0
#    Time: 8131360 ns  Iteration: 5  Instance: /tb/MyRiscv/u_regfile/MUXB
# ** Warning: NUMERIC_STD.TO_INTEGER: metavalue detected, returning 0
#    Time: 8151800 ns  Iteration: 2  Instance: /tb/MyRiscv/u_regfile/MUXB
# ** Warning: NUMERIC_STD.TO_INTEGER: metavalue detected, returning 0
#    Time: 8151800 ns  Iteration: 2  Instance: /tb/MyRiscv/u_regfile/MUXA
# ** Warning: NUMERIC_STD.TO_INTEGER: metavalue detected, returning 0
#    Time: 8151800 ns  Iteration: 5  Instance: /tb/MyRiscv/u_regfile/MUXA
# ** Warning: NUMERIC_STD.TO_INTEGER: metavalue detected, returning 0
#    Time: 8151800 ns  Iteration: 5  Instance: /tb/MyRiscv/u_regfile/MUXB
# ** Warning: NUMERIC_STD.TO_INTEGER: metavalue detected, returning 0
#    Time: 8151820 ns  Iteration: 5  Instance: /tb/MyRiscv/u_regfile/MUXA
# ** Warning: NUMERIC_STD.TO_INTEGER: metavalue detected, returning 0
#    Time: 8151820 ns  Iteration: 5  Instance: /tb/MyRiscv/u_regfile/MUXB
# ** Warning: NUMERIC_STD.TO_INTEGER: metavalue detected, returning 0
#    Time: 8151840 ns  Iteration: 5  Instance: /tb/MyRiscv/u_regfile/MUXA
# ** Warning: NUMERIC_STD.TO_INTEGER: metavalue detected, returning 0
#    Time: 8151840 ns  Iteration: 5  Instance: /tb/MyRiscv/u_regfile/MUXB
# ** Warning: NUMERIC_STD.TO_INTEGER: metavalue detected, returning 0
#    Time: 8172280 ns  Iteration: 2  Instance: /tb/MyRiscv/u_regfile/MUXB
# ** Warning: NUMERIC_STD.TO_INTEGER: metavalue detected, returning 0
#    Time: 8172280 ns  Iteration: 2  Instance: /tb/MyRiscv/u_regfile/MUXA
# ** Warning: NUMERIC_STD.TO_INTEGER: metavalue detected, returning 0
#    Time: 8172280 ns  Iteration: 5  Instance: /tb/MyRiscv/u_regfile/MUXA
# ** Warning: NUMERIC_STD.TO_INTEGER: metavalue detected, returning 0
#    Time: 8172280 ns  Iteration: 5  Instance: /tb/MyRiscv/u_regfile/MUXB
# ** Warning: NUMERIC_STD.TO_INTEGER: metavalue detected, returning 0
#    Time: 8172300 ns  Iteration: 5  Instance: /tb/MyRiscv/u_regfile/MUXA
# ** Warning: NUMERIC_STD.TO_INTEGER: metavalue detected, returning 0
#    Time: 8172300 ns  Iteration: 5  Instance: /tb/MyRiscv/u_regfile/MUXB
# ** Warning: NUMERIC_STD.TO_INTEGER: metavalue detected, returning 0
#    Time: 8172320 ns  Iteration: 5  Instance: /tb/MyRiscv/u_regfile/MUXA
# ** Warning: NUMERIC_STD.TO_INTEGER: metavalue detected, returning 0
#    Time: 8172320 ns  Iteration: 5  Instance: /tb/MyRiscv/u_regfile/MUXB
# ** Warning: NUMERIC_STD.TO_INTEGER: metavalue detected, returning 0
#    Time: 8192760 ns  Iteration: 2  Instance: /tb/MyRiscv/u_regfile/MUXB
# ** Warning: NUMERIC_STD.TO_INTEGER: metavalue detected, returning 0
#    Time: 8192760 ns  Iteration: 2  Instance: /tb/MyRiscv/u_regfile/MUXA
# ** Warning: NUMERIC_STD.TO_INTEGER: metavalue detected, returning 0
#    Time: 8192760 ns  Iteration: 5  Instance: /tb/MyRiscv/u_regfile/MUXA
# ** Warning: NUMERIC_STD.TO_INTEGER: metavalue detected, returning 0
#    Time: 8192760 ns  Iteration: 5  Instance: /tb/MyRiscv/u_regfile/MUXB
# ** Warning: NUMERIC_STD.TO_INTEGER: metavalue detected, returning 0
#    Time: 8192780 ns  Iteration: 5  Instance: /tb/MyRiscv/u_regfile/MUXA
# ** Warning: NUMERIC_STD.TO_INTEGER: metavalue detected, returning 0
#    Time: 8192780 ns  Iteration: 5  Instance: /tb/MyRiscv/u_regfile/MUXB
# ** Warning: NUMERIC_STD.TO_INTEGER: metavalue detected, returning 0
#    Time: 8192800 ns  Iteration: 5  Instance: /tb/MyRiscv/u_regfile/MUXA
# ** Warning: NUMERIC_STD.TO_INTEGER: metavalue detected, returning 0
#    Time: 8192800 ns  Iteration: 5  Instance: /tb/MyRiscv/u_regfile/MUXB
# ** Warning: NUMERIC_STD.TO_INTEGER: metavalue detected, returning 0
#    Time: 8213240 ns  Iteration: 2  Instance: /tb/MyRiscv/u_regfile/MUXB
# ** Warning: NUMERIC_STD.TO_INTEGER: metavalue detected, returning 0
#    Time: 8213240 ns  Iteration: 2  Instance: /tb/MyRiscv/u_regfile/MUXA
# ** Warning: NUMERIC_STD.TO_INTEGER: metavalue detected, returning 0
#    Time: 8213240 ns  Iteration: 5  Instance: /tb/MyRiscv/u_regfile/MUXA
# ** Warning: NUMERIC_STD.TO_INTEGER: metavalue detected, returning 0
#    Time: 8213240 ns  Iteration: 5  Instance: /tb/MyRiscv/u_regfile/MUXB
# ** Warning: NUMERIC_STD.TO_INTEGER: metavalue detected, returning 0
#    Time: 8213260 ns  Iteration: 5  Instance: /tb/MyRiscv/u_regfile/MUXA
# ** Warning: NUMERIC_STD.TO_INTEGER: metavalue detected, returning 0
#    Time: 8213260 ns  Iteration: 5  Instance: /tb/MyRiscv/u_regfile/MUXB
# ** Warning: NUMERIC_STD.TO_INTEGER: metavalue detected, returning 0
#    Time: 8213280 ns  Iteration: 5  Instance: /tb/MyRiscv/u_regfile/MUXA
# ** Warning: NUMERIC_STD.TO_INTEGER: metavalue detected, returning 0
#    Time: 8213280 ns  Iteration: 5  Instance: /tb/MyRiscv/u_regfile/MUXB
# ** Warning: NUMERIC_STD.TO_INTEGER: metavalue detected, returning 0
#    Time: 8233720 ns  Iteration: 2  Instance: /tb/MyRiscv/u_regfile/MUXB
# ** Warning: NUMERIC_STD.TO_INTEGER: metavalue detected, returning 0
#    Time: 8233720 ns  Iteration: 2  Instance: /tb/MyRiscv/u_regfile/MUXA
# ** Warning: NUMERIC_STD.TO_INTEGER: metavalue detected, returning 0
#    Time: 8233720 ns  Iteration: 5  Instance: /tb/MyRiscv/u_regfile/MUXA
# ** Warning: NUMERIC_STD.TO_INTEGER: metavalue detected, returning 0
#    Time: 8233720 ns  Iteration: 5  Instance: /tb/MyRiscv/u_regfile/MUXB
# ** Warning: NUMERIC_STD.TO_INTEGER: metavalue detected, returning 0
#    Time: 8233740 ns  Iteration: 5  Instance: /tb/MyRiscv/u_regfile/MUXA
# ** Warning: NUMERIC_STD.TO_INTEGER: metavalue detected, returning 0
#    Time: 8233740 ns  Iteration: 5  Instance: /tb/MyRiscv/u_regfile/MUXB
# ** Warning: NUMERIC_STD.TO_INTEGER: metavalue detected, returning 0
#    Time: 8233760 ns  Iteration: 5  Instance: /tb/MyRiscv/u_regfile/MUXA
# ** Warning: NUMERIC_STD.TO_INTEGER: metavalue detected, returning 0
#    Time: 8233760 ns  Iteration: 5  Instance: /tb/MyRiscv/u_regfile/MUXB
# ** Warning: NUMERIC_STD.TO_INTEGER: metavalue detected, returning 0
#    Time: 8254200 ns  Iteration: 2  Instance: /tb/MyRiscv/u_regfile/MUXB
# ** Warning: NUMERIC_STD.TO_INTEGER: metavalue detected, returning 0
#    Time: 8254200 ns  Iteration: 2  Instance: /tb/MyRiscv/u_regfile/MUXA
# ** Warning: NUMERIC_STD.TO_INTEGER: metavalue detected, returning 0
#    Time: 8254200 ns  Iteration: 5  Instance: /tb/MyRiscv/u_regfile/MUXA
# ** Warning: NUMERIC_STD.TO_INTEGER: metavalue detected, returning 0
#    Time: 8254200 ns  Iteration: 5  Instance: /tb/MyRiscv/u_regfile/MUXB
# ** Warning: NUMERIC_STD.TO_INTEGER: metavalue detected, returning 0
#    Time: 8254220 ns  Iteration: 5  Instance: /tb/MyRiscv/u_regfile/MUXA
# ** Warning: NUMERIC_STD.TO_INTEGER: metavalue detected, returning 0
#    Time: 8254220 ns  Iteration: 5  Instance: /tb/MyRiscv/u_regfile/MUXB
# ** Warning: NUMERIC_STD.TO_INTEGER: metavalue detected, returning 0
#    Time: 8254240 ns  Iteration: 5  Instance: /tb/MyRiscv/u_regfile/MUXA
# ** Warning: NUMERIC_STD.TO_INTEGER: metavalue detected, returning 0
#    Time: 8254240 ns  Iteration: 5  Instance: /tb/MyRiscv/u_regfile/MUXB
# ** Warning: NUMERIC_STD.TO_INTEGER: metavalue detected, returning 0
#    Time: 8274680 ns  Iteration: 2  Instance: /tb/MyRiscv/u_regfile/MUXB
# ** Warning: NUMERIC_STD.TO_INTEGER: metavalue detected, returning 0
#    Time: 8274680 ns  Iteration: 2  Instance: /tb/MyRiscv/u_regfile/MUXA
# ** Warning: NUMERIC_STD.TO_INTEGER: metavalue detected, returning 0
#    Time: 8274680 ns  Iteration: 5  Instance: /tb/MyRiscv/u_regfile/MUXA
# ** Warning: NUMERIC_STD.TO_INTEGER: metavalue detected, returning 0
#    Time: 8274680 ns  Iteration: 5  Instance: /tb/MyRiscv/u_regfile/MUXB
# ** Warning: NUMERIC_STD.TO_INTEGER: metavalue detected, returning 0
#    Time: 8274700 ns  Iteration: 5  Instance: /tb/MyRiscv/u_regfile/MUXA
# ** Warning: NUMERIC_STD.TO_INTEGER: metavalue detected, returning 0
#    Time: 8274700 ns  Iteration: 5  Instance: /tb/MyRiscv/u_regfile/MUXB
# ** Warning: NUMERIC_STD.TO_INTEGER: metavalue detected, returning 0
#    Time: 8274720 ns  Iteration: 5  Instance: /tb/MyRiscv/u_regfile/MUXA
# ** Warning: NUMERIC_STD.TO_INTEGER: metavalue detected, returning 0
#    Time: 8274720 ns  Iteration: 5  Instance: /tb/MyRiscv/u_regfile/MUXB
# ** Warning: NUMERIC_STD.TO_INTEGER: metavalue detected, returning 0
#    Time: 8295160 ns  Iteration: 2  Instance: /tb/MyRiscv/u_regfile/MUXB
# ** Warning: NUMERIC_STD.TO_INTEGER: metavalue detected, returning 0
#    Time: 8295160 ns  Iteration: 2  Instance: /tb/MyRiscv/u_regfile/MUXA
# ** Warning: NUMERIC_STD.TO_INTEGER: metavalue detected, returning 0
#    Time: 8295160 ns  Iteration: 5  Instance: /tb/MyRiscv/u_regfile/MUXA
# ** Warning: NUMERIC_STD.TO_INTEGER: metavalue detected, returning 0
#    Time: 8295160 ns  Iteration: 5  Instance: /tb/MyRiscv/u_regfile/MUXB
# ** Warning: NUMERIC_STD.TO_INTEGER: metavalue detected, returning 0
#    Time: 8295180 ns  Iteration: 5  Instance: /tb/MyRiscv/u_regfile/MUXA
# ** Warning: NUMERIC_STD.TO_INTEGER: metavalue detected, returning 0
#    Time: 8295180 ns  Iteration: 5  Instance: /tb/MyRiscv/u_regfile/MUXB
# ** Warning: NUMERIC_STD.TO_INTEGER: metavalue detected, returning 0
#    Time: 8295200 ns  Iteration: 5  Instance: /tb/MyRiscv/u_regfile/MUXA
# ** Warning: NUMERIC_STD.TO_INTEGER: metavalue detected, returning 0
#    Time: 8295200 ns  Iteration: 5  Instance: /tb/MyRiscv/u_regfile/MUXB
# ** Warning: NUMERIC_STD.TO_INTEGER: metavalue detected, returning 0
#    Time: 8315640 ns  Iteration: 2  Instance: /tb/MyRiscv/u_regfile/MUXB
# ** Warning: NUMERIC_STD.TO_INTEGER: metavalue detected, returning 0
#    Time: 8315640 ns  Iteration: 2  Instance: /tb/MyRiscv/u_regfile/MUXA
# ** Warning: NUMERIC_STD.TO_INTEGER: metavalue detected, returning 0
#    Time: 8315640 ns  Iteration: 5  Instance: /tb/MyRiscv/u_regfile/MUXA
# ** Warning: NUMERIC_STD.TO_INTEGER: metavalue detected, returning 0
#    Time: 8315640 ns  Iteration: 5  Instance: /tb/MyRiscv/u_regfile/MUXB
# ** Warning: NUMERIC_STD.TO_INTEGER: metavalue detected, returning 0
#    Time: 8315660 ns  Iteration: 5  Instance: /tb/MyRiscv/u_regfile/MUXA
# ** Warning: NUMERIC_STD.TO_INTEGER: metavalue detected, returning 0
#    Time: 8315660 ns  Iteration: 5  Instance: /tb/MyRiscv/u_regfile/MUXB
# ** Warning: NUMERIC_STD.TO_INTEGER: metavalue detected, returning 0
#    Time: 8315680 ns  Iteration: 5  Instance: /tb/MyRiscv/u_regfile/MUXA
# ** Warning: NUMERIC_STD.TO_INTEGER: metavalue detected, returning 0
#    Time: 8315680 ns  Iteration: 5  Instance: /tb/MyRiscv/u_regfile/MUXB
# ** Warning: NUMERIC_STD.TO_INTEGER: metavalue detected, returning 0
#    Time: 8336120 ns  Iteration: 2  Instance: /tb/MyRiscv/u_regfile/MUXB
# ** Warning: NUMERIC_STD.TO_INTEGER: metavalue detected, returning 0
#    Time: 8336120 ns  Iteration: 2  Instance: /tb/MyRiscv/u_regfile/MUXA
# ** Warning: NUMERIC_STD.TO_INTEGER: metavalue detected, returning 0
#    Time: 8336120 ns  Iteration: 5  Instance: /tb/MyRiscv/u_regfile/MUXA
# ** Warning: NUMERIC_STD.TO_INTEGER: metavalue detected, returning 0
#    Time: 8336120 ns  Iteration: 5  Instance: /tb/MyRiscv/u_regfile/MUXB
# ** Warning: NUMERIC_STD.TO_INTEGER: metavalue detected, returning 0
#    Time: 8336140 ns  Iteration: 5  Instance: /tb/MyRiscv/u_regfile/MUXA
# ** Warning: NUMERIC_STD.TO_INTEGER: metavalue detected, returning 0
#    Time: 8336140 ns  Iteration: 5  Instance: /tb/MyRiscv/u_regfile/MUXB
# ** Warning: NUMERIC_STD.TO_INTEGER: metavalue detected, returning 0
#    Time: 8336160 ns  Iteration: 5  Instance: /tb/MyRiscv/u_regfile/MUXA
# ** Warning: NUMERIC_STD.TO_INTEGER: metavalue detected, returning 0
#    Time: 8336160 ns  Iteration: 5  Instance: /tb/MyRiscv/u_regfile/MUXB
# ** Warning: NUMERIC_STD.TO_INTEGER: metavalue detected, returning 0
#    Time: 8356600 ns  Iteration: 2  Instance: /tb/MyRiscv/u_regfile/MUXB
# ** Warning: NUMERIC_STD.TO_INTEGER: metavalue detected, returning 0
#    Time: 8356600 ns  Iteration: 2  Instance: /tb/MyRiscv/u_regfile/MUXA
# ** Warning: NUMERIC_STD.TO_INTEGER: metavalue detected, returning 0
#    Time: 8356600 ns  Iteration: 5  Instance: /tb/MyRiscv/u_regfile/MUXA
# ** Warning: NUMERIC_STD.TO_INTEGER: metavalue detected, returning 0
#    Time: 8356600 ns  Iteration: 5  Instance: /tb/MyRiscv/u_regfile/MUXB
# ** Warning: NUMERIC_STD.TO_INTEGER: metavalue detected, returning 0
#    Time: 8356620 ns  Iteration: 5  Instance: /tb/MyRiscv/u_regfile/MUXA
# ** Warning: NUMERIC_STD.TO_INTEGER: metavalue detected, returning 0
#    Time: 8356620 ns  Iteration: 5  Instance: /tb/MyRiscv/u_regfile/MUXB
# ** Warning: NUMERIC_STD.TO_INTEGER: metavalue detected, returning 0
#    Time: 8356640 ns  Iteration: 5  Instance: /tb/MyRiscv/u_regfile/MUXA
# ** Warning: NUMERIC_STD.TO_INTEGER: metavalue detected, returning 0
#    Time: 8356640 ns  Iteration: 5  Instance: /tb/MyRiscv/u_regfile/MUXB
# ** Warning: NUMERIC_STD.TO_INTEGER: metavalue detected, returning 0
#    Time: 8377080 ns  Iteration: 2  Instance: /tb/MyRiscv/u_regfile/MUXB
# ** Warning: NUMERIC_STD.TO_INTEGER: metavalue detected, returning 0
#    Time: 8377080 ns  Iteration: 2  Instance: /tb/MyRiscv/u_regfile/MUXA
# ** Warning: NUMERIC_STD.TO_INTEGER: metavalue detected, returning 0
#    Time: 8377080 ns  Iteration: 5  Instance: /tb/MyRiscv/u_regfile/MUXA
# ** Warning: NUMERIC_STD.TO_INTEGER: metavalue detected, returning 0
#    Time: 8377080 ns  Iteration: 5  Instance: /tb/MyRiscv/u_regfile/MUXB
# ** Warning: NUMERIC_STD.TO_INTEGER: metavalue detected, returning 0
#    Time: 8377100 ns  Iteration: 5  Instance: /tb/MyRiscv/u_regfile/MUXA
# ** Warning: NUMERIC_STD.TO_INTEGER: metavalue detected, returning 0
#    Time: 8377100 ns  Iteration: 5  Instance: /tb/MyRiscv/u_regfile/MUXB
# ** Warning: NUMERIC_STD.TO_INTEGER: metavalue detected, returning 0
#    Time: 8377120 ns  Iteration: 5  Instance: /tb/MyRiscv/u_regfile/MUXA
# ** Warning: NUMERIC_STD.TO_INTEGER: metavalue detected, returning 0
#    Time: 8377120 ns  Iteration: 5  Instance: /tb/MyRiscv/u_regfile/MUXB
# ** Warning: NUMERIC_STD.TO_INTEGER: metavalue detected, returning 0
#    Time: 8397560 ns  Iteration: 2  Instance: /tb/MyRiscv/u_regfile/MUXB
# ** Warning: NUMERIC_STD.TO_INTEGER: metavalue detected, returning 0
#    Time: 8397560 ns  Iteration: 2  Instance: /tb/MyRiscv/u_regfile/MUXA
# ** Warning: NUMERIC_STD.TO_INTEGER: metavalue detected, returning 0
#    Time: 8397560 ns  Iteration: 5  Instance: /tb/MyRiscv/u_regfile/MUXA
# ** Warning: NUMERIC_STD.TO_INTEGER: metavalue detected, returning 0
#    Time: 8397560 ns  Iteration: 5  Instance: /tb/MyRiscv/u_regfile/MUXB
# ** Warning: NUMERIC_STD.TO_INTEGER: metavalue detected, returning 0
#    Time: 8397580 ns  Iteration: 5  Instance: /tb/MyRiscv/u_regfile/MUXA
# ** Warning: NUMERIC_STD.TO_INTEGER: metavalue detected, returning 0
#    Time: 8397580 ns  Iteration: 5  Instance: /tb/MyRiscv/u_regfile/MUXB
# ** Warning: NUMERIC_STD.TO_INTEGER: metavalue detected, returning 0
#    Time: 8397600 ns  Iteration: 5  Instance: /tb/MyRiscv/u_regfile/MUXA
# ** Warning: NUMERIC_STD.TO_INTEGER: metavalue detected, returning 0
#    Time: 8397600 ns  Iteration: 5  Instance: /tb/MyRiscv/u_regfile/MUXB
# ** Warning: NUMERIC_STD.TO_INTEGER: metavalue detected, returning 0
#    Time: 8418040 ns  Iteration: 2  Instance: /tb/MyRiscv/u_regfile/MUXB
# ** Warning: NUMERIC_STD.TO_INTEGER: metavalue detected, returning 0
#    Time: 8418040 ns  Iteration: 2  Instance: /tb/MyRiscv/u_regfile/MUXA
# ** Warning: NUMERIC_STD.TO_INTEGER: metavalue detected, returning 0
#    Time: 8418040 ns  Iteration: 5  Instance: /tb/MyRiscv/u_regfile/MUXA
# ** Warning: NUMERIC_STD.TO_INTEGER: metavalue detected, returning 0
#    Time: 8418040 ns  Iteration: 5  Instance: /tb/MyRiscv/u_regfile/MUXB
# ** Warning: NUMERIC_STD.TO_INTEGER: metavalue detected, returning 0
#    Time: 8418060 ns  Iteration: 5  Instance: /tb/MyRiscv/u_regfile/MUXA
# ** Warning: NUMERIC_STD.TO_INTEGER: metavalue detected, returning 0
#    Time: 8418060 ns  Iteration: 5  Instance: /tb/MyRiscv/u_regfile/MUXB
# ** Warning: NUMERIC_STD.TO_INTEGER: metavalue detected, returning 0
#    Time: 8418080 ns  Iteration: 5  Instance: /tb/MyRiscv/u_regfile/MUXA
# ** Warning: NUMERIC_STD.TO_INTEGER: metavalue detected, returning 0
#    Time: 8418080 ns  Iteration: 5  Instance: /tb/MyRiscv/u_regfile/MUXB
# ** Warning: NUMERIC_STD.TO_INTEGER: metavalue detected, returning 0
#    Time: 8438520 ns  Iteration: 2  Instance: /tb/MyRiscv/u_regfile/MUXB
# ** Warning: NUMERIC_STD.TO_INTEGER: metavalue detected, returning 0
#    Time: 8438520 ns  Iteration: 2  Instance: /tb/MyRiscv/u_regfile/MUXA
# ** Warning: NUMERIC_STD.TO_INTEGER: metavalue detected, returning 0
#    Time: 8438520 ns  Iteration: 5  Instance: /tb/MyRiscv/u_regfile/MUXA
# ** Warning: NUMERIC_STD.TO_INTEGER: metavalue detected, returning 0
#    Time: 8438520 ns  Iteration: 5  Instance: /tb/MyRiscv/u_regfile/MUXB
# ** Warning: NUMERIC_STD.TO_INTEGER: metavalue detected, returning 0
#    Time: 8438540 ns  Iteration: 5  Instance: /tb/MyRiscv/u_regfile/MUXA
# ** Warning: NUMERIC_STD.TO_INTEGER: metavalue detected, returning 0
#    Time: 8438540 ns  Iteration: 5  Instance: /tb/MyRiscv/u_regfile/MUXB
# ** Warning: NUMERIC_STD.TO_INTEGER: metavalue detected, returning 0
#    Time: 8438560 ns  Iteration: 5  Instance: /tb/MyRiscv/u_regfile/MUXA
# ** Warning: NUMERIC_STD.TO_INTEGER: metavalue detected, returning 0
#    Time: 8438560 ns  Iteration: 5  Instance: /tb/MyRiscv/u_regfile/MUXB
# ** Warning: NUMERIC_STD.TO_INTEGER: metavalue detected, returning 0
#    Time: 8459 us  Iteration: 2  Instance: /tb/MyRiscv/u_regfile/MUXB
# ** Warning: NUMERIC_STD.TO_INTEGER: metavalue detected, returning 0
#    Time: 8459 us  Iteration: 2  Instance: /tb/MyRiscv/u_regfile/MUXA
# ** Warning: NUMERIC_STD.TO_INTEGER: metavalue detected, returning 0
#    Time: 8459 us  Iteration: 5  Instance: /tb/MyRiscv/u_regfile/MUXA
# ** Warning: NUMERIC_STD.TO_INTEGER: metavalue detected, returning 0
#    Time: 8459 us  Iteration: 5  Instance: /tb/MyRiscv/u_regfile/MUXB
# ** Warning: NUMERIC_STD.TO_INTEGER: metavalue detected, returning 0
#    Time: 8459020 ns  Iteration: 5  Instance: /tb/MyRiscv/u_regfile/MUXA
# ** Warning: NUMERIC_STD.TO_INTEGER: metavalue detected, returning 0
#    Time: 8459020 ns  Iteration: 5  Instance: /tb/MyRiscv/u_regfile/MUXB
# ** Warning: NUMERIC_STD.TO_INTEGER: metavalue detected, returning 0
#    Time: 8459040 ns  Iteration: 5  Instance: /tb/MyRiscv/u_regfile/MUXA
# ** Warning: NUMERIC_STD.TO_INTEGER: metavalue detected, returning 0
#    Time: 8459040 ns  Iteration: 5  Instance: /tb/MyRiscv/u_regfile/MUXB
# ** Warning: NUMERIC_STD.TO_INTEGER: metavalue detected, returning 0
#    Time: 8479480 ns  Iteration: 2  Instance: /tb/MyRiscv/u_regfile/MUXB
# ** Warning: NUMERIC_STD.TO_INTEGER: metavalue detected, returning 0
#    Time: 8479480 ns  Iteration: 2  Instance: /tb/MyRiscv/u_regfile/MUXA
# ** Warning: NUMERIC_STD.TO_INTEGER: metavalue detected, returning 0
#    Time: 8479480 ns  Iteration: 5  Instance: /tb/MyRiscv/u_regfile/MUXA
# ** Warning: NUMERIC_STD.TO_INTEGER: metavalue detected, returning 0
#    Time: 8479480 ns  Iteration: 5  Instance: /tb/MyRiscv/u_regfile/MUXB
# ** Warning: NUMERIC_STD.TO_INTEGER: metavalue detected, returning 0
#    Time: 8479500 ns  Iteration: 5  Instance: /tb/MyRiscv/u_regfile/MUXA
# ** Warning: NUMERIC_STD.TO_INTEGER: metavalue detected, returning 0
#    Time: 8479500 ns  Iteration: 5  Instance: /tb/MyRiscv/u_regfile/MUXB
# ** Warning: NUMERIC_STD.TO_INTEGER: metavalue detected, returning 0
#    Time: 8479520 ns  Iteration: 5  Instance: /tb/MyRiscv/u_regfile/MUXA
# ** Warning: NUMERIC_STD.TO_INTEGER: metavalue detected, returning 0
#    Time: 8479520 ns  Iteration: 5  Instance: /tb/MyRiscv/u_regfile/MUXB
# ** Warning: NUMERIC_STD.TO_INTEGER: metavalue detected, returning 0
#    Time: 8499960 ns  Iteration: 2  Instance: /tb/MyRiscv/u_regfile/MUXB
# ** Warning: NUMERIC_STD.TO_INTEGER: metavalue detected, returning 0
#    Time: 8499960 ns  Iteration: 2  Instance: /tb/MyRiscv/u_regfile/MUXA
# ** Warning: NUMERIC_STD.TO_INTEGER: metavalue detected, returning 0
#    Time: 8499960 ns  Iteration: 5  Instance: /tb/MyRiscv/u_regfile/MUXA
# ** Warning: NUMERIC_STD.TO_INTEGER: metavalue detected, returning 0
#    Time: 8499960 ns  Iteration: 5  Instance: /tb/MyRiscv/u_regfile/MUXB
# ** Warning: NUMERIC_STD.TO_INTEGER: metavalue detected, returning 0
#    Time: 8499980 ns  Iteration: 5  Instance: /tb/MyRiscv/u_regfile/MUXA
# ** Warning: NUMERIC_STD.TO_INTEGER: metavalue detected, returning 0
#    Time: 8499980 ns  Iteration: 5  Instance: /tb/MyRiscv/u_regfile/MUXB
# ** Warning: NUMERIC_STD.TO_INTEGER: metavalue detected, returning 0
#    Time: 8500 us  Iteration: 5  Instance: /tb/MyRiscv/u_regfile/MUXA
# ** Warning: NUMERIC_STD.TO_INTEGER: metavalue detected, returning 0
#    Time: 8500 us  Iteration: 5  Instance: /tb/MyRiscv/u_regfile/MUXB
# ** Warning: NUMERIC_STD.TO_INTEGER: metavalue detected, returning 0
#    Time: 8520440 ns  Iteration: 2  Instance: /tb/MyRiscv/u_regfile/MUXB
# ** Warning: NUMERIC_STD.TO_INTEGER: metavalue detected, returning 0
#    Time: 8520440 ns  Iteration: 2  Instance: /tb/MyRiscv/u_regfile/MUXA
# ** Warning: NUMERIC_STD.TO_INTEGER: metavalue detected, returning 0
#    Time: 8520440 ns  Iteration: 5  Instance: /tb/MyRiscv/u_regfile/MUXA
# ** Warning: NUMERIC_STD.TO_INTEGER: metavalue detected, returning 0
#    Time: 8520440 ns  Iteration: 5  Instance: /tb/MyRiscv/u_regfile/MUXB
# ** Warning: NUMERIC_STD.TO_INTEGER: metavalue detected, returning 0
#    Time: 8520460 ns  Iteration: 5  Instance: /tb/MyRiscv/u_regfile/MUXA
# ** Warning: NUMERIC_STD.TO_INTEGER: metavalue detected, returning 0
#    Time: 8520460 ns  Iteration: 5  Instance: /tb/MyRiscv/u_regfile/MUXB
# ** Warning: NUMERIC_STD.TO_INTEGER: metavalue detected, returning 0
#    Time: 8520480 ns  Iteration: 5  Instance: /tb/MyRiscv/u_regfile/MUXA
# ** Warning: NUMERIC_STD.TO_INTEGER: metavalue detected, returning 0
#    Time: 8520480 ns  Iteration: 5  Instance: /tb/MyRiscv/u_regfile/MUXB
# ** Warning: NUMERIC_STD.TO_INTEGER: metavalue detected, returning 0
#    Time: 8540920 ns  Iteration: 2  Instance: /tb/MyRiscv/u_regfile/MUXB
# ** Warning: NUMERIC_STD.TO_INTEGER: metavalue detected, returning 0
#    Time: 8540920 ns  Iteration: 2  Instance: /tb/MyRiscv/u_regfile/MUXA
# ** Warning: NUMERIC_STD.TO_INTEGER: metavalue detected, returning 0
#    Time: 8540920 ns  Iteration: 5  Instance: /tb/MyRiscv/u_regfile/MUXA
# ** Warning: NUMERIC_STD.TO_INTEGER: metavalue detected, returning 0
#    Time: 8540920 ns  Iteration: 5  Instance: /tb/MyRiscv/u_regfile/MUXB
# ** Warning: NUMERIC_STD.TO_INTEGER: metavalue detected, returning 0
#    Time: 8540940 ns  Iteration: 5  Instance: /tb/MyRiscv/u_regfile/MUXA
# ** Warning: NUMERIC_STD.TO_INTEGER: metavalue detected, returning 0
#    Time: 8540940 ns  Iteration: 5  Instance: /tb/MyRiscv/u_regfile/MUXB
# ** Warning: NUMERIC_STD.TO_INTEGER: metavalue detected, returning 0
#    Time: 8540960 ns  Iteration: 5  Instance: /tb/MyRiscv/u_regfile/MUXA
# ** Warning: NUMERIC_STD.TO_INTEGER: metavalue detected, returning 0
#    Time: 8540960 ns  Iteration: 5  Instance: /tb/MyRiscv/u_regfile/MUXB
# ** Warning: NUMERIC_STD.TO_INTEGER: metavalue detected, returning 0
#    Time: 8561400 ns  Iteration: 2  Instance: /tb/MyRiscv/u_regfile/MUXB
# ** Warning: NUMERIC_STD.TO_INTEGER: metavalue detected, returning 0
#    Time: 8561400 ns  Iteration: 2  Instance: /tb/MyRiscv/u_regfile/MUXA
# ** Warning: NUMERIC_STD.TO_INTEGER: metavalue detected, returning 0
#    Time: 8561400 ns  Iteration: 5  Instance: /tb/MyRiscv/u_regfile/MUXA
# ** Warning: NUMERIC_STD.TO_INTEGER: metavalue detected, returning 0
#    Time: 8561400 ns  Iteration: 5  Instance: /tb/MyRiscv/u_regfile/MUXB
# ** Warning: NUMERIC_STD.TO_INTEGER: metavalue detected, returning 0
#    Time: 8561420 ns  Iteration: 5  Instance: /tb/MyRiscv/u_regfile/MUXA
# ** Warning: NUMERIC_STD.TO_INTEGER: metavalue detected, returning 0
#    Time: 8561420 ns  Iteration: 5  Instance: /tb/MyRiscv/u_regfile/MUXB
# ** Warning: NUMERIC_STD.TO_INTEGER: metavalue detected, returning 0
#    Time: 8561440 ns  Iteration: 5  Instance: /tb/MyRiscv/u_regfile/MUXA
# ** Warning: NUMERIC_STD.TO_INTEGER: metavalue detected, returning 0
#    Time: 8561440 ns  Iteration: 5  Instance: /tb/MyRiscv/u_regfile/MUXB
# ** Warning: NUMERIC_STD.TO_INTEGER: metavalue detected, returning 0
#    Time: 8581880 ns  Iteration: 2  Instance: /tb/MyRiscv/u_regfile/MUXB
# ** Warning: NUMERIC_STD.TO_INTEGER: metavalue detected, returning 0
#    Time: 8581880 ns  Iteration: 2  Instance: /tb/MyRiscv/u_regfile/MUXA
# ** Warning: NUMERIC_STD.TO_INTEGER: metavalue detected, returning 0
#    Time: 8581880 ns  Iteration: 5  Instance: /tb/MyRiscv/u_regfile/MUXA
# ** Warning: NUMERIC_STD.TO_INTEGER: metavalue detected, returning 0
#    Time: 8581880 ns  Iteration: 5  Instance: /tb/MyRiscv/u_regfile/MUXB
# ** Warning: NUMERIC_STD.TO_INTEGER: metavalue detected, returning 0
#    Time: 8581900 ns  Iteration: 5  Instance: /tb/MyRiscv/u_regfile/MUXA
# ** Warning: NUMERIC_STD.TO_INTEGER: metavalue detected, returning 0
#    Time: 8581900 ns  Iteration: 5  Instance: /tb/MyRiscv/u_regfile/MUXB
# ** Warning: NUMERIC_STD.TO_INTEGER: metavalue detected, returning 0
#    Time: 8581920 ns  Iteration: 5  Instance: /tb/MyRiscv/u_regfile/MUXA
# ** Warning: NUMERIC_STD.TO_INTEGER: metavalue detected, returning 0
#    Time: 8581920 ns  Iteration: 5  Instance: /tb/MyRiscv/u_regfile/MUXB
# ** Warning: NUMERIC_STD.TO_INTEGER: metavalue detected, returning 0
#    Time: 8602360 ns  Iteration: 2  Instance: /tb/MyRiscv/u_regfile/MUXB
# ** Warning: NUMERIC_STD.TO_INTEGER: metavalue detected, returning 0
#    Time: 8602360 ns  Iteration: 2  Instance: /tb/MyRiscv/u_regfile/MUXA
# ** Warning: NUMERIC_STD.TO_INTEGER: metavalue detected, returning 0
#    Time: 8602360 ns  Iteration: 5  Instance: /tb/MyRiscv/u_regfile/MUXA
# ** Warning: NUMERIC_STD.TO_INTEGER: metavalue detected, returning 0
#    Time: 8602360 ns  Iteration: 5  Instance: /tb/MyRiscv/u_regfile/MUXB
# ** Warning: NUMERIC_STD.TO_INTEGER: metavalue detected, returning 0
#    Time: 8602380 ns  Iteration: 5  Instance: /tb/MyRiscv/u_regfile/MUXA
# ** Warning: NUMERIC_STD.TO_INTEGER: metavalue detected, returning 0
#    Time: 8602380 ns  Iteration: 5  Instance: /tb/MyRiscv/u_regfile/MUXB
# ** Warning: NUMERIC_STD.TO_INTEGER: metavalue detected, returning 0
#    Time: 8602400 ns  Iteration: 5  Instance: /tb/MyRiscv/u_regfile/MUXA
# ** Warning: NUMERIC_STD.TO_INTEGER: metavalue detected, returning 0
#    Time: 8602400 ns  Iteration: 5  Instance: /tb/MyRiscv/u_regfile/MUXB
# ** Warning: NUMERIC_STD.TO_INTEGER: metavalue detected, returning 0
#    Time: 8622840 ns  Iteration: 2  Instance: /tb/MyRiscv/u_regfile/MUXB
# ** Warning: NUMERIC_STD.TO_INTEGER: metavalue detected, returning 0
#    Time: 8622840 ns  Iteration: 2  Instance: /tb/MyRiscv/u_regfile/MUXA
# ** Warning: NUMERIC_STD.TO_INTEGER: metavalue detected, returning 0
#    Time: 8622840 ns  Iteration: 5  Instance: /tb/MyRiscv/u_regfile/MUXA
# ** Warning: NUMERIC_STD.TO_INTEGER: metavalue detected, returning 0
#    Time: 8622840 ns  Iteration: 5  Instance: /tb/MyRiscv/u_regfile/MUXB
# ** Warning: NUMERIC_STD.TO_INTEGER: metavalue detected, returning 0
#    Time: 8622860 ns  Iteration: 5  Instance: /tb/MyRiscv/u_regfile/MUXA
# ** Warning: NUMERIC_STD.TO_INTEGER: metavalue detected, returning 0
#    Time: 8622860 ns  Iteration: 5  Instance: /tb/MyRiscv/u_regfile/MUXB
# ** Warning: NUMERIC_STD.TO_INTEGER: metavalue detected, returning 0
#    Time: 8622880 ns  Iteration: 5  Instance: /tb/MyRiscv/u_regfile/MUXA
# ** Warning: NUMERIC_STD.TO_INTEGER: metavalue detected, returning 0
#    Time: 8622880 ns  Iteration: 5  Instance: /tb/MyRiscv/u_regfile/MUXB
# ** Warning: NUMERIC_STD.TO_INTEGER: metavalue detected, returning 0
#    Time: 8643320 ns  Iteration: 2  Instance: /tb/MyRiscv/u_regfile/MUXB
# ** Warning: NUMERIC_STD.TO_INTEGER: metavalue detected, returning 0
#    Time: 8643320 ns  Iteration: 2  Instance: /tb/MyRiscv/u_regfile/MUXA
# ** Warning: NUMERIC_STD.TO_INTEGER: metavalue detected, returning 0
#    Time: 8643320 ns  Iteration: 5  Instance: /tb/MyRiscv/u_regfile/MUXA
# ** Warning: NUMERIC_STD.TO_INTEGER: metavalue detected, returning 0
#    Time: 8643320 ns  Iteration: 5  Instance: /tb/MyRiscv/u_regfile/MUXB
# ** Warning: NUMERIC_STD.TO_INTEGER: metavalue detected, returning 0
#    Time: 8643340 ns  Iteration: 5  Instance: /tb/MyRiscv/u_regfile/MUXA
# ** Warning: NUMERIC_STD.TO_INTEGER: metavalue detected, returning 0
#    Time: 8643340 ns  Iteration: 5  Instance: /tb/MyRiscv/u_regfile/MUXB
# ** Warning: NUMERIC_STD.TO_INTEGER: metavalue detected, returning 0
#    Time: 8643360 ns  Iteration: 5  Instance: /tb/MyRiscv/u_regfile/MUXA
# ** Warning: NUMERIC_STD.TO_INTEGER: metavalue detected, returning 0
#    Time: 8643360 ns  Iteration: 5  Instance: /tb/MyRiscv/u_regfile/MUXB
# ** Warning: NUMERIC_STD.TO_INTEGER: metavalue detected, returning 0
#    Time: 8663800 ns  Iteration: 2  Instance: /tb/MyRiscv/u_regfile/MUXB
# ** Warning: NUMERIC_STD.TO_INTEGER: metavalue detected, returning 0
#    Time: 8663800 ns  Iteration: 2  Instance: /tb/MyRiscv/u_regfile/MUXA
# ** Warning: NUMERIC_STD.TO_INTEGER: metavalue detected, returning 0
#    Time: 8663800 ns  Iteration: 5  Instance: /tb/MyRiscv/u_regfile/MUXA
# ** Warning: NUMERIC_STD.TO_INTEGER: metavalue detected, returning 0
#    Time: 8663800 ns  Iteration: 5  Instance: /tb/MyRiscv/u_regfile/MUXB
# ** Warning: NUMERIC_STD.TO_INTEGER: metavalue detected, returning 0
#    Time: 8663820 ns  Iteration: 5  Instance: /tb/MyRiscv/u_regfile/MUXA
# ** Warning: NUMERIC_STD.TO_INTEGER: metavalue detected, returning 0
#    Time: 8663820 ns  Iteration: 5  Instance: /tb/MyRiscv/u_regfile/MUXB
# ** Warning: NUMERIC_STD.TO_INTEGER: metavalue detected, returning 0
#    Time: 8663840 ns  Iteration: 5  Instance: /tb/MyRiscv/u_regfile/MUXA
# ** Warning: NUMERIC_STD.TO_INTEGER: metavalue detected, returning 0
#    Time: 8663840 ns  Iteration: 5  Instance: /tb/MyRiscv/u_regfile/MUXB
# ** Warning: NUMERIC_STD.TO_INTEGER: metavalue detected, returning 0
#    Time: 8684280 ns  Iteration: 2  Instance: /tb/MyRiscv/u_regfile/MUXB
# ** Warning: NUMERIC_STD.TO_INTEGER: metavalue detected, returning 0
#    Time: 8684280 ns  Iteration: 2  Instance: /tb/MyRiscv/u_regfile/MUXA
# ** Warning: NUMERIC_STD.TO_INTEGER: metavalue detected, returning 0
#    Time: 8684280 ns  Iteration: 5  Instance: /tb/MyRiscv/u_regfile/MUXA
# ** Warning: NUMERIC_STD.TO_INTEGER: metavalue detected, returning 0
#    Time: 8684280 ns  Iteration: 5  Instance: /tb/MyRiscv/u_regfile/MUXB
# ** Warning: NUMERIC_STD.TO_INTEGER: metavalue detected, returning 0
#    Time: 8684300 ns  Iteration: 5  Instance: /tb/MyRiscv/u_regfile/MUXA
# ** Warning: NUMERIC_STD.TO_INTEGER: metavalue detected, returning 0
#    Time: 8684300 ns  Iteration: 5  Instance: /tb/MyRiscv/u_regfile/MUXB
# ** Warning: NUMERIC_STD.TO_INTEGER: metavalue detected, returning 0
#    Time: 8684320 ns  Iteration: 5  Instance: /tb/MyRiscv/u_regfile/MUXA
# ** Warning: NUMERIC_STD.TO_INTEGER: metavalue detected, returning 0
#    Time: 8684320 ns  Iteration: 5  Instance: /tb/MyRiscv/u_regfile/MUXB
# ** Warning: NUMERIC_STD.TO_INTEGER: metavalue detected, returning 0
#    Time: 8704760 ns  Iteration: 2  Instance: /tb/MyRiscv/u_regfile/MUXB
# ** Warning: NUMERIC_STD.TO_INTEGER: metavalue detected, returning 0
#    Time: 8704760 ns  Iteration: 2  Instance: /tb/MyRiscv/u_regfile/MUXA
# ** Warning: NUMERIC_STD.TO_INTEGER: metavalue detected, returning 0
#    Time: 8704760 ns  Iteration: 5  Instance: /tb/MyRiscv/u_regfile/MUXA
# ** Warning: NUMERIC_STD.TO_INTEGER: metavalue detected, returning 0
#    Time: 8704760 ns  Iteration: 5  Instance: /tb/MyRiscv/u_regfile/MUXB
# ** Warning: NUMERIC_STD.TO_INTEGER: metavalue detected, returning 0
#    Time: 8704780 ns  Iteration: 5  Instance: /tb/MyRiscv/u_regfile/MUXA
# ** Warning: NUMERIC_STD.TO_INTEGER: metavalue detected, returning 0
#    Time: 8704780 ns  Iteration: 5  Instance: /tb/MyRiscv/u_regfile/MUXB
# ** Warning: NUMERIC_STD.TO_INTEGER: metavalue detected, returning 0
#    Time: 8704800 ns  Iteration: 5  Instance: /tb/MyRiscv/u_regfile/MUXA
# ** Warning: NUMERIC_STD.TO_INTEGER: metavalue detected, returning 0
#    Time: 8704800 ns  Iteration: 5  Instance: /tb/MyRiscv/u_regfile/MUXB
# ** Warning: NUMERIC_STD.TO_INTEGER: metavalue detected, returning 0
#    Time: 8725240 ns  Iteration: 2  Instance: /tb/MyRiscv/u_regfile/MUXB
# ** Warning: NUMERIC_STD.TO_INTEGER: metavalue detected, returning 0
#    Time: 8725240 ns  Iteration: 2  Instance: /tb/MyRiscv/u_regfile/MUXA
# ** Warning: NUMERIC_STD.TO_INTEGER: metavalue detected, returning 0
#    Time: 8725240 ns  Iteration: 5  Instance: /tb/MyRiscv/u_regfile/MUXA
# ** Warning: NUMERIC_STD.TO_INTEGER: metavalue detected, returning 0
#    Time: 8725240 ns  Iteration: 5  Instance: /tb/MyRiscv/u_regfile/MUXB
# ** Warning: NUMERIC_STD.TO_INTEGER: metavalue detected, returning 0
#    Time: 8725260 ns  Iteration: 5  Instance: /tb/MyRiscv/u_regfile/MUXA
# ** Warning: NUMERIC_STD.TO_INTEGER: metavalue detected, returning 0
#    Time: 8725260 ns  Iteration: 5  Instance: /tb/MyRiscv/u_regfile/MUXB
# ** Warning: NUMERIC_STD.TO_INTEGER: metavalue detected, returning 0
#    Time: 8725280 ns  Iteration: 5  Instance: /tb/MyRiscv/u_regfile/MUXA
# ** Warning: NUMERIC_STD.TO_INTEGER: metavalue detected, returning 0
#    Time: 8725280 ns  Iteration: 5  Instance: /tb/MyRiscv/u_regfile/MUXB
# ** Warning: NUMERIC_STD.TO_INTEGER: metavalue detected, returning 0
#    Time: 8745720 ns  Iteration: 2  Instance: /tb/MyRiscv/u_regfile/MUXB
# ** Warning: NUMERIC_STD.TO_INTEGER: metavalue detected, returning 0
#    Time: 8745720 ns  Iteration: 2  Instance: /tb/MyRiscv/u_regfile/MUXA
# ** Warning: NUMERIC_STD.TO_INTEGER: metavalue detected, returning 0
#    Time: 8745720 ns  Iteration: 5  Instance: /tb/MyRiscv/u_regfile/MUXA
# ** Warning: NUMERIC_STD.TO_INTEGER: metavalue detected, returning 0
#    Time: 8745720 ns  Iteration: 5  Instance: /tb/MyRiscv/u_regfile/MUXB
# ** Warning: NUMERIC_STD.TO_INTEGER: metavalue detected, returning 0
#    Time: 8745740 ns  Iteration: 5  Instance: /tb/MyRiscv/u_regfile/MUXA
# ** Warning: NUMERIC_STD.TO_INTEGER: metavalue detected, returning 0
#    Time: 8745740 ns  Iteration: 5  Instance: /tb/MyRiscv/u_regfile/MUXB
# ** Warning: NUMERIC_STD.TO_INTEGER: metavalue detected, returning 0
#    Time: 8745760 ns  Iteration: 5  Instance: /tb/MyRiscv/u_regfile/MUXA
# ** Warning: NUMERIC_STD.TO_INTEGER: metavalue detected, returning 0
#    Time: 8745760 ns  Iteration: 5  Instance: /tb/MyRiscv/u_regfile/MUXB
# ** Warning: NUMERIC_STD.TO_INTEGER: metavalue detected, returning 0
#    Time: 8766200 ns  Iteration: 2  Instance: /tb/MyRiscv/u_regfile/MUXB
# ** Warning: NUMERIC_STD.TO_INTEGER: metavalue detected, returning 0
#    Time: 8766200 ns  Iteration: 2  Instance: /tb/MyRiscv/u_regfile/MUXA
# ** Warning: NUMERIC_STD.TO_INTEGER: metavalue detected, returning 0
#    Time: 8766200 ns  Iteration: 5  Instance: /tb/MyRiscv/u_regfile/MUXA
# ** Warning: NUMERIC_STD.TO_INTEGER: metavalue detected, returning 0
#    Time: 8766200 ns  Iteration: 5  Instance: /tb/MyRiscv/u_regfile/MUXB
# ** Warning: NUMERIC_STD.TO_INTEGER: metavalue detected, returning 0
#    Time: 8766220 ns  Iteration: 5  Instance: /tb/MyRiscv/u_regfile/MUXA
# ** Warning: NUMERIC_STD.TO_INTEGER: metavalue detected, returning 0
#    Time: 8766220 ns  Iteration: 5  Instance: /tb/MyRiscv/u_regfile/MUXB
# ** Warning: NUMERIC_STD.TO_INTEGER: metavalue detected, returning 0
#    Time: 8766240 ns  Iteration: 5  Instance: /tb/MyRiscv/u_regfile/MUXA
# ** Warning: NUMERIC_STD.TO_INTEGER: metavalue detected, returning 0
#    Time: 8766240 ns  Iteration: 5  Instance: /tb/MyRiscv/u_regfile/MUXB
# ** Warning: NUMERIC_STD.TO_INTEGER: metavalue detected, returning 0
#    Time: 8786680 ns  Iteration: 2  Instance: /tb/MyRiscv/u_regfile/MUXB
# ** Warning: NUMERIC_STD.TO_INTEGER: metavalue detected, returning 0
#    Time: 8786680 ns  Iteration: 2  Instance: /tb/MyRiscv/u_regfile/MUXA
# ** Warning: NUMERIC_STD.TO_INTEGER: metavalue detected, returning 0
#    Time: 8786680 ns  Iteration: 5  Instance: /tb/MyRiscv/u_regfile/MUXA
# ** Warning: NUMERIC_STD.TO_INTEGER: metavalue detected, returning 0
#    Time: 8786680 ns  Iteration: 5  Instance: /tb/MyRiscv/u_regfile/MUXB
# ** Warning: NUMERIC_STD.TO_INTEGER: metavalue detected, returning 0
#    Time: 8786700 ns  Iteration: 5  Instance: /tb/MyRiscv/u_regfile/MUXA
# ** Warning: NUMERIC_STD.TO_INTEGER: metavalue detected, returning 0
#    Time: 8786700 ns  Iteration: 5  Instance: /tb/MyRiscv/u_regfile/MUXB
# ** Warning: NUMERIC_STD.TO_INTEGER: metavalue detected, returning 0
#    Time: 8786720 ns  Iteration: 5  Instance: /tb/MyRiscv/u_regfile/MUXA
# ** Warning: NUMERIC_STD.TO_INTEGER: metavalue detected, returning 0
#    Time: 8786720 ns  Iteration: 5  Instance: /tb/MyRiscv/u_regfile/MUXB
# ** Warning: NUMERIC_STD.TO_INTEGER: metavalue detected, returning 0
#    Time: 8807160 ns  Iteration: 2  Instance: /tb/MyRiscv/u_regfile/MUXB
# ** Warning: NUMERIC_STD.TO_INTEGER: metavalue detected, returning 0
#    Time: 8807160 ns  Iteration: 2  Instance: /tb/MyRiscv/u_regfile/MUXA
# ** Warning: NUMERIC_STD.TO_INTEGER: metavalue detected, returning 0
#    Time: 8807160 ns  Iteration: 5  Instance: /tb/MyRiscv/u_regfile/MUXA
# ** Warning: NUMERIC_STD.TO_INTEGER: metavalue detected, returning 0
#    Time: 8807160 ns  Iteration: 5  Instance: /tb/MyRiscv/u_regfile/MUXB
# ** Warning: NUMERIC_STD.TO_INTEGER: metavalue detected, returning 0
#    Time: 8807180 ns  Iteration: 5  Instance: /tb/MyRiscv/u_regfile/MUXA
# ** Warning: NUMERIC_STD.TO_INTEGER: metavalue detected, returning 0
#    Time: 8807180 ns  Iteration: 5  Instance: /tb/MyRiscv/u_regfile/MUXB
# ** Warning: NUMERIC_STD.TO_INTEGER: metavalue detected, returning 0
#    Time: 8807200 ns  Iteration: 5  Instance: /tb/MyRiscv/u_regfile/MUXA
# ** Warning: NUMERIC_STD.TO_INTEGER: metavalue detected, returning 0
#    Time: 8807200 ns  Iteration: 5  Instance: /tb/MyRiscv/u_regfile/MUXB
# ** Warning: NUMERIC_STD.TO_INTEGER: metavalue detected, returning 0
#    Time: 8827640 ns  Iteration: 2  Instance: /tb/MyRiscv/u_regfile/MUXB
# ** Warning: NUMERIC_STD.TO_INTEGER: metavalue detected, returning 0
#    Time: 8827640 ns  Iteration: 2  Instance: /tb/MyRiscv/u_regfile/MUXA
# ** Warning: NUMERIC_STD.TO_INTEGER: metavalue detected, returning 0
#    Time: 8827640 ns  Iteration: 5  Instance: /tb/MyRiscv/u_regfile/MUXA
# ** Warning: NUMERIC_STD.TO_INTEGER: metavalue detected, returning 0
#    Time: 8827640 ns  Iteration: 5  Instance: /tb/MyRiscv/u_regfile/MUXB
# ** Warning: NUMERIC_STD.TO_INTEGER: metavalue detected, returning 0
#    Time: 8827660 ns  Iteration: 5  Instance: /tb/MyRiscv/u_regfile/MUXA
# ** Warning: NUMERIC_STD.TO_INTEGER: metavalue detected, returning 0
#    Time: 8827660 ns  Iteration: 5  Instance: /tb/MyRiscv/u_regfile/MUXB
# ** Warning: NUMERIC_STD.TO_INTEGER: metavalue detected, returning 0
#    Time: 8827680 ns  Iteration: 5  Instance: /tb/MyRiscv/u_regfile/MUXA
# ** Warning: NUMERIC_STD.TO_INTEGER: metavalue detected, returning 0
#    Time: 8827680 ns  Iteration: 5  Instance: /tb/MyRiscv/u_regfile/MUXB
# ** Warning: NUMERIC_STD.TO_INTEGER: metavalue detected, returning 0
#    Time: 8848120 ns  Iteration: 2  Instance: /tb/MyRiscv/u_regfile/MUXB
# ** Warning: NUMERIC_STD.TO_INTEGER: metavalue detected, returning 0
#    Time: 8848120 ns  Iteration: 2  Instance: /tb/MyRiscv/u_regfile/MUXA
# ** Warning: NUMERIC_STD.TO_INTEGER: metavalue detected, returning 0
#    Time: 8848120 ns  Iteration: 5  Instance: /tb/MyRiscv/u_regfile/MUXA
# ** Warning: NUMERIC_STD.TO_INTEGER: metavalue detected, returning 0
#    Time: 8848120 ns  Iteration: 5  Instance: /tb/MyRiscv/u_regfile/MUXB
# ** Warning: NUMERIC_STD.TO_INTEGER: metavalue detected, returning 0
#    Time: 8848140 ns  Iteration: 5  Instance: /tb/MyRiscv/u_regfile/MUXA
# ** Warning: NUMERIC_STD.TO_INTEGER: metavalue detected, returning 0
#    Time: 8848140 ns  Iteration: 5  Instance: /tb/MyRiscv/u_regfile/MUXB
# ** Warning: NUMERIC_STD.TO_INTEGER: metavalue detected, returning 0
#    Time: 8848160 ns  Iteration: 5  Instance: /tb/MyRiscv/u_regfile/MUXA
# ** Warning: NUMERIC_STD.TO_INTEGER: metavalue detected, returning 0
#    Time: 8848160 ns  Iteration: 5  Instance: /tb/MyRiscv/u_regfile/MUXB
# ** Warning: NUMERIC_STD.TO_INTEGER: metavalue detected, returning 0
#    Time: 8868600 ns  Iteration: 2  Instance: /tb/MyRiscv/u_regfile/MUXB
# ** Warning: NUMERIC_STD.TO_INTEGER: metavalue detected, returning 0
#    Time: 8868600 ns  Iteration: 2  Instance: /tb/MyRiscv/u_regfile/MUXA
# ** Warning: NUMERIC_STD.TO_INTEGER: metavalue detected, returning 0
#    Time: 8868600 ns  Iteration: 5  Instance: /tb/MyRiscv/u_regfile/MUXA
# ** Warning: NUMERIC_STD.TO_INTEGER: metavalue detected, returning 0
#    Time: 8868600 ns  Iteration: 5  Instance: /tb/MyRiscv/u_regfile/MUXB
# ** Warning: NUMERIC_STD.TO_INTEGER: metavalue detected, returning 0
#    Time: 8868620 ns  Iteration: 5  Instance: /tb/MyRiscv/u_regfile/MUXA
# ** Warning: NUMERIC_STD.TO_INTEGER: metavalue detected, returning 0
#    Time: 8868620 ns  Iteration: 5  Instance: /tb/MyRiscv/u_regfile/MUXB
# ** Warning: NUMERIC_STD.TO_INTEGER: metavalue detected, returning 0
#    Time: 8868640 ns  Iteration: 5  Instance: /tb/MyRiscv/u_regfile/MUXA
# ** Warning: NUMERIC_STD.TO_INTEGER: metavalue detected, returning 0
#    Time: 8868640 ns  Iteration: 5  Instance: /tb/MyRiscv/u_regfile/MUXB
# ** Warning: NUMERIC_STD.TO_INTEGER: metavalue detected, returning 0
#    Time: 8889080 ns  Iteration: 2  Instance: /tb/MyRiscv/u_regfile/MUXB
# ** Warning: NUMERIC_STD.TO_INTEGER: metavalue detected, returning 0
#    Time: 8889080 ns  Iteration: 2  Instance: /tb/MyRiscv/u_regfile/MUXA
# ** Warning: NUMERIC_STD.TO_INTEGER: metavalue detected, returning 0
#    Time: 8889080 ns  Iteration: 5  Instance: /tb/MyRiscv/u_regfile/MUXA
# ** Warning: NUMERIC_STD.TO_INTEGER: metavalue detected, returning 0
#    Time: 8889080 ns  Iteration: 5  Instance: /tb/MyRiscv/u_regfile/MUXB
# ** Warning: NUMERIC_STD.TO_INTEGER: metavalue detected, returning 0
#    Time: 8889100 ns  Iteration: 5  Instance: /tb/MyRiscv/u_regfile/MUXA
# ** Warning: NUMERIC_STD.TO_INTEGER: metavalue detected, returning 0
#    Time: 8889100 ns  Iteration: 5  Instance: /tb/MyRiscv/u_regfile/MUXB
# ** Warning: NUMERIC_STD.TO_INTEGER: metavalue detected, returning 0
#    Time: 8889120 ns  Iteration: 5  Instance: /tb/MyRiscv/u_regfile/MUXA
# ** Warning: NUMERIC_STD.TO_INTEGER: metavalue detected, returning 0
#    Time: 8889120 ns  Iteration: 5  Instance: /tb/MyRiscv/u_regfile/MUXB
# ** Warning: NUMERIC_STD.TO_INTEGER: metavalue detected, returning 0
#    Time: 8909560 ns  Iteration: 2  Instance: /tb/MyRiscv/u_regfile/MUXB
# ** Warning: NUMERIC_STD.TO_INTEGER: metavalue detected, returning 0
#    Time: 8909560 ns  Iteration: 2  Instance: /tb/MyRiscv/u_regfile/MUXA
# ** Warning: NUMERIC_STD.TO_INTEGER: metavalue detected, returning 0
#    Time: 8909560 ns  Iteration: 5  Instance: /tb/MyRiscv/u_regfile/MUXA
# ** Warning: NUMERIC_STD.TO_INTEGER: metavalue detected, returning 0
#    Time: 8909560 ns  Iteration: 5  Instance: /tb/MyRiscv/u_regfile/MUXB
# ** Warning: NUMERIC_STD.TO_INTEGER: metavalue detected, returning 0
#    Time: 8909580 ns  Iteration: 5  Instance: /tb/MyRiscv/u_regfile/MUXA
# ** Warning: NUMERIC_STD.TO_INTEGER: metavalue detected, returning 0
#    Time: 8909580 ns  Iteration: 5  Instance: /tb/MyRiscv/u_regfile/MUXB
# ** Warning: NUMERIC_STD.TO_INTEGER: metavalue detected, returning 0
#    Time: 8909600 ns  Iteration: 5  Instance: /tb/MyRiscv/u_regfile/MUXA
# ** Warning: NUMERIC_STD.TO_INTEGER: metavalue detected, returning 0
#    Time: 8909600 ns  Iteration: 5  Instance: /tb/MyRiscv/u_regfile/MUXB
# ** Warning: NUMERIC_STD.TO_INTEGER: metavalue detected, returning 0
#    Time: 8930040 ns  Iteration: 2  Instance: /tb/MyRiscv/u_regfile/MUXB
# ** Warning: NUMERIC_STD.TO_INTEGER: metavalue detected, returning 0
#    Time: 8930040 ns  Iteration: 2  Instance: /tb/MyRiscv/u_regfile/MUXA
# ** Warning: NUMERIC_STD.TO_INTEGER: metavalue detected, returning 0
#    Time: 8930040 ns  Iteration: 5  Instance: /tb/MyRiscv/u_regfile/MUXA
# ** Warning: NUMERIC_STD.TO_INTEGER: metavalue detected, returning 0
#    Time: 8930040 ns  Iteration: 5  Instance: /tb/MyRiscv/u_regfile/MUXB
# ** Warning: NUMERIC_STD.TO_INTEGER: metavalue detected, returning 0
#    Time: 8930060 ns  Iteration: 5  Instance: /tb/MyRiscv/u_regfile/MUXA
# ** Warning: NUMERIC_STD.TO_INTEGER: metavalue detected, returning 0
#    Time: 8930060 ns  Iteration: 5  Instance: /tb/MyRiscv/u_regfile/MUXB
# ** Warning: NUMERIC_STD.TO_INTEGER: metavalue detected, returning 0
#    Time: 8930080 ns  Iteration: 5  Instance: /tb/MyRiscv/u_regfile/MUXA
# ** Warning: NUMERIC_STD.TO_INTEGER: metavalue detected, returning 0
#    Time: 8930080 ns  Iteration: 5  Instance: /tb/MyRiscv/u_regfile/MUXB
# ** Warning: NUMERIC_STD.TO_INTEGER: metavalue detected, returning 0
#    Time: 8950520 ns  Iteration: 2  Instance: /tb/MyRiscv/u_regfile/MUXB
# ** Warning: NUMERIC_STD.TO_INTEGER: metavalue detected, returning 0
#    Time: 8950520 ns  Iteration: 2  Instance: /tb/MyRiscv/u_regfile/MUXA
# ** Warning: NUMERIC_STD.TO_INTEGER: metavalue detected, returning 0
#    Time: 8950520 ns  Iteration: 5  Instance: /tb/MyRiscv/u_regfile/MUXA
# ** Warning: NUMERIC_STD.TO_INTEGER: metavalue detected, returning 0
#    Time: 8950520 ns  Iteration: 5  Instance: /tb/MyRiscv/u_regfile/MUXB
# ** Warning: NUMERIC_STD.TO_INTEGER: metavalue detected, returning 0
#    Time: 8950540 ns  Iteration: 5  Instance: /tb/MyRiscv/u_regfile/MUXA
# ** Warning: NUMERIC_STD.TO_INTEGER: metavalue detected, returning 0
#    Time: 8950540 ns  Iteration: 5  Instance: /tb/MyRiscv/u_regfile/MUXB
# ** Warning: NUMERIC_STD.TO_INTEGER: metavalue detected, returning 0
#    Time: 8950560 ns  Iteration: 5  Instance: /tb/MyRiscv/u_regfile/MUXA
# ** Warning: NUMERIC_STD.TO_INTEGER: metavalue detected, returning 0
#    Time: 8950560 ns  Iteration: 5  Instance: /tb/MyRiscv/u_regfile/MUXB
# ** Warning: NUMERIC_STD.TO_INTEGER: metavalue detected, returning 0
#    Time: 8971 us  Iteration: 2  Instance: /tb/MyRiscv/u_regfile/MUXB
# ** Warning: NUMERIC_STD.TO_INTEGER: metavalue detected, returning 0
#    Time: 8971 us  Iteration: 2  Instance: /tb/MyRiscv/u_regfile/MUXA
# ** Warning: NUMERIC_STD.TO_INTEGER: metavalue detected, returning 0
#    Time: 8971 us  Iteration: 5  Instance: /tb/MyRiscv/u_regfile/MUXA
# ** Warning: NUMERIC_STD.TO_INTEGER: metavalue detected, returning 0
#    Time: 8971 us  Iteration: 5  Instance: /tb/MyRiscv/u_regfile/MUXB
# ** Warning: NUMERIC_STD.TO_INTEGER: metavalue detected, returning 0
#    Time: 8971020 ns  Iteration: 5  Instance: /tb/MyRiscv/u_regfile/MUXA
# ** Warning: NUMERIC_STD.TO_INTEGER: metavalue detected, returning 0
#    Time: 8971020 ns  Iteration: 5  Instance: /tb/MyRiscv/u_regfile/MUXB
# ** Warning: NUMERIC_STD.TO_INTEGER: metavalue detected, returning 0
#    Time: 8971040 ns  Iteration: 5  Instance: /tb/MyRiscv/u_regfile/MUXA
# ** Warning: NUMERIC_STD.TO_INTEGER: metavalue detected, returning 0
#    Time: 8971040 ns  Iteration: 5  Instance: /tb/MyRiscv/u_regfile/MUXB
# ** Warning: NUMERIC_STD.TO_INTEGER: metavalue detected, returning 0
#    Time: 8991480 ns  Iteration: 2  Instance: /tb/MyRiscv/u_regfile/MUXB
# ** Warning: NUMERIC_STD.TO_INTEGER: metavalue detected, returning 0
#    Time: 8991480 ns  Iteration: 2  Instance: /tb/MyRiscv/u_regfile/MUXA
# ** Warning: NUMERIC_STD.TO_INTEGER: metavalue detected, returning 0
#    Time: 8991480 ns  Iteration: 5  Instance: /tb/MyRiscv/u_regfile/MUXA
# ** Warning: NUMERIC_STD.TO_INTEGER: metavalue detected, returning 0
#    Time: 8991480 ns  Iteration: 5  Instance: /tb/MyRiscv/u_regfile/MUXB
# ** Warning: NUMERIC_STD.TO_INTEGER: metavalue detected, returning 0
#    Time: 8991500 ns  Iteration: 5  Instance: /tb/MyRiscv/u_regfile/MUXA
# ** Warning: NUMERIC_STD.TO_INTEGER: metavalue detected, returning 0
#    Time: 8991500 ns  Iteration: 5  Instance: /tb/MyRiscv/u_regfile/MUXB
# ** Warning: NUMERIC_STD.TO_INTEGER: metavalue detected, returning 0
#    Time: 8991520 ns  Iteration: 5  Instance: /tb/MyRiscv/u_regfile/MUXA
# ** Warning: NUMERIC_STD.TO_INTEGER: metavalue detected, returning 0
#    Time: 8991520 ns  Iteration: 5  Instance: /tb/MyRiscv/u_regfile/MUXB
# ** Warning: NUMERIC_STD.TO_INTEGER: metavalue detected, returning 0
#    Time: 9011960 ns  Iteration: 2  Instance: /tb/MyRiscv/u_regfile/MUXB
# ** Warning: NUMERIC_STD.TO_INTEGER: metavalue detected, returning 0
#    Time: 9011960 ns  Iteration: 2  Instance: /tb/MyRiscv/u_regfile/MUXA
# ** Warning: NUMERIC_STD.TO_INTEGER: metavalue detected, returning 0
#    Time: 9011960 ns  Iteration: 5  Instance: /tb/MyRiscv/u_regfile/MUXA
# ** Warning: NUMERIC_STD.TO_INTEGER: metavalue detected, returning 0
#    Time: 9011960 ns  Iteration: 5  Instance: /tb/MyRiscv/u_regfile/MUXB
# ** Warning: NUMERIC_STD.TO_INTEGER: metavalue detected, returning 0
#    Time: 9011980 ns  Iteration: 5  Instance: /tb/MyRiscv/u_regfile/MUXA
# ** Warning: NUMERIC_STD.TO_INTEGER: metavalue detected, returning 0
#    Time: 9011980 ns  Iteration: 5  Instance: /tb/MyRiscv/u_regfile/MUXB
# ** Warning: NUMERIC_STD.TO_INTEGER: metavalue detected, returning 0
#    Time: 9012 us  Iteration: 5  Instance: /tb/MyRiscv/u_regfile/MUXA
# ** Warning: NUMERIC_STD.TO_INTEGER: metavalue detected, returning 0
#    Time: 9012 us  Iteration: 5  Instance: /tb/MyRiscv/u_regfile/MUXB
# ** Warning: NUMERIC_STD.TO_INTEGER: metavalue detected, returning 0
#    Time: 9032440 ns  Iteration: 2  Instance: /tb/MyRiscv/u_regfile/MUXB
# ** Warning: NUMERIC_STD.TO_INTEGER: metavalue detected, returning 0
#    Time: 9032440 ns  Iteration: 2  Instance: /tb/MyRiscv/u_regfile/MUXA
# ** Warning: NUMERIC_STD.TO_INTEGER: metavalue detected, returning 0
#    Time: 9032440 ns  Iteration: 5  Instance: /tb/MyRiscv/u_regfile/MUXA
# ** Warning: NUMERIC_STD.TO_INTEGER: metavalue detected, returning 0
#    Time: 9032440 ns  Iteration: 5  Instance: /tb/MyRiscv/u_regfile/MUXB
# ** Warning: NUMERIC_STD.TO_INTEGER: metavalue detected, returning 0
#    Time: 9032460 ns  Iteration: 5  Instance: /tb/MyRiscv/u_regfile/MUXA
# ** Warning: NUMERIC_STD.TO_INTEGER: metavalue detected, returning 0
#    Time: 9032460 ns  Iteration: 5  Instance: /tb/MyRiscv/u_regfile/MUXB
# ** Warning: NUMERIC_STD.TO_INTEGER: metavalue detected, returning 0
#    Time: 9032480 ns  Iteration: 5  Instance: /tb/MyRiscv/u_regfile/MUXA
# ** Warning: NUMERIC_STD.TO_INTEGER: metavalue detected, returning 0
#    Time: 9032480 ns  Iteration: 5  Instance: /tb/MyRiscv/u_regfile/MUXB
# ** Warning: NUMERIC_STD.TO_INTEGER: metavalue detected, returning 0
#    Time: 9052920 ns  Iteration: 2  Instance: /tb/MyRiscv/u_regfile/MUXB
# ** Warning: NUMERIC_STD.TO_INTEGER: metavalue detected, returning 0
#    Time: 9052920 ns  Iteration: 2  Instance: /tb/MyRiscv/u_regfile/MUXA
# ** Warning: NUMERIC_STD.TO_INTEGER: metavalue detected, returning 0
#    Time: 9052920 ns  Iteration: 5  Instance: /tb/MyRiscv/u_regfile/MUXA
# ** Warning: NUMERIC_STD.TO_INTEGER: metavalue detected, returning 0
#    Time: 9052920 ns  Iteration: 5  Instance: /tb/MyRiscv/u_regfile/MUXB
# ** Warning: NUMERIC_STD.TO_INTEGER: metavalue detected, returning 0
#    Time: 9052940 ns  Iteration: 5  Instance: /tb/MyRiscv/u_regfile/MUXA
# ** Warning: NUMERIC_STD.TO_INTEGER: metavalue detected, returning 0
#    Time: 9052940 ns  Iteration: 5  Instance: /tb/MyRiscv/u_regfile/MUXB
# ** Warning: NUMERIC_STD.TO_INTEGER: metavalue detected, returning 0
#    Time: 9052960 ns  Iteration: 5  Instance: /tb/MyRiscv/u_regfile/MUXA
# ** Warning: NUMERIC_STD.TO_INTEGER: metavalue detected, returning 0
#    Time: 9052960 ns  Iteration: 5  Instance: /tb/MyRiscv/u_regfile/MUXB
# ** Warning: NUMERIC_STD.TO_INTEGER: metavalue detected, returning 0
#    Time: 9073400 ns  Iteration: 2  Instance: /tb/MyRiscv/u_regfile/MUXB
# ** Warning: NUMERIC_STD.TO_INTEGER: metavalue detected, returning 0
#    Time: 9073400 ns  Iteration: 2  Instance: /tb/MyRiscv/u_regfile/MUXA
# ** Warning: NUMERIC_STD.TO_INTEGER: metavalue detected, returning 0
#    Time: 9073400 ns  Iteration: 5  Instance: /tb/MyRiscv/u_regfile/MUXA
# ** Warning: NUMERIC_STD.TO_INTEGER: metavalue detected, returning 0
#    Time: 9073400 ns  Iteration: 5  Instance: /tb/MyRiscv/u_regfile/MUXB
# ** Warning: NUMERIC_STD.TO_INTEGER: metavalue detected, returning 0
#    Time: 9073420 ns  Iteration: 5  Instance: /tb/MyRiscv/u_regfile/MUXA
# ** Warning: NUMERIC_STD.TO_INTEGER: metavalue detected, returning 0
#    Time: 9073420 ns  Iteration: 5  Instance: /tb/MyRiscv/u_regfile/MUXB
# ** Warning: NUMERIC_STD.TO_INTEGER: metavalue detected, returning 0
#    Time: 9073440 ns  Iteration: 5  Instance: /tb/MyRiscv/u_regfile/MUXA
# ** Warning: NUMERIC_STD.TO_INTEGER: metavalue detected, returning 0
#    Time: 9073440 ns  Iteration: 5  Instance: /tb/MyRiscv/u_regfile/MUXB
# ** Warning: NUMERIC_STD.TO_INTEGER: metavalue detected, returning 0
#    Time: 9093880 ns  Iteration: 2  Instance: /tb/MyRiscv/u_regfile/MUXB
# ** Warning: NUMERIC_STD.TO_INTEGER: metavalue detected, returning 0
#    Time: 9093880 ns  Iteration: 2  Instance: /tb/MyRiscv/u_regfile/MUXA
# ** Warning: NUMERIC_STD.TO_INTEGER: metavalue detected, returning 0
#    Time: 9093880 ns  Iteration: 5  Instance: /tb/MyRiscv/u_regfile/MUXA
# ** Warning: NUMERIC_STD.TO_INTEGER: metavalue detected, returning 0
#    Time: 9093880 ns  Iteration: 5  Instance: /tb/MyRiscv/u_regfile/MUXB
# ** Warning: NUMERIC_STD.TO_INTEGER: metavalue detected, returning 0
#    Time: 9093900 ns  Iteration: 5  Instance: /tb/MyRiscv/u_regfile/MUXA
# ** Warning: NUMERIC_STD.TO_INTEGER: metavalue detected, returning 0
#    Time: 9093900 ns  Iteration: 5  Instance: /tb/MyRiscv/u_regfile/MUXB
# ** Warning: NUMERIC_STD.TO_INTEGER: metavalue detected, returning 0
#    Time: 9093920 ns  Iteration: 5  Instance: /tb/MyRiscv/u_regfile/MUXA
# ** Warning: NUMERIC_STD.TO_INTEGER: metavalue detected, returning 0
#    Time: 9093920 ns  Iteration: 5  Instance: /tb/MyRiscv/u_regfile/MUXB
# ** Warning: NUMERIC_STD.TO_INTEGER: metavalue detected, returning 0
#    Time: 9114360 ns  Iteration: 2  Instance: /tb/MyRiscv/u_regfile/MUXB
# ** Warning: NUMERIC_STD.TO_INTEGER: metavalue detected, returning 0
#    Time: 9114360 ns  Iteration: 2  Instance: /tb/MyRiscv/u_regfile/MUXA
# ** Warning: NUMERIC_STD.TO_INTEGER: metavalue detected, returning 0
#    Time: 9114360 ns  Iteration: 5  Instance: /tb/MyRiscv/u_regfile/MUXA
# ** Warning: NUMERIC_STD.TO_INTEGER: metavalue detected, returning 0
#    Time: 9114360 ns  Iteration: 5  Instance: /tb/MyRiscv/u_regfile/MUXB
# ** Warning: NUMERIC_STD.TO_INTEGER: metavalue detected, returning 0
#    Time: 9114380 ns  Iteration: 5  Instance: /tb/MyRiscv/u_regfile/MUXA
# ** Warning: NUMERIC_STD.TO_INTEGER: metavalue detected, returning 0
#    Time: 9114380 ns  Iteration: 5  Instance: /tb/MyRiscv/u_regfile/MUXB
# ** Warning: NUMERIC_STD.TO_INTEGER: metavalue detected, returning 0
#    Time: 9114400 ns  Iteration: 5  Instance: /tb/MyRiscv/u_regfile/MUXA
# ** Warning: NUMERIC_STD.TO_INTEGER: metavalue detected, returning 0
#    Time: 9114400 ns  Iteration: 5  Instance: /tb/MyRiscv/u_regfile/MUXB
# ** Warning: NUMERIC_STD.TO_INTEGER: metavalue detected, returning 0
#    Time: 9134840 ns  Iteration: 2  Instance: /tb/MyRiscv/u_regfile/MUXB
# ** Warning: NUMERIC_STD.TO_INTEGER: metavalue detected, returning 0
#    Time: 9134840 ns  Iteration: 2  Instance: /tb/MyRiscv/u_regfile/MUXA
# ** Warning: NUMERIC_STD.TO_INTEGER: metavalue detected, returning 0
#    Time: 9134840 ns  Iteration: 5  Instance: /tb/MyRiscv/u_regfile/MUXA
# ** Warning: NUMERIC_STD.TO_INTEGER: metavalue detected, returning 0
#    Time: 9134840 ns  Iteration: 5  Instance: /tb/MyRiscv/u_regfile/MUXB
# ** Warning: NUMERIC_STD.TO_INTEGER: metavalue detected, returning 0
#    Time: 9134860 ns  Iteration: 5  Instance: /tb/MyRiscv/u_regfile/MUXA
# ** Warning: NUMERIC_STD.TO_INTEGER: metavalue detected, returning 0
#    Time: 9134860 ns  Iteration: 5  Instance: /tb/MyRiscv/u_regfile/MUXB
# ** Warning: NUMERIC_STD.TO_INTEGER: metavalue detected, returning 0
#    Time: 9134880 ns  Iteration: 5  Instance: /tb/MyRiscv/u_regfile/MUXA
# ** Warning: NUMERIC_STD.TO_INTEGER: metavalue detected, returning 0
#    Time: 9134880 ns  Iteration: 5  Instance: /tb/MyRiscv/u_regfile/MUXB
# ** Warning: NUMERIC_STD.TO_INTEGER: metavalue detected, returning 0
#    Time: 9155320 ns  Iteration: 2  Instance: /tb/MyRiscv/u_regfile/MUXB
# ** Warning: NUMERIC_STD.TO_INTEGER: metavalue detected, returning 0
#    Time: 9155320 ns  Iteration: 2  Instance: /tb/MyRiscv/u_regfile/MUXA
# ** Warning: NUMERIC_STD.TO_INTEGER: metavalue detected, returning 0
#    Time: 9155320 ns  Iteration: 5  Instance: /tb/MyRiscv/u_regfile/MUXA
# ** Warning: NUMERIC_STD.TO_INTEGER: metavalue detected, returning 0
#    Time: 9155320 ns  Iteration: 5  Instance: /tb/MyRiscv/u_regfile/MUXB
# ** Warning: NUMERIC_STD.TO_INTEGER: metavalue detected, returning 0
#    Time: 9155340 ns  Iteration: 5  Instance: /tb/MyRiscv/u_regfile/MUXA
# ** Warning: NUMERIC_STD.TO_INTEGER: metavalue detected, returning 0
#    Time: 9155340 ns  Iteration: 5  Instance: /tb/MyRiscv/u_regfile/MUXB
# ** Warning: NUMERIC_STD.TO_INTEGER: metavalue detected, returning 0
#    Time: 9155360 ns  Iteration: 5  Instance: /tb/MyRiscv/u_regfile/MUXA
# ** Warning: NUMERIC_STD.TO_INTEGER: metavalue detected, returning 0
#    Time: 9155360 ns  Iteration: 5  Instance: /tb/MyRiscv/u_regfile/MUXB
# ** Warning: NUMERIC_STD.TO_INTEGER: metavalue detected, returning 0
#    Time: 9175800 ns  Iteration: 2  Instance: /tb/MyRiscv/u_regfile/MUXB
# ** Warning: NUMERIC_STD.TO_INTEGER: metavalue detected, returning 0
#    Time: 9175800 ns  Iteration: 2  Instance: /tb/MyRiscv/u_regfile/MUXA
# ** Warning: NUMERIC_STD.TO_INTEGER: metavalue detected, returning 0
#    Time: 9175800 ns  Iteration: 5  Instance: /tb/MyRiscv/u_regfile/MUXA
# ** Warning: NUMERIC_STD.TO_INTEGER: metavalue detected, returning 0
#    Time: 9175800 ns  Iteration: 5  Instance: /tb/MyRiscv/u_regfile/MUXB
# ** Warning: NUMERIC_STD.TO_INTEGER: metavalue detected, returning 0
#    Time: 9175820 ns  Iteration: 5  Instance: /tb/MyRiscv/u_regfile/MUXA
# ** Warning: NUMERIC_STD.TO_INTEGER: metavalue detected, returning 0
#    Time: 9175820 ns  Iteration: 5  Instance: /tb/MyRiscv/u_regfile/MUXB
# ** Warning: NUMERIC_STD.TO_INTEGER: metavalue detected, returning 0
#    Time: 9175840 ns  Iteration: 5  Instance: /tb/MyRiscv/u_regfile/MUXA
# ** Warning: NUMERIC_STD.TO_INTEGER: metavalue detected, returning 0
#    Time: 9175840 ns  Iteration: 5  Instance: /tb/MyRiscv/u_regfile/MUXB
# ** Warning: NUMERIC_STD.TO_INTEGER: metavalue detected, returning 0
#    Time: 9196280 ns  Iteration: 2  Instance: /tb/MyRiscv/u_regfile/MUXB
# ** Warning: NUMERIC_STD.TO_INTEGER: metavalue detected, returning 0
#    Time: 9196280 ns  Iteration: 2  Instance: /tb/MyRiscv/u_regfile/MUXA
# ** Warning: NUMERIC_STD.TO_INTEGER: metavalue detected, returning 0
#    Time: 9196280 ns  Iteration: 5  Instance: /tb/MyRiscv/u_regfile/MUXA
# ** Warning: NUMERIC_STD.TO_INTEGER: metavalue detected, returning 0
#    Time: 9196280 ns  Iteration: 5  Instance: /tb/MyRiscv/u_regfile/MUXB
# ** Warning: NUMERIC_STD.TO_INTEGER: metavalue detected, returning 0
#    Time: 9196300 ns  Iteration: 5  Instance: /tb/MyRiscv/u_regfile/MUXA
# ** Warning: NUMERIC_STD.TO_INTEGER: metavalue detected, returning 0
#    Time: 9196300 ns  Iteration: 5  Instance: /tb/MyRiscv/u_regfile/MUXB
# ** Warning: NUMERIC_STD.TO_INTEGER: metavalue detected, returning 0
#    Time: 9196320 ns  Iteration: 5  Instance: /tb/MyRiscv/u_regfile/MUXA
# ** Warning: NUMERIC_STD.TO_INTEGER: metavalue detected, returning 0
#    Time: 9196320 ns  Iteration: 5  Instance: /tb/MyRiscv/u_regfile/MUXB
# ** Warning: NUMERIC_STD.TO_INTEGER: metavalue detected, returning 0
#    Time: 9216760 ns  Iteration: 2  Instance: /tb/MyRiscv/u_regfile/MUXB
# ** Warning: NUMERIC_STD.TO_INTEGER: metavalue detected, returning 0
#    Time: 9216760 ns  Iteration: 2  Instance: /tb/MyRiscv/u_regfile/MUXA
# ** Warning: NUMERIC_STD.TO_INTEGER: metavalue detected, returning 0
#    Time: 9216760 ns  Iteration: 5  Instance: /tb/MyRiscv/u_regfile/MUXA
# ** Warning: NUMERIC_STD.TO_INTEGER: metavalue detected, returning 0
#    Time: 9216760 ns  Iteration: 5  Instance: /tb/MyRiscv/u_regfile/MUXB
# ** Warning: NUMERIC_STD.TO_INTEGER: metavalue detected, returning 0
#    Time: 9216780 ns  Iteration: 5  Instance: /tb/MyRiscv/u_regfile/MUXA
# ** Warning: NUMERIC_STD.TO_INTEGER: metavalue detected, returning 0
#    Time: 9216780 ns  Iteration: 5  Instance: /tb/MyRiscv/u_regfile/MUXB
# ** Warning: NUMERIC_STD.TO_INTEGER: metavalue detected, returning 0
#    Time: 9216800 ns  Iteration: 5  Instance: /tb/MyRiscv/u_regfile/MUXA
# ** Warning: NUMERIC_STD.TO_INTEGER: metavalue detected, returning 0
#    Time: 9216800 ns  Iteration: 5  Instance: /tb/MyRiscv/u_regfile/MUXB
# ** Warning: NUMERIC_STD.TO_INTEGER: metavalue detected, returning 0
#    Time: 9237240 ns  Iteration: 2  Instance: /tb/MyRiscv/u_regfile/MUXB
# ** Warning: NUMERIC_STD.TO_INTEGER: metavalue detected, returning 0
#    Time: 9237240 ns  Iteration: 2  Instance: /tb/MyRiscv/u_regfile/MUXA
# ** Warning: NUMERIC_STD.TO_INTEGER: metavalue detected, returning 0
#    Time: 9237240 ns  Iteration: 5  Instance: /tb/MyRiscv/u_regfile/MUXA
# ** Warning: NUMERIC_STD.TO_INTEGER: metavalue detected, returning 0
#    Time: 9237240 ns  Iteration: 5  Instance: /tb/MyRiscv/u_regfile/MUXB
# ** Warning: NUMERIC_STD.TO_INTEGER: metavalue detected, returning 0
#    Time: 9237260 ns  Iteration: 5  Instance: /tb/MyRiscv/u_regfile/MUXA
# ** Warning: NUMERIC_STD.TO_INTEGER: metavalue detected, returning 0
#    Time: 9237260 ns  Iteration: 5  Instance: /tb/MyRiscv/u_regfile/MUXB
# ** Warning: NUMERIC_STD.TO_INTEGER: metavalue detected, returning 0
#    Time: 9237280 ns  Iteration: 5  Instance: /tb/MyRiscv/u_regfile/MUXA
# ** Warning: NUMERIC_STD.TO_INTEGER: metavalue detected, returning 0
#    Time: 9237280 ns  Iteration: 5  Instance: /tb/MyRiscv/u_regfile/MUXB
# ** Warning: NUMERIC_STD.TO_INTEGER: metavalue detected, returning 0
#    Time: 9257720 ns  Iteration: 2  Instance: /tb/MyRiscv/u_regfile/MUXB
# ** Warning: NUMERIC_STD.TO_INTEGER: metavalue detected, returning 0
#    Time: 9257720 ns  Iteration: 2  Instance: /tb/MyRiscv/u_regfile/MUXA
# ** Warning: NUMERIC_STD.TO_INTEGER: metavalue detected, returning 0
#    Time: 9257720 ns  Iteration: 5  Instance: /tb/MyRiscv/u_regfile/MUXA
# ** Warning: NUMERIC_STD.TO_INTEGER: metavalue detected, returning 0
#    Time: 9257720 ns  Iteration: 5  Instance: /tb/MyRiscv/u_regfile/MUXB
# ** Warning: NUMERIC_STD.TO_INTEGER: metavalue detected, returning 0
#    Time: 9257740 ns  Iteration: 5  Instance: /tb/MyRiscv/u_regfile/MUXA
# ** Warning: NUMERIC_STD.TO_INTEGER: metavalue detected, returning 0
#    Time: 9257740 ns  Iteration: 5  Instance: /tb/MyRiscv/u_regfile/MUXB
# ** Warning: NUMERIC_STD.TO_INTEGER: metavalue detected, returning 0
#    Time: 9257760 ns  Iteration: 5  Instance: /tb/MyRiscv/u_regfile/MUXA
# ** Warning: NUMERIC_STD.TO_INTEGER: metavalue detected, returning 0
#    Time: 9257760 ns  Iteration: 5  Instance: /tb/MyRiscv/u_regfile/MUXB
# ** Warning: NUMERIC_STD.TO_INTEGER: metavalue detected, returning 0
#    Time: 9278200 ns  Iteration: 2  Instance: /tb/MyRiscv/u_regfile/MUXB
# ** Warning: NUMERIC_STD.TO_INTEGER: metavalue detected, returning 0
#    Time: 9278200 ns  Iteration: 2  Instance: /tb/MyRiscv/u_regfile/MUXA
# ** Warning: NUMERIC_STD.TO_INTEGER: metavalue detected, returning 0
#    Time: 9278200 ns  Iteration: 5  Instance: /tb/MyRiscv/u_regfile/MUXA
# ** Warning: NUMERIC_STD.TO_INTEGER: metavalue detected, returning 0
#    Time: 9278200 ns  Iteration: 5  Instance: /tb/MyRiscv/u_regfile/MUXB
# ** Warning: NUMERIC_STD.TO_INTEGER: metavalue detected, returning 0
#    Time: 9278220 ns  Iteration: 5  Instance: /tb/MyRiscv/u_regfile/MUXA
# ** Warning: NUMERIC_STD.TO_INTEGER: metavalue detected, returning 0
#    Time: 9278220 ns  Iteration: 5  Instance: /tb/MyRiscv/u_regfile/MUXB
# ** Warning: NUMERIC_STD.TO_INTEGER: metavalue detected, returning 0
#    Time: 9278240 ns  Iteration: 5  Instance: /tb/MyRiscv/u_regfile/MUXA
# ** Warning: NUMERIC_STD.TO_INTEGER: metavalue detected, returning 0
#    Time: 9278240 ns  Iteration: 5  Instance: /tb/MyRiscv/u_regfile/MUXB
# ** Warning: NUMERIC_STD.TO_INTEGER: metavalue detected, returning 0
#    Time: 9298680 ns  Iteration: 2  Instance: /tb/MyRiscv/u_regfile/MUXB
# ** Warning: NUMERIC_STD.TO_INTEGER: metavalue detected, returning 0
#    Time: 9298680 ns  Iteration: 2  Instance: /tb/MyRiscv/u_regfile/MUXA
# ** Warning: NUMERIC_STD.TO_INTEGER: metavalue detected, returning 0
#    Time: 9298680 ns  Iteration: 5  Instance: /tb/MyRiscv/u_regfile/MUXA
# ** Warning: NUMERIC_STD.TO_INTEGER: metavalue detected, returning 0
#    Time: 9298680 ns  Iteration: 5  Instance: /tb/MyRiscv/u_regfile/MUXB
# ** Warning: NUMERIC_STD.TO_INTEGER: metavalue detected, returning 0
#    Time: 9298700 ns  Iteration: 5  Instance: /tb/MyRiscv/u_regfile/MUXA
# ** Warning: NUMERIC_STD.TO_INTEGER: metavalue detected, returning 0
#    Time: 9298700 ns  Iteration: 5  Instance: /tb/MyRiscv/u_regfile/MUXB
# ** Warning: NUMERIC_STD.TO_INTEGER: metavalue detected, returning 0
#    Time: 9298720 ns  Iteration: 5  Instance: /tb/MyRiscv/u_regfile/MUXA
# ** Warning: NUMERIC_STD.TO_INTEGER: metavalue detected, returning 0
#    Time: 9298720 ns  Iteration: 5  Instance: /tb/MyRiscv/u_regfile/MUXB
# ** Warning: NUMERIC_STD.TO_INTEGER: metavalue detected, returning 0
#    Time: 9319160 ns  Iteration: 2  Instance: /tb/MyRiscv/u_regfile/MUXB
# ** Warning: NUMERIC_STD.TO_INTEGER: metavalue detected, returning 0
#    Time: 9319160 ns  Iteration: 2  Instance: /tb/MyRiscv/u_regfile/MUXA
# ** Warning: NUMERIC_STD.TO_INTEGER: metavalue detected, returning 0
#    Time: 9319160 ns  Iteration: 5  Instance: /tb/MyRiscv/u_regfile/MUXA
# ** Warning: NUMERIC_STD.TO_INTEGER: metavalue detected, returning 0
#    Time: 9319160 ns  Iteration: 5  Instance: /tb/MyRiscv/u_regfile/MUXB
# ** Warning: NUMERIC_STD.TO_INTEGER: metavalue detected, returning 0
#    Time: 9319180 ns  Iteration: 5  Instance: /tb/MyRiscv/u_regfile/MUXA
# ** Warning: NUMERIC_STD.TO_INTEGER: metavalue detected, returning 0
#    Time: 9319180 ns  Iteration: 5  Instance: /tb/MyRiscv/u_regfile/MUXB
# ** Warning: NUMERIC_STD.TO_INTEGER: metavalue detected, returning 0
#    Time: 9319200 ns  Iteration: 5  Instance: /tb/MyRiscv/u_regfile/MUXA
# ** Warning: NUMERIC_STD.TO_INTEGER: metavalue detected, returning 0
#    Time: 9319200 ns  Iteration: 5  Instance: /tb/MyRiscv/u_regfile/MUXB
# ** Warning: NUMERIC_STD.TO_INTEGER: metavalue detected, returning 0
#    Time: 9339640 ns  Iteration: 2  Instance: /tb/MyRiscv/u_regfile/MUXB
# ** Warning: NUMERIC_STD.TO_INTEGER: metavalue detected, returning 0
#    Time: 9339640 ns  Iteration: 2  Instance: /tb/MyRiscv/u_regfile/MUXA
# ** Warning: NUMERIC_STD.TO_INTEGER: metavalue detected, returning 0
#    Time: 9339640 ns  Iteration: 5  Instance: /tb/MyRiscv/u_regfile/MUXA
# ** Warning: NUMERIC_STD.TO_INTEGER: metavalue detected, returning 0
#    Time: 9339640 ns  Iteration: 5  Instance: /tb/MyRiscv/u_regfile/MUXB
# ** Warning: NUMERIC_STD.TO_INTEGER: metavalue detected, returning 0
#    Time: 9339660 ns  Iteration: 5  Instance: /tb/MyRiscv/u_regfile/MUXA
# ** Warning: NUMERIC_STD.TO_INTEGER: metavalue detected, returning 0
#    Time: 9339660 ns  Iteration: 5  Instance: /tb/MyRiscv/u_regfile/MUXB
# ** Warning: NUMERIC_STD.TO_INTEGER: metavalue detected, returning 0
#    Time: 9339680 ns  Iteration: 5  Instance: /tb/MyRiscv/u_regfile/MUXA
# ** Warning: NUMERIC_STD.TO_INTEGER: metavalue detected, returning 0
#    Time: 9339680 ns  Iteration: 5  Instance: /tb/MyRiscv/u_regfile/MUXB
# ** Warning: NUMERIC_STD.TO_INTEGER: metavalue detected, returning 0
#    Time: 9360120 ns  Iteration: 2  Instance: /tb/MyRiscv/u_regfile/MUXB
# ** Warning: NUMERIC_STD.TO_INTEGER: metavalue detected, returning 0
#    Time: 9360120 ns  Iteration: 2  Instance: /tb/MyRiscv/u_regfile/MUXA
# ** Warning: NUMERIC_STD.TO_INTEGER: metavalue detected, returning 0
#    Time: 9360120 ns  Iteration: 5  Instance: /tb/MyRiscv/u_regfile/MUXA
# ** Warning: NUMERIC_STD.TO_INTEGER: metavalue detected, returning 0
#    Time: 9360120 ns  Iteration: 5  Instance: /tb/MyRiscv/u_regfile/MUXB
# ** Warning: NUMERIC_STD.TO_INTEGER: metavalue detected, returning 0
#    Time: 9360140 ns  Iteration: 5  Instance: /tb/MyRiscv/u_regfile/MUXA
# ** Warning: NUMERIC_STD.TO_INTEGER: metavalue detected, returning 0
#    Time: 9360140 ns  Iteration: 5  Instance: /tb/MyRiscv/u_regfile/MUXB
# ** Warning: NUMERIC_STD.TO_INTEGER: metavalue detected, returning 0
#    Time: 9360160 ns  Iteration: 5  Instance: /tb/MyRiscv/u_regfile/MUXA
# ** Warning: NUMERIC_STD.TO_INTEGER: metavalue detected, returning 0
#    Time: 9360160 ns  Iteration: 5  Instance: /tb/MyRiscv/u_regfile/MUXB
# ** Warning: NUMERIC_STD.TO_INTEGER: metavalue detected, returning 0
#    Time: 9380600 ns  Iteration: 2  Instance: /tb/MyRiscv/u_regfile/MUXB
# ** Warning: NUMERIC_STD.TO_INTEGER: metavalue detected, returning 0
#    Time: 9380600 ns  Iteration: 2  Instance: /tb/MyRiscv/u_regfile/MUXA
# ** Warning: NUMERIC_STD.TO_INTEGER: metavalue detected, returning 0
#    Time: 9380600 ns  Iteration: 5  Instance: /tb/MyRiscv/u_regfile/MUXA
# ** Warning: NUMERIC_STD.TO_INTEGER: metavalue detected, returning 0
#    Time: 9380600 ns  Iteration: 5  Instance: /tb/MyRiscv/u_regfile/MUXB
# ** Warning: NUMERIC_STD.TO_INTEGER: metavalue detected, returning 0
#    Time: 9380620 ns  Iteration: 5  Instance: /tb/MyRiscv/u_regfile/MUXA
# ** Warning: NUMERIC_STD.TO_INTEGER: metavalue detected, returning 0
#    Time: 9380620 ns  Iteration: 5  Instance: /tb/MyRiscv/u_regfile/MUXB
# ** Warning: NUMERIC_STD.TO_INTEGER: metavalue detected, returning 0
#    Time: 9380640 ns  Iteration: 5  Instance: /tb/MyRiscv/u_regfile/MUXA
# ** Warning: NUMERIC_STD.TO_INTEGER: metavalue detected, returning 0
#    Time: 9380640 ns  Iteration: 5  Instance: /tb/MyRiscv/u_regfile/MUXB
# ** Warning: NUMERIC_STD.TO_INTEGER: metavalue detected, returning 0
#    Time: 9401080 ns  Iteration: 2  Instance: /tb/MyRiscv/u_regfile/MUXB
# ** Warning: NUMERIC_STD.TO_INTEGER: metavalue detected, returning 0
#    Time: 9401080 ns  Iteration: 2  Instance: /tb/MyRiscv/u_regfile/MUXA
# ** Warning: NUMERIC_STD.TO_INTEGER: metavalue detected, returning 0
#    Time: 9401080 ns  Iteration: 5  Instance: /tb/MyRiscv/u_regfile/MUXA
# ** Warning: NUMERIC_STD.TO_INTEGER: metavalue detected, returning 0
#    Time: 9401080 ns  Iteration: 5  Instance: /tb/MyRiscv/u_regfile/MUXB
# ** Warning: NUMERIC_STD.TO_INTEGER: metavalue detected, returning 0
#    Time: 9401100 ns  Iteration: 5  Instance: /tb/MyRiscv/u_regfile/MUXA
# ** Warning: NUMERIC_STD.TO_INTEGER: metavalue detected, returning 0
#    Time: 9401100 ns  Iteration: 5  Instance: /tb/MyRiscv/u_regfile/MUXB
# ** Warning: NUMERIC_STD.TO_INTEGER: metavalue detected, returning 0
#    Time: 9401120 ns  Iteration: 5  Instance: /tb/MyRiscv/u_regfile/MUXA
# ** Warning: NUMERIC_STD.TO_INTEGER: metavalue detected, returning 0
#    Time: 9401120 ns  Iteration: 5  Instance: /tb/MyRiscv/u_regfile/MUXB
# ** Warning: NUMERIC_STD.TO_INTEGER: metavalue detected, returning 0
#    Time: 9421560 ns  Iteration: 2  Instance: /tb/MyRiscv/u_regfile/MUXB
# ** Warning: NUMERIC_STD.TO_INTEGER: metavalue detected, returning 0
#    Time: 9421560 ns  Iteration: 2  Instance: /tb/MyRiscv/u_regfile/MUXA
# ** Warning: NUMERIC_STD.TO_INTEGER: metavalue detected, returning 0
#    Time: 9421560 ns  Iteration: 5  Instance: /tb/MyRiscv/u_regfile/MUXA
# ** Warning: NUMERIC_STD.TO_INTEGER: metavalue detected, returning 0
#    Time: 9421560 ns  Iteration: 5  Instance: /tb/MyRiscv/u_regfile/MUXB
# ** Warning: NUMERIC_STD.TO_INTEGER: metavalue detected, returning 0
#    Time: 9421580 ns  Iteration: 5  Instance: /tb/MyRiscv/u_regfile/MUXA
# ** Warning: NUMERIC_STD.TO_INTEGER: metavalue detected, returning 0
#    Time: 9421580 ns  Iteration: 5  Instance: /tb/MyRiscv/u_regfile/MUXB
# ** Warning: NUMERIC_STD.TO_INTEGER: metavalue detected, returning 0
#    Time: 9421600 ns  Iteration: 5  Instance: /tb/MyRiscv/u_regfile/MUXA
# ** Warning: NUMERIC_STD.TO_INTEGER: metavalue detected, returning 0
#    Time: 9421600 ns  Iteration: 5  Instance: /tb/MyRiscv/u_regfile/MUXB
# ** Warning: NUMERIC_STD.TO_INTEGER: metavalue detected, returning 0
#    Time: 9442040 ns  Iteration: 2  Instance: /tb/MyRiscv/u_regfile/MUXB
# ** Warning: NUMERIC_STD.TO_INTEGER: metavalue detected, returning 0
#    Time: 9442040 ns  Iteration: 2  Instance: /tb/MyRiscv/u_regfile/MUXA
# ** Warning: NUMERIC_STD.TO_INTEGER: metavalue detected, returning 0
#    Time: 9442040 ns  Iteration: 5  Instance: /tb/MyRiscv/u_regfile/MUXA
# ** Warning: NUMERIC_STD.TO_INTEGER: metavalue detected, returning 0
#    Time: 9442040 ns  Iteration: 5  Instance: /tb/MyRiscv/u_regfile/MUXB
# ** Warning: NUMERIC_STD.TO_INTEGER: metavalue detected, returning 0
#    Time: 9442060 ns  Iteration: 5  Instance: /tb/MyRiscv/u_regfile/MUXA
# ** Warning: NUMERIC_STD.TO_INTEGER: metavalue detected, returning 0
#    Time: 9442060 ns  Iteration: 5  Instance: /tb/MyRiscv/u_regfile/MUXB
# ** Warning: NUMERIC_STD.TO_INTEGER: metavalue detected, returning 0
#    Time: 9442080 ns  Iteration: 5  Instance: /tb/MyRiscv/u_regfile/MUXA
# ** Warning: NUMERIC_STD.TO_INTEGER: metavalue detected, returning 0
#    Time: 9442080 ns  Iteration: 5  Instance: /tb/MyRiscv/u_regfile/MUXB
# ** Warning: NUMERIC_STD.TO_INTEGER: metavalue detected, returning 0
#    Time: 9462520 ns  Iteration: 2  Instance: /tb/MyRiscv/u_regfile/MUXB
# ** Warning: NUMERIC_STD.TO_INTEGER: metavalue detected, returning 0
#    Time: 9462520 ns  Iteration: 2  Instance: /tb/MyRiscv/u_regfile/MUXA
# ** Warning: NUMERIC_STD.TO_INTEGER: metavalue detected, returning 0
#    Time: 9462520 ns  Iteration: 5  Instance: /tb/MyRiscv/u_regfile/MUXA
# ** Warning: NUMERIC_STD.TO_INTEGER: metavalue detected, returning 0
#    Time: 9462520 ns  Iteration: 5  Instance: /tb/MyRiscv/u_regfile/MUXB
# ** Warning: NUMERIC_STD.TO_INTEGER: metavalue detected, returning 0
#    Time: 9462540 ns  Iteration: 5  Instance: /tb/MyRiscv/u_regfile/MUXA
# ** Warning: NUMERIC_STD.TO_INTEGER: metavalue detected, returning 0
#    Time: 9462540 ns  Iteration: 5  Instance: /tb/MyRiscv/u_regfile/MUXB
# ** Warning: NUMERIC_STD.TO_INTEGER: metavalue detected, returning 0
#    Time: 9462560 ns  Iteration: 5  Instance: /tb/MyRiscv/u_regfile/MUXA
# ** Warning: NUMERIC_STD.TO_INTEGER: metavalue detected, returning 0
#    Time: 9462560 ns  Iteration: 5  Instance: /tb/MyRiscv/u_regfile/MUXB
# ** Warning: NUMERIC_STD.TO_INTEGER: metavalue detected, returning 0
#    Time: 9483 us  Iteration: 2  Instance: /tb/MyRiscv/u_regfile/MUXB
# ** Warning: NUMERIC_STD.TO_INTEGER: metavalue detected, returning 0
#    Time: 9483 us  Iteration: 2  Instance: /tb/MyRiscv/u_regfile/MUXA
# ** Warning: NUMERIC_STD.TO_INTEGER: metavalue detected, returning 0
#    Time: 9483 us  Iteration: 5  Instance: /tb/MyRiscv/u_regfile/MUXA
# ** Warning: NUMERIC_STD.TO_INTEGER: metavalue detected, returning 0
#    Time: 9483 us  Iteration: 5  Instance: /tb/MyRiscv/u_regfile/MUXB
# ** Warning: NUMERIC_STD.TO_INTEGER: metavalue detected, returning 0
#    Time: 9483020 ns  Iteration: 5  Instance: /tb/MyRiscv/u_regfile/MUXA
# ** Warning: NUMERIC_STD.TO_INTEGER: metavalue detected, returning 0
#    Time: 9483020 ns  Iteration: 5  Instance: /tb/MyRiscv/u_regfile/MUXB
# ** Warning: NUMERIC_STD.TO_INTEGER: metavalue detected, returning 0
#    Time: 9483040 ns  Iteration: 5  Instance: /tb/MyRiscv/u_regfile/MUXA
# ** Warning: NUMERIC_STD.TO_INTEGER: metavalue detected, returning 0
#    Time: 9483040 ns  Iteration: 5  Instance: /tb/MyRiscv/u_regfile/MUXB
# ** Warning: NUMERIC_STD.TO_INTEGER: metavalue detected, returning 0
#    Time: 9503480 ns  Iteration: 2  Instance: /tb/MyRiscv/u_regfile/MUXB
# ** Warning: NUMERIC_STD.TO_INTEGER: metavalue detected, returning 0
#    Time: 9503480 ns  Iteration: 2  Instance: /tb/MyRiscv/u_regfile/MUXA
# ** Warning: NUMERIC_STD.TO_INTEGER: metavalue detected, returning 0
#    Time: 9503480 ns  Iteration: 5  Instance: /tb/MyRiscv/u_regfile/MUXA
# ** Warning: NUMERIC_STD.TO_INTEGER: metavalue detected, returning 0
#    Time: 9503480 ns  Iteration: 5  Instance: /tb/MyRiscv/u_regfile/MUXB
# ** Warning: NUMERIC_STD.TO_INTEGER: metavalue detected, returning 0
#    Time: 9503500 ns  Iteration: 5  Instance: /tb/MyRiscv/u_regfile/MUXA
# ** Warning: NUMERIC_STD.TO_INTEGER: metavalue detected, returning 0
#    Time: 9503500 ns  Iteration: 5  Instance: /tb/MyRiscv/u_regfile/MUXB
# ** Warning: NUMERIC_STD.TO_INTEGER: metavalue detected, returning 0
#    Time: 9503520 ns  Iteration: 5  Instance: /tb/MyRiscv/u_regfile/MUXA
# ** Warning: NUMERIC_STD.TO_INTEGER: metavalue detected, returning 0
#    Time: 9503520 ns  Iteration: 5  Instance: /tb/MyRiscv/u_regfile/MUXB
# ** Warning: NUMERIC_STD.TO_INTEGER: metavalue detected, returning 0
#    Time: 9523960 ns  Iteration: 2  Instance: /tb/MyRiscv/u_regfile/MUXB
# ** Warning: NUMERIC_STD.TO_INTEGER: metavalue detected, returning 0
#    Time: 9523960 ns  Iteration: 2  Instance: /tb/MyRiscv/u_regfile/MUXA
# ** Warning: NUMERIC_STD.TO_INTEGER: metavalue detected, returning 0
#    Time: 9523960 ns  Iteration: 5  Instance: /tb/MyRiscv/u_regfile/MUXA
# ** Warning: NUMERIC_STD.TO_INTEGER: metavalue detected, returning 0
#    Time: 9523960 ns  Iteration: 5  Instance: /tb/MyRiscv/u_regfile/MUXB
# ** Warning: NUMERIC_STD.TO_INTEGER: metavalue detected, returning 0
#    Time: 9523980 ns  Iteration: 5  Instance: /tb/MyRiscv/u_regfile/MUXA
# ** Warning: NUMERIC_STD.TO_INTEGER: metavalue detected, returning 0
#    Time: 9523980 ns  Iteration: 5  Instance: /tb/MyRiscv/u_regfile/MUXB
# ** Warning: NUMERIC_STD.TO_INTEGER: metavalue detected, returning 0
#    Time: 9524 us  Iteration: 5  Instance: /tb/MyRiscv/u_regfile/MUXA
# ** Warning: NUMERIC_STD.TO_INTEGER: metavalue detected, returning 0
#    Time: 9524 us  Iteration: 5  Instance: /tb/MyRiscv/u_regfile/MUXB
# ** Warning: NUMERIC_STD.TO_INTEGER: metavalue detected, returning 0
#    Time: 9544440 ns  Iteration: 2  Instance: /tb/MyRiscv/u_regfile/MUXB
# ** Warning: NUMERIC_STD.TO_INTEGER: metavalue detected, returning 0
#    Time: 9544440 ns  Iteration: 2  Instance: /tb/MyRiscv/u_regfile/MUXA
# ** Warning: NUMERIC_STD.TO_INTEGER: metavalue detected, returning 0
#    Time: 9544440 ns  Iteration: 5  Instance: /tb/MyRiscv/u_regfile/MUXA
# ** Warning: NUMERIC_STD.TO_INTEGER: metavalue detected, returning 0
#    Time: 9544440 ns  Iteration: 5  Instance: /tb/MyRiscv/u_regfile/MUXB
# ** Warning: NUMERIC_STD.TO_INTEGER: metavalue detected, returning 0
#    Time: 9544460 ns  Iteration: 5  Instance: /tb/MyRiscv/u_regfile/MUXA
# ** Warning: NUMERIC_STD.TO_INTEGER: metavalue detected, returning 0
#    Time: 9544460 ns  Iteration: 5  Instance: /tb/MyRiscv/u_regfile/MUXB
# ** Warning: NUMERIC_STD.TO_INTEGER: metavalue detected, returning 0
#    Time: 9544480 ns  Iteration: 5  Instance: /tb/MyRiscv/u_regfile/MUXA
# ** Warning: NUMERIC_STD.TO_INTEGER: metavalue detected, returning 0
#    Time: 9544480 ns  Iteration: 5  Instance: /tb/MyRiscv/u_regfile/MUXB
# ** Warning: NUMERIC_STD.TO_INTEGER: metavalue detected, returning 0
#    Time: 9564920 ns  Iteration: 2  Instance: /tb/MyRiscv/u_regfile/MUXB
# ** Warning: NUMERIC_STD.TO_INTEGER: metavalue detected, returning 0
#    Time: 9564920 ns  Iteration: 2  Instance: /tb/MyRiscv/u_regfile/MUXA
# ** Warning: NUMERIC_STD.TO_INTEGER: metavalue detected, returning 0
#    Time: 9564920 ns  Iteration: 5  Instance: /tb/MyRiscv/u_regfile/MUXA
# ** Warning: NUMERIC_STD.TO_INTEGER: metavalue detected, returning 0
#    Time: 9564920 ns  Iteration: 5  Instance: /tb/MyRiscv/u_regfile/MUXB
# ** Warning: NUMERIC_STD.TO_INTEGER: metavalue detected, returning 0
#    Time: 9564940 ns  Iteration: 5  Instance: /tb/MyRiscv/u_regfile/MUXA
# ** Warning: NUMERIC_STD.TO_INTEGER: metavalue detected, returning 0
#    Time: 9564940 ns  Iteration: 5  Instance: /tb/MyRiscv/u_regfile/MUXB
# ** Warning: NUMERIC_STD.TO_INTEGER: metavalue detected, returning 0
#    Time: 9564960 ns  Iteration: 5  Instance: /tb/MyRiscv/u_regfile/MUXA
# ** Warning: NUMERIC_STD.TO_INTEGER: metavalue detected, returning 0
#    Time: 9564960 ns  Iteration: 5  Instance: /tb/MyRiscv/u_regfile/MUXB
# ** Warning: NUMERIC_STD.TO_INTEGER: metavalue detected, returning 0
#    Time: 9585400 ns  Iteration: 2  Instance: /tb/MyRiscv/u_regfile/MUXB
# ** Warning: NUMERIC_STD.TO_INTEGER: metavalue detected, returning 0
#    Time: 9585400 ns  Iteration: 2  Instance: /tb/MyRiscv/u_regfile/MUXA
# ** Warning: NUMERIC_STD.TO_INTEGER: metavalue detected, returning 0
#    Time: 9585400 ns  Iteration: 5  Instance: /tb/MyRiscv/u_regfile/MUXA
# ** Warning: NUMERIC_STD.TO_INTEGER: metavalue detected, returning 0
#    Time: 9585400 ns  Iteration: 5  Instance: /tb/MyRiscv/u_regfile/MUXB
# ** Warning: NUMERIC_STD.TO_INTEGER: metavalue detected, returning 0
#    Time: 9585420 ns  Iteration: 5  Instance: /tb/MyRiscv/u_regfile/MUXA
# ** Warning: NUMERIC_STD.TO_INTEGER: metavalue detected, returning 0
#    Time: 9585420 ns  Iteration: 5  Instance: /tb/MyRiscv/u_regfile/MUXB
# ** Warning: NUMERIC_STD.TO_INTEGER: metavalue detected, returning 0
#    Time: 9585440 ns  Iteration: 5  Instance: /tb/MyRiscv/u_regfile/MUXA
# ** Warning: NUMERIC_STD.TO_INTEGER: metavalue detected, returning 0
#    Time: 9585440 ns  Iteration: 5  Instance: /tb/MyRiscv/u_regfile/MUXB
# ** Warning: NUMERIC_STD.TO_INTEGER: metavalue detected, returning 0
#    Time: 9605880 ns  Iteration: 2  Instance: /tb/MyRiscv/u_regfile/MUXB
# ** Warning: NUMERIC_STD.TO_INTEGER: metavalue detected, returning 0
#    Time: 9605880 ns  Iteration: 2  Instance: /tb/MyRiscv/u_regfile/MUXA
# ** Warning: NUMERIC_STD.TO_INTEGER: metavalue detected, returning 0
#    Time: 9605880 ns  Iteration: 5  Instance: /tb/MyRiscv/u_regfile/MUXA
# ** Warning: NUMERIC_STD.TO_INTEGER: metavalue detected, returning 0
#    Time: 9605880 ns  Iteration: 5  Instance: /tb/MyRiscv/u_regfile/MUXB
# ** Warning: NUMERIC_STD.TO_INTEGER: metavalue detected, returning 0
#    Time: 9605900 ns  Iteration: 5  Instance: /tb/MyRiscv/u_regfile/MUXA
# ** Warning: NUMERIC_STD.TO_INTEGER: metavalue detected, returning 0
#    Time: 9605900 ns  Iteration: 5  Instance: /tb/MyRiscv/u_regfile/MUXB
# ** Warning: NUMERIC_STD.TO_INTEGER: metavalue detected, returning 0
#    Time: 9605920 ns  Iteration: 5  Instance: /tb/MyRiscv/u_regfile/MUXA
# ** Warning: NUMERIC_STD.TO_INTEGER: metavalue detected, returning 0
#    Time: 9605920 ns  Iteration: 5  Instance: /tb/MyRiscv/u_regfile/MUXB
# ** Warning: NUMERIC_STD.TO_INTEGER: metavalue detected, returning 0
#    Time: 9626360 ns  Iteration: 2  Instance: /tb/MyRiscv/u_regfile/MUXB
# ** Warning: NUMERIC_STD.TO_INTEGER: metavalue detected, returning 0
#    Time: 9626360 ns  Iteration: 2  Instance: /tb/MyRiscv/u_regfile/MUXA
# ** Warning: NUMERIC_STD.TO_INTEGER: metavalue detected, returning 0
#    Time: 9626360 ns  Iteration: 5  Instance: /tb/MyRiscv/u_regfile/MUXA
# ** Warning: NUMERIC_STD.TO_INTEGER: metavalue detected, returning 0
#    Time: 9626360 ns  Iteration: 5  Instance: /tb/MyRiscv/u_regfile/MUXB
# ** Warning: NUMERIC_STD.TO_INTEGER: metavalue detected, returning 0
#    Time: 9626380 ns  Iteration: 5  Instance: /tb/MyRiscv/u_regfile/MUXA
# ** Warning: NUMERIC_STD.TO_INTEGER: metavalue detected, returning 0
#    Time: 9626380 ns  Iteration: 5  Instance: /tb/MyRiscv/u_regfile/MUXB
# ** Warning: NUMERIC_STD.TO_INTEGER: metavalue detected, returning 0
#    Time: 9626400 ns  Iteration: 5  Instance: /tb/MyRiscv/u_regfile/MUXA
# ** Warning: NUMERIC_STD.TO_INTEGER: metavalue detected, returning 0
#    Time: 9626400 ns  Iteration: 5  Instance: /tb/MyRiscv/u_regfile/MUXB
# ** Warning: NUMERIC_STD.TO_INTEGER: metavalue detected, returning 0
#    Time: 9646840 ns  Iteration: 2  Instance: /tb/MyRiscv/u_regfile/MUXB
# ** Warning: NUMERIC_STD.TO_INTEGER: metavalue detected, returning 0
#    Time: 9646840 ns  Iteration: 2  Instance: /tb/MyRiscv/u_regfile/MUXA
# ** Warning: NUMERIC_STD.TO_INTEGER: metavalue detected, returning 0
#    Time: 9646840 ns  Iteration: 5  Instance: /tb/MyRiscv/u_regfile/MUXA
# ** Warning: NUMERIC_STD.TO_INTEGER: metavalue detected, returning 0
#    Time: 9646840 ns  Iteration: 5  Instance: /tb/MyRiscv/u_regfile/MUXB
# ** Warning: NUMERIC_STD.TO_INTEGER: metavalue detected, returning 0
#    Time: 9646860 ns  Iteration: 5  Instance: /tb/MyRiscv/u_regfile/MUXA
# ** Warning: NUMERIC_STD.TO_INTEGER: metavalue detected, returning 0
#    Time: 9646860 ns  Iteration: 5  Instance: /tb/MyRiscv/u_regfile/MUXB
# ** Warning: NUMERIC_STD.TO_INTEGER: metavalue detected, returning 0
#    Time: 9646880 ns  Iteration: 5  Instance: /tb/MyRiscv/u_regfile/MUXA
# ** Warning: NUMERIC_STD.TO_INTEGER: metavalue detected, returning 0
#    Time: 9646880 ns  Iteration: 5  Instance: /tb/MyRiscv/u_regfile/MUXB
# ** Warning: NUMERIC_STD.TO_INTEGER: metavalue detected, returning 0
#    Time: 9667320 ns  Iteration: 2  Instance: /tb/MyRiscv/u_regfile/MUXB
# ** Warning: NUMERIC_STD.TO_INTEGER: metavalue detected, returning 0
#    Time: 9667320 ns  Iteration: 2  Instance: /tb/MyRiscv/u_regfile/MUXA
# ** Warning: NUMERIC_STD.TO_INTEGER: metavalue detected, returning 0
#    Time: 9667320 ns  Iteration: 5  Instance: /tb/MyRiscv/u_regfile/MUXA
# ** Warning: NUMERIC_STD.TO_INTEGER: metavalue detected, returning 0
#    Time: 9667320 ns  Iteration: 5  Instance: /tb/MyRiscv/u_regfile/MUXB
# ** Warning: NUMERIC_STD.TO_INTEGER: metavalue detected, returning 0
#    Time: 9667340 ns  Iteration: 5  Instance: /tb/MyRiscv/u_regfile/MUXA
# ** Warning: NUMERIC_STD.TO_INTEGER: metavalue detected, returning 0
#    Time: 9667340 ns  Iteration: 5  Instance: /tb/MyRiscv/u_regfile/MUXB
# ** Warning: NUMERIC_STD.TO_INTEGER: metavalue detected, returning 0
#    Time: 9667360 ns  Iteration: 5  Instance: /tb/MyRiscv/u_regfile/MUXA
# ** Warning: NUMERIC_STD.TO_INTEGER: metavalue detected, returning 0
#    Time: 9667360 ns  Iteration: 5  Instance: /tb/MyRiscv/u_regfile/MUXB
# ** Warning: NUMERIC_STD.TO_INTEGER: metavalue detected, returning 0
#    Time: 9687800 ns  Iteration: 2  Instance: /tb/MyRiscv/u_regfile/MUXB
# ** Warning: NUMERIC_STD.TO_INTEGER: metavalue detected, returning 0
#    Time: 9687800 ns  Iteration: 2  Instance: /tb/MyRiscv/u_regfile/MUXA
# ** Warning: NUMERIC_STD.TO_INTEGER: metavalue detected, returning 0
#    Time: 9687800 ns  Iteration: 5  Instance: /tb/MyRiscv/u_regfile/MUXA
# ** Warning: NUMERIC_STD.TO_INTEGER: metavalue detected, returning 0
#    Time: 9687800 ns  Iteration: 5  Instance: /tb/MyRiscv/u_regfile/MUXB
# ** Warning: NUMERIC_STD.TO_INTEGER: metavalue detected, returning 0
#    Time: 9687820 ns  Iteration: 5  Instance: /tb/MyRiscv/u_regfile/MUXA
# ** Warning: NUMERIC_STD.TO_INTEGER: metavalue detected, returning 0
#    Time: 9687820 ns  Iteration: 5  Instance: /tb/MyRiscv/u_regfile/MUXB
# ** Warning: NUMERIC_STD.TO_INTEGER: metavalue detected, returning 0
#    Time: 9687840 ns  Iteration: 5  Instance: /tb/MyRiscv/u_regfile/MUXA
# ** Warning: NUMERIC_STD.TO_INTEGER: metavalue detected, returning 0
#    Time: 9687840 ns  Iteration: 5  Instance: /tb/MyRiscv/u_regfile/MUXB
# ** Warning: NUMERIC_STD.TO_INTEGER: metavalue detected, returning 0
#    Time: 9708280 ns  Iteration: 2  Instance: /tb/MyRiscv/u_regfile/MUXB
# ** Warning: NUMERIC_STD.TO_INTEGER: metavalue detected, returning 0
#    Time: 9708280 ns  Iteration: 2  Instance: /tb/MyRiscv/u_regfile/MUXA
# ** Warning: NUMERIC_STD.TO_INTEGER: metavalue detected, returning 0
#    Time: 9708280 ns  Iteration: 5  Instance: /tb/MyRiscv/u_regfile/MUXA
# ** Warning: NUMERIC_STD.TO_INTEGER: metavalue detected, returning 0
#    Time: 9708280 ns  Iteration: 5  Instance: /tb/MyRiscv/u_regfile/MUXB
# ** Warning: NUMERIC_STD.TO_INTEGER: metavalue detected, returning 0
#    Time: 9708300 ns  Iteration: 5  Instance: /tb/MyRiscv/u_regfile/MUXA
# ** Warning: NUMERIC_STD.TO_INTEGER: metavalue detected, returning 0
#    Time: 9708300 ns  Iteration: 5  Instance: /tb/MyRiscv/u_regfile/MUXB
# ** Warning: NUMERIC_STD.TO_INTEGER: metavalue detected, returning 0
#    Time: 9708320 ns  Iteration: 5  Instance: /tb/MyRiscv/u_regfile/MUXA
# ** Warning: NUMERIC_STD.TO_INTEGER: metavalue detected, returning 0
#    Time: 9708320 ns  Iteration: 5  Instance: /tb/MyRiscv/u_regfile/MUXB
# ** Warning: NUMERIC_STD.TO_INTEGER: metavalue detected, returning 0
#    Time: 9728760 ns  Iteration: 2  Instance: /tb/MyRiscv/u_regfile/MUXB
# ** Warning: NUMERIC_STD.TO_INTEGER: metavalue detected, returning 0
#    Time: 9728760 ns  Iteration: 2  Instance: /tb/MyRiscv/u_regfile/MUXA
# ** Warning: NUMERIC_STD.TO_INTEGER: metavalue detected, returning 0
#    Time: 9728760 ns  Iteration: 5  Instance: /tb/MyRiscv/u_regfile/MUXA
# ** Warning: NUMERIC_STD.TO_INTEGER: metavalue detected, returning 0
#    Time: 9728760 ns  Iteration: 5  Instance: /tb/MyRiscv/u_regfile/MUXB
# ** Warning: NUMERIC_STD.TO_INTEGER: metavalue detected, returning 0
#    Time: 9728780 ns  Iteration: 5  Instance: /tb/MyRiscv/u_regfile/MUXA
# ** Warning: NUMERIC_STD.TO_INTEGER: metavalue detected, returning 0
#    Time: 9728780 ns  Iteration: 5  Instance: /tb/MyRiscv/u_regfile/MUXB
# ** Warning: NUMERIC_STD.TO_INTEGER: metavalue detected, returning 0
#    Time: 9728800 ns  Iteration: 5  Instance: /tb/MyRiscv/u_regfile/MUXA
# ** Warning: NUMERIC_STD.TO_INTEGER: metavalue detected, returning 0
#    Time: 9728800 ns  Iteration: 5  Instance: /tb/MyRiscv/u_regfile/MUXB
# ** Warning: NUMERIC_STD.TO_INTEGER: metavalue detected, returning 0
#    Time: 9749240 ns  Iteration: 2  Instance: /tb/MyRiscv/u_regfile/MUXB
# ** Warning: NUMERIC_STD.TO_INTEGER: metavalue detected, returning 0
#    Time: 9749240 ns  Iteration: 2  Instance: /tb/MyRiscv/u_regfile/MUXA
# ** Warning: NUMERIC_STD.TO_INTEGER: metavalue detected, returning 0
#    Time: 9749240 ns  Iteration: 5  Instance: /tb/MyRiscv/u_regfile/MUXA
# ** Warning: NUMERIC_STD.TO_INTEGER: metavalue detected, returning 0
#    Time: 9749240 ns  Iteration: 5  Instance: /tb/MyRiscv/u_regfile/MUXB
# ** Warning: NUMERIC_STD.TO_INTEGER: metavalue detected, returning 0
#    Time: 9749260 ns  Iteration: 5  Instance: /tb/MyRiscv/u_regfile/MUXA
# ** Warning: NUMERIC_STD.TO_INTEGER: metavalue detected, returning 0
#    Time: 9749260 ns  Iteration: 5  Instance: /tb/MyRiscv/u_regfile/MUXB
# ** Warning: NUMERIC_STD.TO_INTEGER: metavalue detected, returning 0
#    Time: 9749280 ns  Iteration: 5  Instance: /tb/MyRiscv/u_regfile/MUXA
# ** Warning: NUMERIC_STD.TO_INTEGER: metavalue detected, returning 0
#    Time: 9749280 ns  Iteration: 5  Instance: /tb/MyRiscv/u_regfile/MUXB
# ** Warning: NUMERIC_STD.TO_INTEGER: metavalue detected, returning 0
#    Time: 9769720 ns  Iteration: 2  Instance: /tb/MyRiscv/u_regfile/MUXB
# ** Warning: NUMERIC_STD.TO_INTEGER: metavalue detected, returning 0
#    Time: 9769720 ns  Iteration: 2  Instance: /tb/MyRiscv/u_regfile/MUXA
# ** Warning: NUMERIC_STD.TO_INTEGER: metavalue detected, returning 0
#    Time: 9769720 ns  Iteration: 5  Instance: /tb/MyRiscv/u_regfile/MUXA
# ** Warning: NUMERIC_STD.TO_INTEGER: metavalue detected, returning 0
#    Time: 9769720 ns  Iteration: 5  Instance: /tb/MyRiscv/u_regfile/MUXB
# ** Warning: NUMERIC_STD.TO_INTEGER: metavalue detected, returning 0
#    Time: 9769740 ns  Iteration: 5  Instance: /tb/MyRiscv/u_regfile/MUXA
# ** Warning: NUMERIC_STD.TO_INTEGER: metavalue detected, returning 0
#    Time: 9769740 ns  Iteration: 5  Instance: /tb/MyRiscv/u_regfile/MUXB
# ** Warning: NUMERIC_STD.TO_INTEGER: metavalue detected, returning 0
#    Time: 9769760 ns  Iteration: 5  Instance: /tb/MyRiscv/u_regfile/MUXA
# ** Warning: NUMERIC_STD.TO_INTEGER: metavalue detected, returning 0
#    Time: 9769760 ns  Iteration: 5  Instance: /tb/MyRiscv/u_regfile/MUXB
# ** Warning: NUMERIC_STD.TO_INTEGER: metavalue detected, returning 0
#    Time: 9790200 ns  Iteration: 2  Instance: /tb/MyRiscv/u_regfile/MUXB
# ** Warning: NUMERIC_STD.TO_INTEGER: metavalue detected, returning 0
#    Time: 9790200 ns  Iteration: 2  Instance: /tb/MyRiscv/u_regfile/MUXA
# ** Warning: NUMERIC_STD.TO_INTEGER: metavalue detected, returning 0
#    Time: 9790200 ns  Iteration: 5  Instance: /tb/MyRiscv/u_regfile/MUXA
# ** Warning: NUMERIC_STD.TO_INTEGER: metavalue detected, returning 0
#    Time: 9790200 ns  Iteration: 5  Instance: /tb/MyRiscv/u_regfile/MUXB
# ** Warning: NUMERIC_STD.TO_INTEGER: metavalue detected, returning 0
#    Time: 9790220 ns  Iteration: 5  Instance: /tb/MyRiscv/u_regfile/MUXA
# ** Warning: NUMERIC_STD.TO_INTEGER: metavalue detected, returning 0
#    Time: 9790220 ns  Iteration: 5  Instance: /tb/MyRiscv/u_regfile/MUXB
# ** Warning: NUMERIC_STD.TO_INTEGER: metavalue detected, returning 0
#    Time: 9790240 ns  Iteration: 5  Instance: /tb/MyRiscv/u_regfile/MUXA
# ** Warning: NUMERIC_STD.TO_INTEGER: metavalue detected, returning 0
#    Time: 9790240 ns  Iteration: 5  Instance: /tb/MyRiscv/u_regfile/MUXB
# ** Warning: NUMERIC_STD.TO_INTEGER: metavalue detected, returning 0
#    Time: 9810680 ns  Iteration: 2  Instance: /tb/MyRiscv/u_regfile/MUXB
# ** Warning: NUMERIC_STD.TO_INTEGER: metavalue detected, returning 0
#    Time: 9810680 ns  Iteration: 2  Instance: /tb/MyRiscv/u_regfile/MUXA
# ** Warning: NUMERIC_STD.TO_INTEGER: metavalue detected, returning 0
#    Time: 9810680 ns  Iteration: 5  Instance: /tb/MyRiscv/u_regfile/MUXA
# ** Warning: NUMERIC_STD.TO_INTEGER: metavalue detected, returning 0
#    Time: 9810680 ns  Iteration: 5  Instance: /tb/MyRiscv/u_regfile/MUXB
# ** Warning: NUMERIC_STD.TO_INTEGER: metavalue detected, returning 0
#    Time: 9810700 ns  Iteration: 5  Instance: /tb/MyRiscv/u_regfile/MUXA
# ** Warning: NUMERIC_STD.TO_INTEGER: metavalue detected, returning 0
#    Time: 9810700 ns  Iteration: 5  Instance: /tb/MyRiscv/u_regfile/MUXB
# ** Warning: NUMERIC_STD.TO_INTEGER: metavalue detected, returning 0
#    Time: 9810720 ns  Iteration: 5  Instance: /tb/MyRiscv/u_regfile/MUXA
# ** Warning: NUMERIC_STD.TO_INTEGER: metavalue detected, returning 0
#    Time: 9810720 ns  Iteration: 5  Instance: /tb/MyRiscv/u_regfile/MUXB
# ** Warning: NUMERIC_STD.TO_INTEGER: metavalue detected, returning 0
#    Time: 9831160 ns  Iteration: 2  Instance: /tb/MyRiscv/u_regfile/MUXB
# ** Warning: NUMERIC_STD.TO_INTEGER: metavalue detected, returning 0
#    Time: 9831160 ns  Iteration: 2  Instance: /tb/MyRiscv/u_regfile/MUXA
# ** Warning: NUMERIC_STD.TO_INTEGER: metavalue detected, returning 0
#    Time: 9831160 ns  Iteration: 5  Instance: /tb/MyRiscv/u_regfile/MUXA
# ** Warning: NUMERIC_STD.TO_INTEGER: metavalue detected, returning 0
#    Time: 9831160 ns  Iteration: 5  Instance: /tb/MyRiscv/u_regfile/MUXB
# ** Warning: NUMERIC_STD.TO_INTEGER: metavalue detected, returning 0
#    Time: 9831180 ns  Iteration: 5  Instance: /tb/MyRiscv/u_regfile/MUXA
# ** Warning: NUMERIC_STD.TO_INTEGER: metavalue detected, returning 0
#    Time: 9831180 ns  Iteration: 5  Instance: /tb/MyRiscv/u_regfile/MUXB
# ** Warning: NUMERIC_STD.TO_INTEGER: metavalue detected, returning 0
#    Time: 9831200 ns  Iteration: 5  Instance: /tb/MyRiscv/u_regfile/MUXA
# ** Warning: NUMERIC_STD.TO_INTEGER: metavalue detected, returning 0
#    Time: 9831200 ns  Iteration: 5  Instance: /tb/MyRiscv/u_regfile/MUXB
# ** Warning: NUMERIC_STD.TO_INTEGER: metavalue detected, returning 0
#    Time: 9851640 ns  Iteration: 2  Instance: /tb/MyRiscv/u_regfile/MUXB
# ** Warning: NUMERIC_STD.TO_INTEGER: metavalue detected, returning 0
#    Time: 9851640 ns  Iteration: 2  Instance: /tb/MyRiscv/u_regfile/MUXA
# ** Warning: NUMERIC_STD.TO_INTEGER: metavalue detected, returning 0
#    Time: 9851640 ns  Iteration: 5  Instance: /tb/MyRiscv/u_regfile/MUXA
# ** Warning: NUMERIC_STD.TO_INTEGER: metavalue detected, returning 0
#    Time: 9851640 ns  Iteration: 5  Instance: /tb/MyRiscv/u_regfile/MUXB
# ** Warning: NUMERIC_STD.TO_INTEGER: metavalue detected, returning 0
#    Time: 9851660 ns  Iteration: 5  Instance: /tb/MyRiscv/u_regfile/MUXA
# ** Warning: NUMERIC_STD.TO_INTEGER: metavalue detected, returning 0
#    Time: 9851660 ns  Iteration: 5  Instance: /tb/MyRiscv/u_regfile/MUXB
# ** Warning: NUMERIC_STD.TO_INTEGER: metavalue detected, returning 0
#    Time: 9851680 ns  Iteration: 5  Instance: /tb/MyRiscv/u_regfile/MUXA
# ** Warning: NUMERIC_STD.TO_INTEGER: metavalue detected, returning 0
#    Time: 9851680 ns  Iteration: 5  Instance: /tb/MyRiscv/u_regfile/MUXB
# ** Warning: NUMERIC_STD.TO_INTEGER: metavalue detected, returning 0
#    Time: 9872120 ns  Iteration: 2  Instance: /tb/MyRiscv/u_regfile/MUXB
# ** Warning: NUMERIC_STD.TO_INTEGER: metavalue detected, returning 0
#    Time: 9872120 ns  Iteration: 2  Instance: /tb/MyRiscv/u_regfile/MUXA
# ** Warning: NUMERIC_STD.TO_INTEGER: metavalue detected, returning 0
#    Time: 9872120 ns  Iteration: 5  Instance: /tb/MyRiscv/u_regfile/MUXA
# ** Warning: NUMERIC_STD.TO_INTEGER: metavalue detected, returning 0
#    Time: 9872120 ns  Iteration: 5  Instance: /tb/MyRiscv/u_regfile/MUXB
# ** Warning: NUMERIC_STD.TO_INTEGER: metavalue detected, returning 0
#    Time: 9872140 ns  Iteration: 5  Instance: /tb/MyRiscv/u_regfile/MUXA
# ** Warning: NUMERIC_STD.TO_INTEGER: metavalue detected, returning 0
#    Time: 9872140 ns  Iteration: 5  Instance: /tb/MyRiscv/u_regfile/MUXB
# ** Warning: NUMERIC_STD.TO_INTEGER: metavalue detected, returning 0
#    Time: 9872160 ns  Iteration: 5  Instance: /tb/MyRiscv/u_regfile/MUXA
# ** Warning: NUMERIC_STD.TO_INTEGER: metavalue detected, returning 0
#    Time: 9872160 ns  Iteration: 5  Instance: /tb/MyRiscv/u_regfile/MUXB
# ** Warning: NUMERIC_STD.TO_INTEGER: metavalue detected, returning 0
#    Time: 9892600 ns  Iteration: 2  Instance: /tb/MyRiscv/u_regfile/MUXB
# ** Warning: NUMERIC_STD.TO_INTEGER: metavalue detected, returning 0
#    Time: 9892600 ns  Iteration: 2  Instance: /tb/MyRiscv/u_regfile/MUXA
# ** Warning: NUMERIC_STD.TO_INTEGER: metavalue detected, returning 0
#    Time: 9892600 ns  Iteration: 5  Instance: /tb/MyRiscv/u_regfile/MUXA
# ** Warning: NUMERIC_STD.TO_INTEGER: metavalue detected, returning 0
#    Time: 9892600 ns  Iteration: 5  Instance: /tb/MyRiscv/u_regfile/MUXB
# ** Warning: NUMERIC_STD.TO_INTEGER: metavalue detected, returning 0
#    Time: 9892620 ns  Iteration: 5  Instance: /tb/MyRiscv/u_regfile/MUXA
# ** Warning: NUMERIC_STD.TO_INTEGER: metavalue detected, returning 0
#    Time: 9892620 ns  Iteration: 5  Instance: /tb/MyRiscv/u_regfile/MUXB
# ** Warning: NUMERIC_STD.TO_INTEGER: metavalue detected, returning 0
#    Time: 9892640 ns  Iteration: 5  Instance: /tb/MyRiscv/u_regfile/MUXA
# ** Warning: NUMERIC_STD.TO_INTEGER: metavalue detected, returning 0
#    Time: 9892640 ns  Iteration: 5  Instance: /tb/MyRiscv/u_regfile/MUXB
# ** Warning: NUMERIC_STD.TO_INTEGER: metavalue detected, returning 0
#    Time: 9913080 ns  Iteration: 2  Instance: /tb/MyRiscv/u_regfile/MUXB
# ** Warning: NUMERIC_STD.TO_INTEGER: metavalue detected, returning 0
#    Time: 9913080 ns  Iteration: 2  Instance: /tb/MyRiscv/u_regfile/MUXA
# ** Warning: NUMERIC_STD.TO_INTEGER: metavalue detected, returning 0
#    Time: 9913080 ns  Iteration: 5  Instance: /tb/MyRiscv/u_regfile/MUXA
# ** Warning: NUMERIC_STD.TO_INTEGER: metavalue detected, returning 0
#    Time: 9913080 ns  Iteration: 5  Instance: /tb/MyRiscv/u_regfile/MUXB
# ** Warning: NUMERIC_STD.TO_INTEGER: metavalue detected, returning 0
#    Time: 9913100 ns  Iteration: 5  Instance: /tb/MyRiscv/u_regfile/MUXA
# ** Warning: NUMERIC_STD.TO_INTEGER: metavalue detected, returning 0
#    Time: 9913100 ns  Iteration: 5  Instance: /tb/MyRiscv/u_regfile/MUXB
# ** Warning: NUMERIC_STD.TO_INTEGER: metavalue detected, returning 0
#    Time: 9913120 ns  Iteration: 5  Instance: /tb/MyRiscv/u_regfile/MUXA
# ** Warning: NUMERIC_STD.TO_INTEGER: metavalue detected, returning 0
#    Time: 9913120 ns  Iteration: 5  Instance: /tb/MyRiscv/u_regfile/MUXB
# ** Warning: NUMERIC_STD.TO_INTEGER: metavalue detected, returning 0
#    Time: 9933560 ns  Iteration: 2  Instance: /tb/MyRiscv/u_regfile/MUXB
# ** Warning: NUMERIC_STD.TO_INTEGER: metavalue detected, returning 0
#    Time: 9933560 ns  Iteration: 2  Instance: /tb/MyRiscv/u_regfile/MUXA
# ** Warning: NUMERIC_STD.TO_INTEGER: metavalue detected, returning 0
#    Time: 9933560 ns  Iteration: 5  Instance: /tb/MyRiscv/u_regfile/MUXA
# ** Warning: NUMERIC_STD.TO_INTEGER: metavalue detected, returning 0
#    Time: 9933560 ns  Iteration: 5  Instance: /tb/MyRiscv/u_regfile/MUXB
# ** Warning: NUMERIC_STD.TO_INTEGER: metavalue detected, returning 0
#    Time: 9933580 ns  Iteration: 5  Instance: /tb/MyRiscv/u_regfile/MUXA
# ** Warning: NUMERIC_STD.TO_INTEGER: metavalue detected, returning 0
#    Time: 9933580 ns  Iteration: 5  Instance: /tb/MyRiscv/u_regfile/MUXB
# ** Warning: NUMERIC_STD.TO_INTEGER: metavalue detected, returning 0
#    Time: 9933600 ns  Iteration: 5  Instance: /tb/MyRiscv/u_regfile/MUXA
# ** Warning: NUMERIC_STD.TO_INTEGER: metavalue detected, returning 0
#    Time: 9933600 ns  Iteration: 5  Instance: /tb/MyRiscv/u_regfile/MUXB
# ** Warning: NUMERIC_STD.TO_INTEGER: metavalue detected, returning 0
#    Time: 9954040 ns  Iteration: 2  Instance: /tb/MyRiscv/u_regfile/MUXB
# ** Warning: NUMERIC_STD.TO_INTEGER: metavalue detected, returning 0
#    Time: 9954040 ns  Iteration: 2  Instance: /tb/MyRiscv/u_regfile/MUXA
# ** Warning: NUMERIC_STD.TO_INTEGER: metavalue detected, returning 0
#    Time: 9954040 ns  Iteration: 5  Instance: /tb/MyRiscv/u_regfile/MUXA
# ** Warning: NUMERIC_STD.TO_INTEGER: metavalue detected, returning 0
#    Time: 9954040 ns  Iteration: 5  Instance: /tb/MyRiscv/u_regfile/MUXB
# ** Warning: NUMERIC_STD.TO_INTEGER: metavalue detected, returning 0
#    Time: 9954060 ns  Iteration: 5  Instance: /tb/MyRiscv/u_regfile/MUXA
# ** Warning: NUMERIC_STD.TO_INTEGER: metavalue detected, returning 0
#    Time: 9954060 ns  Iteration: 5  Instance: /tb/MyRiscv/u_regfile/MUXB
# ** Warning: NUMERIC_STD.TO_INTEGER: metavalue detected, returning 0
#    Time: 9954080 ns  Iteration: 5  Instance: /tb/MyRiscv/u_regfile/MUXA
# ** Warning: NUMERIC_STD.TO_INTEGER: metavalue detected, returning 0
#    Time: 9954080 ns  Iteration: 5  Instance: /tb/MyRiscv/u_regfile/MUXB
# ** Warning: NUMERIC_STD.TO_INTEGER: metavalue detected, returning 0
#    Time: 9974520 ns  Iteration: 2  Instance: /tb/MyRiscv/u_regfile/MUXB
# ** Warning: NUMERIC_STD.TO_INTEGER: metavalue detected, returning 0
#    Time: 9974520 ns  Iteration: 2  Instance: /tb/MyRiscv/u_regfile/MUXA
# ** Warning: NUMERIC_STD.TO_INTEGER: metavalue detected, returning 0
#    Time: 9974520 ns  Iteration: 5  Instance: /tb/MyRiscv/u_regfile/MUXA
# ** Warning: NUMERIC_STD.TO_INTEGER: metavalue detected, returning 0
#    Time: 9974520 ns  Iteration: 5  Instance: /tb/MyRiscv/u_regfile/MUXB
# ** Warning: NUMERIC_STD.TO_INTEGER: metavalue detected, returning 0
#    Time: 9974540 ns  Iteration: 5  Instance: /tb/MyRiscv/u_regfile/MUXA
# ** Warning: NUMERIC_STD.TO_INTEGER: metavalue detected, returning 0
#    Time: 9974540 ns  Iteration: 5  Instance: /tb/MyRiscv/u_regfile/MUXB
# ** Warning: NUMERIC_STD.TO_INTEGER: metavalue detected, returning 0
#    Time: 9974560 ns  Iteration: 5  Instance: /tb/MyRiscv/u_regfile/MUXA
# ** Warning: NUMERIC_STD.TO_INTEGER: metavalue detected, returning 0
#    Time: 9974560 ns  Iteration: 5  Instance: /tb/MyRiscv/u_regfile/MUXB
# ** Warning: NUMERIC_STD.TO_INTEGER: metavalue detected, returning 0
#    Time: 9995 us  Iteration: 2  Instance: /tb/MyRiscv/u_regfile/MUXB
# ** Warning: NUMERIC_STD.TO_INTEGER: metavalue detected, returning 0
#    Time: 9995 us  Iteration: 2  Instance: /tb/MyRiscv/u_regfile/MUXA
# ** Warning: NUMERIC_STD.TO_INTEGER: metavalue detected, returning 0
#    Time: 9995 us  Iteration: 5  Instance: /tb/MyRiscv/u_regfile/MUXA
# ** Warning: NUMERIC_STD.TO_INTEGER: metavalue detected, returning 0
#    Time: 9995 us  Iteration: 5  Instance: /tb/MyRiscv/u_regfile/MUXB
# ** Warning: NUMERIC_STD.TO_INTEGER: metavalue detected, returning 0
#    Time: 9995020 ns  Iteration: 5  Instance: /tb/MyRiscv/u_regfile/MUXA
# ** Warning: NUMERIC_STD.TO_INTEGER: metavalue detected, returning 0
#    Time: 9995020 ns  Iteration: 5  Instance: /tb/MyRiscv/u_regfile/MUXB
# ** Warning: NUMERIC_STD.TO_INTEGER: metavalue detected, returning 0
#    Time: 9995040 ns  Iteration: 5  Instance: /tb/MyRiscv/u_regfile/MUXA
# ** Warning: NUMERIC_STD.TO_INTEGER: metavalue detected, returning 0
#    Time: 9995040 ns  Iteration: 5  Instance: /tb/MyRiscv/u_regfile/MUXB
# End time: 15:20:16 on Nov 25,2025, Elapsed time: 0:00:04
# Errors: 0, Warnings: 3925
