Reading pref.tcl

# 2025.1_2

# vsim -postsimdataflow -debugdb -c -voptargs=""+acc"" tb -do "modelsim_framework.do" -gOUTPUT_TRACE=ms.trace 
# Start time: 15:23:46 on Nov 25,2025
# ** Note: (vsim-8009) Loading existing optimized design _opt
# //  Questa Sim-64
# //  Version 2025.1_2 linux_x86_64 Apr  7 2025
# //
# // Unpublished work. Copyright 2025 Siemens
# //
# // This material contains trade secrets or otherwise confidential information
# // owned by Siemens Industry Software Inc. or its affiliates (collectively,
# // "SISW"), or its licensors. Access to and use of this information is strictly
# // limited as set forth in the Customer's applicable agreements with SISW.
# //
# // This material may not be copied, distributed, or otherwise disclosed outside
# // of the Customer's facilities without the express written permission of SISW,
# // and may not be used in any way not expressly authorized by SISW.
# //
# Loading std.standard
# Loading std.textio(body)
# Loading ieee.std_logic_1164(body)
# Loading ieee.std_logic_textio(body)
# Loading std.env(body)
# Loading work.tb(mixed)#1
# Loading ieee.numeric_std(body)
# Loading work.riscv_types(body)
# Loading work.riscv_processor(structure)#1
# Loading work.mem(rtl)#1
# Loading work.fetch(structural)#1
# Loading work.adder_n(rtl)#1
# Loading work.mux2t1_n(rtl)#1
# Loading work.ifid_reg(behavioral)#1
# Loading work.idex_reg(behavioral)#1
# Loading work.exmem_reg(behavioral)#1
# Loading work.memwb_reg(behavioral)#1
# Loading work.control(dataflow)#1
# Loading work.alu_control(dataflow)#1
# Loading work.regfile(rtl)#1
# Loading work.decoder5t32(dataflow)#1
# Loading work.reg_n(structural)#1
# Loading work.dffg(mixed)#1
# Loading work.mux32_1(rtl)#1
# Loading work.immgen(dataflow)#1
# Loading work.alu(structural)#1
# Loading work.barrelshifter(dataflow)#1
# ** Warning: (vsim-8683) Uninitialized out port /tb/MyRiscv/u_MEMWB/o_Instr(31 downto 7) has no driver.
# This port will contribute value (25'hXXXXXXX) to the signal network.
# ** Warning: (vsim-8683) Uninitialized out port /tb/MyRiscv/u_MEMWB/o_Instr(6 downto 0) has no driver.
# This port will contribute value (7'hXX) to the signal network.
# ** Note: (vsim-8716) Reusing existing debug database vsim.dbg.
# do modelsim_framework.do
# ** Warning: NUMERIC_STD."<": metavalue detected, returning FALSE
#    Time: 0 ns  Iteration: 0  Instance: /tb/MyRiscv
# ** Warning: NUMERIC_STD."<": metavalue detected, returning FALSE
#    Time: 0 ns  Iteration: 0  Instance: /tb/MyRiscv
# ** Warning: NUMERIC_STD.TO_INTEGER: metavalue detected, returning 0
#    Time: 0 ns  Iteration: 0  Instance: /tb/MyRiscv/u_regfile/MUXB
# ** Warning: NUMERIC_STD.TO_INTEGER: metavalue detected, returning 0
#    Time: 0 ns  Iteration: 0  Instance: /tb/MyRiscv/u_regfile/MUXA
# ** Warning: NUMERIC_STD.TO_INTEGER: metavalue detected, returning 0
#    Time: 0 ns  Iteration: 0  Instance: /tb/MyRiscv/DMem
# ** Warning: NUMERIC_STD.TO_INTEGER: metavalue detected, returning 0
#    Time: 0 ns  Iteration: 0  Instance: /tb/MyRiscv/IMem
# ** Warning: NUMERIC_STD.TO_INTEGER: metavalue detected, returning 0
#    Time: 0 ns  Iteration: 1  Instance: /tb/MyRiscv/u_alu/u_shifter
# ** Warning: NUMERIC_STD.TO_INTEGER: metavalue detected, returning 0
#    Time: 0 ns  Iteration: 1  Instance: /tb/MyRiscv/u_regfile/MUXA
# ** Warning: NUMERIC_STD.TO_INTEGER: metavalue detected, returning 0
#    Time: 0 ns  Iteration: 1  Instance: /tb/MyRiscv/u_regfile/MUXB
# ** Warning: NUMERIC_STD."<": metavalue detected, returning FALSE
#    Time: 0 ns  Iteration: 1  Instance: /tb/MyRiscv
# ** Warning: NUMERIC_STD."<": metavalue detected, returning FALSE
#    Time: 0 ns  Iteration: 1  Instance: /tb/MyRiscv
# ** Warning: NUMERIC_STD.TO_INTEGER: metavalue detected, returning 0
#    Time: 380 ns  Iteration: 2  Instance: /tb/MyRiscv/u_regfile/MUXB
# ** Warning: NUMERIC_STD.TO_INTEGER: metavalue detected, returning 0
#    Time: 380 ns  Iteration: 2  Instance: /tb/MyRiscv/u_regfile/MUXA
# ** Warning: NUMERIC_STD.TO_INTEGER: metavalue detected, returning 0
#    Time: 400 ns  Iteration: 5  Instance: /tb/MyRiscv/u_regfile/MUXA
# ** Warning: NUMERIC_STD.TO_INTEGER: metavalue detected, returning 0
#    Time: 400 ns  Iteration: 5  Instance: /tb/MyRiscv/u_regfile/MUXB
# ** Warning: NUMERIC_STD.TO_INTEGER: metavalue detected, returning 0
#    Time: 420 ns  Iteration: 5  Instance: /tb/MyRiscv/u_regfile/MUXA
# ** Warning: NUMERIC_STD.TO_INTEGER: metavalue detected, returning 0
#    Time: 420 ns  Iteration: 5  Instance: /tb/MyRiscv/u_regfile/MUXB
# ** Warning: NUMERIC_STD.TO_INTEGER: metavalue detected, returning 0
#    Time: 20580 ns  Iteration: 2  Instance: /tb/MyRiscv/u_regfile/MUXB
# ** Warning: NUMERIC_STD.TO_INTEGER: metavalue detected, returning 0
#    Time: 20580 ns  Iteration: 2  Instance: /tb/MyRiscv/u_regfile/MUXA
# ** Warning: NUMERIC_STD.TO_INTEGER: metavalue detected, returning 0
#    Time: 20600 ns  Iteration: 5  Instance: /tb/MyRiscv/u_regfile/MUXA
# ** Warning: NUMERIC_STD.TO_INTEGER: metavalue detected, returning 0
#    Time: 20600 ns  Iteration: 5  Instance: /tb/MyRiscv/u_regfile/MUXB
# ** Warning: NUMERIC_STD.TO_INTEGER: metavalue detected, returning 0
#    Time: 40780 ns  Iteration: 2  Instance: /tb/MyRiscv/u_regfile/MUXB
# ** Warning: NUMERIC_STD.TO_INTEGER: metavalue detected, returning 0
#    Time: 40780 ns  Iteration: 2  Instance: /tb/MyRiscv/u_regfile/MUXA
# ** Warning: NUMERIC_STD.TO_INTEGER: metavalue detected, returning 0
#    Time: 40800 ns  Iteration: 5  Instance: /tb/MyRiscv/u_regfile/MUXA
# ** Warning: NUMERIC_STD.TO_INTEGER: metavalue detected, returning 0
#    Time: 40800 ns  Iteration: 5  Instance: /tb/MyRiscv/u_regfile/MUXB
# ** Warning: NUMERIC_STD.TO_INTEGER: metavalue detected, returning 0
#    Time: 60980 ns  Iteration: 2  Instance: /tb/MyRiscv/u_regfile/MUXB
# ** Warning: NUMERIC_STD.TO_INTEGER: metavalue detected, returning 0
#    Time: 60980 ns  Iteration: 2  Instance: /tb/MyRiscv/u_regfile/MUXA
# ** Warning: NUMERIC_STD.TO_INTEGER: metavalue detected, returning 0
#    Time: 61 us  Iteration: 5  Instance: /tb/MyRiscv/u_regfile/MUXA
# ** Warning: NUMERIC_STD.TO_INTEGER: metavalue detected, returning 0
#    Time: 61 us  Iteration: 5  Instance: /tb/MyRiscv/u_regfile/MUXB
# ** Warning: NUMERIC_STD.TO_INTEGER: metavalue detected, returning 0
#    Time: 81180 ns  Iteration: 2  Instance: /tb/MyRiscv/u_regfile/MUXB
# ** Warning: NUMERIC_STD.TO_INTEGER: metavalue detected, returning 0
#    Time: 81180 ns  Iteration: 2  Instance: /tb/MyRiscv/u_regfile/MUXA
# ** Warning: NUMERIC_STD.TO_INTEGER: metavalue detected, returning 0
#    Time: 81200 ns  Iteration: 5  Instance: /tb/MyRiscv/u_regfile/MUXA
# ** Warning: NUMERIC_STD.TO_INTEGER: metavalue detected, returning 0
#    Time: 81200 ns  Iteration: 5  Instance: /tb/MyRiscv/u_regfile/MUXB
# ** Warning: NUMERIC_STD.TO_INTEGER: metavalue detected, returning 0
#    Time: 101380 ns  Iteration: 2  Instance: /tb/MyRiscv/u_regfile/MUXB
# ** Warning: NUMERIC_STD.TO_INTEGER: metavalue detected, returning 0
#    Time: 101380 ns  Iteration: 2  Instance: /tb/MyRiscv/u_regfile/MUXA
# ** Warning: NUMERIC_STD.TO_INTEGER: metavalue detected, returning 0
#    Time: 101400 ns  Iteration: 5  Instance: /tb/MyRiscv/u_regfile/MUXA
# ** Warning: NUMERIC_STD.TO_INTEGER: metavalue detected, returning 0
#    Time: 101400 ns  Iteration: 5  Instance: /tb/MyRiscv/u_regfile/MUXB
# ** Warning: NUMERIC_STD.TO_INTEGER: metavalue detected, returning 0
#    Time: 121580 ns  Iteration: 2  Instance: /tb/MyRiscv/u_regfile/MUXB
# ** Warning: NUMERIC_STD.TO_INTEGER: metavalue detected, returning 0
#    Time: 121580 ns  Iteration: 2  Instance: /tb/MyRiscv/u_regfile/MUXA
# ** Warning: NUMERIC_STD.TO_INTEGER: metavalue detected, returning 0
#    Time: 121600 ns  Iteration: 5  Instance: /tb/MyRiscv/u_regfile/MUXA
# ** Warning: NUMERIC_STD.TO_INTEGER: metavalue detected, returning 0
#    Time: 121600 ns  Iteration: 5  Instance: /tb/MyRiscv/u_regfile/MUXB
# ** Warning: NUMERIC_STD.TO_INTEGER: metavalue detected, returning 0
#    Time: 141780 ns  Iteration: 2  Instance: /tb/MyRiscv/u_regfile/MUXB
# ** Warning: NUMERIC_STD.TO_INTEGER: metavalue detected, returning 0
#    Time: 141780 ns  Iteration: 2  Instance: /tb/MyRiscv/u_regfile/MUXA
# ** Warning: NUMERIC_STD.TO_INTEGER: metavalue detected, returning 0
#    Time: 141800 ns  Iteration: 5  Instance: /tb/MyRiscv/u_regfile/MUXA
# ** Warning: NUMERIC_STD.TO_INTEGER: metavalue detected, returning 0
#    Time: 141800 ns  Iteration: 5  Instance: /tb/MyRiscv/u_regfile/MUXB
# ** Warning: NUMERIC_STD.TO_INTEGER: metavalue detected, returning 0
#    Time: 161980 ns  Iteration: 2  Instance: /tb/MyRiscv/u_regfile/MUXB
# ** Warning: NUMERIC_STD.TO_INTEGER: metavalue detected, returning 0
#    Time: 161980 ns  Iteration: 2  Instance: /tb/MyRiscv/u_regfile/MUXA
# ** Warning: NUMERIC_STD.TO_INTEGER: metavalue detected, returning 0
#    Time: 162 us  Iteration: 5  Instance: /tb/MyRiscv/u_regfile/MUXA
# ** Warning: NUMERIC_STD.TO_INTEGER: metavalue detected, returning 0
#    Time: 162 us  Iteration: 5  Instance: /tb/MyRiscv/u_regfile/MUXB
# ** Warning: NUMERIC_STD.TO_INTEGER: metavalue detected, returning 0
#    Time: 182180 ns  Iteration: 2  Instance: /tb/MyRiscv/u_regfile/MUXB
# ** Warning: NUMERIC_STD.TO_INTEGER: metavalue detected, returning 0
#    Time: 182180 ns  Iteration: 2  Instance: /tb/MyRiscv/u_regfile/MUXA
# ** Warning: NUMERIC_STD.TO_INTEGER: metavalue detected, returning 0
#    Time: 182200 ns  Iteration: 5  Instance: /tb/MyRiscv/u_regfile/MUXA
# ** Warning: NUMERIC_STD.TO_INTEGER: metavalue detected, returning 0
#    Time: 182200 ns  Iteration: 5  Instance: /tb/MyRiscv/u_regfile/MUXB
# ** Warning: NUMERIC_STD.TO_INTEGER: metavalue detected, returning 0
#    Time: 202380 ns  Iteration: 2  Instance: /tb/MyRiscv/u_regfile/MUXB
# ** Warning: NUMERIC_STD.TO_INTEGER: metavalue detected, returning 0
#    Time: 202380 ns  Iteration: 2  Instance: /tb/MyRiscv/u_regfile/MUXA
# ** Warning: NUMERIC_STD.TO_INTEGER: metavalue detected, returning 0
#    Time: 202400 ns  Iteration: 5  Instance: /tb/MyRiscv/u_regfile/MUXA
# ** Warning: NUMERIC_STD.TO_INTEGER: metavalue detected, returning 0
#    Time: 202400 ns  Iteration: 5  Instance: /tb/MyRiscv/u_regfile/MUXB
# ** Warning: NUMERIC_STD.TO_INTEGER: metavalue detected, returning 0
#    Time: 222580 ns  Iteration: 2  Instance: /tb/MyRiscv/u_regfile/MUXB
# ** Warning: NUMERIC_STD.TO_INTEGER: metavalue detected, returning 0
#    Time: 222580 ns  Iteration: 2  Instance: /tb/MyRiscv/u_regfile/MUXA
# ** Warning: NUMERIC_STD.TO_INTEGER: metavalue detected, returning 0
#    Time: 222600 ns  Iteration: 5  Instance: /tb/MyRiscv/u_regfile/MUXA
# ** Warning: NUMERIC_STD.TO_INTEGER: metavalue detected, returning 0
#    Time: 222600 ns  Iteration: 5  Instance: /tb/MyRiscv/u_regfile/MUXB
# ** Warning: NUMERIC_STD.TO_INTEGER: metavalue detected, returning 0
#    Time: 242780 ns  Iteration: 2  Instance: /tb/MyRiscv/u_regfile/MUXB
# ** Warning: NUMERIC_STD.TO_INTEGER: metavalue detected, returning 0
#    Time: 242780 ns  Iteration: 2  Instance: /tb/MyRiscv/u_regfile/MUXA
# ** Warning: NUMERIC_STD.TO_INTEGER: metavalue detected, returning 0
#    Time: 242800 ns  Iteration: 5  Instance: /tb/MyRiscv/u_regfile/MUXA
# ** Warning: NUMERIC_STD.TO_INTEGER: metavalue detected, returning 0
#    Time: 242800 ns  Iteration: 5  Instance: /tb/MyRiscv/u_regfile/MUXB
# ** Warning: NUMERIC_STD.TO_INTEGER: metavalue detected, returning 0
#    Time: 262980 ns  Iteration: 2  Instance: /tb/MyRiscv/u_regfile/MUXB
# ** Warning: NUMERIC_STD.TO_INTEGER: metavalue detected, returning 0
#    Time: 262980 ns  Iteration: 2  Instance: /tb/MyRiscv/u_regfile/MUXA
# ** Warning: NUMERIC_STD.TO_INTEGER: metavalue detected, returning 0
#    Time: 263 us  Iteration: 5  Instance: /tb/MyRiscv/u_regfile/MUXA
# ** Warning: NUMERIC_STD.TO_INTEGER: metavalue detected, returning 0
#    Time: 263 us  Iteration: 5  Instance: /tb/MyRiscv/u_regfile/MUXB
# ** Warning: NUMERIC_STD.TO_INTEGER: metavalue detected, returning 0
#    Time: 283180 ns  Iteration: 2  Instance: /tb/MyRiscv/u_regfile/MUXB
# ** Warning: NUMERIC_STD.TO_INTEGER: metavalue detected, returning 0
#    Time: 283180 ns  Iteration: 2  Instance: /tb/MyRiscv/u_regfile/MUXA
# ** Warning: NUMERIC_STD.TO_INTEGER: metavalue detected, returning 0
#    Time: 283200 ns  Iteration: 5  Instance: /tb/MyRiscv/u_regfile/MUXA
# ** Warning: NUMERIC_STD.TO_INTEGER: metavalue detected, returning 0
#    Time: 283200 ns  Iteration: 5  Instance: /tb/MyRiscv/u_regfile/MUXB
# ** Warning: NUMERIC_STD.TO_INTEGER: metavalue detected, returning 0
#    Time: 303380 ns  Iteration: 2  Instance: /tb/MyRiscv/u_regfile/MUXB
# ** Warning: NUMERIC_STD.TO_INTEGER: metavalue detected, returning 0
#    Time: 303380 ns  Iteration: 2  Instance: /tb/MyRiscv/u_regfile/MUXA
# ** Warning: NUMERIC_STD.TO_INTEGER: metavalue detected, returning 0
#    Time: 303400 ns  Iteration: 5  Instance: /tb/MyRiscv/u_regfile/MUXA
# ** Warning: NUMERIC_STD.TO_INTEGER: metavalue detected, returning 0
#    Time: 303400 ns  Iteration: 5  Instance: /tb/MyRiscv/u_regfile/MUXB
# ** Warning: NUMERIC_STD.TO_INTEGER: metavalue detected, returning 0
#    Time: 323580 ns  Iteration: 2  Instance: /tb/MyRiscv/u_regfile/MUXB
# ** Warning: NUMERIC_STD.TO_INTEGER: metavalue detected, returning 0
#    Time: 323580 ns  Iteration: 2  Instance: /tb/MyRiscv/u_regfile/MUXA
# ** Warning: NUMERIC_STD.TO_INTEGER: metavalue detected, returning 0
#    Time: 323600 ns  Iteration: 5  Instance: /tb/MyRiscv/u_regfile/MUXA
# ** Warning: NUMERIC_STD.TO_INTEGER: metavalue detected, returning 0
#    Time: 323600 ns  Iteration: 5  Instance: /tb/MyRiscv/u_regfile/MUXB
# ** Warning: NUMERIC_STD.TO_INTEGER: metavalue detected, returning 0
#    Time: 343780 ns  Iteration: 2  Instance: /tb/MyRiscv/u_regfile/MUXB
# ** Warning: NUMERIC_STD.TO_INTEGER: metavalue detected, returning 0
#    Time: 343780 ns  Iteration: 2  Instance: /tb/MyRiscv/u_regfile/MUXA
# ** Warning: NUMERIC_STD.TO_INTEGER: metavalue detected, returning 0
#    Time: 343800 ns  Iteration: 5  Instance: /tb/MyRiscv/u_regfile/MUXA
# ** Warning: NUMERIC_STD.TO_INTEGER: metavalue detected, returning 0
#    Time: 343800 ns  Iteration: 5  Instance: /tb/MyRiscv/u_regfile/MUXB
# ** Warning: NUMERIC_STD.TO_INTEGER: metavalue detected, returning 0
#    Time: 363980 ns  Iteration: 2  Instance: /tb/MyRiscv/u_regfile/MUXB
# ** Warning: NUMERIC_STD.TO_INTEGER: metavalue detected, returning 0
#    Time: 363980 ns  Iteration: 2  Instance: /tb/MyRiscv/u_regfile/MUXA
# ** Warning: NUMERIC_STD.TO_INTEGER: metavalue detected, returning 0
#    Time: 364 us  Iteration: 5  Instance: /tb/MyRiscv/u_regfile/MUXA
# ** Warning: NUMERIC_STD.TO_INTEGER: metavalue detected, returning 0
#    Time: 364 us  Iteration: 5  Instance: /tb/MyRiscv/u_regfile/MUXB
# ** Warning: NUMERIC_STD.TO_INTEGER: metavalue detected, returning 0
#    Time: 384180 ns  Iteration: 2  Instance: /tb/MyRiscv/u_regfile/MUXB
# ** Warning: NUMERIC_STD.TO_INTEGER: metavalue detected, returning 0
#    Time: 384180 ns  Iteration: 2  Instance: /tb/MyRiscv/u_regfile/MUXA
# ** Warning: NUMERIC_STD.TO_INTEGER: metavalue detected, returning 0
#    Time: 384200 ns  Iteration: 5  Instance: /tb/MyRiscv/u_regfile/MUXA
# ** Warning: NUMERIC_STD.TO_INTEGER: metavalue detected, returning 0
#    Time: 384200 ns  Iteration: 5  Instance: /tb/MyRiscv/u_regfile/MUXB
# ** Warning: NUMERIC_STD.TO_INTEGER: metavalue detected, returning 0
#    Time: 404380 ns  Iteration: 2  Instance: /tb/MyRiscv/u_regfile/MUXB
# ** Warning: NUMERIC_STD.TO_INTEGER: metavalue detected, returning 0
#    Time: 404380 ns  Iteration: 2  Instance: /tb/MyRiscv/u_regfile/MUXA
# ** Warning: NUMERIC_STD.TO_INTEGER: metavalue detected, returning 0
#    Time: 404400 ns  Iteration: 5  Instance: /tb/MyRiscv/u_regfile/MUXA
# ** Warning: NUMERIC_STD.TO_INTEGER: metavalue detected, returning 0
#    Time: 404400 ns  Iteration: 5  Instance: /tb/MyRiscv/u_regfile/MUXB
# ** Warning: NUMERIC_STD.TO_INTEGER: metavalue detected, returning 0
#    Time: 424580 ns  Iteration: 2  Instance: /tb/MyRiscv/u_regfile/MUXB
# ** Warning: NUMERIC_STD.TO_INTEGER: metavalue detected, returning 0
#    Time: 424580 ns  Iteration: 2  Instance: /tb/MyRiscv/u_regfile/MUXA
# ** Warning: NUMERIC_STD.TO_INTEGER: metavalue detected, returning 0
#    Time: 424600 ns  Iteration: 5  Instance: /tb/MyRiscv/u_regfile/MUXA
# ** Warning: NUMERIC_STD.TO_INTEGER: metavalue detected, returning 0
#    Time: 424600 ns  Iteration: 5  Instance: /tb/MyRiscv/u_regfile/MUXB
# ** Warning: NUMERIC_STD.TO_INTEGER: metavalue detected, returning 0
#    Time: 444780 ns  Iteration: 2  Instance: /tb/MyRiscv/u_regfile/MUXB
# ** Warning: NUMERIC_STD.TO_INTEGER: metavalue detected, returning 0
#    Time: 444780 ns  Iteration: 2  Instance: /tb/MyRiscv/u_regfile/MUXA
# ** Warning: NUMERIC_STD.TO_INTEGER: metavalue detected, returning 0
#    Time: 444800 ns  Iteration: 5  Instance: /tb/MyRiscv/u_regfile/MUXA
# ** Warning: NUMERIC_STD.TO_INTEGER: metavalue detected, returning 0
#    Time: 444800 ns  Iteration: 5  Instance: /tb/MyRiscv/u_regfile/MUXB
# ** Warning: NUMERIC_STD.TO_INTEGER: metavalue detected, returning 0
#    Time: 464980 ns  Iteration: 2  Instance: /tb/MyRiscv/u_regfile/MUXB
# ** Warning: NUMERIC_STD.TO_INTEGER: metavalue detected, returning 0
#    Time: 464980 ns  Iteration: 2  Instance: /tb/MyRiscv/u_regfile/MUXA
# ** Warning: NUMERIC_STD.TO_INTEGER: metavalue detected, returning 0
#    Time: 465 us  Iteration: 5  Instance: /tb/MyRiscv/u_regfile/MUXA
# ** Warning: NUMERIC_STD.TO_INTEGER: metavalue detected, returning 0
#    Time: 465 us  Iteration: 5  Instance: /tb/MyRiscv/u_regfile/MUXB
# ** Warning: NUMERIC_STD.TO_INTEGER: metavalue detected, returning 0
#    Time: 485180 ns  Iteration: 2  Instance: /tb/MyRiscv/u_regfile/MUXB
# ** Warning: NUMERIC_STD.TO_INTEGER: metavalue detected, returning 0
#    Time: 485180 ns  Iteration: 2  Instance: /tb/MyRiscv/u_regfile/MUXA
# ** Warning: NUMERIC_STD.TO_INTEGER: metavalue detected, returning 0
#    Time: 485200 ns  Iteration: 5  Instance: /tb/MyRiscv/u_regfile/MUXA
# ** Warning: NUMERIC_STD.TO_INTEGER: metavalue detected, returning 0
#    Time: 485200 ns  Iteration: 5  Instance: /tb/MyRiscv/u_regfile/MUXB
# ** Warning: NUMERIC_STD.TO_INTEGER: metavalue detected, returning 0
#    Time: 505380 ns  Iteration: 2  Instance: /tb/MyRiscv/u_regfile/MUXB
# ** Warning: NUMERIC_STD.TO_INTEGER: metavalue detected, returning 0
#    Time: 505380 ns  Iteration: 2  Instance: /tb/MyRiscv/u_regfile/MUXA
# ** Warning: NUMERIC_STD.TO_INTEGER: metavalue detected, returning 0
#    Time: 505400 ns  Iteration: 5  Instance: /tb/MyRiscv/u_regfile/MUXA
# ** Warning: NUMERIC_STD.TO_INTEGER: metavalue detected, returning 0
#    Time: 505400 ns  Iteration: 5  Instance: /tb/MyRiscv/u_regfile/MUXB
# ** Warning: NUMERIC_STD.TO_INTEGER: metavalue detected, returning 0
#    Time: 525580 ns  Iteration: 2  Instance: /tb/MyRiscv/u_regfile/MUXB
# ** Warning: NUMERIC_STD.TO_INTEGER: metavalue detected, returning 0
#    Time: 525580 ns  Iteration: 2  Instance: /tb/MyRiscv/u_regfile/MUXA
# ** Warning: NUMERIC_STD.TO_INTEGER: metavalue detected, returning 0
#    Time: 525600 ns  Iteration: 5  Instance: /tb/MyRiscv/u_regfile/MUXA
# ** Warning: NUMERIC_STD.TO_INTEGER: metavalue detected, returning 0
#    Time: 525600 ns  Iteration: 5  Instance: /tb/MyRiscv/u_regfile/MUXB
# ** Warning: NUMERIC_STD.TO_INTEGER: metavalue detected, returning 0
#    Time: 545780 ns  Iteration: 2  Instance: /tb/MyRiscv/u_regfile/MUXB
# ** Warning: NUMERIC_STD.TO_INTEGER: metavalue detected, returning 0
#    Time: 545780 ns  Iteration: 2  Instance: /tb/MyRiscv/u_regfile/MUXA
# ** Warning: NUMERIC_STD.TO_INTEGER: metavalue detected, returning 0
#    Time: 545800 ns  Iteration: 5  Instance: /tb/MyRiscv/u_regfile/MUXA
# ** Warning: NUMERIC_STD.TO_INTEGER: metavalue detected, returning 0
#    Time: 545800 ns  Iteration: 5  Instance: /tb/MyRiscv/u_regfile/MUXB
# ** Warning: NUMERIC_STD.TO_INTEGER: metavalue detected, returning 0
#    Time: 565980 ns  Iteration: 2  Instance: /tb/MyRiscv/u_regfile/MUXB
# ** Warning: NUMERIC_STD.TO_INTEGER: metavalue detected, returning 0
#    Time: 565980 ns  Iteration: 2  Instance: /tb/MyRiscv/u_regfile/MUXA
# ** Warning: NUMERIC_STD.TO_INTEGER: metavalue detected, returning 0
#    Time: 566 us  Iteration: 5  Instance: /tb/MyRiscv/u_regfile/MUXA
# ** Warning: NUMERIC_STD.TO_INTEGER: metavalue detected, returning 0
#    Time: 566 us  Iteration: 5  Instance: /tb/MyRiscv/u_regfile/MUXB
# ** Warning: NUMERIC_STD.TO_INTEGER: metavalue detected, returning 0
#    Time: 586180 ns  Iteration: 2  Instance: /tb/MyRiscv/u_regfile/MUXB
# ** Warning: NUMERIC_STD.TO_INTEGER: metavalue detected, returning 0
#    Time: 586180 ns  Iteration: 2  Instance: /tb/MyRiscv/u_regfile/MUXA
# ** Warning: NUMERIC_STD.TO_INTEGER: metavalue detected, returning 0
#    Time: 586200 ns  Iteration: 5  Instance: /tb/MyRiscv/u_regfile/MUXA
# ** Warning: NUMERIC_STD.TO_INTEGER: metavalue detected, returning 0
#    Time: 586200 ns  Iteration: 5  Instance: /tb/MyRiscv/u_regfile/MUXB
# ** Warning: NUMERIC_STD.TO_INTEGER: metavalue detected, returning 0
#    Time: 606380 ns  Iteration: 2  Instance: /tb/MyRiscv/u_regfile/MUXB
# ** Warning: NUMERIC_STD.TO_INTEGER: metavalue detected, returning 0
#    Time: 606380 ns  Iteration: 2  Instance: /tb/MyRiscv/u_regfile/MUXA
# ** Warning: NUMERIC_STD.TO_INTEGER: metavalue detected, returning 0
#    Time: 606400 ns  Iteration: 5  Instance: /tb/MyRiscv/u_regfile/MUXA
# ** Warning: NUMERIC_STD.TO_INTEGER: metavalue detected, returning 0
#    Time: 606400 ns  Iteration: 5  Instance: /tb/MyRiscv/u_regfile/MUXB
# ** Warning: NUMERIC_STD.TO_INTEGER: metavalue detected, returning 0
#    Time: 626580 ns  Iteration: 2  Instance: /tb/MyRiscv/u_regfile/MUXB
# ** Warning: NUMERIC_STD.TO_INTEGER: metavalue detected, returning 0
#    Time: 626580 ns  Iteration: 2  Instance: /tb/MyRiscv/u_regfile/MUXA
# ** Warning: NUMERIC_STD.TO_INTEGER: metavalue detected, returning 0
#    Time: 626600 ns  Iteration: 5  Instance: /tb/MyRiscv/u_regfile/MUXA
# ** Warning: NUMERIC_STD.TO_INTEGER: metavalue detected, returning 0
#    Time: 626600 ns  Iteration: 5  Instance: /tb/MyRiscv/u_regfile/MUXB
# ** Warning: NUMERIC_STD.TO_INTEGER: metavalue detected, returning 0
#    Time: 646780 ns  Iteration: 2  Instance: /tb/MyRiscv/u_regfile/MUXB
# ** Warning: NUMERIC_STD.TO_INTEGER: metavalue detected, returning 0
#    Time: 646780 ns  Iteration: 2  Instance: /tb/MyRiscv/u_regfile/MUXA
# ** Warning: NUMERIC_STD.TO_INTEGER: metavalue detected, returning 0
#    Time: 646800 ns  Iteration: 5  Instance: /tb/MyRiscv/u_regfile/MUXA
# ** Warning: NUMERIC_STD.TO_INTEGER: metavalue detected, returning 0
#    Time: 646800 ns  Iteration: 5  Instance: /tb/MyRiscv/u_regfile/MUXB
# ** Warning: NUMERIC_STD.TO_INTEGER: metavalue detected, returning 0
#    Time: 666980 ns  Iteration: 2  Instance: /tb/MyRiscv/u_regfile/MUXB
# ** Warning: NUMERIC_STD.TO_INTEGER: metavalue detected, returning 0
#    Time: 666980 ns  Iteration: 2  Instance: /tb/MyRiscv/u_regfile/MUXA
# ** Warning: NUMERIC_STD.TO_INTEGER: metavalue detected, returning 0
#    Time: 667 us  Iteration: 5  Instance: /tb/MyRiscv/u_regfile/MUXA
# ** Warning: NUMERIC_STD.TO_INTEGER: metavalue detected, returning 0
#    Time: 667 us  Iteration: 5  Instance: /tb/MyRiscv/u_regfile/MUXB
# ** Warning: NUMERIC_STD.TO_INTEGER: metavalue detected, returning 0
#    Time: 687180 ns  Iteration: 2  Instance: /tb/MyRiscv/u_regfile/MUXB
# ** Warning: NUMERIC_STD.TO_INTEGER: metavalue detected, returning 0
#    Time: 687180 ns  Iteration: 2  Instance: /tb/MyRiscv/u_regfile/MUXA
# ** Warning: NUMERIC_STD.TO_INTEGER: metavalue detected, returning 0
#    Time: 687200 ns  Iteration: 5  Instance: /tb/MyRiscv/u_regfile/MUXA
# ** Warning: NUMERIC_STD.TO_INTEGER: metavalue detected, returning 0
#    Time: 687200 ns  Iteration: 5  Instance: /tb/MyRiscv/u_regfile/MUXB
# ** Warning: NUMERIC_STD.TO_INTEGER: metavalue detected, returning 0
#    Time: 707380 ns  Iteration: 2  Instance: /tb/MyRiscv/u_regfile/MUXB
# ** Warning: NUMERIC_STD.TO_INTEGER: metavalue detected, returning 0
#    Time: 707380 ns  Iteration: 2  Instance: /tb/MyRiscv/u_regfile/MUXA
# ** Warning: NUMERIC_STD.TO_INTEGER: metavalue detected, returning 0
#    Time: 707400 ns  Iteration: 5  Instance: /tb/MyRiscv/u_regfile/MUXA
# ** Warning: NUMERIC_STD.TO_INTEGER: metavalue detected, returning 0
#    Time: 707400 ns  Iteration: 5  Instance: /tb/MyRiscv/u_regfile/MUXB
# ** Warning: NUMERIC_STD.TO_INTEGER: metavalue detected, returning 0
#    Time: 727580 ns  Iteration: 2  Instance: /tb/MyRiscv/u_regfile/MUXB
# ** Warning: NUMERIC_STD.TO_INTEGER: metavalue detected, returning 0
#    Time: 727580 ns  Iteration: 2  Instance: /tb/MyRiscv/u_regfile/MUXA
# ** Warning: NUMERIC_STD.TO_INTEGER: metavalue detected, returning 0
#    Time: 727600 ns  Iteration: 5  Instance: /tb/MyRiscv/u_regfile/MUXA
# ** Warning: NUMERIC_STD.TO_INTEGER: metavalue detected, returning 0
#    Time: 727600 ns  Iteration: 5  Instance: /tb/MyRiscv/u_regfile/MUXB
# ** Warning: NUMERIC_STD.TO_INTEGER: metavalue detected, returning 0
#    Time: 747780 ns  Iteration: 2  Instance: /tb/MyRiscv/u_regfile/MUXB
# ** Warning: NUMERIC_STD.TO_INTEGER: metavalue detected, returning 0
#    Time: 747780 ns  Iteration: 2  Instance: /tb/MyRiscv/u_regfile/MUXA
# ** Warning: NUMERIC_STD.TO_INTEGER: metavalue detected, returning 0
#    Time: 747800 ns  Iteration: 5  Instance: /tb/MyRiscv/u_regfile/MUXA
# ** Warning: NUMERIC_STD.TO_INTEGER: metavalue detected, returning 0
#    Time: 747800 ns  Iteration: 5  Instance: /tb/MyRiscv/u_regfile/MUXB
# ** Warning: NUMERIC_STD.TO_INTEGER: metavalue detected, returning 0
#    Time: 767980 ns  Iteration: 2  Instance: /tb/MyRiscv/u_regfile/MUXB
# ** Warning: NUMERIC_STD.TO_INTEGER: metavalue detected, returning 0
#    Time: 767980 ns  Iteration: 2  Instance: /tb/MyRiscv/u_regfile/MUXA
# ** Warning: NUMERIC_STD.TO_INTEGER: metavalue detected, returning 0
#    Time: 768 us  Iteration: 5  Instance: /tb/MyRiscv/u_regfile/MUXA
# ** Warning: NUMERIC_STD.TO_INTEGER: metavalue detected, returning 0
#    Time: 768 us  Iteration: 5  Instance: /tb/MyRiscv/u_regfile/MUXB
# ** Warning: NUMERIC_STD.TO_INTEGER: metavalue detected, returning 0
#    Time: 788180 ns  Iteration: 2  Instance: /tb/MyRiscv/u_regfile/MUXB
# ** Warning: NUMERIC_STD.TO_INTEGER: metavalue detected, returning 0
#    Time: 788180 ns  Iteration: 2  Instance: /tb/MyRiscv/u_regfile/MUXA
# ** Warning: NUMERIC_STD.TO_INTEGER: metavalue detected, returning 0
#    Time: 788200 ns  Iteration: 5  Instance: /tb/MyRiscv/u_regfile/MUXA
# ** Warning: NUMERIC_STD.TO_INTEGER: metavalue detected, returning 0
#    Time: 788200 ns  Iteration: 5  Instance: /tb/MyRiscv/u_regfile/MUXB
# ** Warning: NUMERIC_STD.TO_INTEGER: metavalue detected, returning 0
#    Time: 808380 ns  Iteration: 2  Instance: /tb/MyRiscv/u_regfile/MUXB
# ** Warning: NUMERIC_STD.TO_INTEGER: metavalue detected, returning 0
#    Time: 808380 ns  Iteration: 2  Instance: /tb/MyRiscv/u_regfile/MUXA
# ** Warning: NUMERIC_STD.TO_INTEGER: metavalue detected, returning 0
#    Time: 808400 ns  Iteration: 5  Instance: /tb/MyRiscv/u_regfile/MUXA
# ** Warning: NUMERIC_STD.TO_INTEGER: metavalue detected, returning 0
#    Time: 808400 ns  Iteration: 5  Instance: /tb/MyRiscv/u_regfile/MUXB
# ** Warning: NUMERIC_STD.TO_INTEGER: metavalue detected, returning 0
#    Time: 828580 ns  Iteration: 2  Instance: /tb/MyRiscv/u_regfile/MUXB
# ** Warning: NUMERIC_STD.TO_INTEGER: metavalue detected, returning 0
#    Time: 828580 ns  Iteration: 2  Instance: /tb/MyRiscv/u_regfile/MUXA
# ** Warning: NUMERIC_STD.TO_INTEGER: metavalue detected, returning 0
#    Time: 828600 ns  Iteration: 5  Instance: /tb/MyRiscv/u_regfile/MUXA
# ** Warning: NUMERIC_STD.TO_INTEGER: metavalue detected, returning 0
#    Time: 828600 ns  Iteration: 5  Instance: /tb/MyRiscv/u_regfile/MUXB
# ** Warning: NUMERIC_STD.TO_INTEGER: metavalue detected, returning 0
#    Time: 848780 ns  Iteration: 2  Instance: /tb/MyRiscv/u_regfile/MUXB
# ** Warning: NUMERIC_STD.TO_INTEGER: metavalue detected, returning 0
#    Time: 848780 ns  Iteration: 2  Instance: /tb/MyRiscv/u_regfile/MUXA
# ** Warning: NUMERIC_STD.TO_INTEGER: metavalue detected, returning 0
#    Time: 848800 ns  Iteration: 5  Instance: /tb/MyRiscv/u_regfile/MUXA
# ** Warning: NUMERIC_STD.TO_INTEGER: metavalue detected, returning 0
#    Time: 848800 ns  Iteration: 5  Instance: /tb/MyRiscv/u_regfile/MUXB
# ** Warning: NUMERIC_STD.TO_INTEGER: metavalue detected, returning 0
#    Time: 868980 ns  Iteration: 2  Instance: /tb/MyRiscv/u_regfile/MUXB
# ** Warning: NUMERIC_STD.TO_INTEGER: metavalue detected, returning 0
#    Time: 868980 ns  Iteration: 2  Instance: /tb/MyRiscv/u_regfile/MUXA
# ** Warning: NUMERIC_STD.TO_INTEGER: metavalue detected, returning 0
#    Time: 869 us  Iteration: 5  Instance: /tb/MyRiscv/u_regfile/MUXA
# ** Warning: NUMERIC_STD.TO_INTEGER: metavalue detected, returning 0
#    Time: 869 us  Iteration: 5  Instance: /tb/MyRiscv/u_regfile/MUXB
# ** Warning: NUMERIC_STD.TO_INTEGER: metavalue detected, returning 0
#    Time: 889180 ns  Iteration: 2  Instance: /tb/MyRiscv/u_regfile/MUXB
# ** Warning: NUMERIC_STD.TO_INTEGER: metavalue detected, returning 0
#    Time: 889180 ns  Iteration: 2  Instance: /tb/MyRiscv/u_regfile/MUXA
# ** Warning: NUMERIC_STD.TO_INTEGER: metavalue detected, returning 0
#    Time: 889200 ns  Iteration: 5  Instance: /tb/MyRiscv/u_regfile/MUXA
# ** Warning: NUMERIC_STD.TO_INTEGER: metavalue detected, returning 0
#    Time: 889200 ns  Iteration: 5  Instance: /tb/MyRiscv/u_regfile/MUXB
# ** Warning: NUMERIC_STD.TO_INTEGER: metavalue detected, returning 0
#    Time: 909380 ns  Iteration: 2  Instance: /tb/MyRiscv/u_regfile/MUXB
# ** Warning: NUMERIC_STD.TO_INTEGER: metavalue detected, returning 0
#    Time: 909380 ns  Iteration: 2  Instance: /tb/MyRiscv/u_regfile/MUXA
# ** Warning: NUMERIC_STD.TO_INTEGER: metavalue detected, returning 0
#    Time: 909400 ns  Iteration: 5  Instance: /tb/MyRiscv/u_regfile/MUXA
# ** Warning: NUMERIC_STD.TO_INTEGER: metavalue detected, returning 0
#    Time: 909400 ns  Iteration: 5  Instance: /tb/MyRiscv/u_regfile/MUXB
# ** Warning: NUMERIC_STD.TO_INTEGER: metavalue detected, returning 0
#    Time: 929580 ns  Iteration: 2  Instance: /tb/MyRiscv/u_regfile/MUXB
# ** Warning: NUMERIC_STD.TO_INTEGER: metavalue detected, returning 0
#    Time: 929580 ns  Iteration: 2  Instance: /tb/MyRiscv/u_regfile/MUXA
# ** Warning: NUMERIC_STD.TO_INTEGER: metavalue detected, returning 0
#    Time: 929600 ns  Iteration: 5  Instance: /tb/MyRiscv/u_regfile/MUXA
# ** Warning: NUMERIC_STD.TO_INTEGER: metavalue detected, returning 0
#    Time: 929600 ns  Iteration: 5  Instance: /tb/MyRiscv/u_regfile/MUXB
# ** Warning: NUMERIC_STD.TO_INTEGER: metavalue detected, returning 0
#    Time: 949780 ns  Iteration: 2  Instance: /tb/MyRiscv/u_regfile/MUXB
# ** Warning: NUMERIC_STD.TO_INTEGER: metavalue detected, returning 0
#    Time: 949780 ns  Iteration: 2  Instance: /tb/MyRiscv/u_regfile/MUXA
# ** Warning: NUMERIC_STD.TO_INTEGER: metavalue detected, returning 0
#    Time: 949800 ns  Iteration: 5  Instance: /tb/MyRiscv/u_regfile/MUXA
# ** Warning: NUMERIC_STD.TO_INTEGER: metavalue detected, returning 0
#    Time: 949800 ns  Iteration: 5  Instance: /tb/MyRiscv/u_regfile/MUXB
# ** Warning: NUMERIC_STD.TO_INTEGER: metavalue detected, returning 0
#    Time: 969980 ns  Iteration: 2  Instance: /tb/MyRiscv/u_regfile/MUXB
# ** Warning: NUMERIC_STD.TO_INTEGER: metavalue detected, returning 0
#    Time: 969980 ns  Iteration: 2  Instance: /tb/MyRiscv/u_regfile/MUXA
# ** Warning: NUMERIC_STD.TO_INTEGER: metavalue detected, returning 0
#    Time: 970 us  Iteration: 5  Instance: /tb/MyRiscv/u_regfile/MUXA
# ** Warning: NUMERIC_STD.TO_INTEGER: metavalue detected, returning 0
#    Time: 970 us  Iteration: 5  Instance: /tb/MyRiscv/u_regfile/MUXB
# ** Warning: NUMERIC_STD.TO_INTEGER: metavalue detected, returning 0
#    Time: 990180 ns  Iteration: 2  Instance: /tb/MyRiscv/u_regfile/MUXB
# ** Warning: NUMERIC_STD.TO_INTEGER: metavalue detected, returning 0
#    Time: 990180 ns  Iteration: 2  Instance: /tb/MyRiscv/u_regfile/MUXA
# ** Warning: NUMERIC_STD.TO_INTEGER: metavalue detected, returning 0
#    Time: 990200 ns  Iteration: 5  Instance: /tb/MyRiscv/u_regfile/MUXA
# ** Warning: NUMERIC_STD.TO_INTEGER: metavalue detected, returning 0
#    Time: 990200 ns  Iteration: 5  Instance: /tb/MyRiscv/u_regfile/MUXB
# ** Warning: NUMERIC_STD.TO_INTEGER: metavalue detected, returning 0
#    Time: 1010380 ns  Iteration: 2  Instance: /tb/MyRiscv/u_regfile/MUXB
# ** Warning: NUMERIC_STD.TO_INTEGER: metavalue detected, returning 0
#    Time: 1010380 ns  Iteration: 2  Instance: /tb/MyRiscv/u_regfile/MUXA
# ** Warning: NUMERIC_STD.TO_INTEGER: metavalue detected, returning 0
#    Time: 1010400 ns  Iteration: 5  Instance: /tb/MyRiscv/u_regfile/MUXA
# ** Warning: NUMERIC_STD.TO_INTEGER: metavalue detected, returning 0
#    Time: 1010400 ns  Iteration: 5  Instance: /tb/MyRiscv/u_regfile/MUXB
# ** Warning: NUMERIC_STD.TO_INTEGER: metavalue detected, returning 0
#    Time: 1030580 ns  Iteration: 2  Instance: /tb/MyRiscv/u_regfile/MUXB
# ** Warning: NUMERIC_STD.TO_INTEGER: metavalue detected, returning 0
#    Time: 1030580 ns  Iteration: 2  Instance: /tb/MyRiscv/u_regfile/MUXA
# ** Warning: NUMERIC_STD.TO_INTEGER: metavalue detected, returning 0
#    Time: 1030600 ns  Iteration: 5  Instance: /tb/MyRiscv/u_regfile/MUXA
# ** Warning: NUMERIC_STD.TO_INTEGER: metavalue detected, returning 0
#    Time: 1030600 ns  Iteration: 5  Instance: /tb/MyRiscv/u_regfile/MUXB
# ** Warning: NUMERIC_STD.TO_INTEGER: metavalue detected, returning 0
#    Time: 1050780 ns  Iteration: 2  Instance: /tb/MyRiscv/u_regfile/MUXB
# ** Warning: NUMERIC_STD.TO_INTEGER: metavalue detected, returning 0
#    Time: 1050780 ns  Iteration: 2  Instance: /tb/MyRiscv/u_regfile/MUXA
# ** Warning: NUMERIC_STD.TO_INTEGER: metavalue detected, returning 0
#    Time: 1050800 ns  Iteration: 5  Instance: /tb/MyRiscv/u_regfile/MUXA
# ** Warning: NUMERIC_STD.TO_INTEGER: metavalue detected, returning 0
#    Time: 1050800 ns  Iteration: 5  Instance: /tb/MyRiscv/u_regfile/MUXB
# ** Warning: NUMERIC_STD.TO_INTEGER: metavalue detected, returning 0
#    Time: 1070980 ns  Iteration: 2  Instance: /tb/MyRiscv/u_regfile/MUXB
# ** Warning: NUMERIC_STD.TO_INTEGER: metavalue detected, returning 0
#    Time: 1070980 ns  Iteration: 2  Instance: /tb/MyRiscv/u_regfile/MUXA
# ** Warning: NUMERIC_STD.TO_INTEGER: metavalue detected, returning 0
#    Time: 1071 us  Iteration: 5  Instance: /tb/MyRiscv/u_regfile/MUXA
# ** Warning: NUMERIC_STD.TO_INTEGER: metavalue detected, returning 0
#    Time: 1071 us  Iteration: 5  Instance: /tb/MyRiscv/u_regfile/MUXB
# ** Warning: NUMERIC_STD.TO_INTEGER: metavalue detected, returning 0
#    Time: 1091180 ns  Iteration: 2  Instance: /tb/MyRiscv/u_regfile/MUXB
# ** Warning: NUMERIC_STD.TO_INTEGER: metavalue detected, returning 0
#    Time: 1091180 ns  Iteration: 2  Instance: /tb/MyRiscv/u_regfile/MUXA
# ** Warning: NUMERIC_STD.TO_INTEGER: metavalue detected, returning 0
#    Time: 1091200 ns  Iteration: 5  Instance: /tb/MyRiscv/u_regfile/MUXA
# ** Warning: NUMERIC_STD.TO_INTEGER: metavalue detected, returning 0
#    Time: 1091200 ns  Iteration: 5  Instance: /tb/MyRiscv/u_regfile/MUXB
# ** Warning: NUMERIC_STD.TO_INTEGER: metavalue detected, returning 0
#    Time: 1111380 ns  Iteration: 2  Instance: /tb/MyRiscv/u_regfile/MUXB
# ** Warning: NUMERIC_STD.TO_INTEGER: metavalue detected, returning 0
#    Time: 1111380 ns  Iteration: 2  Instance: /tb/MyRiscv/u_regfile/MUXA
# ** Warning: NUMERIC_STD.TO_INTEGER: metavalue detected, returning 0
#    Time: 1111400 ns  Iteration: 5  Instance: /tb/MyRiscv/u_regfile/MUXA
# ** Warning: NUMERIC_STD.TO_INTEGER: metavalue detected, returning 0
#    Time: 1111400 ns  Iteration: 5  Instance: /tb/MyRiscv/u_regfile/MUXB
# ** Warning: NUMERIC_STD.TO_INTEGER: metavalue detected, returning 0
#    Time: 1131580 ns  Iteration: 2  Instance: /tb/MyRiscv/u_regfile/MUXB
# ** Warning: NUMERIC_STD.TO_INTEGER: metavalue detected, returning 0
#    Time: 1131580 ns  Iteration: 2  Instance: /tb/MyRiscv/u_regfile/MUXA
# ** Warning: NUMERIC_STD.TO_INTEGER: metavalue detected, returning 0
#    Time: 1131600 ns  Iteration: 5  Instance: /tb/MyRiscv/u_regfile/MUXA
# ** Warning: NUMERIC_STD.TO_INTEGER: metavalue detected, returning 0
#    Time: 1131600 ns  Iteration: 5  Instance: /tb/MyRiscv/u_regfile/MUXB
# ** Warning: NUMERIC_STD.TO_INTEGER: metavalue detected, returning 0
#    Time: 1151780 ns  Iteration: 2  Instance: /tb/MyRiscv/u_regfile/MUXB
# ** Warning: NUMERIC_STD.TO_INTEGER: metavalue detected, returning 0
#    Time: 1151780 ns  Iteration: 2  Instance: /tb/MyRiscv/u_regfile/MUXA
# ** Warning: NUMERIC_STD.TO_INTEGER: metavalue detected, returning 0
#    Time: 1151800 ns  Iteration: 5  Instance: /tb/MyRiscv/u_regfile/MUXA
# ** Warning: NUMERIC_STD.TO_INTEGER: metavalue detected, returning 0
#    Time: 1151800 ns  Iteration: 5  Instance: /tb/MyRiscv/u_regfile/MUXB
# ** Warning: NUMERIC_STD.TO_INTEGER: metavalue detected, returning 0
#    Time: 1171980 ns  Iteration: 2  Instance: /tb/MyRiscv/u_regfile/MUXB
# ** Warning: NUMERIC_STD.TO_INTEGER: metavalue detected, returning 0
#    Time: 1171980 ns  Iteration: 2  Instance: /tb/MyRiscv/u_regfile/MUXA
# ** Warning: NUMERIC_STD.TO_INTEGER: metavalue detected, returning 0
#    Time: 1172 us  Iteration: 5  Instance: /tb/MyRiscv/u_regfile/MUXA
# ** Warning: NUMERIC_STD.TO_INTEGER: metavalue detected, returning 0
#    Time: 1172 us  Iteration: 5  Instance: /tb/MyRiscv/u_regfile/MUXB
# ** Warning: NUMERIC_STD.TO_INTEGER: metavalue detected, returning 0
#    Time: 1192180 ns  Iteration: 2  Instance: /tb/MyRiscv/u_regfile/MUXB
# ** Warning: NUMERIC_STD.TO_INTEGER: metavalue detected, returning 0
#    Time: 1192180 ns  Iteration: 2  Instance: /tb/MyRiscv/u_regfile/MUXA
# ** Warning: NUMERIC_STD.TO_INTEGER: metavalue detected, returning 0
#    Time: 1192200 ns  Iteration: 5  Instance: /tb/MyRiscv/u_regfile/MUXA
# ** Warning: NUMERIC_STD.TO_INTEGER: metavalue detected, returning 0
#    Time: 1192200 ns  Iteration: 5  Instance: /tb/MyRiscv/u_regfile/MUXB
# ** Warning: NUMERIC_STD.TO_INTEGER: metavalue detected, returning 0
#    Time: 1212380 ns  Iteration: 2  Instance: /tb/MyRiscv/u_regfile/MUXB
# ** Warning: NUMERIC_STD.TO_INTEGER: metavalue detected, returning 0
#    Time: 1212380 ns  Iteration: 2  Instance: /tb/MyRiscv/u_regfile/MUXA
# ** Warning: NUMERIC_STD.TO_INTEGER: metavalue detected, returning 0
#    Time: 1212400 ns  Iteration: 5  Instance: /tb/MyRiscv/u_regfile/MUXA
# ** Warning: NUMERIC_STD.TO_INTEGER: metavalue detected, returning 0
#    Time: 1212400 ns  Iteration: 5  Instance: /tb/MyRiscv/u_regfile/MUXB
# ** Warning: NUMERIC_STD.TO_INTEGER: metavalue detected, returning 0
#    Time: 1232580 ns  Iteration: 2  Instance: /tb/MyRiscv/u_regfile/MUXB
# ** Warning: NUMERIC_STD.TO_INTEGER: metavalue detected, returning 0
#    Time: 1232580 ns  Iteration: 2  Instance: /tb/MyRiscv/u_regfile/MUXA
# ** Warning: NUMERIC_STD.TO_INTEGER: metavalue detected, returning 0
#    Time: 1232600 ns  Iteration: 5  Instance: /tb/MyRiscv/u_regfile/MUXA
# ** Warning: NUMERIC_STD.TO_INTEGER: metavalue detected, returning 0
#    Time: 1232600 ns  Iteration: 5  Instance: /tb/MyRiscv/u_regfile/MUXB
# ** Warning: NUMERIC_STD.TO_INTEGER: metavalue detected, returning 0
#    Time: 1252780 ns  Iteration: 2  Instance: /tb/MyRiscv/u_regfile/MUXB
# ** Warning: NUMERIC_STD.TO_INTEGER: metavalue detected, returning 0
#    Time: 1252780 ns  Iteration: 2  Instance: /tb/MyRiscv/u_regfile/MUXA
# ** Warning: NUMERIC_STD.TO_INTEGER: metavalue detected, returning 0
#    Time: 1252800 ns  Iteration: 5  Instance: /tb/MyRiscv/u_regfile/MUXA
# ** Warning: NUMERIC_STD.TO_INTEGER: metavalue detected, returning 0
#    Time: 1252800 ns  Iteration: 5  Instance: /tb/MyRiscv/u_regfile/MUXB
# ** Warning: NUMERIC_STD.TO_INTEGER: metavalue detected, returning 0
#    Time: 1272980 ns  Iteration: 2  Instance: /tb/MyRiscv/u_regfile/MUXB
# ** Warning: NUMERIC_STD.TO_INTEGER: metavalue detected, returning 0
#    Time: 1272980 ns  Iteration: 2  Instance: /tb/MyRiscv/u_regfile/MUXA
# ** Warning: NUMERIC_STD.TO_INTEGER: metavalue detected, returning 0
#    Time: 1273 us  Iteration: 5  Instance: /tb/MyRiscv/u_regfile/MUXA
# ** Warning: NUMERIC_STD.TO_INTEGER: metavalue detected, returning 0
#    Time: 1273 us  Iteration: 5  Instance: /tb/MyRiscv/u_regfile/MUXB
# ** Warning: NUMERIC_STD.TO_INTEGER: metavalue detected, returning 0
#    Time: 1293180 ns  Iteration: 2  Instance: /tb/MyRiscv/u_regfile/MUXB
# ** Warning: NUMERIC_STD.TO_INTEGER: metavalue detected, returning 0
#    Time: 1293180 ns  Iteration: 2  Instance: /tb/MyRiscv/u_regfile/MUXA
# ** Warning: NUMERIC_STD.TO_INTEGER: metavalue detected, returning 0
#    Time: 1293200 ns  Iteration: 5  Instance: /tb/MyRiscv/u_regfile/MUXA
# ** Warning: NUMERIC_STD.TO_INTEGER: metavalue detected, returning 0
#    Time: 1293200 ns  Iteration: 5  Instance: /tb/MyRiscv/u_regfile/MUXB
# ** Warning: NUMERIC_STD.TO_INTEGER: metavalue detected, returning 0
#    Time: 1313380 ns  Iteration: 2  Instance: /tb/MyRiscv/u_regfile/MUXB
# ** Warning: NUMERIC_STD.TO_INTEGER: metavalue detected, returning 0
#    Time: 1313380 ns  Iteration: 2  Instance: /tb/MyRiscv/u_regfile/MUXA
# ** Warning: NUMERIC_STD.TO_INTEGER: metavalue detected, returning 0
#    Time: 1313400 ns  Iteration: 5  Instance: /tb/MyRiscv/u_regfile/MUXA
# ** Warning: NUMERIC_STD.TO_INTEGER: metavalue detected, returning 0
#    Time: 1313400 ns  Iteration: 5  Instance: /tb/MyRiscv/u_regfile/MUXB
# ** Warning: NUMERIC_STD.TO_INTEGER: metavalue detected, returning 0
#    Time: 1333580 ns  Iteration: 2  Instance: /tb/MyRiscv/u_regfile/MUXB
# ** Warning: NUMERIC_STD.TO_INTEGER: metavalue detected, returning 0
#    Time: 1333580 ns  Iteration: 2  Instance: /tb/MyRiscv/u_regfile/MUXA
# ** Warning: NUMERIC_STD.TO_INTEGER: metavalue detected, returning 0
#    Time: 1333600 ns  Iteration: 5  Instance: /tb/MyRiscv/u_regfile/MUXA
# ** Warning: NUMERIC_STD.TO_INTEGER: metavalue detected, returning 0
#    Time: 1333600 ns  Iteration: 5  Instance: /tb/MyRiscv/u_regfile/MUXB
# ** Warning: NUMERIC_STD.TO_INTEGER: metavalue detected, returning 0
#    Time: 1353780 ns  Iteration: 2  Instance: /tb/MyRiscv/u_regfile/MUXB
# ** Warning: NUMERIC_STD.TO_INTEGER: metavalue detected, returning 0
#    Time: 1353780 ns  Iteration: 2  Instance: /tb/MyRiscv/u_regfile/MUXA
# ** Warning: NUMERIC_STD.TO_INTEGER: metavalue detected, returning 0
#    Time: 1353800 ns  Iteration: 5  Instance: /tb/MyRiscv/u_regfile/MUXA
# ** Warning: NUMERIC_STD.TO_INTEGER: metavalue detected, returning 0
#    Time: 1353800 ns  Iteration: 5  Instance: /tb/MyRiscv/u_regfile/MUXB
# ** Warning: NUMERIC_STD.TO_INTEGER: metavalue detected, returning 0
#    Time: 1373980 ns  Iteration: 2  Instance: /tb/MyRiscv/u_regfile/MUXB
# ** Warning: NUMERIC_STD.TO_INTEGER: metavalue detected, returning 0
#    Time: 1373980 ns  Iteration: 2  Instance: /tb/MyRiscv/u_regfile/MUXA
# ** Warning: NUMERIC_STD.TO_INTEGER: metavalue detected, returning 0
#    Time: 1374 us  Iteration: 5  Instance: /tb/MyRiscv/u_regfile/MUXA
# ** Warning: NUMERIC_STD.TO_INTEGER: metavalue detected, returning 0
#    Time: 1374 us  Iteration: 5  Instance: /tb/MyRiscv/u_regfile/MUXB
# ** Warning: NUMERIC_STD.TO_INTEGER: metavalue detected, returning 0
#    Time: 1394180 ns  Iteration: 2  Instance: /tb/MyRiscv/u_regfile/MUXB
# ** Warning: NUMERIC_STD.TO_INTEGER: metavalue detected, returning 0
#    Time: 1394180 ns  Iteration: 2  Instance: /tb/MyRiscv/u_regfile/MUXA
# ** Warning: NUMERIC_STD.TO_INTEGER: metavalue detected, returning 0
#    Time: 1394200 ns  Iteration: 5  Instance: /tb/MyRiscv/u_regfile/MUXA
# ** Warning: NUMERIC_STD.TO_INTEGER: metavalue detected, returning 0
#    Time: 1394200 ns  Iteration: 5  Instance: /tb/MyRiscv/u_regfile/MUXB
# ** Warning: NUMERIC_STD.TO_INTEGER: metavalue detected, returning 0
#    Time: 1414380 ns  Iteration: 2  Instance: /tb/MyRiscv/u_regfile/MUXB
# ** Warning: NUMERIC_STD.TO_INTEGER: metavalue detected, returning 0
#    Time: 1414380 ns  Iteration: 2  Instance: /tb/MyRiscv/u_regfile/MUXA
# ** Warning: NUMERIC_STD.TO_INTEGER: metavalue detected, returning 0
#    Time: 1414400 ns  Iteration: 5  Instance: /tb/MyRiscv/u_regfile/MUXA
# ** Warning: NUMERIC_STD.TO_INTEGER: metavalue detected, returning 0
#    Time: 1414400 ns  Iteration: 5  Instance: /tb/MyRiscv/u_regfile/MUXB
# ** Warning: NUMERIC_STD.TO_INTEGER: metavalue detected, returning 0
#    Time: 1434580 ns  Iteration: 2  Instance: /tb/MyRiscv/u_regfile/MUXB
# ** Warning: NUMERIC_STD.TO_INTEGER: metavalue detected, returning 0
#    Time: 1434580 ns  Iteration: 2  Instance: /tb/MyRiscv/u_regfile/MUXA
# ** Warning: NUMERIC_STD.TO_INTEGER: metavalue detected, returning 0
#    Time: 1434600 ns  Iteration: 5  Instance: /tb/MyRiscv/u_regfile/MUXA
# ** Warning: NUMERIC_STD.TO_INTEGER: metavalue detected, returning 0
#    Time: 1434600 ns  Iteration: 5  Instance: /tb/MyRiscv/u_regfile/MUXB
# ** Warning: NUMERIC_STD.TO_INTEGER: metavalue detected, returning 0
#    Time: 1454780 ns  Iteration: 2  Instance: /tb/MyRiscv/u_regfile/MUXB
# ** Warning: NUMERIC_STD.TO_INTEGER: metavalue detected, returning 0
#    Time: 1454780 ns  Iteration: 2  Instance: /tb/MyRiscv/u_regfile/MUXA
# ** Warning: NUMERIC_STD.TO_INTEGER: metavalue detected, returning 0
#    Time: 1454800 ns  Iteration: 5  Instance: /tb/MyRiscv/u_regfile/MUXA
# ** Warning: NUMERIC_STD.TO_INTEGER: metavalue detected, returning 0
#    Time: 1454800 ns  Iteration: 5  Instance: /tb/MyRiscv/u_regfile/MUXB
# ** Warning: NUMERIC_STD.TO_INTEGER: metavalue detected, returning 0
#    Time: 1474980 ns  Iteration: 2  Instance: /tb/MyRiscv/u_regfile/MUXB
# ** Warning: NUMERIC_STD.TO_INTEGER: metavalue detected, returning 0
#    Time: 1474980 ns  Iteration: 2  Instance: /tb/MyRiscv/u_regfile/MUXA
# ** Warning: NUMERIC_STD.TO_INTEGER: metavalue detected, returning 0
#    Time: 1475 us  Iteration: 5  Instance: /tb/MyRiscv/u_regfile/MUXA
# ** Warning: NUMERIC_STD.TO_INTEGER: metavalue detected, returning 0
#    Time: 1475 us  Iteration: 5  Instance: /tb/MyRiscv/u_regfile/MUXB
# ** Warning: NUMERIC_STD.TO_INTEGER: metavalue detected, returning 0
#    Time: 1495180 ns  Iteration: 2  Instance: /tb/MyRiscv/u_regfile/MUXB
# ** Warning: NUMERIC_STD.TO_INTEGER: metavalue detected, returning 0
#    Time: 1495180 ns  Iteration: 2  Instance: /tb/MyRiscv/u_regfile/MUXA
# ** Warning: NUMERIC_STD.TO_INTEGER: metavalue detected, returning 0
#    Time: 1495200 ns  Iteration: 5  Instance: /tb/MyRiscv/u_regfile/MUXA
# ** Warning: NUMERIC_STD.TO_INTEGER: metavalue detected, returning 0
#    Time: 1495200 ns  Iteration: 5  Instance: /tb/MyRiscv/u_regfile/MUXB
# ** Warning: NUMERIC_STD.TO_INTEGER: metavalue detected, returning 0
#    Time: 1515380 ns  Iteration: 2  Instance: /tb/MyRiscv/u_regfile/MUXB
# ** Warning: NUMERIC_STD.TO_INTEGER: metavalue detected, returning 0
#    Time: 1515380 ns  Iteration: 2  Instance: /tb/MyRiscv/u_regfile/MUXA
# ** Warning: NUMERIC_STD.TO_INTEGER: metavalue detected, returning 0
#    Time: 1515400 ns  Iteration: 5  Instance: /tb/MyRiscv/u_regfile/MUXA
# ** Warning: NUMERIC_STD.TO_INTEGER: metavalue detected, returning 0
#    Time: 1515400 ns  Iteration: 5  Instance: /tb/MyRiscv/u_regfile/MUXB
# ** Warning: NUMERIC_STD.TO_INTEGER: metavalue detected, returning 0
#    Time: 1535580 ns  Iteration: 2  Instance: /tb/MyRiscv/u_regfile/MUXB
# ** Warning: NUMERIC_STD.TO_INTEGER: metavalue detected, returning 0
#    Time: 1535580 ns  Iteration: 2  Instance: /tb/MyRiscv/u_regfile/MUXA
# ** Warning: NUMERIC_STD.TO_INTEGER: metavalue detected, returning 0
#    Time: 1535600 ns  Iteration: 5  Instance: /tb/MyRiscv/u_regfile/MUXA
# ** Warning: NUMERIC_STD.TO_INTEGER: metavalue detected, returning 0
#    Time: 1535600 ns  Iteration: 5  Instance: /tb/MyRiscv/u_regfile/MUXB
# ** Warning: NUMERIC_STD.TO_INTEGER: metavalue detected, returning 0
#    Time: 1555780 ns  Iteration: 2  Instance: /tb/MyRiscv/u_regfile/MUXB
# ** Warning: NUMERIC_STD.TO_INTEGER: metavalue detected, returning 0
#    Time: 1555780 ns  Iteration: 2  Instance: /tb/MyRiscv/u_regfile/MUXA
# ** Warning: NUMERIC_STD.TO_INTEGER: metavalue detected, returning 0
#    Time: 1555800 ns  Iteration: 5  Instance: /tb/MyRiscv/u_regfile/MUXA
# ** Warning: NUMERIC_STD.TO_INTEGER: metavalue detected, returning 0
#    Time: 1555800 ns  Iteration: 5  Instance: /tb/MyRiscv/u_regfile/MUXB
# ** Warning: NUMERIC_STD.TO_INTEGER: metavalue detected, returning 0
#    Time: 1575980 ns  Iteration: 2  Instance: /tb/MyRiscv/u_regfile/MUXB
# ** Warning: NUMERIC_STD.TO_INTEGER: metavalue detected, returning 0
#    Time: 1575980 ns  Iteration: 2  Instance: /tb/MyRiscv/u_regfile/MUXA
# ** Warning: NUMERIC_STD.TO_INTEGER: metavalue detected, returning 0
#    Time: 1576 us  Iteration: 5  Instance: /tb/MyRiscv/u_regfile/MUXA
# ** Warning: NUMERIC_STD.TO_INTEGER: metavalue detected, returning 0
#    Time: 1576 us  Iteration: 5  Instance: /tb/MyRiscv/u_regfile/MUXB
# ** Warning: NUMERIC_STD.TO_INTEGER: metavalue detected, returning 0
#    Time: 1596180 ns  Iteration: 2  Instance: /tb/MyRiscv/u_regfile/MUXB
# ** Warning: NUMERIC_STD.TO_INTEGER: metavalue detected, returning 0
#    Time: 1596180 ns  Iteration: 2  Instance: /tb/MyRiscv/u_regfile/MUXA
# ** Warning: NUMERIC_STD.TO_INTEGER: metavalue detected, returning 0
#    Time: 1596200 ns  Iteration: 5  Instance: /tb/MyRiscv/u_regfile/MUXA
# ** Warning: NUMERIC_STD.TO_INTEGER: metavalue detected, returning 0
#    Time: 1596200 ns  Iteration: 5  Instance: /tb/MyRiscv/u_regfile/MUXB
# ** Warning: NUMERIC_STD.TO_INTEGER: metavalue detected, returning 0
#    Time: 1616380 ns  Iteration: 2  Instance: /tb/MyRiscv/u_regfile/MUXB
# ** Warning: NUMERIC_STD.TO_INTEGER: metavalue detected, returning 0
#    Time: 1616380 ns  Iteration: 2  Instance: /tb/MyRiscv/u_regfile/MUXA
# ** Warning: NUMERIC_STD.TO_INTEGER: metavalue detected, returning 0
#    Time: 1616400 ns  Iteration: 5  Instance: /tb/MyRiscv/u_regfile/MUXA
# ** Warning: NUMERIC_STD.TO_INTEGER: metavalue detected, returning 0
#    Time: 1616400 ns  Iteration: 5  Instance: /tb/MyRiscv/u_regfile/MUXB
# ** Warning: NUMERIC_STD.TO_INTEGER: metavalue detected, returning 0
#    Time: 1636580 ns  Iteration: 2  Instance: /tb/MyRiscv/u_regfile/MUXB
# ** Warning: NUMERIC_STD.TO_INTEGER: metavalue detected, returning 0
#    Time: 1636580 ns  Iteration: 2  Instance: /tb/MyRiscv/u_regfile/MUXA
# ** Warning: NUMERIC_STD.TO_INTEGER: metavalue detected, returning 0
#    Time: 1636600 ns  Iteration: 5  Instance: /tb/MyRiscv/u_regfile/MUXA
# ** Warning: NUMERIC_STD.TO_INTEGER: metavalue detected, returning 0
#    Time: 1636600 ns  Iteration: 5  Instance: /tb/MyRiscv/u_regfile/MUXB
# ** Warning: NUMERIC_STD.TO_INTEGER: metavalue detected, returning 0
#    Time: 1656780 ns  Iteration: 2  Instance: /tb/MyRiscv/u_regfile/MUXB
# ** Warning: NUMERIC_STD.TO_INTEGER: metavalue detected, returning 0
#    Time: 1656780 ns  Iteration: 2  Instance: /tb/MyRiscv/u_regfile/MUXA
# ** Warning: NUMERIC_STD.TO_INTEGER: metavalue detected, returning 0
#    Time: 1656800 ns  Iteration: 5  Instance: /tb/MyRiscv/u_regfile/MUXA
# ** Warning: NUMERIC_STD.TO_INTEGER: metavalue detected, returning 0
#    Time: 1656800 ns  Iteration: 5  Instance: /tb/MyRiscv/u_regfile/MUXB
# ** Warning: NUMERIC_STD.TO_INTEGER: metavalue detected, returning 0
#    Time: 1676980 ns  Iteration: 2  Instance: /tb/MyRiscv/u_regfile/MUXB
# ** Warning: NUMERIC_STD.TO_INTEGER: metavalue detected, returning 0
#    Time: 1676980 ns  Iteration: 2  Instance: /tb/MyRiscv/u_regfile/MUXA
# ** Warning: NUMERIC_STD.TO_INTEGER: metavalue detected, returning 0
#    Time: 1677 us  Iteration: 5  Instance: /tb/MyRiscv/u_regfile/MUXA
# ** Warning: NUMERIC_STD.TO_INTEGER: metavalue detected, returning 0
#    Time: 1677 us  Iteration: 5  Instance: /tb/MyRiscv/u_regfile/MUXB
# ** Warning: NUMERIC_STD.TO_INTEGER: metavalue detected, returning 0
#    Time: 1697180 ns  Iteration: 2  Instance: /tb/MyRiscv/u_regfile/MUXB
# ** Warning: NUMERIC_STD.TO_INTEGER: metavalue detected, returning 0
#    Time: 1697180 ns  Iteration: 2  Instance: /tb/MyRiscv/u_regfile/MUXA
# ** Warning: NUMERIC_STD.TO_INTEGER: metavalue detected, returning 0
#    Time: 1697200 ns  Iteration: 5  Instance: /tb/MyRiscv/u_regfile/MUXA
# ** Warning: NUMERIC_STD.TO_INTEGER: metavalue detected, returning 0
#    Time: 1697200 ns  Iteration: 5  Instance: /tb/MyRiscv/u_regfile/MUXB
# ** Warning: NUMERIC_STD.TO_INTEGER: metavalue detected, returning 0
#    Time: 1717380 ns  Iteration: 2  Instance: /tb/MyRiscv/u_regfile/MUXB
# ** Warning: NUMERIC_STD.TO_INTEGER: metavalue detected, returning 0
#    Time: 1717380 ns  Iteration: 2  Instance: /tb/MyRiscv/u_regfile/MUXA
# ** Warning: NUMERIC_STD.TO_INTEGER: metavalue detected, returning 0
#    Time: 1717400 ns  Iteration: 5  Instance: /tb/MyRiscv/u_regfile/MUXA
# ** Warning: NUMERIC_STD.TO_INTEGER: metavalue detected, returning 0
#    Time: 1717400 ns  Iteration: 5  Instance: /tb/MyRiscv/u_regfile/MUXB
# ** Warning: NUMERIC_STD.TO_INTEGER: metavalue detected, returning 0
#    Time: 1737580 ns  Iteration: 2  Instance: /tb/MyRiscv/u_regfile/MUXB
# ** Warning: NUMERIC_STD.TO_INTEGER: metavalue detected, returning 0
#    Time: 1737580 ns  Iteration: 2  Instance: /tb/MyRiscv/u_regfile/MUXA
# ** Warning: NUMERIC_STD.TO_INTEGER: metavalue detected, returning 0
#    Time: 1737600 ns  Iteration: 5  Instance: /tb/MyRiscv/u_regfile/MUXA
# ** Warning: NUMERIC_STD.TO_INTEGER: metavalue detected, returning 0
#    Time: 1737600 ns  Iteration: 5  Instance: /tb/MyRiscv/u_regfile/MUXB
# ** Warning: NUMERIC_STD.TO_INTEGER: metavalue detected, returning 0
#    Time: 1757780 ns  Iteration: 2  Instance: /tb/MyRiscv/u_regfile/MUXB
# ** Warning: NUMERIC_STD.TO_INTEGER: metavalue detected, returning 0
#    Time: 1757780 ns  Iteration: 2  Instance: /tb/MyRiscv/u_regfile/MUXA
# ** Warning: NUMERIC_STD.TO_INTEGER: metavalue detected, returning 0
#    Time: 1757800 ns  Iteration: 5  Instance: /tb/MyRiscv/u_regfile/MUXA
# ** Warning: NUMERIC_STD.TO_INTEGER: metavalue detected, returning 0
#    Time: 1757800 ns  Iteration: 5  Instance: /tb/MyRiscv/u_regfile/MUXB
# ** Warning: NUMERIC_STD.TO_INTEGER: metavalue detected, returning 0
#    Time: 1777980 ns  Iteration: 2  Instance: /tb/MyRiscv/u_regfile/MUXB
# ** Warning: NUMERIC_STD.TO_INTEGER: metavalue detected, returning 0
#    Time: 1777980 ns  Iteration: 2  Instance: /tb/MyRiscv/u_regfile/MUXA
# ** Warning: NUMERIC_STD.TO_INTEGER: metavalue detected, returning 0
#    Time: 1778 us  Iteration: 5  Instance: /tb/MyRiscv/u_regfile/MUXA
# ** Warning: NUMERIC_STD.TO_INTEGER: metavalue detected, returning 0
#    Time: 1778 us  Iteration: 5  Instance: /tb/MyRiscv/u_regfile/MUXB
# ** Warning: NUMERIC_STD.TO_INTEGER: metavalue detected, returning 0
#    Time: 1798180 ns  Iteration: 2  Instance: /tb/MyRiscv/u_regfile/MUXB
# ** Warning: NUMERIC_STD.TO_INTEGER: metavalue detected, returning 0
#    Time: 1798180 ns  Iteration: 2  Instance: /tb/MyRiscv/u_regfile/MUXA
# ** Warning: NUMERIC_STD.TO_INTEGER: metavalue detected, returning 0
#    Time: 1798200 ns  Iteration: 5  Instance: /tb/MyRiscv/u_regfile/MUXA
# ** Warning: NUMERIC_STD.TO_INTEGER: metavalue detected, returning 0
#    Time: 1798200 ns  Iteration: 5  Instance: /tb/MyRiscv/u_regfile/MUXB
# ** Warning: NUMERIC_STD.TO_INTEGER: metavalue detected, returning 0
#    Time: 1818380 ns  Iteration: 2  Instance: /tb/MyRiscv/u_regfile/MUXB
# ** Warning: NUMERIC_STD.TO_INTEGER: metavalue detected, returning 0
#    Time: 1818380 ns  Iteration: 2  Instance: /tb/MyRiscv/u_regfile/MUXA
# ** Warning: NUMERIC_STD.TO_INTEGER: metavalue detected, returning 0
#    Time: 1818400 ns  Iteration: 5  Instance: /tb/MyRiscv/u_regfile/MUXA
# ** Warning: NUMERIC_STD.TO_INTEGER: metavalue detected, returning 0
#    Time: 1818400 ns  Iteration: 5  Instance: /tb/MyRiscv/u_regfile/MUXB
# ** Warning: NUMERIC_STD.TO_INTEGER: metavalue detected, returning 0
#    Time: 1838580 ns  Iteration: 2  Instance: /tb/MyRiscv/u_regfile/MUXB
# ** Warning: NUMERIC_STD.TO_INTEGER: metavalue detected, returning 0
#    Time: 1838580 ns  Iteration: 2  Instance: /tb/MyRiscv/u_regfile/MUXA
# ** Warning: NUMERIC_STD.TO_INTEGER: metavalue detected, returning 0
#    Time: 1838600 ns  Iteration: 5  Instance: /tb/MyRiscv/u_regfile/MUXA
# ** Warning: NUMERIC_STD.TO_INTEGER: metavalue detected, returning 0
#    Time: 1838600 ns  Iteration: 5  Instance: /tb/MyRiscv/u_regfile/MUXB
# ** Warning: NUMERIC_STD.TO_INTEGER: metavalue detected, returning 0
#    Time: 1858780 ns  Iteration: 2  Instance: /tb/MyRiscv/u_regfile/MUXB
# ** Warning: NUMERIC_STD.TO_INTEGER: metavalue detected, returning 0
#    Time: 1858780 ns  Iteration: 2  Instance: /tb/MyRiscv/u_regfile/MUXA
# ** Warning: NUMERIC_STD.TO_INTEGER: metavalue detected, returning 0
#    Time: 1858800 ns  Iteration: 5  Instance: /tb/MyRiscv/u_regfile/MUXA
# ** Warning: NUMERIC_STD.TO_INTEGER: metavalue detected, returning 0
#    Time: 1858800 ns  Iteration: 5  Instance: /tb/MyRiscv/u_regfile/MUXB
# ** Warning: NUMERIC_STD.TO_INTEGER: metavalue detected, returning 0
#    Time: 1878980 ns  Iteration: 2  Instance: /tb/MyRiscv/u_regfile/MUXB
# ** Warning: NUMERIC_STD.TO_INTEGER: metavalue detected, returning 0
#    Time: 1878980 ns  Iteration: 2  Instance: /tb/MyRiscv/u_regfile/MUXA
# ** Warning: NUMERIC_STD.TO_INTEGER: metavalue detected, returning 0
#    Time: 1879 us  Iteration: 5  Instance: /tb/MyRiscv/u_regfile/MUXA
# ** Warning: NUMERIC_STD.TO_INTEGER: metavalue detected, returning 0
#    Time: 1879 us  Iteration: 5  Instance: /tb/MyRiscv/u_regfile/MUXB
# ** Warning: NUMERIC_STD.TO_INTEGER: metavalue detected, returning 0
#    Time: 1899180 ns  Iteration: 2  Instance: /tb/MyRiscv/u_regfile/MUXB
# ** Warning: NUMERIC_STD.TO_INTEGER: metavalue detected, returning 0
#    Time: 1899180 ns  Iteration: 2  Instance: /tb/MyRiscv/u_regfile/MUXA
# ** Warning: NUMERIC_STD.TO_INTEGER: metavalue detected, returning 0
#    Time: 1899200 ns  Iteration: 5  Instance: /tb/MyRiscv/u_regfile/MUXA
# ** Warning: NUMERIC_STD.TO_INTEGER: metavalue detected, returning 0
#    Time: 1899200 ns  Iteration: 5  Instance: /tb/MyRiscv/u_regfile/MUXB
# ** Warning: NUMERIC_STD.TO_INTEGER: metavalue detected, returning 0
#    Time: 1919380 ns  Iteration: 2  Instance: /tb/MyRiscv/u_regfile/MUXB
# ** Warning: NUMERIC_STD.TO_INTEGER: metavalue detected, returning 0
#    Time: 1919380 ns  Iteration: 2  Instance: /tb/MyRiscv/u_regfile/MUXA
# ** Warning: NUMERIC_STD.TO_INTEGER: metavalue detected, returning 0
#    Time: 1919400 ns  Iteration: 5  Instance: /tb/MyRiscv/u_regfile/MUXA
# ** Warning: NUMERIC_STD.TO_INTEGER: metavalue detected, returning 0
#    Time: 1919400 ns  Iteration: 5  Instance: /tb/MyRiscv/u_regfile/MUXB
# ** Warning: NUMERIC_STD.TO_INTEGER: metavalue detected, returning 0
#    Time: 1939580 ns  Iteration: 2  Instance: /tb/MyRiscv/u_regfile/MUXB
# ** Warning: NUMERIC_STD.TO_INTEGER: metavalue detected, returning 0
#    Time: 1939580 ns  Iteration: 2  Instance: /tb/MyRiscv/u_regfile/MUXA
# ** Warning: NUMERIC_STD.TO_INTEGER: metavalue detected, returning 0
#    Time: 1939600 ns  Iteration: 5  Instance: /tb/MyRiscv/u_regfile/MUXA
# ** Warning: NUMERIC_STD.TO_INTEGER: metavalue detected, returning 0
#    Time: 1939600 ns  Iteration: 5  Instance: /tb/MyRiscv/u_regfile/MUXB
# ** Warning: NUMERIC_STD.TO_INTEGER: metavalue detected, returning 0
#    Time: 1959780 ns  Iteration: 2  Instance: /tb/MyRiscv/u_regfile/MUXB
# ** Warning: NUMERIC_STD.TO_INTEGER: metavalue detected, returning 0
#    Time: 1959780 ns  Iteration: 2  Instance: /tb/MyRiscv/u_regfile/MUXA
# ** Warning: NUMERIC_STD.TO_INTEGER: metavalue detected, returning 0
#    Time: 1959800 ns  Iteration: 5  Instance: /tb/MyRiscv/u_regfile/MUXA
# ** Warning: NUMERIC_STD.TO_INTEGER: metavalue detected, returning 0
#    Time: 1959800 ns  Iteration: 5  Instance: /tb/MyRiscv/u_regfile/MUXB
# ** Warning: NUMERIC_STD.TO_INTEGER: metavalue detected, returning 0
#    Time: 1979980 ns  Iteration: 2  Instance: /tb/MyRiscv/u_regfile/MUXB
# ** Warning: NUMERIC_STD.TO_INTEGER: metavalue detected, returning 0
#    Time: 1979980 ns  Iteration: 2  Instance: /tb/MyRiscv/u_regfile/MUXA
# ** Warning: NUMERIC_STD.TO_INTEGER: metavalue detected, returning 0
#    Time: 1980 us  Iteration: 5  Instance: /tb/MyRiscv/u_regfile/MUXA
# ** Warning: NUMERIC_STD.TO_INTEGER: metavalue detected, returning 0
#    Time: 1980 us  Iteration: 5  Instance: /tb/MyRiscv/u_regfile/MUXB
# ** Warning: NUMERIC_STD.TO_INTEGER: metavalue detected, returning 0
#    Time: 2000180 ns  Iteration: 2  Instance: /tb/MyRiscv/u_regfile/MUXB
# ** Warning: NUMERIC_STD.TO_INTEGER: metavalue detected, returning 0
#    Time: 2000180 ns  Iteration: 2  Instance: /tb/MyRiscv/u_regfile/MUXA
# ** Warning: NUMERIC_STD.TO_INTEGER: metavalue detected, returning 0
#    Time: 2000200 ns  Iteration: 5  Instance: /tb/MyRiscv/u_regfile/MUXA
# ** Warning: NUMERIC_STD.TO_INTEGER: metavalue detected, returning 0
#    Time: 2000200 ns  Iteration: 5  Instance: /tb/MyRiscv/u_regfile/MUXB
# ** Warning: NUMERIC_STD.TO_INTEGER: metavalue detected, returning 0
#    Time: 2020380 ns  Iteration: 2  Instance: /tb/MyRiscv/u_regfile/MUXB
# ** Warning: NUMERIC_STD.TO_INTEGER: metavalue detected, returning 0
#    Time: 2020380 ns  Iteration: 2  Instance: /tb/MyRiscv/u_regfile/MUXA
# ** Warning: NUMERIC_STD.TO_INTEGER: metavalue detected, returning 0
#    Time: 2020400 ns  Iteration: 5  Instance: /tb/MyRiscv/u_regfile/MUXA
# ** Warning: NUMERIC_STD.TO_INTEGER: metavalue detected, returning 0
#    Time: 2020400 ns  Iteration: 5  Instance: /tb/MyRiscv/u_regfile/MUXB
# ** Warning: NUMERIC_STD.TO_INTEGER: metavalue detected, returning 0
#    Time: 2040580 ns  Iteration: 2  Instance: /tb/MyRiscv/u_regfile/MUXB
# ** Warning: NUMERIC_STD.TO_INTEGER: metavalue detected, returning 0
#    Time: 2040580 ns  Iteration: 2  Instance: /tb/MyRiscv/u_regfile/MUXA
# ** Warning: NUMERIC_STD.TO_INTEGER: metavalue detected, returning 0
#    Time: 2040600 ns  Iteration: 5  Instance: /tb/MyRiscv/u_regfile/MUXA
# ** Warning: NUMERIC_STD.TO_INTEGER: metavalue detected, returning 0
#    Time: 2040600 ns  Iteration: 5  Instance: /tb/MyRiscv/u_regfile/MUXB
# ** Warning: NUMERIC_STD.TO_INTEGER: metavalue detected, returning 0
#    Time: 2060780 ns  Iteration: 2  Instance: /tb/MyRiscv/u_regfile/MUXB
# ** Warning: NUMERIC_STD.TO_INTEGER: metavalue detected, returning 0
#    Time: 2060780 ns  Iteration: 2  Instance: /tb/MyRiscv/u_regfile/MUXA
# ** Warning: NUMERIC_STD.TO_INTEGER: metavalue detected, returning 0
#    Time: 2060800 ns  Iteration: 5  Instance: /tb/MyRiscv/u_regfile/MUXA
# ** Warning: NUMERIC_STD.TO_INTEGER: metavalue detected, returning 0
#    Time: 2060800 ns  Iteration: 5  Instance: /tb/MyRiscv/u_regfile/MUXB
# ** Warning: NUMERIC_STD.TO_INTEGER: metavalue detected, returning 0
#    Time: 2080980 ns  Iteration: 2  Instance: /tb/MyRiscv/u_regfile/MUXB
# ** Warning: NUMERIC_STD.TO_INTEGER: metavalue detected, returning 0
#    Time: 2080980 ns  Iteration: 2  Instance: /tb/MyRiscv/u_regfile/MUXA
# ** Warning: NUMERIC_STD.TO_INTEGER: metavalue detected, returning 0
#    Time: 2081 us  Iteration: 5  Instance: /tb/MyRiscv/u_regfile/MUXA
# ** Warning: NUMERIC_STD.TO_INTEGER: metavalue detected, returning 0
#    Time: 2081 us  Iteration: 5  Instance: /tb/MyRiscv/u_regfile/MUXB
# ** Warning: NUMERIC_STD.TO_INTEGER: metavalue detected, returning 0
#    Time: 2101180 ns  Iteration: 2  Instance: /tb/MyRiscv/u_regfile/MUXB
# ** Warning: NUMERIC_STD.TO_INTEGER: metavalue detected, returning 0
#    Time: 2101180 ns  Iteration: 2  Instance: /tb/MyRiscv/u_regfile/MUXA
# ** Warning: NUMERIC_STD.TO_INTEGER: metavalue detected, returning 0
#    Time: 2101200 ns  Iteration: 5  Instance: /tb/MyRiscv/u_regfile/MUXA
# ** Warning: NUMERIC_STD.TO_INTEGER: metavalue detected, returning 0
#    Time: 2101200 ns  Iteration: 5  Instance: /tb/MyRiscv/u_regfile/MUXB
# ** Warning: NUMERIC_STD.TO_INTEGER: metavalue detected, returning 0
#    Time: 2121380 ns  Iteration: 2  Instance: /tb/MyRiscv/u_regfile/MUXB
# ** Warning: NUMERIC_STD.TO_INTEGER: metavalue detected, returning 0
#    Time: 2121380 ns  Iteration: 2  Instance: /tb/MyRiscv/u_regfile/MUXA
# ** Warning: NUMERIC_STD.TO_INTEGER: metavalue detected, returning 0
#    Time: 2121400 ns  Iteration: 5  Instance: /tb/MyRiscv/u_regfile/MUXA
# ** Warning: NUMERIC_STD.TO_INTEGER: metavalue detected, returning 0
#    Time: 2121400 ns  Iteration: 5  Instance: /tb/MyRiscv/u_regfile/MUXB
# ** Warning: NUMERIC_STD.TO_INTEGER: metavalue detected, returning 0
#    Time: 2141580 ns  Iteration: 2  Instance: /tb/MyRiscv/u_regfile/MUXB
# ** Warning: NUMERIC_STD.TO_INTEGER: metavalue detected, returning 0
#    Time: 2141580 ns  Iteration: 2  Instance: /tb/MyRiscv/u_regfile/MUXA
# ** Warning: NUMERIC_STD.TO_INTEGER: metavalue detected, returning 0
#    Time: 2141600 ns  Iteration: 5  Instance: /tb/MyRiscv/u_regfile/MUXA
# ** Warning: NUMERIC_STD.TO_INTEGER: metavalue detected, returning 0
#    Time: 2141600 ns  Iteration: 5  Instance: /tb/MyRiscv/u_regfile/MUXB
# ** Warning: NUMERIC_STD.TO_INTEGER: metavalue detected, returning 0
#    Time: 2161780 ns  Iteration: 2  Instance: /tb/MyRiscv/u_regfile/MUXB
# ** Warning: NUMERIC_STD.TO_INTEGER: metavalue detected, returning 0
#    Time: 2161780 ns  Iteration: 2  Instance: /tb/MyRiscv/u_regfile/MUXA
# ** Warning: NUMERIC_STD.TO_INTEGER: metavalue detected, returning 0
#    Time: 2161800 ns  Iteration: 5  Instance: /tb/MyRiscv/u_regfile/MUXA
# ** Warning: NUMERIC_STD.TO_INTEGER: metavalue detected, returning 0
#    Time: 2161800 ns  Iteration: 5  Instance: /tb/MyRiscv/u_regfile/MUXB
# ** Warning: NUMERIC_STD.TO_INTEGER: metavalue detected, returning 0
#    Time: 2181980 ns  Iteration: 2  Instance: /tb/MyRiscv/u_regfile/MUXB
# ** Warning: NUMERIC_STD.TO_INTEGER: metavalue detected, returning 0
#    Time: 2181980 ns  Iteration: 2  Instance: /tb/MyRiscv/u_regfile/MUXA
# ** Warning: NUMERIC_STD.TO_INTEGER: metavalue detected, returning 0
#    Time: 2182 us  Iteration: 5  Instance: /tb/MyRiscv/u_regfile/MUXA
# ** Warning: NUMERIC_STD.TO_INTEGER: metavalue detected, returning 0
#    Time: 2182 us  Iteration: 5  Instance: /tb/MyRiscv/u_regfile/MUXB
# ** Warning: NUMERIC_STD.TO_INTEGER: metavalue detected, returning 0
#    Time: 2202180 ns  Iteration: 2  Instance: /tb/MyRiscv/u_regfile/MUXB
# ** Warning: NUMERIC_STD.TO_INTEGER: metavalue detected, returning 0
#    Time: 2202180 ns  Iteration: 2  Instance: /tb/MyRiscv/u_regfile/MUXA
# ** Warning: NUMERIC_STD.TO_INTEGER: metavalue detected, returning 0
#    Time: 2202200 ns  Iteration: 5  Instance: /tb/MyRiscv/u_regfile/MUXA
# ** Warning: NUMERIC_STD.TO_INTEGER: metavalue detected, returning 0
#    Time: 2202200 ns  Iteration: 5  Instance: /tb/MyRiscv/u_regfile/MUXB
# ** Warning: NUMERIC_STD.TO_INTEGER: metavalue detected, returning 0
#    Time: 2222380 ns  Iteration: 2  Instance: /tb/MyRiscv/u_regfile/MUXB
# ** Warning: NUMERIC_STD.TO_INTEGER: metavalue detected, returning 0
#    Time: 2222380 ns  Iteration: 2  Instance: /tb/MyRiscv/u_regfile/MUXA
# ** Warning: NUMERIC_STD.TO_INTEGER: metavalue detected, returning 0
#    Time: 2222400 ns  Iteration: 5  Instance: /tb/MyRiscv/u_regfile/MUXA
# ** Warning: NUMERIC_STD.TO_INTEGER: metavalue detected, returning 0
#    Time: 2222400 ns  Iteration: 5  Instance: /tb/MyRiscv/u_regfile/MUXB
# ** Warning: NUMERIC_STD.TO_INTEGER: metavalue detected, returning 0
#    Time: 2242580 ns  Iteration: 2  Instance: /tb/MyRiscv/u_regfile/MUXB
# ** Warning: NUMERIC_STD.TO_INTEGER: metavalue detected, returning 0
#    Time: 2242580 ns  Iteration: 2  Instance: /tb/MyRiscv/u_regfile/MUXA
# ** Warning: NUMERIC_STD.TO_INTEGER: metavalue detected, returning 0
#    Time: 2242600 ns  Iteration: 5  Instance: /tb/MyRiscv/u_regfile/MUXA
# ** Warning: NUMERIC_STD.TO_INTEGER: metavalue detected, returning 0
#    Time: 2242600 ns  Iteration: 5  Instance: /tb/MyRiscv/u_regfile/MUXB
# ** Warning: NUMERIC_STD.TO_INTEGER: metavalue detected, returning 0
#    Time: 2262780 ns  Iteration: 2  Instance: /tb/MyRiscv/u_regfile/MUXB
# ** Warning: NUMERIC_STD.TO_INTEGER: metavalue detected, returning 0
#    Time: 2262780 ns  Iteration: 2  Instance: /tb/MyRiscv/u_regfile/MUXA
# ** Warning: NUMERIC_STD.TO_INTEGER: metavalue detected, returning 0
#    Time: 2262800 ns  Iteration: 5  Instance: /tb/MyRiscv/u_regfile/MUXA
# ** Warning: NUMERIC_STD.TO_INTEGER: metavalue detected, returning 0
#    Time: 2262800 ns  Iteration: 5  Instance: /tb/MyRiscv/u_regfile/MUXB
# ** Warning: NUMERIC_STD.TO_INTEGER: metavalue detected, returning 0
#    Time: 2282980 ns  Iteration: 2  Instance: /tb/MyRiscv/u_regfile/MUXB
# ** Warning: NUMERIC_STD.TO_INTEGER: metavalue detected, returning 0
#    Time: 2282980 ns  Iteration: 2  Instance: /tb/MyRiscv/u_regfile/MUXA
# ** Warning: NUMERIC_STD.TO_INTEGER: metavalue detected, returning 0
#    Time: 2283 us  Iteration: 5  Instance: /tb/MyRiscv/u_regfile/MUXA
# ** Warning: NUMERIC_STD.TO_INTEGER: metavalue detected, returning 0
#    Time: 2283 us  Iteration: 5  Instance: /tb/MyRiscv/u_regfile/MUXB
# ** Warning: NUMERIC_STD.TO_INTEGER: metavalue detected, returning 0
#    Time: 2303180 ns  Iteration: 2  Instance: /tb/MyRiscv/u_regfile/MUXB
# ** Warning: NUMERIC_STD.TO_INTEGER: metavalue detected, returning 0
#    Time: 2303180 ns  Iteration: 2  Instance: /tb/MyRiscv/u_regfile/MUXA
# ** Warning: NUMERIC_STD.TO_INTEGER: metavalue detected, returning 0
#    Time: 2303200 ns  Iteration: 5  Instance: /tb/MyRiscv/u_regfile/MUXA
# ** Warning: NUMERIC_STD.TO_INTEGER: metavalue detected, returning 0
#    Time: 2303200 ns  Iteration: 5  Instance: /tb/MyRiscv/u_regfile/MUXB
# ** Warning: NUMERIC_STD.TO_INTEGER: metavalue detected, returning 0
#    Time: 2323380 ns  Iteration: 2  Instance: /tb/MyRiscv/u_regfile/MUXB
# ** Warning: NUMERIC_STD.TO_INTEGER: metavalue detected, returning 0
#    Time: 2323380 ns  Iteration: 2  Instance: /tb/MyRiscv/u_regfile/MUXA
# ** Warning: NUMERIC_STD.TO_INTEGER: metavalue detected, returning 0
#    Time: 2323400 ns  Iteration: 5  Instance: /tb/MyRiscv/u_regfile/MUXA
# ** Warning: NUMERIC_STD.TO_INTEGER: metavalue detected, returning 0
#    Time: 2323400 ns  Iteration: 5  Instance: /tb/MyRiscv/u_regfile/MUXB
# ** Warning: NUMERIC_STD.TO_INTEGER: metavalue detected, returning 0
#    Time: 2343580 ns  Iteration: 2  Instance: /tb/MyRiscv/u_regfile/MUXB
# ** Warning: NUMERIC_STD.TO_INTEGER: metavalue detected, returning 0
#    Time: 2343580 ns  Iteration: 2  Instance: /tb/MyRiscv/u_regfile/MUXA
# ** Warning: NUMERIC_STD.TO_INTEGER: metavalue detected, returning 0
#    Time: 2343600 ns  Iteration: 5  Instance: /tb/MyRiscv/u_regfile/MUXA
# ** Warning: NUMERIC_STD.TO_INTEGER: metavalue detected, returning 0
#    Time: 2343600 ns  Iteration: 5  Instance: /tb/MyRiscv/u_regfile/MUXB
# ** Warning: NUMERIC_STD.TO_INTEGER: metavalue detected, returning 0
#    Time: 2363780 ns  Iteration: 2  Instance: /tb/MyRiscv/u_regfile/MUXB
# ** Warning: NUMERIC_STD.TO_INTEGER: metavalue detected, returning 0
#    Time: 2363780 ns  Iteration: 2  Instance: /tb/MyRiscv/u_regfile/MUXA
# ** Warning: NUMERIC_STD.TO_INTEGER: metavalue detected, returning 0
#    Time: 2363800 ns  Iteration: 5  Instance: /tb/MyRiscv/u_regfile/MUXA
# ** Warning: NUMERIC_STD.TO_INTEGER: metavalue detected, returning 0
#    Time: 2363800 ns  Iteration: 5  Instance: /tb/MyRiscv/u_regfile/MUXB
# ** Warning: NUMERIC_STD.TO_INTEGER: metavalue detected, returning 0
#    Time: 2383980 ns  Iteration: 2  Instance: /tb/MyRiscv/u_regfile/MUXB
# ** Warning: NUMERIC_STD.TO_INTEGER: metavalue detected, returning 0
#    Time: 2383980 ns  Iteration: 2  Instance: /tb/MyRiscv/u_regfile/MUXA
# ** Warning: NUMERIC_STD.TO_INTEGER: metavalue detected, returning 0
#    Time: 2384 us  Iteration: 5  Instance: /tb/MyRiscv/u_regfile/MUXA
# ** Warning: NUMERIC_STD.TO_INTEGER: metavalue detected, returning 0
#    Time: 2384 us  Iteration: 5  Instance: /tb/MyRiscv/u_regfile/MUXB
# ** Warning: NUMERIC_STD.TO_INTEGER: metavalue detected, returning 0
#    Time: 2404180 ns  Iteration: 2  Instance: /tb/MyRiscv/u_regfile/MUXB
# ** Warning: NUMERIC_STD.TO_INTEGER: metavalue detected, returning 0
#    Time: 2404180 ns  Iteration: 2  Instance: /tb/MyRiscv/u_regfile/MUXA
# ** Warning: NUMERIC_STD.TO_INTEGER: metavalue detected, returning 0
#    Time: 2404200 ns  Iteration: 5  Instance: /tb/MyRiscv/u_regfile/MUXA
# ** Warning: NUMERIC_STD.TO_INTEGER: metavalue detected, returning 0
#    Time: 2404200 ns  Iteration: 5  Instance: /tb/MyRiscv/u_regfile/MUXB
# ** Warning: NUMERIC_STD.TO_INTEGER: metavalue detected, returning 0
#    Time: 2424380 ns  Iteration: 2  Instance: /tb/MyRiscv/u_regfile/MUXB
# ** Warning: NUMERIC_STD.TO_INTEGER: metavalue detected, returning 0
#    Time: 2424380 ns  Iteration: 2  Instance: /tb/MyRiscv/u_regfile/MUXA
# ** Warning: NUMERIC_STD.TO_INTEGER: metavalue detected, returning 0
#    Time: 2424400 ns  Iteration: 5  Instance: /tb/MyRiscv/u_regfile/MUXA
# ** Warning: NUMERIC_STD.TO_INTEGER: metavalue detected, returning 0
#    Time: 2424400 ns  Iteration: 5  Instance: /tb/MyRiscv/u_regfile/MUXB
# ** Warning: NUMERIC_STD.TO_INTEGER: metavalue detected, returning 0
#    Time: 2444580 ns  Iteration: 2  Instance: /tb/MyRiscv/u_regfile/MUXB
# ** Warning: NUMERIC_STD.TO_INTEGER: metavalue detected, returning 0
#    Time: 2444580 ns  Iteration: 2  Instance: /tb/MyRiscv/u_regfile/MUXA
# ** Warning: NUMERIC_STD.TO_INTEGER: metavalue detected, returning 0
#    Time: 2444600 ns  Iteration: 5  Instance: /tb/MyRiscv/u_regfile/MUXA
# ** Warning: NUMERIC_STD.TO_INTEGER: metavalue detected, returning 0
#    Time: 2444600 ns  Iteration: 5  Instance: /tb/MyRiscv/u_regfile/MUXB
# ** Warning: NUMERIC_STD.TO_INTEGER: metavalue detected, returning 0
#    Time: 2464780 ns  Iteration: 2  Instance: /tb/MyRiscv/u_regfile/MUXB
# ** Warning: NUMERIC_STD.TO_INTEGER: metavalue detected, returning 0
#    Time: 2464780 ns  Iteration: 2  Instance: /tb/MyRiscv/u_regfile/MUXA
# ** Warning: NUMERIC_STD.TO_INTEGER: metavalue detected, returning 0
#    Time: 2464800 ns  Iteration: 5  Instance: /tb/MyRiscv/u_regfile/MUXA
# ** Warning: NUMERIC_STD.TO_INTEGER: metavalue detected, returning 0
#    Time: 2464800 ns  Iteration: 5  Instance: /tb/MyRiscv/u_regfile/MUXB
# ** Warning: NUMERIC_STD.TO_INTEGER: metavalue detected, returning 0
#    Time: 2484980 ns  Iteration: 2  Instance: /tb/MyRiscv/u_regfile/MUXB
# ** Warning: NUMERIC_STD.TO_INTEGER: metavalue detected, returning 0
#    Time: 2484980 ns  Iteration: 2  Instance: /tb/MyRiscv/u_regfile/MUXA
# ** Warning: NUMERIC_STD.TO_INTEGER: metavalue detected, returning 0
#    Time: 2485 us  Iteration: 5  Instance: /tb/MyRiscv/u_regfile/MUXA
# ** Warning: NUMERIC_STD.TO_INTEGER: metavalue detected, returning 0
#    Time: 2485 us  Iteration: 5  Instance: /tb/MyRiscv/u_regfile/MUXB
# ** Warning: NUMERIC_STD.TO_INTEGER: metavalue detected, returning 0
#    Time: 2505180 ns  Iteration: 2  Instance: /tb/MyRiscv/u_regfile/MUXB
# ** Warning: NUMERIC_STD.TO_INTEGER: metavalue detected, returning 0
#    Time: 2505180 ns  Iteration: 2  Instance: /tb/MyRiscv/u_regfile/MUXA
# ** Warning: NUMERIC_STD.TO_INTEGER: metavalue detected, returning 0
#    Time: 2505200 ns  Iteration: 5  Instance: /tb/MyRiscv/u_regfile/MUXA
# ** Warning: NUMERIC_STD.TO_INTEGER: metavalue detected, returning 0
#    Time: 2505200 ns  Iteration: 5  Instance: /tb/MyRiscv/u_regfile/MUXB
# ** Warning: NUMERIC_STD.TO_INTEGER: metavalue detected, returning 0
#    Time: 2525380 ns  Iteration: 2  Instance: /tb/MyRiscv/u_regfile/MUXB
# ** Warning: NUMERIC_STD.TO_INTEGER: metavalue detected, returning 0
#    Time: 2525380 ns  Iteration: 2  Instance: /tb/MyRiscv/u_regfile/MUXA
# ** Warning: NUMERIC_STD.TO_INTEGER: metavalue detected, returning 0
#    Time: 2525400 ns  Iteration: 5  Instance: /tb/MyRiscv/u_regfile/MUXA
# ** Warning: NUMERIC_STD.TO_INTEGER: metavalue detected, returning 0
#    Time: 2525400 ns  Iteration: 5  Instance: /tb/MyRiscv/u_regfile/MUXB
# ** Warning: NUMERIC_STD.TO_INTEGER: metavalue detected, returning 0
#    Time: 2545580 ns  Iteration: 2  Instance: /tb/MyRiscv/u_regfile/MUXB
# ** Warning: NUMERIC_STD.TO_INTEGER: metavalue detected, returning 0
#    Time: 2545580 ns  Iteration: 2  Instance: /tb/MyRiscv/u_regfile/MUXA
# ** Warning: NUMERIC_STD.TO_INTEGER: metavalue detected, returning 0
#    Time: 2545600 ns  Iteration: 5  Instance: /tb/MyRiscv/u_regfile/MUXA
# ** Warning: NUMERIC_STD.TO_INTEGER: metavalue detected, returning 0
#    Time: 2545600 ns  Iteration: 5  Instance: /tb/MyRiscv/u_regfile/MUXB
# ** Warning: NUMERIC_STD.TO_INTEGER: metavalue detected, returning 0
#    Time: 2565780 ns  Iteration: 2  Instance: /tb/MyRiscv/u_regfile/MUXB
# ** Warning: NUMERIC_STD.TO_INTEGER: metavalue detected, returning 0
#    Time: 2565780 ns  Iteration: 2  Instance: /tb/MyRiscv/u_regfile/MUXA
# ** Warning: NUMERIC_STD.TO_INTEGER: metavalue detected, returning 0
#    Time: 2565800 ns  Iteration: 5  Instance: /tb/MyRiscv/u_regfile/MUXA
# ** Warning: NUMERIC_STD.TO_INTEGER: metavalue detected, returning 0
#    Time: 2565800 ns  Iteration: 5  Instance: /tb/MyRiscv/u_regfile/MUXB
# ** Warning: NUMERIC_STD.TO_INTEGER: metavalue detected, returning 0
#    Time: 2585980 ns  Iteration: 2  Instance: /tb/MyRiscv/u_regfile/MUXB
# ** Warning: NUMERIC_STD.TO_INTEGER: metavalue detected, returning 0
#    Time: 2585980 ns  Iteration: 2  Instance: /tb/MyRiscv/u_regfile/MUXA
# ** Warning: NUMERIC_STD.TO_INTEGER: metavalue detected, returning 0
#    Time: 2586 us  Iteration: 5  Instance: /tb/MyRiscv/u_regfile/MUXA
# ** Warning: NUMERIC_STD.TO_INTEGER: metavalue detected, returning 0
#    Time: 2586 us  Iteration: 5  Instance: /tb/MyRiscv/u_regfile/MUXB
# ** Warning: NUMERIC_STD.TO_INTEGER: metavalue detected, returning 0
#    Time: 2606180 ns  Iteration: 2  Instance: /tb/MyRiscv/u_regfile/MUXB
# ** Warning: NUMERIC_STD.TO_INTEGER: metavalue detected, returning 0
#    Time: 2606180 ns  Iteration: 2  Instance: /tb/MyRiscv/u_regfile/MUXA
# ** Warning: NUMERIC_STD.TO_INTEGER: metavalue detected, returning 0
#    Time: 2606200 ns  Iteration: 5  Instance: /tb/MyRiscv/u_regfile/MUXA
# ** Warning: NUMERIC_STD.TO_INTEGER: metavalue detected, returning 0
#    Time: 2606200 ns  Iteration: 5  Instance: /tb/MyRiscv/u_regfile/MUXB
# ** Warning: NUMERIC_STD.TO_INTEGER: metavalue detected, returning 0
#    Time: 2626380 ns  Iteration: 2  Instance: /tb/MyRiscv/u_regfile/MUXB
# ** Warning: NUMERIC_STD.TO_INTEGER: metavalue detected, returning 0
#    Time: 2626380 ns  Iteration: 2  Instance: /tb/MyRiscv/u_regfile/MUXA
# ** Warning: NUMERIC_STD.TO_INTEGER: metavalue detected, returning 0
#    Time: 2626400 ns  Iteration: 5  Instance: /tb/MyRiscv/u_regfile/MUXA
# ** Warning: NUMERIC_STD.TO_INTEGER: metavalue detected, returning 0
#    Time: 2626400 ns  Iteration: 5  Instance: /tb/MyRiscv/u_regfile/MUXB
# ** Warning: NUMERIC_STD.TO_INTEGER: metavalue detected, returning 0
#    Time: 2646580 ns  Iteration: 2  Instance: /tb/MyRiscv/u_regfile/MUXB
# ** Warning: NUMERIC_STD.TO_INTEGER: metavalue detected, returning 0
#    Time: 2646580 ns  Iteration: 2  Instance: /tb/MyRiscv/u_regfile/MUXA
# ** Warning: NUMERIC_STD.TO_INTEGER: metavalue detected, returning 0
#    Time: 2646600 ns  Iteration: 5  Instance: /tb/MyRiscv/u_regfile/MUXA
# ** Warning: NUMERIC_STD.TO_INTEGER: metavalue detected, returning 0
#    Time: 2646600 ns  Iteration: 5  Instance: /tb/MyRiscv/u_regfile/MUXB
# ** Warning: NUMERIC_STD.TO_INTEGER: metavalue detected, returning 0
#    Time: 2666780 ns  Iteration: 2  Instance: /tb/MyRiscv/u_regfile/MUXB
# ** Warning: NUMERIC_STD.TO_INTEGER: metavalue detected, returning 0
#    Time: 2666780 ns  Iteration: 2  Instance: /tb/MyRiscv/u_regfile/MUXA
# ** Warning: NUMERIC_STD.TO_INTEGER: metavalue detected, returning 0
#    Time: 2666800 ns  Iteration: 5  Instance: /tb/MyRiscv/u_regfile/MUXA
# ** Warning: NUMERIC_STD.TO_INTEGER: metavalue detected, returning 0
#    Time: 2666800 ns  Iteration: 5  Instance: /tb/MyRiscv/u_regfile/MUXB
# ** Warning: NUMERIC_STD.TO_INTEGER: metavalue detected, returning 0
#    Time: 2686980 ns  Iteration: 2  Instance: /tb/MyRiscv/u_regfile/MUXB
# ** Warning: NUMERIC_STD.TO_INTEGER: metavalue detected, returning 0
#    Time: 2686980 ns  Iteration: 2  Instance: /tb/MyRiscv/u_regfile/MUXA
# ** Warning: NUMERIC_STD.TO_INTEGER: metavalue detected, returning 0
#    Time: 2687 us  Iteration: 5  Instance: /tb/MyRiscv/u_regfile/MUXA
# ** Warning: NUMERIC_STD.TO_INTEGER: metavalue detected, returning 0
#    Time: 2687 us  Iteration: 5  Instance: /tb/MyRiscv/u_regfile/MUXB
# ** Warning: NUMERIC_STD.TO_INTEGER: metavalue detected, returning 0
#    Time: 2707180 ns  Iteration: 2  Instance: /tb/MyRiscv/u_regfile/MUXB
# ** Warning: NUMERIC_STD.TO_INTEGER: metavalue detected, returning 0
#    Time: 2707180 ns  Iteration: 2  Instance: /tb/MyRiscv/u_regfile/MUXA
# ** Warning: NUMERIC_STD.TO_INTEGER: metavalue detected, returning 0
#    Time: 2707200 ns  Iteration: 5  Instance: /tb/MyRiscv/u_regfile/MUXA
# ** Warning: NUMERIC_STD.TO_INTEGER: metavalue detected, returning 0
#    Time: 2707200 ns  Iteration: 5  Instance: /tb/MyRiscv/u_regfile/MUXB
# ** Warning: NUMERIC_STD.TO_INTEGER: metavalue detected, returning 0
#    Time: 2727380 ns  Iteration: 2  Instance: /tb/MyRiscv/u_regfile/MUXB
# ** Warning: NUMERIC_STD.TO_INTEGER: metavalue detected, returning 0
#    Time: 2727380 ns  Iteration: 2  Instance: /tb/MyRiscv/u_regfile/MUXA
# ** Warning: NUMERIC_STD.TO_INTEGER: metavalue detected, returning 0
#    Time: 2727400 ns  Iteration: 5  Instance: /tb/MyRiscv/u_regfile/MUXA
# ** Warning: NUMERIC_STD.TO_INTEGER: metavalue detected, returning 0
#    Time: 2727400 ns  Iteration: 5  Instance: /tb/MyRiscv/u_regfile/MUXB
# ** Warning: NUMERIC_STD.TO_INTEGER: metavalue detected, returning 0
#    Time: 2747580 ns  Iteration: 2  Instance: /tb/MyRiscv/u_regfile/MUXB
# ** Warning: NUMERIC_STD.TO_INTEGER: metavalue detected, returning 0
#    Time: 2747580 ns  Iteration: 2  Instance: /tb/MyRiscv/u_regfile/MUXA
# ** Warning: NUMERIC_STD.TO_INTEGER: metavalue detected, returning 0
#    Time: 2747600 ns  Iteration: 5  Instance: /tb/MyRiscv/u_regfile/MUXA
# ** Warning: NUMERIC_STD.TO_INTEGER: metavalue detected, returning 0
#    Time: 2747600 ns  Iteration: 5  Instance: /tb/MyRiscv/u_regfile/MUXB
# ** Warning: NUMERIC_STD.TO_INTEGER: metavalue detected, returning 0
#    Time: 2767780 ns  Iteration: 2  Instance: /tb/MyRiscv/u_regfile/MUXB
# ** Warning: NUMERIC_STD.TO_INTEGER: metavalue detected, returning 0
#    Time: 2767780 ns  Iteration: 2  Instance: /tb/MyRiscv/u_regfile/MUXA
# ** Warning: NUMERIC_STD.TO_INTEGER: metavalue detected, returning 0
#    Time: 2767800 ns  Iteration: 5  Instance: /tb/MyRiscv/u_regfile/MUXA
# ** Warning: NUMERIC_STD.TO_INTEGER: metavalue detected, returning 0
#    Time: 2767800 ns  Iteration: 5  Instance: /tb/MyRiscv/u_regfile/MUXB
# ** Warning: NUMERIC_STD.TO_INTEGER: metavalue detected, returning 0
#    Time: 2787980 ns  Iteration: 2  Instance: /tb/MyRiscv/u_regfile/MUXB
# ** Warning: NUMERIC_STD.TO_INTEGER: metavalue detected, returning 0
#    Time: 2787980 ns  Iteration: 2  Instance: /tb/MyRiscv/u_regfile/MUXA
# ** Warning: NUMERIC_STD.TO_INTEGER: metavalue detected, returning 0
#    Time: 2788 us  Iteration: 5  Instance: /tb/MyRiscv/u_regfile/MUXA
# ** Warning: NUMERIC_STD.TO_INTEGER: metavalue detected, returning 0
#    Time: 2788 us  Iteration: 5  Instance: /tb/MyRiscv/u_regfile/MUXB
# ** Warning: NUMERIC_STD.TO_INTEGER: metavalue detected, returning 0
#    Time: 2808180 ns  Iteration: 2  Instance: /tb/MyRiscv/u_regfile/MUXB
# ** Warning: NUMERIC_STD.TO_INTEGER: metavalue detected, returning 0
#    Time: 2808180 ns  Iteration: 2  Instance: /tb/MyRiscv/u_regfile/MUXA
# ** Warning: NUMERIC_STD.TO_INTEGER: metavalue detected, returning 0
#    Time: 2808200 ns  Iteration: 5  Instance: /tb/MyRiscv/u_regfile/MUXA
# ** Warning: NUMERIC_STD.TO_INTEGER: metavalue detected, returning 0
#    Time: 2808200 ns  Iteration: 5  Instance: /tb/MyRiscv/u_regfile/MUXB
# ** Warning: NUMERIC_STD.TO_INTEGER: metavalue detected, returning 0
#    Time: 2828380 ns  Iteration: 2  Instance: /tb/MyRiscv/u_regfile/MUXB
# ** Warning: NUMERIC_STD.TO_INTEGER: metavalue detected, returning 0
#    Time: 2828380 ns  Iteration: 2  Instance: /tb/MyRiscv/u_regfile/MUXA
# ** Warning: NUMERIC_STD.TO_INTEGER: metavalue detected, returning 0
#    Time: 2828400 ns  Iteration: 5  Instance: /tb/MyRiscv/u_regfile/MUXA
# ** Warning: NUMERIC_STD.TO_INTEGER: metavalue detected, returning 0
#    Time: 2828400 ns  Iteration: 5  Instance: /tb/MyRiscv/u_regfile/MUXB
# ** Warning: NUMERIC_STD.TO_INTEGER: metavalue detected, returning 0
#    Time: 2848580 ns  Iteration: 2  Instance: /tb/MyRiscv/u_regfile/MUXB
# ** Warning: NUMERIC_STD.TO_INTEGER: metavalue detected, returning 0
#    Time: 2848580 ns  Iteration: 2  Instance: /tb/MyRiscv/u_regfile/MUXA
# ** Warning: NUMERIC_STD.TO_INTEGER: metavalue detected, returning 0
#    Time: 2848600 ns  Iteration: 5  Instance: /tb/MyRiscv/u_regfile/MUXA
# ** Warning: NUMERIC_STD.TO_INTEGER: metavalue detected, returning 0
#    Time: 2848600 ns  Iteration: 5  Instance: /tb/MyRiscv/u_regfile/MUXB
# ** Warning: NUMERIC_STD.TO_INTEGER: metavalue detected, returning 0
#    Time: 2868780 ns  Iteration: 2  Instance: /tb/MyRiscv/u_regfile/MUXB
# ** Warning: NUMERIC_STD.TO_INTEGER: metavalue detected, returning 0
#    Time: 2868780 ns  Iteration: 2  Instance: /tb/MyRiscv/u_regfile/MUXA
# ** Warning: NUMERIC_STD.TO_INTEGER: metavalue detected, returning 0
#    Time: 2868800 ns  Iteration: 5  Instance: /tb/MyRiscv/u_regfile/MUXA
# ** Warning: NUMERIC_STD.TO_INTEGER: metavalue detected, returning 0
#    Time: 2868800 ns  Iteration: 5  Instance: /tb/MyRiscv/u_regfile/MUXB
# ** Warning: NUMERIC_STD.TO_INTEGER: metavalue detected, returning 0
#    Time: 2888980 ns  Iteration: 2  Instance: /tb/MyRiscv/u_regfile/MUXB
# ** Warning: NUMERIC_STD.TO_INTEGER: metavalue detected, returning 0
#    Time: 2888980 ns  Iteration: 2  Instance: /tb/MyRiscv/u_regfile/MUXA
# ** Warning: NUMERIC_STD.TO_INTEGER: metavalue detected, returning 0
#    Time: 2889 us  Iteration: 5  Instance: /tb/MyRiscv/u_regfile/MUXA
# ** Warning: NUMERIC_STD.TO_INTEGER: metavalue detected, returning 0
#    Time: 2889 us  Iteration: 5  Instance: /tb/MyRiscv/u_regfile/MUXB
# ** Warning: NUMERIC_STD.TO_INTEGER: metavalue detected, returning 0
#    Time: 2909180 ns  Iteration: 2  Instance: /tb/MyRiscv/u_regfile/MUXB
# ** Warning: NUMERIC_STD.TO_INTEGER: metavalue detected, returning 0
#    Time: 2909180 ns  Iteration: 2  Instance: /tb/MyRiscv/u_regfile/MUXA
# ** Warning: NUMERIC_STD.TO_INTEGER: metavalue detected, returning 0
#    Time: 2909200 ns  Iteration: 5  Instance: /tb/MyRiscv/u_regfile/MUXA
# ** Warning: NUMERIC_STD.TO_INTEGER: metavalue detected, returning 0
#    Time: 2909200 ns  Iteration: 5  Instance: /tb/MyRiscv/u_regfile/MUXB
# ** Warning: NUMERIC_STD.TO_INTEGER: metavalue detected, returning 0
#    Time: 2929380 ns  Iteration: 2  Instance: /tb/MyRiscv/u_regfile/MUXB
# ** Warning: NUMERIC_STD.TO_INTEGER: metavalue detected, returning 0
#    Time: 2929380 ns  Iteration: 2  Instance: /tb/MyRiscv/u_regfile/MUXA
# ** Warning: NUMERIC_STD.TO_INTEGER: metavalue detected, returning 0
#    Time: 2929400 ns  Iteration: 5  Instance: /tb/MyRiscv/u_regfile/MUXA
# ** Warning: NUMERIC_STD.TO_INTEGER: metavalue detected, returning 0
#    Time: 2929400 ns  Iteration: 5  Instance: /tb/MyRiscv/u_regfile/MUXB
# ** Warning: NUMERIC_STD.TO_INTEGER: metavalue detected, returning 0
#    Time: 2949580 ns  Iteration: 2  Instance: /tb/MyRiscv/u_regfile/MUXB
# ** Warning: NUMERIC_STD.TO_INTEGER: metavalue detected, returning 0
#    Time: 2949580 ns  Iteration: 2  Instance: /tb/MyRiscv/u_regfile/MUXA
# ** Warning: NUMERIC_STD.TO_INTEGER: metavalue detected, returning 0
#    Time: 2949600 ns  Iteration: 5  Instance: /tb/MyRiscv/u_regfile/MUXA
# ** Warning: NUMERIC_STD.TO_INTEGER: metavalue detected, returning 0
#    Time: 2949600 ns  Iteration: 5  Instance: /tb/MyRiscv/u_regfile/MUXB
# ** Warning: NUMERIC_STD.TO_INTEGER: metavalue detected, returning 0
#    Time: 2969780 ns  Iteration: 2  Instance: /tb/MyRiscv/u_regfile/MUXB
# ** Warning: NUMERIC_STD.TO_INTEGER: metavalue detected, returning 0
#    Time: 2969780 ns  Iteration: 2  Instance: /tb/MyRiscv/u_regfile/MUXA
# ** Warning: NUMERIC_STD.TO_INTEGER: metavalue detected, returning 0
#    Time: 2969800 ns  Iteration: 5  Instance: /tb/MyRiscv/u_regfile/MUXA
# ** Warning: NUMERIC_STD.TO_INTEGER: metavalue detected, returning 0
#    Time: 2969800 ns  Iteration: 5  Instance: /tb/MyRiscv/u_regfile/MUXB
# ** Warning: NUMERIC_STD.TO_INTEGER: metavalue detected, returning 0
#    Time: 2989980 ns  Iteration: 2  Instance: /tb/MyRiscv/u_regfile/MUXB
# ** Warning: NUMERIC_STD.TO_INTEGER: metavalue detected, returning 0
#    Time: 2989980 ns  Iteration: 2  Instance: /tb/MyRiscv/u_regfile/MUXA
# ** Warning: NUMERIC_STD.TO_INTEGER: metavalue detected, returning 0
#    Time: 2990 us  Iteration: 5  Instance: /tb/MyRiscv/u_regfile/MUXA
# ** Warning: NUMERIC_STD.TO_INTEGER: metavalue detected, returning 0
#    Time: 2990 us  Iteration: 5  Instance: /tb/MyRiscv/u_regfile/MUXB
# ** Warning: NUMERIC_STD.TO_INTEGER: metavalue detected, returning 0
#    Time: 3010180 ns  Iteration: 2  Instance: /tb/MyRiscv/u_regfile/MUXB
# ** Warning: NUMERIC_STD.TO_INTEGER: metavalue detected, returning 0
#    Time: 3010180 ns  Iteration: 2  Instance: /tb/MyRiscv/u_regfile/MUXA
# ** Warning: NUMERIC_STD.TO_INTEGER: metavalue detected, returning 0
#    Time: 3010200 ns  Iteration: 5  Instance: /tb/MyRiscv/u_regfile/MUXA
# ** Warning: NUMERIC_STD.TO_INTEGER: metavalue detected, returning 0
#    Time: 3010200 ns  Iteration: 5  Instance: /tb/MyRiscv/u_regfile/MUXB
# ** Warning: NUMERIC_STD.TO_INTEGER: metavalue detected, returning 0
#    Time: 3030380 ns  Iteration: 2  Instance: /tb/MyRiscv/u_regfile/MUXB
# ** Warning: NUMERIC_STD.TO_INTEGER: metavalue detected, returning 0
#    Time: 3030380 ns  Iteration: 2  Instance: /tb/MyRiscv/u_regfile/MUXA
# ** Warning: NUMERIC_STD.TO_INTEGER: metavalue detected, returning 0
#    Time: 3030400 ns  Iteration: 5  Instance: /tb/MyRiscv/u_regfile/MUXA
# ** Warning: NUMERIC_STD.TO_INTEGER: metavalue detected, returning 0
#    Time: 3030400 ns  Iteration: 5  Instance: /tb/MyRiscv/u_regfile/MUXB
# ** Warning: NUMERIC_STD.TO_INTEGER: metavalue detected, returning 0
#    Time: 3050580 ns  Iteration: 2  Instance: /tb/MyRiscv/u_regfile/MUXB
# ** Warning: NUMERIC_STD.TO_INTEGER: metavalue detected, returning 0
#    Time: 3050580 ns  Iteration: 2  Instance: /tb/MyRiscv/u_regfile/MUXA
# ** Warning: NUMERIC_STD.TO_INTEGER: metavalue detected, returning 0
#    Time: 3050600 ns  Iteration: 5  Instance: /tb/MyRiscv/u_regfile/MUXA
# ** Warning: NUMERIC_STD.TO_INTEGER: metavalue detected, returning 0
#    Time: 3050600 ns  Iteration: 5  Instance: /tb/MyRiscv/u_regfile/MUXB
# ** Warning: NUMERIC_STD.TO_INTEGER: metavalue detected, returning 0
#    Time: 3070780 ns  Iteration: 2  Instance: /tb/MyRiscv/u_regfile/MUXB
# ** Warning: NUMERIC_STD.TO_INTEGER: metavalue detected, returning 0
#    Time: 3070780 ns  Iteration: 2  Instance: /tb/MyRiscv/u_regfile/MUXA
# ** Warning: NUMERIC_STD.TO_INTEGER: metavalue detected, returning 0
#    Time: 3070800 ns  Iteration: 5  Instance: /tb/MyRiscv/u_regfile/MUXA
# ** Warning: NUMERIC_STD.TO_INTEGER: metavalue detected, returning 0
#    Time: 3070800 ns  Iteration: 5  Instance: /tb/MyRiscv/u_regfile/MUXB
# ** Warning: NUMERIC_STD.TO_INTEGER: metavalue detected, returning 0
#    Time: 3090980 ns  Iteration: 2  Instance: /tb/MyRiscv/u_regfile/MUXB
# ** Warning: NUMERIC_STD.TO_INTEGER: metavalue detected, returning 0
#    Time: 3090980 ns  Iteration: 2  Instance: /tb/MyRiscv/u_regfile/MUXA
# ** Warning: NUMERIC_STD.TO_INTEGER: metavalue detected, returning 0
#    Time: 3091 us  Iteration: 5  Instance: /tb/MyRiscv/u_regfile/MUXA
# ** Warning: NUMERIC_STD.TO_INTEGER: metavalue detected, returning 0
#    Time: 3091 us  Iteration: 5  Instance: /tb/MyRiscv/u_regfile/MUXB
# ** Warning: NUMERIC_STD.TO_INTEGER: metavalue detected, returning 0
#    Time: 3111180 ns  Iteration: 2  Instance: /tb/MyRiscv/u_regfile/MUXB
# ** Warning: NUMERIC_STD.TO_INTEGER: metavalue detected, returning 0
#    Time: 3111180 ns  Iteration: 2  Instance: /tb/MyRiscv/u_regfile/MUXA
# ** Warning: NUMERIC_STD.TO_INTEGER: metavalue detected, returning 0
#    Time: 3111200 ns  Iteration: 5  Instance: /tb/MyRiscv/u_regfile/MUXA
# ** Warning: NUMERIC_STD.TO_INTEGER: metavalue detected, returning 0
#    Time: 3111200 ns  Iteration: 5  Instance: /tb/MyRiscv/u_regfile/MUXB
# ** Warning: NUMERIC_STD.TO_INTEGER: metavalue detected, returning 0
#    Time: 3131380 ns  Iteration: 2  Instance: /tb/MyRiscv/u_regfile/MUXB
# ** Warning: NUMERIC_STD.TO_INTEGER: metavalue detected, returning 0
#    Time: 3131380 ns  Iteration: 2  Instance: /tb/MyRiscv/u_regfile/MUXA
# ** Warning: NUMERIC_STD.TO_INTEGER: metavalue detected, returning 0
#    Time: 3131400 ns  Iteration: 5  Instance: /tb/MyRiscv/u_regfile/MUXA
# ** Warning: NUMERIC_STD.TO_INTEGER: metavalue detected, returning 0
#    Time: 3131400 ns  Iteration: 5  Instance: /tb/MyRiscv/u_regfile/MUXB
# ** Warning: NUMERIC_STD.TO_INTEGER: metavalue detected, returning 0
#    Time: 3151580 ns  Iteration: 2  Instance: /tb/MyRiscv/u_regfile/MUXB
# ** Warning: NUMERIC_STD.TO_INTEGER: metavalue detected, returning 0
#    Time: 3151580 ns  Iteration: 2  Instance: /tb/MyRiscv/u_regfile/MUXA
# ** Warning: NUMERIC_STD.TO_INTEGER: metavalue detected, returning 0
#    Time: 3151600 ns  Iteration: 5  Instance: /tb/MyRiscv/u_regfile/MUXA
# ** Warning: NUMERIC_STD.TO_INTEGER: metavalue detected, returning 0
#    Time: 3151600 ns  Iteration: 5  Instance: /tb/MyRiscv/u_regfile/MUXB
# ** Warning: NUMERIC_STD.TO_INTEGER: metavalue detected, returning 0
#    Time: 3171780 ns  Iteration: 2  Instance: /tb/MyRiscv/u_regfile/MUXB
# ** Warning: NUMERIC_STD.TO_INTEGER: metavalue detected, returning 0
#    Time: 3171780 ns  Iteration: 2  Instance: /tb/MyRiscv/u_regfile/MUXA
# ** Warning: NUMERIC_STD.TO_INTEGER: metavalue detected, returning 0
#    Time: 3171800 ns  Iteration: 5  Instance: /tb/MyRiscv/u_regfile/MUXA
# ** Warning: NUMERIC_STD.TO_INTEGER: metavalue detected, returning 0
#    Time: 3171800 ns  Iteration: 5  Instance: /tb/MyRiscv/u_regfile/MUXB
# ** Warning: NUMERIC_STD.TO_INTEGER: metavalue detected, returning 0
#    Time: 3191980 ns  Iteration: 2  Instance: /tb/MyRiscv/u_regfile/MUXB
# ** Warning: NUMERIC_STD.TO_INTEGER: metavalue detected, returning 0
#    Time: 3191980 ns  Iteration: 2  Instance: /tb/MyRiscv/u_regfile/MUXA
# ** Warning: NUMERIC_STD.TO_INTEGER: metavalue detected, returning 0
#    Time: 3192 us  Iteration: 5  Instance: /tb/MyRiscv/u_regfile/MUXA
# ** Warning: NUMERIC_STD.TO_INTEGER: metavalue detected, returning 0
#    Time: 3192 us  Iteration: 5  Instance: /tb/MyRiscv/u_regfile/MUXB
# ** Warning: NUMERIC_STD.TO_INTEGER: metavalue detected, returning 0
#    Time: 3212180 ns  Iteration: 2  Instance: /tb/MyRiscv/u_regfile/MUXB
# ** Warning: NUMERIC_STD.TO_INTEGER: metavalue detected, returning 0
#    Time: 3212180 ns  Iteration: 2  Instance: /tb/MyRiscv/u_regfile/MUXA
# ** Warning: NUMERIC_STD.TO_INTEGER: metavalue detected, returning 0
#    Time: 3212200 ns  Iteration: 5  Instance: /tb/MyRiscv/u_regfile/MUXA
# ** Warning: NUMERIC_STD.TO_INTEGER: metavalue detected, returning 0
#    Time: 3212200 ns  Iteration: 5  Instance: /tb/MyRiscv/u_regfile/MUXB
# ** Warning: NUMERIC_STD.TO_INTEGER: metavalue detected, returning 0
#    Time: 3232380 ns  Iteration: 2  Instance: /tb/MyRiscv/u_regfile/MUXB
# ** Warning: NUMERIC_STD.TO_INTEGER: metavalue detected, returning 0
#    Time: 3232380 ns  Iteration: 2  Instance: /tb/MyRiscv/u_regfile/MUXA
# ** Warning: NUMERIC_STD.TO_INTEGER: metavalue detected, returning 0
#    Time: 3232400 ns  Iteration: 5  Instance: /tb/MyRiscv/u_regfile/MUXA
# ** Warning: NUMERIC_STD.TO_INTEGER: metavalue detected, returning 0
#    Time: 3232400 ns  Iteration: 5  Instance: /tb/MyRiscv/u_regfile/MUXB
# ** Warning: NUMERIC_STD.TO_INTEGER: metavalue detected, returning 0
#    Time: 3252580 ns  Iteration: 2  Instance: /tb/MyRiscv/u_regfile/MUXB
# ** Warning: NUMERIC_STD.TO_INTEGER: metavalue detected, returning 0
#    Time: 3252580 ns  Iteration: 2  Instance: /tb/MyRiscv/u_regfile/MUXA
# ** Warning: NUMERIC_STD.TO_INTEGER: metavalue detected, returning 0
#    Time: 3252600 ns  Iteration: 5  Instance: /tb/MyRiscv/u_regfile/MUXA
# ** Warning: NUMERIC_STD.TO_INTEGER: metavalue detected, returning 0
#    Time: 3252600 ns  Iteration: 5  Instance: /tb/MyRiscv/u_regfile/MUXB
# ** Warning: NUMERIC_STD.TO_INTEGER: metavalue detected, returning 0
#    Time: 3272780 ns  Iteration: 2  Instance: /tb/MyRiscv/u_regfile/MUXB
# ** Warning: NUMERIC_STD.TO_INTEGER: metavalue detected, returning 0
#    Time: 3272780 ns  Iteration: 2  Instance: /tb/MyRiscv/u_regfile/MUXA
# ** Warning: NUMERIC_STD.TO_INTEGER: metavalue detected, returning 0
#    Time: 3272800 ns  Iteration: 5  Instance: /tb/MyRiscv/u_regfile/MUXA
# ** Warning: NUMERIC_STD.TO_INTEGER: metavalue detected, returning 0
#    Time: 3272800 ns  Iteration: 5  Instance: /tb/MyRiscv/u_regfile/MUXB
# ** Warning: NUMERIC_STD.TO_INTEGER: metavalue detected, returning 0
#    Time: 3292980 ns  Iteration: 2  Instance: /tb/MyRiscv/u_regfile/MUXB
# ** Warning: NUMERIC_STD.TO_INTEGER: metavalue detected, returning 0
#    Time: 3292980 ns  Iteration: 2  Instance: /tb/MyRiscv/u_regfile/MUXA
# ** Warning: NUMERIC_STD.TO_INTEGER: metavalue detected, returning 0
#    Time: 3293 us  Iteration: 5  Instance: /tb/MyRiscv/u_regfile/MUXA
# ** Warning: NUMERIC_STD.TO_INTEGER: metavalue detected, returning 0
#    Time: 3293 us  Iteration: 5  Instance: /tb/MyRiscv/u_regfile/MUXB
# ** Warning: NUMERIC_STD.TO_INTEGER: metavalue detected, returning 0
#    Time: 3313180 ns  Iteration: 2  Instance: /tb/MyRiscv/u_regfile/MUXB
# ** Warning: NUMERIC_STD.TO_INTEGER: metavalue detected, returning 0
#    Time: 3313180 ns  Iteration: 2  Instance: /tb/MyRiscv/u_regfile/MUXA
# ** Warning: NUMERIC_STD.TO_INTEGER: metavalue detected, returning 0
#    Time: 3313200 ns  Iteration: 5  Instance: /tb/MyRiscv/u_regfile/MUXA
# ** Warning: NUMERIC_STD.TO_INTEGER: metavalue detected, returning 0
#    Time: 3313200 ns  Iteration: 5  Instance: /tb/MyRiscv/u_regfile/MUXB
# ** Warning: NUMERIC_STD.TO_INTEGER: metavalue detected, returning 0
#    Time: 3333380 ns  Iteration: 2  Instance: /tb/MyRiscv/u_regfile/MUXB
# ** Warning: NUMERIC_STD.TO_INTEGER: metavalue detected, returning 0
#    Time: 3333380 ns  Iteration: 2  Instance: /tb/MyRiscv/u_regfile/MUXA
# ** Warning: NUMERIC_STD.TO_INTEGER: metavalue detected, returning 0
#    Time: 3333400 ns  Iteration: 5  Instance: /tb/MyRiscv/u_regfile/MUXA
# ** Warning: NUMERIC_STD.TO_INTEGER: metavalue detected, returning 0
#    Time: 3333400 ns  Iteration: 5  Instance: /tb/MyRiscv/u_regfile/MUXB
# ** Warning: NUMERIC_STD.TO_INTEGER: metavalue detected, returning 0
#    Time: 3353580 ns  Iteration: 2  Instance: /tb/MyRiscv/u_regfile/MUXB
# ** Warning: NUMERIC_STD.TO_INTEGER: metavalue detected, returning 0
#    Time: 3353580 ns  Iteration: 2  Instance: /tb/MyRiscv/u_regfile/MUXA
# ** Warning: NUMERIC_STD.TO_INTEGER: metavalue detected, returning 0
#    Time: 3353600 ns  Iteration: 5  Instance: /tb/MyRiscv/u_regfile/MUXA
# ** Warning: NUMERIC_STD.TO_INTEGER: metavalue detected, returning 0
#    Time: 3353600 ns  Iteration: 5  Instance: /tb/MyRiscv/u_regfile/MUXB
# ** Warning: NUMERIC_STD.TO_INTEGER: metavalue detected, returning 0
#    Time: 3373780 ns  Iteration: 2  Instance: /tb/MyRiscv/u_regfile/MUXB
# ** Warning: NUMERIC_STD.TO_INTEGER: metavalue detected, returning 0
#    Time: 3373780 ns  Iteration: 2  Instance: /tb/MyRiscv/u_regfile/MUXA
# ** Warning: NUMERIC_STD.TO_INTEGER: metavalue detected, returning 0
#    Time: 3373800 ns  Iteration: 5  Instance: /tb/MyRiscv/u_regfile/MUXA
# ** Warning: NUMERIC_STD.TO_INTEGER: metavalue detected, returning 0
#    Time: 3373800 ns  Iteration: 5  Instance: /tb/MyRiscv/u_regfile/MUXB
# ** Warning: NUMERIC_STD.TO_INTEGER: metavalue detected, returning 0
#    Time: 3393980 ns  Iteration: 2  Instance: /tb/MyRiscv/u_regfile/MUXB
# ** Warning: NUMERIC_STD.TO_INTEGER: metavalue detected, returning 0
#    Time: 3393980 ns  Iteration: 2  Instance: /tb/MyRiscv/u_regfile/MUXA
# ** Warning: NUMERIC_STD.TO_INTEGER: metavalue detected, returning 0
#    Time: 3394 us  Iteration: 5  Instance: /tb/MyRiscv/u_regfile/MUXA
# ** Warning: NUMERIC_STD.TO_INTEGER: metavalue detected, returning 0
#    Time: 3394 us  Iteration: 5  Instance: /tb/MyRiscv/u_regfile/MUXB
# ** Warning: NUMERIC_STD.TO_INTEGER: metavalue detected, returning 0
#    Time: 3414180 ns  Iteration: 2  Instance: /tb/MyRiscv/u_regfile/MUXB
# ** Warning: NUMERIC_STD.TO_INTEGER: metavalue detected, returning 0
#    Time: 3414180 ns  Iteration: 2  Instance: /tb/MyRiscv/u_regfile/MUXA
# ** Warning: NUMERIC_STD.TO_INTEGER: metavalue detected, returning 0
#    Time: 3414200 ns  Iteration: 5  Instance: /tb/MyRiscv/u_regfile/MUXA
# ** Warning: NUMERIC_STD.TO_INTEGER: metavalue detected, returning 0
#    Time: 3414200 ns  Iteration: 5  Instance: /tb/MyRiscv/u_regfile/MUXB
# ** Warning: NUMERIC_STD.TO_INTEGER: metavalue detected, returning 0
#    Time: 3434380 ns  Iteration: 2  Instance: /tb/MyRiscv/u_regfile/MUXB
# ** Warning: NUMERIC_STD.TO_INTEGER: metavalue detected, returning 0
#    Time: 3434380 ns  Iteration: 2  Instance: /tb/MyRiscv/u_regfile/MUXA
# ** Warning: NUMERIC_STD.TO_INTEGER: metavalue detected, returning 0
#    Time: 3434400 ns  Iteration: 5  Instance: /tb/MyRiscv/u_regfile/MUXA
# ** Warning: NUMERIC_STD.TO_INTEGER: metavalue detected, returning 0
#    Time: 3434400 ns  Iteration: 5  Instance: /tb/MyRiscv/u_regfile/MUXB
# ** Warning: NUMERIC_STD.TO_INTEGER: metavalue detected, returning 0
#    Time: 3454580 ns  Iteration: 2  Instance: /tb/MyRiscv/u_regfile/MUXB
# ** Warning: NUMERIC_STD.TO_INTEGER: metavalue detected, returning 0
#    Time: 3454580 ns  Iteration: 2  Instance: /tb/MyRiscv/u_regfile/MUXA
# ** Warning: NUMERIC_STD.TO_INTEGER: metavalue detected, returning 0
#    Time: 3454600 ns  Iteration: 5  Instance: /tb/MyRiscv/u_regfile/MUXA
# ** Warning: NUMERIC_STD.TO_INTEGER: metavalue detected, returning 0
#    Time: 3454600 ns  Iteration: 5  Instance: /tb/MyRiscv/u_regfile/MUXB
# ** Warning: NUMERIC_STD.TO_INTEGER: metavalue detected, returning 0
#    Time: 3474780 ns  Iteration: 2  Instance: /tb/MyRiscv/u_regfile/MUXB
# ** Warning: NUMERIC_STD.TO_INTEGER: metavalue detected, returning 0
#    Time: 3474780 ns  Iteration: 2  Instance: /tb/MyRiscv/u_regfile/MUXA
# ** Warning: NUMERIC_STD.TO_INTEGER: metavalue detected, returning 0
#    Time: 3474800 ns  Iteration: 5  Instance: /tb/MyRiscv/u_regfile/MUXA
# ** Warning: NUMERIC_STD.TO_INTEGER: metavalue detected, returning 0
#    Time: 3474800 ns  Iteration: 5  Instance: /tb/MyRiscv/u_regfile/MUXB
# ** Warning: NUMERIC_STD.TO_INTEGER: metavalue detected, returning 0
#    Time: 3494980 ns  Iteration: 2  Instance: /tb/MyRiscv/u_regfile/MUXB
# ** Warning: NUMERIC_STD.TO_INTEGER: metavalue detected, returning 0
#    Time: 3494980 ns  Iteration: 2  Instance: /tb/MyRiscv/u_regfile/MUXA
# ** Warning: NUMERIC_STD.TO_INTEGER: metavalue detected, returning 0
#    Time: 3495 us  Iteration: 5  Instance: /tb/MyRiscv/u_regfile/MUXA
# ** Warning: NUMERIC_STD.TO_INTEGER: metavalue detected, returning 0
#    Time: 3495 us  Iteration: 5  Instance: /tb/MyRiscv/u_regfile/MUXB
# ** Warning: NUMERIC_STD.TO_INTEGER: metavalue detected, returning 0
#    Time: 3515180 ns  Iteration: 2  Instance: /tb/MyRiscv/u_regfile/MUXB
# ** Warning: NUMERIC_STD.TO_INTEGER: metavalue detected, returning 0
#    Time: 3515180 ns  Iteration: 2  Instance: /tb/MyRiscv/u_regfile/MUXA
# ** Warning: NUMERIC_STD.TO_INTEGER: metavalue detected, returning 0
#    Time: 3515200 ns  Iteration: 5  Instance: /tb/MyRiscv/u_regfile/MUXA
# ** Warning: NUMERIC_STD.TO_INTEGER: metavalue detected, returning 0
#    Time: 3515200 ns  Iteration: 5  Instance: /tb/MyRiscv/u_regfile/MUXB
# ** Warning: NUMERIC_STD.TO_INTEGER: metavalue detected, returning 0
#    Time: 3535380 ns  Iteration: 2  Instance: /tb/MyRiscv/u_regfile/MUXB
# ** Warning: NUMERIC_STD.TO_INTEGER: metavalue detected, returning 0
#    Time: 3535380 ns  Iteration: 2  Instance: /tb/MyRiscv/u_regfile/MUXA
# ** Warning: NUMERIC_STD.TO_INTEGER: metavalue detected, returning 0
#    Time: 3535400 ns  Iteration: 5  Instance: /tb/MyRiscv/u_regfile/MUXA
# ** Warning: NUMERIC_STD.TO_INTEGER: metavalue detected, returning 0
#    Time: 3535400 ns  Iteration: 5  Instance: /tb/MyRiscv/u_regfile/MUXB
# ** Warning: NUMERIC_STD.TO_INTEGER: metavalue detected, returning 0
#    Time: 3555580 ns  Iteration: 2  Instance: /tb/MyRiscv/u_regfile/MUXB
# ** Warning: NUMERIC_STD.TO_INTEGER: metavalue detected, returning 0
#    Time: 3555580 ns  Iteration: 2  Instance: /tb/MyRiscv/u_regfile/MUXA
# ** Warning: NUMERIC_STD.TO_INTEGER: metavalue detected, returning 0
#    Time: 3555600 ns  Iteration: 5  Instance: /tb/MyRiscv/u_regfile/MUXA
# ** Warning: NUMERIC_STD.TO_INTEGER: metavalue detected, returning 0
#    Time: 3555600 ns  Iteration: 5  Instance: /tb/MyRiscv/u_regfile/MUXB
# ** Warning: NUMERIC_STD.TO_INTEGER: metavalue detected, returning 0
#    Time: 3575780 ns  Iteration: 2  Instance: /tb/MyRiscv/u_regfile/MUXB
# ** Warning: NUMERIC_STD.TO_INTEGER: metavalue detected, returning 0
#    Time: 3575780 ns  Iteration: 2  Instance: /tb/MyRiscv/u_regfile/MUXA
# ** Warning: NUMERIC_STD.TO_INTEGER: metavalue detected, returning 0
#    Time: 3575800 ns  Iteration: 5  Instance: /tb/MyRiscv/u_regfile/MUXA
# ** Warning: NUMERIC_STD.TO_INTEGER: metavalue detected, returning 0
#    Time: 3575800 ns  Iteration: 5  Instance: /tb/MyRiscv/u_regfile/MUXB
# ** Warning: NUMERIC_STD.TO_INTEGER: metavalue detected, returning 0
#    Time: 3595980 ns  Iteration: 2  Instance: /tb/MyRiscv/u_regfile/MUXB
# ** Warning: NUMERIC_STD.TO_INTEGER: metavalue detected, returning 0
#    Time: 3595980 ns  Iteration: 2  Instance: /tb/MyRiscv/u_regfile/MUXA
# ** Warning: NUMERIC_STD.TO_INTEGER: metavalue detected, returning 0
#    Time: 3596 us  Iteration: 5  Instance: /tb/MyRiscv/u_regfile/MUXA
# ** Warning: NUMERIC_STD.TO_INTEGER: metavalue detected, returning 0
#    Time: 3596 us  Iteration: 5  Instance: /tb/MyRiscv/u_regfile/MUXB
# ** Warning: NUMERIC_STD.TO_INTEGER: metavalue detected, returning 0
#    Time: 3616180 ns  Iteration: 2  Instance: /tb/MyRiscv/u_regfile/MUXB
# ** Warning: NUMERIC_STD.TO_INTEGER: metavalue detected, returning 0
#    Time: 3616180 ns  Iteration: 2  Instance: /tb/MyRiscv/u_regfile/MUXA
# ** Warning: NUMERIC_STD.TO_INTEGER: metavalue detected, returning 0
#    Time: 3616200 ns  Iteration: 5  Instance: /tb/MyRiscv/u_regfile/MUXA
# ** Warning: NUMERIC_STD.TO_INTEGER: metavalue detected, returning 0
#    Time: 3616200 ns  Iteration: 5  Instance: /tb/MyRiscv/u_regfile/MUXB
# ** Warning: NUMERIC_STD.TO_INTEGER: metavalue detected, returning 0
#    Time: 3636380 ns  Iteration: 2  Instance: /tb/MyRiscv/u_regfile/MUXB
# ** Warning: NUMERIC_STD.TO_INTEGER: metavalue detected, returning 0
#    Time: 3636380 ns  Iteration: 2  Instance: /tb/MyRiscv/u_regfile/MUXA
# ** Warning: NUMERIC_STD.TO_INTEGER: metavalue detected, returning 0
#    Time: 3636400 ns  Iteration: 5  Instance: /tb/MyRiscv/u_regfile/MUXA
# ** Warning: NUMERIC_STD.TO_INTEGER: metavalue detected, returning 0
#    Time: 3636400 ns  Iteration: 5  Instance: /tb/MyRiscv/u_regfile/MUXB
# ** Warning: NUMERIC_STD.TO_INTEGER: metavalue detected, returning 0
#    Time: 3656580 ns  Iteration: 2  Instance: /tb/MyRiscv/u_regfile/MUXB
# ** Warning: NUMERIC_STD.TO_INTEGER: metavalue detected, returning 0
#    Time: 3656580 ns  Iteration: 2  Instance: /tb/MyRiscv/u_regfile/MUXA
# ** Warning: NUMERIC_STD.TO_INTEGER: metavalue detected, returning 0
#    Time: 3656600 ns  Iteration: 5  Instance: /tb/MyRiscv/u_regfile/MUXA
# ** Warning: NUMERIC_STD.TO_INTEGER: metavalue detected, returning 0
#    Time: 3656600 ns  Iteration: 5  Instance: /tb/MyRiscv/u_regfile/MUXB
# ** Warning: NUMERIC_STD.TO_INTEGER: metavalue detected, returning 0
#    Time: 3676780 ns  Iteration: 2  Instance: /tb/MyRiscv/u_regfile/MUXB
# ** Warning: NUMERIC_STD.TO_INTEGER: metavalue detected, returning 0
#    Time: 3676780 ns  Iteration: 2  Instance: /tb/MyRiscv/u_regfile/MUXA
# ** Warning: NUMERIC_STD.TO_INTEGER: metavalue detected, returning 0
#    Time: 3676800 ns  Iteration: 5  Instance: /tb/MyRiscv/u_regfile/MUXA
# ** Warning: NUMERIC_STD.TO_INTEGER: metavalue detected, returning 0
#    Time: 3676800 ns  Iteration: 5  Instance: /tb/MyRiscv/u_regfile/MUXB
# ** Warning: NUMERIC_STD.TO_INTEGER: metavalue detected, returning 0
#    Time: 3696980 ns  Iteration: 2  Instance: /tb/MyRiscv/u_regfile/MUXB
# ** Warning: NUMERIC_STD.TO_INTEGER: metavalue detected, returning 0
#    Time: 3696980 ns  Iteration: 2  Instance: /tb/MyRiscv/u_regfile/MUXA
# ** Warning: NUMERIC_STD.TO_INTEGER: metavalue detected, returning 0
#    Time: 3697 us  Iteration: 5  Instance: /tb/MyRiscv/u_regfile/MUXA
# ** Warning: NUMERIC_STD.TO_INTEGER: metavalue detected, returning 0
#    Time: 3697 us  Iteration: 5  Instance: /tb/MyRiscv/u_regfile/MUXB
# ** Warning: NUMERIC_STD.TO_INTEGER: metavalue detected, returning 0
#    Time: 3717180 ns  Iteration: 2  Instance: /tb/MyRiscv/u_regfile/MUXB
# ** Warning: NUMERIC_STD.TO_INTEGER: metavalue detected, returning 0
#    Time: 3717180 ns  Iteration: 2  Instance: /tb/MyRiscv/u_regfile/MUXA
# ** Warning: NUMERIC_STD.TO_INTEGER: metavalue detected, returning 0
#    Time: 3717200 ns  Iteration: 5  Instance: /tb/MyRiscv/u_regfile/MUXA
# ** Warning: NUMERIC_STD.TO_INTEGER: metavalue detected, returning 0
#    Time: 3717200 ns  Iteration: 5  Instance: /tb/MyRiscv/u_regfile/MUXB
# ** Warning: NUMERIC_STD.TO_INTEGER: metavalue detected, returning 0
#    Time: 3737380 ns  Iteration: 2  Instance: /tb/MyRiscv/u_regfile/MUXB
# ** Warning: NUMERIC_STD.TO_INTEGER: metavalue detected, returning 0
#    Time: 3737380 ns  Iteration: 2  Instance: /tb/MyRiscv/u_regfile/MUXA
# ** Warning: NUMERIC_STD.TO_INTEGER: metavalue detected, returning 0
#    Time: 3737400 ns  Iteration: 5  Instance: /tb/MyRiscv/u_regfile/MUXA
# ** Warning: NUMERIC_STD.TO_INTEGER: metavalue detected, returning 0
#    Time: 3737400 ns  Iteration: 5  Instance: /tb/MyRiscv/u_regfile/MUXB
# ** Warning: NUMERIC_STD.TO_INTEGER: metavalue detected, returning 0
#    Time: 3757580 ns  Iteration: 2  Instance: /tb/MyRiscv/u_regfile/MUXB
# ** Warning: NUMERIC_STD.TO_INTEGER: metavalue detected, returning 0
#    Time: 3757580 ns  Iteration: 2  Instance: /tb/MyRiscv/u_regfile/MUXA
# ** Warning: NUMERIC_STD.TO_INTEGER: metavalue detected, returning 0
#    Time: 3757600 ns  Iteration: 5  Instance: /tb/MyRiscv/u_regfile/MUXA
# ** Warning: NUMERIC_STD.TO_INTEGER: metavalue detected, returning 0
#    Time: 3757600 ns  Iteration: 5  Instance: /tb/MyRiscv/u_regfile/MUXB
# ** Warning: NUMERIC_STD.TO_INTEGER: metavalue detected, returning 0
#    Time: 3777780 ns  Iteration: 2  Instance: /tb/MyRiscv/u_regfile/MUXB
# ** Warning: NUMERIC_STD.TO_INTEGER: metavalue detected, returning 0
#    Time: 3777780 ns  Iteration: 2  Instance: /tb/MyRiscv/u_regfile/MUXA
# ** Warning: NUMERIC_STD.TO_INTEGER: metavalue detected, returning 0
#    Time: 3777800 ns  Iteration: 5  Instance: /tb/MyRiscv/u_regfile/MUXA
# ** Warning: NUMERIC_STD.TO_INTEGER: metavalue detected, returning 0
#    Time: 3777800 ns  Iteration: 5  Instance: /tb/MyRiscv/u_regfile/MUXB
# ** Warning: NUMERIC_STD.TO_INTEGER: metavalue detected, returning 0
#    Time: 3797980 ns  Iteration: 2  Instance: /tb/MyRiscv/u_regfile/MUXB
# ** Warning: NUMERIC_STD.TO_INTEGER: metavalue detected, returning 0
#    Time: 3797980 ns  Iteration: 2  Instance: /tb/MyRiscv/u_regfile/MUXA
# ** Warning: NUMERIC_STD.TO_INTEGER: metavalue detected, returning 0
#    Time: 3798 us  Iteration: 5  Instance: /tb/MyRiscv/u_regfile/MUXA
# ** Warning: NUMERIC_STD.TO_INTEGER: metavalue detected, returning 0
#    Time: 3798 us  Iteration: 5  Instance: /tb/MyRiscv/u_regfile/MUXB
# ** Warning: NUMERIC_STD.TO_INTEGER: metavalue detected, returning 0
#    Time: 3818180 ns  Iteration: 2  Instance: /tb/MyRiscv/u_regfile/MUXB
# ** Warning: NUMERIC_STD.TO_INTEGER: metavalue detected, returning 0
#    Time: 3818180 ns  Iteration: 2  Instance: /tb/MyRiscv/u_regfile/MUXA
# ** Warning: NUMERIC_STD.TO_INTEGER: metavalue detected, returning 0
#    Time: 3818200 ns  Iteration: 5  Instance: /tb/MyRiscv/u_regfile/MUXA
# ** Warning: NUMERIC_STD.TO_INTEGER: metavalue detected, returning 0
#    Time: 3818200 ns  Iteration: 5  Instance: /tb/MyRiscv/u_regfile/MUXB
# ** Warning: NUMERIC_STD.TO_INTEGER: metavalue detected, returning 0
#    Time: 3838380 ns  Iteration: 2  Instance: /tb/MyRiscv/u_regfile/MUXB
# ** Warning: NUMERIC_STD.TO_INTEGER: metavalue detected, returning 0
#    Time: 3838380 ns  Iteration: 2  Instance: /tb/MyRiscv/u_regfile/MUXA
# ** Warning: NUMERIC_STD.TO_INTEGER: metavalue detected, returning 0
#    Time: 3838400 ns  Iteration: 5  Instance: /tb/MyRiscv/u_regfile/MUXA
# ** Warning: NUMERIC_STD.TO_INTEGER: metavalue detected, returning 0
#    Time: 3838400 ns  Iteration: 5  Instance: /tb/MyRiscv/u_regfile/MUXB
# ** Warning: NUMERIC_STD.TO_INTEGER: metavalue detected, returning 0
#    Time: 3858580 ns  Iteration: 2  Instance: /tb/MyRiscv/u_regfile/MUXB
# ** Warning: NUMERIC_STD.TO_INTEGER: metavalue detected, returning 0
#    Time: 3858580 ns  Iteration: 2  Instance: /tb/MyRiscv/u_regfile/MUXA
# ** Warning: NUMERIC_STD.TO_INTEGER: metavalue detected, returning 0
#    Time: 3858600 ns  Iteration: 5  Instance: /tb/MyRiscv/u_regfile/MUXA
# ** Warning: NUMERIC_STD.TO_INTEGER: metavalue detected, returning 0
#    Time: 3858600 ns  Iteration: 5  Instance: /tb/MyRiscv/u_regfile/MUXB
# ** Warning: NUMERIC_STD.TO_INTEGER: metavalue detected, returning 0
#    Time: 3878780 ns  Iteration: 2  Instance: /tb/MyRiscv/u_regfile/MUXB
# ** Warning: NUMERIC_STD.TO_INTEGER: metavalue detected, returning 0
#    Time: 3878780 ns  Iteration: 2  Instance: /tb/MyRiscv/u_regfile/MUXA
# ** Warning: NUMERIC_STD.TO_INTEGER: metavalue detected, returning 0
#    Time: 3878800 ns  Iteration: 5  Instance: /tb/MyRiscv/u_regfile/MUXA
# ** Warning: NUMERIC_STD.TO_INTEGER: metavalue detected, returning 0
#    Time: 3878800 ns  Iteration: 5  Instance: /tb/MyRiscv/u_regfile/MUXB
# ** Warning: NUMERIC_STD.TO_INTEGER: metavalue detected, returning 0
#    Time: 3898980 ns  Iteration: 2  Instance: /tb/MyRiscv/u_regfile/MUXB
# ** Warning: NUMERIC_STD.TO_INTEGER: metavalue detected, returning 0
#    Time: 3898980 ns  Iteration: 2  Instance: /tb/MyRiscv/u_regfile/MUXA
# ** Warning: NUMERIC_STD.TO_INTEGER: metavalue detected, returning 0
#    Time: 3899 us  Iteration: 5  Instance: /tb/MyRiscv/u_regfile/MUXA
# ** Warning: NUMERIC_STD.TO_INTEGER: metavalue detected, returning 0
#    Time: 3899 us  Iteration: 5  Instance: /tb/MyRiscv/u_regfile/MUXB
# ** Warning: NUMERIC_STD.TO_INTEGER: metavalue detected, returning 0
#    Time: 3919180 ns  Iteration: 2  Instance: /tb/MyRiscv/u_regfile/MUXB
# ** Warning: NUMERIC_STD.TO_INTEGER: metavalue detected, returning 0
#    Time: 3919180 ns  Iteration: 2  Instance: /tb/MyRiscv/u_regfile/MUXA
# ** Warning: NUMERIC_STD.TO_INTEGER: metavalue detected, returning 0
#    Time: 3919200 ns  Iteration: 5  Instance: /tb/MyRiscv/u_regfile/MUXA
# ** Warning: NUMERIC_STD.TO_INTEGER: metavalue detected, returning 0
#    Time: 3919200 ns  Iteration: 5  Instance: /tb/MyRiscv/u_regfile/MUXB
# ** Warning: NUMERIC_STD.TO_INTEGER: metavalue detected, returning 0
#    Time: 3939380 ns  Iteration: 2  Instance: /tb/MyRiscv/u_regfile/MUXB
# ** Warning: NUMERIC_STD.TO_INTEGER: metavalue detected, returning 0
#    Time: 3939380 ns  Iteration: 2  Instance: /tb/MyRiscv/u_regfile/MUXA
# ** Warning: NUMERIC_STD.TO_INTEGER: metavalue detected, returning 0
#    Time: 3939400 ns  Iteration: 5  Instance: /tb/MyRiscv/u_regfile/MUXA
# ** Warning: NUMERIC_STD.TO_INTEGER: metavalue detected, returning 0
#    Time: 3939400 ns  Iteration: 5  Instance: /tb/MyRiscv/u_regfile/MUXB
# ** Warning: NUMERIC_STD.TO_INTEGER: metavalue detected, returning 0
#    Time: 3959580 ns  Iteration: 2  Instance: /tb/MyRiscv/u_regfile/MUXB
# ** Warning: NUMERIC_STD.TO_INTEGER: metavalue detected, returning 0
#    Time: 3959580 ns  Iteration: 2  Instance: /tb/MyRiscv/u_regfile/MUXA
# ** Warning: NUMERIC_STD.TO_INTEGER: metavalue detected, returning 0
#    Time: 3959600 ns  Iteration: 5  Instance: /tb/MyRiscv/u_regfile/MUXA
# ** Warning: NUMERIC_STD.TO_INTEGER: metavalue detected, returning 0
#    Time: 3959600 ns  Iteration: 5  Instance: /tb/MyRiscv/u_regfile/MUXB
# ** Warning: NUMERIC_STD.TO_INTEGER: metavalue detected, returning 0
#    Time: 3979780 ns  Iteration: 2  Instance: /tb/MyRiscv/u_regfile/MUXB
# ** Warning: NUMERIC_STD.TO_INTEGER: metavalue detected, returning 0
#    Time: 3979780 ns  Iteration: 2  Instance: /tb/MyRiscv/u_regfile/MUXA
# ** Warning: NUMERIC_STD.TO_INTEGER: metavalue detected, returning 0
#    Time: 3979800 ns  Iteration: 5  Instance: /tb/MyRiscv/u_regfile/MUXA
# ** Warning: NUMERIC_STD.TO_INTEGER: metavalue detected, returning 0
#    Time: 3979800 ns  Iteration: 5  Instance: /tb/MyRiscv/u_regfile/MUXB
# ** Warning: NUMERIC_STD.TO_INTEGER: metavalue detected, returning 0
#    Time: 3999980 ns  Iteration: 2  Instance: /tb/MyRiscv/u_regfile/MUXB
# ** Warning: NUMERIC_STD.TO_INTEGER: metavalue detected, returning 0
#    Time: 3999980 ns  Iteration: 2  Instance: /tb/MyRiscv/u_regfile/MUXA
# ** Warning: NUMERIC_STD.TO_INTEGER: metavalue detected, returning 0
#    Time: 4 ms  Iteration: 5  Instance: /tb/MyRiscv/u_regfile/MUXA
# ** Warning: NUMERIC_STD.TO_INTEGER: metavalue detected, returning 0
#    Time: 4 ms  Iteration: 5  Instance: /tb/MyRiscv/u_regfile/MUXB
# ** Warning: NUMERIC_STD.TO_INTEGER: metavalue detected, returning 0
#    Time: 4020180 ns  Iteration: 2  Instance: /tb/MyRiscv/u_regfile/MUXB
# ** Warning: NUMERIC_STD.TO_INTEGER: metavalue detected, returning 0
#    Time: 4020180 ns  Iteration: 2  Instance: /tb/MyRiscv/u_regfile/MUXA
# ** Warning: NUMERIC_STD.TO_INTEGER: metavalue detected, returning 0
#    Time: 4020200 ns  Iteration: 5  Instance: /tb/MyRiscv/u_regfile/MUXA
# ** Warning: NUMERIC_STD.TO_INTEGER: metavalue detected, returning 0
#    Time: 4020200 ns  Iteration: 5  Instance: /tb/MyRiscv/u_regfile/MUXB
# ** Warning: NUMERIC_STD.TO_INTEGER: metavalue detected, returning 0
#    Time: 4040380 ns  Iteration: 2  Instance: /tb/MyRiscv/u_regfile/MUXB
# ** Warning: NUMERIC_STD.TO_INTEGER: metavalue detected, returning 0
#    Time: 4040380 ns  Iteration: 2  Instance: /tb/MyRiscv/u_regfile/MUXA
# ** Warning: NUMERIC_STD.TO_INTEGER: metavalue detected, returning 0
#    Time: 4040400 ns  Iteration: 5  Instance: /tb/MyRiscv/u_regfile/MUXA
# ** Warning: NUMERIC_STD.TO_INTEGER: metavalue detected, returning 0
#    Time: 4040400 ns  Iteration: 5  Instance: /tb/MyRiscv/u_regfile/MUXB
# ** Warning: NUMERIC_STD.TO_INTEGER: metavalue detected, returning 0
#    Time: 4060580 ns  Iteration: 2  Instance: /tb/MyRiscv/u_regfile/MUXB
# ** Warning: NUMERIC_STD.TO_INTEGER: metavalue detected, returning 0
#    Time: 4060580 ns  Iteration: 2  Instance: /tb/MyRiscv/u_regfile/MUXA
# ** Warning: NUMERIC_STD.TO_INTEGER: metavalue detected, returning 0
#    Time: 4060600 ns  Iteration: 5  Instance: /tb/MyRiscv/u_regfile/MUXA
# ** Warning: NUMERIC_STD.TO_INTEGER: metavalue detected, returning 0
#    Time: 4060600 ns  Iteration: 5  Instance: /tb/MyRiscv/u_regfile/MUXB
# ** Warning: NUMERIC_STD.TO_INTEGER: metavalue detected, returning 0
#    Time: 4080780 ns  Iteration: 2  Instance: /tb/MyRiscv/u_regfile/MUXB
# ** Warning: NUMERIC_STD.TO_INTEGER: metavalue detected, returning 0
#    Time: 4080780 ns  Iteration: 2  Instance: /tb/MyRiscv/u_regfile/MUXA
# ** Warning: NUMERIC_STD.TO_INTEGER: metavalue detected, returning 0
#    Time: 4080800 ns  Iteration: 5  Instance: /tb/MyRiscv/u_regfile/MUXA
# ** Warning: NUMERIC_STD.TO_INTEGER: metavalue detected, returning 0
#    Time: 4080800 ns  Iteration: 5  Instance: /tb/MyRiscv/u_regfile/MUXB
# ** Warning: NUMERIC_STD.TO_INTEGER: metavalue detected, returning 0
#    Time: 4100980 ns  Iteration: 2  Instance: /tb/MyRiscv/u_regfile/MUXB
# ** Warning: NUMERIC_STD.TO_INTEGER: metavalue detected, returning 0
#    Time: 4100980 ns  Iteration: 2  Instance: /tb/MyRiscv/u_regfile/MUXA
# ** Warning: NUMERIC_STD.TO_INTEGER: metavalue detected, returning 0
#    Time: 4101 us  Iteration: 5  Instance: /tb/MyRiscv/u_regfile/MUXA
# ** Warning: NUMERIC_STD.TO_INTEGER: metavalue detected, returning 0
#    Time: 4101 us  Iteration: 5  Instance: /tb/MyRiscv/u_regfile/MUXB
# ** Warning: NUMERIC_STD.TO_INTEGER: metavalue detected, returning 0
#    Time: 4121180 ns  Iteration: 2  Instance: /tb/MyRiscv/u_regfile/MUXB
# ** Warning: NUMERIC_STD.TO_INTEGER: metavalue detected, returning 0
#    Time: 4121180 ns  Iteration: 2  Instance: /tb/MyRiscv/u_regfile/MUXA
# ** Warning: NUMERIC_STD.TO_INTEGER: metavalue detected, returning 0
#    Time: 4121200 ns  Iteration: 5  Instance: /tb/MyRiscv/u_regfile/MUXA
# ** Warning: NUMERIC_STD.TO_INTEGER: metavalue detected, returning 0
#    Time: 4121200 ns  Iteration: 5  Instance: /tb/MyRiscv/u_regfile/MUXB
# ** Warning: NUMERIC_STD.TO_INTEGER: metavalue detected, returning 0
#    Time: 4141380 ns  Iteration: 2  Instance: /tb/MyRiscv/u_regfile/MUXB
# ** Warning: NUMERIC_STD.TO_INTEGER: metavalue detected, returning 0
#    Time: 4141380 ns  Iteration: 2  Instance: /tb/MyRiscv/u_regfile/MUXA
# ** Warning: NUMERIC_STD.TO_INTEGER: metavalue detected, returning 0
#    Time: 4141400 ns  Iteration: 5  Instance: /tb/MyRiscv/u_regfile/MUXA
# ** Warning: NUMERIC_STD.TO_INTEGER: metavalue detected, returning 0
#    Time: 4141400 ns  Iteration: 5  Instance: /tb/MyRiscv/u_regfile/MUXB
# ** Warning: NUMERIC_STD.TO_INTEGER: metavalue detected, returning 0
#    Time: 4161580 ns  Iteration: 2  Instance: /tb/MyRiscv/u_regfile/MUXB
# ** Warning: NUMERIC_STD.TO_INTEGER: metavalue detected, returning 0
#    Time: 4161580 ns  Iteration: 2  Instance: /tb/MyRiscv/u_regfile/MUXA
# ** Warning: NUMERIC_STD.TO_INTEGER: metavalue detected, returning 0
#    Time: 4161600 ns  Iteration: 5  Instance: /tb/MyRiscv/u_regfile/MUXA
# ** Warning: NUMERIC_STD.TO_INTEGER: metavalue detected, returning 0
#    Time: 4161600 ns  Iteration: 5  Instance: /tb/MyRiscv/u_regfile/MUXB
# ** Warning: NUMERIC_STD.TO_INTEGER: metavalue detected, returning 0
#    Time: 4181780 ns  Iteration: 2  Instance: /tb/MyRiscv/u_regfile/MUXB
# ** Warning: NUMERIC_STD.TO_INTEGER: metavalue detected, returning 0
#    Time: 4181780 ns  Iteration: 2  Instance: /tb/MyRiscv/u_regfile/MUXA
# ** Warning: NUMERIC_STD.TO_INTEGER: metavalue detected, returning 0
#    Time: 4181800 ns  Iteration: 5  Instance: /tb/MyRiscv/u_regfile/MUXA
# ** Warning: NUMERIC_STD.TO_INTEGER: metavalue detected, returning 0
#    Time: 4181800 ns  Iteration: 5  Instance: /tb/MyRiscv/u_regfile/MUXB
# ** Warning: NUMERIC_STD.TO_INTEGER: metavalue detected, returning 0
#    Time: 4201980 ns  Iteration: 2  Instance: /tb/MyRiscv/u_regfile/MUXB
# ** Warning: NUMERIC_STD.TO_INTEGER: metavalue detected, returning 0
#    Time: 4201980 ns  Iteration: 2  Instance: /tb/MyRiscv/u_regfile/MUXA
# ** Warning: NUMERIC_STD.TO_INTEGER: metavalue detected, returning 0
#    Time: 4202 us  Iteration: 5  Instance: /tb/MyRiscv/u_regfile/MUXA
# ** Warning: NUMERIC_STD.TO_INTEGER: metavalue detected, returning 0
#    Time: 4202 us  Iteration: 5  Instance: /tb/MyRiscv/u_regfile/MUXB
# ** Warning: NUMERIC_STD.TO_INTEGER: metavalue detected, returning 0
#    Time: 4222180 ns  Iteration: 2  Instance: /tb/MyRiscv/u_regfile/MUXB
# ** Warning: NUMERIC_STD.TO_INTEGER: metavalue detected, returning 0
#    Time: 4222180 ns  Iteration: 2  Instance: /tb/MyRiscv/u_regfile/MUXA
# ** Warning: NUMERIC_STD.TO_INTEGER: metavalue detected, returning 0
#    Time: 4222200 ns  Iteration: 5  Instance: /tb/MyRiscv/u_regfile/MUXA
# ** Warning: NUMERIC_STD.TO_INTEGER: metavalue detected, returning 0
#    Time: 4222200 ns  Iteration: 5  Instance: /tb/MyRiscv/u_regfile/MUXB
# ** Warning: NUMERIC_STD.TO_INTEGER: metavalue detected, returning 0
#    Time: 4242380 ns  Iteration: 2  Instance: /tb/MyRiscv/u_regfile/MUXB
# ** Warning: NUMERIC_STD.TO_INTEGER: metavalue detected, returning 0
#    Time: 4242380 ns  Iteration: 2  Instance: /tb/MyRiscv/u_regfile/MUXA
# ** Warning: NUMERIC_STD.TO_INTEGER: metavalue detected, returning 0
#    Time: 4242400 ns  Iteration: 5  Instance: /tb/MyRiscv/u_regfile/MUXA
# ** Warning: NUMERIC_STD.TO_INTEGER: metavalue detected, returning 0
#    Time: 4242400 ns  Iteration: 5  Instance: /tb/MyRiscv/u_regfile/MUXB
# ** Warning: NUMERIC_STD.TO_INTEGER: metavalue detected, returning 0
#    Time: 4262580 ns  Iteration: 2  Instance: /tb/MyRiscv/u_regfile/MUXB
# ** Warning: NUMERIC_STD.TO_INTEGER: metavalue detected, returning 0
#    Time: 4262580 ns  Iteration: 2  Instance: /tb/MyRiscv/u_regfile/MUXA
# ** Warning: NUMERIC_STD.TO_INTEGER: metavalue detected, returning 0
#    Time: 4262600 ns  Iteration: 5  Instance: /tb/MyRiscv/u_regfile/MUXA
# ** Warning: NUMERIC_STD.TO_INTEGER: metavalue detected, returning 0
#    Time: 4262600 ns  Iteration: 5  Instance: /tb/MyRiscv/u_regfile/MUXB
# ** Warning: NUMERIC_STD.TO_INTEGER: metavalue detected, returning 0
#    Time: 4282780 ns  Iteration: 2  Instance: /tb/MyRiscv/u_regfile/MUXB
# ** Warning: NUMERIC_STD.TO_INTEGER: metavalue detected, returning 0
#    Time: 4282780 ns  Iteration: 2  Instance: /tb/MyRiscv/u_regfile/MUXA
# ** Warning: NUMERIC_STD.TO_INTEGER: metavalue detected, returning 0
#    Time: 4282800 ns  Iteration: 5  Instance: /tb/MyRiscv/u_regfile/MUXA
# ** Warning: NUMERIC_STD.TO_INTEGER: metavalue detected, returning 0
#    Time: 4282800 ns  Iteration: 5  Instance: /tb/MyRiscv/u_regfile/MUXB
# ** Warning: NUMERIC_STD.TO_INTEGER: metavalue detected, returning 0
#    Time: 4302980 ns  Iteration: 2  Instance: /tb/MyRiscv/u_regfile/MUXB
# ** Warning: NUMERIC_STD.TO_INTEGER: metavalue detected, returning 0
#    Time: 4302980 ns  Iteration: 2  Instance: /tb/MyRiscv/u_regfile/MUXA
# ** Warning: NUMERIC_STD.TO_INTEGER: metavalue detected, returning 0
#    Time: 4303 us  Iteration: 5  Instance: /tb/MyRiscv/u_regfile/MUXA
# ** Warning: NUMERIC_STD.TO_INTEGER: metavalue detected, returning 0
#    Time: 4303 us  Iteration: 5  Instance: /tb/MyRiscv/u_regfile/MUXB
# ** Warning: NUMERIC_STD.TO_INTEGER: metavalue detected, returning 0
#    Time: 4323180 ns  Iteration: 2  Instance: /tb/MyRiscv/u_regfile/MUXB
# ** Warning: NUMERIC_STD.TO_INTEGER: metavalue detected, returning 0
#    Time: 4323180 ns  Iteration: 2  Instance: /tb/MyRiscv/u_regfile/MUXA
# ** Warning: NUMERIC_STD.TO_INTEGER: metavalue detected, returning 0
#    Time: 4323200 ns  Iteration: 5  Instance: /tb/MyRiscv/u_regfile/MUXA
# ** Warning: NUMERIC_STD.TO_INTEGER: metavalue detected, returning 0
#    Time: 4323200 ns  Iteration: 5  Instance: /tb/MyRiscv/u_regfile/MUXB
# ** Warning: NUMERIC_STD.TO_INTEGER: metavalue detected, returning 0
#    Time: 4343380 ns  Iteration: 2  Instance: /tb/MyRiscv/u_regfile/MUXB
# ** Warning: NUMERIC_STD.TO_INTEGER: metavalue detected, returning 0
#    Time: 4343380 ns  Iteration: 2  Instance: /tb/MyRiscv/u_regfile/MUXA
# ** Warning: NUMERIC_STD.TO_INTEGER: metavalue detected, returning 0
#    Time: 4343400 ns  Iteration: 5  Instance: /tb/MyRiscv/u_regfile/MUXA
# ** Warning: NUMERIC_STD.TO_INTEGER: metavalue detected, returning 0
#    Time: 4343400 ns  Iteration: 5  Instance: /tb/MyRiscv/u_regfile/MUXB
# ** Warning: NUMERIC_STD.TO_INTEGER: metavalue detected, returning 0
#    Time: 4363580 ns  Iteration: 2  Instance: /tb/MyRiscv/u_regfile/MUXB
# ** Warning: NUMERIC_STD.TO_INTEGER: metavalue detected, returning 0
#    Time: 4363580 ns  Iteration: 2  Instance: /tb/MyRiscv/u_regfile/MUXA
# ** Warning: NUMERIC_STD.TO_INTEGER: metavalue detected, returning 0
#    Time: 4363600 ns  Iteration: 5  Instance: /tb/MyRiscv/u_regfile/MUXA
# ** Warning: NUMERIC_STD.TO_INTEGER: metavalue detected, returning 0
#    Time: 4363600 ns  Iteration: 5  Instance: /tb/MyRiscv/u_regfile/MUXB
# ** Warning: NUMERIC_STD.TO_INTEGER: metavalue detected, returning 0
#    Time: 4383780 ns  Iteration: 2  Instance: /tb/MyRiscv/u_regfile/MUXB
# ** Warning: NUMERIC_STD.TO_INTEGER: metavalue detected, returning 0
#    Time: 4383780 ns  Iteration: 2  Instance: /tb/MyRiscv/u_regfile/MUXA
# ** Warning: NUMERIC_STD.TO_INTEGER: metavalue detected, returning 0
#    Time: 4383800 ns  Iteration: 5  Instance: /tb/MyRiscv/u_regfile/MUXA
# ** Warning: NUMERIC_STD.TO_INTEGER: metavalue detected, returning 0
#    Time: 4383800 ns  Iteration: 5  Instance: /tb/MyRiscv/u_regfile/MUXB
# ** Warning: NUMERIC_STD.TO_INTEGER: metavalue detected, returning 0
#    Time: 4403980 ns  Iteration: 2  Instance: /tb/MyRiscv/u_regfile/MUXB
# ** Warning: NUMERIC_STD.TO_INTEGER: metavalue detected, returning 0
#    Time: 4403980 ns  Iteration: 2  Instance: /tb/MyRiscv/u_regfile/MUXA
# ** Warning: NUMERIC_STD.TO_INTEGER: metavalue detected, returning 0
#    Time: 4404 us  Iteration: 5  Instance: /tb/MyRiscv/u_regfile/MUXA
# ** Warning: NUMERIC_STD.TO_INTEGER: metavalue detected, returning 0
#    Time: 4404 us  Iteration: 5  Instance: /tb/MyRiscv/u_regfile/MUXB
# ** Warning: NUMERIC_STD.TO_INTEGER: metavalue detected, returning 0
#    Time: 4424180 ns  Iteration: 2  Instance: /tb/MyRiscv/u_regfile/MUXB
# ** Warning: NUMERIC_STD.TO_INTEGER: metavalue detected, returning 0
#    Time: 4424180 ns  Iteration: 2  Instance: /tb/MyRiscv/u_regfile/MUXA
# ** Warning: NUMERIC_STD.TO_INTEGER: metavalue detected, returning 0
#    Time: 4424200 ns  Iteration: 5  Instance: /tb/MyRiscv/u_regfile/MUXA
# ** Warning: NUMERIC_STD.TO_INTEGER: metavalue detected, returning 0
#    Time: 4424200 ns  Iteration: 5  Instance: /tb/MyRiscv/u_regfile/MUXB
# ** Warning: NUMERIC_STD.TO_INTEGER: metavalue detected, returning 0
#    Time: 4444380 ns  Iteration: 2  Instance: /tb/MyRiscv/u_regfile/MUXB
# ** Warning: NUMERIC_STD.TO_INTEGER: metavalue detected, returning 0
#    Time: 4444380 ns  Iteration: 2  Instance: /tb/MyRiscv/u_regfile/MUXA
# ** Warning: NUMERIC_STD.TO_INTEGER: metavalue detected, returning 0
#    Time: 4444400 ns  Iteration: 5  Instance: /tb/MyRiscv/u_regfile/MUXA
# ** Warning: NUMERIC_STD.TO_INTEGER: metavalue detected, returning 0
#    Time: 4444400 ns  Iteration: 5  Instance: /tb/MyRiscv/u_regfile/MUXB
# ** Warning: NUMERIC_STD.TO_INTEGER: metavalue detected, returning 0
#    Time: 4464580 ns  Iteration: 2  Instance: /tb/MyRiscv/u_regfile/MUXB
# ** Warning: NUMERIC_STD.TO_INTEGER: metavalue detected, returning 0
#    Time: 4464580 ns  Iteration: 2  Instance: /tb/MyRiscv/u_regfile/MUXA
# ** Warning: NUMERIC_STD.TO_INTEGER: metavalue detected, returning 0
#    Time: 4464600 ns  Iteration: 5  Instance: /tb/MyRiscv/u_regfile/MUXA
# ** Warning: NUMERIC_STD.TO_INTEGER: metavalue detected, returning 0
#    Time: 4464600 ns  Iteration: 5  Instance: /tb/MyRiscv/u_regfile/MUXB
# ** Warning: NUMERIC_STD.TO_INTEGER: metavalue detected, returning 0
#    Time: 4484780 ns  Iteration: 2  Instance: /tb/MyRiscv/u_regfile/MUXB
# ** Warning: NUMERIC_STD.TO_INTEGER: metavalue detected, returning 0
#    Time: 4484780 ns  Iteration: 2  Instance: /tb/MyRiscv/u_regfile/MUXA
# ** Warning: NUMERIC_STD.TO_INTEGER: metavalue detected, returning 0
#    Time: 4484800 ns  Iteration: 5  Instance: /tb/MyRiscv/u_regfile/MUXA
# ** Warning: NUMERIC_STD.TO_INTEGER: metavalue detected, returning 0
#    Time: 4484800 ns  Iteration: 5  Instance: /tb/MyRiscv/u_regfile/MUXB
# ** Warning: NUMERIC_STD.TO_INTEGER: metavalue detected, returning 0
#    Time: 4504980 ns  Iteration: 2  Instance: /tb/MyRiscv/u_regfile/MUXB
# ** Warning: NUMERIC_STD.TO_INTEGER: metavalue detected, returning 0
#    Time: 4504980 ns  Iteration: 2  Instance: /tb/MyRiscv/u_regfile/MUXA
# ** Warning: NUMERIC_STD.TO_INTEGER: metavalue detected, returning 0
#    Time: 4505 us  Iteration: 5  Instance: /tb/MyRiscv/u_regfile/MUXA
# ** Warning: NUMERIC_STD.TO_INTEGER: metavalue detected, returning 0
#    Time: 4505 us  Iteration: 5  Instance: /tb/MyRiscv/u_regfile/MUXB
# ** Warning: NUMERIC_STD.TO_INTEGER: metavalue detected, returning 0
#    Time: 4525180 ns  Iteration: 2  Instance: /tb/MyRiscv/u_regfile/MUXB
# ** Warning: NUMERIC_STD.TO_INTEGER: metavalue detected, returning 0
#    Time: 4525180 ns  Iteration: 2  Instance: /tb/MyRiscv/u_regfile/MUXA
# ** Warning: NUMERIC_STD.TO_INTEGER: metavalue detected, returning 0
#    Time: 4525200 ns  Iteration: 5  Instance: /tb/MyRiscv/u_regfile/MUXA
# ** Warning: NUMERIC_STD.TO_INTEGER: metavalue detected, returning 0
#    Time: 4525200 ns  Iteration: 5  Instance: /tb/MyRiscv/u_regfile/MUXB
# ** Warning: NUMERIC_STD.TO_INTEGER: metavalue detected, returning 0
#    Time: 4545380 ns  Iteration: 2  Instance: /tb/MyRiscv/u_regfile/MUXB
# ** Warning: NUMERIC_STD.TO_INTEGER: metavalue detected, returning 0
#    Time: 4545380 ns  Iteration: 2  Instance: /tb/MyRiscv/u_regfile/MUXA
# ** Warning: NUMERIC_STD.TO_INTEGER: metavalue detected, returning 0
#    Time: 4545400 ns  Iteration: 5  Instance: /tb/MyRiscv/u_regfile/MUXA
# ** Warning: NUMERIC_STD.TO_INTEGER: metavalue detected, returning 0
#    Time: 4545400 ns  Iteration: 5  Instance: /tb/MyRiscv/u_regfile/MUXB
# ** Warning: NUMERIC_STD.TO_INTEGER: metavalue detected, returning 0
#    Time: 4565580 ns  Iteration: 2  Instance: /tb/MyRiscv/u_regfile/MUXB
# ** Warning: NUMERIC_STD.TO_INTEGER: metavalue detected, returning 0
#    Time: 4565580 ns  Iteration: 2  Instance: /tb/MyRiscv/u_regfile/MUXA
# ** Warning: NUMERIC_STD.TO_INTEGER: metavalue detected, returning 0
#    Time: 4565600 ns  Iteration: 5  Instance: /tb/MyRiscv/u_regfile/MUXA
# ** Warning: NUMERIC_STD.TO_INTEGER: metavalue detected, returning 0
#    Time: 4565600 ns  Iteration: 5  Instance: /tb/MyRiscv/u_regfile/MUXB
# ** Warning: NUMERIC_STD.TO_INTEGER: metavalue detected, returning 0
#    Time: 4585780 ns  Iteration: 2  Instance: /tb/MyRiscv/u_regfile/MUXB
# ** Warning: NUMERIC_STD.TO_INTEGER: metavalue detected, returning 0
#    Time: 4585780 ns  Iteration: 2  Instance: /tb/MyRiscv/u_regfile/MUXA
# ** Warning: NUMERIC_STD.TO_INTEGER: metavalue detected, returning 0
#    Time: 4585800 ns  Iteration: 5  Instance: /tb/MyRiscv/u_regfile/MUXA
# ** Warning: NUMERIC_STD.TO_INTEGER: metavalue detected, returning 0
#    Time: 4585800 ns  Iteration: 5  Instance: /tb/MyRiscv/u_regfile/MUXB
# ** Warning: NUMERIC_STD.TO_INTEGER: metavalue detected, returning 0
#    Time: 4605980 ns  Iteration: 2  Instance: /tb/MyRiscv/u_regfile/MUXB
# ** Warning: NUMERIC_STD.TO_INTEGER: metavalue detected, returning 0
#    Time: 4605980 ns  Iteration: 2  Instance: /tb/MyRiscv/u_regfile/MUXA
# ** Warning: NUMERIC_STD.TO_INTEGER: metavalue detected, returning 0
#    Time: 4606 us  Iteration: 5  Instance: /tb/MyRiscv/u_regfile/MUXA
# ** Warning: NUMERIC_STD.TO_INTEGER: metavalue detected, returning 0
#    Time: 4606 us  Iteration: 5  Instance: /tb/MyRiscv/u_regfile/MUXB
# ** Warning: NUMERIC_STD.TO_INTEGER: metavalue detected, returning 0
#    Time: 4626180 ns  Iteration: 2  Instance: /tb/MyRiscv/u_regfile/MUXB
# ** Warning: NUMERIC_STD.TO_INTEGER: metavalue detected, returning 0
#    Time: 4626180 ns  Iteration: 2  Instance: /tb/MyRiscv/u_regfile/MUXA
# ** Warning: NUMERIC_STD.TO_INTEGER: metavalue detected, returning 0
#    Time: 4626200 ns  Iteration: 5  Instance: /tb/MyRiscv/u_regfile/MUXA
# ** Warning: NUMERIC_STD.TO_INTEGER: metavalue detected, returning 0
#    Time: 4626200 ns  Iteration: 5  Instance: /tb/MyRiscv/u_regfile/MUXB
# ** Warning: NUMERIC_STD.TO_INTEGER: metavalue detected, returning 0
#    Time: 4646380 ns  Iteration: 2  Instance: /tb/MyRiscv/u_regfile/MUXB
# ** Warning: NUMERIC_STD.TO_INTEGER: metavalue detected, returning 0
#    Time: 4646380 ns  Iteration: 2  Instance: /tb/MyRiscv/u_regfile/MUXA
# ** Warning: NUMERIC_STD.TO_INTEGER: metavalue detected, returning 0
#    Time: 4646400 ns  Iteration: 5  Instance: /tb/MyRiscv/u_regfile/MUXA
# ** Warning: NUMERIC_STD.TO_INTEGER: metavalue detected, returning 0
#    Time: 4646400 ns  Iteration: 5  Instance: /tb/MyRiscv/u_regfile/MUXB
# ** Warning: NUMERIC_STD.TO_INTEGER: metavalue detected, returning 0
#    Time: 4666580 ns  Iteration: 2  Instance: /tb/MyRiscv/u_regfile/MUXB
# ** Warning: NUMERIC_STD.TO_INTEGER: metavalue detected, returning 0
#    Time: 4666580 ns  Iteration: 2  Instance: /tb/MyRiscv/u_regfile/MUXA
# ** Warning: NUMERIC_STD.TO_INTEGER: metavalue detected, returning 0
#    Time: 4666600 ns  Iteration: 5  Instance: /tb/MyRiscv/u_regfile/MUXA
# ** Warning: NUMERIC_STD.TO_INTEGER: metavalue detected, returning 0
#    Time: 4666600 ns  Iteration: 5  Instance: /tb/MyRiscv/u_regfile/MUXB
# ** Warning: NUMERIC_STD.TO_INTEGER: metavalue detected, returning 0
#    Time: 4686780 ns  Iteration: 2  Instance: /tb/MyRiscv/u_regfile/MUXB
# ** Warning: NUMERIC_STD.TO_INTEGER: metavalue detected, returning 0
#    Time: 4686780 ns  Iteration: 2  Instance: /tb/MyRiscv/u_regfile/MUXA
# ** Warning: NUMERIC_STD.TO_INTEGER: metavalue detected, returning 0
#    Time: 4686800 ns  Iteration: 5  Instance: /tb/MyRiscv/u_regfile/MUXA
# ** Warning: NUMERIC_STD.TO_INTEGER: metavalue detected, returning 0
#    Time: 4686800 ns  Iteration: 5  Instance: /tb/MyRiscv/u_regfile/MUXB
# ** Warning: NUMERIC_STD.TO_INTEGER: metavalue detected, returning 0
#    Time: 4706980 ns  Iteration: 2  Instance: /tb/MyRiscv/u_regfile/MUXB
# ** Warning: NUMERIC_STD.TO_INTEGER: metavalue detected, returning 0
#    Time: 4706980 ns  Iteration: 2  Instance: /tb/MyRiscv/u_regfile/MUXA
# ** Warning: NUMERIC_STD.TO_INTEGER: metavalue detected, returning 0
#    Time: 4707 us  Iteration: 5  Instance: /tb/MyRiscv/u_regfile/MUXA
# ** Warning: NUMERIC_STD.TO_INTEGER: metavalue detected, returning 0
#    Time: 4707 us  Iteration: 5  Instance: /tb/MyRiscv/u_regfile/MUXB
# ** Warning: NUMERIC_STD.TO_INTEGER: metavalue detected, returning 0
#    Time: 4727180 ns  Iteration: 2  Instance: /tb/MyRiscv/u_regfile/MUXB
# ** Warning: NUMERIC_STD.TO_INTEGER: metavalue detected, returning 0
#    Time: 4727180 ns  Iteration: 2  Instance: /tb/MyRiscv/u_regfile/MUXA
# ** Warning: NUMERIC_STD.TO_INTEGER: metavalue detected, returning 0
#    Time: 4727200 ns  Iteration: 5  Instance: /tb/MyRiscv/u_regfile/MUXA
# ** Warning: NUMERIC_STD.TO_INTEGER: metavalue detected, returning 0
#    Time: 4727200 ns  Iteration: 5  Instance: /tb/MyRiscv/u_regfile/MUXB
# ** Warning: NUMERIC_STD.TO_INTEGER: metavalue detected, returning 0
#    Time: 4747380 ns  Iteration: 2  Instance: /tb/MyRiscv/u_regfile/MUXB
# ** Warning: NUMERIC_STD.TO_INTEGER: metavalue detected, returning 0
#    Time: 4747380 ns  Iteration: 2  Instance: /tb/MyRiscv/u_regfile/MUXA
# ** Warning: NUMERIC_STD.TO_INTEGER: metavalue detected, returning 0
#    Time: 4747400 ns  Iteration: 5  Instance: /tb/MyRiscv/u_regfile/MUXA
# ** Warning: NUMERIC_STD.TO_INTEGER: metavalue detected, returning 0
#    Time: 4747400 ns  Iteration: 5  Instance: /tb/MyRiscv/u_regfile/MUXB
# ** Warning: NUMERIC_STD.TO_INTEGER: metavalue detected, returning 0
#    Time: 4767580 ns  Iteration: 2  Instance: /tb/MyRiscv/u_regfile/MUXB
# ** Warning: NUMERIC_STD.TO_INTEGER: metavalue detected, returning 0
#    Time: 4767580 ns  Iteration: 2  Instance: /tb/MyRiscv/u_regfile/MUXA
# ** Warning: NUMERIC_STD.TO_INTEGER: metavalue detected, returning 0
#    Time: 4767600 ns  Iteration: 5  Instance: /tb/MyRiscv/u_regfile/MUXA
# ** Warning: NUMERIC_STD.TO_INTEGER: metavalue detected, returning 0
#    Time: 4767600 ns  Iteration: 5  Instance: /tb/MyRiscv/u_regfile/MUXB
# ** Warning: NUMERIC_STD.TO_INTEGER: metavalue detected, returning 0
#    Time: 4787780 ns  Iteration: 2  Instance: /tb/MyRiscv/u_regfile/MUXB
# ** Warning: NUMERIC_STD.TO_INTEGER: metavalue detected, returning 0
#    Time: 4787780 ns  Iteration: 2  Instance: /tb/MyRiscv/u_regfile/MUXA
# ** Warning: NUMERIC_STD.TO_INTEGER: metavalue detected, returning 0
#    Time: 4787800 ns  Iteration: 5  Instance: /tb/MyRiscv/u_regfile/MUXA
# ** Warning: NUMERIC_STD.TO_INTEGER: metavalue detected, returning 0
#    Time: 4787800 ns  Iteration: 5  Instance: /tb/MyRiscv/u_regfile/MUXB
# ** Warning: NUMERIC_STD.TO_INTEGER: metavalue detected, returning 0
#    Time: 4807980 ns  Iteration: 2  Instance: /tb/MyRiscv/u_regfile/MUXB
# ** Warning: NUMERIC_STD.TO_INTEGER: metavalue detected, returning 0
#    Time: 4807980 ns  Iteration: 2  Instance: /tb/MyRiscv/u_regfile/MUXA
# ** Warning: NUMERIC_STD.TO_INTEGER: metavalue detected, returning 0
#    Time: 4808 us  Iteration: 5  Instance: /tb/MyRiscv/u_regfile/MUXA
# ** Warning: NUMERIC_STD.TO_INTEGER: metavalue detected, returning 0
#    Time: 4808 us  Iteration: 5  Instance: /tb/MyRiscv/u_regfile/MUXB
# ** Warning: NUMERIC_STD.TO_INTEGER: metavalue detected, returning 0
#    Time: 4828180 ns  Iteration: 2  Instance: /tb/MyRiscv/u_regfile/MUXB
# ** Warning: NUMERIC_STD.TO_INTEGER: metavalue detected, returning 0
#    Time: 4828180 ns  Iteration: 2  Instance: /tb/MyRiscv/u_regfile/MUXA
# ** Warning: NUMERIC_STD.TO_INTEGER: metavalue detected, returning 0
#    Time: 4828200 ns  Iteration: 5  Instance: /tb/MyRiscv/u_regfile/MUXA
# ** Warning: NUMERIC_STD.TO_INTEGER: metavalue detected, returning 0
#    Time: 4828200 ns  Iteration: 5  Instance: /tb/MyRiscv/u_regfile/MUXB
# ** Warning: NUMERIC_STD.TO_INTEGER: metavalue detected, returning 0
#    Time: 4848380 ns  Iteration: 2  Instance: /tb/MyRiscv/u_regfile/MUXB
# ** Warning: NUMERIC_STD.TO_INTEGER: metavalue detected, returning 0
#    Time: 4848380 ns  Iteration: 2  Instance: /tb/MyRiscv/u_regfile/MUXA
# ** Warning: NUMERIC_STD.TO_INTEGER: metavalue detected, returning 0
#    Time: 4848400 ns  Iteration: 5  Instance: /tb/MyRiscv/u_regfile/MUXA
# ** Warning: NUMERIC_STD.TO_INTEGER: metavalue detected, returning 0
#    Time: 4848400 ns  Iteration: 5  Instance: /tb/MyRiscv/u_regfile/MUXB
# ** Warning: NUMERIC_STD.TO_INTEGER: metavalue detected, returning 0
#    Time: 4868580 ns  Iteration: 2  Instance: /tb/MyRiscv/u_regfile/MUXB
# ** Warning: NUMERIC_STD.TO_INTEGER: metavalue detected, returning 0
#    Time: 4868580 ns  Iteration: 2  Instance: /tb/MyRiscv/u_regfile/MUXA
# ** Warning: NUMERIC_STD.TO_INTEGER: metavalue detected, returning 0
#    Time: 4868600 ns  Iteration: 5  Instance: /tb/MyRiscv/u_regfile/MUXA
# ** Warning: NUMERIC_STD.TO_INTEGER: metavalue detected, returning 0
#    Time: 4868600 ns  Iteration: 5  Instance: /tb/MyRiscv/u_regfile/MUXB
# ** Warning: NUMERIC_STD.TO_INTEGER: metavalue detected, returning 0
#    Time: 4888780 ns  Iteration: 2  Instance: /tb/MyRiscv/u_regfile/MUXB
# ** Warning: NUMERIC_STD.TO_INTEGER: metavalue detected, returning 0
#    Time: 4888780 ns  Iteration: 2  Instance: /tb/MyRiscv/u_regfile/MUXA
# ** Warning: NUMERIC_STD.TO_INTEGER: metavalue detected, returning 0
#    Time: 4888800 ns  Iteration: 5  Instance: /tb/MyRiscv/u_regfile/MUXA
# ** Warning: NUMERIC_STD.TO_INTEGER: metavalue detected, returning 0
#    Time: 4888800 ns  Iteration: 5  Instance: /tb/MyRiscv/u_regfile/MUXB
# ** Warning: NUMERIC_STD.TO_INTEGER: metavalue detected, returning 0
#    Time: 4908980 ns  Iteration: 2  Instance: /tb/MyRiscv/u_regfile/MUXB
# ** Warning: NUMERIC_STD.TO_INTEGER: metavalue detected, returning 0
#    Time: 4908980 ns  Iteration: 2  Instance: /tb/MyRiscv/u_regfile/MUXA
# ** Warning: NUMERIC_STD.TO_INTEGER: metavalue detected, returning 0
#    Time: 4909 us  Iteration: 5  Instance: /tb/MyRiscv/u_regfile/MUXA
# ** Warning: NUMERIC_STD.TO_INTEGER: metavalue detected, returning 0
#    Time: 4909 us  Iteration: 5  Instance: /tb/MyRiscv/u_regfile/MUXB
# ** Warning: NUMERIC_STD.TO_INTEGER: metavalue detected, returning 0
#    Time: 4929180 ns  Iteration: 2  Instance: /tb/MyRiscv/u_regfile/MUXB
# ** Warning: NUMERIC_STD.TO_INTEGER: metavalue detected, returning 0
#    Time: 4929180 ns  Iteration: 2  Instance: /tb/MyRiscv/u_regfile/MUXA
# ** Warning: NUMERIC_STD.TO_INTEGER: metavalue detected, returning 0
#    Time: 4929200 ns  Iteration: 5  Instance: /tb/MyRiscv/u_regfile/MUXA
# ** Warning: NUMERIC_STD.TO_INTEGER: metavalue detected, returning 0
#    Time: 4929200 ns  Iteration: 5  Instance: /tb/MyRiscv/u_regfile/MUXB
# ** Warning: NUMERIC_STD.TO_INTEGER: metavalue detected, returning 0
#    Time: 4949380 ns  Iteration: 2  Instance: /tb/MyRiscv/u_regfile/MUXB
# ** Warning: NUMERIC_STD.TO_INTEGER: metavalue detected, returning 0
#    Time: 4949380 ns  Iteration: 2  Instance: /tb/MyRiscv/u_regfile/MUXA
# ** Warning: NUMERIC_STD.TO_INTEGER: metavalue detected, returning 0
#    Time: 4949400 ns  Iteration: 5  Instance: /tb/MyRiscv/u_regfile/MUXA
# ** Warning: NUMERIC_STD.TO_INTEGER: metavalue detected, returning 0
#    Time: 4949400 ns  Iteration: 5  Instance: /tb/MyRiscv/u_regfile/MUXB
# ** Warning: NUMERIC_STD.TO_INTEGER: metavalue detected, returning 0
#    Time: 4969580 ns  Iteration: 2  Instance: /tb/MyRiscv/u_regfile/MUXB
# ** Warning: NUMERIC_STD.TO_INTEGER: metavalue detected, returning 0
#    Time: 4969580 ns  Iteration: 2  Instance: /tb/MyRiscv/u_regfile/MUXA
# ** Warning: NUMERIC_STD.TO_INTEGER: metavalue detected, returning 0
#    Time: 4969600 ns  Iteration: 5  Instance: /tb/MyRiscv/u_regfile/MUXA
# ** Warning: NUMERIC_STD.TO_INTEGER: metavalue detected, returning 0
#    Time: 4969600 ns  Iteration: 5  Instance: /tb/MyRiscv/u_regfile/MUXB
# ** Warning: NUMERIC_STD.TO_INTEGER: metavalue detected, returning 0
#    Time: 4989780 ns  Iteration: 2  Instance: /tb/MyRiscv/u_regfile/MUXB
# ** Warning: NUMERIC_STD.TO_INTEGER: metavalue detected, returning 0
#    Time: 4989780 ns  Iteration: 2  Instance: /tb/MyRiscv/u_regfile/MUXA
# ** Warning: NUMERIC_STD.TO_INTEGER: metavalue detected, returning 0
#    Time: 4989800 ns  Iteration: 5  Instance: /tb/MyRiscv/u_regfile/MUXA
# ** Warning: NUMERIC_STD.TO_INTEGER: metavalue detected, returning 0
#    Time: 4989800 ns  Iteration: 5  Instance: /tb/MyRiscv/u_regfile/MUXB
# ** Warning: NUMERIC_STD.TO_INTEGER: metavalue detected, returning 0
#    Time: 5009980 ns  Iteration: 2  Instance: /tb/MyRiscv/u_regfile/MUXB
# ** Warning: NUMERIC_STD.TO_INTEGER: metavalue detected, returning 0
#    Time: 5009980 ns  Iteration: 2  Instance: /tb/MyRiscv/u_regfile/MUXA
# ** Warning: NUMERIC_STD.TO_INTEGER: metavalue detected, returning 0
#    Time: 5010 us  Iteration: 5  Instance: /tb/MyRiscv/u_regfile/MUXA
# ** Warning: NUMERIC_STD.TO_INTEGER: metavalue detected, returning 0
#    Time: 5010 us  Iteration: 5  Instance: /tb/MyRiscv/u_regfile/MUXB
# ** Warning: NUMERIC_STD.TO_INTEGER: metavalue detected, returning 0
#    Time: 5030180 ns  Iteration: 2  Instance: /tb/MyRiscv/u_regfile/MUXB
# ** Warning: NUMERIC_STD.TO_INTEGER: metavalue detected, returning 0
#    Time: 5030180 ns  Iteration: 2  Instance: /tb/MyRiscv/u_regfile/MUXA
# ** Warning: NUMERIC_STD.TO_INTEGER: metavalue detected, returning 0
#    Time: 5030200 ns  Iteration: 5  Instance: /tb/MyRiscv/u_regfile/MUXA
# ** Warning: NUMERIC_STD.TO_INTEGER: metavalue detected, returning 0
#    Time: 5030200 ns  Iteration: 5  Instance: /tb/MyRiscv/u_regfile/MUXB
# ** Warning: NUMERIC_STD.TO_INTEGER: metavalue detected, returning 0
#    Time: 5050380 ns  Iteration: 2  Instance: /tb/MyRiscv/u_regfile/MUXB
# ** Warning: NUMERIC_STD.TO_INTEGER: metavalue detected, returning 0
#    Time: 5050380 ns  Iteration: 2  Instance: /tb/MyRiscv/u_regfile/MUXA
# ** Warning: NUMERIC_STD.TO_INTEGER: metavalue detected, returning 0
#    Time: 5050400 ns  Iteration: 5  Instance: /tb/MyRiscv/u_regfile/MUXA
# ** Warning: NUMERIC_STD.TO_INTEGER: metavalue detected, returning 0
#    Time: 5050400 ns  Iteration: 5  Instance: /tb/MyRiscv/u_regfile/MUXB
# ** Warning: NUMERIC_STD.TO_INTEGER: metavalue detected, returning 0
#    Time: 5070580 ns  Iteration: 2  Instance: /tb/MyRiscv/u_regfile/MUXB
# ** Warning: NUMERIC_STD.TO_INTEGER: metavalue detected, returning 0
#    Time: 5070580 ns  Iteration: 2  Instance: /tb/MyRiscv/u_regfile/MUXA
# ** Warning: NUMERIC_STD.TO_INTEGER: metavalue detected, returning 0
#    Time: 5070600 ns  Iteration: 5  Instance: /tb/MyRiscv/u_regfile/MUXA
# ** Warning: NUMERIC_STD.TO_INTEGER: metavalue detected, returning 0
#    Time: 5070600 ns  Iteration: 5  Instance: /tb/MyRiscv/u_regfile/MUXB
# ** Warning: NUMERIC_STD.TO_INTEGER: metavalue detected, returning 0
#    Time: 5090780 ns  Iteration: 2  Instance: /tb/MyRiscv/u_regfile/MUXB
# ** Warning: NUMERIC_STD.TO_INTEGER: metavalue detected, returning 0
#    Time: 5090780 ns  Iteration: 2  Instance: /tb/MyRiscv/u_regfile/MUXA
# ** Warning: NUMERIC_STD.TO_INTEGER: metavalue detected, returning 0
#    Time: 5090800 ns  Iteration: 5  Instance: /tb/MyRiscv/u_regfile/MUXA
# ** Warning: NUMERIC_STD.TO_INTEGER: metavalue detected, returning 0
#    Time: 5090800 ns  Iteration: 5  Instance: /tb/MyRiscv/u_regfile/MUXB
# ** Warning: NUMERIC_STD.TO_INTEGER: metavalue detected, returning 0
#    Time: 5110980 ns  Iteration: 2  Instance: /tb/MyRiscv/u_regfile/MUXB
# ** Warning: NUMERIC_STD.TO_INTEGER: metavalue detected, returning 0
#    Time: 5110980 ns  Iteration: 2  Instance: /tb/MyRiscv/u_regfile/MUXA
# ** Warning: NUMERIC_STD.TO_INTEGER: metavalue detected, returning 0
#    Time: 5111 us  Iteration: 5  Instance: /tb/MyRiscv/u_regfile/MUXA
# ** Warning: NUMERIC_STD.TO_INTEGER: metavalue detected, returning 0
#    Time: 5111 us  Iteration: 5  Instance: /tb/MyRiscv/u_regfile/MUXB
# ** Warning: NUMERIC_STD.TO_INTEGER: metavalue detected, returning 0
#    Time: 5131180 ns  Iteration: 2  Instance: /tb/MyRiscv/u_regfile/MUXB
# ** Warning: NUMERIC_STD.TO_INTEGER: metavalue detected, returning 0
#    Time: 5131180 ns  Iteration: 2  Instance: /tb/MyRiscv/u_regfile/MUXA
# ** Warning: NUMERIC_STD.TO_INTEGER: metavalue detected, returning 0
#    Time: 5131200 ns  Iteration: 5  Instance: /tb/MyRiscv/u_regfile/MUXA
# ** Warning: NUMERIC_STD.TO_INTEGER: metavalue detected, returning 0
#    Time: 5131200 ns  Iteration: 5  Instance: /tb/MyRiscv/u_regfile/MUXB
# ** Warning: NUMERIC_STD.TO_INTEGER: metavalue detected, returning 0
#    Time: 5151380 ns  Iteration: 2  Instance: /tb/MyRiscv/u_regfile/MUXB
# ** Warning: NUMERIC_STD.TO_INTEGER: metavalue detected, returning 0
#    Time: 5151380 ns  Iteration: 2  Instance: /tb/MyRiscv/u_regfile/MUXA
# ** Warning: NUMERIC_STD.TO_INTEGER: metavalue detected, returning 0
#    Time: 5151400 ns  Iteration: 5  Instance: /tb/MyRiscv/u_regfile/MUXA
# ** Warning: NUMERIC_STD.TO_INTEGER: metavalue detected, returning 0
#    Time: 5151400 ns  Iteration: 5  Instance: /tb/MyRiscv/u_regfile/MUXB
# ** Warning: NUMERIC_STD.TO_INTEGER: metavalue detected, returning 0
#    Time: 5171580 ns  Iteration: 2  Instance: /tb/MyRiscv/u_regfile/MUXB
# ** Warning: NUMERIC_STD.TO_INTEGER: metavalue detected, returning 0
#    Time: 5171580 ns  Iteration: 2  Instance: /tb/MyRiscv/u_regfile/MUXA
# ** Warning: NUMERIC_STD.TO_INTEGER: metavalue detected, returning 0
#    Time: 5171600 ns  Iteration: 5  Instance: /tb/MyRiscv/u_regfile/MUXA
# ** Warning: NUMERIC_STD.TO_INTEGER: metavalue detected, returning 0
#    Time: 5171600 ns  Iteration: 5  Instance: /tb/MyRiscv/u_regfile/MUXB
# ** Warning: NUMERIC_STD.TO_INTEGER: metavalue detected, returning 0
#    Time: 5191780 ns  Iteration: 2  Instance: /tb/MyRiscv/u_regfile/MUXB
# ** Warning: NUMERIC_STD.TO_INTEGER: metavalue detected, returning 0
#    Time: 5191780 ns  Iteration: 2  Instance: /tb/MyRiscv/u_regfile/MUXA
# ** Warning: NUMERIC_STD.TO_INTEGER: metavalue detected, returning 0
#    Time: 5191800 ns  Iteration: 5  Instance: /tb/MyRiscv/u_regfile/MUXA
# ** Warning: NUMERIC_STD.TO_INTEGER: metavalue detected, returning 0
#    Time: 5191800 ns  Iteration: 5  Instance: /tb/MyRiscv/u_regfile/MUXB
# ** Warning: NUMERIC_STD.TO_INTEGER: metavalue detected, returning 0
#    Time: 5211980 ns  Iteration: 2  Instance: /tb/MyRiscv/u_regfile/MUXB
# ** Warning: NUMERIC_STD.TO_INTEGER: metavalue detected, returning 0
#    Time: 5211980 ns  Iteration: 2  Instance: /tb/MyRiscv/u_regfile/MUXA
# ** Warning: NUMERIC_STD.TO_INTEGER: metavalue detected, returning 0
#    Time: 5212 us  Iteration: 5  Instance: /tb/MyRiscv/u_regfile/MUXA
# ** Warning: NUMERIC_STD.TO_INTEGER: metavalue detected, returning 0
#    Time: 5212 us  Iteration: 5  Instance: /tb/MyRiscv/u_regfile/MUXB
# ** Warning: NUMERIC_STD.TO_INTEGER: metavalue detected, returning 0
#    Time: 5232180 ns  Iteration: 2  Instance: /tb/MyRiscv/u_regfile/MUXB
# ** Warning: NUMERIC_STD.TO_INTEGER: metavalue detected, returning 0
#    Time: 5232180 ns  Iteration: 2  Instance: /tb/MyRiscv/u_regfile/MUXA
# ** Warning: NUMERIC_STD.TO_INTEGER: metavalue detected, returning 0
#    Time: 5232200 ns  Iteration: 5  Instance: /tb/MyRiscv/u_regfile/MUXA
# ** Warning: NUMERIC_STD.TO_INTEGER: metavalue detected, returning 0
#    Time: 5232200 ns  Iteration: 5  Instance: /tb/MyRiscv/u_regfile/MUXB
# ** Warning: NUMERIC_STD.TO_INTEGER: metavalue detected, returning 0
#    Time: 5252380 ns  Iteration: 2  Instance: /tb/MyRiscv/u_regfile/MUXB
# ** Warning: NUMERIC_STD.TO_INTEGER: metavalue detected, returning 0
#    Time: 5252380 ns  Iteration: 2  Instance: /tb/MyRiscv/u_regfile/MUXA
# ** Warning: NUMERIC_STD.TO_INTEGER: metavalue detected, returning 0
#    Time: 5252400 ns  Iteration: 5  Instance: /tb/MyRiscv/u_regfile/MUXA
# ** Warning: NUMERIC_STD.TO_INTEGER: metavalue detected, returning 0
#    Time: 5252400 ns  Iteration: 5  Instance: /tb/MyRiscv/u_regfile/MUXB
# ** Warning: NUMERIC_STD.TO_INTEGER: metavalue detected, returning 0
#    Time: 5272580 ns  Iteration: 2  Instance: /tb/MyRiscv/u_regfile/MUXB
# ** Warning: NUMERIC_STD.TO_INTEGER: metavalue detected, returning 0
#    Time: 5272580 ns  Iteration: 2  Instance: /tb/MyRiscv/u_regfile/MUXA
# ** Warning: NUMERIC_STD.TO_INTEGER: metavalue detected, returning 0
#    Time: 5272600 ns  Iteration: 5  Instance: /tb/MyRiscv/u_regfile/MUXA
# ** Warning: NUMERIC_STD.TO_INTEGER: metavalue detected, returning 0
#    Time: 5272600 ns  Iteration: 5  Instance: /tb/MyRiscv/u_regfile/MUXB
# ** Warning: NUMERIC_STD.TO_INTEGER: metavalue detected, returning 0
#    Time: 5292780 ns  Iteration: 2  Instance: /tb/MyRiscv/u_regfile/MUXB
# ** Warning: NUMERIC_STD.TO_INTEGER: metavalue detected, returning 0
#    Time: 5292780 ns  Iteration: 2  Instance: /tb/MyRiscv/u_regfile/MUXA
# ** Warning: NUMERIC_STD.TO_INTEGER: metavalue detected, returning 0
#    Time: 5292800 ns  Iteration: 5  Instance: /tb/MyRiscv/u_regfile/MUXA
# ** Warning: NUMERIC_STD.TO_INTEGER: metavalue detected, returning 0
#    Time: 5292800 ns  Iteration: 5  Instance: /tb/MyRiscv/u_regfile/MUXB
# ** Warning: NUMERIC_STD.TO_INTEGER: metavalue detected, returning 0
#    Time: 5312980 ns  Iteration: 2  Instance: /tb/MyRiscv/u_regfile/MUXB
# ** Warning: NUMERIC_STD.TO_INTEGER: metavalue detected, returning 0
#    Time: 5312980 ns  Iteration: 2  Instance: /tb/MyRiscv/u_regfile/MUXA
# ** Warning: NUMERIC_STD.TO_INTEGER: metavalue detected, returning 0
#    Time: 5313 us  Iteration: 5  Instance: /tb/MyRiscv/u_regfile/MUXA
# ** Warning: NUMERIC_STD.TO_INTEGER: metavalue detected, returning 0
#    Time: 5313 us  Iteration: 5  Instance: /tb/MyRiscv/u_regfile/MUXB
# ** Warning: NUMERIC_STD.TO_INTEGER: metavalue detected, returning 0
#    Time: 5333180 ns  Iteration: 2  Instance: /tb/MyRiscv/u_regfile/MUXB
# ** Warning: NUMERIC_STD.TO_INTEGER: metavalue detected, returning 0
#    Time: 5333180 ns  Iteration: 2  Instance: /tb/MyRiscv/u_regfile/MUXA
# ** Warning: NUMERIC_STD.TO_INTEGER: metavalue detected, returning 0
#    Time: 5333200 ns  Iteration: 5  Instance: /tb/MyRiscv/u_regfile/MUXA
# ** Warning: NUMERIC_STD.TO_INTEGER: metavalue detected, returning 0
#    Time: 5333200 ns  Iteration: 5  Instance: /tb/MyRiscv/u_regfile/MUXB
# ** Warning: NUMERIC_STD.TO_INTEGER: metavalue detected, returning 0
#    Time: 5353380 ns  Iteration: 2  Instance: /tb/MyRiscv/u_regfile/MUXB
# ** Warning: NUMERIC_STD.TO_INTEGER: metavalue detected, returning 0
#    Time: 5353380 ns  Iteration: 2  Instance: /tb/MyRiscv/u_regfile/MUXA
# ** Warning: NUMERIC_STD.TO_INTEGER: metavalue detected, returning 0
#    Time: 5353400 ns  Iteration: 5  Instance: /tb/MyRiscv/u_regfile/MUXA
# ** Warning: NUMERIC_STD.TO_INTEGER: metavalue detected, returning 0
#    Time: 5353400 ns  Iteration: 5  Instance: /tb/MyRiscv/u_regfile/MUXB
# ** Warning: NUMERIC_STD.TO_INTEGER: metavalue detected, returning 0
#    Time: 5373580 ns  Iteration: 2  Instance: /tb/MyRiscv/u_regfile/MUXB
# ** Warning: NUMERIC_STD.TO_INTEGER: metavalue detected, returning 0
#    Time: 5373580 ns  Iteration: 2  Instance: /tb/MyRiscv/u_regfile/MUXA
# ** Warning: NUMERIC_STD.TO_INTEGER: metavalue detected, returning 0
#    Time: 5373600 ns  Iteration: 5  Instance: /tb/MyRiscv/u_regfile/MUXA
# ** Warning: NUMERIC_STD.TO_INTEGER: metavalue detected, returning 0
#    Time: 5373600 ns  Iteration: 5  Instance: /tb/MyRiscv/u_regfile/MUXB
# ** Warning: NUMERIC_STD.TO_INTEGER: metavalue detected, returning 0
#    Time: 5393780 ns  Iteration: 2  Instance: /tb/MyRiscv/u_regfile/MUXB
# ** Warning: NUMERIC_STD.TO_INTEGER: metavalue detected, returning 0
#    Time: 5393780 ns  Iteration: 2  Instance: /tb/MyRiscv/u_regfile/MUXA
# ** Warning: NUMERIC_STD.TO_INTEGER: metavalue detected, returning 0
#    Time: 5393800 ns  Iteration: 5  Instance: /tb/MyRiscv/u_regfile/MUXA
# ** Warning: NUMERIC_STD.TO_INTEGER: metavalue detected, returning 0
#    Time: 5393800 ns  Iteration: 5  Instance: /tb/MyRiscv/u_regfile/MUXB
# ** Warning: NUMERIC_STD.TO_INTEGER: metavalue detected, returning 0
#    Time: 5413980 ns  Iteration: 2  Instance: /tb/MyRiscv/u_regfile/MUXB
# ** Warning: NUMERIC_STD.TO_INTEGER: metavalue detected, returning 0
#    Time: 5413980 ns  Iteration: 2  Instance: /tb/MyRiscv/u_regfile/MUXA
# ** Warning: NUMERIC_STD.TO_INTEGER: metavalue detected, returning 0
#    Time: 5414 us  Iteration: 5  Instance: /tb/MyRiscv/u_regfile/MUXA
# ** Warning: NUMERIC_STD.TO_INTEGER: metavalue detected, returning 0
#    Time: 5414 us  Iteration: 5  Instance: /tb/MyRiscv/u_regfile/MUXB
# ** Warning: NUMERIC_STD.TO_INTEGER: metavalue detected, returning 0
#    Time: 5434180 ns  Iteration: 2  Instance: /tb/MyRiscv/u_regfile/MUXB
# ** Warning: NUMERIC_STD.TO_INTEGER: metavalue detected, returning 0
#    Time: 5434180 ns  Iteration: 2  Instance: /tb/MyRiscv/u_regfile/MUXA
# ** Warning: NUMERIC_STD.TO_INTEGER: metavalue detected, returning 0
#    Time: 5434200 ns  Iteration: 5  Instance: /tb/MyRiscv/u_regfile/MUXA
# ** Warning: NUMERIC_STD.TO_INTEGER: metavalue detected, returning 0
#    Time: 5434200 ns  Iteration: 5  Instance: /tb/MyRiscv/u_regfile/MUXB
# ** Warning: NUMERIC_STD.TO_INTEGER: metavalue detected, returning 0
#    Time: 5454380 ns  Iteration: 2  Instance: /tb/MyRiscv/u_regfile/MUXB
# ** Warning: NUMERIC_STD.TO_INTEGER: metavalue detected, returning 0
#    Time: 5454380 ns  Iteration: 2  Instance: /tb/MyRiscv/u_regfile/MUXA
# ** Warning: NUMERIC_STD.TO_INTEGER: metavalue detected, returning 0
#    Time: 5454400 ns  Iteration: 5  Instance: /tb/MyRiscv/u_regfile/MUXA
# ** Warning: NUMERIC_STD.TO_INTEGER: metavalue detected, returning 0
#    Time: 5454400 ns  Iteration: 5  Instance: /tb/MyRiscv/u_regfile/MUXB
# ** Warning: NUMERIC_STD.TO_INTEGER: metavalue detected, returning 0
#    Time: 5474580 ns  Iteration: 2  Instance: /tb/MyRiscv/u_regfile/MUXB
# ** Warning: NUMERIC_STD.TO_INTEGER: metavalue detected, returning 0
#    Time: 5474580 ns  Iteration: 2  Instance: /tb/MyRiscv/u_regfile/MUXA
# ** Warning: NUMERIC_STD.TO_INTEGER: metavalue detected, returning 0
#    Time: 5474600 ns  Iteration: 5  Instance: /tb/MyRiscv/u_regfile/MUXA
# ** Warning: NUMERIC_STD.TO_INTEGER: metavalue detected, returning 0
#    Time: 5474600 ns  Iteration: 5  Instance: /tb/MyRiscv/u_regfile/MUXB
# ** Warning: NUMERIC_STD.TO_INTEGER: metavalue detected, returning 0
#    Time: 5494780 ns  Iteration: 2  Instance: /tb/MyRiscv/u_regfile/MUXB
# ** Warning: NUMERIC_STD.TO_INTEGER: metavalue detected, returning 0
#    Time: 5494780 ns  Iteration: 2  Instance: /tb/MyRiscv/u_regfile/MUXA
# ** Warning: NUMERIC_STD.TO_INTEGER: metavalue detected, returning 0
#    Time: 5494800 ns  Iteration: 5  Instance: /tb/MyRiscv/u_regfile/MUXA
# ** Warning: NUMERIC_STD.TO_INTEGER: metavalue detected, returning 0
#    Time: 5494800 ns  Iteration: 5  Instance: /tb/MyRiscv/u_regfile/MUXB
# ** Warning: NUMERIC_STD.TO_INTEGER: metavalue detected, returning 0
#    Time: 5514980 ns  Iteration: 2  Instance: /tb/MyRiscv/u_regfile/MUXB
# ** Warning: NUMERIC_STD.TO_INTEGER: metavalue detected, returning 0
#    Time: 5514980 ns  Iteration: 2  Instance: /tb/MyRiscv/u_regfile/MUXA
# ** Warning: NUMERIC_STD.TO_INTEGER: metavalue detected, returning 0
#    Time: 5515 us  Iteration: 5  Instance: /tb/MyRiscv/u_regfile/MUXA
# ** Warning: NUMERIC_STD.TO_INTEGER: metavalue detected, returning 0
#    Time: 5515 us  Iteration: 5  Instance: /tb/MyRiscv/u_regfile/MUXB
# ** Warning: NUMERIC_STD.TO_INTEGER: metavalue detected, returning 0
#    Time: 5535180 ns  Iteration: 2  Instance: /tb/MyRiscv/u_regfile/MUXB
# ** Warning: NUMERIC_STD.TO_INTEGER: metavalue detected, returning 0
#    Time: 5535180 ns  Iteration: 2  Instance: /tb/MyRiscv/u_regfile/MUXA
# ** Warning: NUMERIC_STD.TO_INTEGER: metavalue detected, returning 0
#    Time: 5535200 ns  Iteration: 5  Instance: /tb/MyRiscv/u_regfile/MUXA
# ** Warning: NUMERIC_STD.TO_INTEGER: metavalue detected, returning 0
#    Time: 5535200 ns  Iteration: 5  Instance: /tb/MyRiscv/u_regfile/MUXB
# ** Warning: NUMERIC_STD.TO_INTEGER: metavalue detected, returning 0
#    Time: 5555380 ns  Iteration: 2  Instance: /tb/MyRiscv/u_regfile/MUXB
# ** Warning: NUMERIC_STD.TO_INTEGER: metavalue detected, returning 0
#    Time: 5555380 ns  Iteration: 2  Instance: /tb/MyRiscv/u_regfile/MUXA
# ** Warning: NUMERIC_STD.TO_INTEGER: metavalue detected, returning 0
#    Time: 5555400 ns  Iteration: 5  Instance: /tb/MyRiscv/u_regfile/MUXA
# ** Warning: NUMERIC_STD.TO_INTEGER: metavalue detected, returning 0
#    Time: 5555400 ns  Iteration: 5  Instance: /tb/MyRiscv/u_regfile/MUXB
# ** Warning: NUMERIC_STD.TO_INTEGER: metavalue detected, returning 0
#    Time: 5575580 ns  Iteration: 2  Instance: /tb/MyRiscv/u_regfile/MUXB
# ** Warning: NUMERIC_STD.TO_INTEGER: metavalue detected, returning 0
#    Time: 5575580 ns  Iteration: 2  Instance: /tb/MyRiscv/u_regfile/MUXA
# ** Warning: NUMERIC_STD.TO_INTEGER: metavalue detected, returning 0
#    Time: 5575600 ns  Iteration: 5  Instance: /tb/MyRiscv/u_regfile/MUXA
# ** Warning: NUMERIC_STD.TO_INTEGER: metavalue detected, returning 0
#    Time: 5575600 ns  Iteration: 5  Instance: /tb/MyRiscv/u_regfile/MUXB
# ** Warning: NUMERIC_STD.TO_INTEGER: metavalue detected, returning 0
#    Time: 5595780 ns  Iteration: 2  Instance: /tb/MyRiscv/u_regfile/MUXB
# ** Warning: NUMERIC_STD.TO_INTEGER: metavalue detected, returning 0
#    Time: 5595780 ns  Iteration: 2  Instance: /tb/MyRiscv/u_regfile/MUXA
# ** Warning: NUMERIC_STD.TO_INTEGER: metavalue detected, returning 0
#    Time: 5595800 ns  Iteration: 5  Instance: /tb/MyRiscv/u_regfile/MUXA
# ** Warning: NUMERIC_STD.TO_INTEGER: metavalue detected, returning 0
#    Time: 5595800 ns  Iteration: 5  Instance: /tb/MyRiscv/u_regfile/MUXB
# ** Warning: NUMERIC_STD.TO_INTEGER: metavalue detected, returning 0
#    Time: 5615980 ns  Iteration: 2  Instance: /tb/MyRiscv/u_regfile/MUXB
# ** Warning: NUMERIC_STD.TO_INTEGER: metavalue detected, returning 0
#    Time: 5615980 ns  Iteration: 2  Instance: /tb/MyRiscv/u_regfile/MUXA
# ** Warning: NUMERIC_STD.TO_INTEGER: metavalue detected, returning 0
#    Time: 5616 us  Iteration: 5  Instance: /tb/MyRiscv/u_regfile/MUXA
# ** Warning: NUMERIC_STD.TO_INTEGER: metavalue detected, returning 0
#    Time: 5616 us  Iteration: 5  Instance: /tb/MyRiscv/u_regfile/MUXB
# ** Warning: NUMERIC_STD.TO_INTEGER: metavalue detected, returning 0
#    Time: 5636180 ns  Iteration: 2  Instance: /tb/MyRiscv/u_regfile/MUXB
# ** Warning: NUMERIC_STD.TO_INTEGER: metavalue detected, returning 0
#    Time: 5636180 ns  Iteration: 2  Instance: /tb/MyRiscv/u_regfile/MUXA
# ** Warning: NUMERIC_STD.TO_INTEGER: metavalue detected, returning 0
#    Time: 5636200 ns  Iteration: 5  Instance: /tb/MyRiscv/u_regfile/MUXA
# ** Warning: NUMERIC_STD.TO_INTEGER: metavalue detected, returning 0
#    Time: 5636200 ns  Iteration: 5  Instance: /tb/MyRiscv/u_regfile/MUXB
# ** Warning: NUMERIC_STD.TO_INTEGER: metavalue detected, returning 0
#    Time: 5656380 ns  Iteration: 2  Instance: /tb/MyRiscv/u_regfile/MUXB
# ** Warning: NUMERIC_STD.TO_INTEGER: metavalue detected, returning 0
#    Time: 5656380 ns  Iteration: 2  Instance: /tb/MyRiscv/u_regfile/MUXA
# ** Warning: NUMERIC_STD.TO_INTEGER: metavalue detected, returning 0
#    Time: 5656400 ns  Iteration: 5  Instance: /tb/MyRiscv/u_regfile/MUXA
# ** Warning: NUMERIC_STD.TO_INTEGER: metavalue detected, returning 0
#    Time: 5656400 ns  Iteration: 5  Instance: /tb/MyRiscv/u_regfile/MUXB
# ** Warning: NUMERIC_STD.TO_INTEGER: metavalue detected, returning 0
#    Time: 5676580 ns  Iteration: 2  Instance: /tb/MyRiscv/u_regfile/MUXB
# ** Warning: NUMERIC_STD.TO_INTEGER: metavalue detected, returning 0
#    Time: 5676580 ns  Iteration: 2  Instance: /tb/MyRiscv/u_regfile/MUXA
# ** Warning: NUMERIC_STD.TO_INTEGER: metavalue detected, returning 0
#    Time: 5676600 ns  Iteration: 5  Instance: /tb/MyRiscv/u_regfile/MUXA
# ** Warning: NUMERIC_STD.TO_INTEGER: metavalue detected, returning 0
#    Time: 5676600 ns  Iteration: 5  Instance: /tb/MyRiscv/u_regfile/MUXB
# ** Warning: NUMERIC_STD.TO_INTEGER: metavalue detected, returning 0
#    Time: 5696780 ns  Iteration: 2  Instance: /tb/MyRiscv/u_regfile/MUXB
# ** Warning: NUMERIC_STD.TO_INTEGER: metavalue detected, returning 0
#    Time: 5696780 ns  Iteration: 2  Instance: /tb/MyRiscv/u_regfile/MUXA
# ** Warning: NUMERIC_STD.TO_INTEGER: metavalue detected, returning 0
#    Time: 5696800 ns  Iteration: 5  Instance: /tb/MyRiscv/u_regfile/MUXA
# ** Warning: NUMERIC_STD.TO_INTEGER: metavalue detected, returning 0
#    Time: 5696800 ns  Iteration: 5  Instance: /tb/MyRiscv/u_regfile/MUXB
# ** Warning: NUMERIC_STD.TO_INTEGER: metavalue detected, returning 0
#    Time: 5716980 ns  Iteration: 2  Instance: /tb/MyRiscv/u_regfile/MUXB
# ** Warning: NUMERIC_STD.TO_INTEGER: metavalue detected, returning 0
#    Time: 5716980 ns  Iteration: 2  Instance: /tb/MyRiscv/u_regfile/MUXA
# ** Warning: NUMERIC_STD.TO_INTEGER: metavalue detected, returning 0
#    Time: 5717 us  Iteration: 5  Instance: /tb/MyRiscv/u_regfile/MUXA
# ** Warning: NUMERIC_STD.TO_INTEGER: metavalue detected, returning 0
#    Time: 5717 us  Iteration: 5  Instance: /tb/MyRiscv/u_regfile/MUXB
# ** Warning: NUMERIC_STD.TO_INTEGER: metavalue detected, returning 0
#    Time: 5737180 ns  Iteration: 2  Instance: /tb/MyRiscv/u_regfile/MUXB
# ** Warning: NUMERIC_STD.TO_INTEGER: metavalue detected, returning 0
#    Time: 5737180 ns  Iteration: 2  Instance: /tb/MyRiscv/u_regfile/MUXA
# ** Warning: NUMERIC_STD.TO_INTEGER: metavalue detected, returning 0
#    Time: 5737200 ns  Iteration: 5  Instance: /tb/MyRiscv/u_regfile/MUXA
# ** Warning: NUMERIC_STD.TO_INTEGER: metavalue detected, returning 0
#    Time: 5737200 ns  Iteration: 5  Instance: /tb/MyRiscv/u_regfile/MUXB
# ** Warning: NUMERIC_STD.TO_INTEGER: metavalue detected, returning 0
#    Time: 5757380 ns  Iteration: 2  Instance: /tb/MyRiscv/u_regfile/MUXB
# ** Warning: NUMERIC_STD.TO_INTEGER: metavalue detected, returning 0
#    Time: 5757380 ns  Iteration: 2  Instance: /tb/MyRiscv/u_regfile/MUXA
# ** Warning: NUMERIC_STD.TO_INTEGER: metavalue detected, returning 0
#    Time: 5757400 ns  Iteration: 5  Instance: /tb/MyRiscv/u_regfile/MUXA
# ** Warning: NUMERIC_STD.TO_INTEGER: metavalue detected, returning 0
#    Time: 5757400 ns  Iteration: 5  Instance: /tb/MyRiscv/u_regfile/MUXB
# ** Warning: NUMERIC_STD.TO_INTEGER: metavalue detected, returning 0
#    Time: 5777580 ns  Iteration: 2  Instance: /tb/MyRiscv/u_regfile/MUXB
# ** Warning: NUMERIC_STD.TO_INTEGER: metavalue detected, returning 0
#    Time: 5777580 ns  Iteration: 2  Instance: /tb/MyRiscv/u_regfile/MUXA
# ** Warning: NUMERIC_STD.TO_INTEGER: metavalue detected, returning 0
#    Time: 5777600 ns  Iteration: 5  Instance: /tb/MyRiscv/u_regfile/MUXA
# ** Warning: NUMERIC_STD.TO_INTEGER: metavalue detected, returning 0
#    Time: 5777600 ns  Iteration: 5  Instance: /tb/MyRiscv/u_regfile/MUXB
# ** Warning: NUMERIC_STD.TO_INTEGER: metavalue detected, returning 0
#    Time: 5797780 ns  Iteration: 2  Instance: /tb/MyRiscv/u_regfile/MUXB
# ** Warning: NUMERIC_STD.TO_INTEGER: metavalue detected, returning 0
#    Time: 5797780 ns  Iteration: 2  Instance: /tb/MyRiscv/u_regfile/MUXA
# ** Warning: NUMERIC_STD.TO_INTEGER: metavalue detected, returning 0
#    Time: 5797800 ns  Iteration: 5  Instance: /tb/MyRiscv/u_regfile/MUXA
# ** Warning: NUMERIC_STD.TO_INTEGER: metavalue detected, returning 0
#    Time: 5797800 ns  Iteration: 5  Instance: /tb/MyRiscv/u_regfile/MUXB
# ** Warning: NUMERIC_STD.TO_INTEGER: metavalue detected, returning 0
#    Time: 5817980 ns  Iteration: 2  Instance: /tb/MyRiscv/u_regfile/MUXB
# ** Warning: NUMERIC_STD.TO_INTEGER: metavalue detected, returning 0
#    Time: 5817980 ns  Iteration: 2  Instance: /tb/MyRiscv/u_regfile/MUXA
# ** Warning: NUMERIC_STD.TO_INTEGER: metavalue detected, returning 0
#    Time: 5818 us  Iteration: 5  Instance: /tb/MyRiscv/u_regfile/MUXA
# ** Warning: NUMERIC_STD.TO_INTEGER: metavalue detected, returning 0
#    Time: 5818 us  Iteration: 5  Instance: /tb/MyRiscv/u_regfile/MUXB
# ** Warning: NUMERIC_STD.TO_INTEGER: metavalue detected, returning 0
#    Time: 5838180 ns  Iteration: 2  Instance: /tb/MyRiscv/u_regfile/MUXB
# ** Warning: NUMERIC_STD.TO_INTEGER: metavalue detected, returning 0
#    Time: 5838180 ns  Iteration: 2  Instance: /tb/MyRiscv/u_regfile/MUXA
# ** Warning: NUMERIC_STD.TO_INTEGER: metavalue detected, returning 0
#    Time: 5838200 ns  Iteration: 5  Instance: /tb/MyRiscv/u_regfile/MUXA
# ** Warning: NUMERIC_STD.TO_INTEGER: metavalue detected, returning 0
#    Time: 5838200 ns  Iteration: 5  Instance: /tb/MyRiscv/u_regfile/MUXB
# ** Warning: NUMERIC_STD.TO_INTEGER: metavalue detected, returning 0
#    Time: 5858380 ns  Iteration: 2  Instance: /tb/MyRiscv/u_regfile/MUXB
# ** Warning: NUMERIC_STD.TO_INTEGER: metavalue detected, returning 0
#    Time: 5858380 ns  Iteration: 2  Instance: /tb/MyRiscv/u_regfile/MUXA
# ** Warning: NUMERIC_STD.TO_INTEGER: metavalue detected, returning 0
#    Time: 5858400 ns  Iteration: 5  Instance: /tb/MyRiscv/u_regfile/MUXA
# ** Warning: NUMERIC_STD.TO_INTEGER: metavalue detected, returning 0
#    Time: 5858400 ns  Iteration: 5  Instance: /tb/MyRiscv/u_regfile/MUXB
# ** Warning: NUMERIC_STD.TO_INTEGER: metavalue detected, returning 0
#    Time: 5878580 ns  Iteration: 2  Instance: /tb/MyRiscv/u_regfile/MUXB
# ** Warning: NUMERIC_STD.TO_INTEGER: metavalue detected, returning 0
#    Time: 5878580 ns  Iteration: 2  Instance: /tb/MyRiscv/u_regfile/MUXA
# ** Warning: NUMERIC_STD.TO_INTEGER: metavalue detected, returning 0
#    Time: 5878600 ns  Iteration: 5  Instance: /tb/MyRiscv/u_regfile/MUXA
# ** Warning: NUMERIC_STD.TO_INTEGER: metavalue detected, returning 0
#    Time: 5878600 ns  Iteration: 5  Instance: /tb/MyRiscv/u_regfile/MUXB
# ** Warning: NUMERIC_STD.TO_INTEGER: metavalue detected, returning 0
#    Time: 5898780 ns  Iteration: 2  Instance: /tb/MyRiscv/u_regfile/MUXB
# ** Warning: NUMERIC_STD.TO_INTEGER: metavalue detected, returning 0
#    Time: 5898780 ns  Iteration: 2  Instance: /tb/MyRiscv/u_regfile/MUXA
# ** Warning: NUMERIC_STD.TO_INTEGER: metavalue detected, returning 0
#    Time: 5898800 ns  Iteration: 5  Instance: /tb/MyRiscv/u_regfile/MUXA
# ** Warning: NUMERIC_STD.TO_INTEGER: metavalue detected, returning 0
#    Time: 5898800 ns  Iteration: 5  Instance: /tb/MyRiscv/u_regfile/MUXB
# ** Warning: NUMERIC_STD.TO_INTEGER: metavalue detected, returning 0
#    Time: 5918980 ns  Iteration: 2  Instance: /tb/MyRiscv/u_regfile/MUXB
# ** Warning: NUMERIC_STD.TO_INTEGER: metavalue detected, returning 0
#    Time: 5918980 ns  Iteration: 2  Instance: /tb/MyRiscv/u_regfile/MUXA
# ** Warning: NUMERIC_STD.TO_INTEGER: metavalue detected, returning 0
#    Time: 5919 us  Iteration: 5  Instance: /tb/MyRiscv/u_regfile/MUXA
# ** Warning: NUMERIC_STD.TO_INTEGER: metavalue detected, returning 0
#    Time: 5919 us  Iteration: 5  Instance: /tb/MyRiscv/u_regfile/MUXB
# ** Warning: NUMERIC_STD.TO_INTEGER: metavalue detected, returning 0
#    Time: 5939180 ns  Iteration: 2  Instance: /tb/MyRiscv/u_regfile/MUXB
# ** Warning: NUMERIC_STD.TO_INTEGER: metavalue detected, returning 0
#    Time: 5939180 ns  Iteration: 2  Instance: /tb/MyRiscv/u_regfile/MUXA
# ** Warning: NUMERIC_STD.TO_INTEGER: metavalue detected, returning 0
#    Time: 5939200 ns  Iteration: 5  Instance: /tb/MyRiscv/u_regfile/MUXA
# ** Warning: NUMERIC_STD.TO_INTEGER: metavalue detected, returning 0
#    Time: 5939200 ns  Iteration: 5  Instance: /tb/MyRiscv/u_regfile/MUXB
# ** Warning: NUMERIC_STD.TO_INTEGER: metavalue detected, returning 0
#    Time: 5959380 ns  Iteration: 2  Instance: /tb/MyRiscv/u_regfile/MUXB
# ** Warning: NUMERIC_STD.TO_INTEGER: metavalue detected, returning 0
#    Time: 5959380 ns  Iteration: 2  Instance: /tb/MyRiscv/u_regfile/MUXA
# ** Warning: NUMERIC_STD.TO_INTEGER: metavalue detected, returning 0
#    Time: 5959400 ns  Iteration: 5  Instance: /tb/MyRiscv/u_regfile/MUXA
# ** Warning: NUMERIC_STD.TO_INTEGER: metavalue detected, returning 0
#    Time: 5959400 ns  Iteration: 5  Instance: /tb/MyRiscv/u_regfile/MUXB
# ** Warning: NUMERIC_STD.TO_INTEGER: metavalue detected, returning 0
#    Time: 5979580 ns  Iteration: 2  Instance: /tb/MyRiscv/u_regfile/MUXB
# ** Warning: NUMERIC_STD.TO_INTEGER: metavalue detected, returning 0
#    Time: 5979580 ns  Iteration: 2  Instance: /tb/MyRiscv/u_regfile/MUXA
# ** Warning: NUMERIC_STD.TO_INTEGER: metavalue detected, returning 0
#    Time: 5979600 ns  Iteration: 5  Instance: /tb/MyRiscv/u_regfile/MUXA
# ** Warning: NUMERIC_STD.TO_INTEGER: metavalue detected, returning 0
#    Time: 5979600 ns  Iteration: 5  Instance: /tb/MyRiscv/u_regfile/MUXB
# ** Warning: NUMERIC_STD.TO_INTEGER: metavalue detected, returning 0
#    Time: 5999780 ns  Iteration: 2  Instance: /tb/MyRiscv/u_regfile/MUXB
# ** Warning: NUMERIC_STD.TO_INTEGER: metavalue detected, returning 0
#    Time: 5999780 ns  Iteration: 2  Instance: /tb/MyRiscv/u_regfile/MUXA
# ** Warning: NUMERIC_STD.TO_INTEGER: metavalue detected, returning 0
#    Time: 5999800 ns  Iteration: 5  Instance: /tb/MyRiscv/u_regfile/MUXA
# ** Warning: NUMERIC_STD.TO_INTEGER: metavalue detected, returning 0
#    Time: 5999800 ns  Iteration: 5  Instance: /tb/MyRiscv/u_regfile/MUXB
# ** Warning: NUMERIC_STD.TO_INTEGER: metavalue detected, returning 0
#    Time: 6019980 ns  Iteration: 2  Instance: /tb/MyRiscv/u_regfile/MUXB
# ** Warning: NUMERIC_STD.TO_INTEGER: metavalue detected, returning 0
#    Time: 6019980 ns  Iteration: 2  Instance: /tb/MyRiscv/u_regfile/MUXA
# ** Warning: NUMERIC_STD.TO_INTEGER: metavalue detected, returning 0
#    Time: 6020 us  Iteration: 5  Instance: /tb/MyRiscv/u_regfile/MUXA
# ** Warning: NUMERIC_STD.TO_INTEGER: metavalue detected, returning 0
#    Time: 6020 us  Iteration: 5  Instance: /tb/MyRiscv/u_regfile/MUXB
# ** Warning: NUMERIC_STD.TO_INTEGER: metavalue detected, returning 0
#    Time: 6040180 ns  Iteration: 2  Instance: /tb/MyRiscv/u_regfile/MUXB
# ** Warning: NUMERIC_STD.TO_INTEGER: metavalue detected, returning 0
#    Time: 6040180 ns  Iteration: 2  Instance: /tb/MyRiscv/u_regfile/MUXA
# ** Warning: NUMERIC_STD.TO_INTEGER: metavalue detected, returning 0
#    Time: 6040200 ns  Iteration: 5  Instance: /tb/MyRiscv/u_regfile/MUXA
# ** Warning: NUMERIC_STD.TO_INTEGER: metavalue detected, returning 0
#    Time: 6040200 ns  Iteration: 5  Instance: /tb/MyRiscv/u_regfile/MUXB
# ** Warning: NUMERIC_STD.TO_INTEGER: metavalue detected, returning 0
#    Time: 6060380 ns  Iteration: 2  Instance: /tb/MyRiscv/u_regfile/MUXB
# ** Warning: NUMERIC_STD.TO_INTEGER: metavalue detected, returning 0
#    Time: 6060380 ns  Iteration: 2  Instance: /tb/MyRiscv/u_regfile/MUXA
# ** Warning: NUMERIC_STD.TO_INTEGER: metavalue detected, returning 0
#    Time: 6060400 ns  Iteration: 5  Instance: /tb/MyRiscv/u_regfile/MUXA
# ** Warning: NUMERIC_STD.TO_INTEGER: metavalue detected, returning 0
#    Time: 6060400 ns  Iteration: 5  Instance: /tb/MyRiscv/u_regfile/MUXB
# ** Warning: NUMERIC_STD.TO_INTEGER: metavalue detected, returning 0
#    Time: 6080580 ns  Iteration: 2  Instance: /tb/MyRiscv/u_regfile/MUXB
# ** Warning: NUMERIC_STD.TO_INTEGER: metavalue detected, returning 0
#    Time: 6080580 ns  Iteration: 2  Instance: /tb/MyRiscv/u_regfile/MUXA
# ** Warning: NUMERIC_STD.TO_INTEGER: metavalue detected, returning 0
#    Time: 6080600 ns  Iteration: 5  Instance: /tb/MyRiscv/u_regfile/MUXA
# ** Warning: NUMERIC_STD.TO_INTEGER: metavalue detected, returning 0
#    Time: 6080600 ns  Iteration: 5  Instance: /tb/MyRiscv/u_regfile/MUXB
# ** Warning: NUMERIC_STD.TO_INTEGER: metavalue detected, returning 0
#    Time: 6100780 ns  Iteration: 2  Instance: /tb/MyRiscv/u_regfile/MUXB
# ** Warning: NUMERIC_STD.TO_INTEGER: metavalue detected, returning 0
#    Time: 6100780 ns  Iteration: 2  Instance: /tb/MyRiscv/u_regfile/MUXA
# ** Warning: NUMERIC_STD.TO_INTEGER: metavalue detected, returning 0
#    Time: 6100800 ns  Iteration: 5  Instance: /tb/MyRiscv/u_regfile/MUXA
# ** Warning: NUMERIC_STD.TO_INTEGER: metavalue detected, returning 0
#    Time: 6100800 ns  Iteration: 5  Instance: /tb/MyRiscv/u_regfile/MUXB
# ** Warning: NUMERIC_STD.TO_INTEGER: metavalue detected, returning 0
#    Time: 6120980 ns  Iteration: 2  Instance: /tb/MyRiscv/u_regfile/MUXB
# ** Warning: NUMERIC_STD.TO_INTEGER: metavalue detected, returning 0
#    Time: 6120980 ns  Iteration: 2  Instance: /tb/MyRiscv/u_regfile/MUXA
# ** Warning: NUMERIC_STD.TO_INTEGER: metavalue detected, returning 0
#    Time: 6121 us  Iteration: 5  Instance: /tb/MyRiscv/u_regfile/MUXA
# ** Warning: NUMERIC_STD.TO_INTEGER: metavalue detected, returning 0
#    Time: 6121 us  Iteration: 5  Instance: /tb/MyRiscv/u_regfile/MUXB
# ** Warning: NUMERIC_STD.TO_INTEGER: metavalue detected, returning 0
#    Time: 6141180 ns  Iteration: 2  Instance: /tb/MyRiscv/u_regfile/MUXB
# ** Warning: NUMERIC_STD.TO_INTEGER: metavalue detected, returning 0
#    Time: 6141180 ns  Iteration: 2  Instance: /tb/MyRiscv/u_regfile/MUXA
# ** Warning: NUMERIC_STD.TO_INTEGER: metavalue detected, returning 0
#    Time: 6141200 ns  Iteration: 5  Instance: /tb/MyRiscv/u_regfile/MUXA
# ** Warning: NUMERIC_STD.TO_INTEGER: metavalue detected, returning 0
#    Time: 6141200 ns  Iteration: 5  Instance: /tb/MyRiscv/u_regfile/MUXB
# ** Warning: NUMERIC_STD.TO_INTEGER: metavalue detected, returning 0
#    Time: 6161380 ns  Iteration: 2  Instance: /tb/MyRiscv/u_regfile/MUXB
# ** Warning: NUMERIC_STD.TO_INTEGER: metavalue detected, returning 0
#    Time: 6161380 ns  Iteration: 2  Instance: /tb/MyRiscv/u_regfile/MUXA
# ** Warning: NUMERIC_STD.TO_INTEGER: metavalue detected, returning 0
#    Time: 6161400 ns  Iteration: 5  Instance: /tb/MyRiscv/u_regfile/MUXA
# ** Warning: NUMERIC_STD.TO_INTEGER: metavalue detected, returning 0
#    Time: 6161400 ns  Iteration: 5  Instance: /tb/MyRiscv/u_regfile/MUXB
# ** Warning: NUMERIC_STD.TO_INTEGER: metavalue detected, returning 0
#    Time: 6181580 ns  Iteration: 2  Instance: /tb/MyRiscv/u_regfile/MUXB
# ** Warning: NUMERIC_STD.TO_INTEGER: metavalue detected, returning 0
#    Time: 6181580 ns  Iteration: 2  Instance: /tb/MyRiscv/u_regfile/MUXA
# ** Warning: NUMERIC_STD.TO_INTEGER: metavalue detected, returning 0
#    Time: 6181600 ns  Iteration: 5  Instance: /tb/MyRiscv/u_regfile/MUXA
# ** Warning: NUMERIC_STD.TO_INTEGER: metavalue detected, returning 0
#    Time: 6181600 ns  Iteration: 5  Instance: /tb/MyRiscv/u_regfile/MUXB
# ** Warning: NUMERIC_STD.TO_INTEGER: metavalue detected, returning 0
#    Time: 6201780 ns  Iteration: 2  Instance: /tb/MyRiscv/u_regfile/MUXB
# ** Warning: NUMERIC_STD.TO_INTEGER: metavalue detected, returning 0
#    Time: 6201780 ns  Iteration: 2  Instance: /tb/MyRiscv/u_regfile/MUXA
# ** Warning: NUMERIC_STD.TO_INTEGER: metavalue detected, returning 0
#    Time: 6201800 ns  Iteration: 5  Instance: /tb/MyRiscv/u_regfile/MUXA
# ** Warning: NUMERIC_STD.TO_INTEGER: metavalue detected, returning 0
#    Time: 6201800 ns  Iteration: 5  Instance: /tb/MyRiscv/u_regfile/MUXB
# ** Warning: NUMERIC_STD.TO_INTEGER: metavalue detected, returning 0
#    Time: 6221980 ns  Iteration: 2  Instance: /tb/MyRiscv/u_regfile/MUXB
# ** Warning: NUMERIC_STD.TO_INTEGER: metavalue detected, returning 0
#    Time: 6221980 ns  Iteration: 2  Instance: /tb/MyRiscv/u_regfile/MUXA
# ** Warning: NUMERIC_STD.TO_INTEGER: metavalue detected, returning 0
#    Time: 6222 us  Iteration: 5  Instance: /tb/MyRiscv/u_regfile/MUXA
# ** Warning: NUMERIC_STD.TO_INTEGER: metavalue detected, returning 0
#    Time: 6222 us  Iteration: 5  Instance: /tb/MyRiscv/u_regfile/MUXB
# ** Warning: NUMERIC_STD.TO_INTEGER: metavalue detected, returning 0
#    Time: 6242180 ns  Iteration: 2  Instance: /tb/MyRiscv/u_regfile/MUXB
# ** Warning: NUMERIC_STD.TO_INTEGER: metavalue detected, returning 0
#    Time: 6242180 ns  Iteration: 2  Instance: /tb/MyRiscv/u_regfile/MUXA
# ** Warning: NUMERIC_STD.TO_INTEGER: metavalue detected, returning 0
#    Time: 6242200 ns  Iteration: 5  Instance: /tb/MyRiscv/u_regfile/MUXA
# ** Warning: NUMERIC_STD.TO_INTEGER: metavalue detected, returning 0
#    Time: 6242200 ns  Iteration: 5  Instance: /tb/MyRiscv/u_regfile/MUXB
# ** Warning: NUMERIC_STD.TO_INTEGER: metavalue detected, returning 0
#    Time: 6262380 ns  Iteration: 2  Instance: /tb/MyRiscv/u_regfile/MUXB
# ** Warning: NUMERIC_STD.TO_INTEGER: metavalue detected, returning 0
#    Time: 6262380 ns  Iteration: 2  Instance: /tb/MyRiscv/u_regfile/MUXA
# ** Warning: NUMERIC_STD.TO_INTEGER: metavalue detected, returning 0
#    Time: 6262400 ns  Iteration: 5  Instance: /tb/MyRiscv/u_regfile/MUXA
# ** Warning: NUMERIC_STD.TO_INTEGER: metavalue detected, returning 0
#    Time: 6262400 ns  Iteration: 5  Instance: /tb/MyRiscv/u_regfile/MUXB
# ** Warning: NUMERIC_STD.TO_INTEGER: metavalue detected, returning 0
#    Time: 6282580 ns  Iteration: 2  Instance: /tb/MyRiscv/u_regfile/MUXB
# ** Warning: NUMERIC_STD.TO_INTEGER: metavalue detected, returning 0
#    Time: 6282580 ns  Iteration: 2  Instance: /tb/MyRiscv/u_regfile/MUXA
# ** Warning: NUMERIC_STD.TO_INTEGER: metavalue detected, returning 0
#    Time: 6282600 ns  Iteration: 5  Instance: /tb/MyRiscv/u_regfile/MUXA
# ** Warning: NUMERIC_STD.TO_INTEGER: metavalue detected, returning 0
#    Time: 6282600 ns  Iteration: 5  Instance: /tb/MyRiscv/u_regfile/MUXB
# ** Warning: NUMERIC_STD.TO_INTEGER: metavalue detected, returning 0
#    Time: 6302780 ns  Iteration: 2  Instance: /tb/MyRiscv/u_regfile/MUXB
# ** Warning: NUMERIC_STD.TO_INTEGER: metavalue detected, returning 0
#    Time: 6302780 ns  Iteration: 2  Instance: /tb/MyRiscv/u_regfile/MUXA
# ** Warning: NUMERIC_STD.TO_INTEGER: metavalue detected, returning 0
#    Time: 6302800 ns  Iteration: 5  Instance: /tb/MyRiscv/u_regfile/MUXA
# ** Warning: NUMERIC_STD.TO_INTEGER: metavalue detected, returning 0
#    Time: 6302800 ns  Iteration: 5  Instance: /tb/MyRiscv/u_regfile/MUXB
# ** Warning: NUMERIC_STD.TO_INTEGER: metavalue detected, returning 0
#    Time: 6322980 ns  Iteration: 2  Instance: /tb/MyRiscv/u_regfile/MUXB
# ** Warning: NUMERIC_STD.TO_INTEGER: metavalue detected, returning 0
#    Time: 6322980 ns  Iteration: 2  Instance: /tb/MyRiscv/u_regfile/MUXA
# ** Warning: NUMERIC_STD.TO_INTEGER: metavalue detected, returning 0
#    Time: 6323 us  Iteration: 5  Instance: /tb/MyRiscv/u_regfile/MUXA
# ** Warning: NUMERIC_STD.TO_INTEGER: metavalue detected, returning 0
#    Time: 6323 us  Iteration: 5  Instance: /tb/MyRiscv/u_regfile/MUXB
# ** Warning: NUMERIC_STD.TO_INTEGER: metavalue detected, returning 0
#    Time: 6343180 ns  Iteration: 2  Instance: /tb/MyRiscv/u_regfile/MUXB
# ** Warning: NUMERIC_STD.TO_INTEGER: metavalue detected, returning 0
#    Time: 6343180 ns  Iteration: 2  Instance: /tb/MyRiscv/u_regfile/MUXA
# ** Warning: NUMERIC_STD.TO_INTEGER: metavalue detected, returning 0
#    Time: 6343200 ns  Iteration: 5  Instance: /tb/MyRiscv/u_regfile/MUXA
# ** Warning: NUMERIC_STD.TO_INTEGER: metavalue detected, returning 0
#    Time: 6343200 ns  Iteration: 5  Instance: /tb/MyRiscv/u_regfile/MUXB
# ** Warning: NUMERIC_STD.TO_INTEGER: metavalue detected, returning 0
#    Time: 6363380 ns  Iteration: 2  Instance: /tb/MyRiscv/u_regfile/MUXB
# ** Warning: NUMERIC_STD.TO_INTEGER: metavalue detected, returning 0
#    Time: 6363380 ns  Iteration: 2  Instance: /tb/MyRiscv/u_regfile/MUXA
# ** Warning: NUMERIC_STD.TO_INTEGER: metavalue detected, returning 0
#    Time: 6363400 ns  Iteration: 5  Instance: /tb/MyRiscv/u_regfile/MUXA
# ** Warning: NUMERIC_STD.TO_INTEGER: metavalue detected, returning 0
#    Time: 6363400 ns  Iteration: 5  Instance: /tb/MyRiscv/u_regfile/MUXB
# ** Warning: NUMERIC_STD.TO_INTEGER: metavalue detected, returning 0
#    Time: 6383580 ns  Iteration: 2  Instance: /tb/MyRiscv/u_regfile/MUXB
# ** Warning: NUMERIC_STD.TO_INTEGER: metavalue detected, returning 0
#    Time: 6383580 ns  Iteration: 2  Instance: /tb/MyRiscv/u_regfile/MUXA
# ** Warning: NUMERIC_STD.TO_INTEGER: metavalue detected, returning 0
#    Time: 6383600 ns  Iteration: 5  Instance: /tb/MyRiscv/u_regfile/MUXA
# ** Warning: NUMERIC_STD.TO_INTEGER: metavalue detected, returning 0
#    Time: 6383600 ns  Iteration: 5  Instance: /tb/MyRiscv/u_regfile/MUXB
# ** Warning: NUMERIC_STD.TO_INTEGER: metavalue detected, returning 0
#    Time: 6403780 ns  Iteration: 2  Instance: /tb/MyRiscv/u_regfile/MUXB
# ** Warning: NUMERIC_STD.TO_INTEGER: metavalue detected, returning 0
#    Time: 6403780 ns  Iteration: 2  Instance: /tb/MyRiscv/u_regfile/MUXA
# ** Warning: NUMERIC_STD.TO_INTEGER: metavalue detected, returning 0
#    Time: 6403800 ns  Iteration: 5  Instance: /tb/MyRiscv/u_regfile/MUXA
# ** Warning: NUMERIC_STD.TO_INTEGER: metavalue detected, returning 0
#    Time: 6403800 ns  Iteration: 5  Instance: /tb/MyRiscv/u_regfile/MUXB
# ** Warning: NUMERIC_STD.TO_INTEGER: metavalue detected, returning 0
#    Time: 6423980 ns  Iteration: 2  Instance: /tb/MyRiscv/u_regfile/MUXB
# ** Warning: NUMERIC_STD.TO_INTEGER: metavalue detected, returning 0
#    Time: 6423980 ns  Iteration: 2  Instance: /tb/MyRiscv/u_regfile/MUXA
# ** Warning: NUMERIC_STD.TO_INTEGER: metavalue detected, returning 0
#    Time: 6424 us  Iteration: 5  Instance: /tb/MyRiscv/u_regfile/MUXA
# ** Warning: NUMERIC_STD.TO_INTEGER: metavalue detected, returning 0
#    Time: 6424 us  Iteration: 5  Instance: /tb/MyRiscv/u_regfile/MUXB
# ** Warning: NUMERIC_STD.TO_INTEGER: metavalue detected, returning 0
#    Time: 6444180 ns  Iteration: 2  Instance: /tb/MyRiscv/u_regfile/MUXB
# ** Warning: NUMERIC_STD.TO_INTEGER: metavalue detected, returning 0
#    Time: 6444180 ns  Iteration: 2  Instance: /tb/MyRiscv/u_regfile/MUXA
# ** Warning: NUMERIC_STD.TO_INTEGER: metavalue detected, returning 0
#    Time: 6444200 ns  Iteration: 5  Instance: /tb/MyRiscv/u_regfile/MUXA
# ** Warning: NUMERIC_STD.TO_INTEGER: metavalue detected, returning 0
#    Time: 6444200 ns  Iteration: 5  Instance: /tb/MyRiscv/u_regfile/MUXB
# ** Warning: NUMERIC_STD.TO_INTEGER: metavalue detected, returning 0
#    Time: 6464380 ns  Iteration: 2  Instance: /tb/MyRiscv/u_regfile/MUXB
# ** Warning: NUMERIC_STD.TO_INTEGER: metavalue detected, returning 0
#    Time: 6464380 ns  Iteration: 2  Instance: /tb/MyRiscv/u_regfile/MUXA
# ** Warning: NUMERIC_STD.TO_INTEGER: metavalue detected, returning 0
#    Time: 6464400 ns  Iteration: 5  Instance: /tb/MyRiscv/u_regfile/MUXA
# ** Warning: NUMERIC_STD.TO_INTEGER: metavalue detected, returning 0
#    Time: 6464400 ns  Iteration: 5  Instance: /tb/MyRiscv/u_regfile/MUXB
# ** Warning: NUMERIC_STD.TO_INTEGER: metavalue detected, returning 0
#    Time: 6484580 ns  Iteration: 2  Instance: /tb/MyRiscv/u_regfile/MUXB
# ** Warning: NUMERIC_STD.TO_INTEGER: metavalue detected, returning 0
#    Time: 6484580 ns  Iteration: 2  Instance: /tb/MyRiscv/u_regfile/MUXA
# ** Warning: NUMERIC_STD.TO_INTEGER: metavalue detected, returning 0
#    Time: 6484600 ns  Iteration: 5  Instance: /tb/MyRiscv/u_regfile/MUXA
# ** Warning: NUMERIC_STD.TO_INTEGER: metavalue detected, returning 0
#    Time: 6484600 ns  Iteration: 5  Instance: /tb/MyRiscv/u_regfile/MUXB
# ** Warning: NUMERIC_STD.TO_INTEGER: metavalue detected, returning 0
#    Time: 6504780 ns  Iteration: 2  Instance: /tb/MyRiscv/u_regfile/MUXB
# ** Warning: NUMERIC_STD.TO_INTEGER: metavalue detected, returning 0
#    Time: 6504780 ns  Iteration: 2  Instance: /tb/MyRiscv/u_regfile/MUXA
# ** Warning: NUMERIC_STD.TO_INTEGER: metavalue detected, returning 0
#    Time: 6504800 ns  Iteration: 5  Instance: /tb/MyRiscv/u_regfile/MUXA
# ** Warning: NUMERIC_STD.TO_INTEGER: metavalue detected, returning 0
#    Time: 6504800 ns  Iteration: 5  Instance: /tb/MyRiscv/u_regfile/MUXB
# ** Warning: NUMERIC_STD.TO_INTEGER: metavalue detected, returning 0
#    Time: 6524980 ns  Iteration: 2  Instance: /tb/MyRiscv/u_regfile/MUXB
# ** Warning: NUMERIC_STD.TO_INTEGER: metavalue detected, returning 0
#    Time: 6524980 ns  Iteration: 2  Instance: /tb/MyRiscv/u_regfile/MUXA
# ** Warning: NUMERIC_STD.TO_INTEGER: metavalue detected, returning 0
#    Time: 6525 us  Iteration: 5  Instance: /tb/MyRiscv/u_regfile/MUXA
# ** Warning: NUMERIC_STD.TO_INTEGER: metavalue detected, returning 0
#    Time: 6525 us  Iteration: 5  Instance: /tb/MyRiscv/u_regfile/MUXB
# ** Warning: NUMERIC_STD.TO_INTEGER: metavalue detected, returning 0
#    Time: 6545180 ns  Iteration: 2  Instance: /tb/MyRiscv/u_regfile/MUXB
# ** Warning: NUMERIC_STD.TO_INTEGER: metavalue detected, returning 0
#    Time: 6545180 ns  Iteration: 2  Instance: /tb/MyRiscv/u_regfile/MUXA
# ** Warning: NUMERIC_STD.TO_INTEGER: metavalue detected, returning 0
#    Time: 6545200 ns  Iteration: 5  Instance: /tb/MyRiscv/u_regfile/MUXA
# ** Warning: NUMERIC_STD.TO_INTEGER: metavalue detected, returning 0
#    Time: 6545200 ns  Iteration: 5  Instance: /tb/MyRiscv/u_regfile/MUXB
# ** Warning: NUMERIC_STD.TO_INTEGER: metavalue detected, returning 0
#    Time: 6565380 ns  Iteration: 2  Instance: /tb/MyRiscv/u_regfile/MUXB
# ** Warning: NUMERIC_STD.TO_INTEGER: metavalue detected, returning 0
#    Time: 6565380 ns  Iteration: 2  Instance: /tb/MyRiscv/u_regfile/MUXA
# ** Warning: NUMERIC_STD.TO_INTEGER: metavalue detected, returning 0
#    Time: 6565400 ns  Iteration: 5  Instance: /tb/MyRiscv/u_regfile/MUXA
# ** Warning: NUMERIC_STD.TO_INTEGER: metavalue detected, returning 0
#    Time: 6565400 ns  Iteration: 5  Instance: /tb/MyRiscv/u_regfile/MUXB
# ** Warning: NUMERIC_STD.TO_INTEGER: metavalue detected, returning 0
#    Time: 6585580 ns  Iteration: 2  Instance: /tb/MyRiscv/u_regfile/MUXB
# ** Warning: NUMERIC_STD.TO_INTEGER: metavalue detected, returning 0
#    Time: 6585580 ns  Iteration: 2  Instance: /tb/MyRiscv/u_regfile/MUXA
# ** Warning: NUMERIC_STD.TO_INTEGER: metavalue detected, returning 0
#    Time: 6585600 ns  Iteration: 5  Instance: /tb/MyRiscv/u_regfile/MUXA
# ** Warning: NUMERIC_STD.TO_INTEGER: metavalue detected, returning 0
#    Time: 6585600 ns  Iteration: 5  Instance: /tb/MyRiscv/u_regfile/MUXB
# ** Warning: NUMERIC_STD.TO_INTEGER: metavalue detected, returning 0
#    Time: 6605780 ns  Iteration: 2  Instance: /tb/MyRiscv/u_regfile/MUXB
# ** Warning: NUMERIC_STD.TO_INTEGER: metavalue detected, returning 0
#    Time: 6605780 ns  Iteration: 2  Instance: /tb/MyRiscv/u_regfile/MUXA
# ** Warning: NUMERIC_STD.TO_INTEGER: metavalue detected, returning 0
#    Time: 6605800 ns  Iteration: 5  Instance: /tb/MyRiscv/u_regfile/MUXA
# ** Warning: NUMERIC_STD.TO_INTEGER: metavalue detected, returning 0
#    Time: 6605800 ns  Iteration: 5  Instance: /tb/MyRiscv/u_regfile/MUXB
# ** Warning: NUMERIC_STD.TO_INTEGER: metavalue detected, returning 0
#    Time: 6625980 ns  Iteration: 2  Instance: /tb/MyRiscv/u_regfile/MUXB
# ** Warning: NUMERIC_STD.TO_INTEGER: metavalue detected, returning 0
#    Time: 6625980 ns  Iteration: 2  Instance: /tb/MyRiscv/u_regfile/MUXA
# ** Warning: NUMERIC_STD.TO_INTEGER: metavalue detected, returning 0
#    Time: 6626 us  Iteration: 5  Instance: /tb/MyRiscv/u_regfile/MUXA
# ** Warning: NUMERIC_STD.TO_INTEGER: metavalue detected, returning 0
#    Time: 6626 us  Iteration: 5  Instance: /tb/MyRiscv/u_regfile/MUXB
# ** Warning: NUMERIC_STD.TO_INTEGER: metavalue detected, returning 0
#    Time: 6646180 ns  Iteration: 2  Instance: /tb/MyRiscv/u_regfile/MUXB
# ** Warning: NUMERIC_STD.TO_INTEGER: metavalue detected, returning 0
#    Time: 6646180 ns  Iteration: 2  Instance: /tb/MyRiscv/u_regfile/MUXA
# ** Warning: NUMERIC_STD.TO_INTEGER: metavalue detected, returning 0
#    Time: 6646200 ns  Iteration: 5  Instance: /tb/MyRiscv/u_regfile/MUXA
# ** Warning: NUMERIC_STD.TO_INTEGER: metavalue detected, returning 0
#    Time: 6646200 ns  Iteration: 5  Instance: /tb/MyRiscv/u_regfile/MUXB
# ** Warning: NUMERIC_STD.TO_INTEGER: metavalue detected, returning 0
#    Time: 6666380 ns  Iteration: 2  Instance: /tb/MyRiscv/u_regfile/MUXB
# ** Warning: NUMERIC_STD.TO_INTEGER: metavalue detected, returning 0
#    Time: 6666380 ns  Iteration: 2  Instance: /tb/MyRiscv/u_regfile/MUXA
# ** Warning: NUMERIC_STD.TO_INTEGER: metavalue detected, returning 0
#    Time: 6666400 ns  Iteration: 5  Instance: /tb/MyRiscv/u_regfile/MUXA
# ** Warning: NUMERIC_STD.TO_INTEGER: metavalue detected, returning 0
#    Time: 6666400 ns  Iteration: 5  Instance: /tb/MyRiscv/u_regfile/MUXB
# ** Warning: NUMERIC_STD.TO_INTEGER: metavalue detected, returning 0
#    Time: 6686580 ns  Iteration: 2  Instance: /tb/MyRiscv/u_regfile/MUXB
# ** Warning: NUMERIC_STD.TO_INTEGER: metavalue detected, returning 0
#    Time: 6686580 ns  Iteration: 2  Instance: /tb/MyRiscv/u_regfile/MUXA
# ** Warning: NUMERIC_STD.TO_INTEGER: metavalue detected, returning 0
#    Time: 6686600 ns  Iteration: 5  Instance: /tb/MyRiscv/u_regfile/MUXA
# ** Warning: NUMERIC_STD.TO_INTEGER: metavalue detected, returning 0
#    Time: 6686600 ns  Iteration: 5  Instance: /tb/MyRiscv/u_regfile/MUXB
# ** Warning: NUMERIC_STD.TO_INTEGER: metavalue detected, returning 0
#    Time: 6706780 ns  Iteration: 2  Instance: /tb/MyRiscv/u_regfile/MUXB
# ** Warning: NUMERIC_STD.TO_INTEGER: metavalue detected, returning 0
#    Time: 6706780 ns  Iteration: 2  Instance: /tb/MyRiscv/u_regfile/MUXA
# ** Warning: NUMERIC_STD.TO_INTEGER: metavalue detected, returning 0
#    Time: 6706800 ns  Iteration: 5  Instance: /tb/MyRiscv/u_regfile/MUXA
# ** Warning: NUMERIC_STD.TO_INTEGER: metavalue detected, returning 0
#    Time: 6706800 ns  Iteration: 5  Instance: /tb/MyRiscv/u_regfile/MUXB
# ** Warning: NUMERIC_STD.TO_INTEGER: metavalue detected, returning 0
#    Time: 6726980 ns  Iteration: 2  Instance: /tb/MyRiscv/u_regfile/MUXB
# ** Warning: NUMERIC_STD.TO_INTEGER: metavalue detected, returning 0
#    Time: 6726980 ns  Iteration: 2  Instance: /tb/MyRiscv/u_regfile/MUXA
# ** Warning: NUMERIC_STD.TO_INTEGER: metavalue detected, returning 0
#    Time: 6727 us  Iteration: 5  Instance: /tb/MyRiscv/u_regfile/MUXA
# ** Warning: NUMERIC_STD.TO_INTEGER: metavalue detected, returning 0
#    Time: 6727 us  Iteration: 5  Instance: /tb/MyRiscv/u_regfile/MUXB
# ** Warning: NUMERIC_STD.TO_INTEGER: metavalue detected, returning 0
#    Time: 6747180 ns  Iteration: 2  Instance: /tb/MyRiscv/u_regfile/MUXB
# ** Warning: NUMERIC_STD.TO_INTEGER: metavalue detected, returning 0
#    Time: 6747180 ns  Iteration: 2  Instance: /tb/MyRiscv/u_regfile/MUXA
# ** Warning: NUMERIC_STD.TO_INTEGER: metavalue detected, returning 0
#    Time: 6747200 ns  Iteration: 5  Instance: /tb/MyRiscv/u_regfile/MUXA
# ** Warning: NUMERIC_STD.TO_INTEGER: metavalue detected, returning 0
#    Time: 6747200 ns  Iteration: 5  Instance: /tb/MyRiscv/u_regfile/MUXB
# ** Warning: NUMERIC_STD.TO_INTEGER: metavalue detected, returning 0
#    Time: 6767380 ns  Iteration: 2  Instance: /tb/MyRiscv/u_regfile/MUXB
# ** Warning: NUMERIC_STD.TO_INTEGER: metavalue detected, returning 0
#    Time: 6767380 ns  Iteration: 2  Instance: /tb/MyRiscv/u_regfile/MUXA
# ** Warning: NUMERIC_STD.TO_INTEGER: metavalue detected, returning 0
#    Time: 6767400 ns  Iteration: 5  Instance: /tb/MyRiscv/u_regfile/MUXA
# ** Warning: NUMERIC_STD.TO_INTEGER: metavalue detected, returning 0
#    Time: 6767400 ns  Iteration: 5  Instance: /tb/MyRiscv/u_regfile/MUXB
# ** Warning: NUMERIC_STD.TO_INTEGER: metavalue detected, returning 0
#    Time: 6787580 ns  Iteration: 2  Instance: /tb/MyRiscv/u_regfile/MUXB
# ** Warning: NUMERIC_STD.TO_INTEGER: metavalue detected, returning 0
#    Time: 6787580 ns  Iteration: 2  Instance: /tb/MyRiscv/u_regfile/MUXA
# ** Warning: NUMERIC_STD.TO_INTEGER: metavalue detected, returning 0
#    Time: 6787600 ns  Iteration: 5  Instance: /tb/MyRiscv/u_regfile/MUXA
# ** Warning: NUMERIC_STD.TO_INTEGER: metavalue detected, returning 0
#    Time: 6787600 ns  Iteration: 5  Instance: /tb/MyRiscv/u_regfile/MUXB
# ** Warning: NUMERIC_STD.TO_INTEGER: metavalue detected, returning 0
#    Time: 6807780 ns  Iteration: 2  Instance: /tb/MyRiscv/u_regfile/MUXB
# ** Warning: NUMERIC_STD.TO_INTEGER: metavalue detected, returning 0
#    Time: 6807780 ns  Iteration: 2  Instance: /tb/MyRiscv/u_regfile/MUXA
# ** Warning: NUMERIC_STD.TO_INTEGER: metavalue detected, returning 0
#    Time: 6807800 ns  Iteration: 5  Instance: /tb/MyRiscv/u_regfile/MUXA
# ** Warning: NUMERIC_STD.TO_INTEGER: metavalue detected, returning 0
#    Time: 6807800 ns  Iteration: 5  Instance: /tb/MyRiscv/u_regfile/MUXB
# ** Warning: NUMERIC_STD.TO_INTEGER: metavalue detected, returning 0
#    Time: 6827980 ns  Iteration: 2  Instance: /tb/MyRiscv/u_regfile/MUXB
# ** Warning: NUMERIC_STD.TO_INTEGER: metavalue detected, returning 0
#    Time: 6827980 ns  Iteration: 2  Instance: /tb/MyRiscv/u_regfile/MUXA
# ** Warning: NUMERIC_STD.TO_INTEGER: metavalue detected, returning 0
#    Time: 6828 us  Iteration: 5  Instance: /tb/MyRiscv/u_regfile/MUXA
# ** Warning: NUMERIC_STD.TO_INTEGER: metavalue detected, returning 0
#    Time: 6828 us  Iteration: 5  Instance: /tb/MyRiscv/u_regfile/MUXB
# ** Warning: NUMERIC_STD.TO_INTEGER: metavalue detected, returning 0
#    Time: 6848180 ns  Iteration: 2  Instance: /tb/MyRiscv/u_regfile/MUXB
# ** Warning: NUMERIC_STD.TO_INTEGER: metavalue detected, returning 0
#    Time: 6848180 ns  Iteration: 2  Instance: /tb/MyRiscv/u_regfile/MUXA
# ** Warning: NUMERIC_STD.TO_INTEGER: metavalue detected, returning 0
#    Time: 6848200 ns  Iteration: 5  Instance: /tb/MyRiscv/u_regfile/MUXA
# ** Warning: NUMERIC_STD.TO_INTEGER: metavalue detected, returning 0
#    Time: 6848200 ns  Iteration: 5  Instance: /tb/MyRiscv/u_regfile/MUXB
# ** Warning: NUMERIC_STD.TO_INTEGER: metavalue detected, returning 0
#    Time: 6868380 ns  Iteration: 2  Instance: /tb/MyRiscv/u_regfile/MUXB
# ** Warning: NUMERIC_STD.TO_INTEGER: metavalue detected, returning 0
#    Time: 6868380 ns  Iteration: 2  Instance: /tb/MyRiscv/u_regfile/MUXA
# ** Warning: NUMERIC_STD.TO_INTEGER: metavalue detected, returning 0
#    Time: 6868400 ns  Iteration: 5  Instance: /tb/MyRiscv/u_regfile/MUXA
# ** Warning: NUMERIC_STD.TO_INTEGER: metavalue detected, returning 0
#    Time: 6868400 ns  Iteration: 5  Instance: /tb/MyRiscv/u_regfile/MUXB
# ** Warning: NUMERIC_STD.TO_INTEGER: metavalue detected, returning 0
#    Time: 6888580 ns  Iteration: 2  Instance: /tb/MyRiscv/u_regfile/MUXB
# ** Warning: NUMERIC_STD.TO_INTEGER: metavalue detected, returning 0
#    Time: 6888580 ns  Iteration: 2  Instance: /tb/MyRiscv/u_regfile/MUXA
# ** Warning: NUMERIC_STD.TO_INTEGER: metavalue detected, returning 0
#    Time: 6888600 ns  Iteration: 5  Instance: /tb/MyRiscv/u_regfile/MUXA
# ** Warning: NUMERIC_STD.TO_INTEGER: metavalue detected, returning 0
#    Time: 6888600 ns  Iteration: 5  Instance: /tb/MyRiscv/u_regfile/MUXB
# ** Warning: NUMERIC_STD.TO_INTEGER: metavalue detected, returning 0
#    Time: 6908780 ns  Iteration: 2  Instance: /tb/MyRiscv/u_regfile/MUXB
# ** Warning: NUMERIC_STD.TO_INTEGER: metavalue detected, returning 0
#    Time: 6908780 ns  Iteration: 2  Instance: /tb/MyRiscv/u_regfile/MUXA
# ** Warning: NUMERIC_STD.TO_INTEGER: metavalue detected, returning 0
#    Time: 6908800 ns  Iteration: 5  Instance: /tb/MyRiscv/u_regfile/MUXA
# ** Warning: NUMERIC_STD.TO_INTEGER: metavalue detected, returning 0
#    Time: 6908800 ns  Iteration: 5  Instance: /tb/MyRiscv/u_regfile/MUXB
# ** Warning: NUMERIC_STD.TO_INTEGER: metavalue detected, returning 0
#    Time: 6928980 ns  Iteration: 2  Instance: /tb/MyRiscv/u_regfile/MUXB
# ** Warning: NUMERIC_STD.TO_INTEGER: metavalue detected, returning 0
#    Time: 6928980 ns  Iteration: 2  Instance: /tb/MyRiscv/u_regfile/MUXA
# ** Warning: NUMERIC_STD.TO_INTEGER: metavalue detected, returning 0
#    Time: 6929 us  Iteration: 5  Instance: /tb/MyRiscv/u_regfile/MUXA
# ** Warning: NUMERIC_STD.TO_INTEGER: metavalue detected, returning 0
#    Time: 6929 us  Iteration: 5  Instance: /tb/MyRiscv/u_regfile/MUXB
# ** Warning: NUMERIC_STD.TO_INTEGER: metavalue detected, returning 0
#    Time: 6949180 ns  Iteration: 2  Instance: /tb/MyRiscv/u_regfile/MUXB
# ** Warning: NUMERIC_STD.TO_INTEGER: metavalue detected, returning 0
#    Time: 6949180 ns  Iteration: 2  Instance: /tb/MyRiscv/u_regfile/MUXA
# ** Warning: NUMERIC_STD.TO_INTEGER: metavalue detected, returning 0
#    Time: 6949200 ns  Iteration: 5  Instance: /tb/MyRiscv/u_regfile/MUXA
# ** Warning: NUMERIC_STD.TO_INTEGER: metavalue detected, returning 0
#    Time: 6949200 ns  Iteration: 5  Instance: /tb/MyRiscv/u_regfile/MUXB
# ** Warning: NUMERIC_STD.TO_INTEGER: metavalue detected, returning 0
#    Time: 6969380 ns  Iteration: 2  Instance: /tb/MyRiscv/u_regfile/MUXB
# ** Warning: NUMERIC_STD.TO_INTEGER: metavalue detected, returning 0
#    Time: 6969380 ns  Iteration: 2  Instance: /tb/MyRiscv/u_regfile/MUXA
# ** Warning: NUMERIC_STD.TO_INTEGER: metavalue detected, returning 0
#    Time: 6969400 ns  Iteration: 5  Instance: /tb/MyRiscv/u_regfile/MUXA
# ** Warning: NUMERIC_STD.TO_INTEGER: metavalue detected, returning 0
#    Time: 6969400 ns  Iteration: 5  Instance: /tb/MyRiscv/u_regfile/MUXB
# ** Warning: NUMERIC_STD.TO_INTEGER: metavalue detected, returning 0
#    Time: 6989580 ns  Iteration: 2  Instance: /tb/MyRiscv/u_regfile/MUXB
# ** Warning: NUMERIC_STD.TO_INTEGER: metavalue detected, returning 0
#    Time: 6989580 ns  Iteration: 2  Instance: /tb/MyRiscv/u_regfile/MUXA
# ** Warning: NUMERIC_STD.TO_INTEGER: metavalue detected, returning 0
#    Time: 6989600 ns  Iteration: 5  Instance: /tb/MyRiscv/u_regfile/MUXA
# ** Warning: NUMERIC_STD.TO_INTEGER: metavalue detected, returning 0
#    Time: 6989600 ns  Iteration: 5  Instance: /tb/MyRiscv/u_regfile/MUXB
# ** Warning: NUMERIC_STD.TO_INTEGER: metavalue detected, returning 0
#    Time: 7009780 ns  Iteration: 2  Instance: /tb/MyRiscv/u_regfile/MUXB
# ** Warning: NUMERIC_STD.TO_INTEGER: metavalue detected, returning 0
#    Time: 7009780 ns  Iteration: 2  Instance: /tb/MyRiscv/u_regfile/MUXA
# ** Warning: NUMERIC_STD.TO_INTEGER: metavalue detected, returning 0
#    Time: 7009800 ns  Iteration: 5  Instance: /tb/MyRiscv/u_regfile/MUXA
# ** Warning: NUMERIC_STD.TO_INTEGER: metavalue detected, returning 0
#    Time: 7009800 ns  Iteration: 5  Instance: /tb/MyRiscv/u_regfile/MUXB
# ** Warning: NUMERIC_STD.TO_INTEGER: metavalue detected, returning 0
#    Time: 7029980 ns  Iteration: 2  Instance: /tb/MyRiscv/u_regfile/MUXB
# ** Warning: NUMERIC_STD.TO_INTEGER: metavalue detected, returning 0
#    Time: 7029980 ns  Iteration: 2  Instance: /tb/MyRiscv/u_regfile/MUXA
# ** Warning: NUMERIC_STD.TO_INTEGER: metavalue detected, returning 0
#    Time: 7030 us  Iteration: 5  Instance: /tb/MyRiscv/u_regfile/MUXA
# ** Warning: NUMERIC_STD.TO_INTEGER: metavalue detected, returning 0
#    Time: 7030 us  Iteration: 5  Instance: /tb/MyRiscv/u_regfile/MUXB
# ** Warning: NUMERIC_STD.TO_INTEGER: metavalue detected, returning 0
#    Time: 7050180 ns  Iteration: 2  Instance: /tb/MyRiscv/u_regfile/MUXB
# ** Warning: NUMERIC_STD.TO_INTEGER: metavalue detected, returning 0
#    Time: 7050180 ns  Iteration: 2  Instance: /tb/MyRiscv/u_regfile/MUXA
# ** Warning: NUMERIC_STD.TO_INTEGER: metavalue detected, returning 0
#    Time: 7050200 ns  Iteration: 5  Instance: /tb/MyRiscv/u_regfile/MUXA
# ** Warning: NUMERIC_STD.TO_INTEGER: metavalue detected, returning 0
#    Time: 7050200 ns  Iteration: 5  Instance: /tb/MyRiscv/u_regfile/MUXB
# ** Warning: NUMERIC_STD.TO_INTEGER: metavalue detected, returning 0
#    Time: 7070380 ns  Iteration: 2  Instance: /tb/MyRiscv/u_regfile/MUXB
# ** Warning: NUMERIC_STD.TO_INTEGER: metavalue detected, returning 0
#    Time: 7070380 ns  Iteration: 2  Instance: /tb/MyRiscv/u_regfile/MUXA
# ** Warning: NUMERIC_STD.TO_INTEGER: metavalue detected, returning 0
#    Time: 7070400 ns  Iteration: 5  Instance: /tb/MyRiscv/u_regfile/MUXA
# ** Warning: NUMERIC_STD.TO_INTEGER: metavalue detected, returning 0
#    Time: 7070400 ns  Iteration: 5  Instance: /tb/MyRiscv/u_regfile/MUXB
# ** Warning: NUMERIC_STD.TO_INTEGER: metavalue detected, returning 0
#    Time: 7090580 ns  Iteration: 2  Instance: /tb/MyRiscv/u_regfile/MUXB
# ** Warning: NUMERIC_STD.TO_INTEGER: metavalue detected, returning 0
#    Time: 7090580 ns  Iteration: 2  Instance: /tb/MyRiscv/u_regfile/MUXA
# ** Warning: NUMERIC_STD.TO_INTEGER: metavalue detected, returning 0
#    Time: 7090600 ns  Iteration: 5  Instance: /tb/MyRiscv/u_regfile/MUXA
# ** Warning: NUMERIC_STD.TO_INTEGER: metavalue detected, returning 0
#    Time: 7090600 ns  Iteration: 5  Instance: /tb/MyRiscv/u_regfile/MUXB
# ** Warning: NUMERIC_STD.TO_INTEGER: metavalue detected, returning 0
#    Time: 7110780 ns  Iteration: 2  Instance: /tb/MyRiscv/u_regfile/MUXB
# ** Warning: NUMERIC_STD.TO_INTEGER: metavalue detected, returning 0
#    Time: 7110780 ns  Iteration: 2  Instance: /tb/MyRiscv/u_regfile/MUXA
# ** Warning: NUMERIC_STD.TO_INTEGER: metavalue detected, returning 0
#    Time: 7110800 ns  Iteration: 5  Instance: /tb/MyRiscv/u_regfile/MUXA
# ** Warning: NUMERIC_STD.TO_INTEGER: metavalue detected, returning 0
#    Time: 7110800 ns  Iteration: 5  Instance: /tb/MyRiscv/u_regfile/MUXB
# ** Warning: NUMERIC_STD.TO_INTEGER: metavalue detected, returning 0
#    Time: 7130980 ns  Iteration: 2  Instance: /tb/MyRiscv/u_regfile/MUXB
# ** Warning: NUMERIC_STD.TO_INTEGER: metavalue detected, returning 0
#    Time: 7130980 ns  Iteration: 2  Instance: /tb/MyRiscv/u_regfile/MUXA
# ** Warning: NUMERIC_STD.TO_INTEGER: metavalue detected, returning 0
#    Time: 7131 us  Iteration: 5  Instance: /tb/MyRiscv/u_regfile/MUXA
# ** Warning: NUMERIC_STD.TO_INTEGER: metavalue detected, returning 0
#    Time: 7131 us  Iteration: 5  Instance: /tb/MyRiscv/u_regfile/MUXB
# ** Warning: NUMERIC_STD.TO_INTEGER: metavalue detected, returning 0
#    Time: 7151180 ns  Iteration: 2  Instance: /tb/MyRiscv/u_regfile/MUXB
# ** Warning: NUMERIC_STD.TO_INTEGER: metavalue detected, returning 0
#    Time: 7151180 ns  Iteration: 2  Instance: /tb/MyRiscv/u_regfile/MUXA
# ** Warning: NUMERIC_STD.TO_INTEGER: metavalue detected, returning 0
#    Time: 7151200 ns  Iteration: 5  Instance: /tb/MyRiscv/u_regfile/MUXA
# ** Warning: NUMERIC_STD.TO_INTEGER: metavalue detected, returning 0
#    Time: 7151200 ns  Iteration: 5  Instance: /tb/MyRiscv/u_regfile/MUXB
# ** Warning: NUMERIC_STD.TO_INTEGER: metavalue detected, returning 0
#    Time: 7171380 ns  Iteration: 2  Instance: /tb/MyRiscv/u_regfile/MUXB
# ** Warning: NUMERIC_STD.TO_INTEGER: metavalue detected, returning 0
#    Time: 7171380 ns  Iteration: 2  Instance: /tb/MyRiscv/u_regfile/MUXA
# ** Warning: NUMERIC_STD.TO_INTEGER: metavalue detected, returning 0
#    Time: 7171400 ns  Iteration: 5  Instance: /tb/MyRiscv/u_regfile/MUXA
# ** Warning: NUMERIC_STD.TO_INTEGER: metavalue detected, returning 0
#    Time: 7171400 ns  Iteration: 5  Instance: /tb/MyRiscv/u_regfile/MUXB
# ** Warning: NUMERIC_STD.TO_INTEGER: metavalue detected, returning 0
#    Time: 7191580 ns  Iteration: 2  Instance: /tb/MyRiscv/u_regfile/MUXB
# ** Warning: NUMERIC_STD.TO_INTEGER: metavalue detected, returning 0
#    Time: 7191580 ns  Iteration: 2  Instance: /tb/MyRiscv/u_regfile/MUXA
# ** Warning: NUMERIC_STD.TO_INTEGER: metavalue detected, returning 0
#    Time: 7191600 ns  Iteration: 5  Instance: /tb/MyRiscv/u_regfile/MUXA
# ** Warning: NUMERIC_STD.TO_INTEGER: metavalue detected, returning 0
#    Time: 7191600 ns  Iteration: 5  Instance: /tb/MyRiscv/u_regfile/MUXB
# ** Warning: NUMERIC_STD.TO_INTEGER: metavalue detected, returning 0
#    Time: 7211780 ns  Iteration: 2  Instance: /tb/MyRiscv/u_regfile/MUXB
# ** Warning: NUMERIC_STD.TO_INTEGER: metavalue detected, returning 0
#    Time: 7211780 ns  Iteration: 2  Instance: /tb/MyRiscv/u_regfile/MUXA
# ** Warning: NUMERIC_STD.TO_INTEGER: metavalue detected, returning 0
#    Time: 7211800 ns  Iteration: 5  Instance: /tb/MyRiscv/u_regfile/MUXA
# ** Warning: NUMERIC_STD.TO_INTEGER: metavalue detected, returning 0
#    Time: 7211800 ns  Iteration: 5  Instance: /tb/MyRiscv/u_regfile/MUXB
# ** Warning: NUMERIC_STD.TO_INTEGER: metavalue detected, returning 0
#    Time: 7231980 ns  Iteration: 2  Instance: /tb/MyRiscv/u_regfile/MUXB
# ** Warning: NUMERIC_STD.TO_INTEGER: metavalue detected, returning 0
#    Time: 7231980 ns  Iteration: 2  Instance: /tb/MyRiscv/u_regfile/MUXA
# ** Warning: NUMERIC_STD.TO_INTEGER: metavalue detected, returning 0
#    Time: 7232 us  Iteration: 5  Instance: /tb/MyRiscv/u_regfile/MUXA
# ** Warning: NUMERIC_STD.TO_INTEGER: metavalue detected, returning 0
#    Time: 7232 us  Iteration: 5  Instance: /tb/MyRiscv/u_regfile/MUXB
# ** Warning: NUMERIC_STD.TO_INTEGER: metavalue detected, returning 0
#    Time: 7252180 ns  Iteration: 2  Instance: /tb/MyRiscv/u_regfile/MUXB
# ** Warning: NUMERIC_STD.TO_INTEGER: metavalue detected, returning 0
#    Time: 7252180 ns  Iteration: 2  Instance: /tb/MyRiscv/u_regfile/MUXA
# ** Warning: NUMERIC_STD.TO_INTEGER: metavalue detected, returning 0
#    Time: 7252200 ns  Iteration: 5  Instance: /tb/MyRiscv/u_regfile/MUXA
# ** Warning: NUMERIC_STD.TO_INTEGER: metavalue detected, returning 0
#    Time: 7252200 ns  Iteration: 5  Instance: /tb/MyRiscv/u_regfile/MUXB
# ** Warning: NUMERIC_STD.TO_INTEGER: metavalue detected, returning 0
#    Time: 7272380 ns  Iteration: 2  Instance: /tb/MyRiscv/u_regfile/MUXB
# ** Warning: NUMERIC_STD.TO_INTEGER: metavalue detected, returning 0
#    Time: 7272380 ns  Iteration: 2  Instance: /tb/MyRiscv/u_regfile/MUXA
# ** Warning: NUMERIC_STD.TO_INTEGER: metavalue detected, returning 0
#    Time: 7272400 ns  Iteration: 5  Instance: /tb/MyRiscv/u_regfile/MUXA
# ** Warning: NUMERIC_STD.TO_INTEGER: metavalue detected, returning 0
#    Time: 7272400 ns  Iteration: 5  Instance: /tb/MyRiscv/u_regfile/MUXB
# ** Warning: NUMERIC_STD.TO_INTEGER: metavalue detected, returning 0
#    Time: 7292580 ns  Iteration: 2  Instance: /tb/MyRiscv/u_regfile/MUXB
# ** Warning: NUMERIC_STD.TO_INTEGER: metavalue detected, returning 0
#    Time: 7292580 ns  Iteration: 2  Instance: /tb/MyRiscv/u_regfile/MUXA
# ** Warning: NUMERIC_STD.TO_INTEGER: metavalue detected, returning 0
#    Time: 7292600 ns  Iteration: 5  Instance: /tb/MyRiscv/u_regfile/MUXA
# ** Warning: NUMERIC_STD.TO_INTEGER: metavalue detected, returning 0
#    Time: 7292600 ns  Iteration: 5  Instance: /tb/MyRiscv/u_regfile/MUXB
# ** Warning: NUMERIC_STD.TO_INTEGER: metavalue detected, returning 0
#    Time: 7312780 ns  Iteration: 2  Instance: /tb/MyRiscv/u_regfile/MUXB
# ** Warning: NUMERIC_STD.TO_INTEGER: metavalue detected, returning 0
#    Time: 7312780 ns  Iteration: 2  Instance: /tb/MyRiscv/u_regfile/MUXA
# ** Warning: NUMERIC_STD.TO_INTEGER: metavalue detected, returning 0
#    Time: 7312800 ns  Iteration: 5  Instance: /tb/MyRiscv/u_regfile/MUXA
# ** Warning: NUMERIC_STD.TO_INTEGER: metavalue detected, returning 0
#    Time: 7312800 ns  Iteration: 5  Instance: /tb/MyRiscv/u_regfile/MUXB
# ** Warning: NUMERIC_STD.TO_INTEGER: metavalue detected, returning 0
#    Time: 7332980 ns  Iteration: 2  Instance: /tb/MyRiscv/u_regfile/MUXB
# ** Warning: NUMERIC_STD.TO_INTEGER: metavalue detected, returning 0
#    Time: 7332980 ns  Iteration: 2  Instance: /tb/MyRiscv/u_regfile/MUXA
# ** Warning: NUMERIC_STD.TO_INTEGER: metavalue detected, returning 0
#    Time: 7333 us  Iteration: 5  Instance: /tb/MyRiscv/u_regfile/MUXA
# ** Warning: NUMERIC_STD.TO_INTEGER: metavalue detected, returning 0
#    Time: 7333 us  Iteration: 5  Instance: /tb/MyRiscv/u_regfile/MUXB
# ** Warning: NUMERIC_STD.TO_INTEGER: metavalue detected, returning 0
#    Time: 7353180 ns  Iteration: 2  Instance: /tb/MyRiscv/u_regfile/MUXB
# ** Warning: NUMERIC_STD.TO_INTEGER: metavalue detected, returning 0
#    Time: 7353180 ns  Iteration: 2  Instance: /tb/MyRiscv/u_regfile/MUXA
# ** Warning: NUMERIC_STD.TO_INTEGER: metavalue detected, returning 0
#    Time: 7353200 ns  Iteration: 5  Instance: /tb/MyRiscv/u_regfile/MUXA
# ** Warning: NUMERIC_STD.TO_INTEGER: metavalue detected, returning 0
#    Time: 7353200 ns  Iteration: 5  Instance: /tb/MyRiscv/u_regfile/MUXB
# ** Warning: NUMERIC_STD.TO_INTEGER: metavalue detected, returning 0
#    Time: 7373380 ns  Iteration: 2  Instance: /tb/MyRiscv/u_regfile/MUXB
# ** Warning: NUMERIC_STD.TO_INTEGER: metavalue detected, returning 0
#    Time: 7373380 ns  Iteration: 2  Instance: /tb/MyRiscv/u_regfile/MUXA
# ** Warning: NUMERIC_STD.TO_INTEGER: metavalue detected, returning 0
#    Time: 7373400 ns  Iteration: 5  Instance: /tb/MyRiscv/u_regfile/MUXA
# ** Warning: NUMERIC_STD.TO_INTEGER: metavalue detected, returning 0
#    Time: 7373400 ns  Iteration: 5  Instance: /tb/MyRiscv/u_regfile/MUXB
# ** Warning: NUMERIC_STD.TO_INTEGER: metavalue detected, returning 0
#    Time: 7393580 ns  Iteration: 2  Instance: /tb/MyRiscv/u_regfile/MUXB
# ** Warning: NUMERIC_STD.TO_INTEGER: metavalue detected, returning 0
#    Time: 7393580 ns  Iteration: 2  Instance: /tb/MyRiscv/u_regfile/MUXA
# ** Warning: NUMERIC_STD.TO_INTEGER: metavalue detected, returning 0
#    Time: 7393600 ns  Iteration: 5  Instance: /tb/MyRiscv/u_regfile/MUXA
# ** Warning: NUMERIC_STD.TO_INTEGER: metavalue detected, returning 0
#    Time: 7393600 ns  Iteration: 5  Instance: /tb/MyRiscv/u_regfile/MUXB
# ** Warning: NUMERIC_STD.TO_INTEGER: metavalue detected, returning 0
#    Time: 7413780 ns  Iteration: 2  Instance: /tb/MyRiscv/u_regfile/MUXB
# ** Warning: NUMERIC_STD.TO_INTEGER: metavalue detected, returning 0
#    Time: 7413780 ns  Iteration: 2  Instance: /tb/MyRiscv/u_regfile/MUXA
# ** Warning: NUMERIC_STD.TO_INTEGER: metavalue detected, returning 0
#    Time: 7413800 ns  Iteration: 5  Instance: /tb/MyRiscv/u_regfile/MUXA
# ** Warning: NUMERIC_STD.TO_INTEGER: metavalue detected, returning 0
#    Time: 7413800 ns  Iteration: 5  Instance: /tb/MyRiscv/u_regfile/MUXB
# ** Warning: NUMERIC_STD.TO_INTEGER: metavalue detected, returning 0
#    Time: 7433980 ns  Iteration: 2  Instance: /tb/MyRiscv/u_regfile/MUXB
# ** Warning: NUMERIC_STD.TO_INTEGER: metavalue detected, returning 0
#    Time: 7433980 ns  Iteration: 2  Instance: /tb/MyRiscv/u_regfile/MUXA
# ** Warning: NUMERIC_STD.TO_INTEGER: metavalue detected, returning 0
#    Time: 7434 us  Iteration: 5  Instance: /tb/MyRiscv/u_regfile/MUXA
# ** Warning: NUMERIC_STD.TO_INTEGER: metavalue detected, returning 0
#    Time: 7434 us  Iteration: 5  Instance: /tb/MyRiscv/u_regfile/MUXB
# ** Warning: NUMERIC_STD.TO_INTEGER: metavalue detected, returning 0
#    Time: 7454180 ns  Iteration: 2  Instance: /tb/MyRiscv/u_regfile/MUXB
# ** Warning: NUMERIC_STD.TO_INTEGER: metavalue detected, returning 0
#    Time: 7454180 ns  Iteration: 2  Instance: /tb/MyRiscv/u_regfile/MUXA
# ** Warning: NUMERIC_STD.TO_INTEGER: metavalue detected, returning 0
#    Time: 7454200 ns  Iteration: 5  Instance: /tb/MyRiscv/u_regfile/MUXA
# ** Warning: NUMERIC_STD.TO_INTEGER: metavalue detected, returning 0
#    Time: 7454200 ns  Iteration: 5  Instance: /tb/MyRiscv/u_regfile/MUXB
# ** Warning: NUMERIC_STD.TO_INTEGER: metavalue detected, returning 0
#    Time: 7474380 ns  Iteration: 2  Instance: /tb/MyRiscv/u_regfile/MUXB
# ** Warning: NUMERIC_STD.TO_INTEGER: metavalue detected, returning 0
#    Time: 7474380 ns  Iteration: 2  Instance: /tb/MyRiscv/u_regfile/MUXA
# ** Warning: NUMERIC_STD.TO_INTEGER: metavalue detected, returning 0
#    Time: 7474400 ns  Iteration: 5  Instance: /tb/MyRiscv/u_regfile/MUXA
# ** Warning: NUMERIC_STD.TO_INTEGER: metavalue detected, returning 0
#    Time: 7474400 ns  Iteration: 5  Instance: /tb/MyRiscv/u_regfile/MUXB
# ** Warning: NUMERIC_STD.TO_INTEGER: metavalue detected, returning 0
#    Time: 7494580 ns  Iteration: 2  Instance: /tb/MyRiscv/u_regfile/MUXB
# ** Warning: NUMERIC_STD.TO_INTEGER: metavalue detected, returning 0
#    Time: 7494580 ns  Iteration: 2  Instance: /tb/MyRiscv/u_regfile/MUXA
# ** Warning: NUMERIC_STD.TO_INTEGER: metavalue detected, returning 0
#    Time: 7494600 ns  Iteration: 5  Instance: /tb/MyRiscv/u_regfile/MUXA
# ** Warning: NUMERIC_STD.TO_INTEGER: metavalue detected, returning 0
#    Time: 7494600 ns  Iteration: 5  Instance: /tb/MyRiscv/u_regfile/MUXB
# ** Warning: NUMERIC_STD.TO_INTEGER: metavalue detected, returning 0
#    Time: 7514780 ns  Iteration: 2  Instance: /tb/MyRiscv/u_regfile/MUXB
# ** Warning: NUMERIC_STD.TO_INTEGER: metavalue detected, returning 0
#    Time: 7514780 ns  Iteration: 2  Instance: /tb/MyRiscv/u_regfile/MUXA
# ** Warning: NUMERIC_STD.TO_INTEGER: metavalue detected, returning 0
#    Time: 7514800 ns  Iteration: 5  Instance: /tb/MyRiscv/u_regfile/MUXA
# ** Warning: NUMERIC_STD.TO_INTEGER: metavalue detected, returning 0
#    Time: 7514800 ns  Iteration: 5  Instance: /tb/MyRiscv/u_regfile/MUXB
# ** Warning: NUMERIC_STD.TO_INTEGER: metavalue detected, returning 0
#    Time: 7534980 ns  Iteration: 2  Instance: /tb/MyRiscv/u_regfile/MUXB
# ** Warning: NUMERIC_STD.TO_INTEGER: metavalue detected, returning 0
#    Time: 7534980 ns  Iteration: 2  Instance: /tb/MyRiscv/u_regfile/MUXA
# ** Warning: NUMERIC_STD.TO_INTEGER: metavalue detected, returning 0
#    Time: 7535 us  Iteration: 5  Instance: /tb/MyRiscv/u_regfile/MUXA
# ** Warning: NUMERIC_STD.TO_INTEGER: metavalue detected, returning 0
#    Time: 7535 us  Iteration: 5  Instance: /tb/MyRiscv/u_regfile/MUXB
# ** Warning: NUMERIC_STD.TO_INTEGER: metavalue detected, returning 0
#    Time: 7555180 ns  Iteration: 2  Instance: /tb/MyRiscv/u_regfile/MUXB
# ** Warning: NUMERIC_STD.TO_INTEGER: metavalue detected, returning 0
#    Time: 7555180 ns  Iteration: 2  Instance: /tb/MyRiscv/u_regfile/MUXA
# ** Warning: NUMERIC_STD.TO_INTEGER: metavalue detected, returning 0
#    Time: 7555200 ns  Iteration: 5  Instance: /tb/MyRiscv/u_regfile/MUXA
# ** Warning: NUMERIC_STD.TO_INTEGER: metavalue detected, returning 0
#    Time: 7555200 ns  Iteration: 5  Instance: /tb/MyRiscv/u_regfile/MUXB
# ** Warning: NUMERIC_STD.TO_INTEGER: metavalue detected, returning 0
#    Time: 7575380 ns  Iteration: 2  Instance: /tb/MyRiscv/u_regfile/MUXB
# ** Warning: NUMERIC_STD.TO_INTEGER: metavalue detected, returning 0
#    Time: 7575380 ns  Iteration: 2  Instance: /tb/MyRiscv/u_regfile/MUXA
# ** Warning: NUMERIC_STD.TO_INTEGER: metavalue detected, returning 0
#    Time: 7575400 ns  Iteration: 5  Instance: /tb/MyRiscv/u_regfile/MUXA
# ** Warning: NUMERIC_STD.TO_INTEGER: metavalue detected, returning 0
#    Time: 7575400 ns  Iteration: 5  Instance: /tb/MyRiscv/u_regfile/MUXB
# ** Warning: NUMERIC_STD.TO_INTEGER: metavalue detected, returning 0
#    Time: 7595580 ns  Iteration: 2  Instance: /tb/MyRiscv/u_regfile/MUXB
# ** Warning: NUMERIC_STD.TO_INTEGER: metavalue detected, returning 0
#    Time: 7595580 ns  Iteration: 2  Instance: /tb/MyRiscv/u_regfile/MUXA
# ** Warning: NUMERIC_STD.TO_INTEGER: metavalue detected, returning 0
#    Time: 7595600 ns  Iteration: 5  Instance: /tb/MyRiscv/u_regfile/MUXA
# ** Warning: NUMERIC_STD.TO_INTEGER: metavalue detected, returning 0
#    Time: 7595600 ns  Iteration: 5  Instance: /tb/MyRiscv/u_regfile/MUXB
# ** Warning: NUMERIC_STD.TO_INTEGER: metavalue detected, returning 0
#    Time: 7615780 ns  Iteration: 2  Instance: /tb/MyRiscv/u_regfile/MUXB
# ** Warning: NUMERIC_STD.TO_INTEGER: metavalue detected, returning 0
#    Time: 7615780 ns  Iteration: 2  Instance: /tb/MyRiscv/u_regfile/MUXA
# ** Warning: NUMERIC_STD.TO_INTEGER: metavalue detected, returning 0
#    Time: 7615800 ns  Iteration: 5  Instance: /tb/MyRiscv/u_regfile/MUXA
# ** Warning: NUMERIC_STD.TO_INTEGER: metavalue detected, returning 0
#    Time: 7615800 ns  Iteration: 5  Instance: /tb/MyRiscv/u_regfile/MUXB
# ** Warning: NUMERIC_STD.TO_INTEGER: metavalue detected, returning 0
#    Time: 7635980 ns  Iteration: 2  Instance: /tb/MyRiscv/u_regfile/MUXB
# ** Warning: NUMERIC_STD.TO_INTEGER: metavalue detected, returning 0
#    Time: 7635980 ns  Iteration: 2  Instance: /tb/MyRiscv/u_regfile/MUXA
# ** Warning: NUMERIC_STD.TO_INTEGER: metavalue detected, returning 0
#    Time: 7636 us  Iteration: 5  Instance: /tb/MyRiscv/u_regfile/MUXA
# ** Warning: NUMERIC_STD.TO_INTEGER: metavalue detected, returning 0
#    Time: 7636 us  Iteration: 5  Instance: /tb/MyRiscv/u_regfile/MUXB
# ** Warning: NUMERIC_STD.TO_INTEGER: metavalue detected, returning 0
#    Time: 7656180 ns  Iteration: 2  Instance: /tb/MyRiscv/u_regfile/MUXB
# ** Warning: NUMERIC_STD.TO_INTEGER: metavalue detected, returning 0
#    Time: 7656180 ns  Iteration: 2  Instance: /tb/MyRiscv/u_regfile/MUXA
# ** Warning: NUMERIC_STD.TO_INTEGER: metavalue detected, returning 0
#    Time: 7656200 ns  Iteration: 5  Instance: /tb/MyRiscv/u_regfile/MUXA
# ** Warning: NUMERIC_STD.TO_INTEGER: metavalue detected, returning 0
#    Time: 7656200 ns  Iteration: 5  Instance: /tb/MyRiscv/u_regfile/MUXB
# ** Warning: NUMERIC_STD.TO_INTEGER: metavalue detected, returning 0
#    Time: 7676380 ns  Iteration: 2  Instance: /tb/MyRiscv/u_regfile/MUXB
# ** Warning: NUMERIC_STD.TO_INTEGER: metavalue detected, returning 0
#    Time: 7676380 ns  Iteration: 2  Instance: /tb/MyRiscv/u_regfile/MUXA
# ** Warning: NUMERIC_STD.TO_INTEGER: metavalue detected, returning 0
#    Time: 7676400 ns  Iteration: 5  Instance: /tb/MyRiscv/u_regfile/MUXA
# ** Warning: NUMERIC_STD.TO_INTEGER: metavalue detected, returning 0
#    Time: 7676400 ns  Iteration: 5  Instance: /tb/MyRiscv/u_regfile/MUXB
# ** Warning: NUMERIC_STD.TO_INTEGER: metavalue detected, returning 0
#    Time: 7696580 ns  Iteration: 2  Instance: /tb/MyRiscv/u_regfile/MUXB
# ** Warning: NUMERIC_STD.TO_INTEGER: metavalue detected, returning 0
#    Time: 7696580 ns  Iteration: 2  Instance: /tb/MyRiscv/u_regfile/MUXA
# ** Warning: NUMERIC_STD.TO_INTEGER: metavalue detected, returning 0
#    Time: 7696600 ns  Iteration: 5  Instance: /tb/MyRiscv/u_regfile/MUXA
# ** Warning: NUMERIC_STD.TO_INTEGER: metavalue detected, returning 0
#    Time: 7696600 ns  Iteration: 5  Instance: /tb/MyRiscv/u_regfile/MUXB
# ** Warning: NUMERIC_STD.TO_INTEGER: metavalue detected, returning 0
#    Time: 7716780 ns  Iteration: 2  Instance: /tb/MyRiscv/u_regfile/MUXB
# ** Warning: NUMERIC_STD.TO_INTEGER: metavalue detected, returning 0
#    Time: 7716780 ns  Iteration: 2  Instance: /tb/MyRiscv/u_regfile/MUXA
# ** Warning: NUMERIC_STD.TO_INTEGER: metavalue detected, returning 0
#    Time: 7716800 ns  Iteration: 5  Instance: /tb/MyRiscv/u_regfile/MUXA
# ** Warning: NUMERIC_STD.TO_INTEGER: metavalue detected, returning 0
#    Time: 7716800 ns  Iteration: 5  Instance: /tb/MyRiscv/u_regfile/MUXB
# ** Warning: NUMERIC_STD.TO_INTEGER: metavalue detected, returning 0
#    Time: 7736980 ns  Iteration: 2  Instance: /tb/MyRiscv/u_regfile/MUXB
# ** Warning: NUMERIC_STD.TO_INTEGER: metavalue detected, returning 0
#    Time: 7736980 ns  Iteration: 2  Instance: /tb/MyRiscv/u_regfile/MUXA
# ** Warning: NUMERIC_STD.TO_INTEGER: metavalue detected, returning 0
#    Time: 7737 us  Iteration: 5  Instance: /tb/MyRiscv/u_regfile/MUXA
# ** Warning: NUMERIC_STD.TO_INTEGER: metavalue detected, returning 0
#    Time: 7737 us  Iteration: 5  Instance: /tb/MyRiscv/u_regfile/MUXB
# ** Warning: NUMERIC_STD.TO_INTEGER: metavalue detected, returning 0
#    Time: 7757180 ns  Iteration: 2  Instance: /tb/MyRiscv/u_regfile/MUXB
# ** Warning: NUMERIC_STD.TO_INTEGER: metavalue detected, returning 0
#    Time: 7757180 ns  Iteration: 2  Instance: /tb/MyRiscv/u_regfile/MUXA
# ** Warning: NUMERIC_STD.TO_INTEGER: metavalue detected, returning 0
#    Time: 7757200 ns  Iteration: 5  Instance: /tb/MyRiscv/u_regfile/MUXA
# ** Warning: NUMERIC_STD.TO_INTEGER: metavalue detected, returning 0
#    Time: 7757200 ns  Iteration: 5  Instance: /tb/MyRiscv/u_regfile/MUXB
# ** Warning: NUMERIC_STD.TO_INTEGER: metavalue detected, returning 0
#    Time: 7777380 ns  Iteration: 2  Instance: /tb/MyRiscv/u_regfile/MUXB
# ** Warning: NUMERIC_STD.TO_INTEGER: metavalue detected, returning 0
#    Time: 7777380 ns  Iteration: 2  Instance: /tb/MyRiscv/u_regfile/MUXA
# ** Warning: NUMERIC_STD.TO_INTEGER: metavalue detected, returning 0
#    Time: 7777400 ns  Iteration: 5  Instance: /tb/MyRiscv/u_regfile/MUXA
# ** Warning: NUMERIC_STD.TO_INTEGER: metavalue detected, returning 0
#    Time: 7777400 ns  Iteration: 5  Instance: /tb/MyRiscv/u_regfile/MUXB
# ** Warning: NUMERIC_STD.TO_INTEGER: metavalue detected, returning 0
#    Time: 7797580 ns  Iteration: 2  Instance: /tb/MyRiscv/u_regfile/MUXB
# ** Warning: NUMERIC_STD.TO_INTEGER: metavalue detected, returning 0
#    Time: 7797580 ns  Iteration: 2  Instance: /tb/MyRiscv/u_regfile/MUXA
# ** Warning: NUMERIC_STD.TO_INTEGER: metavalue detected, returning 0
#    Time: 7797600 ns  Iteration: 5  Instance: /tb/MyRiscv/u_regfile/MUXA
# ** Warning: NUMERIC_STD.TO_INTEGER: metavalue detected, returning 0
#    Time: 7797600 ns  Iteration: 5  Instance: /tb/MyRiscv/u_regfile/MUXB
# ** Warning: NUMERIC_STD.TO_INTEGER: metavalue detected, returning 0
#    Time: 7817780 ns  Iteration: 2  Instance: /tb/MyRiscv/u_regfile/MUXB
# ** Warning: NUMERIC_STD.TO_INTEGER: metavalue detected, returning 0
#    Time: 7817780 ns  Iteration: 2  Instance: /tb/MyRiscv/u_regfile/MUXA
# ** Warning: NUMERIC_STD.TO_INTEGER: metavalue detected, returning 0
#    Time: 7817800 ns  Iteration: 5  Instance: /tb/MyRiscv/u_regfile/MUXA
# ** Warning: NUMERIC_STD.TO_INTEGER: metavalue detected, returning 0
#    Time: 7817800 ns  Iteration: 5  Instance: /tb/MyRiscv/u_regfile/MUXB
# ** Warning: NUMERIC_STD.TO_INTEGER: metavalue detected, returning 0
#    Time: 7837980 ns  Iteration: 2  Instance: /tb/MyRiscv/u_regfile/MUXB
# ** Warning: NUMERIC_STD.TO_INTEGER: metavalue detected, returning 0
#    Time: 7837980 ns  Iteration: 2  Instance: /tb/MyRiscv/u_regfile/MUXA
# ** Warning: NUMERIC_STD.TO_INTEGER: metavalue detected, returning 0
#    Time: 7838 us  Iteration: 5  Instance: /tb/MyRiscv/u_regfile/MUXA
# ** Warning: NUMERIC_STD.TO_INTEGER: metavalue detected, returning 0
#    Time: 7838 us  Iteration: 5  Instance: /tb/MyRiscv/u_regfile/MUXB
# ** Warning: NUMERIC_STD.TO_INTEGER: metavalue detected, returning 0
#    Time: 7858180 ns  Iteration: 2  Instance: /tb/MyRiscv/u_regfile/MUXB
# ** Warning: NUMERIC_STD.TO_INTEGER: metavalue detected, returning 0
#    Time: 7858180 ns  Iteration: 2  Instance: /tb/MyRiscv/u_regfile/MUXA
# ** Warning: NUMERIC_STD.TO_INTEGER: metavalue detected, returning 0
#    Time: 7858200 ns  Iteration: 5  Instance: /tb/MyRiscv/u_regfile/MUXA
# ** Warning: NUMERIC_STD.TO_INTEGER: metavalue detected, returning 0
#    Time: 7858200 ns  Iteration: 5  Instance: /tb/MyRiscv/u_regfile/MUXB
# ** Warning: NUMERIC_STD.TO_INTEGER: metavalue detected, returning 0
#    Time: 7878380 ns  Iteration: 2  Instance: /tb/MyRiscv/u_regfile/MUXB
# ** Warning: NUMERIC_STD.TO_INTEGER: metavalue detected, returning 0
#    Time: 7878380 ns  Iteration: 2  Instance: /tb/MyRiscv/u_regfile/MUXA
# ** Warning: NUMERIC_STD.TO_INTEGER: metavalue detected, returning 0
#    Time: 7878400 ns  Iteration: 5  Instance: /tb/MyRiscv/u_regfile/MUXA
# ** Warning: NUMERIC_STD.TO_INTEGER: metavalue detected, returning 0
#    Time: 7878400 ns  Iteration: 5  Instance: /tb/MyRiscv/u_regfile/MUXB
# ** Warning: NUMERIC_STD.TO_INTEGER: metavalue detected, returning 0
#    Time: 7898580 ns  Iteration: 2  Instance: /tb/MyRiscv/u_regfile/MUXB
# ** Warning: NUMERIC_STD.TO_INTEGER: metavalue detected, returning 0
#    Time: 7898580 ns  Iteration: 2  Instance: /tb/MyRiscv/u_regfile/MUXA
# ** Warning: NUMERIC_STD.TO_INTEGER: metavalue detected, returning 0
#    Time: 7898600 ns  Iteration: 5  Instance: /tb/MyRiscv/u_regfile/MUXA
# ** Warning: NUMERIC_STD.TO_INTEGER: metavalue detected, returning 0
#    Time: 7898600 ns  Iteration: 5  Instance: /tb/MyRiscv/u_regfile/MUXB
# ** Warning: NUMERIC_STD.TO_INTEGER: metavalue detected, returning 0
#    Time: 7918780 ns  Iteration: 2  Instance: /tb/MyRiscv/u_regfile/MUXB
# ** Warning: NUMERIC_STD.TO_INTEGER: metavalue detected, returning 0
#    Time: 7918780 ns  Iteration: 2  Instance: /tb/MyRiscv/u_regfile/MUXA
# ** Warning: NUMERIC_STD.TO_INTEGER: metavalue detected, returning 0
#    Time: 7918800 ns  Iteration: 5  Instance: /tb/MyRiscv/u_regfile/MUXA
# ** Warning: NUMERIC_STD.TO_INTEGER: metavalue detected, returning 0
#    Time: 7918800 ns  Iteration: 5  Instance: /tb/MyRiscv/u_regfile/MUXB
# ** Warning: NUMERIC_STD.TO_INTEGER: metavalue detected, returning 0
#    Time: 7938980 ns  Iteration: 2  Instance: /tb/MyRiscv/u_regfile/MUXB
# ** Warning: NUMERIC_STD.TO_INTEGER: metavalue detected, returning 0
#    Time: 7938980 ns  Iteration: 2  Instance: /tb/MyRiscv/u_regfile/MUXA
# ** Warning: NUMERIC_STD.TO_INTEGER: metavalue detected, returning 0
#    Time: 7939 us  Iteration: 5  Instance: /tb/MyRiscv/u_regfile/MUXA
# ** Warning: NUMERIC_STD.TO_INTEGER: metavalue detected, returning 0
#    Time: 7939 us  Iteration: 5  Instance: /tb/MyRiscv/u_regfile/MUXB
# ** Warning: NUMERIC_STD.TO_INTEGER: metavalue detected, returning 0
#    Time: 7959180 ns  Iteration: 2  Instance: /tb/MyRiscv/u_regfile/MUXB
# ** Warning: NUMERIC_STD.TO_INTEGER: metavalue detected, returning 0
#    Time: 7959180 ns  Iteration: 2  Instance: /tb/MyRiscv/u_regfile/MUXA
# ** Warning: NUMERIC_STD.TO_INTEGER: metavalue detected, returning 0
#    Time: 7959200 ns  Iteration: 5  Instance: /tb/MyRiscv/u_regfile/MUXA
# ** Warning: NUMERIC_STD.TO_INTEGER: metavalue detected, returning 0
#    Time: 7959200 ns  Iteration: 5  Instance: /tb/MyRiscv/u_regfile/MUXB
# ** Warning: NUMERIC_STD.TO_INTEGER: metavalue detected, returning 0
#    Time: 7979380 ns  Iteration: 2  Instance: /tb/MyRiscv/u_regfile/MUXB
# ** Warning: NUMERIC_STD.TO_INTEGER: metavalue detected, returning 0
#    Time: 7979380 ns  Iteration: 2  Instance: /tb/MyRiscv/u_regfile/MUXA
# ** Warning: NUMERIC_STD.TO_INTEGER: metavalue detected, returning 0
#    Time: 7979400 ns  Iteration: 5  Instance: /tb/MyRiscv/u_regfile/MUXA
# ** Warning: NUMERIC_STD.TO_INTEGER: metavalue detected, returning 0
#    Time: 7979400 ns  Iteration: 5  Instance: /tb/MyRiscv/u_regfile/MUXB
# ** Warning: NUMERIC_STD.TO_INTEGER: metavalue detected, returning 0
#    Time: 7999580 ns  Iteration: 2  Instance: /tb/MyRiscv/u_regfile/MUXB
# ** Warning: NUMERIC_STD.TO_INTEGER: metavalue detected, returning 0
#    Time: 7999580 ns  Iteration: 2  Instance: /tb/MyRiscv/u_regfile/MUXA
# ** Warning: NUMERIC_STD.TO_INTEGER: metavalue detected, returning 0
#    Time: 7999600 ns  Iteration: 5  Instance: /tb/MyRiscv/u_regfile/MUXA
# ** Warning: NUMERIC_STD.TO_INTEGER: metavalue detected, returning 0
#    Time: 7999600 ns  Iteration: 5  Instance: /tb/MyRiscv/u_regfile/MUXB
# ** Warning: NUMERIC_STD.TO_INTEGER: metavalue detected, returning 0
#    Time: 8019780 ns  Iteration: 2  Instance: /tb/MyRiscv/u_regfile/MUXB
# ** Warning: NUMERIC_STD.TO_INTEGER: metavalue detected, returning 0
#    Time: 8019780 ns  Iteration: 2  Instance: /tb/MyRiscv/u_regfile/MUXA
# ** Warning: NUMERIC_STD.TO_INTEGER: metavalue detected, returning 0
#    Time: 8019800 ns  Iteration: 5  Instance: /tb/MyRiscv/u_regfile/MUXA
# ** Warning: NUMERIC_STD.TO_INTEGER: metavalue detected, returning 0
#    Time: 8019800 ns  Iteration: 5  Instance: /tb/MyRiscv/u_regfile/MUXB
# ** Warning: NUMERIC_STD.TO_INTEGER: metavalue detected, returning 0
#    Time: 8039980 ns  Iteration: 2  Instance: /tb/MyRiscv/u_regfile/MUXB
# ** Warning: NUMERIC_STD.TO_INTEGER: metavalue detected, returning 0
#    Time: 8039980 ns  Iteration: 2  Instance: /tb/MyRiscv/u_regfile/MUXA
# ** Warning: NUMERIC_STD.TO_INTEGER: metavalue detected, returning 0
#    Time: 8040 us  Iteration: 5  Instance: /tb/MyRiscv/u_regfile/MUXA
# ** Warning: NUMERIC_STD.TO_INTEGER: metavalue detected, returning 0
#    Time: 8040 us  Iteration: 5  Instance: /tb/MyRiscv/u_regfile/MUXB
# ** Warning: NUMERIC_STD.TO_INTEGER: metavalue detected, returning 0
#    Time: 8060180 ns  Iteration: 2  Instance: /tb/MyRiscv/u_regfile/MUXB
# ** Warning: NUMERIC_STD.TO_INTEGER: metavalue detected, returning 0
#    Time: 8060180 ns  Iteration: 2  Instance: /tb/MyRiscv/u_regfile/MUXA
# ** Warning: NUMERIC_STD.TO_INTEGER: metavalue detected, returning 0
#    Time: 8060200 ns  Iteration: 5  Instance: /tb/MyRiscv/u_regfile/MUXA
# ** Warning: NUMERIC_STD.TO_INTEGER: metavalue detected, returning 0
#    Time: 8060200 ns  Iteration: 5  Instance: /tb/MyRiscv/u_regfile/MUXB
# ** Warning: NUMERIC_STD.TO_INTEGER: metavalue detected, returning 0
#    Time: 8080380 ns  Iteration: 2  Instance: /tb/MyRiscv/u_regfile/MUXB
# ** Warning: NUMERIC_STD.TO_INTEGER: metavalue detected, returning 0
#    Time: 8080380 ns  Iteration: 2  Instance: /tb/MyRiscv/u_regfile/MUXA
# ** Warning: NUMERIC_STD.TO_INTEGER: metavalue detected, returning 0
#    Time: 8080400 ns  Iteration: 5  Instance: /tb/MyRiscv/u_regfile/MUXA
# ** Warning: NUMERIC_STD.TO_INTEGER: metavalue detected, returning 0
#    Time: 8080400 ns  Iteration: 5  Instance: /tb/MyRiscv/u_regfile/MUXB
# ** Warning: NUMERIC_STD.TO_INTEGER: metavalue detected, returning 0
#    Time: 8100580 ns  Iteration: 2  Instance: /tb/MyRiscv/u_regfile/MUXB
# ** Warning: NUMERIC_STD.TO_INTEGER: metavalue detected, returning 0
#    Time: 8100580 ns  Iteration: 2  Instance: /tb/MyRiscv/u_regfile/MUXA
# ** Warning: NUMERIC_STD.TO_INTEGER: metavalue detected, returning 0
#    Time: 8100600 ns  Iteration: 5  Instance: /tb/MyRiscv/u_regfile/MUXA
# ** Warning: NUMERIC_STD.TO_INTEGER: metavalue detected, returning 0
#    Time: 8100600 ns  Iteration: 5  Instance: /tb/MyRiscv/u_regfile/MUXB
# ** Warning: NUMERIC_STD.TO_INTEGER: metavalue detected, returning 0
#    Time: 8120780 ns  Iteration: 2  Instance: /tb/MyRiscv/u_regfile/MUXB
# ** Warning: NUMERIC_STD.TO_INTEGER: metavalue detected, returning 0
#    Time: 8120780 ns  Iteration: 2  Instance: /tb/MyRiscv/u_regfile/MUXA
# ** Warning: NUMERIC_STD.TO_INTEGER: metavalue detected, returning 0
#    Time: 8120800 ns  Iteration: 5  Instance: /tb/MyRiscv/u_regfile/MUXA
# ** Warning: NUMERIC_STD.TO_INTEGER: metavalue detected, returning 0
#    Time: 8120800 ns  Iteration: 5  Instance: /tb/MyRiscv/u_regfile/MUXB
# ** Warning: NUMERIC_STD.TO_INTEGER: metavalue detected, returning 0
#    Time: 8140980 ns  Iteration: 2  Instance: /tb/MyRiscv/u_regfile/MUXB
# ** Warning: NUMERIC_STD.TO_INTEGER: metavalue detected, returning 0
#    Time: 8140980 ns  Iteration: 2  Instance: /tb/MyRiscv/u_regfile/MUXA
# ** Warning: NUMERIC_STD.TO_INTEGER: metavalue detected, returning 0
#    Time: 8141 us  Iteration: 5  Instance: /tb/MyRiscv/u_regfile/MUXA
# ** Warning: NUMERIC_STD.TO_INTEGER: metavalue detected, returning 0
#    Time: 8141 us  Iteration: 5  Instance: /tb/MyRiscv/u_regfile/MUXB
# ** Warning: NUMERIC_STD.TO_INTEGER: metavalue detected, returning 0
#    Time: 8161180 ns  Iteration: 2  Instance: /tb/MyRiscv/u_regfile/MUXB
# ** Warning: NUMERIC_STD.TO_INTEGER: metavalue detected, returning 0
#    Time: 8161180 ns  Iteration: 2  Instance: /tb/MyRiscv/u_regfile/MUXA
# ** Warning: NUMERIC_STD.TO_INTEGER: metavalue detected, returning 0
#    Time: 8161200 ns  Iteration: 5  Instance: /tb/MyRiscv/u_regfile/MUXA
# ** Warning: NUMERIC_STD.TO_INTEGER: metavalue detected, returning 0
#    Time: 8161200 ns  Iteration: 5  Instance: /tb/MyRiscv/u_regfile/MUXB
# ** Warning: NUMERIC_STD.TO_INTEGER: metavalue detected, returning 0
#    Time: 8181380 ns  Iteration: 2  Instance: /tb/MyRiscv/u_regfile/MUXB
# ** Warning: NUMERIC_STD.TO_INTEGER: metavalue detected, returning 0
#    Time: 8181380 ns  Iteration: 2  Instance: /tb/MyRiscv/u_regfile/MUXA
# ** Warning: NUMERIC_STD.TO_INTEGER: metavalue detected, returning 0
#    Time: 8181400 ns  Iteration: 5  Instance: /tb/MyRiscv/u_regfile/MUXA
# ** Warning: NUMERIC_STD.TO_INTEGER: metavalue detected, returning 0
#    Time: 8181400 ns  Iteration: 5  Instance: /tb/MyRiscv/u_regfile/MUXB
# ** Warning: NUMERIC_STD.TO_INTEGER: metavalue detected, returning 0
#    Time: 8201580 ns  Iteration: 2  Instance: /tb/MyRiscv/u_regfile/MUXB
# ** Warning: NUMERIC_STD.TO_INTEGER: metavalue detected, returning 0
#    Time: 8201580 ns  Iteration: 2  Instance: /tb/MyRiscv/u_regfile/MUXA
# ** Warning: NUMERIC_STD.TO_INTEGER: metavalue detected, returning 0
#    Time: 8201600 ns  Iteration: 5  Instance: /tb/MyRiscv/u_regfile/MUXA
# ** Warning: NUMERIC_STD.TO_INTEGER: metavalue detected, returning 0
#    Time: 8201600 ns  Iteration: 5  Instance: /tb/MyRiscv/u_regfile/MUXB
# ** Warning: NUMERIC_STD.TO_INTEGER: metavalue detected, returning 0
#    Time: 8221780 ns  Iteration: 2  Instance: /tb/MyRiscv/u_regfile/MUXB
# ** Warning: NUMERIC_STD.TO_INTEGER: metavalue detected, returning 0
#    Time: 8221780 ns  Iteration: 2  Instance: /tb/MyRiscv/u_regfile/MUXA
# ** Warning: NUMERIC_STD.TO_INTEGER: metavalue detected, returning 0
#    Time: 8221800 ns  Iteration: 5  Instance: /tb/MyRiscv/u_regfile/MUXA
# ** Warning: NUMERIC_STD.TO_INTEGER: metavalue detected, returning 0
#    Time: 8221800 ns  Iteration: 5  Instance: /tb/MyRiscv/u_regfile/MUXB
# ** Warning: NUMERIC_STD.TO_INTEGER: metavalue detected, returning 0
#    Time: 8241980 ns  Iteration: 2  Instance: /tb/MyRiscv/u_regfile/MUXB
# ** Warning: NUMERIC_STD.TO_INTEGER: metavalue detected, returning 0
#    Time: 8241980 ns  Iteration: 2  Instance: /tb/MyRiscv/u_regfile/MUXA
# ** Warning: NUMERIC_STD.TO_INTEGER: metavalue detected, returning 0
#    Time: 8242 us  Iteration: 5  Instance: /tb/MyRiscv/u_regfile/MUXA
# ** Warning: NUMERIC_STD.TO_INTEGER: metavalue detected, returning 0
#    Time: 8242 us  Iteration: 5  Instance: /tb/MyRiscv/u_regfile/MUXB
# ** Warning: NUMERIC_STD.TO_INTEGER: metavalue detected, returning 0
#    Time: 8262180 ns  Iteration: 2  Instance: /tb/MyRiscv/u_regfile/MUXB
# ** Warning: NUMERIC_STD.TO_INTEGER: metavalue detected, returning 0
#    Time: 8262180 ns  Iteration: 2  Instance: /tb/MyRiscv/u_regfile/MUXA
# ** Warning: NUMERIC_STD.TO_INTEGER: metavalue detected, returning 0
#    Time: 8262200 ns  Iteration: 5  Instance: /tb/MyRiscv/u_regfile/MUXA
# ** Warning: NUMERIC_STD.TO_INTEGER: metavalue detected, returning 0
#    Time: 8262200 ns  Iteration: 5  Instance: /tb/MyRiscv/u_regfile/MUXB
# ** Warning: NUMERIC_STD.TO_INTEGER: metavalue detected, returning 0
#    Time: 8282380 ns  Iteration: 2  Instance: /tb/MyRiscv/u_regfile/MUXB
# ** Warning: NUMERIC_STD.TO_INTEGER: metavalue detected, returning 0
#    Time: 8282380 ns  Iteration: 2  Instance: /tb/MyRiscv/u_regfile/MUXA
# ** Warning: NUMERIC_STD.TO_INTEGER: metavalue detected, returning 0
#    Time: 8282400 ns  Iteration: 5  Instance: /tb/MyRiscv/u_regfile/MUXA
# ** Warning: NUMERIC_STD.TO_INTEGER: metavalue detected, returning 0
#    Time: 8282400 ns  Iteration: 5  Instance: /tb/MyRiscv/u_regfile/MUXB
# ** Warning: NUMERIC_STD.TO_INTEGER: metavalue detected, returning 0
#    Time: 8302580 ns  Iteration: 2  Instance: /tb/MyRiscv/u_regfile/MUXB
# ** Warning: NUMERIC_STD.TO_INTEGER: metavalue detected, returning 0
#    Time: 8302580 ns  Iteration: 2  Instance: /tb/MyRiscv/u_regfile/MUXA
# ** Warning: NUMERIC_STD.TO_INTEGER: metavalue detected, returning 0
#    Time: 8302600 ns  Iteration: 5  Instance: /tb/MyRiscv/u_regfile/MUXA
# ** Warning: NUMERIC_STD.TO_INTEGER: metavalue detected, returning 0
#    Time: 8302600 ns  Iteration: 5  Instance: /tb/MyRiscv/u_regfile/MUXB
# ** Warning: NUMERIC_STD.TO_INTEGER: metavalue detected, returning 0
#    Time: 8322780 ns  Iteration: 2  Instance: /tb/MyRiscv/u_regfile/MUXB
# ** Warning: NUMERIC_STD.TO_INTEGER: metavalue detected, returning 0
#    Time: 8322780 ns  Iteration: 2  Instance: /tb/MyRiscv/u_regfile/MUXA
# ** Warning: NUMERIC_STD.TO_INTEGER: metavalue detected, returning 0
#    Time: 8322800 ns  Iteration: 5  Instance: /tb/MyRiscv/u_regfile/MUXA
# ** Warning: NUMERIC_STD.TO_INTEGER: metavalue detected, returning 0
#    Time: 8322800 ns  Iteration: 5  Instance: /tb/MyRiscv/u_regfile/MUXB
# ** Warning: NUMERIC_STD.TO_INTEGER: metavalue detected, returning 0
#    Time: 8342980 ns  Iteration: 2  Instance: /tb/MyRiscv/u_regfile/MUXB
# ** Warning: NUMERIC_STD.TO_INTEGER: metavalue detected, returning 0
#    Time: 8342980 ns  Iteration: 2  Instance: /tb/MyRiscv/u_regfile/MUXA
# ** Warning: NUMERIC_STD.TO_INTEGER: metavalue detected, returning 0
#    Time: 8343 us  Iteration: 5  Instance: /tb/MyRiscv/u_regfile/MUXA
# ** Warning: NUMERIC_STD.TO_INTEGER: metavalue detected, returning 0
#    Time: 8343 us  Iteration: 5  Instance: /tb/MyRiscv/u_regfile/MUXB
# ** Warning: NUMERIC_STD.TO_INTEGER: metavalue detected, returning 0
#    Time: 8363180 ns  Iteration: 2  Instance: /tb/MyRiscv/u_regfile/MUXB
# ** Warning: NUMERIC_STD.TO_INTEGER: metavalue detected, returning 0
#    Time: 8363180 ns  Iteration: 2  Instance: /tb/MyRiscv/u_regfile/MUXA
# ** Warning: NUMERIC_STD.TO_INTEGER: metavalue detected, returning 0
#    Time: 8363200 ns  Iteration: 5  Instance: /tb/MyRiscv/u_regfile/MUXA
# ** Warning: NUMERIC_STD.TO_INTEGER: metavalue detected, returning 0
#    Time: 8363200 ns  Iteration: 5  Instance: /tb/MyRiscv/u_regfile/MUXB
# ** Warning: NUMERIC_STD.TO_INTEGER: metavalue detected, returning 0
#    Time: 8383380 ns  Iteration: 2  Instance: /tb/MyRiscv/u_regfile/MUXB
# ** Warning: NUMERIC_STD.TO_INTEGER: metavalue detected, returning 0
#    Time: 8383380 ns  Iteration: 2  Instance: /tb/MyRiscv/u_regfile/MUXA
# ** Warning: NUMERIC_STD.TO_INTEGER: metavalue detected, returning 0
#    Time: 8383400 ns  Iteration: 5  Instance: /tb/MyRiscv/u_regfile/MUXA
# ** Warning: NUMERIC_STD.TO_INTEGER: metavalue detected, returning 0
#    Time: 8383400 ns  Iteration: 5  Instance: /tb/MyRiscv/u_regfile/MUXB
# ** Warning: NUMERIC_STD.TO_INTEGER: metavalue detected, returning 0
#    Time: 8403580 ns  Iteration: 2  Instance: /tb/MyRiscv/u_regfile/MUXB
# ** Warning: NUMERIC_STD.TO_INTEGER: metavalue detected, returning 0
#    Time: 8403580 ns  Iteration: 2  Instance: /tb/MyRiscv/u_regfile/MUXA
# ** Warning: NUMERIC_STD.TO_INTEGER: metavalue detected, returning 0
#    Time: 8403600 ns  Iteration: 5  Instance: /tb/MyRiscv/u_regfile/MUXA
# ** Warning: NUMERIC_STD.TO_INTEGER: metavalue detected, returning 0
#    Time: 8403600 ns  Iteration: 5  Instance: /tb/MyRiscv/u_regfile/MUXB
# ** Warning: NUMERIC_STD.TO_INTEGER: metavalue detected, returning 0
#    Time: 8423780 ns  Iteration: 2  Instance: /tb/MyRiscv/u_regfile/MUXB
# ** Warning: NUMERIC_STD.TO_INTEGER: metavalue detected, returning 0
#    Time: 8423780 ns  Iteration: 2  Instance: /tb/MyRiscv/u_regfile/MUXA
# ** Warning: NUMERIC_STD.TO_INTEGER: metavalue detected, returning 0
#    Time: 8423800 ns  Iteration: 5  Instance: /tb/MyRiscv/u_regfile/MUXA
# ** Warning: NUMERIC_STD.TO_INTEGER: metavalue detected, returning 0
#    Time: 8423800 ns  Iteration: 5  Instance: /tb/MyRiscv/u_regfile/MUXB
# ** Warning: NUMERIC_STD.TO_INTEGER: metavalue detected, returning 0
#    Time: 8443980 ns  Iteration: 2  Instance: /tb/MyRiscv/u_regfile/MUXB
# ** Warning: NUMERIC_STD.TO_INTEGER: metavalue detected, returning 0
#    Time: 8443980 ns  Iteration: 2  Instance: /tb/MyRiscv/u_regfile/MUXA
# ** Warning: NUMERIC_STD.TO_INTEGER: metavalue detected, returning 0
#    Time: 8444 us  Iteration: 5  Instance: /tb/MyRiscv/u_regfile/MUXA
# ** Warning: NUMERIC_STD.TO_INTEGER: metavalue detected, returning 0
#    Time: 8444 us  Iteration: 5  Instance: /tb/MyRiscv/u_regfile/MUXB
# ** Warning: NUMERIC_STD.TO_INTEGER: metavalue detected, returning 0
#    Time: 8464180 ns  Iteration: 2  Instance: /tb/MyRiscv/u_regfile/MUXB
# ** Warning: NUMERIC_STD.TO_INTEGER: metavalue detected, returning 0
#    Time: 8464180 ns  Iteration: 2  Instance: /tb/MyRiscv/u_regfile/MUXA
# ** Warning: NUMERIC_STD.TO_INTEGER: metavalue detected, returning 0
#    Time: 8464200 ns  Iteration: 5  Instance: /tb/MyRiscv/u_regfile/MUXA
# ** Warning: NUMERIC_STD.TO_INTEGER: metavalue detected, returning 0
#    Time: 8464200 ns  Iteration: 5  Instance: /tb/MyRiscv/u_regfile/MUXB
# ** Warning: NUMERIC_STD.TO_INTEGER: metavalue detected, returning 0
#    Time: 8484380 ns  Iteration: 2  Instance: /tb/MyRiscv/u_regfile/MUXB
# ** Warning: NUMERIC_STD.TO_INTEGER: metavalue detected, returning 0
#    Time: 8484380 ns  Iteration: 2  Instance: /tb/MyRiscv/u_regfile/MUXA
# ** Warning: NUMERIC_STD.TO_INTEGER: metavalue detected, returning 0
#    Time: 8484400 ns  Iteration: 5  Instance: /tb/MyRiscv/u_regfile/MUXA
# ** Warning: NUMERIC_STD.TO_INTEGER: metavalue detected, returning 0
#    Time: 8484400 ns  Iteration: 5  Instance: /tb/MyRiscv/u_regfile/MUXB
# ** Warning: NUMERIC_STD.TO_INTEGER: metavalue detected, returning 0
#    Time: 8504580 ns  Iteration: 2  Instance: /tb/MyRiscv/u_regfile/MUXB
# ** Warning: NUMERIC_STD.TO_INTEGER: metavalue detected, returning 0
#    Time: 8504580 ns  Iteration: 2  Instance: /tb/MyRiscv/u_regfile/MUXA
# ** Warning: NUMERIC_STD.TO_INTEGER: metavalue detected, returning 0
#    Time: 8504600 ns  Iteration: 5  Instance: /tb/MyRiscv/u_regfile/MUXA
# ** Warning: NUMERIC_STD.TO_INTEGER: metavalue detected, returning 0
#    Time: 8504600 ns  Iteration: 5  Instance: /tb/MyRiscv/u_regfile/MUXB
# ** Warning: NUMERIC_STD.TO_INTEGER: metavalue detected, returning 0
#    Time: 8524780 ns  Iteration: 2  Instance: /tb/MyRiscv/u_regfile/MUXB
# ** Warning: NUMERIC_STD.TO_INTEGER: metavalue detected, returning 0
#    Time: 8524780 ns  Iteration: 2  Instance: /tb/MyRiscv/u_regfile/MUXA
# ** Warning: NUMERIC_STD.TO_INTEGER: metavalue detected, returning 0
#    Time: 8524800 ns  Iteration: 5  Instance: /tb/MyRiscv/u_regfile/MUXA
# ** Warning: NUMERIC_STD.TO_INTEGER: metavalue detected, returning 0
#    Time: 8524800 ns  Iteration: 5  Instance: /tb/MyRiscv/u_regfile/MUXB
# ** Warning: NUMERIC_STD.TO_INTEGER: metavalue detected, returning 0
#    Time: 8544980 ns  Iteration: 2  Instance: /tb/MyRiscv/u_regfile/MUXB
# ** Warning: NUMERIC_STD.TO_INTEGER: metavalue detected, returning 0
#    Time: 8544980 ns  Iteration: 2  Instance: /tb/MyRiscv/u_regfile/MUXA
# ** Warning: NUMERIC_STD.TO_INTEGER: metavalue detected, returning 0
#    Time: 8545 us  Iteration: 5  Instance: /tb/MyRiscv/u_regfile/MUXA
# ** Warning: NUMERIC_STD.TO_INTEGER: metavalue detected, returning 0
#    Time: 8545 us  Iteration: 5  Instance: /tb/MyRiscv/u_regfile/MUXB
# ** Warning: NUMERIC_STD.TO_INTEGER: metavalue detected, returning 0
#    Time: 8565180 ns  Iteration: 2  Instance: /tb/MyRiscv/u_regfile/MUXB
# ** Warning: NUMERIC_STD.TO_INTEGER: metavalue detected, returning 0
#    Time: 8565180 ns  Iteration: 2  Instance: /tb/MyRiscv/u_regfile/MUXA
# ** Warning: NUMERIC_STD.TO_INTEGER: metavalue detected, returning 0
#    Time: 8565200 ns  Iteration: 5  Instance: /tb/MyRiscv/u_regfile/MUXA
# ** Warning: NUMERIC_STD.TO_INTEGER: metavalue detected, returning 0
#    Time: 8565200 ns  Iteration: 5  Instance: /tb/MyRiscv/u_regfile/MUXB
# ** Warning: NUMERIC_STD.TO_INTEGER: metavalue detected, returning 0
#    Time: 8585380 ns  Iteration: 2  Instance: /tb/MyRiscv/u_regfile/MUXB
# ** Warning: NUMERIC_STD.TO_INTEGER: metavalue detected, returning 0
#    Time: 8585380 ns  Iteration: 2  Instance: /tb/MyRiscv/u_regfile/MUXA
# ** Warning: NUMERIC_STD.TO_INTEGER: metavalue detected, returning 0
#    Time: 8585400 ns  Iteration: 5  Instance: /tb/MyRiscv/u_regfile/MUXA
# ** Warning: NUMERIC_STD.TO_INTEGER: metavalue detected, returning 0
#    Time: 8585400 ns  Iteration: 5  Instance: /tb/MyRiscv/u_regfile/MUXB
# ** Warning: NUMERIC_STD.TO_INTEGER: metavalue detected, returning 0
#    Time: 8605580 ns  Iteration: 2  Instance: /tb/MyRiscv/u_regfile/MUXB
# ** Warning: NUMERIC_STD.TO_INTEGER: metavalue detected, returning 0
#    Time: 8605580 ns  Iteration: 2  Instance: /tb/MyRiscv/u_regfile/MUXA
# ** Warning: NUMERIC_STD.TO_INTEGER: metavalue detected, returning 0
#    Time: 8605600 ns  Iteration: 5  Instance: /tb/MyRiscv/u_regfile/MUXA
# ** Warning: NUMERIC_STD.TO_INTEGER: metavalue detected, returning 0
#    Time: 8605600 ns  Iteration: 5  Instance: /tb/MyRiscv/u_regfile/MUXB
# ** Warning: NUMERIC_STD.TO_INTEGER: metavalue detected, returning 0
#    Time: 8625780 ns  Iteration: 2  Instance: /tb/MyRiscv/u_regfile/MUXB
# ** Warning: NUMERIC_STD.TO_INTEGER: metavalue detected, returning 0
#    Time: 8625780 ns  Iteration: 2  Instance: /tb/MyRiscv/u_regfile/MUXA
# ** Warning: NUMERIC_STD.TO_INTEGER: metavalue detected, returning 0
#    Time: 8625800 ns  Iteration: 5  Instance: /tb/MyRiscv/u_regfile/MUXA
# ** Warning: NUMERIC_STD.TO_INTEGER: metavalue detected, returning 0
#    Time: 8625800 ns  Iteration: 5  Instance: /tb/MyRiscv/u_regfile/MUXB
# ** Warning: NUMERIC_STD.TO_INTEGER: metavalue detected, returning 0
#    Time: 8645980 ns  Iteration: 2  Instance: /tb/MyRiscv/u_regfile/MUXB
# ** Warning: NUMERIC_STD.TO_INTEGER: metavalue detected, returning 0
#    Time: 8645980 ns  Iteration: 2  Instance: /tb/MyRiscv/u_regfile/MUXA
# ** Warning: NUMERIC_STD.TO_INTEGER: metavalue detected, returning 0
#    Time: 8646 us  Iteration: 5  Instance: /tb/MyRiscv/u_regfile/MUXA
# ** Warning: NUMERIC_STD.TO_INTEGER: metavalue detected, returning 0
#    Time: 8646 us  Iteration: 5  Instance: /tb/MyRiscv/u_regfile/MUXB
# ** Warning: NUMERIC_STD.TO_INTEGER: metavalue detected, returning 0
#    Time: 8666180 ns  Iteration: 2  Instance: /tb/MyRiscv/u_regfile/MUXB
# ** Warning: NUMERIC_STD.TO_INTEGER: metavalue detected, returning 0
#    Time: 8666180 ns  Iteration: 2  Instance: /tb/MyRiscv/u_regfile/MUXA
# ** Warning: NUMERIC_STD.TO_INTEGER: metavalue detected, returning 0
#    Time: 8666200 ns  Iteration: 5  Instance: /tb/MyRiscv/u_regfile/MUXA
# ** Warning: NUMERIC_STD.TO_INTEGER: metavalue detected, returning 0
#    Time: 8666200 ns  Iteration: 5  Instance: /tb/MyRiscv/u_regfile/MUXB
# ** Warning: NUMERIC_STD.TO_INTEGER: metavalue detected, returning 0
#    Time: 8686380 ns  Iteration: 2  Instance: /tb/MyRiscv/u_regfile/MUXB
# ** Warning: NUMERIC_STD.TO_INTEGER: metavalue detected, returning 0
#    Time: 8686380 ns  Iteration: 2  Instance: /tb/MyRiscv/u_regfile/MUXA
# ** Warning: NUMERIC_STD.TO_INTEGER: metavalue detected, returning 0
#    Time: 8686400 ns  Iteration: 5  Instance: /tb/MyRiscv/u_regfile/MUXA
# ** Warning: NUMERIC_STD.TO_INTEGER: metavalue detected, returning 0
#    Time: 8686400 ns  Iteration: 5  Instance: /tb/MyRiscv/u_regfile/MUXB
# ** Warning: NUMERIC_STD.TO_INTEGER: metavalue detected, returning 0
#    Time: 8706580 ns  Iteration: 2  Instance: /tb/MyRiscv/u_regfile/MUXB
# ** Warning: NUMERIC_STD.TO_INTEGER: metavalue detected, returning 0
#    Time: 8706580 ns  Iteration: 2  Instance: /tb/MyRiscv/u_regfile/MUXA
# ** Warning: NUMERIC_STD.TO_INTEGER: metavalue detected, returning 0
#    Time: 8706600 ns  Iteration: 5  Instance: /tb/MyRiscv/u_regfile/MUXA
# ** Warning: NUMERIC_STD.TO_INTEGER: metavalue detected, returning 0
#    Time: 8706600 ns  Iteration: 5  Instance: /tb/MyRiscv/u_regfile/MUXB
# ** Warning: NUMERIC_STD.TO_INTEGER: metavalue detected, returning 0
#    Time: 8726780 ns  Iteration: 2  Instance: /tb/MyRiscv/u_regfile/MUXB
# ** Warning: NUMERIC_STD.TO_INTEGER: metavalue detected, returning 0
#    Time: 8726780 ns  Iteration: 2  Instance: /tb/MyRiscv/u_regfile/MUXA
# ** Warning: NUMERIC_STD.TO_INTEGER: metavalue detected, returning 0
#    Time: 8726800 ns  Iteration: 5  Instance: /tb/MyRiscv/u_regfile/MUXA
# ** Warning: NUMERIC_STD.TO_INTEGER: metavalue detected, returning 0
#    Time: 8726800 ns  Iteration: 5  Instance: /tb/MyRiscv/u_regfile/MUXB
# ** Warning: NUMERIC_STD.TO_INTEGER: metavalue detected, returning 0
#    Time: 8746980 ns  Iteration: 2  Instance: /tb/MyRiscv/u_regfile/MUXB
# ** Warning: NUMERIC_STD.TO_INTEGER: metavalue detected, returning 0
#    Time: 8746980 ns  Iteration: 2  Instance: /tb/MyRiscv/u_regfile/MUXA
# ** Warning: NUMERIC_STD.TO_INTEGER: metavalue detected, returning 0
#    Time: 8747 us  Iteration: 5  Instance: /tb/MyRiscv/u_regfile/MUXA
# ** Warning: NUMERIC_STD.TO_INTEGER: metavalue detected, returning 0
#    Time: 8747 us  Iteration: 5  Instance: /tb/MyRiscv/u_regfile/MUXB
# ** Warning: NUMERIC_STD.TO_INTEGER: metavalue detected, returning 0
#    Time: 8767180 ns  Iteration: 2  Instance: /tb/MyRiscv/u_regfile/MUXB
# ** Warning: NUMERIC_STD.TO_INTEGER: metavalue detected, returning 0
#    Time: 8767180 ns  Iteration: 2  Instance: /tb/MyRiscv/u_regfile/MUXA
# ** Warning: NUMERIC_STD.TO_INTEGER: metavalue detected, returning 0
#    Time: 8767200 ns  Iteration: 5  Instance: /tb/MyRiscv/u_regfile/MUXA
# ** Warning: NUMERIC_STD.TO_INTEGER: metavalue detected, returning 0
#    Time: 8767200 ns  Iteration: 5  Instance: /tb/MyRiscv/u_regfile/MUXB
# ** Warning: NUMERIC_STD.TO_INTEGER: metavalue detected, returning 0
#    Time: 8787380 ns  Iteration: 2  Instance: /tb/MyRiscv/u_regfile/MUXB
# ** Warning: NUMERIC_STD.TO_INTEGER: metavalue detected, returning 0
#    Time: 8787380 ns  Iteration: 2  Instance: /tb/MyRiscv/u_regfile/MUXA
# ** Warning: NUMERIC_STD.TO_INTEGER: metavalue detected, returning 0
#    Time: 8787400 ns  Iteration: 5  Instance: /tb/MyRiscv/u_regfile/MUXA
# ** Warning: NUMERIC_STD.TO_INTEGER: metavalue detected, returning 0
#    Time: 8787400 ns  Iteration: 5  Instance: /tb/MyRiscv/u_regfile/MUXB
# ** Warning: NUMERIC_STD.TO_INTEGER: metavalue detected, returning 0
#    Time: 8807580 ns  Iteration: 2  Instance: /tb/MyRiscv/u_regfile/MUXB
# ** Warning: NUMERIC_STD.TO_INTEGER: metavalue detected, returning 0
#    Time: 8807580 ns  Iteration: 2  Instance: /tb/MyRiscv/u_regfile/MUXA
# ** Warning: NUMERIC_STD.TO_INTEGER: metavalue detected, returning 0
#    Time: 8807600 ns  Iteration: 5  Instance: /tb/MyRiscv/u_regfile/MUXA
# ** Warning: NUMERIC_STD.TO_INTEGER: metavalue detected, returning 0
#    Time: 8807600 ns  Iteration: 5  Instance: /tb/MyRiscv/u_regfile/MUXB
# ** Warning: NUMERIC_STD.TO_INTEGER: metavalue detected, returning 0
#    Time: 8827780 ns  Iteration: 2  Instance: /tb/MyRiscv/u_regfile/MUXB
# ** Warning: NUMERIC_STD.TO_INTEGER: metavalue detected, returning 0
#    Time: 8827780 ns  Iteration: 2  Instance: /tb/MyRiscv/u_regfile/MUXA
# ** Warning: NUMERIC_STD.TO_INTEGER: metavalue detected, returning 0
#    Time: 8827800 ns  Iteration: 5  Instance: /tb/MyRiscv/u_regfile/MUXA
# ** Warning: NUMERIC_STD.TO_INTEGER: metavalue detected, returning 0
#    Time: 8827800 ns  Iteration: 5  Instance: /tb/MyRiscv/u_regfile/MUXB
# ** Warning: NUMERIC_STD.TO_INTEGER: metavalue detected, returning 0
#    Time: 8847980 ns  Iteration: 2  Instance: /tb/MyRiscv/u_regfile/MUXB
# ** Warning: NUMERIC_STD.TO_INTEGER: metavalue detected, returning 0
#    Time: 8847980 ns  Iteration: 2  Instance: /tb/MyRiscv/u_regfile/MUXA
# ** Warning: NUMERIC_STD.TO_INTEGER: metavalue detected, returning 0
#    Time: 8848 us  Iteration: 5  Instance: /tb/MyRiscv/u_regfile/MUXA
# ** Warning: NUMERIC_STD.TO_INTEGER: metavalue detected, returning 0
#    Time: 8848 us  Iteration: 5  Instance: /tb/MyRiscv/u_regfile/MUXB
# ** Warning: NUMERIC_STD.TO_INTEGER: metavalue detected, returning 0
#    Time: 8868180 ns  Iteration: 2  Instance: /tb/MyRiscv/u_regfile/MUXB
# ** Warning: NUMERIC_STD.TO_INTEGER: metavalue detected, returning 0
#    Time: 8868180 ns  Iteration: 2  Instance: /tb/MyRiscv/u_regfile/MUXA
# ** Warning: NUMERIC_STD.TO_INTEGER: metavalue detected, returning 0
#    Time: 8868200 ns  Iteration: 5  Instance: /tb/MyRiscv/u_regfile/MUXA
# ** Warning: NUMERIC_STD.TO_INTEGER: metavalue detected, returning 0
#    Time: 8868200 ns  Iteration: 5  Instance: /tb/MyRiscv/u_regfile/MUXB
# ** Warning: NUMERIC_STD.TO_INTEGER: metavalue detected, returning 0
#    Time: 8888380 ns  Iteration: 2  Instance: /tb/MyRiscv/u_regfile/MUXB
# ** Warning: NUMERIC_STD.TO_INTEGER: metavalue detected, returning 0
#    Time: 8888380 ns  Iteration: 2  Instance: /tb/MyRiscv/u_regfile/MUXA
# ** Warning: NUMERIC_STD.TO_INTEGER: metavalue detected, returning 0
#    Time: 8888400 ns  Iteration: 5  Instance: /tb/MyRiscv/u_regfile/MUXA
# ** Warning: NUMERIC_STD.TO_INTEGER: metavalue detected, returning 0
#    Time: 8888400 ns  Iteration: 5  Instance: /tb/MyRiscv/u_regfile/MUXB
# ** Warning: NUMERIC_STD.TO_INTEGER: metavalue detected, returning 0
#    Time: 8908580 ns  Iteration: 2  Instance: /tb/MyRiscv/u_regfile/MUXB
# ** Warning: NUMERIC_STD.TO_INTEGER: metavalue detected, returning 0
#    Time: 8908580 ns  Iteration: 2  Instance: /tb/MyRiscv/u_regfile/MUXA
# ** Warning: NUMERIC_STD.TO_INTEGER: metavalue detected, returning 0
#    Time: 8908600 ns  Iteration: 5  Instance: /tb/MyRiscv/u_regfile/MUXA
# ** Warning: NUMERIC_STD.TO_INTEGER: metavalue detected, returning 0
#    Time: 8908600 ns  Iteration: 5  Instance: /tb/MyRiscv/u_regfile/MUXB
# ** Warning: NUMERIC_STD.TO_INTEGER: metavalue detected, returning 0
#    Time: 8928780 ns  Iteration: 2  Instance: /tb/MyRiscv/u_regfile/MUXB
# ** Warning: NUMERIC_STD.TO_INTEGER: metavalue detected, returning 0
#    Time: 8928780 ns  Iteration: 2  Instance: /tb/MyRiscv/u_regfile/MUXA
# ** Warning: NUMERIC_STD.TO_INTEGER: metavalue detected, returning 0
#    Time: 8928800 ns  Iteration: 5  Instance: /tb/MyRiscv/u_regfile/MUXA
# ** Warning: NUMERIC_STD.TO_INTEGER: metavalue detected, returning 0
#    Time: 8928800 ns  Iteration: 5  Instance: /tb/MyRiscv/u_regfile/MUXB
# ** Warning: NUMERIC_STD.TO_INTEGER: metavalue detected, returning 0
#    Time: 8948980 ns  Iteration: 2  Instance: /tb/MyRiscv/u_regfile/MUXB
# ** Warning: NUMERIC_STD.TO_INTEGER: metavalue detected, returning 0
#    Time: 8948980 ns  Iteration: 2  Instance: /tb/MyRiscv/u_regfile/MUXA
# ** Warning: NUMERIC_STD.TO_INTEGER: metavalue detected, returning 0
#    Time: 8949 us  Iteration: 5  Instance: /tb/MyRiscv/u_regfile/MUXA
# ** Warning: NUMERIC_STD.TO_INTEGER: metavalue detected, returning 0
#    Time: 8949 us  Iteration: 5  Instance: /tb/MyRiscv/u_regfile/MUXB
# ** Warning: NUMERIC_STD.TO_INTEGER: metavalue detected, returning 0
#    Time: 8969180 ns  Iteration: 2  Instance: /tb/MyRiscv/u_regfile/MUXB
# ** Warning: NUMERIC_STD.TO_INTEGER: metavalue detected, returning 0
#    Time: 8969180 ns  Iteration: 2  Instance: /tb/MyRiscv/u_regfile/MUXA
# ** Warning: NUMERIC_STD.TO_INTEGER: metavalue detected, returning 0
#    Time: 8969200 ns  Iteration: 5  Instance: /tb/MyRiscv/u_regfile/MUXA
# ** Warning: NUMERIC_STD.TO_INTEGER: metavalue detected, returning 0
#    Time: 8969200 ns  Iteration: 5  Instance: /tb/MyRiscv/u_regfile/MUXB
# ** Warning: NUMERIC_STD.TO_INTEGER: metavalue detected, returning 0
#    Time: 8989380 ns  Iteration: 2  Instance: /tb/MyRiscv/u_regfile/MUXB
# ** Warning: NUMERIC_STD.TO_INTEGER: metavalue detected, returning 0
#    Time: 8989380 ns  Iteration: 2  Instance: /tb/MyRiscv/u_regfile/MUXA
# ** Warning: NUMERIC_STD.TO_INTEGER: metavalue detected, returning 0
#    Time: 8989400 ns  Iteration: 5  Instance: /tb/MyRiscv/u_regfile/MUXA
# ** Warning: NUMERIC_STD.TO_INTEGER: metavalue detected, returning 0
#    Time: 8989400 ns  Iteration: 5  Instance: /tb/MyRiscv/u_regfile/MUXB
# ** Warning: NUMERIC_STD.TO_INTEGER: metavalue detected, returning 0
#    Time: 9009580 ns  Iteration: 2  Instance: /tb/MyRiscv/u_regfile/MUXB
# ** Warning: NUMERIC_STD.TO_INTEGER: metavalue detected, returning 0
#    Time: 9009580 ns  Iteration: 2  Instance: /tb/MyRiscv/u_regfile/MUXA
# ** Warning: NUMERIC_STD.TO_INTEGER: metavalue detected, returning 0
#    Time: 9009600 ns  Iteration: 5  Instance: /tb/MyRiscv/u_regfile/MUXA
# ** Warning: NUMERIC_STD.TO_INTEGER: metavalue detected, returning 0
#    Time: 9009600 ns  Iteration: 5  Instance: /tb/MyRiscv/u_regfile/MUXB
# ** Warning: NUMERIC_STD.TO_INTEGER: metavalue detected, returning 0
#    Time: 9029780 ns  Iteration: 2  Instance: /tb/MyRiscv/u_regfile/MUXB
# ** Warning: NUMERIC_STD.TO_INTEGER: metavalue detected, returning 0
#    Time: 9029780 ns  Iteration: 2  Instance: /tb/MyRiscv/u_regfile/MUXA
# ** Warning: NUMERIC_STD.TO_INTEGER: metavalue detected, returning 0
#    Time: 9029800 ns  Iteration: 5  Instance: /tb/MyRiscv/u_regfile/MUXA
# ** Warning: NUMERIC_STD.TO_INTEGER: metavalue detected, returning 0
#    Time: 9029800 ns  Iteration: 5  Instance: /tb/MyRiscv/u_regfile/MUXB
# ** Warning: NUMERIC_STD.TO_INTEGER: metavalue detected, returning 0
#    Time: 9049980 ns  Iteration: 2  Instance: /tb/MyRiscv/u_regfile/MUXB
# ** Warning: NUMERIC_STD.TO_INTEGER: metavalue detected, returning 0
#    Time: 9049980 ns  Iteration: 2  Instance: /tb/MyRiscv/u_regfile/MUXA
# ** Warning: NUMERIC_STD.TO_INTEGER: metavalue detected, returning 0
#    Time: 9050 us  Iteration: 5  Instance: /tb/MyRiscv/u_regfile/MUXA
# ** Warning: NUMERIC_STD.TO_INTEGER: metavalue detected, returning 0
#    Time: 9050 us  Iteration: 5  Instance: /tb/MyRiscv/u_regfile/MUXB
# ** Warning: NUMERIC_STD.TO_INTEGER: metavalue detected, returning 0
#    Time: 9070180 ns  Iteration: 2  Instance: /tb/MyRiscv/u_regfile/MUXB
# ** Warning: NUMERIC_STD.TO_INTEGER: metavalue detected, returning 0
#    Time: 9070180 ns  Iteration: 2  Instance: /tb/MyRiscv/u_regfile/MUXA
# ** Warning: NUMERIC_STD.TO_INTEGER: metavalue detected, returning 0
#    Time: 9070200 ns  Iteration: 5  Instance: /tb/MyRiscv/u_regfile/MUXA
# ** Warning: NUMERIC_STD.TO_INTEGER: metavalue detected, returning 0
#    Time: 9070200 ns  Iteration: 5  Instance: /tb/MyRiscv/u_regfile/MUXB
# ** Warning: NUMERIC_STD.TO_INTEGER: metavalue detected, returning 0
#    Time: 9090380 ns  Iteration: 2  Instance: /tb/MyRiscv/u_regfile/MUXB
# ** Warning: NUMERIC_STD.TO_INTEGER: metavalue detected, returning 0
#    Time: 9090380 ns  Iteration: 2  Instance: /tb/MyRiscv/u_regfile/MUXA
# ** Warning: NUMERIC_STD.TO_INTEGER: metavalue detected, returning 0
#    Time: 9090400 ns  Iteration: 5  Instance: /tb/MyRiscv/u_regfile/MUXA
# ** Warning: NUMERIC_STD.TO_INTEGER: metavalue detected, returning 0
#    Time: 9090400 ns  Iteration: 5  Instance: /tb/MyRiscv/u_regfile/MUXB
# ** Warning: NUMERIC_STD.TO_INTEGER: metavalue detected, returning 0
#    Time: 9110580 ns  Iteration: 2  Instance: /tb/MyRiscv/u_regfile/MUXB
# ** Warning: NUMERIC_STD.TO_INTEGER: metavalue detected, returning 0
#    Time: 9110580 ns  Iteration: 2  Instance: /tb/MyRiscv/u_regfile/MUXA
# ** Warning: NUMERIC_STD.TO_INTEGER: metavalue detected, returning 0
#    Time: 9110600 ns  Iteration: 5  Instance: /tb/MyRiscv/u_regfile/MUXA
# ** Warning: NUMERIC_STD.TO_INTEGER: metavalue detected, returning 0
#    Time: 9110600 ns  Iteration: 5  Instance: /tb/MyRiscv/u_regfile/MUXB
# ** Warning: NUMERIC_STD.TO_INTEGER: metavalue detected, returning 0
#    Time: 9130780 ns  Iteration: 2  Instance: /tb/MyRiscv/u_regfile/MUXB
# ** Warning: NUMERIC_STD.TO_INTEGER: metavalue detected, returning 0
#    Time: 9130780 ns  Iteration: 2  Instance: /tb/MyRiscv/u_regfile/MUXA
# ** Warning: NUMERIC_STD.TO_INTEGER: metavalue detected, returning 0
#    Time: 9130800 ns  Iteration: 5  Instance: /tb/MyRiscv/u_regfile/MUXA
# ** Warning: NUMERIC_STD.TO_INTEGER: metavalue detected, returning 0
#    Time: 9130800 ns  Iteration: 5  Instance: /tb/MyRiscv/u_regfile/MUXB
# ** Warning: NUMERIC_STD.TO_INTEGER: metavalue detected, returning 0
#    Time: 9150980 ns  Iteration: 2  Instance: /tb/MyRiscv/u_regfile/MUXB
# ** Warning: NUMERIC_STD.TO_INTEGER: metavalue detected, returning 0
#    Time: 9150980 ns  Iteration: 2  Instance: /tb/MyRiscv/u_regfile/MUXA
# ** Warning: NUMERIC_STD.TO_INTEGER: metavalue detected, returning 0
#    Time: 9151 us  Iteration: 5  Instance: /tb/MyRiscv/u_regfile/MUXA
# ** Warning: NUMERIC_STD.TO_INTEGER: metavalue detected, returning 0
#    Time: 9151 us  Iteration: 5  Instance: /tb/MyRiscv/u_regfile/MUXB
# ** Warning: NUMERIC_STD.TO_INTEGER: metavalue detected, returning 0
#    Time: 9171180 ns  Iteration: 2  Instance: /tb/MyRiscv/u_regfile/MUXB
# ** Warning: NUMERIC_STD.TO_INTEGER: metavalue detected, returning 0
#    Time: 9171180 ns  Iteration: 2  Instance: /tb/MyRiscv/u_regfile/MUXA
# ** Warning: NUMERIC_STD.TO_INTEGER: metavalue detected, returning 0
#    Time: 9171200 ns  Iteration: 5  Instance: /tb/MyRiscv/u_regfile/MUXA
# ** Warning: NUMERIC_STD.TO_INTEGER: metavalue detected, returning 0
#    Time: 9171200 ns  Iteration: 5  Instance: /tb/MyRiscv/u_regfile/MUXB
# ** Warning: NUMERIC_STD.TO_INTEGER: metavalue detected, returning 0
#    Time: 9191380 ns  Iteration: 2  Instance: /tb/MyRiscv/u_regfile/MUXB
# ** Warning: NUMERIC_STD.TO_INTEGER: metavalue detected, returning 0
#    Time: 9191380 ns  Iteration: 2  Instance: /tb/MyRiscv/u_regfile/MUXA
# ** Warning: NUMERIC_STD.TO_INTEGER: metavalue detected, returning 0
#    Time: 9191400 ns  Iteration: 5  Instance: /tb/MyRiscv/u_regfile/MUXA
# ** Warning: NUMERIC_STD.TO_INTEGER: metavalue detected, returning 0
#    Time: 9191400 ns  Iteration: 5  Instance: /tb/MyRiscv/u_regfile/MUXB
# ** Warning: NUMERIC_STD.TO_INTEGER: metavalue detected, returning 0
#    Time: 9211580 ns  Iteration: 2  Instance: /tb/MyRiscv/u_regfile/MUXB
# ** Warning: NUMERIC_STD.TO_INTEGER: metavalue detected, returning 0
#    Time: 9211580 ns  Iteration: 2  Instance: /tb/MyRiscv/u_regfile/MUXA
# ** Warning: NUMERIC_STD.TO_INTEGER: metavalue detected, returning 0
#    Time: 9211600 ns  Iteration: 5  Instance: /tb/MyRiscv/u_regfile/MUXA
# ** Warning: NUMERIC_STD.TO_INTEGER: metavalue detected, returning 0
#    Time: 9211600 ns  Iteration: 5  Instance: /tb/MyRiscv/u_regfile/MUXB
# ** Warning: NUMERIC_STD.TO_INTEGER: metavalue detected, returning 0
#    Time: 9231780 ns  Iteration: 2  Instance: /tb/MyRiscv/u_regfile/MUXB
# ** Warning: NUMERIC_STD.TO_INTEGER: metavalue detected, returning 0
#    Time: 9231780 ns  Iteration: 2  Instance: /tb/MyRiscv/u_regfile/MUXA
# ** Warning: NUMERIC_STD.TO_INTEGER: metavalue detected, returning 0
#    Time: 9231800 ns  Iteration: 5  Instance: /tb/MyRiscv/u_regfile/MUXA
# ** Warning: NUMERIC_STD.TO_INTEGER: metavalue detected, returning 0
#    Time: 9231800 ns  Iteration: 5  Instance: /tb/MyRiscv/u_regfile/MUXB
# ** Warning: NUMERIC_STD.TO_INTEGER: metavalue detected, returning 0
#    Time: 9251980 ns  Iteration: 2  Instance: /tb/MyRiscv/u_regfile/MUXB
# ** Warning: NUMERIC_STD.TO_INTEGER: metavalue detected, returning 0
#    Time: 9251980 ns  Iteration: 2  Instance: /tb/MyRiscv/u_regfile/MUXA
# ** Warning: NUMERIC_STD.TO_INTEGER: metavalue detected, returning 0
#    Time: 9252 us  Iteration: 5  Instance: /tb/MyRiscv/u_regfile/MUXA
# ** Warning: NUMERIC_STD.TO_INTEGER: metavalue detected, returning 0
#    Time: 9252 us  Iteration: 5  Instance: /tb/MyRiscv/u_regfile/MUXB
# ** Warning: NUMERIC_STD.TO_INTEGER: metavalue detected, returning 0
#    Time: 9272180 ns  Iteration: 2  Instance: /tb/MyRiscv/u_regfile/MUXB
# ** Warning: NUMERIC_STD.TO_INTEGER: metavalue detected, returning 0
#    Time: 9272180 ns  Iteration: 2  Instance: /tb/MyRiscv/u_regfile/MUXA
# ** Warning: NUMERIC_STD.TO_INTEGER: metavalue detected, returning 0
#    Time: 9272200 ns  Iteration: 5  Instance: /tb/MyRiscv/u_regfile/MUXA
# ** Warning: NUMERIC_STD.TO_INTEGER: metavalue detected, returning 0
#    Time: 9272200 ns  Iteration: 5  Instance: /tb/MyRiscv/u_regfile/MUXB
# ** Warning: NUMERIC_STD.TO_INTEGER: metavalue detected, returning 0
#    Time: 9292380 ns  Iteration: 2  Instance: /tb/MyRiscv/u_regfile/MUXB
# ** Warning: NUMERIC_STD.TO_INTEGER: metavalue detected, returning 0
#    Time: 9292380 ns  Iteration: 2  Instance: /tb/MyRiscv/u_regfile/MUXA
# ** Warning: NUMERIC_STD.TO_INTEGER: metavalue detected, returning 0
#    Time: 9292400 ns  Iteration: 5  Instance: /tb/MyRiscv/u_regfile/MUXA
# ** Warning: NUMERIC_STD.TO_INTEGER: metavalue detected, returning 0
#    Time: 9292400 ns  Iteration: 5  Instance: /tb/MyRiscv/u_regfile/MUXB
# ** Warning: NUMERIC_STD.TO_INTEGER: metavalue detected, returning 0
#    Time: 9312580 ns  Iteration: 2  Instance: /tb/MyRiscv/u_regfile/MUXB
# ** Warning: NUMERIC_STD.TO_INTEGER: metavalue detected, returning 0
#    Time: 9312580 ns  Iteration: 2  Instance: /tb/MyRiscv/u_regfile/MUXA
# ** Warning: NUMERIC_STD.TO_INTEGER: metavalue detected, returning 0
#    Time: 9312600 ns  Iteration: 5  Instance: /tb/MyRiscv/u_regfile/MUXA
# ** Warning: NUMERIC_STD.TO_INTEGER: metavalue detected, returning 0
#    Time: 9312600 ns  Iteration: 5  Instance: /tb/MyRiscv/u_regfile/MUXB
# ** Warning: NUMERIC_STD.TO_INTEGER: metavalue detected, returning 0
#    Time: 9332780 ns  Iteration: 2  Instance: /tb/MyRiscv/u_regfile/MUXB
# ** Warning: NUMERIC_STD.TO_INTEGER: metavalue detected, returning 0
#    Time: 9332780 ns  Iteration: 2  Instance: /tb/MyRiscv/u_regfile/MUXA
# ** Warning: NUMERIC_STD.TO_INTEGER: metavalue detected, returning 0
#    Time: 9332800 ns  Iteration: 5  Instance: /tb/MyRiscv/u_regfile/MUXA
# ** Warning: NUMERIC_STD.TO_INTEGER: metavalue detected, returning 0
#    Time: 9332800 ns  Iteration: 5  Instance: /tb/MyRiscv/u_regfile/MUXB
# ** Warning: NUMERIC_STD.TO_INTEGER: metavalue detected, returning 0
#    Time: 9352980 ns  Iteration: 2  Instance: /tb/MyRiscv/u_regfile/MUXB
# ** Warning: NUMERIC_STD.TO_INTEGER: metavalue detected, returning 0
#    Time: 9352980 ns  Iteration: 2  Instance: /tb/MyRiscv/u_regfile/MUXA
# ** Warning: NUMERIC_STD.TO_INTEGER: metavalue detected, returning 0
#    Time: 9353 us  Iteration: 5  Instance: /tb/MyRiscv/u_regfile/MUXA
# ** Warning: NUMERIC_STD.TO_INTEGER: metavalue detected, returning 0
#    Time: 9353 us  Iteration: 5  Instance: /tb/MyRiscv/u_regfile/MUXB
# ** Warning: NUMERIC_STD.TO_INTEGER: metavalue detected, returning 0
#    Time: 9373180 ns  Iteration: 2  Instance: /tb/MyRiscv/u_regfile/MUXB
# ** Warning: NUMERIC_STD.TO_INTEGER: metavalue detected, returning 0
#    Time: 9373180 ns  Iteration: 2  Instance: /tb/MyRiscv/u_regfile/MUXA
# ** Warning: NUMERIC_STD.TO_INTEGER: metavalue detected, returning 0
#    Time: 9373200 ns  Iteration: 5  Instance: /tb/MyRiscv/u_regfile/MUXA
# ** Warning: NUMERIC_STD.TO_INTEGER: metavalue detected, returning 0
#    Time: 9373200 ns  Iteration: 5  Instance: /tb/MyRiscv/u_regfile/MUXB
# ** Warning: NUMERIC_STD.TO_INTEGER: metavalue detected, returning 0
#    Time: 9393380 ns  Iteration: 2  Instance: /tb/MyRiscv/u_regfile/MUXB
# ** Warning: NUMERIC_STD.TO_INTEGER: metavalue detected, returning 0
#    Time: 9393380 ns  Iteration: 2  Instance: /tb/MyRiscv/u_regfile/MUXA
# ** Warning: NUMERIC_STD.TO_INTEGER: metavalue detected, returning 0
#    Time: 9393400 ns  Iteration: 5  Instance: /tb/MyRiscv/u_regfile/MUXA
# ** Warning: NUMERIC_STD.TO_INTEGER: metavalue detected, returning 0
#    Time: 9393400 ns  Iteration: 5  Instance: /tb/MyRiscv/u_regfile/MUXB
# ** Warning: NUMERIC_STD.TO_INTEGER: metavalue detected, returning 0
#    Time: 9413580 ns  Iteration: 2  Instance: /tb/MyRiscv/u_regfile/MUXB
# ** Warning: NUMERIC_STD.TO_INTEGER: metavalue detected, returning 0
#    Time: 9413580 ns  Iteration: 2  Instance: /tb/MyRiscv/u_regfile/MUXA
# ** Warning: NUMERIC_STD.TO_INTEGER: metavalue detected, returning 0
#    Time: 9413600 ns  Iteration: 5  Instance: /tb/MyRiscv/u_regfile/MUXA
# ** Warning: NUMERIC_STD.TO_INTEGER: metavalue detected, returning 0
#    Time: 9413600 ns  Iteration: 5  Instance: /tb/MyRiscv/u_regfile/MUXB
# ** Warning: NUMERIC_STD.TO_INTEGER: metavalue detected, returning 0
#    Time: 9433780 ns  Iteration: 2  Instance: /tb/MyRiscv/u_regfile/MUXB
# ** Warning: NUMERIC_STD.TO_INTEGER: metavalue detected, returning 0
#    Time: 9433780 ns  Iteration: 2  Instance: /tb/MyRiscv/u_regfile/MUXA
# ** Warning: NUMERIC_STD.TO_INTEGER: metavalue detected, returning 0
#    Time: 9433800 ns  Iteration: 5  Instance: /tb/MyRiscv/u_regfile/MUXA
# ** Warning: NUMERIC_STD.TO_INTEGER: metavalue detected, returning 0
#    Time: 9433800 ns  Iteration: 5  Instance: /tb/MyRiscv/u_regfile/MUXB
# ** Warning: NUMERIC_STD.TO_INTEGER: metavalue detected, returning 0
#    Time: 9453980 ns  Iteration: 2  Instance: /tb/MyRiscv/u_regfile/MUXB
# ** Warning: NUMERIC_STD.TO_INTEGER: metavalue detected, returning 0
#    Time: 9453980 ns  Iteration: 2  Instance: /tb/MyRiscv/u_regfile/MUXA
# ** Warning: NUMERIC_STD.TO_INTEGER: metavalue detected, returning 0
#    Time: 9454 us  Iteration: 5  Instance: /tb/MyRiscv/u_regfile/MUXA
# ** Warning: NUMERIC_STD.TO_INTEGER: metavalue detected, returning 0
#    Time: 9454 us  Iteration: 5  Instance: /tb/MyRiscv/u_regfile/MUXB
# ** Warning: NUMERIC_STD.TO_INTEGER: metavalue detected, returning 0
#    Time: 9474180 ns  Iteration: 2  Instance: /tb/MyRiscv/u_regfile/MUXB
# ** Warning: NUMERIC_STD.TO_INTEGER: metavalue detected, returning 0
#    Time: 9474180 ns  Iteration: 2  Instance: /tb/MyRiscv/u_regfile/MUXA
# ** Warning: NUMERIC_STD.TO_INTEGER: metavalue detected, returning 0
#    Time: 9474200 ns  Iteration: 5  Instance: /tb/MyRiscv/u_regfile/MUXA
# ** Warning: NUMERIC_STD.TO_INTEGER: metavalue detected, returning 0
#    Time: 9474200 ns  Iteration: 5  Instance: /tb/MyRiscv/u_regfile/MUXB
# ** Warning: NUMERIC_STD.TO_INTEGER: metavalue detected, returning 0
#    Time: 9494380 ns  Iteration: 2  Instance: /tb/MyRiscv/u_regfile/MUXB
# ** Warning: NUMERIC_STD.TO_INTEGER: metavalue detected, returning 0
#    Time: 9494380 ns  Iteration: 2  Instance: /tb/MyRiscv/u_regfile/MUXA
# ** Warning: NUMERIC_STD.TO_INTEGER: metavalue detected, returning 0
#    Time: 9494400 ns  Iteration: 5  Instance: /tb/MyRiscv/u_regfile/MUXA
# ** Warning: NUMERIC_STD.TO_INTEGER: metavalue detected, returning 0
#    Time: 9494400 ns  Iteration: 5  Instance: /tb/MyRiscv/u_regfile/MUXB
# ** Warning: NUMERIC_STD.TO_INTEGER: metavalue detected, returning 0
#    Time: 9514580 ns  Iteration: 2  Instance: /tb/MyRiscv/u_regfile/MUXB
# ** Warning: NUMERIC_STD.TO_INTEGER: metavalue detected, returning 0
#    Time: 9514580 ns  Iteration: 2  Instance: /tb/MyRiscv/u_regfile/MUXA
# ** Warning: NUMERIC_STD.TO_INTEGER: metavalue detected, returning 0
#    Time: 9514600 ns  Iteration: 5  Instance: /tb/MyRiscv/u_regfile/MUXA
# ** Warning: NUMERIC_STD.TO_INTEGER: metavalue detected, returning 0
#    Time: 9514600 ns  Iteration: 5  Instance: /tb/MyRiscv/u_regfile/MUXB
# ** Warning: NUMERIC_STD.TO_INTEGER: metavalue detected, returning 0
#    Time: 9534780 ns  Iteration: 2  Instance: /tb/MyRiscv/u_regfile/MUXB
# ** Warning: NUMERIC_STD.TO_INTEGER: metavalue detected, returning 0
#    Time: 9534780 ns  Iteration: 2  Instance: /tb/MyRiscv/u_regfile/MUXA
# ** Warning: NUMERIC_STD.TO_INTEGER: metavalue detected, returning 0
#    Time: 9534800 ns  Iteration: 5  Instance: /tb/MyRiscv/u_regfile/MUXA
# ** Warning: NUMERIC_STD.TO_INTEGER: metavalue detected, returning 0
#    Time: 9534800 ns  Iteration: 5  Instance: /tb/MyRiscv/u_regfile/MUXB
# ** Warning: NUMERIC_STD.TO_INTEGER: metavalue detected, returning 0
#    Time: 9554980 ns  Iteration: 2  Instance: /tb/MyRiscv/u_regfile/MUXB
# ** Warning: NUMERIC_STD.TO_INTEGER: metavalue detected, returning 0
#    Time: 9554980 ns  Iteration: 2  Instance: /tb/MyRiscv/u_regfile/MUXA
# ** Warning: NUMERIC_STD.TO_INTEGER: metavalue detected, returning 0
#    Time: 9555 us  Iteration: 5  Instance: /tb/MyRiscv/u_regfile/MUXA
# ** Warning: NUMERIC_STD.TO_INTEGER: metavalue detected, returning 0
#    Time: 9555 us  Iteration: 5  Instance: /tb/MyRiscv/u_regfile/MUXB
# ** Warning: NUMERIC_STD.TO_INTEGER: metavalue detected, returning 0
#    Time: 9575180 ns  Iteration: 2  Instance: /tb/MyRiscv/u_regfile/MUXB
# ** Warning: NUMERIC_STD.TO_INTEGER: metavalue detected, returning 0
#    Time: 9575180 ns  Iteration: 2  Instance: /tb/MyRiscv/u_regfile/MUXA
# ** Warning: NUMERIC_STD.TO_INTEGER: metavalue detected, returning 0
#    Time: 9575200 ns  Iteration: 5  Instance: /tb/MyRiscv/u_regfile/MUXA
# ** Warning: NUMERIC_STD.TO_INTEGER: metavalue detected, returning 0
#    Time: 9575200 ns  Iteration: 5  Instance: /tb/MyRiscv/u_regfile/MUXB
# ** Warning: NUMERIC_STD.TO_INTEGER: metavalue detected, returning 0
#    Time: 9595380 ns  Iteration: 2  Instance: /tb/MyRiscv/u_regfile/MUXB
# ** Warning: NUMERIC_STD.TO_INTEGER: metavalue detected, returning 0
#    Time: 9595380 ns  Iteration: 2  Instance: /tb/MyRiscv/u_regfile/MUXA
# ** Warning: NUMERIC_STD.TO_INTEGER: metavalue detected, returning 0
#    Time: 9595400 ns  Iteration: 5  Instance: /tb/MyRiscv/u_regfile/MUXA
# ** Warning: NUMERIC_STD.TO_INTEGER: metavalue detected, returning 0
#    Time: 9595400 ns  Iteration: 5  Instance: /tb/MyRiscv/u_regfile/MUXB
# ** Warning: NUMERIC_STD.TO_INTEGER: metavalue detected, returning 0
#    Time: 9615580 ns  Iteration: 2  Instance: /tb/MyRiscv/u_regfile/MUXB
# ** Warning: NUMERIC_STD.TO_INTEGER: metavalue detected, returning 0
#    Time: 9615580 ns  Iteration: 2  Instance: /tb/MyRiscv/u_regfile/MUXA
# ** Warning: NUMERIC_STD.TO_INTEGER: metavalue detected, returning 0
#    Time: 9615600 ns  Iteration: 5  Instance: /tb/MyRiscv/u_regfile/MUXA
# ** Warning: NUMERIC_STD.TO_INTEGER: metavalue detected, returning 0
#    Time: 9615600 ns  Iteration: 5  Instance: /tb/MyRiscv/u_regfile/MUXB
# ** Warning: NUMERIC_STD.TO_INTEGER: metavalue detected, returning 0
#    Time: 9635780 ns  Iteration: 2  Instance: /tb/MyRiscv/u_regfile/MUXB
# ** Warning: NUMERIC_STD.TO_INTEGER: metavalue detected, returning 0
#    Time: 9635780 ns  Iteration: 2  Instance: /tb/MyRiscv/u_regfile/MUXA
# ** Warning: NUMERIC_STD.TO_INTEGER: metavalue detected, returning 0
#    Time: 9635800 ns  Iteration: 5  Instance: /tb/MyRiscv/u_regfile/MUXA
# ** Warning: NUMERIC_STD.TO_INTEGER: metavalue detected, returning 0
#    Time: 9635800 ns  Iteration: 5  Instance: /tb/MyRiscv/u_regfile/MUXB
# ** Warning: NUMERIC_STD.TO_INTEGER: metavalue detected, returning 0
#    Time: 9655980 ns  Iteration: 2  Instance: /tb/MyRiscv/u_regfile/MUXB
# ** Warning: NUMERIC_STD.TO_INTEGER: metavalue detected, returning 0
#    Time: 9655980 ns  Iteration: 2  Instance: /tb/MyRiscv/u_regfile/MUXA
# ** Warning: NUMERIC_STD.TO_INTEGER: metavalue detected, returning 0
#    Time: 9656 us  Iteration: 5  Instance: /tb/MyRiscv/u_regfile/MUXA
# ** Warning: NUMERIC_STD.TO_INTEGER: metavalue detected, returning 0
#    Time: 9656 us  Iteration: 5  Instance: /tb/MyRiscv/u_regfile/MUXB
# ** Warning: NUMERIC_STD.TO_INTEGER: metavalue detected, returning 0
#    Time: 9676180 ns  Iteration: 2  Instance: /tb/MyRiscv/u_regfile/MUXB
# ** Warning: NUMERIC_STD.TO_INTEGER: metavalue detected, returning 0
#    Time: 9676180 ns  Iteration: 2  Instance: /tb/MyRiscv/u_regfile/MUXA
# ** Warning: NUMERIC_STD.TO_INTEGER: metavalue detected, returning 0
#    Time: 9676200 ns  Iteration: 5  Instance: /tb/MyRiscv/u_regfile/MUXA
# ** Warning: NUMERIC_STD.TO_INTEGER: metavalue detected, returning 0
#    Time: 9676200 ns  Iteration: 5  Instance: /tb/MyRiscv/u_regfile/MUXB
# ** Warning: NUMERIC_STD.TO_INTEGER: metavalue detected, returning 0
#    Time: 9696380 ns  Iteration: 2  Instance: /tb/MyRiscv/u_regfile/MUXB
# ** Warning: NUMERIC_STD.TO_INTEGER: metavalue detected, returning 0
#    Time: 9696380 ns  Iteration: 2  Instance: /tb/MyRiscv/u_regfile/MUXA
# ** Warning: NUMERIC_STD.TO_INTEGER: metavalue detected, returning 0
#    Time: 9696400 ns  Iteration: 5  Instance: /tb/MyRiscv/u_regfile/MUXA
# ** Warning: NUMERIC_STD.TO_INTEGER: metavalue detected, returning 0
#    Time: 9696400 ns  Iteration: 5  Instance: /tb/MyRiscv/u_regfile/MUXB
# ** Warning: NUMERIC_STD.TO_INTEGER: metavalue detected, returning 0
#    Time: 9716580 ns  Iteration: 2  Instance: /tb/MyRiscv/u_regfile/MUXB
# ** Warning: NUMERIC_STD.TO_INTEGER: metavalue detected, returning 0
#    Time: 9716580 ns  Iteration: 2  Instance: /tb/MyRiscv/u_regfile/MUXA
# ** Warning: NUMERIC_STD.TO_INTEGER: metavalue detected, returning 0
#    Time: 9716600 ns  Iteration: 5  Instance: /tb/MyRiscv/u_regfile/MUXA
# ** Warning: NUMERIC_STD.TO_INTEGER: metavalue detected, returning 0
#    Time: 9716600 ns  Iteration: 5  Instance: /tb/MyRiscv/u_regfile/MUXB
# ** Warning: NUMERIC_STD.TO_INTEGER: metavalue detected, returning 0
#    Time: 9736780 ns  Iteration: 2  Instance: /tb/MyRiscv/u_regfile/MUXB
# ** Warning: NUMERIC_STD.TO_INTEGER: metavalue detected, returning 0
#    Time: 9736780 ns  Iteration: 2  Instance: /tb/MyRiscv/u_regfile/MUXA
# ** Warning: NUMERIC_STD.TO_INTEGER: metavalue detected, returning 0
#    Time: 9736800 ns  Iteration: 5  Instance: /tb/MyRiscv/u_regfile/MUXA
# ** Warning: NUMERIC_STD.TO_INTEGER: metavalue detected, returning 0
#    Time: 9736800 ns  Iteration: 5  Instance: /tb/MyRiscv/u_regfile/MUXB
# ** Warning: NUMERIC_STD.TO_INTEGER: metavalue detected, returning 0
#    Time: 9756980 ns  Iteration: 2  Instance: /tb/MyRiscv/u_regfile/MUXB
# ** Warning: NUMERIC_STD.TO_INTEGER: metavalue detected, returning 0
#    Time: 9756980 ns  Iteration: 2  Instance: /tb/MyRiscv/u_regfile/MUXA
# ** Warning: NUMERIC_STD.TO_INTEGER: metavalue detected, returning 0
#    Time: 9757 us  Iteration: 5  Instance: /tb/MyRiscv/u_regfile/MUXA
# ** Warning: NUMERIC_STD.TO_INTEGER: metavalue detected, returning 0
#    Time: 9757 us  Iteration: 5  Instance: /tb/MyRiscv/u_regfile/MUXB
# ** Warning: NUMERIC_STD.TO_INTEGER: metavalue detected, returning 0
#    Time: 9777180 ns  Iteration: 2  Instance: /tb/MyRiscv/u_regfile/MUXB
# ** Warning: NUMERIC_STD.TO_INTEGER: metavalue detected, returning 0
#    Time: 9777180 ns  Iteration: 2  Instance: /tb/MyRiscv/u_regfile/MUXA
# ** Warning: NUMERIC_STD.TO_INTEGER: metavalue detected, returning 0
#    Time: 9777200 ns  Iteration: 5  Instance: /tb/MyRiscv/u_regfile/MUXA
# ** Warning: NUMERIC_STD.TO_INTEGER: metavalue detected, returning 0
#    Time: 9777200 ns  Iteration: 5  Instance: /tb/MyRiscv/u_regfile/MUXB
# ** Warning: NUMERIC_STD.TO_INTEGER: metavalue detected, returning 0
#    Time: 9797380 ns  Iteration: 2  Instance: /tb/MyRiscv/u_regfile/MUXB
# ** Warning: NUMERIC_STD.TO_INTEGER: metavalue detected, returning 0
#    Time: 9797380 ns  Iteration: 2  Instance: /tb/MyRiscv/u_regfile/MUXA
# ** Warning: NUMERIC_STD.TO_INTEGER: metavalue detected, returning 0
#    Time: 9797400 ns  Iteration: 5  Instance: /tb/MyRiscv/u_regfile/MUXA
# ** Warning: NUMERIC_STD.TO_INTEGER: metavalue detected, returning 0
#    Time: 9797400 ns  Iteration: 5  Instance: /tb/MyRiscv/u_regfile/MUXB
# ** Warning: NUMERIC_STD.TO_INTEGER: metavalue detected, returning 0
#    Time: 9817580 ns  Iteration: 2  Instance: /tb/MyRiscv/u_regfile/MUXB
# ** Warning: NUMERIC_STD.TO_INTEGER: metavalue detected, returning 0
#    Time: 9817580 ns  Iteration: 2  Instance: /tb/MyRiscv/u_regfile/MUXA
# ** Warning: NUMERIC_STD.TO_INTEGER: metavalue detected, returning 0
#    Time: 9817600 ns  Iteration: 5  Instance: /tb/MyRiscv/u_regfile/MUXA
# ** Warning: NUMERIC_STD.TO_INTEGER: metavalue detected, returning 0
#    Time: 9817600 ns  Iteration: 5  Instance: /tb/MyRiscv/u_regfile/MUXB
# ** Warning: NUMERIC_STD.TO_INTEGER: metavalue detected, returning 0
#    Time: 9837780 ns  Iteration: 2  Instance: /tb/MyRiscv/u_regfile/MUXB
# ** Warning: NUMERIC_STD.TO_INTEGER: metavalue detected, returning 0
#    Time: 9837780 ns  Iteration: 2  Instance: /tb/MyRiscv/u_regfile/MUXA
# ** Warning: NUMERIC_STD.TO_INTEGER: metavalue detected, returning 0
#    Time: 9837800 ns  Iteration: 5  Instance: /tb/MyRiscv/u_regfile/MUXA
# ** Warning: NUMERIC_STD.TO_INTEGER: metavalue detected, returning 0
#    Time: 9837800 ns  Iteration: 5  Instance: /tb/MyRiscv/u_regfile/MUXB
# ** Warning: NUMERIC_STD.TO_INTEGER: metavalue detected, returning 0
#    Time: 9857980 ns  Iteration: 2  Instance: /tb/MyRiscv/u_regfile/MUXB
# ** Warning: NUMERIC_STD.TO_INTEGER: metavalue detected, returning 0
#    Time: 9857980 ns  Iteration: 2  Instance: /tb/MyRiscv/u_regfile/MUXA
# ** Warning: NUMERIC_STD.TO_INTEGER: metavalue detected, returning 0
#    Time: 9858 us  Iteration: 5  Instance: /tb/MyRiscv/u_regfile/MUXA
# ** Warning: NUMERIC_STD.TO_INTEGER: metavalue detected, returning 0
#    Time: 9858 us  Iteration: 5  Instance: /tb/MyRiscv/u_regfile/MUXB
# ** Warning: NUMERIC_STD.TO_INTEGER: metavalue detected, returning 0
#    Time: 9878180 ns  Iteration: 2  Instance: /tb/MyRiscv/u_regfile/MUXB
# ** Warning: NUMERIC_STD.TO_INTEGER: metavalue detected, returning 0
#    Time: 9878180 ns  Iteration: 2  Instance: /tb/MyRiscv/u_regfile/MUXA
# ** Warning: NUMERIC_STD.TO_INTEGER: metavalue detected, returning 0
#    Time: 9878200 ns  Iteration: 5  Instance: /tb/MyRiscv/u_regfile/MUXA
# ** Warning: NUMERIC_STD.TO_INTEGER: metavalue detected, returning 0
#    Time: 9878200 ns  Iteration: 5  Instance: /tb/MyRiscv/u_regfile/MUXB
# ** Warning: NUMERIC_STD.TO_INTEGER: metavalue detected, returning 0
#    Time: 9898380 ns  Iteration: 2  Instance: /tb/MyRiscv/u_regfile/MUXB
# ** Warning: NUMERIC_STD.TO_INTEGER: metavalue detected, returning 0
#    Time: 9898380 ns  Iteration: 2  Instance: /tb/MyRiscv/u_regfile/MUXA
# ** Warning: NUMERIC_STD.TO_INTEGER: metavalue detected, returning 0
#    Time: 9898400 ns  Iteration: 5  Instance: /tb/MyRiscv/u_regfile/MUXA
# ** Warning: NUMERIC_STD.TO_INTEGER: metavalue detected, returning 0
#    Time: 9898400 ns  Iteration: 5  Instance: /tb/MyRiscv/u_regfile/MUXB
# ** Warning: NUMERIC_STD.TO_INTEGER: metavalue detected, returning 0
#    Time: 9918580 ns  Iteration: 2  Instance: /tb/MyRiscv/u_regfile/MUXB
# ** Warning: NUMERIC_STD.TO_INTEGER: metavalue detected, returning 0
#    Time: 9918580 ns  Iteration: 2  Instance: /tb/MyRiscv/u_regfile/MUXA
# ** Warning: NUMERIC_STD.TO_INTEGER: metavalue detected, returning 0
#    Time: 9918600 ns  Iteration: 5  Instance: /tb/MyRiscv/u_regfile/MUXA
# ** Warning: NUMERIC_STD.TO_INTEGER: metavalue detected, returning 0
#    Time: 9918600 ns  Iteration: 5  Instance: /tb/MyRiscv/u_regfile/MUXB
# ** Warning: NUMERIC_STD.TO_INTEGER: metavalue detected, returning 0
#    Time: 9938780 ns  Iteration: 2  Instance: /tb/MyRiscv/u_regfile/MUXB
# ** Warning: NUMERIC_STD.TO_INTEGER: metavalue detected, returning 0
#    Time: 9938780 ns  Iteration: 2  Instance: /tb/MyRiscv/u_regfile/MUXA
# ** Warning: NUMERIC_STD.TO_INTEGER: metavalue detected, returning 0
#    Time: 9938800 ns  Iteration: 5  Instance: /tb/MyRiscv/u_regfile/MUXA
# ** Warning: NUMERIC_STD.TO_INTEGER: metavalue detected, returning 0
#    Time: 9938800 ns  Iteration: 5  Instance: /tb/MyRiscv/u_regfile/MUXB
# ** Warning: NUMERIC_STD.TO_INTEGER: metavalue detected, returning 0
#    Time: 9958980 ns  Iteration: 2  Instance: /tb/MyRiscv/u_regfile/MUXB
# ** Warning: NUMERIC_STD.TO_INTEGER: metavalue detected, returning 0
#    Time: 9958980 ns  Iteration: 2  Instance: /tb/MyRiscv/u_regfile/MUXA
# ** Warning: NUMERIC_STD.TO_INTEGER: metavalue detected, returning 0
#    Time: 9959 us  Iteration: 5  Instance: /tb/MyRiscv/u_regfile/MUXA
# ** Warning: NUMERIC_STD.TO_INTEGER: metavalue detected, returning 0
#    Time: 9959 us  Iteration: 5  Instance: /tb/MyRiscv/u_regfile/MUXB
# ** Warning: NUMERIC_STD.TO_INTEGER: metavalue detected, returning 0
#    Time: 9979180 ns  Iteration: 2  Instance: /tb/MyRiscv/u_regfile/MUXB
# ** Warning: NUMERIC_STD.TO_INTEGER: metavalue detected, returning 0
#    Time: 9979180 ns  Iteration: 2  Instance: /tb/MyRiscv/u_regfile/MUXA
# ** Warning: NUMERIC_STD.TO_INTEGER: metavalue detected, returning 0
#    Time: 9979200 ns  Iteration: 5  Instance: /tb/MyRiscv/u_regfile/MUXA
# ** Warning: NUMERIC_STD.TO_INTEGER: metavalue detected, returning 0
#    Time: 9979200 ns  Iteration: 5  Instance: /tb/MyRiscv/u_regfile/MUXB
# ** Warning: NUMERIC_STD.TO_INTEGER: metavalue detected, returning 0
#    Time: 9999380 ns  Iteration: 2  Instance: /tb/MyRiscv/u_regfile/MUXB
# ** Warning: NUMERIC_STD.TO_INTEGER: metavalue detected, returning 0
#    Time: 9999380 ns  Iteration: 2  Instance: /tb/MyRiscv/u_regfile/MUXA
# ** Warning: NUMERIC_STD.TO_INTEGER: metavalue detected, returning 0
#    Time: 9999400 ns  Iteration: 5  Instance: /tb/MyRiscv/u_regfile/MUXA
# ** Warning: NUMERIC_STD.TO_INTEGER: metavalue detected, returning 0
#    Time: 9999400 ns  Iteration: 5  Instance: /tb/MyRiscv/u_regfile/MUXB
# End time: 15:23:48 on Nov 25,2025, Elapsed time: 0:00:02
# Errors: 0, Warnings: 1999
